ID_ESTADO,NOMBRE_ESTADO,ID_DISTRITO_LOCAL,CABECERA_DISTRITAL_LOCAL,ID_MUNICIPIO,MUNICIPIO,SECCION,TIPO_DE_CASILLA,PAN,PRI,PRD,PVEM,PT,MC,MORENA,NUM_VOTOS_VALIDOS,NUM_VOTOS_CAN_NREG,NUM_VOTOS_NULOS,TOTAL_VOTOS,LISTA_NOMINAL
11,GUANAJUATO,19,VALLE DE SANTIAGO,1,ABASOLO,1,B,124,121,7,11,4,2,90,359,0,10,369,524
11,GUANAJUATO,19,VALLE DE SANTIAGO,1,ABASOLO,1,C01,122,116,6,10,1,1,78,334,0,9,343,523
11,GUANAJUATO,19,VALLE DE SANTIAGO,1,ABASOLO,1,C02,105,119,1,7,1,1,83,317,1,7,325,523
11,GUANAJUATO,19,VALLE DE SANTIAGO,1,ABASOLO,2,B,161,144,10,9,0,3,134,461,0,6,467,698
11,GUANAJUATO,19,VALLE DE SANTIAGO,1,ABASOLO,2,C01,137,131,5,7,1,4,151,436,1,9,446,698
11,GUANAJUATO,19,VALLE DE SANTIAGO,1,ABASOLO,2,C02,155,124,6,6,2,0,166,459,0,10,469,697
11,GUANAJUATO,19,VALLE DE SANTIAGO,1,ABASOLO,3,B,95,95,3,7,1,3,131,335,0,5,340,542
11,GUANAJUATO,19,VALLE DE SANTIAGO,1,ABASOLO,3,C01,113,93,7,3,2,4,98,320,0,6,326,541
11,GUANAJUATO,19,VALLE DE SANTIAGO,1,ABASOLO,3,C02,83,107,4,6,1,6,118,325,0,8,333,541
11,GUANAJUATO,19,VALLE DE SANTIAGO,1,ABASOLO,4,B,112,137,1,2,0,2,90,344,0,3,347,468
11,GUANAJUATO,19,VALLE DE SANTIAGO,1,ABASOLO,4,C01,108,129,3,4,0,1,73,318,0,6,324,468
11,GUANAJUATO,19,VALLE DE SANTIAGO,1,ABASOLO,5,B,82,132,1,8,0,4,78,305,0,8,313,524
11,GUANAJUATO,19,VALLE DE SANTIAGO,1,ABASOLO,5,C01,84,127,1,15,0,3,93,323,0,5,328,523
11,GUANAJUATO,19,VALLE DE SANTIAGO,1,ABASOLO,6,B,128,89,2,6,2,7,116,350,0,10,360,630
11,GUANAJUATO,19,VALLE DE SANTIAGO,1,ABASOLO,6,C01,124,111,4,9,1,2,101,352,0,7,359,630
11,GUANAJUATO,19,VALLE DE SANTIAGO,1,ABASOLO,6,C02,110,104,3,7,1,2,109,336,0,14,350,630
11,GUANAJUATO,19,VALLE DE SANTIAGO,1,ABASOLO,6,C03,124,113,2,7,4,2,116,368,0,15,383,630
11,GUANAJUATO,19,VALLE DE SANTIAGO,1,ABASOLO,6,C04,124,99,2,6,2,1,106,340,0,11,351,630
11,GUANAJUATO,19,VALLE DE SANTIAGO,1,ABASOLO,7,B,113,123,2,10,0,3,141,392,0,11,403,654
11,GUANAJUATO,19,VALLE DE SANTIAGO,1,ABASOLO,7,C01,124,129,2,10,1,5,130,401,0,13,414,654
11,GUANAJUATO,19,VALLE DE SANTIAGO,1,ABASOLO,8,B,124,190,6,11,2,2,114,449,0,14,463,697
11,GUANAJUATO,19,VALLE DE SANTIAGO,1,ABASOLO,8,C01,135,186,4,8,1,5,101,440,0,12,452,697
11,GUANAJUATO,19,VALLE DE SANTIAGO,1,ABASOLO,9,B,159,118,7,0,0,0,127,411,0,5,416,606
11,GUANAJUATO,19,VALLE DE SANTIAGO,1,ABASOLO,9,C01,139,119,9,1,1,2,113,384,0,7,391,606
11,GUANAJUATO,19,VALLE DE SANTIAGO,1,ABASOLO,9,C02,147,117,7,4,2,3,132,412,0,2,414,606
11,GUANAJUATO,19,VALLE DE SANTIAGO,1,ABASOLO,9,C03,111,112,4,2,1,2,111,343,0,8,351,606
11,GUANAJUATO,19,VALLE DE SANTIAGO,1,ABASOLO,10,B,131,117,2,12,2,3,105,372,0,14,386,618
11,GUANAJUATO,19,VALLE DE SANTIAGO,1,ABASOLO,10,C01,150,112,2,13,1,3,100,381,0,13,394,618
11,GUANAJUATO,19,VALLE DE SANTIAGO,1,ABASOLO,10,C02,112,125,3,10,2,5,125,382,0,11,393,617
11,GUANAJUATO,19,VALLE DE SANTIAGO,1,ABASOLO,11,B,130,151,4,5,2,3,121,416,0,10,426,653
11,GUANAJUATO,19,VALLE DE SANTIAGO,1,ABASOLO,11,C01,136,152,1,9,0,2,121,421,0,7,428,653
11,GUANAJUATO,19,VALLE DE SANTIAGO,1,ABASOLO,11,C02,124,142,4,7,3,1,126,407,0,7,414,653
11,GUANAJUATO,19,VALLE DE SANTIAGO,1,ABASOLO,11,C03,120,141,1,3,2,5,125,397,0,14,411,653
11,GUANAJUATO,19,VALLE DE SANTIAGO,1,ABASOLO,11,C04,113,137,6,5,5,4,133,403,0,4,407,652
11,GUANAJUATO,19,VALLE DE SANTIAGO,1,ABASOLO,11,C05,113,129,2,9,2,1,142,398,0,8,406,652
11,GUANAJUATO,19,VALLE DE SANTIAGO,1,ABASOLO,12,B,68,104,1,9,3,8,86,279,0,22,301,680
11,GUANAJUATO,19,VALLE DE SANTIAGO,1,ABASOLO,12,C01,86,114,0,4,3,2,91,300,0,16,316,680
11,GUANAJUATO,19,VALLE DE SANTIAGO,1,ABASOLO,13,B,59,66,1,2,3,3,81,215,0,11,226,401
11,GUANAJUATO,19,VALLE DE SANTIAGO,1,ABASOLO,13,C01,51,55,2,5,2,2,103,220,0,13,233,401
11,GUANAJUATO,19,VALLE DE SANTIAGO,1,ABASOLO,14,B,29,68,1,2,6,5,60,171,0,13,184,329
11,GUANAJUATO,19,VALLE DE SANTIAGO,1,ABASOLO,15,B,97,44,0,19,8,3,104,275,0,12,287,677
11,GUANAJUATO,19,VALLE DE SANTIAGO,1,ABASOLO,16,B,135,119,1,5,8,5,88,361,0,23,384,665
11,GUANAJUATO,19,VALLE DE SANTIAGO,1,ABASOLO,16,C01,135,106,0,3,2,0,84,330,0,15,345,664
11,GUANAJUATO,19,VALLE DE SANTIAGO,1,ABASOLO,16,C02,115,107,0,8,5,3,97,335,0,21,356,664
11,GUANAJUATO,19,VALLE DE SANTIAGO,1,ABASOLO,17,B,99,83,2,7,10,8,179,388,0,17,405,718
11,GUANAJUATO,19,VALLE DE SANTIAGO,1,ABASOLO,17,C01,81,100,2,12,8,14,197,414,0,17,431,717
11,GUANAJUATO,19,VALLE DE SANTIAGO,1,ABASOLO,18,B,47,86,3,1,4,2,94,237,0,13,250,439
11,GUANAJUATO,19,VALLE DE SANTIAGO,1,ABASOLO,18,C01,54,73,3,4,2,3,95,234,0,4,238,438
11,GUANAJUATO,19,VALLE DE SANTIAGO,1,ABASOLO,19,B,60,52,1,7,1,4,137,262,0,11,273,567
11,GUANAJUATO,19,VALLE DE SANTIAGO,1,ABASOLO,19,C01,83,61,1,6,6,1,115,273,0,10,283,566
11,GUANAJUATO,19,VALLE DE SANTIAGO,1,ABASOLO,20,B,59,192,0,0,5,1,77,334,0,16,350,666
11,GUANAJUATO,19,VALLE DE SANTIAGO,1,ABASOLO,20,C01,51,201,1,4,1,2,89,349,0,18,367,666
11,GUANAJUATO,19,VALLE DE SANTIAGO,1,ABASOLO,20,C02,47,225,0,2,3,7,98,382,0,16,398,666
11,GUANAJUATO,19,VALLE DE SANTIAGO,1,ABASOLO,21,B,77,114,4,6,6,5,96,308,0,14,322,644
11,GUANAJUATO,19,VALLE DE SANTIAGO,1,ABASOLO,21,C01,103,88,1,5,1,3,103,304,0,12,316,644
11,GUANAJUATO,19,VALLE DE SANTIAGO,1,ABASOLO,21,C02,52,164,0,1,1,6,90,314,0,10,324,644
11,GUANAJUATO,19,VALLE DE SANTIAGO,1,ABASOLO,22,B,59,152,2,5,2,4,108,332,0,10,342,655
11,GUANAJUATO,19,VALLE DE SANTIAGO,1,ABASOLO,22,C01,74,140,0,6,1,0,92,313,0,14,327,655
11,GUANAJUATO,19,VALLE DE SANTIAGO,1,ABASOLO,22,E01,71,165,1,10,1,3,83,334,0,13,347,555
11,GUANAJUATO,19,VALLE DE SANTIAGO,1,ABASOLO,22,E01C01,71,154,0,5,0,0,71,301,0,13,314,554
11,GUANAJUATO,19,VALLE DE SANTIAGO,1,ABASOLO,23,B,138,134,1,6,2,1,65,347,0,8,355,555
11,GUANAJUATO,19,VALLE DE SANTIAGO,1,ABASOLO,24,B,119,151,4,7,2,7,103,393,0,14,407,630
11,GUANAJUATO,19,VALLE DE SANTIAGO,1,ABASOLO,24,C01,101,159,1,5,1,5,94,366,0,19,385,630
11,GUANAJUATO,19,VALLE DE SANTIAGO,1,ABASOLO,24,C02,96,128,2,3,3,5,123,360,0,30,390,629
11,GUANAJUATO,19,VALLE DE SANTIAGO,1,ABASOLO,25,B,139,113,0,5,3,4,60,324,0,15,339,521
11,GUANAJUATO,19,VALLE DE SANTIAGO,1,ABASOLO,25,C01,121,125,1,7,3,3,75,335,0,7,342,520
11,GUANAJUATO,19,VALLE DE SANTIAGO,1,ABASOLO,26,B,86,98,1,17,5,4,106,317,0,12,329,587
11,GUANAJUATO,19,VALLE DE SANTIAGO,1,ABASOLO,26,C01,84,89,1,15,5,5,114,313,0,14,327,586
11,GUANAJUATO,19,VALLE DE SANTIAGO,1,ABASOLO,26,C02,92,118,2,15,5,3,123,358,0,9,367,586
11,GUANAJUATO,19,VALLE DE SANTIAGO,1,ABASOLO,27,B,161,90,6,1,2,4,108,372,0,4,376,570
11,GUANAJUATO,19,VALLE DE SANTIAGO,1,ABASOLO,27,C01,148,95,6,4,2,4,79,338,0,6,344,570
11,GUANAJUATO,19,VALLE DE SANTIAGO,1,ABASOLO,27,C02,153,95,3,7,1,7,96,362,0,9,371,570
11,GUANAJUATO,19,VALLE DE SANTIAGO,1,ABASOLO,28,B,100,97,0,12,1,5,86,301,0,7,308,462
11,GUANAJUATO,19,VALLE DE SANTIAGO,1,ABASOLO,29,B,66,70,2,8,5,6,154,311,0,23,334,521
11,GUANAJUATO,19,VALLE DE SANTIAGO,1,ABASOLO,29,C01,62,66,3,11,3,3,133,281,0,16,297,521
11,GUANAJUATO,19,VALLE DE SANTIAGO,1,ABASOLO,30,B,85,26,2,8,0,1,98,220,0,12,232,390
11,GUANAJUATO,19,VALLE DE SANTIAGO,1,ABASOLO,30,C01,83,41,2,6,2,2,67,203,0,11,214,390
11,GUANAJUATO,19,VALLE DE SANTIAGO,1,ABASOLO,31,B,125,45,2,8,2,4,109,295,0,13,308,602
11,GUANAJUATO,19,VALLE DE SANTIAGO,1,ABASOLO,31,C01,131,51,5,11,4,6,109,317,0,3,320,602
11,GUANAJUATO,19,VALLE DE SANTIAGO,1,ABASOLO,31,C02,116,39,2,10,4,5,140,316,0,8,324,602
11,GUANAJUATO,19,VALLE DE SANTIAGO,1,ABASOLO,32,B,118,92,5,12,3,2,223,455,0,9,464,727
11,GUANAJUATO,19,VALLE DE SANTIAGO,1,ABASOLO,32,C01,83,75,3,18,3,5,233,420,0,14,434,727
11,GUANAJUATO,19,VALLE DE SANTIAGO,1,ABASOLO,33,B,125,79,1,2,1,4,89,301,0,7,308,457
11,GUANAJUATO,19,VALLE DE SANTIAGO,1,ABASOLO,33,C01,113,94,3,4,2,2,104,322,0,8,330,456
11,GUANAJUATO,19,VALLE DE SANTIAGO,1,ABASOLO,34,B,65,68,3,4,4,5,101,250,0,8,258,585
11,GUANAJUATO,19,VALLE DE SANTIAGO,1,ABASOLO,34,C01,84,95,0,4,5,4,103,295,0,11,306,584
11,GUANAJUATO,19,VALLE DE SANTIAGO,1,ABASOLO,34,C02,68,95,2,2,5,6,104,282,0,13,295,584
11,GUANAJUATO,19,VALLE DE SANTIAGO,1,ABASOLO,35,B,76,49,2,3,9,3,155,297,0,6,303,563
11,GUANAJUATO,19,VALLE DE SANTIAGO,1,ABASOLO,35,C01,78,64,5,8,3,3,116,277,0,5,282,562
11,GUANAJUATO,19,VALLE DE SANTIAGO,1,ABASOLO,36,B,55,79,4,14,6,5,136,299,0,17,316,486
11,GUANAJUATO,19,VALLE DE SANTIAGO,1,ABASOLO,36,C01,43,93,1,12,5,6,110,270,0,8,278,485
11,GUANAJUATO,19,VALLE DE SANTIAGO,1,ABASOLO,37,B,79,107,4,12,8,3,91,304,0,16,320,581
11,GUANAJUATO,19,VALLE DE SANTIAGO,1,ABASOLO,37,C01,107,91,2,7,1,1,114,323,0,17,340,580
11,GUANAJUATO,19,VALLE DE SANTIAGO,1,ABASOLO,38,B,155,98,2,5,0,6,147,413,0,10,423,668
11,GUANAJUATO,19,VALLE DE SANTIAGO,1,ABASOLO,38,C01,168,96,3,5,5,5,137,419,0,9,428,668
11,GUANAJUATO,19,VALLE DE SANTIAGO,1,ABASOLO,38,C02,145,115,4,5,4,0,109,382,0,11,393,668
11,GUANAJUATO,19,VALLE DE SANTIAGO,1,ABASOLO,38,C03,167,87,4,8,1,1,130,398,0,6,404,668
11,GUANAJUATO,19,VALLE DE SANTIAGO,1,ABASOLO,39,B,139,97,3,9,2,3,175,428,0,13,441,732
11,GUANAJUATO,19,VALLE DE SANTIAGO,1,ABASOLO,39,C01,154,84,1,7,3,3,183,435,0,9,444,732
11,GUANAJUATO,19,VALLE DE SANTIAGO,1,ABASOLO,39,C02,142,87,1,10,3,4,193,440,0,8,448,732
11,GUANAJUATO,19,VALLE DE SANTIAGO,1,ABASOLO,40,B,89,130,1,11,1,10,189,431,0,10,441,696
11,GUANAJUATO,19,VALLE DE SANTIAGO,1,ABASOLO,40,C01,65,150,1,7,10,6,182,421,0,15,436,695
11,GUANAJUATO,19,VALLE DE SANTIAGO,1,ABASOLO,41,B,125,79,0,7,2,4,139,356,0,25,381,667
11,GUANAJUATO,19,VALLE DE SANTIAGO,1,ABASOLO,41,C01,125,109,2,4,6,2,124,372,0,11,383,667
11,GUANAJUATO,19,VALLE DE SANTIAGO,1,ABASOLO,42,B,68,133,1,5,5,4,127,343,0,8,351,684
11,GUANAJUATO,19,VALLE DE SANTIAGO,1,ABASOLO,42,C01,70,107,2,5,3,6,138,331,0,11,342,684
11,GUANAJUATO,19,VALLE DE SANTIAGO,1,ABASOLO,43,B,108,72,4,5,2,12,123,326,0,11,337,504
11,GUANAJUATO,19,VALLE DE SANTIAGO,1,ABASOLO,44,B,79,53,0,5,3,2,108,250,0,10,260,467
11,GUANAJUATO,19,VALLE DE SANTIAGO,1,ABASOLO,44,C01,63,60,1,2,0,4,105,235,0,11,246,467
11,GUANAJUATO,19,VALLE DE SANTIAGO,1,ABASOLO,45,B,46,30,0,1,2,4,97,180,0,10,190,353
11,GUANAJUATO,19,VALLE DE SANTIAGO,1,ABASOLO,46,B,89,61,0,4,1,3,86,244,0,16,260,505
11,GUANAJUATO,19,VALLE DE SANTIAGO,1,ABASOLO,46,E01,110,88,0,9,0,4,60,271,0,9,280,439
11,GUANAJUATO,19,VALLE DE SANTIAGO,1,ABASOLO,47,B,94,66,2,4,9,2,103,280,0,11,291,514
11,GUANAJUATO,19,VALLE DE SANTIAGO,1,ABASOLO,47,C01,122,48,0,4,2,1,92,269,0,11,280,514
11,GUANAJUATO,19,VALLE DE SANTIAGO,1,ABASOLO,47,C02,130,77,0,4,2,1,56,270,0,11,281,513
11,GUANAJUATO,19,VALLE DE SANTIAGO,1,ABASOLO,48,B,104,59,1,8,8,5,111,296,0,10,306,487
11,GUANAJUATO,19,VALLE DE SANTIAGO,1,ABASOLO,48,E01,74,74,2,4,5,0,99,258,0,10,268,492
11,GUANAJUATO,19,VALLE DE SANTIAGO,1,ABASOLO,49,B,136,58,0,5,2,7,133,341,0,12,353,601
11,GUANAJUATO,19,VALLE DE SANTIAGO,1,ABASOLO,50,B,79,58,2,4,2,1,179,325,0,17,342,662
11,GUANAJUATO,19,VALLE DE SANTIAGO,1,ABASOLO,50,C01,98,65,3,8,10,2,182,368,0,28,396,662
11,GUANAJUATO,19,VALLE DE SANTIAGO,1,ABASOLO,50,C02,128,56,2,3,5,1,143,338,0,14,352,661
11,GUANAJUATO,22,ACAMBARO,2,ACAMBARO,0,VA31,1,0,0,0,0,0,0,1,0,1,2,2
11,GUANAJUATO,22,ACAMBARO,2,ACAMBARO,51,B,154,15,6,4,17,42,167,414,0,16,430,743
11,GUANAJUATO,22,ACAMBARO,2,ACAMBARO,51,C01,168,7,1,11,12,24,171,400,0,10,410,743
11,GUANAJUATO,22,ACAMBARO,2,ACAMBARO,51,C02,182,12,1,9,16,27,150,404,0,20,424,743
11,GUANAJUATO,22,ACAMBARO,2,ACAMBARO,51,C03,186,12,3,8,19,22,168,422,0,14,436,743
11,GUANAJUATO,22,ACAMBARO,2,ACAMBARO,51,C04,178,19,3,10,17,34,162,428,0,10,438,742
11,GUANAJUATO,22,ACAMBARO,2,ACAMBARO,52,B,199,22,1,13,12,16,149,416,0,21,437,742
11,GUANAJUATO,22,ACAMBARO,2,ACAMBARO,53,B,146,12,1,4,6,12,63,248,0,5,253,377
11,GUANAJUATO,22,ACAMBARO,2,ACAMBARO,53,C01,138,6,0,3,6,9,79,244,0,5,249,376
11,GUANAJUATO,22,ACAMBARO,2,ACAMBARO,54,B,109,15,0,3,9,12,93,241,0,8,249,383
11,GUANAJUATO,22,ACAMBARO,2,ACAMBARO,54,C01,118,11,1,5,7,12,92,251,0,4,255,383
11,GUANAJUATO,22,ACAMBARO,2,ACAMBARO,55,B,174,17,4,11,24,17,151,403,0,11,414,599
11,GUANAJUATO,22,ACAMBARO,2,ACAMBARO,56,B,148,6,0,3,19,21,123,324,1,17,342,638
11,GUANAJUATO,22,ACAMBARO,2,ACAMBARO,56,C01,139,8,2,8,19,16,130,327,0,17,344,637
11,GUANAJUATO,22,ACAMBARO,2,ACAMBARO,57,B,131,2,1,9,16,15,118,294,0,12,306,563
11,GUANAJUATO,22,ACAMBARO,2,ACAMBARO,57,C01,172,4,2,6,8,15,98,306,0,10,316,562
11,GUANAJUATO,22,ACAMBARO,2,ACAMBARO,58,B,112,3,2,4,21,40,85,270,0,14,284,584
11,GUANAJUATO,22,ACAMBARO,2,ACAMBARO,58,C01,94,8,3,16,15,20,104,265,1,19,285,583
11,GUANAJUATO,22,ACAMBARO,2,ACAMBARO,58,C02,122,2,2,9,12,13,123,286,0,14,300,583
11,GUANAJUATO,22,ACAMBARO,2,ACAMBARO,59,B,135,5,3,11,12,12,118,296,2,15,313,481
11,GUANAJUATO,22,ACAMBARO,2,ACAMBARO,59,C01,122,4,3,9,8,12,108,269,0,10,279,480
11,GUANAJUATO,22,ACAMBARO,2,ACAMBARO,60,B,162,6,1,1,8,6,74,258,0,4,262,394
11,GUANAJUATO,22,ACAMBARO,2,ACAMBARO,60,C01,141,11,0,4,15,18,68,264,0,15,279,394
11,GUANAJUATO,22,ACAMBARO,2,ACAMBARO,61,B,146,10,1,10,12,15,85,283,0,7,290,456
11,GUANAJUATO,22,ACAMBARO,2,ACAMBARO,61,C01,180,11,1,3,7,14,79,302,0,6,308,456
11,GUANAJUATO,22,ACAMBARO,2,ACAMBARO,62,B,151,12,2,6,15,22,77,289,2,9,300,456
11,GUANAJUATO,22,ACAMBARO,2,ACAMBARO,62,C01,144,4,3,10,12,19,107,304,0,6,310,456
11,GUANAJUATO,22,ACAMBARO,2,ACAMBARO,63,B,210,10,5,6,7,15,100,368,0,15,383,588
11,GUANAJUATO,22,ACAMBARO,2,ACAMBARO,64,B,93,8,2,5,14,7,94,228,0,9,237,391
11,GUANAJUATO,22,ACAMBARO,2,ACAMBARO,64,C01,99,3,2,5,12,6,94,223,0,9,232,390
11,GUANAJUATO,22,ACAMBARO,2,ACAMBARO,65,B,116,6,4,11,13,8,89,255,0,15,270,540
11,GUANAJUATO,22,ACAMBARO,2,ACAMBARO,65,C01,125,9,1,8,19,13,97,274,0,13,287,540
11,GUANAJUATO,22,ACAMBARO,2,ACAMBARO,66,B,126,14,0,8,11,16,73,252,0,8,260,378
11,GUANAJUATO,22,ACAMBARO,2,ACAMBARO,66,C01,91,9,0,2,7,16,95,225,0,5,230,378
11,GUANAJUATO,22,ACAMBARO,2,ACAMBARO,67,B,126,19,1,12,31,36,147,374,0,10,384,708
11,GUANAJUATO,22,ACAMBARO,2,ACAMBARO,67,C01,130,18,1,8,27,17,158,363,0,13,376,708
11,GUANAJUATO,22,ACAMBARO,2,ACAMBARO,67,C02,145,22,2,3,21,21,137,356,0,11,367,707
11,GUANAJUATO,22,ACAMBARO,2,ACAMBARO,67,C03,140,27,1,14,20,22,141,366,1,11,378,707
11,GUANAJUATO,22,ACAMBARO,2,ACAMBARO,68,B,215,25,2,7,29,22,132,444,0,16,460,745
11,GUANAJUATO,22,ACAMBARO,2,ACAMBARO,69,B,205,6,1,7,19,25,135,407,1,13,421,667
11,GUANAJUATO,22,ACAMBARO,2,ACAMBARO,70,B,118,4,0,6,16,10,81,239,0,7,246,500
11,GUANAJUATO,22,ACAMBARO,2,ACAMBARO,70,C01,120,1,2,7,9,7,97,243,0,13,256,499
11,GUANAJUATO,22,ACAMBARO,2,ACAMBARO,71,B,136,2,4,6,16,22,96,285,0,22,307,629
11,GUANAJUATO,22,ACAMBARO,2,ACAMBARO,71,C01,118,11,1,14,18,10,120,298,0,15,313,629
11,GUANAJUATO,22,ACAMBARO,2,ACAMBARO,72,B,122,5,4,6,16,9,115,278,0,15,293,525
11,GUANAJUATO,22,ACAMBARO,2,ACAMBARO,72,C01,135,7,1,4,6,13,118,284,0,10,294,524
11,GUANAJUATO,22,ACAMBARO,2,ACAMBARO,73,B,135,12,1,7,10,14,79,261,0,7,268,396
11,GUANAJUATO,22,ACAMBARO,2,ACAMBARO,73,C01,124,9,1,6,14,10,99,265,0,4,269,396
11,GUANAJUATO,22,ACAMBARO,2,ACAMBARO,74,B,179,13,2,12,14,34,117,376,0,12,388,581
11,GUANAJUATO,22,ACAMBARO,2,ACAMBARO,74,C01,157,15,1,6,18,28,119,353,0,7,360,581
11,GUANAJUATO,22,ACAMBARO,2,ACAMBARO,74,C02,166,12,1,8,15,23,113,343,0,17,360,581
11,GUANAJUATO,22,ACAMBARO,2,ACAMBARO,75,B,173,8,1,9,9,44,122,371,1,16,388,669
11,GUANAJUATO,22,ACAMBARO,2,ACAMBARO,76,B,91,14,1,3,5,24,66,208,0,0,208,410
11,GUANAJUATO,22,ACAMBARO,2,ACAMBARO,76,C01,105,13,0,2,2,23,64,214,1,7,222,409
11,GUANAJUATO,22,ACAMBARO,2,ACAMBARO,77,B,138,11,4,5,14,32,115,323,0,15,338,644
11,GUANAJUATO,22,ACAMBARO,2,ACAMBARO,77,C01,137,7,5,6,28,29,126,347,0,17,364,643
11,GUANAJUATO,22,ACAMBARO,2,ACAMBARO,78,B,144,19,4,8,16,16,131,340,0,16,356,723
11,GUANAJUATO,22,ACAMBARO,2,ACAMBARO,78,C01,172,16,3,10,23,20,136,384,0,22,406,722
11,GUANAJUATO,22,ACAMBARO,2,ACAMBARO,79,B,128,3,3,4,13,12,100,266,0,12,278,533
11,GUANAJUATO,22,ACAMBARO,2,ACAMBARO,79,C01,137,5,1,9,12,15,96,275,0,15,290,533
11,GUANAJUATO,22,ACAMBARO,2,ACAMBARO,79,C02,135,4,0,4,10,16,119,294,0,12,306,532
11,GUANAJUATO,22,ACAMBARO,2,ACAMBARO,80,B,135,10,0,5,15,22,136,329,0,19,348,630
11,GUANAJUATO,22,ACAMBARO,2,ACAMBARO,80,C01,131,13,1,9,15,24,150,347,0,18,365,629
11,GUANAJUATO,22,ACAMBARO,2,ACAMBARO,81,B,168,18,3,7,21,23,148,394,1,14,409,635
11,GUANAJUATO,22,ACAMBARO,2,ACAMBARO,81,C01,163,19,0,6,20,22,137,373,0,10,383,635
11,GUANAJUATO,22,ACAMBARO,2,ACAMBARO,81,C02,157,20,3,6,18,18,131,362,0,16,378,635
11,GUANAJUATO,22,ACAMBARO,2,ACAMBARO,81,C03,168,20,1,9,16,24,130,372,0,5,377,634
11,GUANAJUATO,22,ACAMBARO,2,ACAMBARO,81,C04,176,21,0,6,17,27,143,394,0,15,409,634
11,GUANAJUATO,22,ACAMBARO,2,ACAMBARO,81,C05,174,13,0,9,21,17,148,388,0,17,405,634
11,GUANAJUATO,22,ACAMBARO,2,ACAMBARO,81,S01,15,4,1,1,4,1,24,50,0,4,54,0
11,GUANAJUATO,22,ACAMBARO,2,ACAMBARO,82,B,151,10,1,6,12,16,121,322,0,10,332,664
11,GUANAJUATO,22,ACAMBARO,2,ACAMBARO,82,C01,137,7,0,5,13,13,125,310,0,16,326,664
11,GUANAJUATO,22,ACAMBARO,2,ACAMBARO,83,B,94,10,1,5,24,15,103,255,1,9,265,506
11,GUANAJUATO,22,ACAMBARO,2,ACAMBARO,83,C01,97,7,1,4,27,13,86,238,0,9,247,506
11,GUANAJUATO,22,ACAMBARO,2,ACAMBARO,83,C02,92,10,1,6,32,17,107,266,0,8,274,505
11,GUANAJUATO,22,ACAMBARO,2,ACAMBARO,84,B,137,15,7,10,15,19,140,350,0,14,364,746
11,GUANAJUATO,22,ACAMBARO,2,ACAMBARO,84,C01,141,7,6,14,15,16,149,354,2,22,378,745
11,GUANAJUATO,22,ACAMBARO,2,ACAMBARO,85,B,142,11,1,6,23,12,120,322,0,20,342,698
11,GUANAJUATO,22,ACAMBARO,2,ACAMBARO,85,C01,125,4,2,9,11,21,158,332,1,13,346,697
11,GUANAJUATO,22,ACAMBARO,2,ACAMBARO,86,B,127,7,3,4,8,13,146,312,0,18,330,724
11,GUANAJUATO,22,ACAMBARO,2,ACAMBARO,86,C01,136,16,1,4,11,22,131,323,0,15,338,724
11,GUANAJUATO,22,ACAMBARO,2,ACAMBARO,86,C02,110,11,2,5,20,16,141,307,0,16,323,724
11,GUANAJUATO,22,ACAMBARO,2,ACAMBARO,86,C03,110,5,1,10,12,17,147,309,0,23,332,724
11,GUANAJUATO,22,ACAMBARO,2,ACAMBARO,86,C04,136,8,5,3,17,19,144,334,0,16,350,723
11,GUANAJUATO,22,ACAMBARO,2,ACAMBARO,86,C05,123,8,4,7,24,20,122,312,0,19,331,723
11,GUANAJUATO,22,ACAMBARO,2,ACAMBARO,87,B,51,14,1,2,1,2,37,108,0,3,111,301
11,GUANAJUATO,22,ACAMBARO,2,ACAMBARO,88,B,46,7,6,4,4,4,15,86,0,3,89,172
11,GUANAJUATO,22,ACAMBARO,2,ACAMBARO,89,B,52,9,4,5,19,2,77,169,0,10,179,404
11,GUANAJUATO,22,ACAMBARO,2,ACAMBARO,89,C01,40,3,2,5,5,2,69,128,0,9,137,403
11,GUANAJUATO,22,ACAMBARO,2,ACAMBARO,90,B,35,11,1,9,2,1,38,99,0,11,110,422
11,GUANAJUATO,22,ACAMBARO,2,ACAMBARO,91,B,103,3,4,6,3,3,70,195,0,0,195,511
11,GUANAJUATO,22,ACAMBARO,2,ACAMBARO,91,C01,98,1,1,6,4,2,52,169,0,10,179,511
11,GUANAJUATO,22,ACAMBARO,2,ACAMBARO,92,B,55,2,4,5,6,5,81,158,0,15,173,591
11,GUANAJUATO,22,ACAMBARO,2,ACAMBARO,93,B,48,7,4,6,6,6,102,181,0,9,190,485
11,GUANAJUATO,22,ACAMBARO,2,ACAMBARO,93,C01,42,8,5,3,8,5,105,179,0,7,186,484
11,GUANAJUATO,22,ACAMBARO,2,ACAMBARO,94,B,68,3,1,3,8,6,79,171,0,7,178,399
11,GUANAJUATO,22,ACAMBARO,2,ACAMBARO,94,C01,80,8,3,3,5,8,71,185,0,8,193,399
11,GUANAJUATO,22,ACAMBARO,2,ACAMBARO,95,B,51,4,0,1,2,6,113,178,0,6,184,419
11,GUANAJUATO,22,ACAMBARO,2,ACAMBARO,95,C01,58,5,1,3,3,2,110,187,0,7,194,418
11,GUANAJUATO,22,ACAMBARO,2,ACAMBARO,96,B,73,3,3,7,7,4,122,221,0,15,236,519
11,GUANAJUATO,22,ACAMBARO,2,ACAMBARO,96,C01,82,4,2,2,5,3,133,235,0,9,244,519
11,GUANAJUATO,22,ACAMBARO,2,ACAMBARO,97,B,82,5,1,2,6,4,114,216,0,11,227,564
11,GUANAJUATO,22,ACAMBARO,2,ACAMBARO,97,C01,74,5,5,5,4,5,128,229,0,9,238,563
11,GUANAJUATO,22,ACAMBARO,2,ACAMBARO,98,B,60,1,5,9,7,8,75,170,0,17,187,525
11,GUANAJUATO,22,ACAMBARO,2,ACAMBARO,99,B,70,5,3,7,10,5,54,156,0,4,160,528
11,GUANAJUATO,22,ACAMBARO,2,ACAMBARO,99,C01,63,5,3,12,4,3,47,141,0,15,156,527
11,GUANAJUATO,22,ACAMBARO,2,ACAMBARO,100,B,62,4,1,0,5,10,62,147,0,10,157,525
11,GUANAJUATO,22,ACAMBARO,2,ACAMBARO,100,C01,83,3,3,9,9,19,48,181,0,8,189,524
11,GUANAJUATO,22,ACAMBARO,2,ACAMBARO,101,B,72,2,7,7,10,7,104,211,0,8,219,579
11,GUANAJUATO,22,ACAMBARO,2,ACAMBARO,101,C01,70,4,2,6,3,8,124,217,1,9,227,579
11,GUANAJUATO,22,ACAMBARO,2,ACAMBARO,102,B,89,3,3,9,1,11,86,206,0,13,219,559
11,GUANAJUATO,22,ACAMBARO,2,ACAMBARO,102,C01,85,8,3,7,5,10,94,216,0,24,240,558
11,GUANAJUATO,22,ACAMBARO,2,ACAMBARO,103,B,61,4,3,4,4,6,116,200,0,5,205,469
11,GUANAJUATO,22,ACAMBARO,2,ACAMBARO,103,C01,56,3,3,9,5,4,97,179,0,12,191,468
11,GUANAJUATO,22,ACAMBARO,2,ACAMBARO,104,B,55,9,1,5,11,3,131,218,0,23,241,450
11,GUANAJUATO,22,ACAMBARO,2,ACAMBARO,104,C01,55,6,2,12,9,6,115,207,0,31,238,450
11,GUANAJUATO,22,ACAMBARO,2,ACAMBARO,105,B,34,5,3,9,14,10,134,211,0,12,223,488
11,GUANAJUATO,22,ACAMBARO,2,ACAMBARO,106,B,84,3,0,3,5,11,108,218,0,9,227,443
11,GUANAJUATO,22,ACAMBARO,2,ACAMBARO,106,C01,71,2,1,3,3,2,124,208,0,18,226,443
11,GUANAJUATO,22,ACAMBARO,2,ACAMBARO,107,B,146,1,5,2,17,18,105,294,0,21,315,707
11,GUANAJUATO,22,ACAMBARO,2,ACAMBARO,108,B,60,3,2,4,12,3,58,143,0,8,151,471
11,GUANAJUATO,22,ACAMBARO,2,ACAMBARO,108,C01,50,8,1,6,2,7,75,151,0,11,162,471
11,GUANAJUATO,22,ACAMBARO,2,ACAMBARO,109,B,76,2,1,5,10,7,75,179,0,18,197,543
11,GUANAJUATO,22,ACAMBARO,2,ACAMBARO,109,C01,91,3,0,2,7,10,89,204,0,17,221,542
11,GUANAJUATO,22,ACAMBARO,2,ACAMBARO,109,C02,76,1,2,5,13,11,91,199,0,13,212,542
11,GUANAJUATO,22,ACAMBARO,2,ACAMBARO,110,B,114,5,5,5,8,5,78,223,0,14,237,657
11,GUANAJUATO,22,ACAMBARO,2,ACAMBARO,111,B,109,1,4,6,3,3,87,215,0,11,226,437
11,GUANAJUATO,22,ACAMBARO,2,ACAMBARO,111,C01,84,4,4,6,11,5,93,209,0,8,217,437
11,GUANAJUATO,22,ACAMBARO,2,ACAMBARO,112,B,159,4,7,5,4,12,158,351,0,23,374,749
11,GUANAJUATO,22,ACAMBARO,2,ACAMBARO,113,B,207,5,3,6,10,11,145,392,0,24,416,733
11,GUANAJUATO,22,ACAMBARO,2,ACAMBARO,114,B,47,6,8,5,1,2,105,179,0,16,195,536
11,GUANAJUATO,22,ACAMBARO,2,ACAMBARO,114,C01,82,10,2,9,6,7,117,235,0,17,252,536
11,GUANAJUATO,22,ACAMBARO,2,ACAMBARO,114,C02,67,7,3,7,8,11,125,233,0,16,249,535
11,GUANAJUATO,22,ACAMBARO,2,ACAMBARO,115,B,95,1,3,3,8,7,141,263,0,8,271,519
11,GUANAJUATO,22,ACAMBARO,2,ACAMBARO,115,C01,104,5,1,9,9,6,127,261,0,13,274,519
11,GUANAJUATO,22,ACAMBARO,2,ACAMBARO,115,C02,86,2,2,8,8,10,135,252,0,10,262,518
11,GUANAJUATO,22,ACAMBARO,2,ACAMBARO,116,B,96,4,3,8,8,6,132,258,0,15,273,509
11,GUANAJUATO,22,ACAMBARO,2,ACAMBARO,116,C01,98,5,3,7,3,5,108,233,0,17,250,508
11,GUANAJUATO,22,ACAMBARO,2,ACAMBARO,117,B,121,6,0,5,7,9,130,279,0,20,299,714
11,GUANAJUATO,22,ACAMBARO,2,ACAMBARO,118,B,74,6,6,5,8,12,63,177,0,14,191,395
11,GUANAJUATO,22,ACAMBARO,2,ACAMBARO,118,C01,74,0,3,6,8,7,76,175,0,9,184,395
11,GUANAJUATO,22,ACAMBARO,2,ACAMBARO,118,E01,67,2,5,5,11,3,65,158,0,18,176,320
11,GUANAJUATO,22,ACAMBARO,2,ACAMBARO,119,B,72,7,4,4,8,7,87,191,0,10,201,422
11,GUANAJUATO,22,ACAMBARO,2,ACAMBARO,119,C01,54,1,5,5,11,7,83,169,0,21,190,421
11,GUANAJUATO,22,ACAMBARO,2,ACAMBARO,120,B,62,20,1,11,17,8,161,282,0,24,306,735
11,GUANAJUATO,22,ACAMBARO,2,ACAMBARO,121,B,123,10,5,6,22,12,121,312,1,14,327,689
11,GUANAJUATO,22,ACAMBARO,2,ACAMBARO,121,C01,106,9,4,5,15,14,131,289,0,7,296,688
11,GUANAJUATO,22,ACAMBARO,2,ACAMBARO,122,B,81,2,3,4,6,6,69,172,0,8,180,376
11,GUANAJUATO,22,ACAMBARO,2,ACAMBARO,122,C01,94,3,1,5,5,3,66,181,0,11,192,375
11,GUANAJUATO,22,ACAMBARO,2,ACAMBARO,123,B,116,17,3,6,11,5,91,249,0,11,260,533
11,GUANAJUATO,22,ACAMBARO,2,ACAMBARO,123,C01,111,16,3,5,15,7,88,250,0,10,260,533
11,GUANAJUATO,22,ACAMBARO,2,ACAMBARO,123,C02,91,13,0,3,11,3,88,210,0,14,224,532
11,GUANAJUATO,22,ACAMBARO,2,ACAMBARO,124,B,98,8,3,5,6,2,84,208,0,13,221,479
11,GUANAJUATO,22,ACAMBARO,2,ACAMBARO,125,B,60,9,0,5,3,9,105,192,0,20,212,576
11,GUANAJUATO,22,ACAMBARO,2,ACAMBARO,126,B,75,19,8,19,14,10,95,245,0,24,269,685
11,GUANAJUATO,22,ACAMBARO,2,ACAMBARO,126,E01,39,4,1,5,8,2,42,103,0,11,114,226
11,GUANAJUATO,22,ACAMBARO,2,ACAMBARO,127,B,67,2,4,7,13,7,103,205,0,16,221,431
11,GUANAJUATO,22,ACAMBARO,2,ACAMBARO,128,B,143,3,1,7,11,14,109,290,0,20,310,638
11,GUANAJUATO,22,ACAMBARO,2,ACAMBARO,128,C01,154,2,6,13,11,15,110,320,0,29,349,638
11,GUANAJUATO,22,ACAMBARO,2,ACAMBARO,129,B,89,3,1,8,4,5,93,204,0,7,211,601
11,GUANAJUATO,22,ACAMBARO,2,ACAMBARO,130,B,127,3,5,9,6,10,133,294,0,5,299,618
11,GUANAJUATO,22,ACAMBARO,2,ACAMBARO,131,B,121,8,3,10,14,9,116,284,0,13,297,681
11,GUANAJUATO,22,ACAMBARO,2,ACAMBARO,131,C01,132,8,4,15,15,9,111,296,0,22,318,681
11,GUANAJUATO,22,ACAMBARO,2,ACAMBARO,132,B,129,5,6,10,7,11,94,264,0,11,275,561
11,GUANAJUATO,22,ACAMBARO,2,ACAMBARO,132,C01,115,5,2,7,6,15,98,253,0,18,271,561
11,GUANAJUATO,22,ACAMBARO,2,ACAMBARO,133,B,132,6,3,8,18,14,73,256,0,13,269,630
11,GUANAJUATO,22,ACAMBARO,2,ACAMBARO,134,B,52,1,8,11,12,0,86,171,0,7,178,585
11,GUANAJUATO,22,ACAMBARO,2,ACAMBARO,135,B,52,2,1,1,1,7,71,136,0,4,140,377
11,GUANAJUATO,22,ACAMBARO,2,ACAMBARO,135,C01,43,1,2,8,1,3,53,114,0,13,127,376
11,GUANAJUATO,22,ACAMBARO,2,ACAMBARO,136,B,112,5,3,8,12,9,175,327,0,15,342,680
11,GUANAJUATO,22,ACAMBARO,2,ACAMBARO,136,C01,151,6,3,7,10,5,142,326,0,14,340,679
11,GUANAJUATO,22,ACAMBARO,2,ACAMBARO,136,C02,122,4,2,4,10,13,160,316,0,13,329,679
11,GUANAJUATO,22,ACAMBARO,2,ACAMBARO,137,B,107,7,5,4,2,5,115,253,0,12,265,537
11,GUANAJUATO,22,ACAMBARO,2,ACAMBARO,137,C01,94,4,2,1,11,3,107,224,0,15,239,537
11,GUANAJUATO,22,ACAMBARO,2,ACAMBARO,137,C02,81,4,2,4,1,5,123,221,0,12,233,537
11,GUANAJUATO,22,ACAMBARO,2,ACAMBARO,138,B,101,6,4,3,8,5,150,277,0,11,288,691
11,GUANAJUATO,22,ACAMBARO,2,ACAMBARO,138,C01,102,5,1,7,9,9,163,297,0,20,317,691
11,GUANAJUATO,22,ACAMBARO,2,ACAMBARO,138,C02,123,4,1,5,10,11,138,296,0,11,307,690
11,GUANAJUATO,22,ACAMBARO,2,ACAMBARO,139,B,63,4,3,6,9,2,94,181,0,6,187,408
11,GUANAJUATO,22,ACAMBARO,2,ACAMBARO,139,C01,56,3,5,4,8,3,93,173,0,4,177,407
11,GUANAJUATO,22,ACAMBARO,2,ACAMBARO,140,B,119,2,5,4,12,7,84,235,0,17,252,665
11,GUANAJUATO,22,ACAMBARO,2,ACAMBARO,140,C01,111,4,5,5,9,1,86,222,0,7,229,664
11,GUANAJUATO,9,SAN MIGUEL DE ALLENDE,3,SAN MIGUEL DE ALLENDE,0,VA13,0,2,0,0,0,0,6,8,0,2,10,11
11,GUANAJUATO,9,SAN MIGUEL DE ALLENDE,3,SAN MIGUEL DE ALLENDE,141,B,52,142,3,6,4,12,121,356,0,13,369,693
11,GUANAJUATO,9,SAN MIGUEL DE ALLENDE,3,SAN MIGUEL DE ALLENDE,141,C01,64,127,7,6,1,11,131,366,0,5,371,693
11,GUANAJUATO,9,SAN MIGUEL DE ALLENDE,3,SAN MIGUEL DE ALLENDE,141,C02,58,137,6,6,0,10,141,367,0,15,382,693
11,GUANAJUATO,9,SAN MIGUEL DE ALLENDE,3,SAN MIGUEL DE ALLENDE,141,C03,62,133,3,5,3,7,130,355,0,18,373,693
11,GUANAJUATO,9,SAN MIGUEL DE ALLENDE,3,SAN MIGUEL DE ALLENDE,141,C04,57,139,5,6,2,13,132,369,0,13,382,693
11,GUANAJUATO,9,SAN MIGUEL DE ALLENDE,3,SAN MIGUEL DE ALLENDE,141,C05,62,131,2,8,4,9,113,347,0,4,351,693
11,GUANAJUATO,9,SAN MIGUEL DE ALLENDE,3,SAN MIGUEL DE ALLENDE,141,C06,49,99,9,5,0,4,137,326,0,10,336,693
11,GUANAJUATO,9,SAN MIGUEL DE ALLENDE,3,SAN MIGUEL DE ALLENDE,141,C07,64,133,1,12,4,3,147,378,0,11,389,693
11,GUANAJUATO,9,SAN MIGUEL DE ALLENDE,3,SAN MIGUEL DE ALLENDE,141,C08,55,119,5,2,3,7,133,339,0,17,356,692
11,GUANAJUATO,9,SAN MIGUEL DE ALLENDE,3,SAN MIGUEL DE ALLENDE,142,B,65,135,8,15,2,7,141,396,0,15,411,692
11,GUANAJUATO,9,SAN MIGUEL DE ALLENDE,3,SAN MIGUEL DE ALLENDE,142,C01,51,147,2,4,5,5,129,358,0,16,374,691
11,GUANAJUATO,9,SAN MIGUEL DE ALLENDE,3,SAN MIGUEL DE ALLENDE,143,B,93,171,4,6,1,7,167,464,0,10,474,697
11,GUANAJUATO,9,SAN MIGUEL DE ALLENDE,3,SAN MIGUEL DE ALLENDE,143,C01,125,167,9,4,1,6,182,505,0,10,515,696
11,GUANAJUATO,9,SAN MIGUEL DE ALLENDE,3,SAN MIGUEL DE ALLENDE,144,B,107,137,3,4,1,4,150,422,0,0,422,651
11,GUANAJUATO,9,SAN MIGUEL DE ALLENDE,3,SAN MIGUEL DE ALLENDE,144,C01,96,146,2,3,2,8,174,445,0,12,457,651
11,GUANAJUATO,9,SAN MIGUEL DE ALLENDE,3,SAN MIGUEL DE ALLENDE,146,B,65,121,4,7,2,8,156,383,0,20,403,717
11,GUANAJUATO,9,SAN MIGUEL DE ALLENDE,3,SAN MIGUEL DE ALLENDE,146,C01,68,95,9,8,4,6,184,386,0,19,405,717
11,GUANAJUATO,9,SAN MIGUEL DE ALLENDE,3,SAN MIGUEL DE ALLENDE,146,C02,69,138,4,12,2,17,161,413,0,14,427,716
11,GUANAJUATO,9,SAN MIGUEL DE ALLENDE,3,SAN MIGUEL DE ALLENDE,147,B,56,141,5,3,3,6,121,347,1,10,358,550
11,GUANAJUATO,9,SAN MIGUEL DE ALLENDE,3,SAN MIGUEL DE ALLENDE,147,C01,69,112,2,4,3,7,125,335,0,16,351,550
11,GUANAJUATO,9,SAN MIGUEL DE ALLENDE,3,SAN MIGUEL DE ALLENDE,148,B,49,92,1,4,0,4,104,264,0,8,272,381
11,GUANAJUATO,9,SAN MIGUEL DE ALLENDE,3,SAN MIGUEL DE ALLENDE,148,C01,57,96,4,3,1,2,86,257,0,7,264,381
11,GUANAJUATO,9,SAN MIGUEL DE ALLENDE,3,SAN MIGUEL DE ALLENDE,149,B,48,128,2,5,0,11,131,347,0,9,356,543
11,GUANAJUATO,9,SAN MIGUEL DE ALLENDE,3,SAN MIGUEL DE ALLENDE,149,C01,60,127,3,4,0,6,120,335,0,14,349,543
11,GUANAJUATO,9,SAN MIGUEL DE ALLENDE,3,SAN MIGUEL DE ALLENDE,150,B,59,100,1,2,4,2,87,260,0,2,262,377
11,GUANAJUATO,9,SAN MIGUEL DE ALLENDE,3,SAN MIGUEL DE ALLENDE,150,C01,73,97,4,2,2,3,88,272,1,3,276,377
11,GUANAJUATO,9,SAN MIGUEL DE ALLENDE,3,SAN MIGUEL DE ALLENDE,151,B,70,144,3,3,8,3,164,413,0,10,423,609
11,GUANAJUATO,9,SAN MIGUEL DE ALLENDE,3,SAN MIGUEL DE ALLENDE,152,B,139,160,3,3,1,6,137,466,0,13,479,707
11,GUANAJUATO,9,SAN MIGUEL DE ALLENDE,3,SAN MIGUEL DE ALLENDE,153,B,47,87,4,3,2,6,127,284,0,11,295,498
11,GUANAJUATO,9,SAN MIGUEL DE ALLENDE,3,SAN MIGUEL DE ALLENDE,153,C01,40,96,2,3,3,5,149,308,0,7,315,497
11,GUANAJUATO,9,SAN MIGUEL DE ALLENDE,3,SAN MIGUEL DE ALLENDE,154,B,80,108,5,1,6,14,126,359,0,5,364,615
11,GUANAJUATO,9,SAN MIGUEL DE ALLENDE,3,SAN MIGUEL DE ALLENDE,154,C01,77,100,13,2,4,10,127,360,1,8,369,614
11,GUANAJUATO,9,SAN MIGUEL DE ALLENDE,3,SAN MIGUEL DE ALLENDE,155,B,72,106,3,3,2,9,107,314,0,17,331,591
11,GUANAJUATO,9,SAN MIGUEL DE ALLENDE,3,SAN MIGUEL DE ALLENDE,155,C01,63,95,4,2,2,5,130,310,0,9,319,591
11,GUANAJUATO,9,SAN MIGUEL DE ALLENDE,3,SAN MIGUEL DE ALLENDE,155,C02,57,109,4,4,1,4,120,308,0,12,320,590
11,GUANAJUATO,9,SAN MIGUEL DE ALLENDE,3,SAN MIGUEL DE ALLENDE,155,C03,75,117,1,0,0,9,142,358,0,12,370,590
11,GUANAJUATO,9,SAN MIGUEL DE ALLENDE,3,SAN MIGUEL DE ALLENDE,156,B,67,114,7,5,3,8,117,333,0,24,357,745
11,GUANAJUATO,9,SAN MIGUEL DE ALLENDE,3,SAN MIGUEL DE ALLENDE,156,C01,70,124,6,4,3,11,116,344,0,17,361,745
11,GUANAJUATO,9,SAN MIGUEL DE ALLENDE,3,SAN MIGUEL DE ALLENDE,156,C02,58,121,3,2,3,8,128,349,0,8,357,745
11,GUANAJUATO,9,SAN MIGUEL DE ALLENDE,3,SAN MIGUEL DE ALLENDE,156,C03,87,123,5,5,3,8,126,378,0,17,395,745
11,GUANAJUATO,9,SAN MIGUEL DE ALLENDE,3,SAN MIGUEL DE ALLENDE,156,C04,68,127,1,8,10,9,99,332,10,1,343,745
11,GUANAJUATO,9,SAN MIGUEL DE ALLENDE,3,SAN MIGUEL DE ALLENDE,156,C05,80,114,3,8,4,6,155,390,1,15,406,744
11,GUANAJUATO,9,SAN MIGUEL DE ALLENDE,3,SAN MIGUEL DE ALLENDE,157,B,89,167,1,3,2,12,118,407,0,9,416,677
11,GUANAJUATO,9,SAN MIGUEL DE ALLENDE,3,SAN MIGUEL DE ALLENDE,157,C01,84,139,11,3,0,8,136,387,0,11,398,677
11,GUANAJUATO,9,SAN MIGUEL DE ALLENDE,3,SAN MIGUEL DE ALLENDE,157,C02,70,155,5,1,2,12,142,407,0,13,420,677
11,GUANAJUATO,9,SAN MIGUEL DE ALLENDE,3,SAN MIGUEL DE ALLENDE,157,C03,95,166,4,3,4,11,147,449,0,10,459,677
11,GUANAJUATO,9,SAN MIGUEL DE ALLENDE,3,SAN MIGUEL DE ALLENDE,157,C04,73,171,4,6,2,4,134,408,0,9,417,677
11,GUANAJUATO,9,SAN MIGUEL DE ALLENDE,3,SAN MIGUEL DE ALLENDE,157,C05,82,159,5,3,1,10,149,416,0,11,427,677
11,GUANAJUATO,9,SAN MIGUEL DE ALLENDE,3,SAN MIGUEL DE ALLENDE,157,E01,67,105,3,3,5,5,137,338,0,10,348,601
11,GUANAJUATO,9,SAN MIGUEL DE ALLENDE,3,SAN MIGUEL DE ALLENDE,157,E01C01,75,108,2,5,2,7,126,336,0,11,347,600
11,GUANAJUATO,9,SAN MIGUEL DE ALLENDE,3,SAN MIGUEL DE ALLENDE,157,S01,14,21,3,2,2,0,34,78,0,4,82,0
11,GUANAJUATO,9,SAN MIGUEL DE ALLENDE,3,SAN MIGUEL DE ALLENDE,158,B,78,152,2,5,8,12,156,426,0,24,450,640
11,GUANAJUATO,9,SAN MIGUEL DE ALLENDE,3,SAN MIGUEL DE ALLENDE,158,C01,34,95,1,6,1,7,101,256,0,10,266,640
11,GUANAJUATO,9,SAN MIGUEL DE ALLENDE,3,SAN MIGUEL DE ALLENDE,158,C02,67,125,3,8,5,9,150,384,1,15,400,639
11,GUANAJUATO,9,SAN MIGUEL DE ALLENDE,3,SAN MIGUEL DE ALLENDE,159,B,66,127,10,6,10,10,134,380,0,6,386,635
11,GUANAJUATO,9,SAN MIGUEL DE ALLENDE,3,SAN MIGUEL DE ALLENDE,159,C01,60,128,6,1,3,10,151,369,0,20,389,635
11,GUANAJUATO,9,SAN MIGUEL DE ALLENDE,3,SAN MIGUEL DE ALLENDE,160,B,64,111,2,3,1,10,92,287,0,7,294,431
11,GUANAJUATO,9,SAN MIGUEL DE ALLENDE,3,SAN MIGUEL DE ALLENDE,160,C01,47,94,1,5,2,4,101,261,0,5,266,431
11,GUANAJUATO,9,SAN MIGUEL DE ALLENDE,3,SAN MIGUEL DE ALLENDE,161,B,66,114,2,3,0,1,87,278,0,7,285,431
11,GUANAJUATO,9,SAN MIGUEL DE ALLENDE,3,SAN MIGUEL DE ALLENDE,162,B,81,87,0,3,1,3,59,242,0,4,246,347
11,GUANAJUATO,9,SAN MIGUEL DE ALLENDE,3,SAN MIGUEL DE ALLENDE,163,B,87,153,1,4,3,12,136,408,1,22,431,642
11,GUANAJUATO,9,SAN MIGUEL DE ALLENDE,3,SAN MIGUEL DE ALLENDE,164,B,73,141,5,6,1,12,138,390,0,18,408,685
11,GUANAJUATO,9,SAN MIGUEL DE ALLENDE,3,SAN MIGUEL DE ALLENDE,164,C01,57,137,6,0,5,15,121,355,0,8,363,685
11,GUANAJUATO,9,SAN MIGUEL DE ALLENDE,3,SAN MIGUEL DE ALLENDE,164,C02,71,132,5,3,1,11,121,359,1,9,369,685
11,GUANAJUATO,9,SAN MIGUEL DE ALLENDE,3,SAN MIGUEL DE ALLENDE,164,C03,71,148,1,3,1,13,123,376,0,14,390,685
11,GUANAJUATO,9,SAN MIGUEL DE ALLENDE,3,SAN MIGUEL DE ALLENDE,164,C04,55,135,6,5,1,10,120,340,0,10,350,685
11,GUANAJUATO,9,SAN MIGUEL DE ALLENDE,3,SAN MIGUEL DE ALLENDE,164,C05,60,137,3,3,0,12,106,335,0,10,345,685
11,GUANAJUATO,9,SAN MIGUEL DE ALLENDE,3,SAN MIGUEL DE ALLENDE,164,C06,76,125,4,7,2,12,117,358,0,12,370,684
11,GUANAJUATO,9,SAN MIGUEL DE ALLENDE,3,SAN MIGUEL DE ALLENDE,165,B,75,168,3,8,4,7,156,437,0,18,455,750
11,GUANAJUATO,9,SAN MIGUEL DE ALLENDE,3,SAN MIGUEL DE ALLENDE,165,C01,82,169,2,3,4,8,141,426,0,8,434,750
11,GUANAJUATO,9,SAN MIGUEL DE ALLENDE,3,SAN MIGUEL DE ALLENDE,166,B,51,70,1,1,0,0,45,174,0,5,179,235
11,GUANAJUATO,9,SAN MIGUEL DE ALLENDE,3,SAN MIGUEL DE ALLENDE,167,B,50,88,0,3,1,6,101,257,0,5,262,404
11,GUANAJUATO,9,SAN MIGUEL DE ALLENDE,3,SAN MIGUEL DE ALLENDE,168,B,83,130,1,6,1,12,140,385,0,6,391,563
11,GUANAJUATO,9,SAN MIGUEL DE ALLENDE,3,SAN MIGUEL DE ALLENDE,168,C01,87,110,2,1,4,11,138,362,0,14,376,562
11,GUANAJUATO,9,SAN MIGUEL DE ALLENDE,3,SAN MIGUEL DE ALLENDE,169,B,80,116,3,6,0,9,182,410,1,24,435,684
11,GUANAJUATO,9,SAN MIGUEL DE ALLENDE,3,SAN MIGUEL DE ALLENDE,169,C01,92,138,6,4,1,10,165,439,0,9,448,684
11,GUANAJUATO,9,SAN MIGUEL DE ALLENDE,3,SAN MIGUEL DE ALLENDE,170,B,56,103,2,4,3,4,82,258,0,11,269,379
11,GUANAJUATO,9,SAN MIGUEL DE ALLENDE,3,SAN MIGUEL DE ALLENDE,170,C01,53,84,3,4,2,6,66,229,0,10,239,379
11,GUANAJUATO,9,SAN MIGUEL DE ALLENDE,3,SAN MIGUEL DE ALLENDE,171,B,47,85,3,7,3,10,121,283,0,9,292,519
11,GUANAJUATO,9,SAN MIGUEL DE ALLENDE,3,SAN MIGUEL DE ALLENDE,171,C01,43,95,3,5,2,5,98,257,0,18,275,519
11,GUANAJUATO,9,SAN MIGUEL DE ALLENDE,3,SAN MIGUEL DE ALLENDE,171,C02,35,85,3,6,2,4,115,256,0,14,270,519
11,GUANAJUATO,9,SAN MIGUEL DE ALLENDE,3,SAN MIGUEL DE ALLENDE,172,B,87,179,3,2,0,6,156,444,1,8,453,716
11,GUANAJUATO,9,SAN MIGUEL DE ALLENDE,3,SAN MIGUEL DE ALLENDE,172,C01,93,163,6,4,1,16,176,472,0,15,487,716
11,GUANAJUATO,9,SAN MIGUEL DE ALLENDE,3,SAN MIGUEL DE ALLENDE,172,C02,89,180,3,4,3,10,150,453,0,12,465,716
11,GUANAJUATO,9,SAN MIGUEL DE ALLENDE,3,SAN MIGUEL DE ALLENDE,172,C03,87,188,4,4,2,4,146,440,0,10,450,715
11,GUANAJUATO,9,SAN MIGUEL DE ALLENDE,3,SAN MIGUEL DE ALLENDE,172,C04,106,178,2,1,1,13,162,479,0,13,492,715
11,GUANAJUATO,9,SAN MIGUEL DE ALLENDE,3,SAN MIGUEL DE ALLENDE,172,S01,10,30,0,0,1,2,25,70,0,0,70,0
11,GUANAJUATO,9,SAN MIGUEL DE ALLENDE,3,SAN MIGUEL DE ALLENDE,173,B,80,156,1,2,3,9,144,407,0,5,412,634
11,GUANAJUATO,9,SAN MIGUEL DE ALLENDE,3,SAN MIGUEL DE ALLENDE,173,C01,65,135,3,5,4,8,127,357,0,14,371,634
11,GUANAJUATO,9,SAN MIGUEL DE ALLENDE,3,SAN MIGUEL DE ALLENDE,173,C02,82,131,1,5,3,10,148,385,0,10,395,634
11,GUANAJUATO,9,SAN MIGUEL DE ALLENDE,3,SAN MIGUEL DE ALLENDE,173,C03,89,137,2,3,1,7,134,389,0,15,404,634
11,GUANAJUATO,9,SAN MIGUEL DE ALLENDE,3,SAN MIGUEL DE ALLENDE,173,C04,62,139,2,3,3,9,126,355,0,10,365,634
11,GUANAJUATO,9,SAN MIGUEL DE ALLENDE,3,SAN MIGUEL DE ALLENDE,173,C05,66,125,5,7,1,8,131,356,0,13,369,634
11,GUANAJUATO,9,SAN MIGUEL DE ALLENDE,3,SAN MIGUEL DE ALLENDE,174,B,62,153,1,2,3,6,114,347,1,10,358,669
11,GUANAJUATO,9,SAN MIGUEL DE ALLENDE,3,SAN MIGUEL DE ALLENDE,174,C01,75,137,5,5,5,6,127,373,0,14,387,668
11,GUANAJUATO,9,SAN MIGUEL DE ALLENDE,3,SAN MIGUEL DE ALLENDE,175,B,82,104,4,5,0,5,98,314,0,12,326,623
11,GUANAJUATO,9,SAN MIGUEL DE ALLENDE,3,SAN MIGUEL DE ALLENDE,175,C01,81,83,4,3,7,6,108,299,0,19,318,622
11,GUANAJUATO,9,SAN MIGUEL DE ALLENDE,3,SAN MIGUEL DE ALLENDE,175,C02,86,111,2,5,4,7,76,302,0,11,313,622
11,GUANAJUATO,9,SAN MIGUEL DE ALLENDE,3,SAN MIGUEL DE ALLENDE,175,C03,93,111,4,3,2,5,78,309,0,11,320,622
11,GUANAJUATO,9,SAN MIGUEL DE ALLENDE,3,SAN MIGUEL DE ALLENDE,175,C04,90,122,3,1,5,4,91,327,1,12,340,622
11,GUANAJUATO,9,SAN MIGUEL DE ALLENDE,3,SAN MIGUEL DE ALLENDE,175,S01,8,16,0,2,0,0,36,65,1,6,72,0
11,GUANAJUATO,9,SAN MIGUEL DE ALLENDE,3,SAN MIGUEL DE ALLENDE,175,S02,10,15,0,0,0,1,15,43,0,2,45,0
11,GUANAJUATO,9,SAN MIGUEL DE ALLENDE,3,SAN MIGUEL DE ALLENDE,176,B,144,110,3,1,2,12,64,341,0,10,351,510
11,GUANAJUATO,9,SAN MIGUEL DE ALLENDE,3,SAN MIGUEL DE ALLENDE,176,C01,127,111,1,3,1,5,95,348,0,5,353,510
11,GUANAJUATO,9,SAN MIGUEL DE ALLENDE,3,SAN MIGUEL DE ALLENDE,176,C02,145,96,2,3,1,3,94,349,0,4,353,509
11,GUANAJUATO,9,SAN MIGUEL DE ALLENDE,3,SAN MIGUEL DE ALLENDE,177,B,96,90,4,7,7,6,115,326,0,14,340,640
11,GUANAJUATO,9,SAN MIGUEL DE ALLENDE,3,SAN MIGUEL DE ALLENDE,177,C01,53,120,4,9,6,10,93,297,0,15,312,640
11,GUANAJUATO,9,SAN MIGUEL DE ALLENDE,3,SAN MIGUEL DE ALLENDE,177,C02,96,120,5,4,6,6,94,339,0,15,354,640
11,GUANAJUATO,9,SAN MIGUEL DE ALLENDE,3,SAN MIGUEL DE ALLENDE,178,B,53,130,3,5,2,6,76,275,0,20,295,547
11,GUANAJUATO,9,SAN MIGUEL DE ALLENDE,3,SAN MIGUEL DE ALLENDE,179,B,54,121,1,6,9,3,86,282,0,22,304,578
11,GUANAJUATO,9,SAN MIGUEL DE ALLENDE,3,SAN MIGUEL DE ALLENDE,179,C01,60,94,2,2,4,2,109,278,0,21,299,577
11,GUANAJUATO,9,SAN MIGUEL DE ALLENDE,3,SAN MIGUEL DE ALLENDE,180,B,59,38,3,8,7,10,123,251,0,10,261,539
11,GUANAJUATO,9,SAN MIGUEL DE ALLENDE,3,SAN MIGUEL DE ALLENDE,180,C01,64,36,2,7,11,5,92,221,0,8,229,538
11,GUANAJUATO,9,SAN MIGUEL DE ALLENDE,3,SAN MIGUEL DE ALLENDE,180,C02,52,34,1,5,6,7,125,233,0,5,238,538
11,GUANAJUATO,9,SAN MIGUEL DE ALLENDE,3,SAN MIGUEL DE ALLENDE,181,B,69,102,3,0,3,6,164,350,0,18,368,684
11,GUANAJUATO,9,SAN MIGUEL DE ALLENDE,3,SAN MIGUEL DE ALLENDE,182,B,49,54,3,8,4,7,80,207,0,12,219,439
11,GUANAJUATO,9,SAN MIGUEL DE ALLENDE,3,SAN MIGUEL DE ALLENDE,182,C01,43,63,3,5,2,10,88,214,0,15,229,439
11,GUANAJUATO,9,SAN MIGUEL DE ALLENDE,3,SAN MIGUEL DE ALLENDE,183,B,87,120,1,12,6,12,99,341,0,29,370,725
11,GUANAJUATO,9,SAN MIGUEL DE ALLENDE,3,SAN MIGUEL DE ALLENDE,183,C01,64,164,3,6,2,10,78,329,0,16,345,725
11,GUANAJUATO,9,SAN MIGUEL DE ALLENDE,3,SAN MIGUEL DE ALLENDE,184,B,59,51,3,7,3,0,77,200,0,15,215,512
11,GUANAJUATO,9,SAN MIGUEL DE ALLENDE,3,SAN MIGUEL DE ALLENDE,184,C01,28,37,3,6,7,9,99,194,0,29,223,512
11,GUANAJUATO,9,SAN MIGUEL DE ALLENDE,3,SAN MIGUEL DE ALLENDE,185,B,40,77,1,12,4,12,79,229,0,14,243,535
11,GUANAJUATO,9,SAN MIGUEL DE ALLENDE,3,SAN MIGUEL DE ALLENDE,185,C01,40,78,0,2,2,3,84,210,0,13,223,534
11,GUANAJUATO,9,SAN MIGUEL DE ALLENDE,3,SAN MIGUEL DE ALLENDE,185,C02,44,86,0,3,3,4,83,224,0,19,243,534
11,GUANAJUATO,9,SAN MIGUEL DE ALLENDE,3,SAN MIGUEL DE ALLENDE,186,B,32,82,2,2,4,9,83,216,1,10,227,455
11,GUANAJUATO,9,SAN MIGUEL DE ALLENDE,3,SAN MIGUEL DE ALLENDE,186,C01,35,70,1,3,3,8,93,213,0,21,234,455
11,GUANAJUATO,9,SAN MIGUEL DE ALLENDE,3,SAN MIGUEL DE ALLENDE,187,B,73,53,3,5,5,3,99,241,1,19,261,558
11,GUANAJUATO,9,SAN MIGUEL DE ALLENDE,3,SAN MIGUEL DE ALLENDE,188,B,85,76,4,4,7,8,79,268,0,20,288,576
11,GUANAJUATO,9,SAN MIGUEL DE ALLENDE,3,SAN MIGUEL DE ALLENDE,188,C01,84,118,1,10,6,8,93,331,0,11,342,576
11,GUANAJUATO,9,SAN MIGUEL DE ALLENDE,3,SAN MIGUEL DE ALLENDE,188,C02,59,121,1,5,7,9,73,282,0,12,294,575
11,GUANAJUATO,9,SAN MIGUEL DE ALLENDE,3,SAN MIGUEL DE ALLENDE,188,C03,82,87,2,4,3,4,102,291,0,13,304,575
11,GUANAJUATO,9,SAN MIGUEL DE ALLENDE,3,SAN MIGUEL DE ALLENDE,189,B,94,100,10,11,6,5,136,366,0,13,379,670
11,GUANAJUATO,9,SAN MIGUEL DE ALLENDE,3,SAN MIGUEL DE ALLENDE,189,C01,78,102,4,4,7,15,110,327,0,19,346,669
11,GUANAJUATO,9,SAN MIGUEL DE ALLENDE,3,SAN MIGUEL DE ALLENDE,190,B,87,100,5,12,2,14,102,328,0,14,342,612
11,GUANAJUATO,9,SAN MIGUEL DE ALLENDE,3,SAN MIGUEL DE ALLENDE,190,C01,83,102,1,5,6,4,126,331,0,15,346,612
11,GUANAJUATO,9,SAN MIGUEL DE ALLENDE,3,SAN MIGUEL DE ALLENDE,190,C02,71,82,0,3,2,7,127,295,0,10,305,611
11,GUANAJUATO,9,SAN MIGUEL DE ALLENDE,3,SAN MIGUEL DE ALLENDE,191,B,70,104,2,5,8,3,67,261,0,23,284,610
11,GUANAJUATO,9,SAN MIGUEL DE ALLENDE,3,SAN MIGUEL DE ALLENDE,191,C01,99,92,1,4,7,8,61,280,0,16,296,609
11,GUANAJUATO,9,SAN MIGUEL DE ALLENDE,3,SAN MIGUEL DE ALLENDE,192,B,46,130,2,9,10,5,82,287,0,25,312,616
11,GUANAJUATO,9,SAN MIGUEL DE ALLENDE,3,SAN MIGUEL DE ALLENDE,193,B,76,60,2,5,2,9,89,244,0,12,256,639
11,GUANAJUATO,9,SAN MIGUEL DE ALLENDE,3,SAN MIGUEL DE ALLENDE,194,B,31,90,3,7,9,8,99,247,0,18,265,578
11,GUANAJUATO,9,SAN MIGUEL DE ALLENDE,3,SAN MIGUEL DE ALLENDE,194,C01,38,82,2,15,7,7,104,259,0,15,274,578
11,GUANAJUATO,9,SAN MIGUEL DE ALLENDE,3,SAN MIGUEL DE ALLENDE,194,C02,30,87,4,5,9,7,107,249,0,13,262,578
11,GUANAJUATO,9,SAN MIGUEL DE ALLENDE,3,SAN MIGUEL DE ALLENDE,195,B,57,77,7,13,2,8,95,262,0,19,281,597
11,GUANAJUATO,9,SAN MIGUEL DE ALLENDE,3,SAN MIGUEL DE ALLENDE,196,B,22,68,1,8,2,4,44,149,0,7,156,290
11,GUANAJUATO,9,SAN MIGUEL DE ALLENDE,3,SAN MIGUEL DE ALLENDE,197,B,83,83,4,5,11,11,88,289,1,24,314,578
11,GUANAJUATO,9,SAN MIGUEL DE ALLENDE,3,SAN MIGUEL DE ALLENDE,197,C01,77,69,2,5,6,7,71,244,0,22,266,578
11,GUANAJUATO,9,SAN MIGUEL DE ALLENDE,3,SAN MIGUEL DE ALLENDE,197,C02,69,56,2,10,12,14,83,249,1,18,268,577
11,GUANAJUATO,9,SAN MIGUEL DE ALLENDE,3,SAN MIGUEL DE ALLENDE,198,B,83,92,2,4,4,11,105,307,0,21,328,625
11,GUANAJUATO,9,SAN MIGUEL DE ALLENDE,3,SAN MIGUEL DE ALLENDE,199,B,83,20,1,3,3,1,143,254,0,16,270,522
11,GUANAJUATO,9,SAN MIGUEL DE ALLENDE,3,SAN MIGUEL DE ALLENDE,200,B,68,115,3,1,0,12,110,322,0,6,328,555
11,GUANAJUATO,9,SAN MIGUEL DE ALLENDE,3,SAN MIGUEL DE ALLENDE,200,C01,60,112,4,1,4,15,130,336,0,8,344,555
11,GUANAJUATO,9,SAN MIGUEL DE ALLENDE,3,SAN MIGUEL DE ALLENDE,200,C02,59,98,1,3,1,8,135,315,0,11,326,554
11,GUANAJUATO,9,SAN MIGUEL DE ALLENDE,3,SAN MIGUEL DE ALLENDE,200,E01,73,86,4,6,1,5,83,262,0,11,273,584
11,GUANAJUATO,9,SAN MIGUEL DE ALLENDE,3,SAN MIGUEL DE ALLENDE,200,E01C01,101,91,0,3,3,6,88,296,0,7,303,584
11,GUANAJUATO,9,SAN MIGUEL DE ALLENDE,3,SAN MIGUEL DE ALLENDE,201,B,83,107,0,6,13,12,122,348,0,12,360,726
11,GUANAJUATO,9,SAN MIGUEL DE ALLENDE,3,SAN MIGUEL DE ALLENDE,201,C01,64,152,3,7,9,4,103,343,0,20,363,726
11,GUANAJUATO,9,SAN MIGUEL DE ALLENDE,3,SAN MIGUEL DE ALLENDE,202,B,56,97,0,6,2,6,82,251,0,10,261,591
11,GUANAJUATO,9,SAN MIGUEL DE ALLENDE,3,SAN MIGUEL DE ALLENDE,202,C01,50,108,4,5,5,2,75,254,0,6,260,591
11,GUANAJUATO,9,SAN MIGUEL DE ALLENDE,3,SAN MIGUEL DE ALLENDE,202,C02,50,103,2,3,3,2,90,257,0,8,265,590
11,GUANAJUATO,9,SAN MIGUEL DE ALLENDE,3,SAN MIGUEL DE ALLENDE,202,C03,41,97,2,3,6,9,95,257,0,8,265,590
11,GUANAJUATO,9,SAN MIGUEL DE ALLENDE,3,SAN MIGUEL DE ALLENDE,203,B,22,73,3,1,8,2,55,166,0,12,178,381
11,GUANAJUATO,9,SAN MIGUEL DE ALLENDE,3,SAN MIGUEL DE ALLENDE,203,C01,18,53,2,4,12,3,64,158,0,10,168,381
11,GUANAJUATO,9,SAN MIGUEL DE ALLENDE,3,SAN MIGUEL DE ALLENDE,204,B,58,40,2,5,3,4,42,155,0,9,164,391
11,GUANAJUATO,9,SAN MIGUEL DE ALLENDE,3,SAN MIGUEL DE ALLENDE,204,C01,54,57,1,3,3,3,44,167,0,12,179,390
11,GUANAJUATO,9,SAN MIGUEL DE ALLENDE,3,SAN MIGUEL DE ALLENDE,205,B,85,118,2,6,9,6,128,362,0,15,377,715
11,GUANAJUATO,9,SAN MIGUEL DE ALLENDE,3,SAN MIGUEL DE ALLENDE,205,C01,72,147,2,7,9,11,109,366,0,7,373,715
11,GUANAJUATO,9,SAN MIGUEL DE ALLENDE,3,SAN MIGUEL DE ALLENDE,206,B,56,112,3,9,4,5,122,312,0,17,329,670
11,GUANAJUATO,9,SAN MIGUEL DE ALLENDE,3,SAN MIGUEL DE ALLENDE,206,C01,87,117,2,6,4,7,83,308,0,20,328,669
11,GUANAJUATO,9,SAN MIGUEL DE ALLENDE,3,SAN MIGUEL DE ALLENDE,207,B,34,75,0,3,12,3,49,177,0,17,194,455
11,GUANAJUATO,9,SAN MIGUEL DE ALLENDE,3,SAN MIGUEL DE ALLENDE,207,C01,25,82,3,6,4,1,56,179,0,10,189,454
11,GUANAJUATO,9,SAN MIGUEL DE ALLENDE,3,SAN MIGUEL DE ALLENDE,208,B,33,170,1,3,2,8,60,281,0,18,299,547
11,GUANAJUATO,9,SAN MIGUEL DE ALLENDE,3,SAN MIGUEL DE ALLENDE,208,C01,35,174,2,5,5,3,65,290,0,11,301,547
11,GUANAJUATO,9,SAN MIGUEL DE ALLENDE,3,SAN MIGUEL DE ALLENDE,209,B,99,87,2,1,1,5,79,280,0,14,294,497
11,GUANAJUATO,9,SAN MIGUEL DE ALLENDE,3,SAN MIGUEL DE ALLENDE,209,C01,97,95,2,3,3,6,78,287,0,14,301,496
11,GUANAJUATO,9,SAN MIGUEL DE ALLENDE,3,SAN MIGUEL DE ALLENDE,210,B,36,142,4,0,1,2,75,265,0,10,275,552
11,GUANAJUATO,9,SAN MIGUEL DE ALLENDE,3,SAN MIGUEL DE ALLENDE,210,C01,47,181,1,3,5,4,68,312,0,13,325,551
11,GUANAJUATO,9,SAN MIGUEL DE ALLENDE,3,SAN MIGUEL DE ALLENDE,210,C02,18,176,2,1,4,3,62,269,0,10,279,551
11,GUANAJUATO,9,SAN MIGUEL DE ALLENDE,3,SAN MIGUEL DE ALLENDE,211,B,94,86,3,2,10,3,90,294,0,11,305,609
11,GUANAJUATO,9,SAN MIGUEL DE ALLENDE,3,SAN MIGUEL DE ALLENDE,211,C01,68,113,1,4,4,3,98,297,0,8,305,609
11,GUANAJUATO,9,SAN MIGUEL DE ALLENDE,3,SAN MIGUEL DE ALLENDE,212,B,73,85,3,7,14,5,104,297,0,12,309,565
11,GUANAJUATO,9,SAN MIGUEL DE ALLENDE,3,SAN MIGUEL DE ALLENDE,212,C01,68,94,3,1,13,10,123,316,0,9,325,565
11,GUANAJUATO,9,SAN MIGUEL DE ALLENDE,3,SAN MIGUEL DE ALLENDE,213,B,81,64,11,9,11,10,67,260,0,13,273,612
11,GUANAJUATO,9,SAN MIGUEL DE ALLENDE,3,SAN MIGUEL DE ALLENDE,213,C01,55,57,5,7,13,6,88,240,0,17,257,611
11,GUANAJUATO,9,SAN MIGUEL DE ALLENDE,3,SAN MIGUEL DE ALLENDE,214,B,73,32,1,0,1,2,27,136,0,3,139,551
11,GUANAJUATO,9,SAN MIGUEL DE ALLENDE,3,SAN MIGUEL DE ALLENDE,214,C01,96,45,0,0,2,2,33,182,0,18,200,551
11,GUANAJUATO,9,SAN MIGUEL DE ALLENDE,3,SAN MIGUEL DE ALLENDE,214,E01,101,70,1,3,4,2,28,209,0,5,214,481
11,GUANAJUATO,9,SAN MIGUEL DE ALLENDE,3,SAN MIGUEL DE ALLENDE,214,E01C01,67,79,1,1,2,2,48,200,0,14,214,481
11,GUANAJUATO,9,SAN MIGUEL DE ALLENDE,3,SAN MIGUEL DE ALLENDE,215,B,87,103,1,2,4,4,48,251,1,19,271,552
11,GUANAJUATO,9,SAN MIGUEL DE ALLENDE,3,SAN MIGUEL DE ALLENDE,216,B,73,95,1,8,4,9,99,298,0,21,319,565
11,GUANAJUATO,9,SAN MIGUEL DE ALLENDE,3,SAN MIGUEL DE ALLENDE,216,C01,73,101,3,2,0,9,122,320,0,12,332,564
11,GUANAJUATO,9,SAN MIGUEL DE ALLENDE,3,SAN MIGUEL DE ALLENDE,216,C02,75,83,0,5,1,8,88,277,0,9,286,564
11,GUANAJUATO,9,SAN MIGUEL DE ALLENDE,3,SAN MIGUEL DE ALLENDE,216,C03,68,87,1,3,5,5,101,279,0,16,295,564
11,GUANAJUATO,9,SAN MIGUEL DE ALLENDE,3,SAN MIGUEL DE ALLENDE,216,E01,93,37,1,3,4,5,107,251,0,8,259,477
11,GUANAJUATO,9,SAN MIGUEL DE ALLENDE,3,SAN MIGUEL DE ALLENDE,216,E01C01,66,61,1,7,3,3,108,252,0,5,257,476
11,GUANAJUATO,9,SAN MIGUEL DE ALLENDE,3,SAN MIGUEL DE ALLENDE,217,B,70,103,6,9,18,12,141,365,0,21,386,738
11,GUANAJUATO,9,SAN MIGUEL DE ALLENDE,3,SAN MIGUEL DE ALLENDE,218,B,58,123,4,9,11,6,117,334,1,22,357,632
11,GUANAJUATO,9,SAN MIGUEL DE ALLENDE,3,SAN MIGUEL DE ALLENDE,218,C01,28,104,1,1,5,3,51,195,0,6,201,632
11,GUANAJUATO,9,SAN MIGUEL DE ALLENDE,3,SAN MIGUEL DE ALLENDE,218,E01,28,103,1,1,5,3,50,193,0,7,200,380
11,GUANAJUATO,9,SAN MIGUEL DE ALLENDE,3,SAN MIGUEL DE ALLENDE,218,E01C01,17,126,0,7,4,6,40,201,0,13,214,379
11,GUANAJUATO,9,SAN MIGUEL DE ALLENDE,3,SAN MIGUEL DE ALLENDE,219,B,41,119,0,7,7,3,96,276,0,15,291,506
11,GUANAJUATO,9,SAN MIGUEL DE ALLENDE,3,SAN MIGUEL DE ALLENDE,219,C01,49,103,0,5,7,10,61,240,0,9,249,506
11,GUANAJUATO,9,SAN MIGUEL DE ALLENDE,3,SAN MIGUEL DE ALLENDE,219,C02,42,87,0,6,4,5,71,220,0,7,227,506
11,GUANAJUATO,9,SAN MIGUEL DE ALLENDE,3,SAN MIGUEL DE ALLENDE,220,B,41,81,2,4,13,5,85,236,0,12,248,511
11,GUANAJUATO,9,SAN MIGUEL DE ALLENDE,3,SAN MIGUEL DE ALLENDE,220,C01,35,70,1,7,8,6,72,200,0,14,214,510
11,GUANAJUATO,9,SAN MIGUEL DE ALLENDE,3,SAN MIGUEL DE ALLENDE,221,B,19,66,1,4,1,4,43,142,0,9,151,318
11,GUANAJUATO,9,SAN MIGUEL DE ALLENDE,3,SAN MIGUEL DE ALLENDE,222,B,71,82,3,12,5,5,88,267,0,14,281,556
11,GUANAJUATO,9,SAN MIGUEL DE ALLENDE,3,SAN MIGUEL DE ALLENDE,222,C01,57,84,1,8,7,7,79,244,0,4,248,555
11,GUANAJUATO,9,SAN MIGUEL DE ALLENDE,3,SAN MIGUEL DE ALLENDE,223,B,42,46,2,5,7,7,86,196,0,9,205,401
11,GUANAJUATO,9,SAN MIGUEL DE ALLENDE,3,SAN MIGUEL DE ALLENDE,223,C01,28,36,2,8,2,1,74,152,0,21,173,400
11,GUANAJUATO,9,SAN MIGUEL DE ALLENDE,3,SAN MIGUEL DE ALLENDE,224,B,25,78,0,3,8,13,98,226,0,10,236,517
11,GUANAJUATO,9,SAN MIGUEL DE ALLENDE,3,SAN MIGUEL DE ALLENDE,224,C01,33,78,2,4,7,5,123,254,0,11,265,516
11,GUANAJUATO,9,SAN MIGUEL DE ALLENDE,3,SAN MIGUEL DE ALLENDE,225,B,46,55,1,7,4,9,84,213,0,14,227,455
11,GUANAJUATO,9,SAN MIGUEL DE ALLENDE,3,SAN MIGUEL DE ALLENDE,225,C01,42,46,0,6,10,11,71,194,0,13,207,454
11,GUANAJUATO,9,SAN MIGUEL DE ALLENDE,3,SAN MIGUEL DE ALLENDE,226,B,24,82,1,3,5,4,62,183,0,17,200,595
11,GUANAJUATO,9,SAN MIGUEL DE ALLENDE,3,SAN MIGUEL DE ALLENDE,226,C01,27,94,0,6,13,8,77,226,0,15,241,594
11,GUANAJUATO,9,SAN MIGUEL DE ALLENDE,3,SAN MIGUEL DE ALLENDE,227,B,32,159,1,3,4,2,65,268,1,23,292,611
11,GUANAJUATO,9,SAN MIGUEL DE ALLENDE,3,SAN MIGUEL DE ALLENDE,227,C01,25,143,4,6,1,4,81,268,0,24,292,611
11,GUANAJUATO,9,SAN MIGUEL DE ALLENDE,3,SAN MIGUEL DE ALLENDE,227,C02,26,182,1,4,1,4,60,279,0,18,297,611
11,GUANAJUATO,9,SAN MIGUEL DE ALLENDE,3,SAN MIGUEL DE ALLENDE,228,B,42,58,2,2,8,6,114,256,0,10,266,480
11,GUANAJUATO,9,SAN MIGUEL DE ALLENDE,3,SAN MIGUEL DE ALLENDE,229,B,30,39,1,5,5,8,150,241,0,16,257,551
11,GUANAJUATO,9,SAN MIGUEL DE ALLENDE,3,SAN MIGUEL DE ALLENDE,229,C01,26,59,1,4,11,8,105,218,0,12,230,551
11,GUANAJUATO,9,SAN MIGUEL DE ALLENDE,3,SAN MIGUEL DE ALLENDE,230,B,42,21,3,4,26,7,156,264,0,19,283,497
11,GUANAJUATO,9,SAN MIGUEL DE ALLENDE,3,SAN MIGUEL DE ALLENDE,230,C01,41,27,3,6,27,7,102,223,0,14,237,496
11,GUANAJUATO,9,SAN MIGUEL DE ALLENDE,3,SAN MIGUEL DE ALLENDE,231,B,56,34,0,6,6,11,76,194,0,11,205,380
11,GUANAJUATO,9,SAN MIGUEL DE ALLENDE,3,SAN MIGUEL DE ALLENDE,231,C01,45,23,9,3,3,7,71,166,0,12,178,379
11,GUANAJUATO,9,SAN MIGUEL DE ALLENDE,3,SAN MIGUEL DE ALLENDE,232,B,40,13,0,1,1,3,17,88,0,8,96,259
11,GUANAJUATO,9,SAN MIGUEL DE ALLENDE,3,SAN MIGUEL DE ALLENDE,233,B,103,66,1,3,7,2,59,241,0,18,259,499
11,GUANAJUATO,9,SAN MIGUEL DE ALLENDE,3,SAN MIGUEL DE ALLENDE,233,C01,102,77,3,2,11,2,42,239,0,20,259,499
11,GUANAJUATO,9,SAN MIGUEL DE ALLENDE,3,SAN MIGUEL DE ALLENDE,234,B,51,54,2,5,6,2,60,183,0,9,192,306
11,GUANAJUATO,9,SAN MIGUEL DE ALLENDE,3,SAN MIGUEL DE ALLENDE,235,B,87,39,2,14,11,12,98,266,0,18,284,537
11,GUANAJUATO,9,SAN MIGUEL DE ALLENDE,3,SAN MIGUEL DE ALLENDE,235,C01,103,42,5,9,10,8,79,260,0,19,279,536
11,GUANAJUATO,9,SAN MIGUEL DE ALLENDE,3,SAN MIGUEL DE ALLENDE,236,B,88,20,3,2,6,6,115,243,0,19,262,593
11,GUANAJUATO,9,SAN MIGUEL DE ALLENDE,3,SAN MIGUEL DE ALLENDE,236,C01,90,22,4,15,9,9,116,267,0,18,285,592
11,GUANAJUATO,9,SAN MIGUEL DE ALLENDE,3,SAN MIGUEL DE ALLENDE,237,B,7,240,0,3,9,3,15,279,0,17,296,659
11,GUANAJUATO,9,SAN MIGUEL DE ALLENDE,3,SAN MIGUEL DE ALLENDE,238,B,19,157,2,3,4,1,27,214,0,10,224,439
11,GUANAJUATO,9,SAN MIGUEL DE ALLENDE,3,SAN MIGUEL DE ALLENDE,238,C01,21,159,1,4,2,1,44,234,0,11,245,438
11,GUANAJUATO,9,SAN MIGUEL DE ALLENDE,3,SAN MIGUEL DE ALLENDE,239,B,19,68,2,9,3,2,51,156,1,11,168,345
11,GUANAJUATO,9,SAN MIGUEL DE ALLENDE,3,SAN MIGUEL DE ALLENDE,240,B,7,60,0,3,0,1,24,97,0,6,103,194
11,GUANAJUATO,9,SAN MIGUEL DE ALLENDE,3,SAN MIGUEL DE ALLENDE,241,B,12,196,0,3,1,4,50,266,0,23,289,589
11,GUANAJUATO,9,SAN MIGUEL DE ALLENDE,3,SAN MIGUEL DE ALLENDE,242,B,29,176,4,2,4,1,126,344,0,21,365,708
11,GUANAJUATO,9,SAN MIGUEL DE ALLENDE,3,SAN MIGUEL DE ALLENDE,243,B,13,246,0,2,0,62,26,349,0,12,361,569
11,GUANAJUATO,9,SAN MIGUEL DE ALLENDE,3,SAN MIGUEL DE ALLENDE,3212,B,51,74,1,6,1,8,97,247,0,10,257,568
11,GUANAJUATO,9,SAN MIGUEL DE ALLENDE,3,SAN MIGUEL DE ALLENDE,3212,C01,38,90,2,1,1,3,90,239,0,20,259,568
11,GUANAJUATO,9,SAN MIGUEL DE ALLENDE,3,SAN MIGUEL DE ALLENDE,3212,C02,41,88,2,4,0,7,89,245,0,12,257,568
11,GUANAJUATO,9,SAN MIGUEL DE ALLENDE,3,SAN MIGUEL DE ALLENDE,3213,B,60,118,4,1,2,9,85,292,0,14,306,624
11,GUANAJUATO,9,SAN MIGUEL DE ALLENDE,3,SAN MIGUEL DE ALLENDE,3213,C01,59,104,2,3,5,9,119,312,0,15,327,624
11,GUANAJUATO,9,SAN MIGUEL DE ALLENDE,3,SAN MIGUEL DE ALLENDE,3213,C02,56,92,6,5,2,3,91,267,0,16,283,624
11,GUANAJUATO,9,SAN MIGUEL DE ALLENDE,3,SAN MIGUEL DE ALLENDE,3213,C03,50,110,1,3,3,11,94,280,0,11,291,623
11,GUANAJUATO,9,SAN MIGUEL DE ALLENDE,3,SAN MIGUEL DE ALLENDE,3213,C04,61,116,1,2,3,6,97,297,0,11,308,623
11,GUANAJUATO,9,SAN MIGUEL DE ALLENDE,3,SAN MIGUEL DE ALLENDE,3214,B,53,107,6,3,3,8,138,329,0,16,345,665
11,GUANAJUATO,9,SAN MIGUEL DE ALLENDE,3,SAN MIGUEL DE ALLENDE,3214,C01,83,119,5,2,2,9,114,352,0,13,365,665
11,GUANAJUATO,9,SAN MIGUEL DE ALLENDE,3,SAN MIGUEL DE ALLENDE,3214,C02,54,125,4,4,1,16,135,350,1,18,369,665
11,GUANAJUATO,9,SAN MIGUEL DE ALLENDE,3,SAN MIGUEL DE ALLENDE,3214,C03,57,136,1,3,1,6,146,364,0,22,386,664
11,GUANAJUATO,22,ACAMBARO,4,APASEO EL ALTO,244,B,191,7,1,23,0,55,106,390,0,31,421,730
11,GUANAJUATO,22,ACAMBARO,4,APASEO EL ALTO,244,C01,205,9,0,21,0,62,113,417,0,18,435,729
11,GUANAJUATO,22,ACAMBARO,4,APASEO EL ALTO,245,B,204,22,3,16,0,48,99,401,0,13,414,669
11,GUANAJUATO,22,ACAMBARO,4,APASEO EL ALTO,245,C01,216,10,1,10,0,90,90,428,0,14,442,668
11,GUANAJUATO,22,ACAMBARO,4,APASEO EL ALTO,246,B,139,16,4,15,0,47,88,315,0,7,322,531
11,GUANAJUATO,22,ACAMBARO,4,APASEO EL ALTO,246,C01,136,17,1,13,0,39,82,290,0,11,301,531
11,GUANAJUATO,22,ACAMBARO,4,APASEO EL ALTO,246,C02,134,8,1,16,0,38,75,279,0,10,289,530
11,GUANAJUATO,22,ACAMBARO,4,APASEO EL ALTO,247,B,168,10,0,10,0,42,60,294,0,17,311,562
11,GUANAJUATO,22,ACAMBARO,4,APASEO EL ALTO,247,C01,138,6,0,12,0,48,72,279,0,17,296,561
11,GUANAJUATO,22,ACAMBARO,4,APASEO EL ALTO,247,C02,163,2,3,15,0,57,55,297,1,16,314,561
11,GUANAJUATO,22,ACAMBARO,4,APASEO EL ALTO,248,B,253,13,1,9,0,34,89,408,1,19,428,665
11,GUANAJUATO,22,ACAMBARO,4,APASEO EL ALTO,248,C01,192,8,1,12,0,47,92,359,0,16,375,664
11,GUANAJUATO,22,ACAMBARO,4,APASEO EL ALTO,248,S01,24,1,0,0,0,12,10,48,0,2,50,0
11,GUANAJUATO,22,ACAMBARO,4,APASEO EL ALTO,249,B,156,14,1,5,0,35,71,283,0,5,288,448
11,GUANAJUATO,22,ACAMBARO,4,APASEO EL ALTO,249,C01,157,9,1,14,0,28,61,279,0,7,286,448
11,GUANAJUATO,22,ACAMBARO,4,APASEO EL ALTO,250,B,144,2,0,13,0,35,61,256,0,11,267,461
11,GUANAJUATO,22,ACAMBARO,4,APASEO EL ALTO,250,C01,147,7,1,17,0,26,69,269,0,9,278,460
11,GUANAJUATO,22,ACAMBARO,4,APASEO EL ALTO,251,B,170,5,0,13,0,54,104,348,0,27,375,666
11,GUANAJUATO,22,ACAMBARO,4,APASEO EL ALTO,251,C01,156,0,0,38,0,47,111,352,0,15,367,665
11,GUANAJUATO,22,ACAMBARO,4,APASEO EL ALTO,251,C02,184,6,0,26,0,58,102,381,0,12,393,665
11,GUANAJUATO,22,ACAMBARO,4,APASEO EL ALTO,251,C03,160,6,2,17,0,55,82,327,0,12,339,665
11,GUANAJUATO,22,ACAMBARO,4,APASEO EL ALTO,252,B,103,8,2,18,0,54,112,300,0,21,321,669
11,GUANAJUATO,22,ACAMBARO,4,APASEO EL ALTO,252,C01,112,7,1,18,0,45,86,272,0,17,289,669
11,GUANAJUATO,22,ACAMBARO,4,APASEO EL ALTO,252,C02,108,5,2,25,0,54,71,272,0,22,294,669
11,GUANAJUATO,22,ACAMBARO,4,APASEO EL ALTO,252,C03,124,10,3,32,0,50,89,317,0,24,341,668
11,GUANAJUATO,22,ACAMBARO,4,APASEO EL ALTO,252,C04,134,9,2,18,0,50,81,301,0,14,315,668
11,GUANAJUATO,22,ACAMBARO,4,APASEO EL ALTO,253,B,186,11,1,14,0,32,79,335,0,15,350,527
11,GUANAJUATO,22,ACAMBARO,4,APASEO EL ALTO,254,B,140,7,0,8,0,28,78,265,0,9,274,452
11,GUANAJUATO,22,ACAMBARO,4,APASEO EL ALTO,254,C01,144,5,2,13,0,30,58,257,1,8,266,452
11,GUANAJUATO,22,ACAMBARO,4,APASEO EL ALTO,255,B,144,6,3,22,0,53,69,301,0,23,324,580
11,GUANAJUATO,22,ACAMBARO,4,APASEO EL ALTO,255,C01,148,8,1,19,0,49,64,290,0,16,306,580
11,GUANAJUATO,22,ACAMBARO,4,APASEO EL ALTO,255,C02,136,4,2,8,0,36,62,252,0,17,269,580
11,GUANAJUATO,22,ACAMBARO,4,APASEO EL ALTO,256,B,162,8,1,12,0,43,58,288,0,10,298,555
11,GUANAJUATO,22,ACAMBARO,4,APASEO EL ALTO,256,C01,143,9,1,20,0,46,59,283,0,11,294,554
11,GUANAJUATO,22,ACAMBARO,4,APASEO EL ALTO,256,C02,111,3,0,21,0,36,68,243,0,20,263,554
11,GUANAJUATO,22,ACAMBARO,4,APASEO EL ALTO,257,B,118,4,0,27,0,47,90,287,0,11,298,510
11,GUANAJUATO,22,ACAMBARO,4,APASEO EL ALTO,257,C01,123,5,1,18,0,55,78,281,0,16,297,509
11,GUANAJUATO,22,ACAMBARO,4,APASEO EL ALTO,257,C02,135,5,0,22,0,44,76,288,0,7,295,509
11,GUANAJUATO,22,ACAMBARO,4,APASEO EL ALTO,258,B,143,12,2,14,0,40,80,297,0,13,310,553
11,GUANAJUATO,22,ACAMBARO,4,APASEO EL ALTO,258,C01,102,5,0,16,0,20,48,191,0,10,201,553
11,GUANAJUATO,22,ACAMBARO,4,APASEO EL ALTO,258,C02,123,11,1,19,0,62,71,289,0,12,301,553
11,GUANAJUATO,22,ACAMBARO,4,APASEO EL ALTO,259,B,128,5,0,25,0,51,80,292,0,26,318,673
11,GUANAJUATO,22,ACAMBARO,4,APASEO EL ALTO,259,C01,150,5,0,15,0,67,80,324,1,18,343,672
11,GUANAJUATO,22,ACAMBARO,4,APASEO EL ALTO,260,B,109,6,2,7,0,14,76,217,0,8,225,428
11,GUANAJUATO,22,ACAMBARO,4,APASEO EL ALTO,260,C01,108,4,2,7,0,7,88,220,0,7,227,428
11,GUANAJUATO,22,ACAMBARO,4,APASEO EL ALTO,261,B,88,6,3,16,0,16,169,299,0,14,313,569
11,GUANAJUATO,22,ACAMBARO,4,APASEO EL ALTO,261,C01,61,9,1,18,0,24,121,236,0,25,261,568
11,GUANAJUATO,22,ACAMBARO,4,APASEO EL ALTO,261,C02,67,4,0,15,0,24,132,242,0,20,262,568
11,GUANAJUATO,22,ACAMBARO,4,APASEO EL ALTO,262,B,117,8,2,9,0,12,181,337,0,36,373,736
11,GUANAJUATO,22,ACAMBARO,4,APASEO EL ALTO,263,B,53,11,2,10,0,28,152,257,0,29,286,558
11,GUANAJUATO,22,ACAMBARO,4,APASEO EL ALTO,263,C01,62,6,3,18,0,37,176,304,3,18,325,557
11,GUANAJUATO,22,ACAMBARO,4,APASEO EL ALTO,263,C02,67,10,3,23,0,18,172,296,14,14,324,557
11,GUANAJUATO,22,ACAMBARO,4,APASEO EL ALTO,264,B,128,8,3,9,0,25,243,421,0,27,448,709
11,GUANAJUATO,22,ACAMBARO,4,APASEO EL ALTO,264,C01,140,11,4,19,0,19,247,443,0,20,463,708
11,GUANAJUATO,22,ACAMBARO,4,APASEO EL ALTO,265,B,84,3,3,13,0,11,173,289,1,18,308,516
11,GUANAJUATO,22,ACAMBARO,4,APASEO EL ALTO,265,C01,113,2,0,14,0,8,135,279,0,25,304,516
11,GUANAJUATO,22,ACAMBARO,4,APASEO EL ALTO,265,C02,106,5,0,6,0,15,145,283,0,22,305,516
11,GUANAJUATO,22,ACAMBARO,4,APASEO EL ALTO,266,B,79,6,2,24,0,48,62,221,0,15,236,587
11,GUANAJUATO,22,ACAMBARO,4,APASEO EL ALTO,267,B,63,7,1,24,0,20,43,160,1,9,170,409
11,GUANAJUATO,22,ACAMBARO,4,APASEO EL ALTO,268,B,130,14,1,26,0,30,70,276,0,26,302,747
11,GUANAJUATO,22,ACAMBARO,4,APASEO EL ALTO,269,B,122,14,0,16,0,25,107,290,0,19,309,549
11,GUANAJUATO,22,ACAMBARO,4,APASEO EL ALTO,269,C01,94,8,2,24,0,24,127,280,0,11,291,549
11,GUANAJUATO,22,ACAMBARO,4,APASEO EL ALTO,269,C02,126,4,3,16,0,38,105,296,0,10,306,548
11,GUANAJUATO,22,ACAMBARO,4,APASEO EL ALTO,270,B,86,7,1,8,0,30,55,188,0,4,192,393
11,GUANAJUATO,22,ACAMBARO,4,APASEO EL ALTO,270,C01,65,10,2,11,0,33,52,174,0,9,183,393
11,GUANAJUATO,22,ACAMBARO,4,APASEO EL ALTO,271,B,71,7,2,24,0,29,86,220,0,14,234,506
11,GUANAJUATO,22,ACAMBARO,4,APASEO EL ALTO,271,C01,69,6,1,23,0,29,89,220,0,14,234,505
11,GUANAJUATO,22,ACAMBARO,4,APASEO EL ALTO,271,C02,54,4,1,26,0,22,90,199,0,10,209,505
11,GUANAJUATO,22,ACAMBARO,4,APASEO EL ALTO,272,B,95,5,0,10,0,52,49,216,0,18,234,467
11,GUANAJUATO,22,ACAMBARO,4,APASEO EL ALTO,272,C01,103,3,0,16,0,38,56,221,0,13,234,466
11,GUANAJUATO,22,ACAMBARO,4,APASEO EL ALTO,273,B,62,2,1,22,0,35,62,186,0,8,194,515
11,GUANAJUATO,22,ACAMBARO,4,APASEO EL ALTO,273,C01,61,8,0,20,0,25,100,215,0,16,231,515
11,GUANAJUATO,22,ACAMBARO,4,APASEO EL ALTO,273,C02,53,2,0,28,0,42,88,216,0,13,229,514
11,GUANAJUATO,22,ACAMBARO,4,APASEO EL ALTO,274,B,128,4,3,14,0,56,76,281,0,18,299,546
11,GUANAJUATO,22,ACAMBARO,4,APASEO EL ALTO,275,B,102,6,0,13,0,27,34,184,0,10,194,547
11,GUANAJUATO,22,ACAMBARO,4,APASEO EL ALTO,275,C01,66,7,1,9,0,24,42,149,0,7,156,547
11,GUANAJUATO,22,ACAMBARO,4,APASEO EL ALTO,276,B,115,10,3,15,0,25,60,229,0,21,250,475
11,GUANAJUATO,22,ACAMBARO,4,APASEO EL ALTO,276,C01,100,6,2,25,0,24,81,241,0,23,264,475
11,GUANAJUATO,22,ACAMBARO,4,APASEO EL ALTO,277,B,85,12,1,30,0,41,95,268,0,29,297,691
11,GUANAJUATO,22,ACAMBARO,4,APASEO EL ALTO,278,B,70,18,1,22,0,22,81,221,0,24,245,574
11,GUANAJUATO,22,ACAMBARO,4,APASEO EL ALTO,279,B,81,2,3,20,0,38,43,190,0,8,198,476
11,GUANAJUATO,22,ACAMBARO,4,APASEO EL ALTO,279,C01,60,5,1,15,0,32,55,168,0,8,176,476
11,GUANAJUATO,22,ACAMBARO,4,APASEO EL ALTO,280,B,60,7,7,15,0,43,103,241,1,10,252,487
11,GUANAJUATO,22,ACAMBARO,4,APASEO EL ALTO,280,C01,66,7,2,16,0,38,97,226,0,26,252,486
11,GUANAJUATO,22,ACAMBARO,4,APASEO EL ALTO,281,B,115,21,1,12,0,27,50,232,0,18,250,625
11,GUANAJUATO,22,ACAMBARO,4,APASEO EL ALTO,282,B,135,11,3,17,0,31,85,289,0,16,305,616
11,GUANAJUATO,22,ACAMBARO,4,APASEO EL ALTO,283,B,66,0,1,15,0,24,88,194,0,13,207,416
11,GUANAJUATO,22,ACAMBARO,4,APASEO EL ALTO,283,C01,74,3,1,17,0,31,90,217,0,18,235,415
11,GUANAJUATO,22,ACAMBARO,4,APASEO EL ALTO,284,B,106,7,1,11,0,24,70,230,0,29,259,531
11,GUANAJUATO,22,ACAMBARO,4,APASEO EL ALTO,285,B,61,4,4,21,0,29,60,182,0,15,197,389
11,GUANAJUATO,22,ACAMBARO,4,APASEO EL ALTO,285,C01,54,9,1,15,0,18,60,163,0,14,177,389
11,GUANAJUATO,22,ACAMBARO,4,APASEO EL ALTO,286,B,98,6,3,18,0,47,150,324,0,20,344,715
11,GUANAJUATO,22,ACAMBARO,4,APASEO EL ALTO,286,C01,118,17,2,21,0,42,143,344,0,25,369,715
11,GUANAJUATO,22,ACAMBARO,4,APASEO EL ALTO,287,B,85,12,0,16,0,62,52,229,0,5,234,470
11,GUANAJUATO,17,APASEO EL GRANDE,5,APASEO EL GRANDE,0,VA22,2,0,0,0,0,0,0,2,0,0,2,2
11,GUANAJUATO,17,APASEO EL GRANDE,5,APASEO EL GRANDE,288,B,120,7,0,42,3,3,99,278,0,16,294,636
11,GUANAJUATO,17,APASEO EL GRANDE,5,APASEO EL GRANDE,288,C01,146,8,1,73,3,3,77,317,0,2,319,635
11,GUANAJUATO,17,APASEO EL GRANDE,5,APASEO EL GRANDE,288,C02,151,6,0,85,5,3,69,319,0,7,326,635
11,GUANAJUATO,17,APASEO EL GRANDE,5,APASEO EL GRANDE,288,C03,131,6,0,82,4,3,94,329,0,12,341,635
11,GUANAJUATO,17,APASEO EL GRANDE,5,APASEO EL GRANDE,288,C04,127,7,1,67,1,1,78,286,1,9,296,635
11,GUANAJUATO,17,APASEO EL GRANDE,5,APASEO EL GRANDE,288,C05,131,2,0,64,1,3,104,311,0,4,315,635
11,GUANAJUATO,17,APASEO EL GRANDE,5,APASEO EL GRANDE,289,B,170,11,0,112,6,3,86,395,1,9,405,693
11,GUANAJUATO,17,APASEO EL GRANDE,5,APASEO EL GRANDE,289,C01,198,10,1,108,4,1,99,437,0,17,454,693
11,GUANAJUATO,17,APASEO EL GRANDE,5,APASEO EL GRANDE,289,C02,196,16,0,117,8,5,79,431,0,17,448,692
11,GUANAJUATO,17,APASEO EL GRANDE,5,APASEO EL GRANDE,289,C03,193,7,1,117,5,8,90,428,0,6,434,692
11,GUANAJUATO,17,APASEO EL GRANDE,5,APASEO EL GRANDE,290,B,215,11,2,91,4,4,70,397,0,8,405,631
11,GUANAJUATO,17,APASEO EL GRANDE,5,APASEO EL GRANDE,290,C01,185,8,0,90,5,3,88,386,1,9,396,631
11,GUANAJUATO,17,APASEO EL GRANDE,5,APASEO EL GRANDE,290,C02,198,14,2,84,2,4,98,405,0,6,411,631
11,GUANAJUATO,17,APASEO EL GRANDE,5,APASEO EL GRANDE,291,B,157,13,1,89,8,2,65,348,0,10,358,520
11,GUANAJUATO,17,APASEO EL GRANDE,5,APASEO EL GRANDE,291,C01,169,14,0,93,7,4,55,348,0,12,360,519
11,GUANAJUATO,17,APASEO EL GRANDE,5,APASEO EL GRANDE,291,C02,177,17,0,84,4,2,59,359,0,4,363,519
11,GUANAJUATO,17,APASEO EL GRANDE,5,APASEO EL GRANDE,292,B,201,6,1,106,4,2,85,410,0,5,415,703
11,GUANAJUATO,17,APASEO EL GRANDE,5,APASEO EL GRANDE,292,C01,205,18,3,111,7,5,77,441,0,7,448,702
11,GUANAJUATO,17,APASEO EL GRANDE,5,APASEO EL GRANDE,292,C02,227,14,3,88,7,3,82,437,2,11,450,702
11,GUANAJUATO,17,APASEO EL GRANDE,5,APASEO EL GRANDE,292,C03,220,8,3,89,9,4,84,423,0,7,430,702
11,GUANAJUATO,17,APASEO EL GRANDE,5,APASEO EL GRANDE,292,C04,202,14,2,88,3,7,73,397,1,11,409,702
11,GUANAJUATO,17,APASEO EL GRANDE,5,APASEO EL GRANDE,292,S01,21,0,0,11,0,2,16,52,0,2,54,0
11,GUANAJUATO,17,APASEO EL GRANDE,5,APASEO EL GRANDE,293,B,138,17,1,133,3,4,95,399,0,10,409,610
11,GUANAJUATO,17,APASEO EL GRANDE,5,APASEO EL GRANDE,293,C01,207,8,0,108,6,2,56,394,0,10,404,609
11,GUANAJUATO,17,APASEO EL GRANDE,5,APASEO EL GRANDE,294,B,138,16,12,109,16,6,85,396,0,20,416,738
11,GUANAJUATO,17,APASEO EL GRANDE,5,APASEO EL GRANDE,294,C01,141,10,2,94,6,3,84,347,0,12,359,738
11,GUANAJUATO,17,APASEO EL GRANDE,5,APASEO EL GRANDE,294,C02,123,5,2,108,10,6,86,350,0,16,366,738
11,GUANAJUATO,17,APASEO EL GRANDE,5,APASEO EL GRANDE,294,C03,152,7,0,93,4,6,68,343,0,11,354,738
11,GUANAJUATO,17,APASEO EL GRANDE,5,APASEO EL GRANDE,294,C04,118,6,0,127,8,4,82,352,0,11,363,738
11,GUANAJUATO,17,APASEO EL GRANDE,5,APASEO EL GRANDE,294,C05,135,11,2,99,5,8,73,343,0,10,353,737
11,GUANAJUATO,17,APASEO EL GRANDE,5,APASEO EL GRANDE,294,C06,127,8,1,109,8,7,86,350,0,13,363,737
11,GUANAJUATO,17,APASEO EL GRANDE,5,APASEO EL GRANDE,295,B,135,11,1,70,3,3,63,296,0,16,312,558
11,GUANAJUATO,17,APASEO EL GRANDE,5,APASEO EL GRANDE,295,C01,130,11,0,69,5,4,69,293,0,5,298,557
11,GUANAJUATO,17,APASEO EL GRANDE,5,APASEO EL GRANDE,295,C02,111,5,1,64,7,4,68,270,0,7,277,557
11,GUANAJUATO,17,APASEO EL GRANDE,5,APASEO EL GRANDE,296,B,186,24,3,99,3,4,62,391,0,20,411,602
11,GUANAJUATO,17,APASEO EL GRANDE,5,APASEO EL GRANDE,296,C01,188,25,1,106,9,6,75,420,0,4,424,602
11,GUANAJUATO,17,APASEO EL GRANDE,5,APASEO EL GRANDE,297,B,151,9,1,103,7,2,73,350,0,9,359,521
11,GUANAJUATO,17,APASEO EL GRANDE,5,APASEO EL GRANDE,297,C01,143,7,2,78,8,1,72,316,0,7,323,521
11,GUANAJUATO,17,APASEO EL GRANDE,5,APASEO EL GRANDE,298,B,150,10,4,72,4,5,50,301,0,20,321,692
11,GUANAJUATO,17,APASEO EL GRANDE,5,APASEO EL GRANDE,299,B,68,7,1,76,0,4,49,208,0,19,227,512
11,GUANAJUATO,17,APASEO EL GRANDE,5,APASEO EL GRANDE,299,C01,75,10,3,62,7,10,26,198,0,20,218,512
11,GUANAJUATO,17,APASEO EL GRANDE,5,APASEO EL GRANDE,300,B,127,31,2,49,1,8,38,263,0,45,308,723
11,GUANAJUATO,17,APASEO EL GRANDE,5,APASEO EL GRANDE,300,C01,145,20,2,68,4,5,63,309,0,14,323,722
11,GUANAJUATO,17,APASEO EL GRANDE,5,APASEO EL GRANDE,301,B,111,10,0,70,0,6,42,239,0,14,253,468
11,GUANAJUATO,17,APASEO EL GRANDE,5,APASEO EL GRANDE,301,C01,126,5,0,56,2,3,30,222,0,13,235,467
11,GUANAJUATO,17,APASEO EL GRANDE,5,APASEO EL GRANDE,301,E01,29,13,0,53,3,5,35,139,0,7,146,290
11,GUANAJUATO,17,APASEO EL GRANDE,5,APASEO EL GRANDE,302,B,82,4,4,62,3,2,76,238,0,23,261,604
11,GUANAJUATO,17,APASEO EL GRANDE,5,APASEO EL GRANDE,302,C01,89,5,0,62,1,5,64,229,0,15,244,603
11,GUANAJUATO,17,APASEO EL GRANDE,5,APASEO EL GRANDE,302,C02,79,3,2,51,0,8,92,237,0,21,258,603
11,GUANAJUATO,17,APASEO EL GRANDE,5,APASEO EL GRANDE,302,C03,75,7,0,51,3,5,96,242,0,27,269,603
11,GUANAJUATO,17,APASEO EL GRANDE,5,APASEO EL GRANDE,303,B,64,6,1,57,3,6,77,218,0,17,235,501
11,GUANAJUATO,17,APASEO EL GRANDE,5,APASEO EL GRANDE,303,C01,68,8,4,50,1,9,96,236,0,12,248,501
11,GUANAJUATO,17,APASEO EL GRANDE,5,APASEO EL GRANDE,304,B,80,5,2,105,4,9,99,305,0,17,322,663
11,GUANAJUATO,17,APASEO EL GRANDE,5,APASEO EL GRANDE,304,C01,60,6,2,117,6,9,124,329,0,19,348,662
11,GUANAJUATO,17,APASEO EL GRANDE,5,APASEO EL GRANDE,304,C02,80,12,2,108,3,4,105,316,1,22,339,662
11,GUANAJUATO,17,APASEO EL GRANDE,5,APASEO EL GRANDE,305,B,49,6,2,61,13,3,53,188,0,27,215,507
11,GUANAJUATO,17,APASEO EL GRANDE,5,APASEO EL GRANDE,305,C01,90,4,3,13,11,1,51,176,0,13,189,507
11,GUANAJUATO,17,APASEO EL GRANDE,5,APASEO EL GRANDE,305,C02,59,9,0,54,3,6,75,210,0,20,230,507
11,GUANAJUATO,17,APASEO EL GRANDE,5,APASEO EL GRANDE,306,B,72,6,4,91,11,6,67,259,0,16,275,573
11,GUANAJUATO,17,APASEO EL GRANDE,5,APASEO EL GRANDE,307,B,78,21,2,70,2,4,96,280,0,15,295,587
11,GUANAJUATO,17,APASEO EL GRANDE,5,APASEO EL GRANDE,307,C01,100,15,1,42,4,4,54,227,0,13,240,587
11,GUANAJUATO,17,APASEO EL GRANDE,5,APASEO EL GRANDE,307,C02,105,14,0,63,1,4,75,265,0,18,283,587
11,GUANAJUATO,17,APASEO EL GRANDE,5,APASEO EL GRANDE,308,B,102,12,3,44,0,2,58,225,1,15,241,560
11,GUANAJUATO,17,APASEO EL GRANDE,5,APASEO EL GRANDE,309,B,109,12,2,80,2,2,58,267,0,19,286,517
11,GUANAJUATO,17,APASEO EL GRANDE,5,APASEO EL GRANDE,309,C01,115,7,1,55,5,2,45,230,0,10,240,517
11,GUANAJUATO,17,APASEO EL GRANDE,5,APASEO EL GRANDE,309,C02,118,11,2,44,3,5,50,236,0,8,244,516
11,GUANAJUATO,17,APASEO EL GRANDE,5,APASEO EL GRANDE,310,B,89,8,1,91,4,3,87,283,0,6,289,524
11,GUANAJUATO,17,APASEO EL GRANDE,5,APASEO EL GRANDE,310,C01,85,3,0,85,1,1,89,268,0,7,275,523
11,GUANAJUATO,17,APASEO EL GRANDE,5,APASEO EL GRANDE,311,B,135,5,0,63,4,1,121,333,0,16,349,648
11,GUANAJUATO,17,APASEO EL GRANDE,5,APASEO EL GRANDE,311,C01,123,7,0,77,4,1,101,321,0,7,328,647
11,GUANAJUATO,17,APASEO EL GRANDE,5,APASEO EL GRANDE,311,C02,126,6,4,83,3,1,87,314,0,10,324,647
11,GUANAJUATO,17,APASEO EL GRANDE,5,APASEO EL GRANDE,311,C03,141,8,1,49,5,5,87,297,0,13,310,647
11,GUANAJUATO,17,APASEO EL GRANDE,5,APASEO EL GRANDE,312,B,109,8,0,26,0,2,66,217,0,11,228,399
11,GUANAJUATO,17,APASEO EL GRANDE,5,APASEO EL GRANDE,312,C01,118,10,0,30,3,6,64,238,0,5,243,399
11,GUANAJUATO,17,APASEO EL GRANDE,5,APASEO EL GRANDE,313,B,68,4,0,74,5,0,45,196,0,9,205,444
11,GUANAJUATO,17,APASEO EL GRANDE,5,APASEO EL GRANDE,313,C01,81,4,0,42,4,4,50,189,0,10,199,444
11,GUANAJUATO,17,APASEO EL GRANDE,5,APASEO EL GRANDE,313,E01,115,13,2,50,2,2,73,259,0,7,266,608
11,GUANAJUATO,17,APASEO EL GRANDE,5,APASEO EL GRANDE,314,B,57,11,2,56,7,3,84,222,0,15,237,594
11,GUANAJUATO,17,APASEO EL GRANDE,5,APASEO EL GRANDE,314,C01,51,9,2,51,11,5,91,220,0,14,234,594
11,GUANAJUATO,17,APASEO EL GRANDE,5,APASEO EL GRANDE,314,C02,44,11,3,55,8,3,76,201,0,10,211,594
11,GUANAJUATO,17,APASEO EL GRANDE,5,APASEO EL GRANDE,314,C03,64,10,0,46,5,9,87,227,0,17,244,593
11,GUANAJUATO,17,APASEO EL GRANDE,5,APASEO EL GRANDE,316,B,81,1,0,118,2,11,92,307,0,19,326,649
11,GUANAJUATO,17,APASEO EL GRANDE,5,APASEO EL GRANDE,316,C01,98,13,1,71,2,7,74,274,0,15,289,649
11,GUANAJUATO,17,APASEO EL GRANDE,5,APASEO EL GRANDE,317,B,129,8,0,40,1,17,89,289,0,11,300,559
11,GUANAJUATO,17,APASEO EL GRANDE,5,APASEO EL GRANDE,317,C01,121,12,0,32,5,11,89,275,0,14,289,559
11,GUANAJUATO,17,APASEO EL GRANDE,5,APASEO EL GRANDE,318,B,128,10,5,79,3,18,98,348,1,16,365,676
11,GUANAJUATO,17,APASEO EL GRANDE,5,APASEO EL GRANDE,319,B,107,4,1,58,4,8,77,263,0,16,279,560
11,GUANAJUATO,17,APASEO EL GRANDE,5,APASEO EL GRANDE,319,C01,116,2,1,52,2,3,76,259,0,9,268,560
11,GUANAJUATO,17,APASEO EL GRANDE,5,APASEO EL GRANDE,319,C02,102,4,0,64,3,2,67,244,1,15,260,559
11,GUANAJUATO,17,APASEO EL GRANDE,5,APASEO EL GRANDE,320,B,186,7,2,85,2,9,101,399,0,20,419,689
11,GUANAJUATO,17,APASEO EL GRANDE,5,APASEO EL GRANDE,320,C01,130,1,2,89,2,7,100,333,0,17,350,688
11,GUANAJUATO,17,APASEO EL GRANDE,5,APASEO EL GRANDE,321,B,145,6,2,127,2,6,121,410,0,16,426,680
11,GUANAJUATO,17,APASEO EL GRANDE,5,APASEO EL GRANDE,322,B,112,7,0,90,6,3,99,324,0,10,334,559
11,GUANAJUATO,17,APASEO EL GRANDE,5,APASEO EL GRANDE,322,C01,97,10,0,90,2,2,107,312,0,20,332,559
11,GUANAJUATO,17,APASEO EL GRANDE,5,APASEO EL GRANDE,322,C02,108,5,1,60,4,6,130,316,0,12,328,558
11,GUANAJUATO,17,APASEO EL GRANDE,5,APASEO EL GRANDE,323,B,105,2,0,69,6,7,115,305,0,16,321,516
11,GUANAJUATO,17,APASEO EL GRANDE,5,APASEO EL GRANDE,323,C01,87,11,1,73,3,4,89,273,0,8,281,515
11,GUANAJUATO,17,APASEO EL GRANDE,5,APASEO EL GRANDE,324,B,166,7,1,60,2,3,97,343,0,22,365,693
11,GUANAJUATO,17,APASEO EL GRANDE,5,APASEO EL GRANDE,324,C01,156,5,3,58,4,8,130,370,0,13,383,693
11,GUANAJUATO,17,APASEO EL GRANDE,5,APASEO EL GRANDE,324,C02,154,4,4,54,2,5,138,366,0,15,381,693
11,GUANAJUATO,17,APASEO EL GRANDE,5,APASEO EL GRANDE,325,B,61,5,1,55,2,4,55,186,0,13,199,394
11,GUANAJUATO,17,APASEO EL GRANDE,5,APASEO EL GRANDE,325,C01,57,9,3,36,3,4,49,164,0,13,177,394
11,GUANAJUATO,17,APASEO EL GRANDE,5,APASEO EL GRANDE,326,B,94,18,2,46,7,10,109,288,0,18,306,631
11,GUANAJUATO,17,APASEO EL GRANDE,5,APASEO EL GRANDE,326,C01,101,7,0,50,3,8,126,297,0,12,309,630
11,GUANAJUATO,17,APASEO EL GRANDE,5,APASEO EL GRANDE,326,C02,96,10,0,41,3,5,105,266,0,11,277,630
11,GUANAJUATO,17,APASEO EL GRANDE,5,APASEO EL GRANDE,327,B,83,10,0,34,2,6,60,199,11,0,210,523
11,GUANAJUATO,17,APASEO EL GRANDE,5,APASEO EL GRANDE,327,C01,68,12,0,40,2,6,90,219,0,13,232,523
11,GUANAJUATO,17,APASEO EL GRANDE,5,APASEO EL GRANDE,327,C02,82,10,1,32,1,6,88,221,0,4,225,522
11,GUANAJUATO,17,APASEO EL GRANDE,5,APASEO EL GRANDE,328,B,103,7,4,26,2,9,94,248,0,15,263,634
11,GUANAJUATO,17,APASEO EL GRANDE,5,APASEO EL GRANDE,328,C01,123,11,3,34,5,12,104,300,0,19,319,634
11,GUANAJUATO,17,APASEO EL GRANDE,5,APASEO EL GRANDE,328,C02,115,5,2,21,3,12,96,261,0,16,277,633
11,GUANAJUATO,17,APASEO EL GRANDE,5,APASEO EL GRANDE,329,B,115,12,1,25,3,12,64,238,0,7,245,487
11,GUANAJUATO,17,APASEO EL GRANDE,5,APASEO EL GRANDE,329,C01,147,8,1,25,1,9,62,253,1,12,266,486
11,GUANAJUATO,17,APASEO EL GRANDE,5,APASEO EL GRANDE,330,B,90,7,0,14,7,8,74,203,0,16,219,509
11,GUANAJUATO,17,APASEO EL GRANDE,5,APASEO EL GRANDE,330,C01,102,7,2,27,1,3,99,245,0,8,253,508
11,GUANAJUATO,17,APASEO EL GRANDE,5,APASEO EL GRANDE,330,C02,82,6,1,22,2,7,78,204,0,14,218,508
11,GUANAJUATO,17,APASEO EL GRANDE,5,APASEO EL GRANDE,3275,B,113,21,4,31,30,62,276,541,0,18,559,746
11,GUANAJUATO,17,APASEO EL GRANDE,5,APASEO EL GRANDE,3275,C01,57,15,2,14,6,21,140,257,0,1,258,746
11,GUANAJUATO,17,APASEO EL GRANDE,5,APASEO EL GRANDE,3275,C02,50,15,1,11,10,18,148,255,0,15,270,745
11,GUANAJUATO,17,APASEO EL GRANDE,5,APASEO EL GRANDE,3275,C03,60,12,4,16,7,22,131,257,1,20,278,745
11,GUANAJUATO,17,APASEO EL GRANDE,5,APASEO EL GRANDE,3276,B,118,12,1,49,1,5,86,279,0,21,300,581
11,GUANAJUATO,17,APASEO EL GRANDE,5,APASEO EL GRANDE,3276,C01,137,8,3,35,2,7,100,295,0,12,307,581
11,GUANAJUATO,17,APASEO EL GRANDE,5,APASEO EL GRANDE,3277,B,46,12,2,13,9,18,120,221,0,16,237,688
11,GUANAJUATO,17,APASEO EL GRANDE,5,APASEO EL GRANDE,3277,C01,49,9,2,11,8,17,139,236,0,7,243,688
11,GUANAJUATO,17,APASEO EL GRANDE,5,APASEO EL GRANDE,3277,C02,50,9,1,14,6,19,137,237,0,14,251,687
11,GUANAJUATO,17,APASEO EL GRANDE,5,APASEO EL GRANDE,3277,C03,66,8,2,6,3,20,133,239,0,12,251,687
11,GUANAJUATO,17,APASEO EL GRANDE,5,APASEO EL GRANDE,3277,C04,62,12,1,15,6,27,139,262,0,14,276,687
11,GUANAJUATO,2,SAN LUIS DE LA PAZ,6,ATARJEA,331,B,163,1,0,0,129,0,17,310,0,15,325,401
11,GUANAJUATO,2,SAN LUIS DE LA PAZ,6,ATARJEA,331,C01,177,0,0,0,117,0,12,306,0,11,317,400
11,GUANAJUATO,2,SAN LUIS DE LA PAZ,6,ATARJEA,332,B,111,0,0,0,46,0,2,159,0,3,162,203
11,GUANAJUATO,2,SAN LUIS DE LA PAZ,6,ATARJEA,332,E01,207,0,0,0,151,0,9,367,0,10,377,449
11,GUANAJUATO,2,SAN LUIS DE LA PAZ,6,ATARJEA,332,E02,48,0,0,0,38,0,26,112,0,4,116,159
11,GUANAJUATO,2,SAN LUIS DE LA PAZ,6,ATARJEA,333,B,81,0,0,0,55,0,1,137,0,1,138,163
11,GUANAJUATO,2,SAN LUIS DE LA PAZ,6,ATARJEA,333,E01,188,2,2,0,143,0,34,369,0,11,380,474
11,GUANAJUATO,2,SAN LUIS DE LA PAZ,6,ATARJEA,333,E01C01,195,4,2,0,107,0,29,337,0,13,350,474
11,GUANAJUATO,2,SAN LUIS DE LA PAZ,6,ATARJEA,334,B,318,0,0,0,266,0,16,600,0,12,612,748
11,GUANAJUATO,2,SAN LUIS DE LA PAZ,6,ATARJEA,335,B,191,2,0,0,157,0,22,372,0,17,389,532
11,GUANAJUATO,2,SAN LUIS DE LA PAZ,6,ATARJEA,335,C01,193,0,0,0,160,0,31,384,0,11,395,532
11,GUANAJUATO,15,CELAYA,7,CELAYA,0,VA32,8,0,1,0,0,1,3,13,0,0,13,17
11,GUANAJUATO,16,CELAYA,7,CELAYA,337,B,119,18,3,13,6,29,130,324,0,10,334,548
11,GUANAJUATO,16,CELAYA,7,CELAYA,337,C01,117,6,1,14,11,23,137,313,1,12,326,548
11,GUANAJUATO,16,CELAYA,7,CELAYA,337,C02,125,8,2,11,7,31,139,327,0,9,336,548
11,GUANAJUATO,16,CELAYA,7,CELAYA,338,B,150,17,1,29,13,54,193,461,0,9,470,743
11,GUANAJUATO,16,CELAYA,7,CELAYA,338,C01,162,16,2,25,5,65,178,456,0,12,468,743
11,GUANAJUATO,16,CELAYA,7,CELAYA,338,C02,158,12,2,16,13,52,188,449,0,19,468,743
11,GUANAJUATO,16,CELAYA,7,CELAYA,338,C03,142,14,0,27,9,51,196,447,1,19,467,742
11,GUANAJUATO,16,CELAYA,7,CELAYA,338,C04,173,18,3,27,8,65,185,487,0,10,497,742
11,GUANAJUATO,16,CELAYA,7,CELAYA,339,B,111,8,1,19,10,36,189,382,0,14,396,691
11,GUANAJUATO,16,CELAYA,7,CELAYA,339,C01,107,11,0,17,7,46,201,393,0,13,406,691
11,GUANAJUATO,16,CELAYA,7,CELAYA,339,C02,97,8,0,23,10,41,227,410,0,11,421,690
11,GUANAJUATO,16,CELAYA,7,CELAYA,339,C03,106,14,2,20,8,46,201,397,0,13,410,690
11,GUANAJUATO,16,CELAYA,7,CELAYA,339,C04,96,9,0,28,6,46,189,376,2,20,398,690
11,GUANAJUATO,16,CELAYA,7,CELAYA,339,C05,101,20,0,23,11,44,170,376,0,17,393,690
11,GUANAJUATO,16,CELAYA,7,CELAYA,340,B,73,9,2,19,5,65,189,365,1,20,386,671
11,GUANAJUATO,16,CELAYA,7,CELAYA,340,C01,47,8,1,17,3,51,218,350,0,9,359,671
11,GUANAJUATO,16,CELAYA,7,CELAYA,340,C02,66,9,1,21,9,52,199,359,0,19,378,670
11,GUANAJUATO,16,CELAYA,7,CELAYA,341,B,60,9,0,9,5,36,198,317,0,26,343,670
11,GUANAJUATO,16,CELAYA,7,CELAYA,341,C01,42,5,3,26,5,31,181,293,0,0,293,670
11,GUANAJUATO,16,CELAYA,7,CELAYA,341,C02,52,6,2,18,6,34,194,314,0,6,320,670
11,GUANAJUATO,16,CELAYA,7,CELAYA,341,C03,45,6,1,25,4,23,178,282,0,22,304,670
11,GUANAJUATO,16,CELAYA,7,CELAYA,341,C04,57,5,1,19,4,26,185,302,0,10,312,670
11,GUANAJUATO,16,CELAYA,7,CELAYA,341,C05,52,9,1,18,4,21,177,284,0,28,312,670
11,GUANAJUATO,16,CELAYA,7,CELAYA,341,C06,51,5,0,15,6,33,193,305,0,19,324,670
11,GUANAJUATO,16,CELAYA,7,CELAYA,341,C07,51,5,1,14,13,31,197,312,0,22,334,670
11,GUANAJUATO,16,CELAYA,7,CELAYA,342,B,36,9,2,12,6,28,172,268,0,10,278,627
11,GUANAJUATO,16,CELAYA,7,CELAYA,342,C01,49,0,1,7,9,27,177,279,0,0,279,627
11,GUANAJUATO,16,CELAYA,7,CELAYA,342,C02,54,12,2,15,5,34,157,280,0,16,296,626
11,GUANAJUATO,16,CELAYA,7,CELAYA,342,C03,27,4,3,15,9,29,180,270,0,10,280,626
11,GUANAJUATO,16,CELAYA,7,CELAYA,342,C04,29,11,2,16,8,33,166,265,0,20,285,626
11,GUANAJUATO,16,CELAYA,7,CELAYA,342,C05,43,10,1,13,3,35,164,272,0,15,287,626
11,GUANAJUATO,16,CELAYA,7,CELAYA,343,B,110,9,0,35,5,48,234,445,0,7,452,739
11,GUANAJUATO,16,CELAYA,7,CELAYA,343,C01,70,14,1,33,7,38,210,382,1,18,401,739
11,GUANAJUATO,16,CELAYA,7,CELAYA,343,C02,79,12,1,27,4,48,196,373,0,17,390,739
11,GUANAJUATO,16,CELAYA,7,CELAYA,343,C03,89,7,0,17,10,31,233,392,0,14,406,739
11,GUANAJUATO,16,CELAYA,7,CELAYA,343,C04,87,1,2,32,6,46,215,391,2,16,409,739
11,GUANAJUATO,16,CELAYA,7,CELAYA,343,C05,91,15,1,19,7,38,205,383,0,18,401,739
11,GUANAJUATO,16,CELAYA,7,CELAYA,343,C06,96,7,1,33,13,49,222,428,1,9,438,739
11,GUANAJUATO,16,CELAYA,7,CELAYA,343,C07,92,11,2,26,6,44,222,406,1,12,419,739
11,GUANAJUATO,16,CELAYA,7,CELAYA,343,C08,84,9,1,32,5,45,223,403,0,14,417,739
11,GUANAJUATO,16,CELAYA,7,CELAYA,343,C09,86,8,2,32,11,53,183,380,0,17,397,739
11,GUANAJUATO,16,CELAYA,7,CELAYA,343,C10,86,9,2,23,17,32,226,396,0,12,408,739
11,GUANAJUATO,16,CELAYA,7,CELAYA,343,C11,97,15,4,26,9,63,198,416,0,14,430,739
11,GUANAJUATO,16,CELAYA,7,CELAYA,343,C12,95,12,1,17,12,34,195,369,1,19,389,739
11,GUANAJUATO,16,CELAYA,7,CELAYA,343,C13,86,15,2,32,8,41,221,407,1,15,423,739
11,GUANAJUATO,16,CELAYA,7,CELAYA,343,C14,106,13,0,22,11,50,191,402,1,19,422,739
11,GUANAJUATO,16,CELAYA,7,CELAYA,343,C15,84,10,2,19,8,51,196,376,0,16,392,739
11,GUANAJUATO,16,CELAYA,7,CELAYA,343,C16,79,7,0,33,9,38,222,389,0,14,403,739
11,GUANAJUATO,16,CELAYA,7,CELAYA,343,C17,101,13,5,19,12,44,201,400,1,6,407,738
11,GUANAJUATO,16,CELAYA,7,CELAYA,343,C18,82,11,1,28,5,40,193,364,0,12,376,738
11,GUANAJUATO,16,CELAYA,7,CELAYA,343,C19,95,11,1,27,10,50,193,393,0,9,402,738
11,GUANAJUATO,16,CELAYA,7,CELAYA,343,C20,83,5,0,22,8,50,203,378,0,8,386,738
11,GUANAJUATO,16,CELAYA,7,CELAYA,343,C21,77,15,0,35,5,38,213,384,1,10,395,738
11,GUANAJUATO,16,CELAYA,7,CELAYA,344,B,67,8,1,11,7,33,185,314,0,18,332,673
11,GUANAJUATO,16,CELAYA,7,CELAYA,344,C01,45,10,1,24,6,32,182,305,0,13,318,673
11,GUANAJUATO,16,CELAYA,7,CELAYA,344,C02,61,8,1,30,10,24,191,326,0,2,328,672
11,GUANAJUATO,16,CELAYA,7,CELAYA,344,C03,69,6,6,11,6,37,186,322,0,15,337,672
11,GUANAJUATO,16,CELAYA,7,CELAYA,345,B,90,8,2,22,5,28,197,357,0,17,374,645
11,GUANAJUATO,16,CELAYA,7,CELAYA,345,C01,60,7,1,16,16,23,184,311,0,8,319,644
11,GUANAJUATO,16,CELAYA,7,CELAYA,346,B,57,6,1,21,3,35,169,296,0,12,308,521
11,GUANAJUATO,16,CELAYA,7,CELAYA,346,C01,41,5,1,18,8,29,171,276,1,32,309,521
11,GUANAJUATO,16,CELAYA,7,CELAYA,346,C02,39,8,2,16,6,33,155,261,0,19,280,520
11,GUANAJUATO,16,CELAYA,7,CELAYA,348,B,46,7,0,20,7,25,203,312,0,14,326,588
11,GUANAJUATO,16,CELAYA,7,CELAYA,348,C01,37,15,1,17,7,22,137,242,1,12,255,588
11,GUANAJUATO,16,CELAYA,7,CELAYA,349,B,67,11,1,23,11,31,157,305,0,22,327,604
11,GUANAJUATO,16,CELAYA,7,CELAYA,349,C01,69,6,3,20,6,43,166,317,0,14,331,604
11,GUANAJUATO,16,CELAYA,7,CELAYA,350,B,65,1,1,19,5,35,206,337,0,10,347,583
11,GUANAJUATO,16,CELAYA,7,CELAYA,350,C01,58,12,4,15,7,28,198,325,0,11,336,582
11,GUANAJUATO,16,CELAYA,7,CELAYA,351,B,68,18,3,18,10,16,165,305,0,15,320,457
11,GUANAJUATO,16,CELAYA,7,CELAYA,351,C01,78,12,0,22,6,22,152,295,0,10,305,457
11,GUANAJUATO,16,CELAYA,7,CELAYA,352,B,71,8,2,17,8,23,238,368,0,22,390,674
11,GUANAJUATO,16,CELAYA,7,CELAYA,352,C01,62,9,3,14,6,36,182,315,0,27,342,673
11,GUANAJUATO,16,CELAYA,7,CELAYA,352,C02,71,8,1,16,10,34,225,367,0,13,380,673
11,GUANAJUATO,16,CELAYA,7,CELAYA,352,C03,56,4,1,11,3,41,207,325,0,20,345,673
11,GUANAJUATO,16,CELAYA,7,CELAYA,353,B,73,12,2,19,3,40,184,339,1,15,355,665
11,GUANAJUATO,16,CELAYA,7,CELAYA,353,C01,75,15,1,26,6,40,202,366,0,16,382,665
11,GUANAJUATO,16,CELAYA,7,CELAYA,354,B,58,7,4,9,7,54,265,406,2,32,440,750
11,GUANAJUATO,16,CELAYA,7,CELAYA,355,B,54,13,1,11,6,35,159,280,0,14,294,524
11,GUANAJUATO,16,CELAYA,7,CELAYA,355,C01,54,10,0,11,6,32,170,285,1,33,319,523
11,GUANAJUATO,16,CELAYA,7,CELAYA,355,C02,64,8,3,20,6,35,187,324,0,15,339,523
11,GUANAJUATO,16,CELAYA,7,CELAYA,356,B,177,17,1,12,10,24,136,381,0,8,389,684
11,GUANAJUATO,16,CELAYA,7,CELAYA,356,C01,173,14,2,19,4,21,142,378,0,13,391,683
11,GUANAJUATO,16,CELAYA,7,CELAYA,356,C02,173,13,1,24,7,25,148,402,0,13,415,683
11,GUANAJUATO,16,CELAYA,7,CELAYA,356,C03,161,20,1,24,8,46,135,414,0,5,419,683
11,GUANAJUATO,16,CELAYA,7,CELAYA,356,C04,132,10,5,24,9,29,140,356,0,12,368,683
11,GUANAJUATO,16,CELAYA,7,CELAYA,356,C05,169,13,11,8,7,32,162,402,0,5,407,683
11,GUANAJUATO,16,CELAYA,7,CELAYA,357,B,88,17,1,21,7,34,161,332,0,10,342,610
11,GUANAJUATO,16,CELAYA,7,CELAYA,357,C01,83,14,3,17,7,44,198,367,0,17,384,610
11,GUANAJUATO,16,CELAYA,7,CELAYA,357,C02,77,10,4,16,7,32,179,328,0,14,342,609
11,GUANAJUATO,16,CELAYA,7,CELAYA,358,B,74,12,2,20,10,44,153,318,1,7,326,496
11,GUANAJUATO,16,CELAYA,7,CELAYA,359,B,98,17,5,16,10,32,163,349,1,10,360,493
11,GUANAJUATO,16,CELAYA,7,CELAYA,359,C01,93,20,0,8,5,43,161,333,1,16,350,492
11,GUANAJUATO,15,CELAYA,7,CELAYA,360,B,64,13,4,22,11,35,166,318,0,1,319,548
11,GUANAJUATO,15,CELAYA,7,CELAYA,360,C01,49,18,3,15,4,37,181,312,1,17,330,547
11,GUANAJUATO,15,CELAYA,7,CELAYA,361,B,148,17,2,22,17,38,138,389,0,18,407,642
11,GUANAJUATO,15,CELAYA,7,CELAYA,361,C01,139,23,2,30,13,51,194,456,0,9,465,641
11,GUANAJUATO,15,CELAYA,7,CELAYA,362,B,167,27,5,22,7,38,137,407,1,11,419,581
11,GUANAJUATO,15,CELAYA,7,CELAYA,362,C01,157,15,1,22,4,60,122,393,0,12,405,581
11,GUANAJUATO,15,CELAYA,7,CELAYA,362,C02,149,22,5,30,7,39,139,405,0,9,414,581
11,GUANAJUATO,15,CELAYA,7,CELAYA,362,C03,171,17,3,16,8,34,151,409,0,11,420,580
11,GUANAJUATO,15,CELAYA,7,CELAYA,363,B,103,14,2,32,8,46,131,338,0,10,348,483
11,GUANAJUATO,15,CELAYA,7,CELAYA,363,C01,94,15,1,22,4,30,136,304,0,16,320,482
11,GUANAJUATO,15,CELAYA,7,CELAYA,364,B,68,10,1,19,7,29,138,275,1,17,293,459
11,GUANAJUATO,15,CELAYA,7,CELAYA,364,C01,78,10,0,32,10,16,139,289,0,17,306,459
11,GUANAJUATO,15,CELAYA,7,CELAYA,365,B,98,14,1,25,15,26,167,349,0,17,366,552
11,GUANAJUATO,16,CELAYA,7,CELAYA,366,B,95,13,1,29,4,32,192,368,0,17,385,672
11,GUANAJUATO,16,CELAYA,7,CELAYA,366,C01,92,15,2,9,2,43,207,371,0,7,378,672
11,GUANAJUATO,16,CELAYA,7,CELAYA,366,C02,80,14,1,18,8,39,202,368,0,10,378,672
11,GUANAJUATO,16,CELAYA,7,CELAYA,366,C03,71,12,5,28,8,39,203,369,0,18,387,672
11,GUANAJUATO,16,CELAYA,7,CELAYA,366,C04,79,10,1,16,6,34,201,350,1,16,367,671
11,GUANAJUATO,15,CELAYA,7,CELAYA,367,B,59,6,2,12,8,32,111,233,0,22,255,400
11,GUANAJUATO,15,CELAYA,7,CELAYA,367,C01,41,11,1,15,5,29,133,241,0,12,253,400
11,GUANAJUATO,15,CELAYA,7,CELAYA,368,B,53,7,1,19,11,32,169,297,0,2,299,462
11,GUANAJUATO,15,CELAYA,7,CELAYA,368,C01,59,13,0,23,6,41,156,301,0,9,310,461
11,GUANAJUATO,15,CELAYA,7,CELAYA,369,B,114,11,1,12,7,36,116,304,3,11,318,438
11,GUANAJUATO,15,CELAYA,7,CELAYA,369,C01,109,24,1,16,2,29,105,288,0,10,298,437
11,GUANAJUATO,15,CELAYA,7,CELAYA,370,B,76,7,2,16,5,25,158,291,0,20,311,523
11,GUANAJUATO,15,CELAYA,7,CELAYA,370,C01,67,7,0,15,7,34,178,315,0,3,318,523
11,GUANAJUATO,15,CELAYA,7,CELAYA,371,B,112,11,7,17,5,29,211,396,0,8,404,748
11,GUANAJUATO,15,CELAYA,7,CELAYA,371,C01,107,11,1,18,7,46,178,370,0,16,386,747
11,GUANAJUATO,15,CELAYA,7,CELAYA,372,B,191,13,2,17,4,40,163,433,1,15,449,695
11,GUANAJUATO,15,CELAYA,7,CELAYA,372,C01,198,18,3,12,4,45,160,440,0,12,452,695
11,GUANAJUATO,15,CELAYA,7,CELAYA,373,B,126,11,0,29,11,49,226,458,0,16,474,750
11,GUANAJUATO,15,CELAYA,7,CELAYA,373,C01,79,18,5,24,6,48,230,414,0,13,427,750
11,GUANAJUATO,15,CELAYA,7,CELAYA,374,B,183,24,2,13,4,25,99,357,1,8,366,522
11,GUANAJUATO,15,CELAYA,7,CELAYA,374,C01,178,24,4,14,9,21,78,334,0,9,343,522
11,GUANAJUATO,15,CELAYA,7,CELAYA,374,C02,195,21,4,12,2,23,111,378,0,9,387,522
11,GUANAJUATO,15,CELAYA,7,CELAYA,375,B,87,12,3,21,5,36,172,341,0,18,359,580
11,GUANAJUATO,15,CELAYA,7,CELAYA,375,C01,74,8,3,28,4,39,189,345,0,0,345,580
11,GUANAJUATO,15,CELAYA,7,CELAYA,376,B,165,14,4,17,10,56,219,488,0,22,510,725
11,GUANAJUATO,15,CELAYA,7,CELAYA,376,C01,146,18,2,25,11,65,193,467,1,21,489,724
11,GUANAJUATO,15,CELAYA,7,CELAYA,377,B,103,8,0,15,3,24,165,330,0,8,338,456
11,GUANAJUATO,15,CELAYA,7,CELAYA,377,C01,83,10,2,15,8,32,150,302,0,15,317,455
11,GUANAJUATO,15,CELAYA,7,CELAYA,378,B,110,17,1,23,10,33,157,351,0,0,351,544
11,GUANAJUATO,15,CELAYA,7,CELAYA,378,C01,98,14,3,19,7,24,166,333,0,15,348,543
11,GUANAJUATO,15,CELAYA,7,CELAYA,379,B,104,9,1,0,19,28,167,332,0,14,346,541
11,GUANAJUATO,15,CELAYA,7,CELAYA,379,C01,59,13,1,22,8,43,177,323,0,11,334,541
11,GUANAJUATO,15,CELAYA,7,CELAYA,380,B,66,10,3,15,13,33,114,256,0,11,267,384
11,GUANAJUATO,15,CELAYA,7,CELAYA,380,C01,57,6,0,12,4,30,123,235,0,13,248,384
11,GUANAJUATO,15,CELAYA,7,CELAYA,381,B,72,8,2,29,11,36,214,377,0,17,394,667
11,GUANAJUATO,15,CELAYA,7,CELAYA,381,C01,80,16,4,21,11,50,215,398,2,13,413,666
11,GUANAJUATO,15,CELAYA,7,CELAYA,382,B,54,10,2,19,12,24,133,261,0,17,278,503
11,GUANAJUATO,15,CELAYA,7,CELAYA,382,C01,53,10,2,14,7,36,136,260,0,19,279,503
11,GUANAJUATO,15,CELAYA,7,CELAYA,382,C02,67,7,2,15,9,34,132,270,1,19,290,503
11,GUANAJUATO,15,CELAYA,7,CELAYA,383,B,142,14,5,25,14,59,179,444,2,18,464,730
11,GUANAJUATO,15,CELAYA,7,CELAYA,383,C01,148,16,3,35,9,45,183,446,1,16,463,729
11,GUANAJUATO,15,CELAYA,7,CELAYA,384,B,151,23,3,28,11,43,160,426,0,8,434,676
11,GUANAJUATO,15,CELAYA,7,CELAYA,384,C01,190,17,1,16,10,47,158,448,0,14,462,676
11,GUANAJUATO,15,CELAYA,7,CELAYA,384,C02,170,18,1,24,7,44,147,420,0,17,437,675
11,GUANAJUATO,15,CELAYA,7,CELAYA,385,B,212,21,0,24,9,56,115,442,0,20,462,624
11,GUANAJUATO,15,CELAYA,7,CELAYA,385,C01,173,21,2,25,6,46,133,416,0,10,426,624
11,GUANAJUATO,15,CELAYA,7,CELAYA,386,B,142,11,1,17,7,26,96,306,0,10,316,465
11,GUANAJUATO,15,CELAYA,7,CELAYA,386,C01,123,16,2,20,0,27,98,293,0,13,306,465
11,GUANAJUATO,15,CELAYA,7,CELAYA,387,B,147,16,2,26,5,29,176,409,0,18,427,660
11,GUANAJUATO,15,CELAYA,7,CELAYA,387,C01,98,8,0,18,7,42,189,373,0,14,387,659
11,GUANAJUATO,15,CELAYA,7,CELAYA,388,B,236,26,2,7,4,19,42,349,0,4,353,458
11,GUANAJUATO,15,CELAYA,7,CELAYA,388,C01,220,29,3,7,2,31,56,357,2,6,365,457
11,GUANAJUATO,15,CELAYA,7,CELAYA,389,B,377,47,3,13,3,27,39,519,2,6,527,677
11,GUANAJUATO,15,CELAYA,7,CELAYA,390,B,149,13,0,28,7,30,98,330,1,7,338,453
11,GUANAJUATO,15,CELAYA,7,CELAYA,390,C01,106,10,0,22,12,30,103,287,1,12,300,453
11,GUANAJUATO,15,CELAYA,7,CELAYA,391,B,107,8,2,17,8,23,130,295,1,8,304,456
11,GUANAJUATO,15,CELAYA,7,CELAYA,391,C01,93,10,2,23,8,32,117,289,0,11,300,456
11,GUANAJUATO,15,CELAYA,7,CELAYA,392,B,83,17,3,16,7,42,163,334,1,17,352,559
11,GUANAJUATO,15,CELAYA,7,CELAYA,392,C01,83,9,4,17,3,32,158,308,0,10,318,558
11,GUANAJUATO,15,CELAYA,7,CELAYA,393,B,188,15,1,16,6,29,88,348,0,5,353,465
11,GUANAJUATO,15,CELAYA,7,CELAYA,393,C01,182,21,3,11,2,34,91,351,1,6,358,464
11,GUANAJUATO,15,CELAYA,7,CELAYA,394,B,160,24,2,29,7,31,129,391,0,10,401,614
11,GUANAJUATO,15,CELAYA,7,CELAYA,395,B,131,13,1,9,6,16,70,246,0,15,261,378
11,GUANAJUATO,15,CELAYA,7,CELAYA,396,B,275,26,4,20,3,18,62,417,0,4,421,535
11,GUANAJUATO,15,CELAYA,7,CELAYA,397,B,296,27,5,17,5,27,113,496,0,8,504,664
11,GUANAJUATO,15,CELAYA,7,CELAYA,398,B,75,19,2,15,7,23,130,277,2,9,288,469
11,GUANAJUATO,15,CELAYA,7,CELAYA,398,C01,83,15,0,13,7,30,132,282,2,15,299,468
11,GUANAJUATO,15,CELAYA,7,CELAYA,399,B,153,28,2,17,9,34,155,403,2,21,426,628
11,GUANAJUATO,15,CELAYA,7,CELAYA,399,C01,170,23,1,22,12,24,164,421,1,10,432,628
11,GUANAJUATO,16,CELAYA,7,CELAYA,400,B,86,9,2,16,4,29,135,284,0,15,299,494
11,GUANAJUATO,16,CELAYA,7,CELAYA,400,C01,57,8,0,8,4,26,167,274,0,4,278,494
11,GUANAJUATO,16,CELAYA,7,CELAYA,401,B,83,15,1,16,10,31,214,373,1,14,388,632
11,GUANAJUATO,16,CELAYA,7,CELAYA,401,C01,70,14,2,19,4,26,219,354,1,18,373,631
11,GUANAJUATO,16,CELAYA,7,CELAYA,402,B,190,13,0,20,9,27,127,392,1,12,405,651
11,GUANAJUATO,16,CELAYA,7,CELAYA,402,C01,189,31,1,21,2,22,132,405,0,16,421,651
11,GUANAJUATO,16,CELAYA,7,CELAYA,402,C02,196,15,5,19,4,28,133,408,0,15,423,650
11,GUANAJUATO,16,CELAYA,7,CELAYA,402,C03,155,19,1,19,10,23,154,381,0,6,387,650
11,GUANAJUATO,16,CELAYA,7,CELAYA,402,C04,202,22,2,13,3,15,131,392,0,10,402,650
11,GUANAJUATO,16,CELAYA,7,CELAYA,402,C05,182,19,3,26,5,32,134,404,1,10,415,650
11,GUANAJUATO,16,CELAYA,7,CELAYA,402,C06,215,30,5,15,5,32,112,421,0,9,430,650
11,GUANAJUATO,15,CELAYA,7,CELAYA,403,B,213,18,1,21,6,32,123,424,0,14,438,567
11,GUANAJUATO,15,CELAYA,7,CELAYA,404,B,204,15,0,16,4,28,68,339,0,6,345,472
11,GUANAJUATO,15,CELAYA,7,CELAYA,405,B,205,24,2,26,3,29,138,427,0,23,450,632
11,GUANAJUATO,15,CELAYA,7,CELAYA,406,B,147,18,3,27,5,34,186,425,0,15,440,627
11,GUANAJUATO,15,CELAYA,7,CELAYA,407,B,100,10,3,7,8,33,125,289,0,16,305,453
11,GUANAJUATO,15,CELAYA,7,CELAYA,407,C01,79,12,6,14,5,30,133,282,0,15,297,452
11,GUANAJUATO,15,CELAYA,7,CELAYA,408,B,175,13,0,22,5,32,104,356,0,7,363,474
11,GUANAJUATO,15,CELAYA,7,CELAYA,408,C01,174,8,4,25,8,27,100,349,1,11,361,474
11,GUANAJUATO,15,CELAYA,7,CELAYA,409,B,129,13,1,23,4,32,85,291,0,7,298,377
11,GUANAJUATO,15,CELAYA,7,CELAYA,409,C01,144,17,2,13,7,22,83,290,1,7,298,376
11,GUANAJUATO,15,CELAYA,7,CELAYA,410,B,142,11,3,31,6,52,228,476,0,32,508,738
11,GUANAJUATO,15,CELAYA,7,CELAYA,411,B,71,13,0,14,6,24,106,238,0,13,251,385
11,GUANAJUATO,15,CELAYA,7,CELAYA,411,C01,61,6,0,17,3,38,113,245,0,15,260,385
11,GUANAJUATO,15,CELAYA,7,CELAYA,412,B,155,19,0,35,4,51,176,449,0,14,463,738
11,GUANAJUATO,15,CELAYA,7,CELAYA,412,C01,180,25,3,22,11,56,170,470,0,8,478,738
11,GUANAJUATO,15,CELAYA,7,CELAYA,412,C02,155,18,0,34,8,58,169,453,0,9,462,738
11,GUANAJUATO,15,CELAYA,7,CELAYA,412,C03,146,24,1,28,5,59,196,467,1,14,482,738
11,GUANAJUATO,15,CELAYA,7,CELAYA,412,C04,179,20,2,25,5,43,167,446,0,12,458,738
11,GUANAJUATO,15,CELAYA,7,CELAYA,412,C05,172,16,1,23,8,58,214,502,0,17,519,738
11,GUANAJUATO,15,CELAYA,7,CELAYA,412,C06,169,18,4,28,4,55,156,438,0,10,448,738
11,GUANAJUATO,15,CELAYA,7,CELAYA,412,C07,170,18,3,34,15,53,158,458,1,11,470,737
11,GUANAJUATO,15,CELAYA,7,CELAYA,412,C08,146,23,3,25,8,55,175,444,0,13,457,737
11,GUANAJUATO,15,CELAYA,7,CELAYA,412,C09,147,14,2,17,7,55,180,426,0,8,434,737
11,GUANAJUATO,15,CELAYA,7,CELAYA,412,C10,177,21,1,24,10,46,166,449,0,9,458,737
11,GUANAJUATO,15,CELAYA,7,CELAYA,412,C11,182,18,3,22,11,53,171,464,0,10,474,737
11,GUANAJUATO,15,CELAYA,7,CELAYA,412,C12,164,17,2,28,12,51,168,448,0,4,452,737
11,GUANAJUATO,15,CELAYA,7,CELAYA,413,B,90,9,4,11,8,36,135,296,0,7,303,434
11,GUANAJUATO,15,CELAYA,7,CELAYA,413,C01,75,10,2,16,11,28,133,281,0,18,299,433
11,GUANAJUATO,15,CELAYA,7,CELAYA,414,B,154,19,3,28,3,36,104,354,0,12,366,468
11,GUANAJUATO,15,CELAYA,7,CELAYA,414,C01,164,12,0,20,1,26,101,330,0,7,337,467
11,GUANAJUATO,15,CELAYA,7,CELAYA,415,B,215,18,3,15,5,40,105,411,0,11,422,569
11,GUANAJUATO,15,CELAYA,7,CELAYA,415,C01,164,22,2,24,13,32,142,402,1,6,409,568
11,GUANAJUATO,15,CELAYA,7,CELAYA,416,B,118,15,0,10,11,40,137,337,0,13,350,531
11,GUANAJUATO,15,CELAYA,7,CELAYA,416,C01,127,19,6,17,7,36,117,330,0,16,346,531
11,GUANAJUATO,15,CELAYA,7,CELAYA,417,B,120,13,2,13,10,37,160,359,0,6,365,601
11,GUANAJUATO,15,CELAYA,7,CELAYA,418,B,131,23,2,38,10,29,161,401,0,13,414,656
11,GUANAJUATO,15,CELAYA,7,CELAYA,419,B,134,16,2,23,6,36,133,356,0,8,364,505
11,GUANAJUATO,15,CELAYA,7,CELAYA,420,B,128,12,1,12,4,16,75,252,0,11,263,411
11,GUANAJUATO,15,CELAYA,7,CELAYA,421,B,147,23,1,25,11,37,191,439,0,18,457,733
11,GUANAJUATO,15,CELAYA,7,CELAYA,422,B,143,21,2,22,7,47,147,394,6,18,418,583
11,GUANAJUATO,15,CELAYA,7,CELAYA,422,C01,155,26,1,22,5,39,138,389,6,6,401,583
11,GUANAJUATO,15,CELAYA,7,CELAYA,423,B,106,14,3,20,12,27,197,382,0,28,410,658
11,GUANAJUATO,15,CELAYA,7,CELAYA,424,B,72,5,1,11,5,23,125,243,0,13,256,405
11,GUANAJUATO,15,CELAYA,7,CELAYA,424,C01,69,7,1,10,5,22,111,225,0,16,241,404
11,GUANAJUATO,16,CELAYA,7,CELAYA,425,B,47,7,4,14,6,26,137,245,0,15,260,477
11,GUANAJUATO,16,CELAYA,7,CELAYA,425,C01,39,6,0,10,5,30,136,243,0,4,247,476
11,GUANAJUATO,15,CELAYA,7,CELAYA,426,B,68,10,2,9,3,19,150,261,0,17,278,472
11,GUANAJUATO,15,CELAYA,7,CELAYA,426,C01,71,4,2,9,5,28,153,273,0,13,286,472
11,GUANAJUATO,15,CELAYA,7,CELAYA,427,B,102,16,5,20,10,37,249,444,0,14,458,722
11,GUANAJUATO,15,CELAYA,7,CELAYA,428,B,116,18,2,9,5,36,109,301,2,10,313,441
11,GUANAJUATO,15,CELAYA,7,CELAYA,429,B,95,19,0,15,6,20,85,243,0,7,250,374
11,GUANAJUATO,15,CELAYA,7,CELAYA,430,B,64,9,0,4,1,17,39,136,0,3,139,192
11,GUANAJUATO,15,CELAYA,7,CELAYA,431,B,146,11,3,15,7,39,109,336,0,11,347,502
11,GUANAJUATO,15,CELAYA,7,CELAYA,431,C01,130,19,3,25,3,37,125,344,2,8,354,502
11,GUANAJUATO,15,CELAYA,7,CELAYA,432,B,221,26,6,33,15,35,138,483,0,12,495,694
11,GUANAJUATO,15,CELAYA,7,CELAYA,433,B,209,16,7,18,2,14,97,368,0,4,372,505
11,GUANAJUATO,15,CELAYA,7,CELAYA,434,B,120,21,3,25,6,40,140,358,1,7,366,557
11,GUANAJUATO,15,CELAYA,7,CELAYA,434,C01,137,11,0,25,6,48,137,371,0,8,379,557
11,GUANAJUATO,15,CELAYA,7,CELAYA,435,B,104,13,1,20,10,32,133,314,0,13,327,455
11,GUANAJUATO,15,CELAYA,7,CELAYA,435,C01,96,9,2,13,12,37,141,315,0,16,331,455
11,GUANAJUATO,15,CELAYA,7,CELAYA,436,B,249,32,1,18,4,46,107,465,0,10,475,615
11,GUANAJUATO,15,CELAYA,7,CELAYA,436,C01,248,32,8,11,11,36,104,452,1,12,465,614
11,GUANAJUATO,15,CELAYA,7,CELAYA,436,C02,260,20,8,15,11,39,107,473,1,6,480,614
11,GUANAJUATO,15,CELAYA,7,CELAYA,437,B,177,26,1,14,3,20,68,312,0,5,317,422
11,GUANAJUATO,15,CELAYA,7,CELAYA,437,C01,173,26,2,9,6,31,61,310,0,6,316,422
11,GUANAJUATO,15,CELAYA,7,CELAYA,438,B,151,19,1,24,11,32,210,457,0,17,474,710
11,GUANAJUATO,15,CELAYA,7,CELAYA,439,B,139,20,1,10,3,22,77,281,2,16,299,448
11,GUANAJUATO,15,CELAYA,7,CELAYA,440,B,51,0,3,5,2,5,40,109,3,2,114,178
11,GUANAJUATO,15,CELAYA,7,CELAYA,441,B,104,14,2,20,7,26,173,350,0,11,361,561
11,GUANAJUATO,15,CELAYA,7,CELAYA,442,B,141,15,2,22,11,34,156,389,0,9,398,643
11,GUANAJUATO,15,CELAYA,7,CELAYA,442,C01,155,10,2,18,6,36,156,391,0,13,404,643
11,GUANAJUATO,15,CELAYA,7,CELAYA,443,B,229,20,1,22,3,36,91,405,1,6,412,524
11,GUANAJUATO,15,CELAYA,7,CELAYA,443,C01,221,24,4,15,3,31,87,388,2,8,398,524
11,GUANAJUATO,15,CELAYA,7,CELAYA,444,B,92,20,2,13,3,14,87,233,2,11,246,412
11,GUANAJUATO,15,CELAYA,7,CELAYA,444,C01,87,13,1,11,8,22,97,243,1,6,250,411
11,GUANAJUATO,15,CELAYA,7,CELAYA,444,S01,2,2,0,1,0,2,8,16,0,2,18,0
11,GUANAJUATO,15,CELAYA,7,CELAYA,444,S02,7,1,0,3,0,3,26,40,0,5,45,0
11,GUANAJUATO,15,CELAYA,7,CELAYA,445,B,90,8,1,10,9,33,101,254,0,8,262,407
11,GUANAJUATO,15,CELAYA,7,CELAYA,445,C01,88,6,1,8,2,18,124,249,0,14,263,406
11,GUANAJUATO,15,CELAYA,7,CELAYA,446,B,82,4,1,10,4,13,92,212,0,8,220,383
11,GUANAJUATO,15,CELAYA,7,CELAYA,446,C01,74,9,0,16,3,16,82,207,0,10,217,383
11,GUANAJUATO,15,CELAYA,7,CELAYA,447,B,102,11,2,14,4,16,113,262,0,7,269,404
11,GUANAJUATO,15,CELAYA,7,CELAYA,448,B,190,14,8,28,11,42,147,449,0,14,463,745
11,GUANAJUATO,15,CELAYA,7,CELAYA,449,B,234,23,3,16,9,39,97,427,1,9,437,573
11,GUANAJUATO,15,CELAYA,7,CELAYA,449,C01,220,18,2,20,4,46,101,420,1,3,424,573
11,GUANAJUATO,15,CELAYA,7,CELAYA,449,C02,216,18,1,24,4,36,96,401,1,9,411,573
11,GUANAJUATO,15,CELAYA,7,CELAYA,449,C03,232,26,3,14,1,41,97,417,0,5,422,573
11,GUANAJUATO,15,CELAYA,7,CELAYA,450,B,235,35,0,17,6,27,111,435,0,9,444,591
11,GUANAJUATO,15,CELAYA,7,CELAYA,450,C01,206,30,1,19,8,37,111,425,1,22,448,591
11,GUANAJUATO,15,CELAYA,7,CELAYA,451,B,102,10,3,15,15,35,118,301,0,7,308,462
11,GUANAJUATO,15,CELAYA,7,CELAYA,451,C01,103,15,1,22,5,28,127,306,0,0,306,461
11,GUANAJUATO,15,CELAYA,7,CELAYA,452,B,149,22,2,22,12,44,160,423,0,17,440,646
11,GUANAJUATO,15,CELAYA,7,CELAYA,452,C01,142,14,3,31,15,45,178,433,0,9,442,645
11,GUANAJUATO,15,CELAYA,7,CELAYA,453,B,78,17,0,15,7,23,114,259,0,12,271,410
11,GUANAJUATO,15,CELAYA,7,CELAYA,453,C01,105,6,0,13,3,19,99,246,0,9,255,409
11,GUANAJUATO,15,CELAYA,7,CELAYA,454,B,98,18,3,10,4,29,126,291,0,12,303,467
11,GUANAJUATO,15,CELAYA,7,CELAYA,454,C01,79,18,1,16,4,25,114,262,0,12,274,467
11,GUANAJUATO,15,CELAYA,7,CELAYA,455,B,97,17,3,18,6,33,135,310,0,10,320,475
11,GUANAJUATO,15,CELAYA,7,CELAYA,455,C01,70,7,1,11,6,28,129,254,0,15,269,474
11,GUANAJUATO,15,CELAYA,7,CELAYA,456,B,202,19,5,15,6,35,89,375,0,7,382,513
11,GUANAJUATO,15,CELAYA,7,CELAYA,456,C01,217,25,4,12,5,15,83,365,3,7,375,512
11,GUANAJUATO,15,CELAYA,7,CELAYA,456,C02,171,16,5,14,1,29,114,359,0,9,368,512
11,GUANAJUATO,15,CELAYA,7,CELAYA,457,B,93,8,1,11,7,28,126,278,0,12,290,462
11,GUANAJUATO,15,CELAYA,7,CELAYA,457,C01,89,12,2,14,10,15,115,259,0,17,276,461
11,GUANAJUATO,15,CELAYA,7,CELAYA,458,B,106,23,2,13,5,39,146,339,0,8,347,512
11,GUANAJUATO,15,CELAYA,7,CELAYA,458,C01,78,12,2,23,6,30,136,291,0,17,308,511
11,GUANAJUATO,15,CELAYA,7,CELAYA,459,B,182,17,2,20,9,44,151,429,1,14,444,652
11,GUANAJUATO,15,CELAYA,7,CELAYA,459,C01,155,17,7,22,11,34,157,407,0,18,425,652
11,GUANAJUATO,15,CELAYA,7,CELAYA,460,B,120,15,3,20,10,48,187,406,1,17,424,693
11,GUANAJUATO,15,CELAYA,7,CELAYA,460,C01,137,23,4,27,15,50,157,424,0,12,436,693
11,GUANAJUATO,15,CELAYA,7,CELAYA,460,C02,124,12,5,25,6,37,175,392,1,13,406,692
11,GUANAJUATO,15,CELAYA,7,CELAYA,460,C03,115,26,5,34,9,36,197,426,0,15,441,692
11,GUANAJUATO,15,CELAYA,7,CELAYA,460,C04,110,18,5,31,7,59,205,440,0,13,453,692
11,GUANAJUATO,15,CELAYA,7,CELAYA,460,C05,109,20,3,32,12,45,179,407,0,19,426,692
11,GUANAJUATO,15,CELAYA,7,CELAYA,461,B,102,16,4,23,12,29,190,377,1,14,392,683
11,GUANAJUATO,15,CELAYA,7,CELAYA,462,B,55,4,1,28,4,20,109,227,1,19,247,453
11,GUANAJUATO,15,CELAYA,7,CELAYA,463,B,100,11,5,20,10,26,164,344,0,15,359,541
11,GUANAJUATO,15,CELAYA,7,CELAYA,464,B,123,22,2,18,3,31,169,376,0,18,394,576
11,GUANAJUATO,15,CELAYA,7,CELAYA,465,B,67,16,2,19,3,15,136,261,0,8,269,444
11,GUANAJUATO,15,CELAYA,7,CELAYA,465,C01,68,9,3,17,3,20,135,259,0,22,281,443
11,GUANAJUATO,15,CELAYA,7,CELAYA,466,B,124,10,4,21,8,40,170,381,0,15,396,625
11,GUANAJUATO,15,CELAYA,7,CELAYA,466,C01,110,31,1,13,9,22,177,371,1,15,387,625
11,GUANAJUATO,15,CELAYA,7,CELAYA,467,B,93,12,1,11,6,25,111,265,0,8,273,389
11,GUANAJUATO,15,CELAYA,7,CELAYA,467,C01,79,19,2,19,4,37,88,250,7,5,262,388
11,GUANAJUATO,15,CELAYA,7,CELAYA,468,B,167,11,0,13,3,38,138,375,0,9,384,542
11,GUANAJUATO,15,CELAYA,7,CELAYA,468,C01,169,16,3,19,5,38,117,372,0,7,379,541
11,GUANAJUATO,15,CELAYA,7,CELAYA,469,B,84,19,3,23,9,41,156,339,0,21,360,527
11,GUANAJUATO,15,CELAYA,7,CELAYA,470,B,106,12,4,22,9,42,163,363,0,14,377,624
11,GUANAJUATO,15,CELAYA,7,CELAYA,471,B,142,13,1,19,4,42,199,424,0,16,440,719
11,GUANAJUATO,15,CELAYA,7,CELAYA,471,C01,125,13,2,25,10,55,191,428,1,7,436,718
11,GUANAJUATO,15,CELAYA,7,CELAYA,471,C02,121,24,2,23,8,39,204,428,0,13,441,718
11,GUANAJUATO,15,CELAYA,7,CELAYA,471,C03,119,23,2,19,7,47,228,449,1,8,458,718
11,GUANAJUATO,15,CELAYA,7,CELAYA,471,C04,138,19,2,22,8,38,194,427,0,20,447,718
11,GUANAJUATO,15,CELAYA,7,CELAYA,471,C05,104,16,2,25,14,47,194,412,0,20,432,718
11,GUANAJUATO,15,CELAYA,7,CELAYA,471,C06,105,18,2,23,7,31,219,409,0,21,430,718
11,GUANAJUATO,15,CELAYA,7,CELAYA,472,B,65,12,1,14,5,22,191,315,0,17,332,652
11,GUANAJUATO,15,CELAYA,7,CELAYA,472,C01,61,1,0,0,0,34,196,292,0,14,306,652
11,GUANAJUATO,15,CELAYA,7,CELAYA,472,C02,51,9,3,19,8,25,215,334,1,18,353,651
11,GUANAJUATO,15,CELAYA,7,CELAYA,473,B,64,11,1,15,11,32,178,314,0,17,331,710
11,GUANAJUATO,15,CELAYA,7,CELAYA,473,C01,59,14,3,17,3,36,182,316,0,1,317,709
11,GUANAJUATO,15,CELAYA,7,CELAYA,473,C02,71,10,3,15,5,42,192,338,0,19,357,709
11,GUANAJUATO,15,CELAYA,7,CELAYA,473,C03,63,15,2,16,3,34,214,349,0,20,369,709
11,GUANAJUATO,15,CELAYA,7,CELAYA,473,C04,60,8,3,15,8,24,190,313,1,13,327,709
11,GUANAJUATO,15,CELAYA,7,CELAYA,473,C05,77,12,3,24,4,28,187,338,0,11,349,709
11,GUANAJUATO,15,CELAYA,7,CELAYA,473,C06,73,8,3,21,5,24,193,330,0,19,349,709
11,GUANAJUATO,15,CELAYA,7,CELAYA,474,B,78,10,2,16,8,29,181,326,0,19,345,578
11,GUANAJUATO,15,CELAYA,7,CELAYA,474,C01,77,9,2,22,5,28,180,329,0,17,346,577
11,GUANAJUATO,15,CELAYA,7,CELAYA,475,B,72,13,0,20,11,29,174,322,0,21,343,617
11,GUANAJUATO,15,CELAYA,7,CELAYA,475,C01,63,14,1,17,6,30,174,307,0,21,328,617
11,GUANAJUATO,15,CELAYA,7,CELAYA,476,B,73,16,1,22,6,27,173,325,0,13,338,548
11,GUANAJUATO,15,CELAYA,7,CELAYA,476,C01,73,9,4,25,9,26,151,302,0,21,323,547
11,GUANAJUATO,15,CELAYA,7,CELAYA,476,C02,70,9,3,18,5,28,153,289,0,7,296,547
11,GUANAJUATO,15,CELAYA,7,CELAYA,477,B,84,14,4,11,11,38,217,381,0,15,396,641
11,GUANAJUATO,15,CELAYA,7,CELAYA,477,C01,76,10,0,22,6,26,214,356,0,25,381,641
11,GUANAJUATO,15,CELAYA,7,CELAYA,477,C02,70,13,2,6,6,38,216,353,0,5,358,640
11,GUANAJUATO,15,CELAYA,7,CELAYA,477,C03,74,12,1,17,8,44,210,373,0,15,388,640
11,GUANAJUATO,15,CELAYA,7,CELAYA,478,B,59,10,1,20,5,36,185,321,1,18,340,615
11,GUANAJUATO,15,CELAYA,7,CELAYA,478,C01,46,4,1,15,9,30,203,310,0,24,334,615
11,GUANAJUATO,15,CELAYA,7,CELAYA,478,C02,56,7,0,16,6,34,165,287,0,19,306,615
11,GUANAJUATO,15,CELAYA,7,CELAYA,478,C03,56,7,4,14,11,26,181,301,0,8,309,615
11,GUANAJUATO,15,CELAYA,7,CELAYA,479,B,52,12,1,16,3,20,173,280,0,20,300,613
11,GUANAJUATO,15,CELAYA,7,CELAYA,479,C01,60,7,1,16,5,29,161,280,1,21,302,613
11,GUANAJUATO,15,CELAYA,7,CELAYA,479,C02,54,10,1,20,8,23,176,294,0,19,313,613
11,GUANAJUATO,15,CELAYA,7,CELAYA,480,B,55,11,1,13,2,30,191,307,0,16,323,632
11,GUANAJUATO,15,CELAYA,7,CELAYA,480,C01,51,15,9,14,7,24,162,289,1,22,312,632
11,GUANAJUATO,15,CELAYA,7,CELAYA,480,C02,61,9,0,13,12,34,178,307,0,26,333,631
11,GUANAJUATO,15,CELAYA,7,CELAYA,481,B,70,14,3,25,8,26,236,390,0,21,411,712
11,GUANAJUATO,15,CELAYA,7,CELAYA,481,C01,42,16,2,23,8,36,243,372,0,34,406,712
11,GUANAJUATO,15,CELAYA,7,CELAYA,482,B,58,9,4,19,6,34,173,304,0,25,329,675
11,GUANAJUATO,15,CELAYA,7,CELAYA,482,C01,36,8,1,17,10,27,196,296,0,15,311,675
11,GUANAJUATO,15,CELAYA,7,CELAYA,482,C02,44,11,3,21,3,31,186,304,0,25,329,675
11,GUANAJUATO,15,CELAYA,7,CELAYA,482,C03,49,7,1,19,4,27,157,267,0,16,283,675
11,GUANAJUATO,15,CELAYA,7,CELAYA,483,B,78,16,1,24,9,40,191,365,0,18,383,640
11,GUANAJUATO,15,CELAYA,7,CELAYA,483,C01,80,9,1,33,14,39,213,390,1,15,406,640
11,GUANAJUATO,15,CELAYA,7,CELAYA,484,B,25,10,1,17,1,17,161,235,0,16,251,445
11,GUANAJUATO,15,CELAYA,7,CELAYA,484,C01,32,6,2,7,6,11,167,234,0,16,250,444
11,GUANAJUATO,15,CELAYA,7,CELAYA,485,B,35,7,2,12,3,21,204,286,0,11,297,614
11,GUANAJUATO,15,CELAYA,7,CELAYA,485,C01,39,5,1,16,5,24,212,302,0,16,318,614
11,GUANAJUATO,15,CELAYA,7,CELAYA,486,B,39,11,2,15,5,15,156,245,0,19,264,582
11,GUANAJUATO,15,CELAYA,7,CELAYA,486,C01,46,9,1,9,7,21,140,234,0,13,247,582
11,GUANAJUATO,15,CELAYA,7,CELAYA,486,C02,58,13,2,9,7,18,174,283,0,20,303,582
11,GUANAJUATO,15,CELAYA,7,CELAYA,487,B,62,6,1,14,2,30,181,296,0,8,304,735
11,GUANAJUATO,15,CELAYA,7,CELAYA,487,C01,40,9,1,14,6,27,165,263,0,22,285,735
11,GUANAJUATO,15,CELAYA,7,CELAYA,487,C02,46,11,2,13,7,24,175,283,0,15,298,735
11,GUANAJUATO,15,CELAYA,7,CELAYA,487,C03,46,14,5,22,10,24,192,316,0,7,323,734
11,GUANAJUATO,15,CELAYA,7,CELAYA,487,C04,50,9,0,13,3,33,177,288,0,22,310,734
11,GUANAJUATO,15,CELAYA,7,CELAYA,487,C05,45,5,1,18,3,28,202,304,0,17,321,734
11,GUANAJUATO,15,CELAYA,7,CELAYA,487,C06,38,8,4,15,12,19,201,297,0,22,319,734
11,GUANAJUATO,15,CELAYA,7,CELAYA,488,B,38,6,0,15,5,23,173,262,0,21,283,603
11,GUANAJUATO,15,CELAYA,7,CELAYA,488,C01,40,7,4,11,1,16,147,226,0,19,245,602
11,GUANAJUATO,15,CELAYA,7,CELAYA,489,B,52,12,4,10,7,34,194,317,0,23,340,683
11,GUANAJUATO,15,CELAYA,7,CELAYA,489,C01,51,10,1,14,7,0,227,315,0,25,340,683
11,GUANAJUATO,15,CELAYA,7,CELAYA,489,C02,71,7,0,20,5,27,199,338,0,18,356,683
11,GUANAJUATO,15,CELAYA,7,CELAYA,490,B,79,13,0,15,8,48,217,385,0,10,395,720
11,GUANAJUATO,15,CELAYA,7,CELAYA,490,C01,96,9,3,15,5,37,181,347,0,18,365,719
11,GUANAJUATO,15,CELAYA,7,CELAYA,491,B,83,11,0,12,4,40,153,304,0,13,317,639
11,GUANAJUATO,15,CELAYA,7,CELAYA,491,C01,75,8,1,11,7,29,172,304,0,12,316,639
11,GUANAJUATO,15,CELAYA,7,CELAYA,491,C02,75,16,2,17,6,32,163,314,0,16,330,639
11,GUANAJUATO,15,CELAYA,7,CELAYA,491,C03,55,9,1,13,4,33,173,292,0,24,316,638
11,GUANAJUATO,15,CELAYA,7,CELAYA,492,B,52,15,2,27,3,40,179,323,0,13,336,705
11,GUANAJUATO,15,CELAYA,7,CELAYA,492,C01,58,7,1,16,8,35,193,321,0,14,335,705
11,GUANAJUATO,15,CELAYA,7,CELAYA,492,C02,57,2,5,23,8,41,200,337,0,13,350,705
11,GUANAJUATO,15,CELAYA,7,CELAYA,492,C03,78,10,2,16,8,34,176,326,0,19,345,705
11,GUANAJUATO,15,CELAYA,7,CELAYA,492,C04,74,12,4,24,5,34,184,338,0,11,349,705
11,GUANAJUATO,15,CELAYA,7,CELAYA,492,C05,70,10,0,16,7,28,199,333,0,16,349,705
11,GUANAJUATO,15,CELAYA,7,CELAYA,493,B,67,2,1,8,5,20,105,210,0,17,227,391
11,GUANAJUATO,15,CELAYA,7,CELAYA,493,C01,71,11,2,9,4,36,99,234,0,9,243,391
11,GUANAJUATO,16,CELAYA,7,CELAYA,494,B,148,14,2,16,0,11,121,316,0,15,331,639
11,GUANAJUATO,16,CELAYA,7,CELAYA,494,C01,130,11,0,8,2,6,138,298,0,22,320,639
11,GUANAJUATO,16,CELAYA,7,CELAYA,495,B,123,15,2,8,5,21,183,357,0,21,378,734
11,GUANAJUATO,16,CELAYA,7,CELAYA,495,C01,114,10,2,6,7,20,157,321,0,25,346,733
11,GUANAJUATO,16,CELAYA,7,CELAYA,495,C02,117,15,1,12,5,12,193,356,0,9,365,733
11,GUANAJUATO,16,CELAYA,7,CELAYA,496,B,79,22,1,12,2,7,100,225,0,16,241,448
11,GUANAJUATO,16,CELAYA,7,CELAYA,496,C01,93,12,2,10,5,13,101,240,0,11,251,447
11,GUANAJUATO,16,CELAYA,7,CELAYA,497,B,87,15,2,14,8,22,127,279,0,15,294,604
11,GUANAJUATO,16,CELAYA,7,CELAYA,497,C01,107,8,2,17,7,14,131,289,0,20,309,604
11,GUANAJUATO,16,CELAYA,7,CELAYA,497,C02,100,9,1,9,6,15,119,265,0,11,276,604
11,GUANAJUATO,16,CELAYA,7,CELAYA,498,B,73,9,3,15,10,14,183,309,0,19,328,508
11,GUANAJUATO,16,CELAYA,7,CELAYA,498,C01,72,11,3,12,6,17,135,256,0,9,265,507
11,GUANAJUATO,16,CELAYA,7,CELAYA,498,C02,67,10,3,19,3,25,174,301,0,13,314,507
11,GUANAJUATO,16,CELAYA,7,CELAYA,499,B,97,8,1,16,7,31,173,345,0,6,351,741
11,GUANAJUATO,16,CELAYA,7,CELAYA,499,C01,87,10,3,15,6,14,203,338,0,7,345,741
11,GUANAJUATO,16,CELAYA,7,CELAYA,499,C02,92,25,2,16,10,13,189,352,0,17,369,740
11,GUANAJUATO,16,CELAYA,7,CELAYA,500,B,100,13,3,11,5,7,158,299,0,8,307,604
11,GUANAJUATO,16,CELAYA,7,CELAYA,500,C01,91,3,5,13,2,14,159,290,0,18,308,604
11,GUANAJUATO,16,CELAYA,7,CELAYA,500,C02,82,7,6,4,3,19,178,299,0,10,309,604
11,GUANAJUATO,16,CELAYA,7,CELAYA,500,C03,84,8,1,11,4,18,179,307,0,13,320,604
11,GUANAJUATO,16,CELAYA,7,CELAYA,500,C04,73,8,0,0,8,20,167,276,0,18,294,604
11,GUANAJUATO,16,CELAYA,7,CELAYA,501,B,105,4,1,18,6,23,139,298,0,18,316,603
11,GUANAJUATO,16,CELAYA,7,CELAYA,501,C01,86,7,6,9,6,15,157,291,0,14,305,603
11,GUANAJUATO,16,CELAYA,7,CELAYA,501,C02,87,5,1,17,5,19,163,297,0,9,306,603
11,GUANAJUATO,16,CELAYA,7,CELAYA,501,C03,116,6,5,18,6,15,155,325,0,4,329,603
11,GUANAJUATO,16,CELAYA,7,CELAYA,502,B,118,7,1,16,3,19,174,340,0,7,347,661
11,GUANAJUATO,16,CELAYA,7,CELAYA,502,C01,89,9,6,7,3,15,148,281,0,28,309,661
11,GUANAJUATO,16,CELAYA,7,CELAYA,503,B,101,13,4,5,0,14,126,265,0,14,279,644
11,GUANAJUATO,16,CELAYA,7,CELAYA,503,C01,107,9,2,19,8,24,179,353,0,13,366,644
11,GUANAJUATO,16,CELAYA,7,CELAYA,503,C02,90,5,4,11,1,11,137,262,0,14,276,644
11,GUANAJUATO,16,CELAYA,7,CELAYA,503,C03,86,6,2,21,3,16,164,298,1,11,310,643
11,GUANAJUATO,16,CELAYA,7,CELAYA,504,B,102,8,4,16,8,23,192,353,0,10,363,693
11,GUANAJUATO,16,CELAYA,7,CELAYA,504,C01,131,17,0,13,3,2,163,334,0,12,346,693
11,GUANAJUATO,16,CELAYA,7,CELAYA,505,B,127,0,0,0,0,24,168,319,0,0,319,731
11,GUANAJUATO,16,CELAYA,7,CELAYA,505,C01,124,6,2,13,3,20,142,317,0,15,332,731
11,GUANAJUATO,16,CELAYA,7,CELAYA,505,C02,124,6,2,6,8,21,151,318,0,5,323,730
11,GUANAJUATO,16,CELAYA,7,CELAYA,505,C03,111,8,0,13,11,18,159,324,0,1,325,730
11,GUANAJUATO,16,CELAYA,7,CELAYA,506,B,114,12,1,13,8,22,188,365,0,9,374,700
11,GUANAJUATO,16,CELAYA,7,CELAYA,506,C01,142,6,3,17,1,31,143,347,0,10,357,699
11,GUANAJUATO,16,CELAYA,7,CELAYA,506,C02,109,14,2,17,8,23,159,340,1,17,358,699
11,GUANAJUATO,16,CELAYA,7,CELAYA,507,B,105,13,2,12,6,21,165,325,0,9,334,615
11,GUANAJUATO,16,CELAYA,7,CELAYA,507,C01,120,13,4,10,4,20,167,351,0,13,364,615
11,GUANAJUATO,16,CELAYA,7,CELAYA,507,C02,102,14,1,8,5,22,158,313,0,17,330,614
11,GUANAJUATO,16,CELAYA,7,CELAYA,508,B,52,7,0,11,3,12,147,233,1,17,251,477
11,GUANAJUATO,16,CELAYA,7,CELAYA,508,C01,38,8,1,4,2,3,145,202,0,10,212,476
11,GUANAJUATO,16,CELAYA,7,CELAYA,509,B,58,31,0,11,4,16,166,289,0,19,308,657
11,GUANAJUATO,16,CELAYA,7,CELAYA,509,C01,76,20,4,20,12,13,165,310,0,18,328,657
11,GUANAJUATO,16,CELAYA,7,CELAYA,509,C02,89,15,2,14,9,15,168,313,0,17,330,657
11,GUANAJUATO,16,CELAYA,7,CELAYA,510,B,53,9,3,24,4,14,189,300,0,8,308,620
11,GUANAJUATO,16,CELAYA,7,CELAYA,510,C01,54,3,4,21,3,11,175,272,0,19,291,620
11,GUANAJUATO,16,CELAYA,7,CELAYA,511,B,73,5,3,11,4,20,119,241,0,12,253,571
11,GUANAJUATO,16,CELAYA,7,CELAYA,511,C01,80,16,4,8,7,18,117,257,0,18,275,570
11,GUANAJUATO,16,CELAYA,7,CELAYA,511,C02,73,9,3,10,8,23,140,268,0,6,274,570
11,GUANAJUATO,16,CELAYA,7,CELAYA,511,C03,95,18,1,10,3,24,109,265,0,11,276,570
11,GUANAJUATO,16,CELAYA,7,CELAYA,512,B,54,29,5,15,9,15,192,327,0,6,333,582
11,GUANAJUATO,16,CELAYA,7,CELAYA,512,C01,75,14,5,15,5,18,196,328,0,0,328,582
11,GUANAJUATO,16,CELAYA,7,CELAYA,512,C02,63,9,2,15,6,11,198,313,0,0,313,581
11,GUANAJUATO,16,CELAYA,7,CELAYA,512,C03,76,12,2,10,4,19,172,302,0,15,317,581
11,GUANAJUATO,16,CELAYA,7,CELAYA,513,B,41,9,0,12,6,18,302,395,0,18,413,667
11,GUANAJUATO,16,CELAYA,7,CELAYA,513,C01,64,6,2,13,5,16,287,394,0,12,406,667
11,GUANAJUATO,16,CELAYA,7,CELAYA,513,C02,65,10,4,12,3,16,282,393,0,12,405,667
11,GUANAJUATO,16,CELAYA,7,CELAYA,514,B,197,14,2,15,5,25,163,432,2,20,454,720
11,GUANAJUATO,16,CELAYA,7,CELAYA,514,C01,185,30,1,23,3,18,183,448,0,22,470,719
11,GUANAJUATO,16,CELAYA,7,CELAYA,514,C02,206,18,5,15,1,14,176,441,0,13,454,719
11,GUANAJUATO,16,CELAYA,7,CELAYA,514,C03,169,25,2,7,8,25,191,430,0,12,442,719
11,GUANAJUATO,16,CELAYA,7,CELAYA,514,C04,152,10,1,13,3,24,203,410,0,10,420,719
11,GUANAJUATO,16,CELAYA,7,CELAYA,514,C05,179,19,3,14,5,18,175,421,0,15,436,719
11,GUANAJUATO,16,CELAYA,7,CELAYA,516,B,94,6,1,8,3,16,234,362,0,20,382,730
11,GUANAJUATO,16,CELAYA,7,CELAYA,516,C01,62,5,0,16,4,16,252,358,0,12,370,730
11,GUANAJUATO,16,CELAYA,7,CELAYA,517,B,41,8,3,16,10,11,265,354,0,14,368,704
11,GUANAJUATO,16,CELAYA,7,CELAYA,517,C01,61,3,0,14,10,14,249,357,0,23,380,703
11,GUANAJUATO,16,CELAYA,7,CELAYA,518,B,54,10,3,9,12,22,276,388,0,15,403,702
11,GUANAJUATO,16,CELAYA,7,CELAYA,518,C01,44,15,2,12,5,13,257,354,0,21,375,701
11,GUANAJUATO,16,CELAYA,7,CELAYA,519,B,68,11,0,15,12,18,269,394,0,16,410,692
11,GUANAJUATO,16,CELAYA,7,CELAYA,519,C01,46,7,1,14,7,24,252,351,0,21,372,691
11,GUANAJUATO,16,CELAYA,7,CELAYA,520,B,57,4,2,5,2,13,190,276,0,24,300,684
11,GUANAJUATO,16,CELAYA,7,CELAYA,520,C01,74,6,3,10,10,12,210,325,0,14,339,684
11,GUANAJUATO,16,CELAYA,7,CELAYA,520,C02,42,7,1,11,6,14,195,277,0,13,290,684
11,GUANAJUATO,16,CELAYA,7,CELAYA,520,C03,41,3,4,15,3,14,193,274,0,16,290,684
11,GUANAJUATO,16,CELAYA,7,CELAYA,520,C04,51,6,3,4,1,13,196,274,0,46,320,683
11,GUANAJUATO,16,CELAYA,7,CELAYA,520,C05,56,2,1,15,5,14,242,336,0,15,351,683
11,GUANAJUATO,16,CELAYA,7,CELAYA,521,B,28,8,4,10,6,10,184,257,0,10,267,513
11,GUANAJUATO,16,CELAYA,7,CELAYA,521,C01,52,13,0,10,10,15,165,269,0,16,285,512
11,GUANAJUATO,16,CELAYA,7,CELAYA,521,C02,29,8,3,17,6,10,182,262,0,14,276,512
11,GUANAJUATO,16,CELAYA,7,CELAYA,522,B,37,4,1,11,5,11,207,276,0,17,293,548
11,GUANAJUATO,16,CELAYA,7,CELAYA,522,C01,25,10,2,4,2,9,189,242,0,9,251,548
11,GUANAJUATO,16,CELAYA,7,CELAYA,522,C02,28,3,1,5,4,10,166,218,0,17,235,548
11,GUANAJUATO,16,CELAYA,7,CELAYA,523,B,124,17,2,24,9,36,160,376,0,18,394,719
11,GUANAJUATO,16,CELAYA,7,CELAYA,523,C01,136,12,2,22,10,40,180,405,0,14,419,719
11,GUANAJUATO,16,CELAYA,7,CELAYA,523,C02,101,15,5,21,1,35,210,395,0,0,395,719
11,GUANAJUATO,16,CELAYA,7,CELAYA,523,C03,105,11,1,21,7,40,207,396,0,17,413,719
11,GUANAJUATO,16,CELAYA,7,CELAYA,523,C04,122,22,1,16,7,36,167,373,0,12,385,719
11,GUANAJUATO,16,CELAYA,7,CELAYA,523,C05,116,15,1,18,5,39,191,390,0,0,390,719
11,GUANAJUATO,16,CELAYA,7,CELAYA,524,B,76,10,3,18,11,25,182,325,0,20,345,743
11,GUANAJUATO,16,CELAYA,7,CELAYA,524,C01,78,13,2,18,9,33,210,364,0,13,377,742
11,GUANAJUATO,16,CELAYA,7,CELAYA,524,C02,64,9,1,13,7,18,207,321,0,13,334,742
11,GUANAJUATO,16,CELAYA,7,CELAYA,525,B,38,7,4,12,2,26,185,274,4,11,289,509
11,GUANAJUATO,16,CELAYA,7,CELAYA,525,C01,41,19,4,12,4,18,171,272,0,27,299,509
11,GUANAJUATO,16,CELAYA,7,CELAYA,526,B,93,10,3,24,4,32,174,343,0,11,354,714
11,GUANAJUATO,16,CELAYA,7,CELAYA,526,C01,81,22,2,19,9,29,187,353,0,14,367,714
11,GUANAJUATO,16,CELAYA,7,CELAYA,526,C02,131,17,0,21,4,41,156,374,0,14,388,714
11,GUANAJUATO,16,CELAYA,7,CELAYA,526,C03,75,19,3,31,12,36,182,362,0,15,377,714
11,GUANAJUATO,16,CELAYA,7,CELAYA,526,C04,86,9,3,29,5,41,176,349,0,11,360,713
11,GUANAJUATO,16,CELAYA,7,CELAYA,526,C05,98,14,3,21,5,32,156,338,0,6,344,713
11,GUANAJUATO,16,CELAYA,7,CELAYA,526,C06,110,12,4,31,11,34,149,355,0,10,365,713
11,GUANAJUATO,16,CELAYA,7,CELAYA,526,C07,101,13,2,22,8,39,188,376,0,9,385,713
11,GUANAJUATO,16,CELAYA,7,CELAYA,526,C08,81,17,4,26,11,32,180,357,0,18,375,713
11,GUANAJUATO,16,CELAYA,7,CELAYA,526,C09,96,4,3,16,11,32,201,368,0,17,385,713
11,GUANAJUATO,16,CELAYA,7,CELAYA,526,C10,99,16,1,25,3,25,190,359,0,5,364,713
11,GUANAJUATO,16,CELAYA,7,CELAYA,526,C11,119,16,3,30,6,48,137,365,1,2,368,713
11,GUANAJUATO,16,CELAYA,7,CELAYA,527,B,129,20,2,16,3,39,162,379,0,13,392,711
11,GUANAJUATO,16,CELAYA,7,CELAYA,527,C01,118,16,1,16,3,32,171,362,1,16,379,711
11,GUANAJUATO,16,CELAYA,7,CELAYA,527,C02,108,13,5,23,10,33,191,383,0,9,392,711
11,GUANAJUATO,16,CELAYA,7,CELAYA,527,C03,99,16,3,16,11,44,177,371,0,14,385,711
11,GUANAJUATO,16,CELAYA,7,CELAYA,527,C04,113,13,3,8,11,33,193,379,0,9,388,711
11,GUANAJUATO,16,CELAYA,7,CELAYA,527,C05,99,8,2,25,5,28,182,350,0,13,363,711
11,GUANAJUATO,16,CELAYA,7,CELAYA,527,C06,129,10,4,15,7,38,163,370,0,14,384,711
11,GUANAJUATO,16,CELAYA,7,CELAYA,527,C07,120,13,0,32,5,46,164,386,1,10,397,710
11,GUANAJUATO,16,CELAYA,7,CELAYA,528,B,157,12,10,25,7,78,138,427,0,2,429,603
11,GUANAJUATO,16,CELAYA,7,CELAYA,528,C01,147,12,2,19,14,37,131,371,0,15,386,603
11,GUANAJUATO,16,CELAYA,7,CELAYA,528,C02,159,17,1,15,9,31,135,373,0,8,381,603
11,GUANAJUATO,16,CELAYA,7,CELAYA,528,C03,130,13,2,35,6,28,155,369,0,13,382,602
11,GUANAJUATO,16,CELAYA,7,CELAYA,528,C04,138,14,1,17,8,46,144,374,0,9,383,602
11,GUANAJUATO,15,CELAYA,7,CELAYA,529,B,149,12,2,22,3,39,138,368,2,12,382,727
11,GUANAJUATO,15,CELAYA,7,CELAYA,529,C01,140,9,4,25,5,35,142,361,0,9,370,727
11,GUANAJUATO,15,CELAYA,7,CELAYA,529,C02,156,10,2,14,5,45,127,364,2,10,376,727
11,GUANAJUATO,15,CELAYA,7,CELAYA,529,C03,124,12,1,14,9,44,146,352,0,19,371,727
11,GUANAJUATO,15,CELAYA,7,CELAYA,529,C04,137,12,1,24,6,37,145,366,0,10,376,727
11,GUANAJUATO,15,CELAYA,7,CELAYA,529,C05,131,14,4,25,9,31,146,362,14,0,376,727
11,GUANAJUATO,15,CELAYA,7,CELAYA,529,C06,155,7,0,17,2,31,134,350,0,2,352,727
11,GUANAJUATO,15,CELAYA,7,CELAYA,529,C07,143,14,5,20,4,44,117,352,0,17,369,726
11,GUANAJUATO,15,CELAYA,7,CELAYA,529,C08,127,8,2,18,6,44,140,350,0,14,364,726
11,GUANAJUATO,15,CELAYA,7,CELAYA,529,C09,136,13,4,21,8,37,156,385,0,16,401,726
11,GUANAJUATO,15,CELAYA,7,CELAYA,529,C10,122,13,0,20,3,22,164,350,0,15,365,726
11,GUANAJUATO,16,CELAYA,7,CELAYA,530,B,159,20,6,18,8,26,147,388,0,5,393,713
11,GUANAJUATO,16,CELAYA,7,CELAYA,530,C01,114,27,3,25,5,32,163,371,0,23,394,712
11,GUANAJUATO,16,CELAYA,7,CELAYA,530,C02,90,32,4,18,4,28,170,346,0,16,362,712
11,GUANAJUATO,15,CELAYA,7,CELAYA,531,B,53,7,2,12,3,19,205,305,0,18,323,650
11,GUANAJUATO,15,CELAYA,7,CELAYA,531,C01,57,4,3,11,7,24,180,289,0,26,315,649
11,GUANAJUATO,15,CELAYA,7,CELAYA,531,C02,72,10,2,15,7,26,173,305,0,3,308,649
11,GUANAJUATO,15,CELAYA,7,CELAYA,532,B,96,9,3,22,6,34,165,336,0,17,353,562
11,GUANAJUATO,15,CELAYA,7,CELAYA,532,C01,75,8,1,14,7,29,135,275,0,9,284,561
11,GUANAJUATO,15,CELAYA,7,CELAYA,532,C02,83,19,2,20,4,22,139,293,0,8,301,561
11,GUANAJUATO,15,CELAYA,7,CELAYA,533,B,124,10,3,19,6,22,123,312,0,22,334,685
11,GUANAJUATO,15,CELAYA,7,CELAYA,533,C01,138,9,3,11,6,27,172,368,0,12,380,684
11,GUANAJUATO,15,CELAYA,7,CELAYA,534,B,98,2,1,11,3,16,130,263,0,15,278,484
11,GUANAJUATO,15,CELAYA,7,CELAYA,534,C01,91,6,2,10,7,23,117,256,0,12,268,484
11,GUANAJUATO,15,CELAYA,7,CELAYA,535,B,67,20,2,11,9,19,135,266,0,21,287,595
11,GUANAJUATO,15,CELAYA,7,CELAYA,536,B,67,13,0,28,11,34,171,324,0,8,332,725
11,GUANAJUATO,15,CELAYA,7,CELAYA,536,C01,78,11,0,20,12,36,167,325,0,15,340,724
11,GUANAJUATO,15,CELAYA,7,CELAYA,536,C02,68,13,1,18,6,33,171,312,0,24,336,724
11,GUANAJUATO,15,CELAYA,7,CELAYA,536,C03,100,16,4,14,5,32,150,321,0,7,328,724
11,GUANAJUATO,15,CELAYA,7,CELAYA,536,C04,73,18,3,19,25,34,151,323,0,5,328,724
11,GUANAJUATO,15,CELAYA,7,CELAYA,537,B,91,11,2,3,5,19,144,280,0,7,287,729
11,GUANAJUATO,15,CELAYA,7,CELAYA,537,C01,105,15,2,17,4,22,149,316,0,9,325,728
11,GUANAJUATO,15,CELAYA,7,CELAYA,538,B,145,9,3,15,5,20,126,327,0,16,343,579
11,GUANAJUATO,15,CELAYA,7,CELAYA,538,C01,161,10,1,8,3,36,92,311,0,6,317,579
11,GUANAJUATO,15,CELAYA,7,CELAYA,538,C02,129,9,1,14,2,23,141,319,0,7,326,579
11,GUANAJUATO,15,CELAYA,7,CELAYA,539,B,82,5,3,12,9,26,149,288,0,14,302,515
11,GUANAJUATO,15,CELAYA,7,CELAYA,539,C01,86,12,1,21,8,29,129,287,0,8,295,514
11,GUANAJUATO,15,CELAYA,7,CELAYA,539,C02,78,6,0,15,2,34,146,284,0,14,298,514
11,GUANAJUATO,15,CELAYA,7,CELAYA,540,B,78,6,3,7,8,20,108,231,0,13,244,499
11,GUANAJUATO,15,CELAYA,7,CELAYA,540,C01,72,8,5,14,7,30,125,264,0,12,276,498
11,GUANAJUATO,15,CELAYA,7,CELAYA,541,B,149,8,5,24,11,36,161,402,0,16,418,738
11,GUANAJUATO,15,CELAYA,7,CELAYA,541,C01,169,9,0,14,7,26,181,408,0,16,424,737
11,GUANAJUATO,15,CELAYA,7,CELAYA,542,B,97,20,1,10,4,14,131,282,0,18,300,681
11,GUANAJUATO,15,CELAYA,7,CELAYA,542,C01,130,30,2,20,7,13,147,353,0,34,387,680
11,GUANAJUATO,15,CELAYA,7,CELAYA,543,B,108,14,1,8,5,28,116,283,0,14,297,619
11,GUANAJUATO,15,CELAYA,7,CELAYA,543,C01,76,10,1,13,2,25,113,243,0,14,257,619
11,GUANAJUATO,15,CELAYA,7,CELAYA,544,B,79,7,5,8,4,10,73,186,0,8,194,400
11,GUANAJUATO,15,CELAYA,7,CELAYA,545,B,134,7,5,19,7,16,116,304,0,11,315,711
11,GUANAJUATO,15,CELAYA,7,CELAYA,546,B,126,12,3,7,5,15,148,323,0,13,336,509
11,GUANAJUATO,15,CELAYA,7,CELAYA,546,C01,128,8,2,10,3,24,117,299,0,18,317,508
11,GUANAJUATO,15,CELAYA,7,CELAYA,546,C02,130,10,2,10,4,27,134,320,0,12,332,508
11,GUANAJUATO,15,CELAYA,7,CELAYA,547,B,134,7,1,10,3,35,132,324,0,9,333,549
11,GUANAJUATO,15,CELAYA,7,CELAYA,547,C01,130,7,4,15,11,34,132,337,0,13,350,549
11,GUANAJUATO,15,CELAYA,7,CELAYA,547,C02,116,14,1,25,7,31,148,342,0,11,353,549
11,GUANAJUATO,15,CELAYA,7,CELAYA,548,B,32,4,0,7,2,5,39,90,0,3,93,187
11,GUANAJUATO,15,CELAYA,7,CELAYA,549,B,125,10,1,11,6,28,98,282,0,11,293,512
11,GUANAJUATO,15,CELAYA,7,CELAYA,550,B,83,9,1,19,8,21,107,250,0,22,272,509
11,GUANAJUATO,15,CELAYA,7,CELAYA,550,C01,77,6,2,10,5,15,129,246,0,4,250,508
11,GUANAJUATO,15,CELAYA,7,CELAYA,551,B,108,14,1,8,3,22,120,282,0,3,285,678
11,GUANAJUATO,15,CELAYA,7,CELAYA,551,C01,106,14,1,14,3,22,150,312,0,12,324,677
11,GUANAJUATO,15,CELAYA,7,CELAYA,552,B,92,15,5,13,4,48,138,317,0,8,325,687
11,GUANAJUATO,15,CELAYA,7,CELAYA,552,C01,84,5,2,9,6,19,126,251,0,13,264,687
11,GUANAJUATO,15,CELAYA,7,CELAYA,553,B,60,3,4,7,5,15,161,255,0,21,276,506
11,GUANAJUATO,15,CELAYA,7,CELAYA,553,C01,51,8,5,12,5,20,145,250,0,14,264,506
11,GUANAJUATO,15,CELAYA,7,CELAYA,554,B,66,6,0,10,9,20,148,261,0,10,271,523
11,GUANAJUATO,15,CELAYA,7,CELAYA,554,C01,48,10,1,14,3,25,167,271,0,10,281,523
11,GUANAJUATO,15,CELAYA,7,CELAYA,555,B,63,6,2,15,5,25,218,334,0,4,338,721
11,GUANAJUATO,15,CELAYA,7,CELAYA,555,C01,52,5,2,14,14,10,251,352,0,14,366,721
11,GUANAJUATO,15,CELAYA,7,CELAYA,556,B,88,9,1,5,5,16,136,265,0,10,275,478
11,GUANAJUATO,15,CELAYA,7,CELAYA,556,C01,86,18,2,14,3,22,119,266,0,9,275,478
11,GUANAJUATO,15,CELAYA,7,CELAYA,557,B,75,4,2,12,2,22,142,264,0,14,278,488
11,GUANAJUATO,15,CELAYA,7,CELAYA,557,C01,83,5,0,14,5,22,133,262,0,13,275,488
11,GUANAJUATO,15,CELAYA,7,CELAYA,558,B,88,5,1,14,5,24,128,273,0,9,282,523
11,GUANAJUATO,15,CELAYA,7,CELAYA,558,C01,81,12,5,9,8,27,131,277,0,8,285,523
11,GUANAJUATO,15,CELAYA,7,CELAYA,558,C02,72,11,0,10,5,20,145,265,0,11,276,523
11,GUANAJUATO,15,CELAYA,7,CELAYA,559,B,100,11,1,12,3,20,136,287,0,18,305,589
11,GUANAJUATO,15,CELAYA,7,CELAYA,559,C01,60,8,2,13,5,24,152,266,0,14,280,588
11,GUANAJUATO,15,CELAYA,7,CELAYA,560,B,34,5,1,10,4,11,166,232,0,11,243,492
11,GUANAJUATO,15,CELAYA,7,CELAYA,560,C01,52,4,0,14,5,18,146,239,0,13,252,492
11,GUANAJUATO,15,CELAYA,7,CELAYA,561,B,39,0,0,0,0,9,58,106,0,6,112,270
11,GUANAJUATO,15,CELAYA,7,CELAYA,563,B,133,22,1,9,4,15,136,322,0,14,336,609
11,GUANAJUATO,15,CELAYA,7,CELAYA,563,C01,127,19,4,13,4,13,133,318,0,12,330,608
11,GUANAJUATO,15,CELAYA,7,CELAYA,563,C02,138,16,4,19,8,19,120,324,0,12,336,608
11,GUANAJUATO,15,CELAYA,7,CELAYA,564,B,38,3,2,6,4,16,110,179,0,18,197,403
11,GUANAJUATO,15,CELAYA,7,CELAYA,564,C01,58,5,0,10,5,17,93,190,1,15,206,403
11,GUANAJUATO,15,CELAYA,7,CELAYA,565,B,95,6,2,12,4,14,105,238,0,15,253,459
11,GUANAJUATO,15,CELAYA,7,CELAYA,565,C01,70,4,1,11,5,20,114,228,0,14,242,459
11,GUANAJUATO,15,CELAYA,7,CELAYA,566,B,52,8,3,3,2,4,26,101,0,5,106,298
11,GUANAJUATO,16,CELAYA,7,CELAYA,3102,B,58,10,0,25,7,27,170,300,0,23,323,733
11,GUANAJUATO,16,CELAYA,7,CELAYA,3102,C01,61,7,2,23,6,38,227,364,0,18,382,732
11,GUANAJUATO,16,CELAYA,7,CELAYA,3103,B,35,4,1,18,6,23,165,255,0,10,265,518
11,GUANAJUATO,16,CELAYA,7,CELAYA,3103,C01,56,7,1,14,5,21,145,250,0,7,257,517
11,GUANAJUATO,16,CELAYA,7,CELAYA,3103,C02,37,5,0,19,11,27,182,282,0,9,291,517
11,GUANAJUATO,16,CELAYA,7,CELAYA,3104,B,53,4,1,15,3,19,162,260,0,12,272,479
11,GUANAJUATO,16,CELAYA,7,CELAYA,3104,C01,43,5,0,11,6,23,163,255,0,9,264,478
11,GUANAJUATO,16,CELAYA,7,CELAYA,3105,B,29,6,0,14,3,17,131,201,0,10,211,394
11,GUANAJUATO,16,CELAYA,7,CELAYA,3105,C01,26,3,1,11,3,26,112,182,0,11,193,394
11,GUANAJUATO,16,CELAYA,7,CELAYA,3106,B,76,11,2,18,13,50,259,433,0,8,441,731
11,GUANAJUATO,16,CELAYA,7,CELAYA,3106,C01,66,14,1,29,7,50,232,402,0,8,410,731
11,GUANAJUATO,16,CELAYA,7,CELAYA,3107,B,46,4,0,21,6,23,138,239,0,9,248,403
11,GUANAJUATO,16,CELAYA,7,CELAYA,3107,C01,36,6,3,13,8,26,125,218,0,13,231,403
11,GUANAJUATO,16,CELAYA,7,CELAYA,3108,B,48,11,5,24,10,46,206,353,0,11,364,602
11,GUANAJUATO,16,CELAYA,7,CELAYA,3108,C01,63,11,1,17,9,52,217,376,0,22,398,602
11,GUANAJUATO,16,CELAYA,7,CELAYA,3108,C02,68,7,1,23,10,3,208,324,0,15,339,601
11,GUANAJUATO,16,CELAYA,7,CELAYA,3109,B,77,7,2,18,8,42,165,320,0,4,324,548
11,GUANAJUATO,16,CELAYA,7,CELAYA,3109,C01,70,13,3,23,8,35,169,324,0,15,339,547
11,GUANAJUATO,16,CELAYA,7,CELAYA,3110,B,50,10,0,13,6,23,131,237,0,6,243,415
11,GUANAJUATO,16,CELAYA,7,CELAYA,3110,C01,50,5,1,14,6,32,157,269,0,5,274,415
11,GUANAJUATO,16,CELAYA,7,CELAYA,3111,B,67,11,3,14,4,44,154,301,0,4,305,510
11,GUANAJUATO,16,CELAYA,7,CELAYA,3111,C01,70,14,2,18,4,50,167,328,0,9,337,510
11,GUANAJUATO,16,CELAYA,7,CELAYA,3111,C02,64,9,2,24,2,44,169,321,0,19,340,509
11,GUANAJUATO,16,CELAYA,7,CELAYA,3112,B,116,10,0,34,11,48,165,386,0,11,397,600
11,GUANAJUATO,16,CELAYA,7,CELAYA,3112,C01,109,10,0,18,11,50,178,378,0,7,385,600
11,GUANAJUATO,16,CELAYA,7,CELAYA,3113,B,87,11,2,18,9,44,193,373,1,9,383,607
11,GUANAJUATO,16,CELAYA,7,CELAYA,3113,C01,83,10,1,23,11,38,172,340,0,8,348,607
11,GUANAJUATO,16,CELAYA,7,CELAYA,3114,B,74,15,5,46,9,74,227,454,1,10,465,705
11,GUANAJUATO,16,CELAYA,7,CELAYA,3114,C01,108,14,2,39,8,55,192,425,0,27,452,704
11,GUANAJUATO,16,CELAYA,7,CELAYA,3115,B,105,13,5,26,6,41,200,399,0,0,399,587
11,GUANAJUATO,16,CELAYA,7,CELAYA,3115,C01,120,8,1,33,4,46,169,388,0,14,402,587
11,GUANAJUATO,16,CELAYA,7,CELAYA,3116,B,123,6,0,12,4,30,160,338,0,7,345,463
11,GUANAJUATO,16,CELAYA,7,CELAYA,3117,B,200,26,2,30,7,79,191,542,2,15,559,740
11,GUANAJUATO,16,CELAYA,7,CELAYA,3118,B,195,24,4,26,6,55,150,471,0,9,480,656
11,GUANAJUATO,16,CELAYA,7,CELAYA,3118,C01,174,22,3,32,11,54,169,472,0,10,482,655
11,GUANAJUATO,16,CELAYA,7,CELAYA,3119,B,156,15,0,27,7,27,176,416,1,19,436,662
11,GUANAJUATO,16,CELAYA,7,CELAYA,3119,C01,155,9,6,26,9,40,155,406,1,17,424,661
11,GUANAJUATO,16,CELAYA,7,CELAYA,3120,B,171,13,1,15,8,56,129,404,1,8,413,537
11,GUANAJUATO,16,CELAYA,7,CELAYA,3120,C01,143,17,1,25,4,59,131,385,1,7,393,536
11,GUANAJUATO,16,CELAYA,7,CELAYA,3250,B,50,5,0,4,6,26,157,248,0,15,263,628
11,GUANAJUATO,16,CELAYA,7,CELAYA,3250,C01,40,8,5,19,5,20,160,259,0,18,277,628
11,GUANAJUATO,16,CELAYA,7,CELAYA,3251,B,87,9,1,19,8,45,213,382,1,7,390,708
11,GUANAJUATO,16,CELAYA,7,CELAYA,3251,C01,89,5,1,32,8,33,183,357,0,18,375,708
11,GUANAJUATO,16,CELAYA,7,CELAYA,3251,C02,78,14,2,24,6,39,200,367,2,10,379,707
11,GUANAJUATO,16,CELAYA,7,CELAYA,3251,C03,86,10,1,25,12,44,197,375,0,14,389,707
11,GUANAJUATO,16,CELAYA,7,CELAYA,3252,B,115,11,2,28,5,36,195,395,0,9,404,687
11,GUANAJUATO,16,CELAYA,7,CELAYA,3252,C01,81,11,0,27,7,62,215,410,0,12,422,687
11,GUANAJUATO,16,CELAYA,7,CELAYA,3252,C02,84,12,1,23,3,56,233,415,2,9,426,687
11,GUANAJUATO,16,CELAYA,7,CELAYA,3252,C03,98,13,3,19,5,37,219,396,0,10,406,687
11,GUANAJUATO,16,CELAYA,7,CELAYA,3253,B,70,12,1,29,3,47,175,341,1,6,348,648
11,GUANAJUATO,16,CELAYA,7,CELAYA,3253,C01,81,14,1,29,6,50,173,358,0,6,364,648
11,GUANAJUATO,16,CELAYA,7,CELAYA,3253,C02,85,11,3,30,4,49,168,356,0,12,368,648
11,GUANAJUATO,16,CELAYA,7,CELAYA,3253,C03,83,8,2,24,6,44,180,353,2,20,375,647
11,GUANAJUATO,16,CELAYA,7,CELAYA,3254,B,91,16,4,28,8,53,179,381,0,12,393,687
11,GUANAJUATO,16,CELAYA,7,CELAYA,3254,C01,81,12,4,25,18,46,174,362,0,15,377,687
11,GUANAJUATO,16,CELAYA,7,CELAYA,3254,C02,91,12,0,40,4,44,197,394,0,12,406,687
11,GUANAJUATO,16,CELAYA,7,CELAYA,3254,C03,97,12,0,19,4,44,200,383,0,22,405,687
11,GUANAJUATO,16,CELAYA,7,CELAYA,3255,B,104,19,6,21,16,69,216,458,0,13,471,722
11,GUANAJUATO,16,CELAYA,7,CELAYA,3255,C01,129,15,3,28,9,84,184,455,0,10,465,722
11,GUANAJUATO,16,CELAYA,7,CELAYA,3255,C02,93,17,0,29,7,56,234,439,0,18,457,722
11,GUANAJUATO,16,CELAYA,7,CELAYA,3255,C03,120,21,4,28,11,43,213,451,0,13,464,721
11,GUANAJUATO,16,CELAYA,7,CELAYA,3256,B,104,12,2,24,5,44,154,351,0,6,357,600
11,GUANAJUATO,16,CELAYA,7,CELAYA,3256,C01,98,8,1,34,11,39,156,354,0,9,363,600
11,GUANAJUATO,16,CELAYA,7,CELAYA,3256,C02,105,13,1,27,6,51,177,382,0,4,386,600
11,GUANAJUATO,16,CELAYA,7,CELAYA,3256,C03,135,11,2,26,5,51,144,379,0,11,390,599
11,GUANAJUATO,18,PENJAMO,8,MANUEL DOBLADO,567,B,115,131,0,17,3,7,22,295,0,13,308,506
11,GUANAJUATO,18,PENJAMO,8,MANUEL DOBLADO,567,C01,128,112,0,11,2,4,32,289,0,3,292,505
11,GUANAJUATO,18,PENJAMO,8,MANUEL DOBLADO,567,C02,112,143,0,7,1,6,20,289,0,13,302,505
11,GUANAJUATO,18,PENJAMO,8,MANUEL DOBLADO,568,B,124,163,0,11,6,2,36,342,0,11,353,609
11,GUANAJUATO,18,PENJAMO,8,MANUEL DOBLADO,568,C01,135,179,0,4,1,4,40,363,1,13,377,608
11,GUANAJUATO,18,PENJAMO,8,MANUEL DOBLADO,569,B,80,151,0,3,0,3,11,248,0,6,254,379
11,GUANAJUATO,18,PENJAMO,8,MANUEL DOBLADO,569,C01,100,117,0,7,1,0,13,238,0,16,254,379
11,GUANAJUATO,18,PENJAMO,8,MANUEL DOBLADO,570,B,113,147,0,8,1,7,15,291,0,14,305,481
11,GUANAJUATO,18,PENJAMO,8,MANUEL DOBLADO,570,C01,94,137,0,8,1,6,19,265,0,16,281,480
11,GUANAJUATO,18,PENJAMO,8,MANUEL DOBLADO,571,B,130,151,0,10,6,8,29,334,0,8,342,539
11,GUANAJUATO,18,PENJAMO,8,MANUEL DOBLADO,571,C01,141,153,0,12,6,4,13,329,1,14,344,539
11,GUANAJUATO,18,PENJAMO,8,MANUEL DOBLADO,571,C02,145,144,0,8,5,7,18,327,0,14,341,538
11,GUANAJUATO,18,PENJAMO,8,MANUEL DOBLADO,572,B,144,118,0,21,2,5,31,321,0,7,328,546
11,GUANAJUATO,18,PENJAMO,8,MANUEL DOBLADO,572,C01,143,126,0,11,1,2,25,308,0,15,323,546
11,GUANAJUATO,18,PENJAMO,8,MANUEL DOBLADO,573,B,152,208,0,28,3,3,21,415,0,6,421,660
11,GUANAJUATO,18,PENJAMO,8,MANUEL DOBLADO,574,B,130,190,0,13,2,3,30,368,0,11,379,661
11,GUANAJUATO,18,PENJAMO,8,MANUEL DOBLADO,574,C01,138,195,0,11,0,3,24,371,0,18,389,660
11,GUANAJUATO,18,PENJAMO,8,MANUEL DOBLADO,575,B,140,192,0,9,5,5,37,388,0,11,399,698
11,GUANAJUATO,18,PENJAMO,8,MANUEL DOBLADO,575,C01,148,196,0,13,2,4,33,396,0,11,407,698
11,GUANAJUATO,18,PENJAMO,8,MANUEL DOBLADO,575,C02,170,165,0,12,2,3,34,386,0,11,397,697
11,GUANAJUATO,18,PENJAMO,8,MANUEL DOBLADO,575,C03,168,210,0,11,1,2,36,428,0,8,436,697
11,GUANAJUATO,18,PENJAMO,8,MANUEL DOBLADO,576,B,117,185,0,9,5,3,22,341,0,15,356,626
11,GUANAJUATO,18,PENJAMO,8,MANUEL DOBLADO,576,C01,100,188,0,11,3,0,30,332,0,10,342,625
11,GUANAJUATO,18,PENJAMO,8,MANUEL DOBLADO,577,B,153,170,0,7,6,2,43,381,0,14,395,681
11,GUANAJUATO,18,PENJAMO,8,MANUEL DOBLADO,578,B,143,119,0,6,2,10,16,296,0,5,301,429
11,GUANAJUATO,18,PENJAMO,8,MANUEL DOBLADO,578,C01,115,109,0,10,4,7,26,271,0,8,279,428
11,GUANAJUATO,18,PENJAMO,8,MANUEL DOBLADO,579,B,136,144,0,3,2,3,17,305,0,10,315,608
11,GUANAJUATO,18,PENJAMO,8,MANUEL DOBLADO,579,C01,100,162,0,4,3,5,20,294,0,16,310,607
11,GUANAJUATO,18,PENJAMO,8,MANUEL DOBLADO,580,B,36,37,0,2,3,0,26,104,0,3,107,235
11,GUANAJUATO,18,PENJAMO,8,MANUEL DOBLADO,581,B,82,113,0,5,0,1,15,216,0,5,221,351
11,GUANAJUATO,18,PENJAMO,8,MANUEL DOBLADO,582,B,146,159,0,4,1,4,27,341,0,17,358,578
11,GUANAJUATO,18,PENJAMO,8,MANUEL DOBLADO,582,C01,139,151,0,13,4,4,19,330,0,17,347,578
11,GUANAJUATO,18,PENJAMO,8,MANUEL DOBLADO,583,B,80,108,0,4,2,5,25,224,0,10,234,391
11,GUANAJUATO,18,PENJAMO,8,MANUEL DOBLADO,583,C01,94,82,0,5,0,9,26,216,0,8,224,390
11,GUANAJUATO,18,PENJAMO,8,MANUEL DOBLADO,584,B,115,39,0,5,2,2,21,184,0,9,193,358
11,GUANAJUATO,18,PENJAMO,8,MANUEL DOBLADO,585,B,42,22,0,3,5,3,3,78,0,5,83,180
11,GUANAJUATO,18,PENJAMO,8,MANUEL DOBLADO,586,B,52,71,0,6,4,5,16,154,0,12,166,385
11,GUANAJUATO,18,PENJAMO,8,MANUEL DOBLADO,586,C01,55,50,0,1,6,4,24,140,0,17,157,384
11,GUANAJUATO,18,PENJAMO,8,MANUEL DOBLADO,587,B,82,124,0,3,2,2,21,234,0,12,246,418
11,GUANAJUATO,18,PENJAMO,8,MANUEL DOBLADO,587,C01,74,138,0,1,0,1,12,226,0,7,233,418
11,GUANAJUATO,18,PENJAMO,8,MANUEL DOBLADO,588,B,74,34,0,3,1,1,4,117,0,11,128,211
11,GUANAJUATO,18,PENJAMO,8,MANUEL DOBLADO,589,B,58,67,0,2,6,2,25,160,0,8,168,376
11,GUANAJUATO,18,PENJAMO,8,MANUEL DOBLADO,589,C01,52,61,0,2,4,1,32,152,0,16,168,376
11,GUANAJUATO,18,PENJAMO,8,MANUEL DOBLADO,590,B,76,71,0,7,2,1,20,177,0,10,187,446
11,GUANAJUATO,18,PENJAMO,8,MANUEL DOBLADO,591,B,114,112,0,7,4,1,25,263,0,17,280,574
11,GUANAJUATO,18,PENJAMO,8,MANUEL DOBLADO,592,B,100,88,0,5,1,1,25,220,0,8,228,366
11,GUANAJUATO,18,PENJAMO,8,MANUEL DOBLADO,593,B,119,207,0,6,6,1,32,371,0,23,394,605
11,GUANAJUATO,18,PENJAMO,8,MANUEL DOBLADO,594,B,130,158,0,5,1,5,26,325,0,13,338,535
11,GUANAJUATO,18,PENJAMO,8,MANUEL DOBLADO,594,C01,160,99,0,5,7,4,15,290,0,15,305,535
11,GUANAJUATO,18,PENJAMO,8,MANUEL DOBLADO,594,C02,117,142,0,2,8,4,24,297,0,18,315,534
11,GUANAJUATO,18,PENJAMO,8,MANUEL DOBLADO,595,B,78,50,0,4,2,2,32,168,0,6,174,286
11,GUANAJUATO,18,PENJAMO,8,MANUEL DOBLADO,596,B,107,92,0,5,4,0,52,260,0,4,264,526
11,GUANAJUATO,18,PENJAMO,8,MANUEL DOBLADO,596,C01,132,65,0,7,2,3,56,265,0,8,273,526
11,GUANAJUATO,18,PENJAMO,8,MANUEL DOBLADO,597,B,103,121,0,2,6,3,49,284,0,21,305,611
11,GUANAJUATO,18,PENJAMO,8,MANUEL DOBLADO,597,C01,116,110,0,15,6,4,44,295,0,17,312,610
11,GUANAJUATO,18,PENJAMO,8,MANUEL DOBLADO,598,B,38,78,0,2,2,3,7,130,0,4,134,241
11,GUANAJUATO,18,PENJAMO,8,MANUEL DOBLADO,599,B,73,79,0,10,9,3,41,215,0,8,223,450
11,GUANAJUATO,18,PENJAMO,8,MANUEL DOBLADO,600,B,54,138,0,6,1,3,11,213,0,8,221,369
11,GUANAJUATO,18,PENJAMO,8,MANUEL DOBLADO,601,B,75,142,0,30,5,4,20,276,0,5,281,456
11,GUANAJUATO,18,PENJAMO,8,MANUEL DOBLADO,601,C01,112,132,0,17,1,5,22,289,0,22,311,456
11,GUANAJUATO,18,PENJAMO,8,MANUEL DOBLADO,602,B,79,200,0,5,2,1,41,328,0,21,349,672
11,GUANAJUATO,18,PENJAMO,8,MANUEL DOBLADO,603,B,76,143,0,4,1,0,7,231,0,12,243,473
11,GUANAJUATO,18,PENJAMO,8,MANUEL DOBLADO,603,C01,64,132,0,5,2,1,11,215,0,22,237,472
11,GUANAJUATO,18,PENJAMO,8,MANUEL DOBLADO,604,B,133,118,0,6,3,3,35,298,0,20,318,592
11,GUANAJUATO,18,PENJAMO,8,MANUEL DOBLADO,604,C01,120,161,0,10,5,4,30,330,0,9,339,592
11,GUANAJUATO,18,PENJAMO,8,MANUEL DOBLADO,606,B,87,115,0,6,2,3,13,226,0,19,245,479
11,GUANAJUATO,18,PENJAMO,8,MANUEL DOBLADO,606,C01,99,121,0,12,1,4,24,261,0,22,283,479
11,GUANAJUATO,18,PENJAMO,8,MANUEL DOBLADO,607,B,40,64,0,5,3,0,21,133,0,4,137,304
11,GUANAJUATO,18,PENJAMO,8,MANUEL DOBLADO,608,B,28,35,0,5,1,1,5,75,0,3,78,146
11,GUANAJUATO,17,APASEO EL GRANDE,9,COMONFORT,0,VA23,1,0,0,0,0,0,1,2,0,0,2,2
11,GUANAJUATO,17,APASEO EL GRANDE,9,COMONFORT,609,B,126,12,4,11,7,16,147,323,0,12,335,636
11,GUANAJUATO,17,APASEO EL GRANDE,9,COMONFORT,609,C01,121,5,2,23,5,10,138,304,0,12,316,636
11,GUANAJUATO,17,APASEO EL GRANDE,9,COMONFORT,609,C02,89,8,1,32,6,11,148,295,0,16,311,636
11,GUANAJUATO,17,APASEO EL GRANDE,9,COMONFORT,609,C03,103,12,6,19,4,15,132,291,0,11,302,636
11,GUANAJUATO,17,APASEO EL GRANDE,9,COMONFORT,609,C04,122,6,1,28,8,20,151,336,1,9,346,636
11,GUANAJUATO,17,APASEO EL GRANDE,9,COMONFORT,610,B,93,3,4,12,12,8,167,299,0,5,304,711
11,GUANAJUATO,17,APASEO EL GRANDE,9,COMONFORT,610,C01,75,9,2,22,12,12,179,311,0,15,326,710
11,GUANAJUATO,17,APASEO EL GRANDE,9,COMONFORT,611,B,84,16,4,27,8,7,134,280,0,13,293,546
11,GUANAJUATO,17,APASEO EL GRANDE,9,COMONFORT,611,C01,106,7,4,19,11,9,151,307,0,10,317,546
11,GUANAJUATO,17,APASEO EL GRANDE,9,COMONFORT,611,C02,89,15,2,22,5,6,164,303,0,14,317,546
11,GUANAJUATO,17,APASEO EL GRANDE,9,COMONFORT,612,B,80,10,1,21,6,9,148,275,0,11,286,582
11,GUANAJUATO,17,APASEO EL GRANDE,9,COMONFORT,612,C01,82,7,4,25,2,9,138,267,0,15,282,581
11,GUANAJUATO,17,APASEO EL GRANDE,9,COMONFORT,612,C02,83,12,4,23,5,6,144,277,0,16,293,581
11,GUANAJUATO,17,APASEO EL GRANDE,9,COMONFORT,612,C03,60,7,4,20,8,11,141,251,0,9,260,581
11,GUANAJUATO,17,APASEO EL GRANDE,9,COMONFORT,613,B,154,12,10,46,6,14,213,455,0,10,465,738
11,GUANAJUATO,17,APASEO EL GRANDE,9,COMONFORT,613,C01,156,9,10,35,5,18,208,441,0,17,458,737
11,GUANAJUATO,17,APASEO EL GRANDE,9,COMONFORT,613,S01,4,0,1,1,1,0,6,13,0,0,13,0
11,GUANAJUATO,17,APASEO EL GRANDE,9,COMONFORT,614,B,123,7,5,19,6,14,189,363,0,17,380,693
11,GUANAJUATO,17,APASEO EL GRANDE,9,COMONFORT,614,C01,137,12,9,18,3,13,195,387,0,17,404,693
11,GUANAJUATO,17,APASEO EL GRANDE,9,COMONFORT,615,B,81,7,0,15,3,8,116,230,0,5,235,529
11,GUANAJUATO,17,APASEO EL GRANDE,9,COMONFORT,615,C01,72,11,7,12,7,13,141,263,0,9,272,528
11,GUANAJUATO,17,APASEO EL GRANDE,9,COMONFORT,615,C02,83,6,2,13,8,8,132,252,0,9,261,528
11,GUANAJUATO,17,APASEO EL GRANDE,9,COMONFORT,616,B,125,9,5,23,5,18,134,319,0,14,333,530
11,GUANAJUATO,17,APASEO EL GRANDE,9,COMONFORT,616,C01,81,10,3,13,2,13,162,284,0,10,294,530
11,GUANAJUATO,17,APASEO EL GRANDE,9,COMONFORT,616,C02,87,9,4,29,4,6,146,285,2,15,302,530
11,GUANAJUATO,17,APASEO EL GRANDE,9,COMONFORT,617,B,165,20,5,29,7,8,186,420,0,10,430,624
11,GUANAJUATO,17,APASEO EL GRANDE,9,COMONFORT,617,C01,129,14,5,27,6,14,198,393,1,11,405,624
11,GUANAJUATO,17,APASEO EL GRANDE,9,COMONFORT,618,B,137,10,8,39,2,16,175,387,0,13,400,644
11,GUANAJUATO,17,APASEO EL GRANDE,9,COMONFORT,618,C01,159,12,5,39,11,14,142,382,0,15,397,644
11,GUANAJUATO,17,APASEO EL GRANDE,9,COMONFORT,619,B,155,10,9,26,7,13,211,431,0,9,440,744
11,GUANAJUATO,17,APASEO EL GRANDE,9,COMONFORT,619,C01,163,16,2,22,12,21,171,407,0,16,423,743
11,GUANAJUATO,17,APASEO EL GRANDE,9,COMONFORT,620,B,80,21,8,5,8,5,147,274,0,11,285,656
11,GUANAJUATO,17,APASEO EL GRANDE,9,COMONFORT,620,C01,77,8,5,13,11,9,142,265,0,13,278,655
11,GUANAJUATO,17,APASEO EL GRANDE,9,COMONFORT,620,C02,102,25,3,7,4,8,131,280,0,12,292,655
11,GUANAJUATO,17,APASEO EL GRANDE,9,COMONFORT,621,B,98,6,2,48,6,5,105,270,0,7,277,594
11,GUANAJUATO,17,APASEO EL GRANDE,9,COMONFORT,621,C01,88,7,2,38,4,15,125,279,0,16,295,593
11,GUANAJUATO,17,APASEO EL GRANDE,9,COMONFORT,622,B,91,7,0,53,5,6,113,275,0,17,292,650
11,GUANAJUATO,17,APASEO EL GRANDE,9,COMONFORT,622,C01,95,5,2,56,5,8,105,276,0,15,291,650
11,GUANAJUATO,17,APASEO EL GRANDE,9,COMONFORT,623,B,101,8,0,31,9,8,110,267,0,17,284,597
11,GUANAJUATO,17,APASEO EL GRANDE,9,COMONFORT,623,C01,90,9,3,29,8,8,112,259,0,17,276,596
11,GUANAJUATO,17,APASEO EL GRANDE,9,COMONFORT,624,B,117,8,0,1,5,1,73,205,0,10,215,415
11,GUANAJUATO,17,APASEO EL GRANDE,9,COMONFORT,624,C01,104,4,1,4,3,3,61,180,0,8,188,415
11,GUANAJUATO,17,APASEO EL GRANDE,9,COMONFORT,625,B,157,9,2,9,8,6,37,228,0,14,242,574
11,GUANAJUATO,17,APASEO EL GRANDE,9,COMONFORT,625,C01,142,8,0,9,5,8,29,201,0,17,218,573
11,GUANAJUATO,17,APASEO EL GRANDE,9,COMONFORT,626,B,75,17,3,10,8,8,67,188,0,11,199,581
11,GUANAJUATO,17,APASEO EL GRANDE,9,COMONFORT,626,C01,54,12,0,12,18,9,75,180,0,17,197,581
11,GUANAJUATO,17,APASEO EL GRANDE,9,COMONFORT,627,B,44,5,2,10,5,4,100,170,0,10,180,542
11,GUANAJUATO,17,APASEO EL GRANDE,9,COMONFORT,627,C01,54,6,0,5,3,7,116,191,0,7,198,541
11,GUANAJUATO,17,APASEO EL GRANDE,9,COMONFORT,627,C02,46,6,3,17,4,7,97,180,0,8,188,541
11,GUANAJUATO,17,APASEO EL GRANDE,9,COMONFORT,628,B,51,23,0,9,4,20,127,234,0,20,254,562
11,GUANAJUATO,17,APASEO EL GRANDE,9,COMONFORT,628,C01,63,19,3,11,3,10,124,233,0,10,243,562
11,GUANAJUATO,17,APASEO EL GRANDE,9,COMONFORT,629,B,78,6,1,30,6,16,88,225,0,14,239,553
11,GUANAJUATO,17,APASEO EL GRANDE,9,COMONFORT,629,C01,65,9,2,15,4,19,72,186,0,11,197,553
11,GUANAJUATO,17,APASEO EL GRANDE,9,COMONFORT,630,B,71,10,3,28,6,15,94,227,0,10,237,583
11,GUANAJUATO,17,APASEO EL GRANDE,9,COMONFORT,630,C01,78,3,1,29,4,13,102,230,1,18,249,583
11,GUANAJUATO,17,APASEO EL GRANDE,9,COMONFORT,630,C02,71,11,2,21,10,11,97,223,0,9,232,582
11,GUANAJUATO,17,APASEO EL GRANDE,9,COMONFORT,630,C03,65,6,2,20,3,19,110,225,0,9,234,582
11,GUANAJUATO,17,APASEO EL GRANDE,9,COMONFORT,631,B,116,6,0,6,1,7,46,182,0,11,193,518
11,GUANAJUATO,17,APASEO EL GRANDE,9,COMONFORT,631,C01,148,4,0,8,2,5,22,189,0,11,200,518
11,GUANAJUATO,17,APASEO EL GRANDE,9,COMONFORT,631,C02,150,3,0,3,3,2,40,201,0,12,213,517
11,GUANAJUATO,17,APASEO EL GRANDE,9,COMONFORT,632,B,143,12,6,12,7,8,78,266,0,11,277,679
11,GUANAJUATO,17,APASEO EL GRANDE,9,COMONFORT,632,C01,112,9,5,19,11,9,80,245,0,8,253,678
11,GUANAJUATO,17,APASEO EL GRANDE,9,COMONFORT,633,B,130,11,3,1,4,1,87,237,0,13,250,561
11,GUANAJUATO,17,APASEO EL GRANDE,9,COMONFORT,633,C01,152,6,0,3,6,0,69,236,0,20,256,561
11,GUANAJUATO,17,APASEO EL GRANDE,9,COMONFORT,633,C02,143,13,1,3,5,3,88,256,0,15,271,561
11,GUANAJUATO,17,APASEO EL GRANDE,9,COMONFORT,634,B,92,6,5,18,9,7,110,247,0,8,255,486
11,GUANAJUATO,17,APASEO EL GRANDE,9,COMONFORT,634,C01,98,6,3,17,9,8,77,218,0,20,238,485
11,GUANAJUATO,17,APASEO EL GRANDE,9,COMONFORT,635,B,84,6,1,8,3,2,32,136,0,7,143,384
11,GUANAJUATO,17,APASEO EL GRANDE,9,COMONFORT,635,C01,92,3,1,0,6,4,47,153,0,6,159,383
11,GUANAJUATO,17,APASEO EL GRANDE,9,COMONFORT,636,B,76,11,0,10,13,11,162,283,0,11,294,608
11,GUANAJUATO,17,APASEO EL GRANDE,9,COMONFORT,636,C01,78,5,4,9,5,7,190,298,0,18,316,608
11,GUANAJUATO,17,APASEO EL GRANDE,9,COMONFORT,636,C02,81,4,2,4,2,9,187,289,0,10,299,608
11,GUANAJUATO,17,APASEO EL GRANDE,9,COMONFORT,637,B,177,11,1,13,9,7,63,281,0,15,296,588
11,GUANAJUATO,17,APASEO EL GRANDE,9,COMONFORT,637,C01,189,5,3,5,6,11,51,270,0,13,283,588
11,GUANAJUATO,17,APASEO EL GRANDE,9,COMONFORT,637,C02,193,8,1,2,3,6,46,259,0,11,270,588
11,GUANAJUATO,17,APASEO EL GRANDE,9,COMONFORT,638,B,181,5,1,21,23,6,91,328,0,22,350,642
11,GUANAJUATO,17,APASEO EL GRANDE,9,COMONFORT,638,C01,143,10,3,13,11,6,113,299,0,26,325,642
11,GUANAJUATO,17,APASEO EL GRANDE,9,COMONFORT,638,C02,146,9,1,4,24,10,95,289,0,19,308,642
11,GUANAJUATO,17,APASEO EL GRANDE,9,COMONFORT,638,C03,180,10,0,8,16,11,100,325,0,23,348,641
11,GUANAJUATO,17,APASEO EL GRANDE,9,COMONFORT,639,B,108,15,1,5,10,5,115,259,0,22,281,579
11,GUANAJUATO,17,APASEO EL GRANDE,9,COMONFORT,639,C01,211,9,0,9,15,3,63,310,0,23,333,578
11,GUANAJUATO,17,APASEO EL GRANDE,9,COMONFORT,639,C02,174,7,1,8,15,4,76,285,0,20,305,578
11,GUANAJUATO,17,APASEO EL GRANDE,9,COMONFORT,640,B,87,9,0,15,9,7,130,257,0,7,264,477
11,GUANAJUATO,17,APASEO EL GRANDE,9,COMONFORT,640,C01,76,15,1,3,6,7,129,237,0,7,244,477
11,GUANAJUATO,17,APASEO EL GRANDE,9,COMONFORT,641,B,70,9,4,26,1,12,142,264,0,5,269,611
11,GUANAJUATO,17,APASEO EL GRANDE,9,COMONFORT,641,C01,121,3,4,17,6,8,110,269,0,17,286,611
11,GUANAJUATO,17,APASEO EL GRANDE,9,COMONFORT,641,C02,94,7,2,20,7,9,124,263,0,15,278,611
11,GUANAJUATO,17,APASEO EL GRANDE,9,COMONFORT,641,C03,89,8,1,20,4,8,130,260,0,16,276,611
11,GUANAJUATO,17,APASEO EL GRANDE,9,COMONFORT,641,C04,86,7,3,26,2,10,96,230,0,19,249,611
11,GUANAJUATO,17,APASEO EL GRANDE,9,COMONFORT,642,B,141,15,2,9,9,11,71,258,0,19,277,606
11,GUANAJUATO,17,APASEO EL GRANDE,9,COMONFORT,642,C01,122,15,1,7,10,10,52,217,0,12,229,606
11,GUANAJUATO,17,APASEO EL GRANDE,9,COMONFORT,643,B,108,14,4,8,4,6,189,333,0,8,341,538
11,GUANAJUATO,17,APASEO EL GRANDE,9,COMONFORT,643,C01,119,24,4,15,5,22,163,352,0,14,366,538
11,GUANAJUATO,17,APASEO EL GRANDE,9,COMONFORT,644,B,129,11,4,11,15,2,270,442,0,13,455,707
11,GUANAJUATO,17,APASEO EL GRANDE,9,COMONFORT,645,B,71,7,4,11,10,7,214,324,0,16,340,661
11,GUANAJUATO,17,APASEO EL GRANDE,9,COMONFORT,645,C01,56,10,6,4,13,4,209,302,0,16,318,661
11,GUANAJUATO,17,APASEO EL GRANDE,9,COMONFORT,645,C02,62,21,5,7,6,8,229,338,0,11,349,660
11,GUANAJUATO,17,APASEO EL GRANDE,9,COMONFORT,645,C03,79,11,3,16,13,7,217,346,0,8,354,660
11,GUANAJUATO,17,APASEO EL GRANDE,9,COMONFORT,646,B,79,23,9,16,16,7,269,419,0,14,433,745
11,GUANAJUATO,17,APASEO EL GRANDE,9,COMONFORT,646,C01,86,17,7,14,8,7,283,422,0,9,431,744
11,GUANAJUATO,17,APASEO EL GRANDE,9,COMONFORT,647,B,96,17,2,11,8,5,213,352,0,16,368,587
11,GUANAJUATO,17,APASEO EL GRANDE,9,COMONFORT,648,B,98,13,2,6,7,3,151,280,0,7,287,465
11,GUANAJUATO,17,APASEO EL GRANDE,9,COMONFORT,648,C01,81,9,2,11,18,4,155,280,0,8,288,464
11,GUANAJUATO,17,APASEO EL GRANDE,9,COMONFORT,649,B,89,12,4,10,7,10,183,315,0,11,326,544
11,GUANAJUATO,17,APASEO EL GRANDE,9,COMONFORT,649,C01,83,19,3,8,4,8,211,336,0,8,344,543
11,GUANAJUATO,17,APASEO EL GRANDE,9,COMONFORT,650,B,71,16,2,14,6,6,178,293,0,14,307,579
11,GUANAJUATO,17,APASEO EL GRANDE,9,COMONFORT,650,C01,59,10,4,10,6,4,176,269,0,11,280,579
11,GUANAJUATO,17,APASEO EL GRANDE,9,COMONFORT,650,C02,85,4,8,6,10,6,175,294,0,12,306,579
11,GUANAJUATO,17,APASEO EL GRANDE,9,COMONFORT,650,C03,75,9,7,10,10,5,196,312,0,8,320,579
11,GUANAJUATO,17,APASEO EL GRANDE,9,COMONFORT,651,B,61,5,1,6,5,7,111,196,0,6,202,380
11,GUANAJUATO,17,APASEO EL GRANDE,9,COMONFORT,651,C01,69,4,0,3,6,3,113,198,0,9,207,379
11,GUANAJUATO,22,ACAMBARO,10,CORONEO,652,B,208,1,0,18,0,0,80,307,0,19,326,498
11,GUANAJUATO,22,ACAMBARO,10,CORONEO,652,C01,206,3,0,21,0,0,59,289,0,12,301,498
11,GUANAJUATO,22,ACAMBARO,10,CORONEO,653,B,189,3,0,26,0,0,49,267,0,12,279,429
11,GUANAJUATO,22,ACAMBARO,10,CORONEO,653,C01,184,8,0,23,0,0,52,267,0,4,271,429
11,GUANAJUATO,22,ACAMBARO,10,CORONEO,654,B,241,8,0,23,0,0,81,353,1,17,371,593
11,GUANAJUATO,22,ACAMBARO,10,CORONEO,654,C01,253,2,0,26,0,0,77,358,0,15,373,593
11,GUANAJUATO,22,ACAMBARO,10,CORONEO,654,C02,222,4,0,29,0,0,64,319,0,11,330,592
11,GUANAJUATO,22,ACAMBARO,10,CORONEO,655,B,212,5,0,18,0,0,40,275,0,9,284,494
11,GUANAJUATO,22,ACAMBARO,10,CORONEO,655,C01,199,9,0,24,0,0,56,288,0,14,302,494
11,GUANAJUATO,22,ACAMBARO,10,CORONEO,656,B,294,8,0,28,0,0,46,376,0,21,397,641
11,GUANAJUATO,22,ACAMBARO,10,CORONEO,657,B,220,8,0,47,0,0,99,374,0,21,395,687
11,GUANAJUATO,22,ACAMBARO,10,CORONEO,658,B,166,2,0,23,0,0,39,230,0,14,244,388
11,GUANAJUATO,22,ACAMBARO,10,CORONEO,658,C01,164,6,0,21,0,0,43,234,0,4,238,387
11,GUANAJUATO,22,ACAMBARO,10,CORONEO,659,B,221,0,0,20,0,0,62,303,0,25,328,503
11,GUANAJUATO,22,ACAMBARO,10,CORONEO,660,B,246,3,0,35,0,0,64,348,0,10,358,583
11,GUANAJUATO,22,ACAMBARO,10,CORONEO,660,C01,244,4,0,33,0,0,68,349,0,18,367,583
11,GUANAJUATO,22,ACAMBARO,10,CORONEO,660,C02,276,3,0,19,0,0,55,353,0,11,364,583
11,GUANAJUATO,22,ACAMBARO,10,CORONEO,661,B,163,8,0,18,0,0,63,252,0,14,266,457
11,GUANAJUATO,22,ACAMBARO,10,CORONEO,661,C01,169,4,0,20,0,0,63,256,0,6,262,457
11,GUANAJUATO,13,CORTAZAR,11,CORTAZAR,0,VA17,0,0,0,1,0,0,0,1,0,0,1,2
11,GUANAJUATO,13,CORTAZAR,11,CORTAZAR,662,B,115,6,2,42,12,182,63,424,0,8,432,613
11,GUANAJUATO,13,CORTAZAR,11,CORTAZAR,662,C01,112,3,2,43,18,158,78,416,0,0,416,613
11,GUANAJUATO,13,CORTAZAR,11,CORTAZAR,662,C02,97,5,0,41,19,186,52,404,0,9,413,613
11,GUANAJUATO,13,CORTAZAR,11,CORTAZAR,662,C03,111,6,3,39,20,157,74,411,0,12,423,612
11,GUANAJUATO,13,CORTAZAR,11,CORTAZAR,663,B,81,8,1,38,5,79,53,267,0,7,274,380
11,GUANAJUATO,13,CORTAZAR,11,CORTAZAR,663,C01,90,4,2,34,11,79,48,269,0,8,277,380
11,GUANAJUATO,13,CORTAZAR,11,CORTAZAR,664,B,81,4,2,47,7,130,66,341,0,10,351,487
11,GUANAJUATO,13,CORTAZAR,11,CORTAZAR,664,C01,84,6,1,36,13,124,61,330,0,10,340,486
11,GUANAJUATO,13,CORTAZAR,11,CORTAZAR,665,B,40,1,2,12,7,172,45,280,0,10,290,457
11,GUANAJUATO,13,CORTAZAR,11,CORTAZAR,665,C01,52,2,0,26,9,161,46,297,0,10,307,457
11,GUANAJUATO,13,CORTAZAR,11,CORTAZAR,666,B,53,6,2,22,17,197,76,374,0,9,383,592
11,GUANAJUATO,13,CORTAZAR,11,CORTAZAR,666,C01,58,3,2,38,16,211,67,397,0,11,408,591
11,GUANAJUATO,13,CORTAZAR,11,CORTAZAR,666,C02,62,2,5,20,13,176,70,350,0,9,359,591
11,GUANAJUATO,13,CORTAZAR,11,CORTAZAR,667,B,57,2,5,21,22,214,76,401,0,14,415,671
11,GUANAJUATO,13,CORTAZAR,11,CORTAZAR,667,C01,70,5,2,29,26,203,64,399,0,10,409,671
11,GUANAJUATO,13,CORTAZAR,11,CORTAZAR,667,C02,67,1,3,29,21,209,72,403,0,12,415,671
11,GUANAJUATO,13,CORTAZAR,11,CORTAZAR,667,C03,54,5,3,8,32,215,93,410,6,14,430,671
11,GUANAJUATO,13,CORTAZAR,11,CORTAZAR,668,B,106,2,4,70,36,156,74,450,0,14,464,704
11,GUANAJUATO,13,CORTAZAR,11,CORTAZAR,668,C01,105,7,1,52,50,188,91,499,0,15,514,703
11,GUANAJUATO,13,CORTAZAR,11,CORTAZAR,668,C02,105,4,0,45,38,179,91,466,0,11,477,703
11,GUANAJUATO,13,CORTAZAR,11,CORTAZAR,668,C03,110,4,0,62,38,167,96,485,0,10,495,703
11,GUANAJUATO,13,CORTAZAR,11,CORTAZAR,669,B,54,2,4,41,26,139,79,347,0,11,358,498
11,GUANAJUATO,13,CORTAZAR,11,CORTAZAR,669,C01,67,8,3,24,19,133,87,341,0,9,350,498
11,GUANAJUATO,13,CORTAZAR,11,CORTAZAR,670,B,87,4,4,37,9,118,70,334,0,20,354,571
11,GUANAJUATO,13,CORTAZAR,11,CORTAZAR,670,C01,100,4,3,55,13,132,66,373,0,8,381,571
11,GUANAJUATO,13,CORTAZAR,11,CORTAZAR,671,B,99,9,5,60,13,128,74,390,0,8,398,621
11,GUANAJUATO,13,CORTAZAR,11,CORTAZAR,671,C01,97,7,3,58,14,141,89,410,0,15,425,620
11,GUANAJUATO,13,CORTAZAR,11,CORTAZAR,672,B,94,7,0,56,10,122,68,360,0,9,369,528
11,GUANAJUATO,13,CORTAZAR,11,CORTAZAR,672,C01,100,9,2,55,13,126,48,354,0,19,373,528
11,GUANAJUATO,13,CORTAZAR,11,CORTAZAR,673,B,97,7,2,50,8,111,42,321,0,14,335,439
11,GUANAJUATO,13,CORTAZAR,11,CORTAZAR,673,C01,82,4,1,44,18,100,50,300,0,0,300,439
11,GUANAJUATO,13,CORTAZAR,11,CORTAZAR,674,B,84,7,1,36,9,78,75,293,0,2,295,392
11,GUANAJUATO,13,CORTAZAR,11,CORTAZAR,674,C01,92,12,1,31,12,81,45,274,1,9,284,391
11,GUANAJUATO,13,CORTAZAR,11,CORTAZAR,675,B,80,6,0,63,5,61,61,278,0,13,291,376
11,GUANAJUATO,13,CORTAZAR,11,CORTAZAR,675,C01,82,5,4,30,4,94,45,265,0,4,269,376
11,GUANAJUATO,13,CORTAZAR,11,CORTAZAR,676,B,121,3,1,50,12,174,83,451,0,15,466,719
11,GUANAJUATO,13,CORTAZAR,11,CORTAZAR,676,C01,98,3,4,41,16,194,87,448,0,19,467,719
11,GUANAJUATO,13,CORTAZAR,11,CORTAZAR,676,C02,106,4,1,45,12,168,81,418,1,19,438,719
11,GUANAJUATO,13,CORTAZAR,11,CORTAZAR,676,C03,126,1,4,41,9,181,90,454,0,11,465,719
11,GUANAJUATO,13,CORTAZAR,11,CORTAZAR,676,C04,84,1,2,46,13,207,90,443,0,18,461,719
11,GUANAJUATO,13,CORTAZAR,11,CORTAZAR,676,C05,124,0,5,46,14,192,67,452,0,16,468,718
11,GUANAJUATO,13,CORTAZAR,11,CORTAZAR,676,C06,93,4,2,40,11,193,76,421,0,4,425,718
11,GUANAJUATO,13,CORTAZAR,11,CORTAZAR,677,B,102,2,3,35,14,133,92,383,0,12,395,573
11,GUANAJUATO,13,CORTAZAR,11,CORTAZAR,677,C01,96,6,2,35,17,135,73,366,0,16,382,573
11,GUANAJUATO,13,CORTAZAR,11,CORTAZAR,678,B,132,5,4,84,15,140,96,483,0,10,493,708
11,GUANAJUATO,13,CORTAZAR,11,CORTAZAR,679,B,84,8,4,51,12,139,72,371,0,6,377,552
11,GUANAJUATO,13,CORTAZAR,11,CORTAZAR,679,C01,109,6,2,59,14,137,75,404,0,0,404,551
11,GUANAJUATO,13,CORTAZAR,11,CORTAZAR,679,C02,102,5,3,48,17,133,78,388,0,9,397,551
11,GUANAJUATO,13,CORTAZAR,11,CORTAZAR,680,B,91,7,2,48,12,213,78,453,0,10,463,710
11,GUANAJUATO,13,CORTAZAR,11,CORTAZAR,680,C01,99,6,2,54,11,199,74,447,0,15,462,710
11,GUANAJUATO,13,CORTAZAR,11,CORTAZAR,680,C02,91,4,1,58,19,212,80,470,0,12,482,710
11,GUANAJUATO,13,CORTAZAR,11,CORTAZAR,681,B,99,7,3,64,35,171,73,456,0,18,474,628
11,GUANAJUATO,13,CORTAZAR,11,CORTAZAR,681,C01,113,2,3,37,15,182,84,436,0,16,452,628
11,GUANAJUATO,13,CORTAZAR,11,CORTAZAR,682,B,67,7,2,42,23,140,121,406,0,16,422,593
11,GUANAJUATO,13,CORTAZAR,11,CORTAZAR,682,C01,100,4,6,33,9,140,103,396,0,14,410,592
11,GUANAJUATO,13,CORTAZAR,11,CORTAZAR,683,B,91,4,0,46,18,136,70,372,0,15,387,607
11,GUANAJUATO,13,CORTAZAR,11,CORTAZAR,683,C01,95,8,3,62,10,132,68,378,0,18,396,607
11,GUANAJUATO,13,CORTAZAR,11,CORTAZAR,684,B,76,6,4,28,11,220,119,465,0,14,479,741
11,GUANAJUATO,13,CORTAZAR,11,CORTAZAR,684,C01,108,7,3,35,19,218,94,488,0,13,501,740
11,GUANAJUATO,13,CORTAZAR,11,CORTAZAR,684,C02,91,3,4,27,8,197,112,445,0,16,461,740
11,GUANAJUATO,13,CORTAZAR,11,CORTAZAR,685,B,65,5,3,34,23,151,64,348,0,13,361,552
11,GUANAJUATO,13,CORTAZAR,11,CORTAZAR,685,C01,83,3,2,15,12,152,88,357,0,13,370,551
11,GUANAJUATO,13,CORTAZAR,11,CORTAZAR,686,B,119,2,7,54,14,133,82,415,0,15,430,674
11,GUANAJUATO,13,CORTAZAR,11,CORTAZAR,686,C01,111,19,8,48,15,126,89,420,0,9,429,674
11,GUANAJUATO,13,CORTAZAR,11,CORTAZAR,686,C02,124,3,2,54,16,132,92,426,0,7,433,674
11,GUANAJUATO,13,CORTAZAR,11,CORTAZAR,686,C03,113,3,2,44,14,154,83,415,1,15,431,673
11,GUANAJUATO,13,CORTAZAR,11,CORTAZAR,687,B,75,2,1,20,7,215,62,383,0,15,398,742
11,GUANAJUATO,13,CORTAZAR,11,CORTAZAR,687,C01,84,1,2,19,3,244,61,417,0,10,427,741
11,GUANAJUATO,13,CORTAZAR,11,CORTAZAR,687,C02,91,0,2,10,11,222,60,397,0,19,416,741
11,GUANAJUATO,13,CORTAZAR,11,CORTAZAR,688,B,74,1,5,14,12,196,65,369,0,18,387,653
11,GUANAJUATO,13,CORTAZAR,11,CORTAZAR,688,C01,56,3,2,12,14,212,62,363,0,21,384,653
11,GUANAJUATO,13,CORTAZAR,11,CORTAZAR,688,C02,81,2,2,16,8,203,58,373,0,14,387,653
11,GUANAJUATO,13,CORTAZAR,11,CORTAZAR,688,C03,73,1,4,22,1,220,53,376,0,20,396,653
11,GUANAJUATO,13,CORTAZAR,11,CORTAZAR,689,B,69,2,3,21,6,165,67,334,0,14,348,576
11,GUANAJUATO,13,CORTAZAR,11,CORTAZAR,689,C01,68,1,1,18,6,160,86,341,0,11,352,575
11,GUANAJUATO,13,CORTAZAR,11,CORTAZAR,689,C02,64,3,4,9,13,182,71,347,0,16,363,575
11,GUANAJUATO,13,CORTAZAR,11,CORTAZAR,690,B,40,2,1,27,6,178,63,318,0,11,329,547
11,GUANAJUATO,13,CORTAZAR,11,CORTAZAR,690,C01,47,1,3,14,5,191,66,327,1,11,339,546
11,GUANAJUATO,13,CORTAZAR,11,CORTAZAR,690,C02,42,1,1,17,9,173,82,326,0,19,345,546
11,GUANAJUATO,13,CORTAZAR,11,CORTAZAR,691,B,59,8,5,34,11,225,87,430,0,8,438,744
11,GUANAJUATO,13,CORTAZAR,11,CORTAZAR,691,C01,56,5,3,35,10,211,85,406,0,18,424,744
11,GUANAJUATO,13,CORTAZAR,11,CORTAZAR,691,C02,61,4,5,19,6,224,95,415,0,14,429,744
11,GUANAJUATO,13,CORTAZAR,11,CORTAZAR,691,C03,77,1,4,35,6,244,81,448,0,15,463,743
11,GUANAJUATO,13,CORTAZAR,11,CORTAZAR,692,B,64,3,3,23,9,197,83,387,0,18,405,735
11,GUANAJUATO,13,CORTAZAR,11,CORTAZAR,692,C01,59,2,4,13,10,203,85,380,0,13,393,735
11,GUANAJUATO,13,CORTAZAR,11,CORTAZAR,692,C02,48,1,4,18,13,206,74,368,0,14,382,735
11,GUANAJUATO,13,CORTAZAR,11,CORTAZAR,692,C03,44,0,5,21,11,213,77,372,0,22,394,734
11,GUANAJUATO,13,CORTAZAR,11,CORTAZAR,693,B,43,0,0,8,0,18,30,99,0,5,104,160
11,GUANAJUATO,13,CORTAZAR,11,CORTAZAR,694,B,96,8,1,61,11,135,85,400,0,11,411,598
11,GUANAJUATO,13,CORTAZAR,11,CORTAZAR,694,C01,85,2,1,49,11,132,104,389,0,13,402,598
11,GUANAJUATO,13,CORTAZAR,11,CORTAZAR,694,C02,71,7,1,37,7,166,88,379,0,25,404,597
11,GUANAJUATO,13,CORTAZAR,11,CORTAZAR,695,B,161,7,2,14,7,91,98,385,0,16,401,695
11,GUANAJUATO,13,CORTAZAR,11,CORTAZAR,695,C01,169,7,4,15,7,71,79,356,0,10,366,694
11,GUANAJUATO,13,CORTAZAR,11,CORTAZAR,695,C02,141,10,2,17,9,83,96,363,0,25,388,694
11,GUANAJUATO,13,CORTAZAR,11,CORTAZAR,696,B,115,5,9,23,16,155,73,398,0,14,412,614
11,GUANAJUATO,13,CORTAZAR,11,CORTAZAR,696,E01,62,8,2,7,7,118,49,254,0,10,264,512
11,GUANAJUATO,13,CORTAZAR,11,CORTAZAR,697,B,125,2,2,25,8,44,161,370,0,16,386,748
11,GUANAJUATO,13,CORTAZAR,11,CORTAZAR,697,C01,135,4,2,12,5,57,158,377,0,17,394,748
11,GUANAJUATO,13,CORTAZAR,11,CORTAZAR,697,C02,155,0,2,23,4,52,141,378,0,15,393,747
11,GUANAJUATO,13,CORTAZAR,11,CORTAZAR,698,B,106,3,2,27,11,37,89,279,0,12,291,503
11,GUANAJUATO,13,CORTAZAR,11,CORTAZAR,698,C01,108,1,1,13,8,59,91,284,0,10,294,503
11,GUANAJUATO,13,CORTAZAR,11,CORTAZAR,698,C02,91,3,6,23,6,46,96,271,0,14,285,503
11,GUANAJUATO,13,CORTAZAR,11,CORTAZAR,699,B,133,6,2,31,4,116,128,420,0,10,430,676
11,GUANAJUATO,13,CORTAZAR,11,CORTAZAR,699,C01,142,4,1,45,3,116,108,419,0,10,429,675
11,GUANAJUATO,13,CORTAZAR,11,CORTAZAR,700,B,67,2,3,25,11,141,61,313,0,16,329,609
11,GUANAJUATO,13,CORTAZAR,11,CORTAZAR,700,C01,69,7,4,24,5,169,50,329,0,11,340,609
11,GUANAJUATO,13,CORTAZAR,11,CORTAZAR,700,C02,82,8,3,30,9,115,75,328,0,17,345,609
11,GUANAJUATO,13,CORTAZAR,11,CORTAZAR,701,B,121,1,3,28,11,86,94,347,0,15,362,575
11,GUANAJUATO,13,CORTAZAR,11,CORTAZAR,701,C01,135,5,3,34,6,59,88,335,0,9,344,574
11,GUANAJUATO,13,CORTAZAR,11,CORTAZAR,702,B,72,2,0,20,0,83,72,251,0,9,260,408
11,GUANAJUATO,13,CORTAZAR,11,CORTAZAR,702,C01,70,4,2,20,4,82,81,265,0,13,278,407
11,GUANAJUATO,13,CORTAZAR,11,CORTAZAR,703,B,55,6,3,29,4,51,72,222,0,14,236,503
11,GUANAJUATO,13,CORTAZAR,11,CORTAZAR,703,E01,57,15,2,42,4,54,68,243,0,5,248,469
11,GUANAJUATO,13,CORTAZAR,11,CORTAZAR,704,B,69,9,7,25,1,26,32,172,0,16,188,331
11,GUANAJUATO,13,CORTAZAR,11,CORTAZAR,705,B,98,6,1,13,10,53,90,271,0,13,284,602
11,GUANAJUATO,13,CORTAZAR,11,CORTAZAR,705,C01,81,6,3,17,6,60,119,292,0,16,308,602
11,GUANAJUATO,13,CORTAZAR,11,CORTAZAR,705,C02,91,5,4,20,12,44,103,280,0,11,291,601
11,GUANAJUATO,13,CORTAZAR,11,CORTAZAR,706,B,125,7,3,36,5,22,28,230,0,8,238,494
11,GUANAJUATO,13,CORTAZAR,11,CORTAZAR,707,B,61,9,2,15,5,39,63,196,0,13,209,421
11,GUANAJUATO,13,CORTAZAR,11,CORTAZAR,707,C01,71,7,2,9,2,56,48,197,0,7,204,420
11,GUANAJUATO,13,CORTAZAR,11,CORTAZAR,708,B,83,6,1,25,10,50,88,269,0,6,275,621
11,GUANAJUATO,13,CORTAZAR,11,CORTAZAR,708,C01,88,4,5,12,8,54,96,267,0,15,282,621
11,GUANAJUATO,13,CORTAZAR,11,CORTAZAR,709,B,112,11,3,33,9,49,82,299,0,18,317,710
11,GUANAJUATO,13,CORTAZAR,11,CORTAZAR,709,E01,50,5,4,7,5,26,37,136,0,5,141,276
11,GUANAJUATO,13,CORTAZAR,11,CORTAZAR,710,B,52,15,3,54,5,105,29,267,0,9,276,556
11,GUANAJUATO,13,CORTAZAR,11,CORTAZAR,710,C01,55,10,3,24,6,99,58,255,0,10,265,556
11,GUANAJUATO,13,CORTAZAR,11,CORTAZAR,711,B,58,2,4,15,5,36,47,170,0,8,178,389
11,GUANAJUATO,13,CORTAZAR,11,CORTAZAR,712,B,82,6,2,8,5,28,61,195,0,14,209,613
11,GUANAJUATO,13,CORTAZAR,11,CORTAZAR,713,B,105,7,2,16,6,7,59,202,0,15,217,549
11,GUANAJUATO,13,CORTAZAR,11,CORTAZAR,713,C01,97,8,6,12,1,37,72,235,0,17,252,549
11,GUANAJUATO,13,CORTAZAR,11,CORTAZAR,714,B,82,2,3,9,2,23,60,183,0,9,192,523
11,GUANAJUATO,13,CORTAZAR,11,CORTAZAR,715,B,96,2,0,19,9,27,84,239,0,21,260,727
11,GUANAJUATO,13,CORTAZAR,11,CORTAZAR,716,B,108,6,2,12,4,42,80,255,0,10,265,541
11,GUANAJUATO,13,CORTAZAR,11,CORTAZAR,716,C01,137,4,5,15,8,56,53,282,0,14,296,541
11,GUANAJUATO,19,VALLE DE SANTIAGO,12,CUERAMARO,717,B,50,96,0,1,126,0,61,334,0,10,344,594
11,GUANAJUATO,19,VALLE DE SANTIAGO,12,CUERAMARO,717,C01,54,72,0,7,107,0,71,311,0,16,327,594
11,GUANAJUATO,19,VALLE DE SANTIAGO,12,CUERAMARO,718,B,69,63,0,1,92,0,77,302,0,8,310,544
11,GUANAJUATO,19,VALLE DE SANTIAGO,12,CUERAMARO,718,C01,62,72,0,7,72,0,68,281,1,10,292,544
11,GUANAJUATO,19,VALLE DE SANTIAGO,12,CUERAMARO,719,B,40,47,0,2,67,0,93,249,0,5,254,406
11,GUANAJUATO,19,VALLE DE SANTIAGO,12,CUERAMARO,719,C01,25,59,0,2,73,0,68,227,0,3,230,406
11,GUANAJUATO,19,VALLE DE SANTIAGO,12,CUERAMARO,720,B,77,67,0,4,147,0,102,397,0,13,410,706
11,GUANAJUATO,19,VALLE DE SANTIAGO,12,CUERAMARO,720,C01,65,77,0,5,137,0,88,372,0,14,386,705
11,GUANAJUATO,19,VALLE DE SANTIAGO,12,CUERAMARO,721,B,66,94,0,6,144,0,87,397,0,10,407,735
11,GUANAJUATO,19,VALLE DE SANTIAGO,12,CUERAMARO,722,B,35,47,0,5,87,0,73,247,0,9,256,433
11,GUANAJUATO,19,VALLE DE SANTIAGO,12,CUERAMARO,722,C01,29,56,0,3,105,0,49,242,0,9,251,432
11,GUANAJUATO,19,VALLE DE SANTIAGO,12,CUERAMARO,723,B,39,65,0,1,115,0,84,304,0,11,315,579
11,GUANAJUATO,19,VALLE DE SANTIAGO,12,CUERAMARO,723,C01,44,76,0,5,104,0,67,296,0,14,310,578
11,GUANAJUATO,19,VALLE DE SANTIAGO,12,CUERAMARO,724,B,54,83,0,2,101,0,67,307,1,22,330,640
11,GUANAJUATO,19,VALLE DE SANTIAGO,12,CUERAMARO,724,C01,48,70,0,4,97,0,73,292,0,16,308,639
11,GUANAJUATO,19,VALLE DE SANTIAGO,12,CUERAMARO,724,C02,36,94,0,6,110,0,69,315,0,12,327,639
11,GUANAJUATO,19,VALLE DE SANTIAGO,12,CUERAMARO,725,B,91,82,0,6,118,0,50,347,0,10,357,671
11,GUANAJUATO,19,VALLE DE SANTIAGO,12,CUERAMARO,725,C01,39,76,0,2,127,0,62,306,0,18,324,671
11,GUANAJUATO,19,VALLE DE SANTIAGO,12,CUERAMARO,725,C02,53,59,0,2,104,0,76,294,0,9,303,670
11,GUANAJUATO,19,VALLE DE SANTIAGO,12,CUERAMARO,725,C03,55,59,0,1,125,0,72,312,0,19,331,670
11,GUANAJUATO,19,VALLE DE SANTIAGO,12,CUERAMARO,726,B,51,96,0,5,124,0,74,350,0,12,362,670
11,GUANAJUATO,19,VALLE DE SANTIAGO,12,CUERAMARO,726,C01,50,64,0,9,174,0,54,351,0,17,368,670
11,GUANAJUATO,19,VALLE DE SANTIAGO,12,CUERAMARO,726,C02,54,80,0,1,126,0,87,348,0,10,358,670
11,GUANAJUATO,19,VALLE DE SANTIAGO,12,CUERAMARO,727,B,53,28,0,3,58,0,67,209,0,7,216,381
11,GUANAJUATO,19,VALLE DE SANTIAGO,12,CUERAMARO,727,C01,53,16,0,7,53,0,52,181,0,8,189,380
11,GUANAJUATO,19,VALLE DE SANTIAGO,12,CUERAMARO,728,B,134,33,0,12,58,0,146,383,0,8,391,704
11,GUANAJUATO,19,VALLE DE SANTIAGO,12,CUERAMARO,729,B,103,65,0,3,89,0,75,335,0,5,340,582
11,GUANAJUATO,19,VALLE DE SANTIAGO,12,CUERAMARO,731,B,65,33,0,8,93,0,60,259,0,11,270,503
11,GUANAJUATO,19,VALLE DE SANTIAGO,12,CUERAMARO,731,C01,66,54,0,3,92,0,47,262,0,16,278,502
11,GUANAJUATO,19,VALLE DE SANTIAGO,12,CUERAMARO,732,B,96,60,0,3,97,0,173,429,0,9,438,739
11,GUANAJUATO,19,VALLE DE SANTIAGO,12,CUERAMARO,733,B,59,22,0,4,138,0,89,312,0,9,321,539
11,GUANAJUATO,19,VALLE DE SANTIAGO,12,CUERAMARO,734,B,50,13,0,2,127,0,12,204,0,9,213,336
11,GUANAJUATO,19,VALLE DE SANTIAGO,12,CUERAMARO,736,B,38,48,0,2,74,0,75,237,0,17,254,579
11,GUANAJUATO,19,VALLE DE SANTIAGO,12,CUERAMARO,736,C01,41,75,0,5,80,0,62,263,0,21,284,579
11,GUANAJUATO,19,VALLE DE SANTIAGO,12,CUERAMARO,736,C02,33,41,0,4,92,0,77,247,0,20,267,578
11,GUANAJUATO,19,VALLE DE SANTIAGO,12,CUERAMARO,736,C03,32,68,0,5,84,0,76,265,0,16,281,578
11,GUANAJUATO,19,VALLE DE SANTIAGO,12,CUERAMARO,737,B,58,32,0,5,117,0,117,329,0,11,340,587
11,GUANAJUATO,19,VALLE DE SANTIAGO,12,CUERAMARO,738,B,54,75,0,10,106,0,73,318,0,5,323,564
11,GUANAJUATO,19,VALLE DE SANTIAGO,12,CUERAMARO,738,C01,64,63,0,1,108,0,66,302,0,15,317,564
11,GUANAJUATO,19,VALLE DE SANTIAGO,12,CUERAMARO,738,C02,76,70,0,5,114,0,68,333,0,8,341,564
11,GUANAJUATO,19,VALLE DE SANTIAGO,12,CUERAMARO,738,C03,59,60,0,4,117,0,59,299,0,17,316,563
11,GUANAJUATO,19,VALLE DE SANTIAGO,12,CUERAMARO,739,B,63,54,0,8,72,0,75,272,0,13,285,515
11,GUANAJUATO,19,VALLE DE SANTIAGO,12,CUERAMARO,739,C01,49,59,0,7,94,0,69,278,0,17,295,515
11,GUANAJUATO,19,VALLE DE SANTIAGO,12,CUERAMARO,739,C02,60,60,0,2,69,0,98,289,0,13,302,515
11,GUANAJUATO,2,SAN LUIS DE LA PAZ,13,DOCTOR MORA,0,VA33,0,0,0,0,0,0,1,1,0,0,1,1
11,GUANAJUATO,2,SAN LUIS DE LA PAZ,13,DOCTOR MORA,740,B,197,1,0,0,19,12,255,489,0,9,498,664
11,GUANAJUATO,2,SAN LUIS DE LA PAZ,13,DOCTOR MORA,740,C01,186,0,0,2,18,18,237,464,0,7,471,663
11,GUANAJUATO,2,SAN LUIS DE LA PAZ,13,DOCTOR MORA,740,C02,165,1,1,0,21,19,254,464,2,7,473,663
11,GUANAJUATO,2,SAN LUIS DE LA PAZ,13,DOCTOR MORA,740,C03,157,5,1,4,31,24,225,449,0,8,457,663
11,GUANAJUATO,2,SAN LUIS DE LA PAZ,13,DOCTOR MORA,741,B,170,0,0,4,18,14,226,434,0,5,439,648
11,GUANAJUATO,2,SAN LUIS DE LA PAZ,13,DOCTOR MORA,741,C01,146,2,1,3,15,14,222,404,0,12,416,648
11,GUANAJUATO,2,SAN LUIS DE LA PAZ,13,DOCTOR MORA,741,C02,153,1,2,3,18,12,219,412,0,18,430,648
11,GUANAJUATO,2,SAN LUIS DE LA PAZ,13,DOCTOR MORA,741,C03,120,4,1,1,26,6,249,408,0,10,418,647
11,GUANAJUATO,2,SAN LUIS DE LA PAZ,13,DOCTOR MORA,742,B,156,2,2,6,29,10,190,403,0,17,420,726
11,GUANAJUATO,2,SAN LUIS DE LA PAZ,13,DOCTOR MORA,742,C01,122,3,2,2,36,10,190,371,0,11,382,725
11,GUANAJUATO,2,SAN LUIS DE LA PAZ,13,DOCTOR MORA,743,B,100,5,1,4,22,15,231,378,0,13,391,633
11,GUANAJUATO,2,SAN LUIS DE LA PAZ,13,DOCTOR MORA,744,B,94,3,2,2,21,14,127,264,0,15,279,422
11,GUANAJUATO,2,SAN LUIS DE LA PAZ,13,DOCTOR MORA,744,C01,94,4,0,7,23,4,138,274,0,10,284,421
11,GUANAJUATO,2,SAN LUIS DE LA PAZ,13,DOCTOR MORA,745,B,104,4,2,6,20,8,135,281,0,12,293,439
11,GUANAJUATO,2,SAN LUIS DE LA PAZ,13,DOCTOR MORA,745,C01,104,5,1,6,24,11,112,265,0,9,274,438
11,GUANAJUATO,2,SAN LUIS DE LA PAZ,13,DOCTOR MORA,746,B,178,3,0,4,26,6,195,414,0,17,431,688
11,GUANAJUATO,2,SAN LUIS DE LA PAZ,13,DOCTOR MORA,746,C01,206,1,1,2,37,8,182,439,1,9,449,688
11,GUANAJUATO,2,SAN LUIS DE LA PAZ,13,DOCTOR MORA,747,B,150,7,0,2,46,19,199,423,0,9,432,648
11,GUANAJUATO,2,SAN LUIS DE LA PAZ,13,DOCTOR MORA,747,C01,161,1,1,4,39,10,186,402,0,12,414,648
11,GUANAJUATO,2,SAN LUIS DE LA PAZ,13,DOCTOR MORA,747,C02,165,4,0,4,28,17,193,411,0,10,421,648
11,GUANAJUATO,2,SAN LUIS DE LA PAZ,13,DOCTOR MORA,747,C03,156,7,1,4,38,12,182,400,0,18,418,648
11,GUANAJUATO,2,SAN LUIS DE LA PAZ,13,DOCTOR MORA,747,C04,192,2,0,9,34,8,150,401,0,8,409,648
11,GUANAJUATO,2,SAN LUIS DE LA PAZ,13,DOCTOR MORA,748,B,143,2,3,2,87,9,124,373,0,14,387,619
11,GUANAJUATO,2,SAN LUIS DE LA PAZ,13,DOCTOR MORA,748,C01,176,1,0,1,68,4,99,352,0,18,370,619
11,GUANAJUATO,2,SAN LUIS DE LA PAZ,13,DOCTOR MORA,748,C02,149,2,2,4,68,8,125,361,0,14,375,619
11,GUANAJUATO,2,SAN LUIS DE LA PAZ,13,DOCTOR MORA,748,C03,136,2,1,8,81,12,112,353,0,15,368,618
11,GUANAJUATO,2,SAN LUIS DE LA PAZ,13,DOCTOR MORA,749,B,101,3,2,3,9,15,209,347,0,26,373,629
11,GUANAJUATO,2,SAN LUIS DE LA PAZ,13,DOCTOR MORA,749,C01,112,0,2,5,16,9,206,350,0,10,360,629
11,GUANAJUATO,2,SAN LUIS DE LA PAZ,13,DOCTOR MORA,749,C02,121,2,0,4,14,13,206,363,0,10,373,628
11,GUANAJUATO,2,SAN LUIS DE LA PAZ,13,DOCTOR MORA,750,B,99,2,1,2,14,15,236,369,0,15,384,635
11,GUANAJUATO,2,SAN LUIS DE LA PAZ,13,DOCTOR MORA,750,C01,79,0,3,5,13,10,270,380,0,15,395,635
11,GUANAJUATO,2,SAN LUIS DE LA PAZ,13,DOCTOR MORA,751,B,161,2,2,3,9,29,173,380,0,17,397,574
11,GUANAJUATO,2,SAN LUIS DE LA PAZ,13,DOCTOR MORA,751,C01,163,2,0,6,13,18,148,354,0,21,375,573
11,GUANAJUATO,1,DOLORES HIDALGO CUNA DE LA INDEPENDENCIA NACIONAL,14,DOLORES HIDALGO CUNA DE LA INDEPENDENCIA NACIONAL,0,VA01,3,0,0,0,0,0,0,3,0,0,3,3
11,GUANAJUATO,1,DOLORES HIDALGO CUNA DE LA INDEPENDENCIA NACIONAL,14,DOLORES HIDALGO CUNA DE LA INDEPENDENCIA NACIONAL,752,B,161,15,3,6,5,32,90,324,0,6,330,617
11,GUANAJUATO,1,DOLORES HIDALGO CUNA DE LA INDEPENDENCIA NACIONAL,14,DOLORES HIDALGO CUNA DE LA INDEPENDENCIA NACIONAL,752,C01,169,13,3,11,3,16,91,306,0,13,319,617
11,GUANAJUATO,1,DOLORES HIDALGO CUNA DE LA INDEPENDENCIA NACIONAL,14,DOLORES HIDALGO CUNA DE LA INDEPENDENCIA NACIONAL,752,C02,155,21,6,12,6,21,63,290,0,13,303,616
11,GUANAJUATO,1,DOLORES HIDALGO CUNA DE LA INDEPENDENCIA NACIONAL,14,DOLORES HIDALGO CUNA DE LA INDEPENDENCIA NACIONAL,752,C03,188,13,2,7,3,17,78,314,0,9,323,616
11,GUANAJUATO,1,DOLORES HIDALGO CUNA DE LA INDEPENDENCIA NACIONAL,14,DOLORES HIDALGO CUNA DE LA INDEPENDENCIA NACIONAL,752,C04,173,16,4,10,7,22,87,331,0,16,347,616
11,GUANAJUATO,1,DOLORES HIDALGO CUNA DE LA INDEPENDENCIA NACIONAL,14,DOLORES HIDALGO CUNA DE LA INDEPENDENCIA NACIONAL,753,B,216,17,4,23,9,28,105,410,1,11,422,736
11,GUANAJUATO,1,DOLORES HIDALGO CUNA DE LA INDEPENDENCIA NACIONAL,14,DOLORES HIDALGO CUNA DE LA INDEPENDENCIA NACIONAL,753,C01,184,15,3,21,2,28,113,376,0,15,391,736
11,GUANAJUATO,1,DOLORES HIDALGO CUNA DE LA INDEPENDENCIA NACIONAL,14,DOLORES HIDALGO CUNA DE LA INDEPENDENCIA NACIONAL,753,C02,197,13,3,21,1,38,111,397,0,17,414,736
11,GUANAJUATO,1,DOLORES HIDALGO CUNA DE LA INDEPENDENCIA NACIONAL,14,DOLORES HIDALGO CUNA DE LA INDEPENDENCIA NACIONAL,753,C03,195,22,3,16,3,31,79,360,0,8,368,736
11,GUANAJUATO,1,DOLORES HIDALGO CUNA DE LA INDEPENDENCIA NACIONAL,14,DOLORES HIDALGO CUNA DE LA INDEPENDENCIA NACIONAL,753,C04,184,16,6,13,3,31,102,371,0,24,395,736
11,GUANAJUATO,1,DOLORES HIDALGO CUNA DE LA INDEPENDENCIA NACIONAL,14,DOLORES HIDALGO CUNA DE LA INDEPENDENCIA NACIONAL,754,B,150,18,1,13,2,27,65,288,0,11,299,518
11,GUANAJUATO,1,DOLORES HIDALGO CUNA DE LA INDEPENDENCIA NACIONAL,14,DOLORES HIDALGO CUNA DE LA INDEPENDENCIA NACIONAL,754,C01,135,21,3,8,2,18,81,276,1,10,287,518
11,GUANAJUATO,1,DOLORES HIDALGO CUNA DE LA INDEPENDENCIA NACIONAL,14,DOLORES HIDALGO CUNA DE LA INDEPENDENCIA NACIONAL,754,C02,159,22,1,11,2,24,73,301,0,10,311,518
11,GUANAJUATO,1,DOLORES HIDALGO CUNA DE LA INDEPENDENCIA NACIONAL,14,DOLORES HIDALGO CUNA DE LA INDEPENDENCIA NACIONAL,754,S01,58,4,1,2,2,7,32,108,0,9,117,0
11,GUANAJUATO,1,DOLORES HIDALGO CUNA DE LA INDEPENDENCIA NACIONAL,14,DOLORES HIDALGO CUNA DE LA INDEPENDENCIA NACIONAL,755,B,186,22,3,24,3,29,91,364,0,6,370,650
11,GUANAJUATO,1,DOLORES HIDALGO CUNA DE LA INDEPENDENCIA NACIONAL,14,DOLORES HIDALGO CUNA DE LA INDEPENDENCIA NACIONAL,755,C01,192,15,0,22,4,28,99,370,0,10,380,649
11,GUANAJUATO,1,DOLORES HIDALGO CUNA DE LA INDEPENDENCIA NACIONAL,14,DOLORES HIDALGO CUNA DE LA INDEPENDENCIA NACIONAL,755,C02,168,11,4,21,3,34,99,353,0,9,362,649
11,GUANAJUATO,1,DOLORES HIDALGO CUNA DE LA INDEPENDENCIA NACIONAL,14,DOLORES HIDALGO CUNA DE LA INDEPENDENCIA NACIONAL,755,C03,183,13,5,16,11,19,88,346,1,21,368,649
11,GUANAJUATO,1,DOLORES HIDALGO CUNA DE LA INDEPENDENCIA NACIONAL,14,DOLORES HIDALGO CUNA DE LA INDEPENDENCIA NACIONAL,755,C04,160,13,0,24,2,14,110,328,0,13,341,649
11,GUANAJUATO,1,DOLORES HIDALGO CUNA DE LA INDEPENDENCIA NACIONAL,14,DOLORES HIDALGO CUNA DE LA INDEPENDENCIA NACIONAL,756,B,216,15,2,29,4,25,88,386,3,10,399,717
11,GUANAJUATO,1,DOLORES HIDALGO CUNA DE LA INDEPENDENCIA NACIONAL,14,DOLORES HIDALGO CUNA DE LA INDEPENDENCIA NACIONAL,756,C01,225,14,0,19,4,22,111,406,2,10,418,717
11,GUANAJUATO,1,DOLORES HIDALGO CUNA DE LA INDEPENDENCIA NACIONAL,14,DOLORES HIDALGO CUNA DE LA INDEPENDENCIA NACIONAL,756,C02,194,24,5,26,6,22,107,401,2,12,415,717
11,GUANAJUATO,1,DOLORES HIDALGO CUNA DE LA INDEPENDENCIA NACIONAL,14,DOLORES HIDALGO CUNA DE LA INDEPENDENCIA NACIONAL,756,C03,219,19,5,23,6,22,95,400,0,15,415,716
11,GUANAJUATO,1,DOLORES HIDALGO CUNA DE LA INDEPENDENCIA NACIONAL,14,DOLORES HIDALGO CUNA DE LA INDEPENDENCIA NACIONAL,757,B,141,17,2,14,5,26,62,274,2,6,282,389
11,GUANAJUATO,1,DOLORES HIDALGO CUNA DE LA INDEPENDENCIA NACIONAL,14,DOLORES HIDALGO CUNA DE LA INDEPENDENCIA NACIONAL,757,C01,130,13,2,9,0,19,70,255,2,10,267,388
11,GUANAJUATO,1,DOLORES HIDALGO CUNA DE LA INDEPENDENCIA NACIONAL,14,DOLORES HIDALGO CUNA DE LA INDEPENDENCIA NACIONAL,758,B,185,21,4,20,7,29,127,409,3,9,421,689
11,GUANAJUATO,1,DOLORES HIDALGO CUNA DE LA INDEPENDENCIA NACIONAL,14,DOLORES HIDALGO CUNA DE LA INDEPENDENCIA NACIONAL,758,C01,200,23,3,16,7,33,118,411,2,9,422,688
11,GUANAJUATO,1,DOLORES HIDALGO CUNA DE LA INDEPENDENCIA NACIONAL,14,DOLORES HIDALGO CUNA DE LA INDEPENDENCIA NACIONAL,759,B,248,21,8,20,2,29,117,462,2,12,476,713
11,GUANAJUATO,1,DOLORES HIDALGO CUNA DE LA INDEPENDENCIA NACIONAL,14,DOLORES HIDALGO CUNA DE LA INDEPENDENCIA NACIONAL,759,C01,230,16,3,19,4,40,91,411,1,9,421,712
11,GUANAJUATO,1,DOLORES HIDALGO CUNA DE LA INDEPENDENCIA NACIONAL,14,DOLORES HIDALGO CUNA DE LA INDEPENDENCIA NACIONAL,759,C02,188,15,3,17,4,43,102,379,0,8,387,712
11,GUANAJUATO,1,DOLORES HIDALGO CUNA DE LA INDEPENDENCIA NACIONAL,14,DOLORES HIDALGO CUNA DE LA INDEPENDENCIA NACIONAL,759,C03,231,16,6,20,5,30,92,416,0,7,423,712
11,GUANAJUATO,1,DOLORES HIDALGO CUNA DE LA INDEPENDENCIA NACIONAL,14,DOLORES HIDALGO CUNA DE LA INDEPENDENCIA NACIONAL,760,B,206,20,2,15,6,38,100,397,1,18,416,688
11,GUANAJUATO,1,DOLORES HIDALGO CUNA DE LA INDEPENDENCIA NACIONAL,14,DOLORES HIDALGO CUNA DE LA INDEPENDENCIA NACIONAL,760,C01,190,11,13,14,9,36,83,364,1,10,375,688
11,GUANAJUATO,1,DOLORES HIDALGO CUNA DE LA INDEPENDENCIA NACIONAL,14,DOLORES HIDALGO CUNA DE LA INDEPENDENCIA NACIONAL,760,C02,197,19,3,20,9,35,94,385,0,12,397,687
11,GUANAJUATO,1,DOLORES HIDALGO CUNA DE LA INDEPENDENCIA NACIONAL,14,DOLORES HIDALGO CUNA DE LA INDEPENDENCIA NACIONAL,760,C03,225,12,2,15,6,30,86,388,1,14,403,687
11,GUANAJUATO,1,DOLORES HIDALGO CUNA DE LA INDEPENDENCIA NACIONAL,14,DOLORES HIDALGO CUNA DE LA INDEPENDENCIA NACIONAL,760,C04,212,17,6,18,3,27,89,381,2,13,396,687
11,GUANAJUATO,1,DOLORES HIDALGO CUNA DE LA INDEPENDENCIA NACIONAL,14,DOLORES HIDALGO CUNA DE LA INDEPENDENCIA NACIONAL,760,C05,211,21,8,20,7,25,89,391,0,16,407,687
11,GUANAJUATO,1,DOLORES HIDALGO CUNA DE LA INDEPENDENCIA NACIONAL,14,DOLORES HIDALGO CUNA DE LA INDEPENDENCIA NACIONAL,760,C06,223,22,7,12,6,29,77,390,4,14,408,687
11,GUANAJUATO,1,DOLORES HIDALGO CUNA DE LA INDEPENDENCIA NACIONAL,14,DOLORES HIDALGO CUNA DE LA INDEPENDENCIA NACIONAL,760,C07,230,24,6,9,4,25,92,406,0,5,411,687
11,GUANAJUATO,1,DOLORES HIDALGO CUNA DE LA INDEPENDENCIA NACIONAL,14,DOLORES HIDALGO CUNA DE LA INDEPENDENCIA NACIONAL,761,B,179,14,6,11,7,24,115,362,0,9,371,570
11,GUANAJUATO,1,DOLORES HIDALGO CUNA DE LA INDEPENDENCIA NACIONAL,14,DOLORES HIDALGO CUNA DE LA INDEPENDENCIA NACIONAL,761,C01,179,15,3,16,5,22,109,353,1,12,366,570
11,GUANAJUATO,1,DOLORES HIDALGO CUNA DE LA INDEPENDENCIA NACIONAL,14,DOLORES HIDALGO CUNA DE LA INDEPENDENCIA NACIONAL,762,B,180,10,1,12,2,34,87,341,0,14,355,594
11,GUANAJUATO,1,DOLORES HIDALGO CUNA DE LA INDEPENDENCIA NACIONAL,14,DOLORES HIDALGO CUNA DE LA INDEPENDENCIA NACIONAL,762,C01,185,17,3,12,5,29,99,364,0,10,374,593
11,GUANAJUATO,1,DOLORES HIDALGO CUNA DE LA INDEPENDENCIA NACIONAL,14,DOLORES HIDALGO CUNA DE LA INDEPENDENCIA NACIONAL,763,B,190,9,2,6,2,12,49,277,4,7,288,423
11,GUANAJUATO,1,DOLORES HIDALGO CUNA DE LA INDEPENDENCIA NACIONAL,14,DOLORES HIDALGO CUNA DE LA INDEPENDENCIA NACIONAL,763,C01,183,26,0,8,2,12,43,284,0,6,290,422
11,GUANAJUATO,1,DOLORES HIDALGO CUNA DE LA INDEPENDENCIA NACIONAL,14,DOLORES HIDALGO CUNA DE LA INDEPENDENCIA NACIONAL,764,B,187,7,0,8,8,24,106,345,4,11,360,521
11,GUANAJUATO,1,DOLORES HIDALGO CUNA DE LA INDEPENDENCIA NACIONAL,14,DOLORES HIDALGO CUNA DE LA INDEPENDENCIA NACIONAL,764,C01,185,13,0,18,3,26,69,323,4,9,336,521
11,GUANAJUATO,1,DOLORES HIDALGO CUNA DE LA INDEPENDENCIA NACIONAL,14,DOLORES HIDALGO CUNA DE LA INDEPENDENCIA NACIONAL,765,B,250,33,5,13,6,34,99,450,1,14,465,733
11,GUANAJUATO,1,DOLORES HIDALGO CUNA DE LA INDEPENDENCIA NACIONAL,14,DOLORES HIDALGO CUNA DE LA INDEPENDENCIA NACIONAL,765,C01,241,21,3,17,12,35,104,445,1,15,461,732
11,GUANAJUATO,1,DOLORES HIDALGO CUNA DE LA INDEPENDENCIA NACIONAL,14,DOLORES HIDALGO CUNA DE LA INDEPENDENCIA NACIONAL,765,C02,238,26,7,17,8,31,98,442,3,13,458,732
11,GUANAJUATO,1,DOLORES HIDALGO CUNA DE LA INDEPENDENCIA NACIONAL,14,DOLORES HIDALGO CUNA DE LA INDEPENDENCIA NACIONAL,766,B,140,18,3,11,6,30,86,302,0,19,321,693
11,GUANAJUATO,1,DOLORES HIDALGO CUNA DE LA INDEPENDENCIA NACIONAL,14,DOLORES HIDALGO CUNA DE LA INDEPENDENCIA NACIONAL,766,C01,172,12,3,13,6,29,76,318,0,16,334,693
11,GUANAJUATO,1,DOLORES HIDALGO CUNA DE LA INDEPENDENCIA NACIONAL,14,DOLORES HIDALGO CUNA DE LA INDEPENDENCIA NACIONAL,766,C02,162,15,5,12,1,23,61,293,0,14,307,693
11,GUANAJUATO,1,DOLORES HIDALGO CUNA DE LA INDEPENDENCIA NACIONAL,14,DOLORES HIDALGO CUNA DE LA INDEPENDENCIA NACIONAL,766,C03,148,13,0,21,2,32,92,316,0,12,328,693
11,GUANAJUATO,1,DOLORES HIDALGO CUNA DE LA INDEPENDENCIA NACIONAL,14,DOLORES HIDALGO CUNA DE LA INDEPENDENCIA NACIONAL,766,C04,160,12,5,9,6,31,92,320,0,8,328,693
11,GUANAJUATO,1,DOLORES HIDALGO CUNA DE LA INDEPENDENCIA NACIONAL,14,DOLORES HIDALGO CUNA DE LA INDEPENDENCIA NACIONAL,767,B,209,20,5,10,5,22,97,375,0,15,390,733
11,GUANAJUATO,1,DOLORES HIDALGO CUNA DE LA INDEPENDENCIA NACIONAL,14,DOLORES HIDALGO CUNA DE LA INDEPENDENCIA NACIONAL,767,C01,175,22,6,17,2,35,104,376,0,23,399,733
11,GUANAJUATO,1,DOLORES HIDALGO CUNA DE LA INDEPENDENCIA NACIONAL,14,DOLORES HIDALGO CUNA DE LA INDEPENDENCIA NACIONAL,767,C02,202,25,1,15,6,30,99,385,0,7,392,732
11,GUANAJUATO,1,DOLORES HIDALGO CUNA DE LA INDEPENDENCIA NACIONAL,14,DOLORES HIDALGO CUNA DE LA INDEPENDENCIA NACIONAL,768,B,154,7,0,12,9,26,116,330,0,14,344,595
11,GUANAJUATO,1,DOLORES HIDALGO CUNA DE LA INDEPENDENCIA NACIONAL,14,DOLORES HIDALGO CUNA DE LA INDEPENDENCIA NACIONAL,768,C01,142,16,4,19,10,22,103,321,1,10,332,594
11,GUANAJUATO,1,DOLORES HIDALGO CUNA DE LA INDEPENDENCIA NACIONAL,14,DOLORES HIDALGO CUNA DE LA INDEPENDENCIA NACIONAL,768,C02,56,16,4,17,16,26,81,225,0,0,225,594
11,GUANAJUATO,1,DOLORES HIDALGO CUNA DE LA INDEPENDENCIA NACIONAL,14,DOLORES HIDALGO CUNA DE LA INDEPENDENCIA NACIONAL,769,B,217,14,4,6,6,21,91,369,1,7,377,571
11,GUANAJUATO,1,DOLORES HIDALGO CUNA DE LA INDEPENDENCIA NACIONAL,14,DOLORES HIDALGO CUNA DE LA INDEPENDENCIA NACIONAL,769,C01,199,18,8,17,2,21,100,375,0,9,384,571
11,GUANAJUATO,1,DOLORES HIDALGO CUNA DE LA INDEPENDENCIA NACIONAL,14,DOLORES HIDALGO CUNA DE LA INDEPENDENCIA NACIONAL,770,B,255,23,3,14,4,37,105,452,0,11,463,692
11,GUANAJUATO,1,DOLORES HIDALGO CUNA DE LA INDEPENDENCIA NACIONAL,14,DOLORES HIDALGO CUNA DE LA INDEPENDENCIA NACIONAL,770,C01,250,24,1,13,4,33,95,438,1,10,449,691
11,GUANAJUATO,1,DOLORES HIDALGO CUNA DE LA INDEPENDENCIA NACIONAL,14,DOLORES HIDALGO CUNA DE LA INDEPENDENCIA NACIONAL,771,B,170,8,8,12,6,27,97,334,3,16,353,636
11,GUANAJUATO,1,DOLORES HIDALGO CUNA DE LA INDEPENDENCIA NACIONAL,14,DOLORES HIDALGO CUNA DE LA INDEPENDENCIA NACIONAL,771,C01,190,12,3,12,3,38,94,359,1,14,374,636
11,GUANAJUATO,1,DOLORES HIDALGO CUNA DE LA INDEPENDENCIA NACIONAL,14,DOLORES HIDALGO CUNA DE LA INDEPENDENCIA NACIONAL,772,B,181,10,3,12,6,18,71,311,1,13,325,603
11,GUANAJUATO,1,DOLORES HIDALGO CUNA DE LA INDEPENDENCIA NACIONAL,14,DOLORES HIDALGO CUNA DE LA INDEPENDENCIA NACIONAL,772,C01,181,20,4,13,5,30,54,317,0,14,331,603
11,GUANAJUATO,1,DOLORES HIDALGO CUNA DE LA INDEPENDENCIA NACIONAL,14,DOLORES HIDALGO CUNA DE LA INDEPENDENCIA NACIONAL,772,C02,185,21,1,8,6,17,92,337,1,7,345,603
11,GUANAJUATO,1,DOLORES HIDALGO CUNA DE LA INDEPENDENCIA NACIONAL,14,DOLORES HIDALGO CUNA DE LA INDEPENDENCIA NACIONAL,772,C03,169,17,2,12,4,26,65,300,0,19,319,602
11,GUANAJUATO,1,DOLORES HIDALGO CUNA DE LA INDEPENDENCIA NACIONAL,14,DOLORES HIDALGO CUNA DE LA INDEPENDENCIA NACIONAL,772,C04,200,18,2,6,3,24,62,322,0,10,332,602
11,GUANAJUATO,1,DOLORES HIDALGO CUNA DE LA INDEPENDENCIA NACIONAL,14,DOLORES HIDALGO CUNA DE LA INDEPENDENCIA NACIONAL,773,B,234,20,2,18,3,27,91,408,0,20,428,620
11,GUANAJUATO,1,DOLORES HIDALGO CUNA DE LA INDEPENDENCIA NACIONAL,14,DOLORES HIDALGO CUNA DE LA INDEPENDENCIA NACIONAL,773,C01,198,19,3,13,3,33,91,367,3,13,383,619
11,GUANAJUATO,1,DOLORES HIDALGO CUNA DE LA INDEPENDENCIA NACIONAL,14,DOLORES HIDALGO CUNA DE LA INDEPENDENCIA NACIONAL,774,B,181,14,4,10,4,27,111,363,0,28,391,736
11,GUANAJUATO,1,DOLORES HIDALGO CUNA DE LA INDEPENDENCIA NACIONAL,14,DOLORES HIDALGO CUNA DE LA INDEPENDENCIA NACIONAL,774,C01,219,22,2,17,5,22,115,412,1,10,423,736
11,GUANAJUATO,1,DOLORES HIDALGO CUNA DE LA INDEPENDENCIA NACIONAL,14,DOLORES HIDALGO CUNA DE LA INDEPENDENCIA NACIONAL,774,C02,186,14,1,20,10,26,79,346,0,13,359,736
11,GUANAJUATO,1,DOLORES HIDALGO CUNA DE LA INDEPENDENCIA NACIONAL,14,DOLORES HIDALGO CUNA DE LA INDEPENDENCIA NACIONAL,774,C03,230,17,0,17,4,26,86,394,0,11,405,735
11,GUANAJUATO,1,DOLORES HIDALGO CUNA DE LA INDEPENDENCIA NACIONAL,14,DOLORES HIDALGO CUNA DE LA INDEPENDENCIA NACIONAL,774,C04,184,21,3,14,3,32,120,384,0,14,398,735
11,GUANAJUATO,1,DOLORES HIDALGO CUNA DE LA INDEPENDENCIA NACIONAL,14,DOLORES HIDALGO CUNA DE LA INDEPENDENCIA NACIONAL,774,C05,192,30,2,14,7,18,83,356,0,9,365,735
11,GUANAJUATO,1,DOLORES HIDALGO CUNA DE LA INDEPENDENCIA NACIONAL,14,DOLORES HIDALGO CUNA DE LA INDEPENDENCIA NACIONAL,774,C06,202,34,5,22,2,30,109,413,0,13,426,735
11,GUANAJUATO,1,DOLORES HIDALGO CUNA DE LA INDEPENDENCIA NACIONAL,14,DOLORES HIDALGO CUNA DE LA INDEPENDENCIA NACIONAL,775,B,217,32,3,22,3,36,98,420,1,13,434,734
11,GUANAJUATO,1,DOLORES HIDALGO CUNA DE LA INDEPENDENCIA NACIONAL,14,DOLORES HIDALGO CUNA DE LA INDEPENDENCIA NACIONAL,775,C01,203,11,3,20,4,27,87,367,0,14,381,734
11,GUANAJUATO,1,DOLORES HIDALGO CUNA DE LA INDEPENDENCIA NACIONAL,14,DOLORES HIDALGO CUNA DE LA INDEPENDENCIA NACIONAL,775,C02,216,21,4,9,5,29,87,379,0,6,385,734
11,GUANAJUATO,1,DOLORES HIDALGO CUNA DE LA INDEPENDENCIA NACIONAL,14,DOLORES HIDALGO CUNA DE LA INDEPENDENCIA NACIONAL,775,C03,193,20,5,11,9,34,102,378,0,8,386,734
11,GUANAJUATO,1,DOLORES HIDALGO CUNA DE LA INDEPENDENCIA NACIONAL,14,DOLORES HIDALGO CUNA DE LA INDEPENDENCIA NACIONAL,775,C04,236,14,3,9,4,23,87,381,0,11,392,734
11,GUANAJUATO,1,DOLORES HIDALGO CUNA DE LA INDEPENDENCIA NACIONAL,14,DOLORES HIDALGO CUNA DE LA INDEPENDENCIA NACIONAL,775,C05,214,15,1,23,3,27,99,383,0,8,391,734
11,GUANAJUATO,1,DOLORES HIDALGO CUNA DE LA INDEPENDENCIA NACIONAL,14,DOLORES HIDALGO CUNA DE LA INDEPENDENCIA NACIONAL,775,C06,214,22,2,18,7,27,99,403,0,14,417,734
11,GUANAJUATO,1,DOLORES HIDALGO CUNA DE LA INDEPENDENCIA NACIONAL,14,DOLORES HIDALGO CUNA DE LA INDEPENDENCIA NACIONAL,775,C07,206,28,0,21,4,24,111,397,1,13,411,734
11,GUANAJUATO,1,DOLORES HIDALGO CUNA DE LA INDEPENDENCIA NACIONAL,14,DOLORES HIDALGO CUNA DE LA INDEPENDENCIA NACIONAL,775,C08,201,20,4,18,4,34,106,397,2,16,415,734
11,GUANAJUATO,1,DOLORES HIDALGO CUNA DE LA INDEPENDENCIA NACIONAL,14,DOLORES HIDALGO CUNA DE LA INDEPENDENCIA NACIONAL,776,B,146,17,1,8,6,4,74,263,0,10,273,500
11,GUANAJUATO,1,DOLORES HIDALGO CUNA DE LA INDEPENDENCIA NACIONAL,14,DOLORES HIDALGO CUNA DE LA INDEPENDENCIA NACIONAL,776,C01,110,10,0,11,3,15,96,252,0,22,274,499
11,GUANAJUATO,1,DOLORES HIDALGO CUNA DE LA INDEPENDENCIA NACIONAL,14,DOLORES HIDALGO CUNA DE LA INDEPENDENCIA NACIONAL,777,B,158,9,3,10,13,55,5,254,0,16,270,571
11,GUANAJUATO,1,DOLORES HIDALGO CUNA DE LA INDEPENDENCIA NACIONAL,14,DOLORES HIDALGO CUNA DE LA INDEPENDENCIA NACIONAL,777,C01,144,13,3,10,5,18,62,260,0,15,275,571
11,GUANAJUATO,1,DOLORES HIDALGO CUNA DE LA INDEPENDENCIA NACIONAL,14,DOLORES HIDALGO CUNA DE LA INDEPENDENCIA NACIONAL,778,B,143,16,4,7,6,23,76,280,0,19,299,653
11,GUANAJUATO,1,DOLORES HIDALGO CUNA DE LA INDEPENDENCIA NACIONAL,14,DOLORES HIDALGO CUNA DE LA INDEPENDENCIA NACIONAL,778,C01,151,15,2,14,6,18,84,294,0,15,309,653
11,GUANAJUATO,1,DOLORES HIDALGO CUNA DE LA INDEPENDENCIA NACIONAL,14,DOLORES HIDALGO CUNA DE LA INDEPENDENCIA NACIONAL,778,C02,175,15,5,13,9,13,69,310,0,21,331,653
11,GUANAJUATO,1,DOLORES HIDALGO CUNA DE LA INDEPENDENCIA NACIONAL,14,DOLORES HIDALGO CUNA DE LA INDEPENDENCIA NACIONAL,779,B,159,42,1,13,9,17,56,301,0,15,316,601
11,GUANAJUATO,1,DOLORES HIDALGO CUNA DE LA INDEPENDENCIA NACIONAL,14,DOLORES HIDALGO CUNA DE LA INDEPENDENCIA NACIONAL,779,E01,54,3,3,1,4,1,27,97,0,6,103,186
11,GUANAJUATO,1,DOLORES HIDALGO CUNA DE LA INDEPENDENCIA NACIONAL,14,DOLORES HIDALGO CUNA DE LA INDEPENDENCIA NACIONAL,780,B,200,20,1,7,12,13,63,320,0,21,341,663
11,GUANAJUATO,1,DOLORES HIDALGO CUNA DE LA INDEPENDENCIA NACIONAL,14,DOLORES HIDALGO CUNA DE LA INDEPENDENCIA NACIONAL,780,C01,167,22,2,11,8,15,60,299,0,23,322,663
11,GUANAJUATO,1,DOLORES HIDALGO CUNA DE LA INDEPENDENCIA NACIONAL,14,DOLORES HIDALGO CUNA DE LA INDEPENDENCIA NACIONAL,781,B,196,46,3,0,7,5,42,308,0,9,317,569
11,GUANAJUATO,1,DOLORES HIDALGO CUNA DE LA INDEPENDENCIA NACIONAL,14,DOLORES HIDALGO CUNA DE LA INDEPENDENCIA NACIONAL,781,C01,163,42,1,11,2,4,48,273,0,13,286,569
11,GUANAJUATO,1,DOLORES HIDALGO CUNA DE LA INDEPENDENCIA NACIONAL,14,DOLORES HIDALGO CUNA DE LA INDEPENDENCIA NACIONAL,781,C02,183,34,3,12,6,3,42,294,0,4,298,569
11,GUANAJUATO,1,DOLORES HIDALGO CUNA DE LA INDEPENDENCIA NACIONAL,14,DOLORES HIDALGO CUNA DE LA INDEPENDENCIA NACIONAL,782,B,150,32,5,9,1,11,46,259,1,9,269,540
11,GUANAJUATO,1,DOLORES HIDALGO CUNA DE LA INDEPENDENCIA NACIONAL,14,DOLORES HIDALGO CUNA DE LA INDEPENDENCIA NACIONAL,782,C01,164,30,1,7,5,15,45,278,0,14,292,539
11,GUANAJUATO,1,DOLORES HIDALGO CUNA DE LA INDEPENDENCIA NACIONAL,14,DOLORES HIDALGO CUNA DE LA INDEPENDENCIA NACIONAL,783,B,111,9,2,9,6,10,52,200,0,9,209,414
11,GUANAJUATO,1,DOLORES HIDALGO CUNA DE LA INDEPENDENCIA NACIONAL,14,DOLORES HIDALGO CUNA DE LA INDEPENDENCIA NACIONAL,783,C01,108,10,1,11,5,11,42,190,0,15,205,414
11,GUANAJUATO,1,DOLORES HIDALGO CUNA DE LA INDEPENDENCIA NACIONAL,14,DOLORES HIDALGO CUNA DE LA INDEPENDENCIA NACIONAL,784,B,202,14,4,9,4,16,86,343,1,11,355,652
11,GUANAJUATO,1,DOLORES HIDALGO CUNA DE LA INDEPENDENCIA NACIONAL,14,DOLORES HIDALGO CUNA DE LA INDEPENDENCIA NACIONAL,784,C01,220,14,2,6,5,13,54,319,0,17,336,652
11,GUANAJUATO,1,DOLORES HIDALGO CUNA DE LA INDEPENDENCIA NACIONAL,14,DOLORES HIDALGO CUNA DE LA INDEPENDENCIA NACIONAL,785,B,152,16,0,15,5,24,64,278,0,12,290,688
11,GUANAJUATO,1,DOLORES HIDALGO CUNA DE LA INDEPENDENCIA NACIONAL,14,DOLORES HIDALGO CUNA DE LA INDEPENDENCIA NACIONAL,785,C01,141,24,1,11,6,18,108,309,0,8,317,688
11,GUANAJUATO,1,DOLORES HIDALGO CUNA DE LA INDEPENDENCIA NACIONAL,14,DOLORES HIDALGO CUNA DE LA INDEPENDENCIA NACIONAL,786,B,185,15,2,8,2,7,30,255,0,8,263,542
11,GUANAJUATO,1,DOLORES HIDALGO CUNA DE LA INDEPENDENCIA NACIONAL,14,DOLORES HIDALGO CUNA DE LA INDEPENDENCIA NACIONAL,786,C01,152,22,0,13,2,11,20,227,1,10,238,542
11,GUANAJUATO,1,DOLORES HIDALGO CUNA DE LA INDEPENDENCIA NACIONAL,14,DOLORES HIDALGO CUNA DE LA INDEPENDENCIA NACIONAL,787,B,144,4,3,14,6,11,62,248,0,7,255,503
11,GUANAJUATO,1,DOLORES HIDALGO CUNA DE LA INDEPENDENCIA NACIONAL,14,DOLORES HIDALGO CUNA DE LA INDEPENDENCIA NACIONAL,787,C01,126,10,0,13,4,14,56,228,0,5,233,503
11,GUANAJUATO,1,DOLORES HIDALGO CUNA DE LA INDEPENDENCIA NACIONAL,14,DOLORES HIDALGO CUNA DE LA INDEPENDENCIA NACIONAL,788,B,174,28,1,5,4,12,80,309,0,13,322,510
11,GUANAJUATO,1,DOLORES HIDALGO CUNA DE LA INDEPENDENCIA NACIONAL,14,DOLORES HIDALGO CUNA DE LA INDEPENDENCIA NACIONAL,788,C01,186,19,0,1,4,11,76,306,0,15,321,510
11,GUANAJUATO,1,DOLORES HIDALGO CUNA DE LA INDEPENDENCIA NACIONAL,14,DOLORES HIDALGO CUNA DE LA INDEPENDENCIA NACIONAL,789,B,186,36,5,19,5,5,62,323,0,13,336,612
11,GUANAJUATO,1,DOLORES HIDALGO CUNA DE LA INDEPENDENCIA NACIONAL,14,DOLORES HIDALGO CUNA DE LA INDEPENDENCIA NACIONAL,790,B,182,12,4,8,6,14,51,282,0,20,302,574
11,GUANAJUATO,1,DOLORES HIDALGO CUNA DE LA INDEPENDENCIA NACIONAL,14,DOLORES HIDALGO CUNA DE LA INDEPENDENCIA NACIONAL,790,C01,179,13,0,3,5,10,67,281,0,13,294,573
11,GUANAJUATO,1,DOLORES HIDALGO CUNA DE LA INDEPENDENCIA NACIONAL,14,DOLORES HIDALGO CUNA DE LA INDEPENDENCIA NACIONAL,790,C02,201,11,2,9,2,11,62,305,0,17,322,573
11,GUANAJUATO,1,DOLORES HIDALGO CUNA DE LA INDEPENDENCIA NACIONAL,14,DOLORES HIDALGO CUNA DE LA INDEPENDENCIA NACIONAL,790,C03,193,18,2,5,4,5,55,282,0,8,290,573
11,GUANAJUATO,1,DOLORES HIDALGO CUNA DE LA INDEPENDENCIA NACIONAL,14,DOLORES HIDALGO CUNA DE LA INDEPENDENCIA NACIONAL,791,B,206,13,6,14,2,11,78,336,0,15,351,688
11,GUANAJUATO,1,DOLORES HIDALGO CUNA DE LA INDEPENDENCIA NACIONAL,14,DOLORES HIDALGO CUNA DE LA INDEPENDENCIA NACIONAL,791,C01,195,21,4,16,11,17,76,349,0,28,377,688
11,GUANAJUATO,1,DOLORES HIDALGO CUNA DE LA INDEPENDENCIA NACIONAL,14,DOLORES HIDALGO CUNA DE LA INDEPENDENCIA NACIONAL,792,B,207,17,2,17,3,13,70,334,0,9,343,603
11,GUANAJUATO,1,DOLORES HIDALGO CUNA DE LA INDEPENDENCIA NACIONAL,14,DOLORES HIDALGO CUNA DE LA INDEPENDENCIA NACIONAL,792,C01,189,10,1,6,7,21,78,319,0,13,332,602
11,GUANAJUATO,1,DOLORES HIDALGO CUNA DE LA INDEPENDENCIA NACIONAL,14,DOLORES HIDALGO CUNA DE LA INDEPENDENCIA NACIONAL,792,C02,190,15,1,13,5,16,82,330,0,11,341,602
11,GUANAJUATO,1,DOLORES HIDALGO CUNA DE LA INDEPENDENCIA NACIONAL,14,DOLORES HIDALGO CUNA DE LA INDEPENDENCIA NACIONAL,793,B,213,41,1,13,4,9,144,431,0,17,448,705
11,GUANAJUATO,1,DOLORES HIDALGO CUNA DE LA INDEPENDENCIA NACIONAL,14,DOLORES HIDALGO CUNA DE LA INDEPENDENCIA NACIONAL,793,C01,224,30,0,15,6,20,104,406,0,18,424,704
11,GUANAJUATO,1,DOLORES HIDALGO CUNA DE LA INDEPENDENCIA NACIONAL,14,DOLORES HIDALGO CUNA DE LA INDEPENDENCIA NACIONAL,793,C02,229,27,0,7,4,21,124,416,0,15,431,704
11,GUANAJUATO,1,DOLORES HIDALGO CUNA DE LA INDEPENDENCIA NACIONAL,14,DOLORES HIDALGO CUNA DE LA INDEPENDENCIA NACIONAL,794,B,119,19,2,10,4,7,52,219,0,6,225,511
11,GUANAJUATO,1,DOLORES HIDALGO CUNA DE LA INDEPENDENCIA NACIONAL,14,DOLORES HIDALGO CUNA DE LA INDEPENDENCIA NACIONAL,794,C01,122,17,3,6,5,7,56,217,0,8,225,511
11,GUANAJUATO,1,DOLORES HIDALGO CUNA DE LA INDEPENDENCIA NACIONAL,14,DOLORES HIDALGO CUNA DE LA INDEPENDENCIA NACIONAL,794,C02,106,26,1,3,1,4,37,186,0,14,200,510
11,GUANAJUATO,1,DOLORES HIDALGO CUNA DE LA INDEPENDENCIA NACIONAL,14,DOLORES HIDALGO CUNA DE LA INDEPENDENCIA NACIONAL,795,B,208,19,1,12,7,19,43,317,3,18,338,685
11,GUANAJUATO,1,DOLORES HIDALGO CUNA DE LA INDEPENDENCIA NACIONAL,14,DOLORES HIDALGO CUNA DE LA INDEPENDENCIA NACIONAL,795,E01,164,8,1,12,3,11,53,256,0,10,266,483
11,GUANAJUATO,1,DOLORES HIDALGO CUNA DE LA INDEPENDENCIA NACIONAL,14,DOLORES HIDALGO CUNA DE LA INDEPENDENCIA NACIONAL,796,B,191,17,2,15,6,28,72,336,0,12,348,683
11,GUANAJUATO,1,DOLORES HIDALGO CUNA DE LA INDEPENDENCIA NACIONAL,14,DOLORES HIDALGO CUNA DE LA INDEPENDENCIA NACIONAL,796,C01,161,6,5,19,5,19,90,313,0,20,333,682
11,GUANAJUATO,1,DOLORES HIDALGO CUNA DE LA INDEPENDENCIA NACIONAL,14,DOLORES HIDALGO CUNA DE LA INDEPENDENCIA NACIONAL,797,B,212,21,5,15,4,27,83,382,0,17,399,746
11,GUANAJUATO,1,DOLORES HIDALGO CUNA DE LA INDEPENDENCIA NACIONAL,14,DOLORES HIDALGO CUNA DE LA INDEPENDENCIA NACIONAL,797,C01,236,15,18,10,1,17,76,384,2,8,394,745
11,GUANAJUATO,1,DOLORES HIDALGO CUNA DE LA INDEPENDENCIA NACIONAL,14,DOLORES HIDALGO CUNA DE LA INDEPENDENCIA NACIONAL,797,C02,264,21,2,8,4,20,70,393,0,19,412,745
11,GUANAJUATO,1,DOLORES HIDALGO CUNA DE LA INDEPENDENCIA NACIONAL,14,DOLORES HIDALGO CUNA DE LA INDEPENDENCIA NACIONAL,797,E01,158,28,0,10,3,28,56,301,1,19,321,518
11,GUANAJUATO,1,DOLORES HIDALGO CUNA DE LA INDEPENDENCIA NACIONAL,14,DOLORES HIDALGO CUNA DE LA INDEPENDENCIA NACIONAL,798,B,149,19,2,6,5,9,43,239,0,9,248,424
11,GUANAJUATO,1,DOLORES HIDALGO CUNA DE LA INDEPENDENCIA NACIONAL,14,DOLORES HIDALGO CUNA DE LA INDEPENDENCIA NACIONAL,798,C01,135,25,0,10,2,6,43,227,0,10,237,424
11,GUANAJUATO,1,DOLORES HIDALGO CUNA DE LA INDEPENDENCIA NACIONAL,14,DOLORES HIDALGO CUNA DE LA INDEPENDENCIA NACIONAL,798,E01,81,5,4,8,2,9,82,194,0,5,199,353
11,GUANAJUATO,1,DOLORES HIDALGO CUNA DE LA INDEPENDENCIA NACIONAL,14,DOLORES HIDALGO CUNA DE LA INDEPENDENCIA NACIONAL,799,B,156,26,2,23,6,17,65,298,1,19,318,629
11,GUANAJUATO,1,DOLORES HIDALGO CUNA DE LA INDEPENDENCIA NACIONAL,14,DOLORES HIDALGO CUNA DE LA INDEPENDENCIA NACIONAL,800,B,172,22,2,25,7,13,63,311,0,17,328,680
11,GUANAJUATO,1,DOLORES HIDALGO CUNA DE LA INDEPENDENCIA NACIONAL,14,DOLORES HIDALGO CUNA DE LA INDEPENDENCIA NACIONAL,801,B,161,23,5,29,7,17,62,314,0,22,336,631
11,GUANAJUATO,1,DOLORES HIDALGO CUNA DE LA INDEPENDENCIA NACIONAL,14,DOLORES HIDALGO CUNA DE LA INDEPENDENCIA NACIONAL,801,E01,113,14,0,6,5,9,55,206,0,7,213,413
11,GUANAJUATO,1,DOLORES HIDALGO CUNA DE LA INDEPENDENCIA NACIONAL,14,DOLORES HIDALGO CUNA DE LA INDEPENDENCIA NACIONAL,801,E01C01,127,10,0,4,4,9,39,199,0,8,207,413
11,GUANAJUATO,1,DOLORES HIDALGO CUNA DE LA INDEPENDENCIA NACIONAL,14,DOLORES HIDALGO CUNA DE LA INDEPENDENCIA NACIONAL,801,E02,135,14,1,1,1,10,40,209,1,8,218,413
11,GUANAJUATO,1,DOLORES HIDALGO CUNA DE LA INDEPENDENCIA NACIONAL,14,DOLORES HIDALGO CUNA DE LA INDEPENDENCIA NACIONAL,802,B,186,30,2,17,6,13,61,322,0,6,328,604
11,GUANAJUATO,1,DOLORES HIDALGO CUNA DE LA INDEPENDENCIA NACIONAL,14,DOLORES HIDALGO CUNA DE LA INDEPENDENCIA NACIONAL,802,C01,148,15,6,11,3,9,60,263,1,17,281,604
11,GUANAJUATO,1,DOLORES HIDALGO CUNA DE LA INDEPENDENCIA NACIONAL,14,DOLORES HIDALGO CUNA DE LA INDEPENDENCIA NACIONAL,802,C02,161,21,3,16,2,15,64,296,0,17,313,604
11,GUANAJUATO,1,DOLORES HIDALGO CUNA DE LA INDEPENDENCIA NACIONAL,14,DOLORES HIDALGO CUNA DE LA INDEPENDENCIA NACIONAL,802,C03,181,18,5,12,5,19,64,315,0,13,328,603
11,GUANAJUATO,1,DOLORES HIDALGO CUNA DE LA INDEPENDENCIA NACIONAL,14,DOLORES HIDALGO CUNA DE LA INDEPENDENCIA NACIONAL,803,B,213,12,4,15,8,19,74,354,0,15,369,598
11,GUANAJUATO,1,DOLORES HIDALGO CUNA DE LA INDEPENDENCIA NACIONAL,14,DOLORES HIDALGO CUNA DE LA INDEPENDENCIA NACIONAL,803,C01,238,5,4,9,5,28,87,382,0,14,396,597
11,GUANAJUATO,1,DOLORES HIDALGO CUNA DE LA INDEPENDENCIA NACIONAL,14,DOLORES HIDALGO CUNA DE LA INDEPENDENCIA NACIONAL,803,E01,135,8,5,17,3,10,112,299,0,24,323,578
11,GUANAJUATO,1,DOLORES HIDALGO CUNA DE LA INDEPENDENCIA NACIONAL,14,DOLORES HIDALGO CUNA DE LA INDEPENDENCIA NACIONAL,804,B,97,24,5,9,5,14,46,205,0,21,226,596
11,GUANAJUATO,1,DOLORES HIDALGO CUNA DE LA INDEPENDENCIA NACIONAL,14,DOLORES HIDALGO CUNA DE LA INDEPENDENCIA NACIONAL,804,C01,109,24,1,10,6,11,63,232,0,15,247,595
11,GUANAJUATO,1,DOLORES HIDALGO CUNA DE LA INDEPENDENCIA NACIONAL,14,DOLORES HIDALGO CUNA DE LA INDEPENDENCIA NACIONAL,804,E01,135,10,4,17,5,19,54,247,0,7,254,501
11,GUANAJUATO,1,DOLORES HIDALGO CUNA DE LA INDEPENDENCIA NACIONAL,14,DOLORES HIDALGO CUNA DE LA INDEPENDENCIA NACIONAL,804,E01C01,123,12,4,15,4,15,42,224,0,5,229,500
11,GUANAJUATO,1,DOLORES HIDALGO CUNA DE LA INDEPENDENCIA NACIONAL,14,DOLORES HIDALGO CUNA DE LA INDEPENDENCIA NACIONAL,805,B,176,19,4,15,1,25,36,281,0,7,288,602
11,GUANAJUATO,1,DOLORES HIDALGO CUNA DE LA INDEPENDENCIA NACIONAL,14,DOLORES HIDALGO CUNA DE LA INDEPENDENCIA NACIONAL,805,C01,161,15,0,14,3,18,37,252,0,14,266,602
11,GUANAJUATO,1,DOLORES HIDALGO CUNA DE LA INDEPENDENCIA NACIONAL,14,DOLORES HIDALGO CUNA DE LA INDEPENDENCIA NACIONAL,805,C02,148,16,6,10,0,18,76,284,1,16,301,602
11,GUANAJUATO,1,DOLORES HIDALGO CUNA DE LA INDEPENDENCIA NACIONAL,14,DOLORES HIDALGO CUNA DE LA INDEPENDENCIA NACIONAL,805,C03,162,13,2,6,3,26,50,275,0,9,284,601
11,GUANAJUATO,1,DOLORES HIDALGO CUNA DE LA INDEPENDENCIA NACIONAL,14,DOLORES HIDALGO CUNA DE LA INDEPENDENCIA NACIONAL,806,B,114,15,2,8,3,19,52,214,0,12,226,494
11,GUANAJUATO,1,DOLORES HIDALGO CUNA DE LA INDEPENDENCIA NACIONAL,14,DOLORES HIDALGO CUNA DE LA INDEPENDENCIA NACIONAL,806,C01,118,11,1,13,3,25,49,225,0,14,239,494
11,GUANAJUATO,1,DOLORES HIDALGO CUNA DE LA INDEPENDENCIA NACIONAL,14,DOLORES HIDALGO CUNA DE LA INDEPENDENCIA NACIONAL,807,B,112,5,1,23,3,11,76,236,0,16,252,594
11,GUANAJUATO,1,DOLORES HIDALGO CUNA DE LA INDEPENDENCIA NACIONAL,14,DOLORES HIDALGO CUNA DE LA INDEPENDENCIA NACIONAL,807,C01,112,5,2,23,2,14,79,239,0,18,257,593
11,GUANAJUATO,1,DOLORES HIDALGO CUNA DE LA INDEPENDENCIA NACIONAL,14,DOLORES HIDALGO CUNA DE LA INDEPENDENCIA NACIONAL,807,E01,104,5,0,12,5,6,92,229,1,12,242,473
11,GUANAJUATO,1,DOLORES HIDALGO CUNA DE LA INDEPENDENCIA NACIONAL,14,DOLORES HIDALGO CUNA DE LA INDEPENDENCIA NACIONAL,808,B,164,7,1,4,3,16,77,282,0,8,290,637
11,GUANAJUATO,1,DOLORES HIDALGO CUNA DE LA INDEPENDENCIA NACIONAL,14,DOLORES HIDALGO CUNA DE LA INDEPENDENCIA NACIONAL,808,C01,183,4,1,8,7,6,90,303,0,12,315,636
11,GUANAJUATO,1,DOLORES HIDALGO CUNA DE LA INDEPENDENCIA NACIONAL,14,DOLORES HIDALGO CUNA DE LA INDEPENDENCIA NACIONAL,808,E01,193,22,1,12,5,18,60,312,0,12,324,573
11,GUANAJUATO,1,DOLORES HIDALGO CUNA DE LA INDEPENDENCIA NACIONAL,14,DOLORES HIDALGO CUNA DE LA INDEPENDENCIA NACIONAL,808,E01C01,198,25,1,8,1,13,60,316,0,12,328,573
11,GUANAJUATO,1,DOLORES HIDALGO CUNA DE LA INDEPENDENCIA NACIONAL,14,DOLORES HIDALGO CUNA DE LA INDEPENDENCIA NACIONAL,809,B,229,17,1,14,6,23,70,367,1,13,381,698
11,GUANAJUATO,1,DOLORES HIDALGO CUNA DE LA INDEPENDENCIA NACIONAL,14,DOLORES HIDALGO CUNA DE LA INDEPENDENCIA NACIONAL,809,C01,229,7,4,19,11,23,61,359,0,15,374,698
11,GUANAJUATO,1,DOLORES HIDALGO CUNA DE LA INDEPENDENCIA NACIONAL,14,DOLORES HIDALGO CUNA DE LA INDEPENDENCIA NACIONAL,809,E01,128,10,2,6,6,16,29,200,0,4,204,420
11,GUANAJUATO,1,DOLORES HIDALGO CUNA DE LA INDEPENDENCIA NACIONAL,14,DOLORES HIDALGO CUNA DE LA INDEPENDENCIA NACIONAL,809,E01C01,155,8,1,11,1,16,33,227,0,6,233,420
11,GUANAJUATO,1,DOLORES HIDALGO CUNA DE LA INDEPENDENCIA NACIONAL,14,DOLORES HIDALGO CUNA DE LA INDEPENDENCIA NACIONAL,810,B,217,34,2,14,6,16,55,350,0,14,364,636
11,GUANAJUATO,1,DOLORES HIDALGO CUNA DE LA INDEPENDENCIA NACIONAL,14,DOLORES HIDALGO CUNA DE LA INDEPENDENCIA NACIONAL,810,C01,232,11,1,7,4,10,46,324,0,16,340,635
11,GUANAJUATO,1,DOLORES HIDALGO CUNA DE LA INDEPENDENCIA NACIONAL,14,DOLORES HIDALGO CUNA DE LA INDEPENDENCIA NACIONAL,811,B,225,29,0,20,5,8,59,358,0,12,370,685
11,GUANAJUATO,1,DOLORES HIDALGO CUNA DE LA INDEPENDENCIA NACIONAL,14,DOLORES HIDALGO CUNA DE LA INDEPENDENCIA NACIONAL,811,C01,247,26,4,19,10,8,70,386,0,12,398,684
11,GUANAJUATO,1,DOLORES HIDALGO CUNA DE LA INDEPENDENCIA NACIONAL,14,DOLORES HIDALGO CUNA DE LA INDEPENDENCIA NACIONAL,811,C02,225,21,3,18,4,9,47,335,0,24,359,684
11,GUANAJUATO,1,DOLORES HIDALGO CUNA DE LA INDEPENDENCIA NACIONAL,14,DOLORES HIDALGO CUNA DE LA INDEPENDENCIA NACIONAL,812,B,97,9,1,3,1,3,18,132,0,3,135,293
11,GUANAJUATO,1,DOLORES HIDALGO CUNA DE LA INDEPENDENCIA NACIONAL,14,DOLORES HIDALGO CUNA DE LA INDEPENDENCIA NACIONAL,813,B,127,25,1,5,3,4,33,203,0,6,209,475
11,GUANAJUATO,1,DOLORES HIDALGO CUNA DE LA INDEPENDENCIA NACIONAL,14,DOLORES HIDALGO CUNA DE LA INDEPENDENCIA NACIONAL,813,C01,124,19,4,5,4,15,22,197,0,14,211,475
11,GUANAJUATO,1,DOLORES HIDALGO CUNA DE LA INDEPENDENCIA NACIONAL,14,DOLORES HIDALGO CUNA DE LA INDEPENDENCIA NACIONAL,813,E01,98,16,0,5,1,5,22,153,0,11,164,298
11,GUANAJUATO,1,DOLORES HIDALGO CUNA DE LA INDEPENDENCIA NACIONAL,14,DOLORES HIDALGO CUNA DE LA INDEPENDENCIA NACIONAL,814,B,264,25,10,25,9,11,41,393,0,28,421,746
11,GUANAJUATO,1,DOLORES HIDALGO CUNA DE LA INDEPENDENCIA NACIONAL,14,DOLORES HIDALGO CUNA DE LA INDEPENDENCIA NACIONAL,815,B,136,16,4,6,7,8,47,231,0,17,248,580
11,GUANAJUATO,1,DOLORES HIDALGO CUNA DE LA INDEPENDENCIA NACIONAL,14,DOLORES HIDALGO CUNA DE LA INDEPENDENCIA NACIONAL,815,C01,131,21,5,6,5,10,41,226,0,32,258,580
11,GUANAJUATO,1,DOLORES HIDALGO CUNA DE LA INDEPENDENCIA NACIONAL,14,DOLORES HIDALGO CUNA DE LA INDEPENDENCIA NACIONAL,816,B,131,18,2,12,3,13,68,250,0,10,260,402
11,GUANAJUATO,1,DOLORES HIDALGO CUNA DE LA INDEPENDENCIA NACIONAL,14,DOLORES HIDALGO CUNA DE LA INDEPENDENCIA NACIONAL,816,E01,146,24,2,22,7,13,42,262,0,20,282,631
11,GUANAJUATO,1,DOLORES HIDALGO CUNA DE LA INDEPENDENCIA NACIONAL,14,DOLORES HIDALGO CUNA DE LA INDEPENDENCIA NACIONAL,817,B,114,20,1,14,2,9,45,214,1,17,232,577
11,GUANAJUATO,1,DOLORES HIDALGO CUNA DE LA INDEPENDENCIA NACIONAL,14,DOLORES HIDALGO CUNA DE LA INDEPENDENCIA NACIONAL,817,C01,140,16,4,8,5,11,36,222,0,16,238,577
11,GUANAJUATO,1,DOLORES HIDALGO CUNA DE LA INDEPENDENCIA NACIONAL,14,DOLORES HIDALGO CUNA DE LA INDEPENDENCIA NACIONAL,818,B,228,22,5,12,8,3,20,302,0,9,311,575
11,GUANAJUATO,1,DOLORES HIDALGO CUNA DE LA INDEPENDENCIA NACIONAL,14,DOLORES HIDALGO CUNA DE LA INDEPENDENCIA NACIONAL,818,C01,218,15,2,10,5,9,25,296,0,15,311,575
11,GUANAJUATO,1,DOLORES HIDALGO CUNA DE LA INDEPENDENCIA NACIONAL,14,DOLORES HIDALGO CUNA DE LA INDEPENDENCIA NACIONAL,818,C02,236,24,6,8,6,4,21,309,0,11,320,575
11,GUANAJUATO,1,DOLORES HIDALGO CUNA DE LA INDEPENDENCIA NACIONAL,14,DOLORES HIDALGO CUNA DE LA INDEPENDENCIA NACIONAL,819,B,89,7,2,15,8,14,123,259,0,20,279,640
11,GUANAJUATO,1,DOLORES HIDALGO CUNA DE LA INDEPENDENCIA NACIONAL,14,DOLORES HIDALGO CUNA DE LA INDEPENDENCIA NACIONAL,820,B,98,22,1,23,5,4,70,227,0,17,244,624
11,GUANAJUATO,1,DOLORES HIDALGO CUNA DE LA INDEPENDENCIA NACIONAL,14,DOLORES HIDALGO CUNA DE LA INDEPENDENCIA NACIONAL,820,C01,64,34,2,23,3,11,70,241,0,22,263,624
11,GUANAJUATO,1,DOLORES HIDALGO CUNA DE LA INDEPENDENCIA NACIONAL,14,DOLORES HIDALGO CUNA DE LA INDEPENDENCIA NACIONAL,821,B,114,18,1,2,7,14,81,242,1,12,255,502
11,GUANAJUATO,1,DOLORES HIDALGO CUNA DE LA INDEPENDENCIA NACIONAL,14,DOLORES HIDALGO CUNA DE LA INDEPENDENCIA NACIONAL,821,C01,112,24,2,9,4,9,86,253,0,18,271,502
11,GUANAJUATO,1,DOLORES HIDALGO CUNA DE LA INDEPENDENCIA NACIONAL,14,DOLORES HIDALGO CUNA DE LA INDEPENDENCIA NACIONAL,821,C02,141,19,2,9,6,9,59,250,0,19,269,502
11,GUANAJUATO,1,DOLORES HIDALGO CUNA DE LA INDEPENDENCIA NACIONAL,14,DOLORES HIDALGO CUNA DE LA INDEPENDENCIA NACIONAL,822,B,97,21,2,11,7,5,108,255,0,25,280,608
11,GUANAJUATO,1,DOLORES HIDALGO CUNA DE LA INDEPENDENCIA NACIONAL,14,DOLORES HIDALGO CUNA DE LA INDEPENDENCIA NACIONAL,822,C01,138,24,4,4,2,6,126,311,0,24,335,608
11,GUANAJUATO,8,GUANAJUATO,15,GUANAJUATO,0,VA34,1,0,0,0,0,0,9,11,0,2,13,21
11,GUANAJUATO,8,GUANAJUATO,15,GUANAJUATO,823,B,160,25,2,19,30,39,66,346,1,7,354,494
11,GUANAJUATO,8,GUANAJUATO,15,GUANAJUATO,823,C01,154,11,2,11,25,46,88,343,1,13,357,494
11,GUANAJUATO,8,GUANAJUATO,15,GUANAJUATO,824,B,141,24,10,19,38,23,152,416,0,20,436,667
11,GUANAJUATO,8,GUANAJUATO,15,GUANAJUATO,824,C01,153,20,5,14,32,19,167,416,0,17,433,667
11,GUANAJUATO,8,GUANAJUATO,15,GUANAJUATO,825,B,148,22,2,13,33,28,98,349,0,16,365,592
11,GUANAJUATO,8,GUANAJUATO,15,GUANAJUATO,825,C01,168,21,5,14,39,19,85,357,0,8,365,591
11,GUANAJUATO,8,GUANAJUATO,15,GUANAJUATO,826,B,101,4,3,12,20,14,119,274,0,22,296,495
11,GUANAJUATO,8,GUANAJUATO,15,GUANAJUATO,826,C01,85,11,5,13,16,18,173,326,0,8,334,495
11,GUANAJUATO,8,GUANAJUATO,15,GUANAJUATO,827,B,129,14,6,14,21,24,169,384,0,14,398,677
11,GUANAJUATO,8,GUANAJUATO,15,GUANAJUATO,827,C01,134,14,13,7,18,23,192,409,0,21,430,676
11,GUANAJUATO,8,GUANAJUATO,15,GUANAJUATO,828,B,121,11,3,10,43,20,170,382,0,14,396,665
11,GUANAJUATO,8,GUANAJUATO,15,GUANAJUATO,828,C01,129,13,5,13,29,14,138,348,1,13,362,665
11,GUANAJUATO,8,GUANAJUATO,15,GUANAJUATO,828,C02,118,16,1,8,23,20,204,395,0,21,416,665
11,GUANAJUATO,8,GUANAJUATO,15,GUANAJUATO,829,B,113,24,4,11,25,25,128,336,0,10,346,511
11,GUANAJUATO,8,GUANAJUATO,15,GUANAJUATO,829,C01,128,20,3,14,29,22,114,335,0,12,347,510
11,GUANAJUATO,8,GUANAJUATO,15,GUANAJUATO,830,B,93,8,5,13,25,25,154,327,0,14,341,554
11,GUANAJUATO,8,GUANAJUATO,15,GUANAJUATO,830,C01,121,9,4,7,19,15,170,346,0,9,355,553
11,GUANAJUATO,8,GUANAJUATO,15,GUANAJUATO,831,B,120,5,7,16,30,15,184,384,0,13,397,704
11,GUANAJUATO,8,GUANAJUATO,15,GUANAJUATO,831,C01,125,8,8,15,31,13,191,391,0,10,401,703
11,GUANAJUATO,8,GUANAJUATO,15,GUANAJUATO,832,B,158,11,3,14,32,21,162,401,0,13,414,660
11,GUANAJUATO,8,GUANAJUATO,15,GUANAJUATO,832,C01,139,13,11,13,23,20,172,391,0,8,399,659
11,GUANAJUATO,8,GUANAJUATO,15,GUANAJUATO,833,B,169,14,3,14,35,26,176,443,1,13,457,665
11,GUANAJUATO,8,GUANAJUATO,15,GUANAJUATO,834,B,137,9,2,14,38,21,136,364,1,17,382,568
11,GUANAJUATO,8,GUANAJUATO,15,GUANAJUATO,834,C01,129,6,3,10,30,26,152,360,0,14,374,567
11,GUANAJUATO,8,GUANAJUATO,15,GUANAJUATO,835,B,136,10,4,12,23,28,130,355,0,21,376,631
11,GUANAJUATO,8,GUANAJUATO,15,GUANAJUATO,835,C01,133,8,4,13,26,17,178,386,0,13,399,631
11,GUANAJUATO,8,GUANAJUATO,15,GUANAJUATO,836,B,106,10,3,10,19,29,160,343,0,6,349,594
11,GUANAJUATO,8,GUANAJUATO,15,GUANAJUATO,836,C01,109,5,6,6,19,12,166,325,0,11,336,594
11,GUANAJUATO,8,GUANAJUATO,15,GUANAJUATO,836,C02,75,10,4,9,13,6,203,320,0,18,338,593
11,GUANAJUATO,8,GUANAJUATO,15,GUANAJUATO,837,B,125,12,0,10,20,17,160,345,1,6,352,630
11,GUANAJUATO,8,GUANAJUATO,15,GUANAJUATO,837,C01,115,14,6,10,29,21,159,357,1,13,371,630
11,GUANAJUATO,8,GUANAJUATO,15,GUANAJUATO,838,B,88,12,2,7,18,13,146,286,0,9,295,499
11,GUANAJUATO,8,GUANAJUATO,15,GUANAJUATO,838,C01,108,5,8,6,17,20,141,310,1,16,327,499
11,GUANAJUATO,8,GUANAJUATO,15,GUANAJUATO,839,B,108,18,2,10,34,20,121,317,0,18,335,536
11,GUANAJUATO,8,GUANAJUATO,15,GUANAJUATO,840,B,73,10,1,5,27,25,69,214,0,11,225,280
11,GUANAJUATO,8,GUANAJUATO,15,GUANAJUATO,841,B,103,10,6,14,25,18,115,294,0,10,304,465
11,GUANAJUATO,8,GUANAJUATO,15,GUANAJUATO,841,C01,118,14,1,20,23,20,107,303,0,9,312,464
11,GUANAJUATO,8,GUANAJUATO,15,GUANAJUATO,842,B,86,16,1,11,10,23,100,253,0,0,253,388
11,GUANAJUATO,8,GUANAJUATO,15,GUANAJUATO,842,C01,86,9,2,10,30,22,84,246,0,17,263,387
11,GUANAJUATO,8,GUANAJUATO,15,GUANAJUATO,843,B,149,19,3,18,29,27,113,366,0,6,372,510
11,GUANAJUATO,8,GUANAJUATO,15,GUANAJUATO,844,B,98,28,3,7,26,12,142,321,0,12,333,491
11,GUANAJUATO,8,GUANAJUATO,15,GUANAJUATO,844,C01,101,16,4,8,38,24,128,323,1,10,334,490
11,GUANAJUATO,8,GUANAJUATO,15,GUANAJUATO,845,B,151,13,5,17,16,35,93,336,0,0,336,514
11,GUANAJUATO,8,GUANAJUATO,15,GUANAJUATO,845,C01,125,9,0,11,19,26,118,313,0,9,322,514
11,GUANAJUATO,8,GUANAJUATO,15,GUANAJUATO,845,C02,130,8,2,8,34,30,112,333,0,9,342,513
11,GUANAJUATO,8,GUANAJUATO,15,GUANAJUATO,846,B,132,10,4,9,30,24,106,318,0,19,337,496
11,GUANAJUATO,8,GUANAJUATO,15,GUANAJUATO,846,C01,129,14,8,10,28,24,107,321,0,8,329,495
11,GUANAJUATO,8,GUANAJUATO,15,GUANAJUATO,847,B,156,11,5,28,31,32,177,446,0,12,458,679
11,GUANAJUATO,8,GUANAJUATO,15,GUANAJUATO,848,B,88,15,0,7,34,27,49,223,1,3,227,333
11,GUANAJUATO,8,GUANAJUATO,15,GUANAJUATO,849,B,63,3,1,4,11,19,55,160,0,0,160,244
11,GUANAJUATO,8,GUANAJUATO,15,GUANAJUATO,850,B,179,19,1,7,44,34,155,446,0,13,459,706
11,GUANAJUATO,8,GUANAJUATO,15,GUANAJUATO,851,B,147,28,4,7,28,20,127,374,0,7,381,556
11,GUANAJUATO,8,GUANAJUATO,15,GUANAJUATO,851,C01,143,22,4,9,21,22,133,359,2,10,371,556
11,GUANAJUATO,8,GUANAJUATO,15,GUANAJUATO,852,B,126,16,2,8,27,14,113,311,0,10,321,484
11,GUANAJUATO,8,GUANAJUATO,15,GUANAJUATO,852,C01,120,7,0,10,21,21,115,298,0,13,311,483
11,GUANAJUATO,8,GUANAJUATO,15,GUANAJUATO,853,B,110,11,5,9,12,18,149,319,0,13,332,663
11,GUANAJUATO,8,GUANAJUATO,15,GUANAJUATO,853,C01,111,10,2,10,19,7,173,339,0,11,350,663
11,GUANAJUATO,8,GUANAJUATO,15,GUANAJUATO,853,C02,115,3,1,7,25,21,163,341,0,13,354,663
11,GUANAJUATO,8,GUANAJUATO,15,GUANAJUATO,853,C03,89,17,0,8,13,13,185,329,0,12,341,663
11,GUANAJUATO,8,GUANAJUATO,15,GUANAJUATO,853,C04,121,10,6,5,18,14,159,334,0,14,348,663
11,GUANAJUATO,8,GUANAJUATO,15,GUANAJUATO,853,C05,105,8,3,7,19,12,155,313,1,11,325,663
11,GUANAJUATO,8,GUANAJUATO,15,GUANAJUATO,853,C06,107,5,4,5,25,16,187,354,0,3,357,663
11,GUANAJUATO,8,GUANAJUATO,15,GUANAJUATO,853,C07,107,7,4,9,17,14,164,327,0,8,335,663
11,GUANAJUATO,8,GUANAJUATO,15,GUANAJUATO,854,B,158,6,6,20,33,19,181,428,0,15,443,741
11,GUANAJUATO,8,GUANAJUATO,15,GUANAJUATO,854,C01,145,11,4,7,52,17,205,449,1,10,460,740
11,GUANAJUATO,8,GUANAJUATO,15,GUANAJUATO,854,C02,142,12,3,12,35,18,187,420,0,17,437,740
11,GUANAJUATO,8,GUANAJUATO,15,GUANAJUATO,855,B,137,10,5,10,28,17,156,368,0,11,379,586
11,GUANAJUATO,8,GUANAJUATO,15,GUANAJUATO,855,C01,137,0,0,12,32,17,161,366,0,8,374,586
11,GUANAJUATO,8,GUANAJUATO,15,GUANAJUATO,856,B,133,10,3,11,21,29,129,349,1,13,363,522
11,GUANAJUATO,8,GUANAJUATO,15,GUANAJUATO,857,B,138,21,0,10,23,35,120,357,0,8,365,528
11,GUANAJUATO,8,GUANAJUATO,15,GUANAJUATO,857,C01,11,12,0,10,25,19,145,228,0,7,235,527
11,GUANAJUATO,8,GUANAJUATO,15,GUANAJUATO,857,C02,115,18,1,14,36,29,126,344,0,15,359,527
11,GUANAJUATO,8,GUANAJUATO,15,GUANAJUATO,858,B,84,8,1,1,25,11,91,225,0,10,235,378
11,GUANAJUATO,8,GUANAJUATO,15,GUANAJUATO,858,C01,85,6,3,11,23,9,86,225,0,10,235,377
11,GUANAJUATO,8,GUANAJUATO,15,GUANAJUATO,859,B,103,10,1,12,29,25,72,252,0,4,256,358
11,GUANAJUATO,8,GUANAJUATO,15,GUANAJUATO,860,B,129,12,1,9,34,30,148,370,0,12,382,541
11,GUANAJUATO,8,GUANAJUATO,15,GUANAJUATO,861,B,119,18,3,10,19,20,106,300,0,14,314,487
11,GUANAJUATO,8,GUANAJUATO,15,GUANAJUATO,861,C01,133,14,6,17,29,29,84,316,0,11,327,486
11,GUANAJUATO,8,GUANAJUATO,15,GUANAJUATO,862,B,143,19,4,11,42,31,98,354,0,7,361,530
11,GUANAJUATO,8,GUANAJUATO,15,GUANAJUATO,862,C01,120,18,4,12,21,47,121,348,0,7,355,529
11,GUANAJUATO,8,GUANAJUATO,15,GUANAJUATO,863,B,114,16,3,15,29,27,76,281,0,11,292,424
11,GUANAJUATO,8,GUANAJUATO,15,GUANAJUATO,863,C01,134,13,4,13,31,23,72,294,0,8,302,423
11,GUANAJUATO,8,GUANAJUATO,15,GUANAJUATO,864,B,110,18,7,12,24,23,108,305,0,8,313,437
11,GUANAJUATO,8,GUANAJUATO,15,GUANAJUATO,864,C01,117,11,3,14,43,27,93,311,0,7,318,436
11,GUANAJUATO,8,GUANAJUATO,15,GUANAJUATO,865,B,143,11,2,19,20,28,126,349,0,17,366,545
11,GUANAJUATO,8,GUANAJUATO,15,GUANAJUATO,865,C01,120,7,1,8,25,22,135,322,0,13,335,545
11,GUANAJUATO,8,GUANAJUATO,15,GUANAJUATO,865,C02,112,7,2,13,23,33,118,315,0,19,334,545
11,GUANAJUATO,8,GUANAJUATO,15,GUANAJUATO,866,B,115,9,2,9,21,17,192,371,0,19,390,662
11,GUANAJUATO,8,GUANAJUATO,15,GUANAJUATO,866,C01,125,16,7,22,26,24,149,383,0,11,394,662
11,GUANAJUATO,8,GUANAJUATO,15,GUANAJUATO,866,C02,115,8,4,10,22,15,182,366,0,15,381,661
11,GUANAJUATO,8,GUANAJUATO,15,GUANAJUATO,867,B,159,16,6,23,32,40,67,350,0,12,362,473
11,GUANAJUATO,8,GUANAJUATO,15,GUANAJUATO,867,C01,171,12,3,16,31,35,69,348,0,9,357,472
11,GUANAJUATO,8,GUANAJUATO,15,GUANAJUATO,868,B,141,15,8,14,25,30,137,380,0,9,389,587
11,GUANAJUATO,8,GUANAJUATO,15,GUANAJUATO,869,B,120,16,5,8,24,20,159,356,0,10,366,619
11,GUANAJUATO,8,GUANAJUATO,15,GUANAJUATO,869,C01,115,15,4,8,25,20,154,343,0,12,355,618
11,GUANAJUATO,8,GUANAJUATO,15,GUANAJUATO,870,B,126,8,7,9,8,23,154,342,0,12,354,647
11,GUANAJUATO,8,GUANAJUATO,15,GUANAJUATO,870,C01,160,6,7,11,19,18,132,359,0,12,371,646
11,GUANAJUATO,8,GUANAJUATO,15,GUANAJUATO,871,B,135,10,3,6,37,33,112,342,0,5,347,503
11,GUANAJUATO,8,GUANAJUATO,15,GUANAJUATO,871,C01,142,15,1,15,38,29,105,349,0,12,361,502
11,GUANAJUATO,8,GUANAJUATO,15,GUANAJUATO,872,B,150,15,2,15,40,29,166,425,0,19,444,701
11,GUANAJUATO,8,GUANAJUATO,15,GUANAJUATO,872,C01,166,14,3,16,44,44,171,463,0,22,485,700
11,GUANAJUATO,8,GUANAJUATO,15,GUANAJUATO,873,B,145,18,0,19,26,28,173,420,0,11,431,705
11,GUANAJUATO,8,GUANAJUATO,15,GUANAJUATO,873,C01,149,12,2,13,40,34,194,451,1,5,457,704
11,GUANAJUATO,8,GUANAJUATO,15,GUANAJUATO,873,C02,183,16,6,18,38,28,166,464,0,10,474,704
11,GUANAJUATO,8,GUANAJUATO,15,GUANAJUATO,874,B,264,16,3,25,43,40,99,496,0,14,510,642
11,GUANAJUATO,8,GUANAJUATO,15,GUANAJUATO,874,C01,210,28,2,14,34,36,112,444,0,6,450,642
11,GUANAJUATO,8,GUANAJUATO,15,GUANAJUATO,874,C02,229,22,3,16,40,59,97,476,0,8,484,641
11,GUANAJUATO,8,GUANAJUATO,15,GUANAJUATO,875,B,140,4,2,7,16,24,96,300,0,15,315,606
11,GUANAJUATO,8,GUANAJUATO,15,GUANAJUATO,875,C01,162,4,8,9,20,23,106,338,2,11,351,606
11,GUANAJUATO,8,GUANAJUATO,15,GUANAJUATO,875,C02,122,10,2,10,15,19,135,318,0,9,327,606
11,GUANAJUATO,8,GUANAJUATO,15,GUANAJUATO,875,C03,150,10,1,9,24,17,128,343,3,11,357,606
11,GUANAJUATO,8,GUANAJUATO,15,GUANAJUATO,875,C04,142,12,4,12,23,24,145,366,0,11,377,605
11,GUANAJUATO,8,GUANAJUATO,15,GUANAJUATO,876,B,133,3,3,18,22,21,161,372,0,8,380,714
11,GUANAJUATO,8,GUANAJUATO,15,GUANAJUATO,876,C01,159,4,3,14,20,18,134,356,0,19,375,714
11,GUANAJUATO,8,GUANAJUATO,15,GUANAJUATO,876,C02,141,11,5,13,22,23,148,371,1,7,379,714
11,GUANAJUATO,8,GUANAJUATO,15,GUANAJUATO,876,C03,150,13,7,11,26,14,133,361,1,7,369,713
11,GUANAJUATO,8,GUANAJUATO,15,GUANAJUATO,876,C04,159,15,6,16,28,16,154,398,0,13,411,713
11,GUANAJUATO,8,GUANAJUATO,15,GUANAJUATO,877,B,177,15,3,15,22,23,142,408,1,8,417,665
11,GUANAJUATO,8,GUANAJUATO,15,GUANAJUATO,877,C01,172,15,2,14,25,25,128,390,0,11,401,665
11,GUANAJUATO,8,GUANAJUATO,15,GUANAJUATO,879,B,189,9,4,24,47,52,100,430,1,12,443,577
11,GUANAJUATO,8,GUANAJUATO,15,GUANAJUATO,879,C01,184,18,2,16,43,25,119,416,0,10,426,576
11,GUANAJUATO,8,GUANAJUATO,15,GUANAJUATO,879,C02,193,9,12,13,40,42,118,436,0,10,446,576
11,GUANAJUATO,8,GUANAJUATO,15,GUANAJUATO,879,C03,179,18,1,27,49,33,106,422,0,11,433,576
11,GUANAJUATO,8,GUANAJUATO,15,GUANAJUATO,880,B,151,36,6,7,4,16,52,285,0,0,285,612
11,GUANAJUATO,8,GUANAJUATO,15,GUANAJUATO,881,B,107,8,0,1,3,10,30,159,0,11,170,424
11,GUANAJUATO,8,GUANAJUATO,15,GUANAJUATO,882,B,94,18,1,4,1,7,38,163,0,9,172,346
11,GUANAJUATO,8,GUANAJUATO,15,GUANAJUATO,883,B,67,5,1,5,8,7,91,187,0,13,200,449
11,GUANAJUATO,8,GUANAJUATO,15,GUANAJUATO,883,C01,61,11,3,12,8,12,87,199,0,10,209,449
11,GUANAJUATO,8,GUANAJUATO,15,GUANAJUATO,884,B,78,7,1,2,1,4,37,130,0,3,133,237
11,GUANAJUATO,8,GUANAJUATO,15,GUANAJUATO,885,B,206,7,4,9,4,8,81,330,0,17,347,716
11,GUANAJUATO,8,GUANAJUATO,15,GUANAJUATO,885,E01,61,0,1,3,2,0,61,130,0,3,133,226
11,GUANAJUATO,8,GUANAJUATO,15,GUANAJUATO,886,B,151,5,1,3,1,5,26,194,0,12,206,402
11,GUANAJUATO,8,GUANAJUATO,15,GUANAJUATO,887,B,226,13,1,14,6,8,67,343,0,17,360,689
11,GUANAJUATO,8,GUANAJUATO,15,GUANAJUATO,887,C01,188,10,2,11,5,1,94,313,0,16,329,689
11,GUANAJUATO,8,GUANAJUATO,15,GUANAJUATO,888,B,126,0,0,9,8,7,113,263,0,9,272,516
11,GUANAJUATO,8,GUANAJUATO,15,GUANAJUATO,888,C01,91,0,0,8,13,10,110,236,0,15,251,516
11,GUANAJUATO,8,GUANAJUATO,15,GUANAJUATO,888,C02,80,6,4,12,7,20,112,245,0,9,254,516
11,GUANAJUATO,8,GUANAJUATO,15,GUANAJUATO,889,B,189,16,4,12,32,13,110,380,0,17,397,673
11,GUANAJUATO,8,GUANAJUATO,15,GUANAJUATO,889,C01,213,9,4,15,23,23,92,392,0,16,408,672
11,GUANAJUATO,8,GUANAJUATO,15,GUANAJUATO,890,B,98,7,6,10,26,24,112,287,0,12,299,542
11,GUANAJUATO,8,GUANAJUATO,15,GUANAJUATO,890,C01,107,9,2,8,14,11,136,289,0,11,300,541
11,GUANAJUATO,8,GUANAJUATO,15,GUANAJUATO,890,E01,180,14,2,3,7,2,91,303,0,16,319,516
11,GUANAJUATO,8,GUANAJUATO,15,GUANAJUATO,891,B,125,19,6,10,2,6,69,237,0,0,237,443
11,GUANAJUATO,8,GUANAJUATO,15,GUANAJUATO,893,B,90,42,4,18,24,15,130,329,1,21,351,706
11,GUANAJUATO,8,GUANAJUATO,15,GUANAJUATO,894,B,106,17,14,11,13,20,94,280,0,11,291,561
11,GUANAJUATO,8,GUANAJUATO,15,GUANAJUATO,894,C01,120,12,13,14,11,20,87,282,0,14,296,560
11,GUANAJUATO,8,GUANAJUATO,15,GUANAJUATO,895,B,125,11,23,19,11,18,115,324,0,15,339,581
11,GUANAJUATO,8,GUANAJUATO,15,GUANAJUATO,895,C01,122,7,21,12,8,7,132,313,0,11,324,581
11,GUANAJUATO,8,GUANAJUATO,15,GUANAJUATO,895,C02,105,12,16,18,22,16,129,327,0,9,336,581
11,GUANAJUATO,8,GUANAJUATO,15,GUANAJUATO,896,B,130,21,8,21,18,20,148,368,0,0,368,676
11,GUANAJUATO,8,GUANAJUATO,15,GUANAJUATO,896,C01,152,9,13,18,21,25,124,362,0,17,379,676
11,GUANAJUATO,8,GUANAJUATO,15,GUANAJUATO,896,C02,140,19,6,19,15,12,160,381,0,7,388,676
11,GUANAJUATO,8,GUANAJUATO,15,GUANAJUATO,896,C03,147,22,5,14,29,18,136,375,0,11,386,676
11,GUANAJUATO,8,GUANAJUATO,15,GUANAJUATO,896,C04,178,15,6,14,22,18,121,383,0,9,392,676
11,GUANAJUATO,8,GUANAJUATO,15,GUANAJUATO,896,C05,160,13,7,21,24,28,134,387,0,10,397,675
11,GUANAJUATO,8,GUANAJUATO,15,GUANAJUATO,897,B,170,20,5,14,24,34,170,444,0,9,453,733
11,GUANAJUATO,8,GUANAJUATO,15,GUANAJUATO,897,C01,164,21,2,19,23,22,199,458,0,11,469,733
11,GUANAJUATO,8,GUANAJUATO,15,GUANAJUATO,897,C02,152,12,5,12,16,20,187,409,1,11,421,733
11,GUANAJUATO,8,GUANAJUATO,15,GUANAJUATO,898,B,129,9,2,13,23,23,137,344,0,14,358,616
11,GUANAJUATO,8,GUANAJUATO,15,GUANAJUATO,898,C01,115,17,2,11,28,21,149,349,0,18,367,616
11,GUANAJUATO,8,GUANAJUATO,15,GUANAJUATO,898,C02,119,20,6,14,17,17,173,372,0,11,383,615
11,GUANAJUATO,8,GUANAJUATO,15,GUANAJUATO,900,B,262,15,4,16,34,34,131,508,0,10,518,740
11,GUANAJUATO,8,GUANAJUATO,15,GUANAJUATO,900,C01,246,9,6,18,29,36,127,478,0,14,492,740
11,GUANAJUATO,8,GUANAJUATO,15,GUANAJUATO,900,C02,239,9,3,9,34,39,124,467,0,9,476,740
11,GUANAJUATO,8,GUANAJUATO,15,GUANAJUATO,900,C03,244,12,5,25,39,31,128,489,0,15,504,740
11,GUANAJUATO,8,GUANAJUATO,15,GUANAJUATO,900,C04,284,11,5,21,35,34,89,491,0,15,506,739
11,GUANAJUATO,8,GUANAJUATO,15,GUANAJUATO,900,C05,259,10,4,14,39,44,129,508,0,10,518,739
11,GUANAJUATO,8,GUANAJUATO,15,GUANAJUATO,901,B,137,17,5,17,22,15,96,313,1,20,334,566
11,GUANAJUATO,8,GUANAJUATO,15,GUANAJUATO,901,C01,139,17,3,12,16,18,97,309,0,13,322,566
11,GUANAJUATO,8,GUANAJUATO,15,GUANAJUATO,901,C02,129,13,1,14,17,18,101,302,0,12,314,566
11,GUANAJUATO,8,GUANAJUATO,15,GUANAJUATO,901,C03,105,14,2,7,22,16,98,264,0,0,264,566
11,GUANAJUATO,8,GUANAJUATO,15,GUANAJUATO,902,B,155,14,3,17,29,38,118,382,0,20,402,705
11,GUANAJUATO,8,GUANAJUATO,15,GUANAJUATO,902,C01,172,22,4,16,18,21,128,389,0,8,397,704
11,GUANAJUATO,8,GUANAJUATO,15,GUANAJUATO,902,C02,146,16,4,11,18,31,147,375,0,18,393,704
11,GUANAJUATO,8,GUANAJUATO,15,GUANAJUATO,902,C03,152,16,6,23,29,31,116,373,0,27,400,704
11,GUANAJUATO,8,GUANAJUATO,15,GUANAJUATO,903,B,122,9,5,18,15,15,72,264,0,10,274,472
11,GUANAJUATO,8,GUANAJUATO,15,GUANAJUATO,903,C01,119,5,1,14,12,12,72,243,1,12,256,472
11,GUANAJUATO,8,GUANAJUATO,15,GUANAJUATO,903,E01,197,15,7,9,13,14,142,414,0,14,428,675
11,GUANAJUATO,8,GUANAJUATO,15,GUANAJUATO,904,B,160,23,5,12,20,19,78,322,0,19,341,698
11,GUANAJUATO,8,GUANAJUATO,15,GUANAJUATO,904,C01,158,15,1,15,30,16,87,324,0,13,337,698
11,GUANAJUATO,8,GUANAJUATO,15,GUANAJUATO,904,E01,133,13,3,10,12,10,79,265,0,20,285,494
11,GUANAJUATO,8,GUANAJUATO,15,GUANAJUATO,905,B,136,12,3,6,13,13,48,233,0,11,244,494
11,GUANAJUATO,8,GUANAJUATO,15,GUANAJUATO,905,C01,122,20,2,8,9,10,82,257,0,4,261,494
11,GUANAJUATO,8,GUANAJUATO,15,GUANAJUATO,905,E01,65,10,1,6,6,8,58,161,0,5,166,393
11,GUANAJUATO,8,GUANAJUATO,15,GUANAJUATO,905,E01C01,71,10,5,7,4,7,51,158,0,4,162,392
11,GUANAJUATO,8,GUANAJUATO,15,GUANAJUATO,906,B,145,9,4,6,16,7,94,287,0,11,298,476
11,GUANAJUATO,8,GUANAJUATO,15,GUANAJUATO,906,C01,134,11,2,5,11,10,74,253,0,19,272,475
11,GUANAJUATO,8,GUANAJUATO,15,GUANAJUATO,907,B,93,5,2,24,3,25,108,266,2,11,279,559
11,GUANAJUATO,8,GUANAJUATO,15,GUANAJUATO,907,C01,120,17,3,16,3,9,85,261,1,5,267,559
11,GUANAJUATO,8,GUANAJUATO,15,GUANAJUATO,907,C02,102,23,4,14,9,26,127,309,1,3,313,558
11,GUANAJUATO,8,GUANAJUATO,15,GUANAJUATO,908,B,162,29,3,11,5,26,44,291,0,13,304,613
11,GUANAJUATO,8,GUANAJUATO,15,GUANAJUATO,908,C01,155,23,5,4,6,24,65,289,0,7,296,613
11,GUANAJUATO,8,GUANAJUATO,15,GUANAJUATO,908,C02,184,41,6,12,8,14,26,306,0,9,315,612
11,GUANAJUATO,8,GUANAJUATO,15,GUANAJUATO,908,C03,128,44,4,9,4,14,50,260,0,14,274,612
11,GUANAJUATO,8,GUANAJUATO,15,GUANAJUATO,908,C04,178,27,7,12,8,18,60,312,1,4,317,612
11,GUANAJUATO,8,GUANAJUATO,15,GUANAJUATO,909,B,162,15,2,0,0,0,110,296,0,16,312,682
11,GUANAJUATO,8,GUANAJUATO,15,GUANAJUATO,909,C01,135,14,9,13,10,24,114,323,2,13,338,682
11,GUANAJUATO,8,GUANAJUATO,15,GUANAJUATO,909,C02,168,9,2,13,8,14,114,334,0,17,351,681
11,GUANAJUATO,8,GUANAJUATO,15,GUANAJUATO,909,C03,175,13,3,15,15,13,112,352,1,14,367,681
11,GUANAJUATO,8,GUANAJUATO,15,GUANAJUATO,910,B,176,8,6,11,5,12,94,314,0,9,323,594
11,GUANAJUATO,8,GUANAJUATO,15,GUANAJUATO,910,C01,142,13,2,10,2,15,91,278,0,11,289,593
11,GUANAJUATO,8,GUANAJUATO,15,GUANAJUATO,910,E01,196,12,3,11,10,15,77,335,0,5,340,698
11,GUANAJUATO,8,GUANAJUATO,15,GUANAJUATO,911,B,177,14,1,9,12,14,72,305,0,14,319,677
11,GUANAJUATO,8,GUANAJUATO,15,GUANAJUATO,911,C01,163,16,2,20,8,17,103,341,0,21,362,676
11,GUANAJUATO,8,GUANAJUATO,15,GUANAJUATO,912,B,148,5,1,6,5,22,104,293,0,15,308,601
11,GUANAJUATO,8,GUANAJUATO,15,GUANAJUATO,912,C01,146,3,1,8,8,12,102,286,0,19,305,600
11,GUANAJUATO,8,GUANAJUATO,15,GUANAJUATO,912,E01,149,4,2,5,3,8,76,337,0,8,345,554
11,GUANAJUATO,8,GUANAJUATO,15,GUANAJUATO,912,E01C01,134,3,2,3,5,3,95,249,0,7,256,554
11,GUANAJUATO,8,GUANAJUATO,15,GUANAJUATO,912,E02,113,5,1,5,2,15,79,221,0,13,234,404
11,GUANAJUATO,8,GUANAJUATO,15,GUANAJUATO,913,B,168,8,1,7,5,24,124,341,0,13,354,642
11,GUANAJUATO,8,GUANAJUATO,15,GUANAJUATO,913,C01,155,7,2,13,1,12,114,304,0,10,314,641
11,GUANAJUATO,8,GUANAJUATO,15,GUANAJUATO,914,B,165,14,2,5,5,23,83,305,0,7,312,744
11,GUANAJUATO,8,GUANAJUATO,15,GUANAJUATO,914,C01,188,5,4,4,8,14,87,310,0,22,332,743
11,GUANAJUATO,8,GUANAJUATO,15,GUANAJUATO,914,C02,141,9,2,7,4,19,127,311,0,16,327,743
11,GUANAJUATO,8,GUANAJUATO,15,GUANAJUATO,915,B,176,15,2,19,37,29,162,447,0,20,467,727
11,GUANAJUATO,8,GUANAJUATO,15,GUANAJUATO,915,C01,180,19,2,19,43,32,146,450,0,7,457,727
11,GUANAJUATO,8,GUANAJUATO,15,GUANAJUATO,915,C02,175,17,2,18,33,33,175,458,1,13,472,727
11,GUANAJUATO,8,GUANAJUATO,15,GUANAJUATO,915,C03,175,13,2,21,31,40,161,453,0,20,473,727
11,GUANAJUATO,8,GUANAJUATO,15,GUANAJUATO,3169,B,169,15,3,11,31,27,97,362,0,14,376,590
11,GUANAJUATO,8,GUANAJUATO,15,GUANAJUATO,3169,C01,134,13,5,14,48,39,134,396,1,11,408,589
11,GUANAJUATO,8,GUANAJUATO,15,GUANAJUATO,3169,C02,131,13,3,10,26,27,113,331,0,10,341,589
11,GUANAJUATO,8,GUANAJUATO,15,GUANAJUATO,3170,B,215,16,4,19,38,45,90,430,0,8,438,602
11,GUANAJUATO,8,GUANAJUATO,15,GUANAJUATO,3170,C01,224,14,2,18,45,54,71,432,1,12,445,601
11,GUANAJUATO,8,GUANAJUATO,15,GUANAJUATO,3171,B,224,16,6,26,23,33,120,454,0,13,467,718
11,GUANAJUATO,8,GUANAJUATO,15,GUANAJUATO,3171,C01,199,16,9,25,24,34,134,451,0,16,467,717
11,GUANAJUATO,8,GUANAJUATO,15,GUANAJUATO,3171,C02,203,18,6,18,36,23,136,448,0,10,458,717
11,GUANAJUATO,8,GUANAJUATO,15,GUANAJUATO,3171,C03,217,20,5,30,25,26,113,439,0,15,454,717
11,GUANAJUATO,8,GUANAJUATO,15,GUANAJUATO,3171,S01,9,1,0,0,3,3,4,20,0,4,24,0
11,GUANAJUATO,8,GUANAJUATO,15,GUANAJUATO,3172,B,257,15,4,27,44,49,123,531,0,9,540,702
11,GUANAJUATO,8,GUANAJUATO,15,GUANAJUATO,3172,C01,248,14,6,17,52,51,129,531,0,17,548,702
11,GUANAJUATO,8,GUANAJUATO,15,GUANAJUATO,3172,C02,227,25,5,24,42,51,96,486,0,11,497,701
11,GUANAJUATO,8,GUANAJUATO,15,GUANAJUATO,3173,B,128,15,5,24,23,27,148,381,1,7,389,602
11,GUANAJUATO,8,GUANAJUATO,15,GUANAJUATO,3173,C01,178,4,3,12,23,25,137,388,0,10,398,601
11,GUANAJUATO,8,GUANAJUATO,15,GUANAJUATO,3173,C02,157,13,4,14,18,27,141,379,0,10,389,601
11,GUANAJUATO,8,GUANAJUATO,15,GUANAJUATO,3173,C03,154,8,4,18,22,26,140,378,1,8,387,601
11,GUANAJUATO,8,GUANAJUATO,15,GUANAJUATO,3173,C04,136,11,4,23,30,30,160,398,0,15,413,601
11,GUANAJUATO,8,GUANAJUATO,15,GUANAJUATO,3174,B,169,14,2,28,41,33,143,442,0,14,456,722
11,GUANAJUATO,8,GUANAJUATO,15,GUANAJUATO,3174,C01,194,7,3,20,37,37,169,467,0,10,477,722
11,GUANAJUATO,8,GUANAJUATO,15,GUANAJUATO,3174,C02,197,12,3,14,37,38,148,461,0,16,477,721
11,GUANAJUATO,8,GUANAJUATO,15,GUANAJUATO,3174,C03,191,10,0,20,39,30,170,465,0,18,483,721
11,GUANAJUATO,8,GUANAJUATO,15,GUANAJUATO,3175,B,176,9,7,13,37,44,126,420,2,12,434,702
11,GUANAJUATO,8,GUANAJUATO,15,GUANAJUATO,3175,C01,169,11,3,11,31,33,184,451,0,15,466,702
11,GUANAJUATO,8,GUANAJUATO,15,GUANAJUATO,3175,C02,188,18,5,11,34,35,169,467,0,5,472,702
11,GUANAJUATO,8,GUANAJUATO,15,GUANAJUATO,3175,C03,194,9,0,17,25,33,172,457,0,8,465,701
11,GUANAJUATO,8,GUANAJUATO,15,GUANAJUATO,3176,B,91,22,4,14,13,22,77,246,0,6,252,407
11,GUANAJUATO,8,GUANAJUATO,15,GUANAJUATO,3177,B,208,13,3,18,36,35,141,460,1,4,465,725
11,GUANAJUATO,8,GUANAJUATO,15,GUANAJUATO,3177,C01,184,13,6,20,47,27,149,457,0,13,470,724
11,GUANAJUATO,8,GUANAJUATO,15,GUANAJUATO,3177,C02,204,13,5,18,39,37,135,456,0,9,465,724
11,GUANAJUATO,8,GUANAJUATO,15,GUANAJUATO,3177,C03,188,9,6,13,34,45,139,442,0,10,452,724
11,GUANAJUATO,8,GUANAJUATO,15,GUANAJUATO,3178,B,184,14,0,25,42,38,148,458,0,11,469,664
11,GUANAJUATO,8,GUANAJUATO,15,GUANAJUATO,3178,C01,232,10,4,12,34,27,136,459,1,11,471,664
11,GUANAJUATO,8,GUANAJUATO,15,GUANAJUATO,3268,B,122,9,1,13,25,10,170,357,0,17,374,696
11,GUANAJUATO,8,GUANAJUATO,15,GUANAJUATO,3268,C01,116,8,3,7,19,18,191,369,0,15,384,696
11,GUANAJUATO,8,GUANAJUATO,15,GUANAJUATO,3268,C02,134,13,8,10,20,19,200,407,0,9,416,695
11,GUANAJUATO,8,GUANAJUATO,15,GUANAJUATO,3268,C03,109,14,3,16,21,17,207,390,0,15,405,695
11,GUANAJUATO,8,GUANAJUATO,15,GUANAJUATO,3269,B,124,14,5,12,16,9,73,256,0,13,269,465
11,GUANAJUATO,8,GUANAJUATO,15,GUANAJUATO,3269,C01,147,5,7,8,14,11,78,275,0,10,285,465
11,GUANAJUATO,19,VALLE DE SANTIAGO,16,HUANIMARO,916,B,140,0,114,171,0,14,41,480,0,9,489,736
11,GUANAJUATO,19,VALLE DE SANTIAGO,16,HUANIMARO,916,C01,162,0,108,170,0,7,33,480,0,11,491,736
11,GUANAJUATO,19,VALLE DE SANTIAGO,16,HUANIMARO,917,B,103,2,80,151,0,8,40,384,0,19,403,593
11,GUANAJUATO,19,VALLE DE SANTIAGO,16,HUANIMARO,917,C01,115,0,71,148,0,16,36,386,0,10,396,593
11,GUANAJUATO,19,VALLE DE SANTIAGO,16,HUANIMARO,917,C02,121,2,67,179,0,11,26,406,0,8,414,592
11,GUANAJUATO,19,VALLE DE SANTIAGO,16,HUANIMARO,918,B,85,2,96,115,0,17,49,364,0,5,369,539
11,GUANAJUATO,19,VALLE DE SANTIAGO,16,HUANIMARO,918,C01,76,2,95,124,0,22,27,346,0,11,357,539
11,GUANAJUATO,19,VALLE DE SANTIAGO,16,HUANIMARO,918,C02,118,2,62,125,0,12,35,354,0,11,365,539
11,GUANAJUATO,19,VALLE DE SANTIAGO,16,HUANIMARO,919,B,90,3,47,107,0,7,61,315,0,8,323,529
11,GUANAJUATO,19,VALLE DE SANTIAGO,16,HUANIMARO,919,C01,89,2,42,85,0,5,48,271,0,5,276,529
11,GUANAJUATO,19,VALLE DE SANTIAGO,16,HUANIMARO,919,C02,108,0,40,73,0,5,58,284,0,6,290,529
11,GUANAJUATO,19,VALLE DE SANTIAGO,16,HUANIMARO,920,B,101,0,52,109,0,2,39,303,0,1,304,496
11,GUANAJUATO,19,VALLE DE SANTIAGO,16,HUANIMARO,921,B,106,1,58,63,0,4,54,286,0,9,295,485
11,GUANAJUATO,19,VALLE DE SANTIAGO,16,HUANIMARO,921,C01,99,1,61,67,0,4,69,301,0,9,310,485
11,GUANAJUATO,19,VALLE DE SANTIAGO,16,HUANIMARO,922,B,122,0,79,72,0,8,46,327,0,0,327,602
11,GUANAJUATO,19,VALLE DE SANTIAGO,16,HUANIMARO,922,C01,106,0,67,80,0,9,55,317,0,9,326,602
11,GUANAJUATO,19,VALLE DE SANTIAGO,16,HUANIMARO,922,C02,112,1,87,70,0,10,59,339,0,7,346,602
11,GUANAJUATO,19,VALLE DE SANTIAGO,16,HUANIMARO,923,B,82,0,56,106,0,6,83,333,0,11,344,579
11,GUANAJUATO,19,VALLE DE SANTIAGO,16,HUANIMARO,923,C01,72,4,109,111,0,4,60,360,0,14,374,579
11,GUANAJUATO,19,VALLE DE SANTIAGO,16,HUANIMARO,923,C02,104,1,96,86,0,4,47,338,0,13,351,579
11,GUANAJUATO,19,VALLE DE SANTIAGO,16,HUANIMARO,923,C03,87,2,79,81,0,13,72,334,0,11,345,578
11,GUANAJUATO,19,VALLE DE SANTIAGO,16,HUANIMARO,924,B,72,1,53,96,0,11,61,294,0,11,305,465
11,GUANAJUATO,19,VALLE DE SANTIAGO,16,HUANIMARO,924,C01,80,0,72,80,0,9,56,297,0,12,309,465
11,GUANAJUATO,19,VALLE DE SANTIAGO,16,HUANIMARO,925,B,101,0,185,63,0,3,55,407,0,15,422,676
11,GUANAJUATO,19,VALLE DE SANTIAGO,16,HUANIMARO,925,C01,68,1,229,75,0,4,46,423,0,8,431,676
11,GUANAJUATO,19,VALLE DE SANTIAGO,16,HUANIMARO,926,B,51,0,109,91,0,4,47,302,0,15,317,506
11,GUANAJUATO,19,VALLE DE SANTIAGO,16,HUANIMARO,927,B,51,0,114,179,0,1,62,407,0,14,421,661
11,GUANAJUATO,19,VALLE DE SANTIAGO,16,HUANIMARO,927,C01,74,1,93,167,0,2,64,401,0,14,415,660
11,GUANAJUATO,19,VALLE DE SANTIAGO,16,HUANIMARO,928,B,37,2,54,98,0,7,57,255,0,9,264,527
11,GUANAJUATO,19,VALLE DE SANTIAGO,16,HUANIMARO,928,C01,34,1,78,139,0,11,26,289,0,7,296,527
11,GUANAJUATO,19,VALLE DE SANTIAGO,16,HUANIMARO,928,E01,73,0,120,83,0,10,25,311,0,8,319,530
11,GUANAJUATO,11,IRAPUATO,17,IRAPUATO,0,VA35,5,1,0,1,0,0,8,15,0,0,15,18
11,GUANAJUATO,11,IRAPUATO,17,IRAPUATO,929,B,279,14,4,6,4,24,80,416,0,9,425,708
11,GUANAJUATO,11,IRAPUATO,17,IRAPUATO,929,C01,214,6,2,6,8,34,92,366,0,9,375,708
11,GUANAJUATO,11,IRAPUATO,17,IRAPUATO,929,C02,204,9,4,11,7,42,80,363,0,4,367,708
11,GUANAJUATO,11,IRAPUATO,17,IRAPUATO,929,C03,210,12,2,4,3,32,77,347,0,9,356,707
11,GUANAJUATO,11,IRAPUATO,17,IRAPUATO,929,C04,168,8,0,1,10,31,79,302,0,9,311,707
11,GUANAJUATO,11,IRAPUATO,17,IRAPUATO,929,C05,207,11,1,4,14,31,100,374,0,6,380,707
11,GUANAJUATO,11,IRAPUATO,17,IRAPUATO,929,C06,221,12,3,7,6,15,93,363,0,14,377,707
11,GUANAJUATO,11,IRAPUATO,17,IRAPUATO,930,B,111,14,1,15,6,20,157,329,0,18,347,734
11,GUANAJUATO,11,IRAPUATO,17,IRAPUATO,930,C01,109,4,5,16,10,18,141,306,0,13,319,734
11,GUANAJUATO,11,IRAPUATO,17,IRAPUATO,930,C02,130,7,1,10,9,12,123,297,0,15,312,734
11,GUANAJUATO,11,IRAPUATO,17,IRAPUATO,930,C03,118,9,5,8,10,18,181,354,0,15,369,734
11,GUANAJUATO,11,IRAPUATO,17,IRAPUATO,930,C04,111,9,3,9,7,25,140,309,0,17,326,734
11,GUANAJUATO,11,IRAPUATO,17,IRAPUATO,930,C05,104,12,4,12,10,18,173,334,0,12,346,733
11,GUANAJUATO,11,IRAPUATO,17,IRAPUATO,930,C06,118,10,3,7,16,20,143,326,0,19,345,733
11,GUANAJUATO,11,IRAPUATO,17,IRAPUATO,930,C07,101,8,5,6,8,24,147,302,0,16,318,733
11,GUANAJUATO,11,IRAPUATO,17,IRAPUATO,930,C08,113,10,3,9,5,25,169,338,0,16,354,733
11,GUANAJUATO,11,IRAPUATO,17,IRAPUATO,930,C09,119,13,1,11,10,19,166,345,0,15,360,733
11,GUANAJUATO,11,IRAPUATO,17,IRAPUATO,931,B,225,8,0,8,5,25,116,396,0,5,401,568
11,GUANAJUATO,11,IRAPUATO,17,IRAPUATO,931,C01,216,7,1,8,3,30,117,392,0,2,394,567
11,GUANAJUATO,11,IRAPUATO,17,IRAPUATO,931,C02,227,8,4,9,6,28,118,411,1,4,416,567
11,GUANAJUATO,11,IRAPUATO,17,IRAPUATO,931,C03,228,9,2,7,5,26,106,390,0,8,398,567
11,GUANAJUATO,11,IRAPUATO,17,IRAPUATO,932,B,299,12,6,7,8,44,122,510,0,10,520,709
11,GUANAJUATO,11,IRAPUATO,17,IRAPUATO,932,C01,310,12,2,7,7,37,122,505,0,3,508,709
11,GUANAJUATO,11,IRAPUATO,17,IRAPUATO,932,C02,323,14,3,9,11,38,119,524,0,10,534,709
11,GUANAJUATO,11,IRAPUATO,17,IRAPUATO,932,C03,320,13,2,9,8,25,108,496,0,9,505,709
11,GUANAJUATO,11,IRAPUATO,17,IRAPUATO,932,C04,283,18,1,19,5,38,124,498,0,5,503,709
11,GUANAJUATO,11,IRAPUATO,17,IRAPUATO,932,C05,293,14,2,12,7,39,130,505,0,13,518,709
11,GUANAJUATO,11,IRAPUATO,17,IRAPUATO,932,C06,286,17,3,6,7,40,135,503,2,5,510,708
11,GUANAJUATO,11,IRAPUATO,17,IRAPUATO,932,C07,266,7,4,12,10,42,130,482,0,12,494,708
11,GUANAJUATO,11,IRAPUATO,17,IRAPUATO,933,B,263,19,1,13,16,30,152,502,0,9,511,696
11,GUANAJUATO,11,IRAPUATO,17,IRAPUATO,933,C01,297,18,1,10,4,28,125,494,0,7,501,696
11,GUANAJUATO,11,IRAPUATO,17,IRAPUATO,934,B,285,21,2,10,5,42,115,488,0,14,502,718
11,GUANAJUATO,11,IRAPUATO,17,IRAPUATO,934,C01,310,14,1,5,8,47,102,497,0,12,509,717
11,GUANAJUATO,11,IRAPUATO,17,IRAPUATO,934,C02,322,13,4,10,5,33,112,507,0,12,519,717
11,GUANAJUATO,11,IRAPUATO,17,IRAPUATO,935,B,154,9,1,4,5,21,132,331,0,16,347,509
11,GUANAJUATO,11,IRAPUATO,17,IRAPUATO,935,C01,150,10,3,7,8,23,141,357,0,10,367,509
11,GUANAJUATO,11,IRAPUATO,17,IRAPUATO,936,B,134,15,1,5,8,21,90,281,0,17,298,473
11,GUANAJUATO,11,IRAPUATO,17,IRAPUATO,936,C01,131,5,3,8,11,33,83,278,0,15,293,473
11,GUANAJUATO,11,IRAPUATO,17,IRAPUATO,937,B,146,2,1,5,3,45,105,310,0,11,321,585
11,GUANAJUATO,11,IRAPUATO,17,IRAPUATO,937,C01,130,8,1,8,4,23,103,282,0,12,294,585
11,GUANAJUATO,11,IRAPUATO,17,IRAPUATO,937,C02,153,5,0,7,4,24,129,328,0,9,337,585
11,GUANAJUATO,11,IRAPUATO,17,IRAPUATO,938,B,152,4,1,6,9,25,138,343,0,16,359,563
11,GUANAJUATO,11,IRAPUATO,17,IRAPUATO,938,C01,128,5,5,10,6,25,168,351,0,9,360,563
11,GUANAJUATO,11,IRAPUATO,17,IRAPUATO,939,B,301,14,2,4,3,27,74,438,0,12,450,583
11,GUANAJUATO,11,IRAPUATO,17,IRAPUATO,939,C01,291,24,5,6,4,23,77,438,0,5,443,582
11,GUANAJUATO,11,IRAPUATO,17,IRAPUATO,940,B,246,10,3,6,5,29,81,396,0,6,402,567
11,GUANAJUATO,11,IRAPUATO,17,IRAPUATO,940,C01,206,12,6,9,9,32,99,384,0,9,393,566
11,GUANAJUATO,11,IRAPUATO,17,IRAPUATO,941,B,211,9,0,8,6,19,78,340,0,9,349,532
11,GUANAJUATO,11,IRAPUATO,17,IRAPUATO,941,C01,231,13,0,8,4,24,108,397,0,7,404,532
11,GUANAJUATO,11,IRAPUATO,17,IRAPUATO,942,B,189,19,1,13,4,40,190,465,0,0,465,667
11,GUANAJUATO,11,IRAPUATO,17,IRAPUATO,943,B,315,8,3,5,7,38,85,463,0,6,469,639
11,GUANAJUATO,11,IRAPUATO,17,IRAPUATO,943,C01,280,13,3,9,5,51,95,467,0,5,472,638
11,GUANAJUATO,11,IRAPUATO,17,IRAPUATO,944,B,257,14,0,7,4,37,109,436,0,3,439,602
11,GUANAJUATO,11,IRAPUATO,17,IRAPUATO,944,C01,262,10,4,6,2,39,90,424,0,9,433,602
11,GUANAJUATO,11,IRAPUATO,17,IRAPUATO,944,C02,257,13,0,6,2,33,110,427,1,8,436,602
11,GUANAJUATO,11,IRAPUATO,17,IRAPUATO,944,C03,264,11,1,7,6,33,112,441,0,10,451,602
11,GUANAJUATO,11,IRAPUATO,17,IRAPUATO,944,C04,233,11,1,6,2,58,105,428,0,7,435,601
11,GUANAJUATO,11,IRAPUATO,17,IRAPUATO,945,B,156,6,0,8,5,31,68,281,0,3,284,409
11,GUANAJUATO,11,IRAPUATO,17,IRAPUATO,945,C01,175,7,2,3,4,25,82,301,0,8,309,408
11,GUANAJUATO,11,IRAPUATO,17,IRAPUATO,946,B,238,11,0,5,5,33,81,383,0,10,393,496
11,GUANAJUATO,11,IRAPUATO,17,IRAPUATO,946,C01,196,12,1,11,5,37,107,379,0,10,389,495
11,GUANAJUATO,11,IRAPUATO,17,IRAPUATO,947,B,204,14,0,5,4,25,112,379,0,15,394,613
11,GUANAJUATO,11,IRAPUATO,17,IRAPUATO,947,C01,187,20,1,9,8,25,106,369,0,14,383,613
11,GUANAJUATO,11,IRAPUATO,17,IRAPUATO,947,C02,191,7,2,1,2,32,117,358,0,13,371,613
11,GUANAJUATO,11,IRAPUATO,17,IRAPUATO,948,B,299,12,2,7,6,28,80,447,0,6,453,603
11,GUANAJUATO,11,IRAPUATO,17,IRAPUATO,948,C01,253,14,0,6,7,44,92,424,1,5,430,603
11,GUANAJUATO,11,IRAPUATO,17,IRAPUATO,949,B,210,14,2,7,6,23,78,345,0,19,364,523
11,GUANAJUATO,11,IRAPUATO,17,IRAPUATO,949,C01,219,20,0,10,8,27,92,386,1,13,400,523
11,GUANAJUATO,11,IRAPUATO,17,IRAPUATO,950,B,245,20,2,6,3,25,66,377,0,9,386,512
11,GUANAJUATO,11,IRAPUATO,17,IRAPUATO,950,C01,238,14,3,8,3,27,75,371,0,7,378,511
11,GUANAJUATO,11,IRAPUATO,17,IRAPUATO,951,B,248,13,3,13,9,29,149,470,0,11,481,699
11,GUANAJUATO,11,IRAPUATO,17,IRAPUATO,951,C01,232,5,4,13,14,44,166,487,0,11,498,699
11,GUANAJUATO,11,IRAPUATO,17,IRAPUATO,951,C02,237,11,2,10,7,29,171,474,0,10,484,698
11,GUANAJUATO,11,IRAPUATO,17,IRAPUATO,952,B,354,23,1,8,3,49,99,544,0,11,555,737
11,GUANAJUATO,11,IRAPUATO,17,IRAPUATO,953,B,267,12,4,2,4,31,54,384,0,7,391,518
11,GUANAJUATO,11,IRAPUATO,17,IRAPUATO,953,C01,247,13,4,9,7,35,65,384,0,5,389,518
11,GUANAJUATO,11,IRAPUATO,17,IRAPUATO,954,B,160,7,2,7,2,20,61,261,0,9,270,387
11,GUANAJUATO,11,IRAPUATO,17,IRAPUATO,954,C01,131,11,1,8,2,31,89,277,0,11,288,386
11,GUANAJUATO,11,IRAPUATO,17,IRAPUATO,955,B,88,13,2,4,11,31,112,268,0,13,281,515
11,GUANAJUATO,11,IRAPUATO,17,IRAPUATO,955,C01,113,8,2,8,8,23,113,276,0,13,289,514
11,GUANAJUATO,11,IRAPUATO,17,IRAPUATO,956,B,132,6,1,3,4,18,139,304,0,12,316,486
11,GUANAJUATO,11,IRAPUATO,17,IRAPUATO,956,C01,119,10,1,3,15,24,105,282,0,7,289,486
11,GUANAJUATO,11,IRAPUATO,17,IRAPUATO,957,B,95,9,3,5,7,24,106,252,0,10,262,519
11,GUANAJUATO,11,IRAPUATO,17,IRAPUATO,957,C01,89,7,1,7,7,19,125,256,0,6,262,519
11,GUANAJUATO,11,IRAPUATO,17,IRAPUATO,957,C02,93,4,2,10,2,24,136,272,0,15,287,519
11,GUANAJUATO,11,IRAPUATO,17,IRAPUATO,958,B,100,9,2,7,7,23,143,293,0,14,307,694
11,GUANAJUATO,11,IRAPUATO,17,IRAPUATO,958,C01,107,5,1,18,12,25,141,311,0,14,325,694
11,GUANAJUATO,11,IRAPUATO,17,IRAPUATO,958,C02,118,6,2,16,6,30,152,339,0,16,355,693
11,GUANAJUATO,11,IRAPUATO,17,IRAPUATO,958,C03,102,9,1,6,5,31,163,320,0,25,345,693
11,GUANAJUATO,11,IRAPUATO,17,IRAPUATO,958,C04,96,11,1,9,7,21,140,288,0,14,302,693
11,GUANAJUATO,11,IRAPUATO,17,IRAPUATO,958,C05,111,8,0,4,5,18,144,294,0,13,307,693
11,GUANAJUATO,11,IRAPUATO,17,IRAPUATO,958,C06,98,6,1,7,6,21,150,294,0,5,299,693
11,GUANAJUATO,11,IRAPUATO,17,IRAPUATO,958,C07,108,11,2,9,8,31,171,343,0,13,356,693
11,GUANAJUATO,11,IRAPUATO,17,IRAPUATO,959,B,121,6,0,9,6,28,163,338,4,4,346,617
11,GUANAJUATO,11,IRAPUATO,17,IRAPUATO,959,C01,111,14,1,8,12,19,161,328,0,15,343,616
11,GUANAJUATO,11,IRAPUATO,17,IRAPUATO,960,B,195,14,0,12,7,29,141,402,0,7,409,628
11,GUANAJUATO,11,IRAPUATO,17,IRAPUATO,960,C01,172,7,2,13,11,36,149,394,0,16,410,628
11,GUANAJUATO,11,IRAPUATO,17,IRAPUATO,960,C02,144,4,1,9,12,26,154,357,1,9,367,628
11,GUANAJUATO,11,IRAPUATO,17,IRAPUATO,960,C03,151,10,2,10,3,39,155,379,0,15,394,627
11,GUANAJUATO,11,IRAPUATO,17,IRAPUATO,961,B,170,18,2,8,3,19,98,321,0,9,330,435
11,GUANAJUATO,11,IRAPUATO,17,IRAPUATO,961,C01,140,11,1,4,5,15,78,258,0,5,263,434
11,GUANAJUATO,11,IRAPUATO,17,IRAPUATO,962,B,361,25,0,4,1,45,59,503,0,8,511,664
11,GUANAJUATO,11,IRAPUATO,17,IRAPUATO,963,B,141,12,2,10,5,14,125,315,0,13,328,538
11,GUANAJUATO,11,IRAPUATO,17,IRAPUATO,963,C01,120,7,0,7,11,16,125,290,0,9,299,537
11,GUANAJUATO,11,IRAPUATO,17,IRAPUATO,964,B,41,5,2,13,11,18,132,226,0,12,238,456
11,GUANAJUATO,11,IRAPUATO,17,IRAPUATO,964,C01,75,4,0,15,7,14,135,252,0,14,266,455
11,GUANAJUATO,11,IRAPUATO,17,IRAPUATO,965,B,214,15,0,10,8,38,177,462,0,24,486,750
11,GUANAJUATO,11,IRAPUATO,17,IRAPUATO,965,C01,251,10,4,17,4,43,136,472,0,9,481,750
11,GUANAJUATO,11,IRAPUATO,17,IRAPUATO,965,C02,209,10,1,11,6,38,180,459,0,18,477,749
11,GUANAJUATO,11,IRAPUATO,17,IRAPUATO,965,C03,207,7,0,12,7,38,170,452,0,12,464,749
11,GUANAJUATO,11,IRAPUATO,17,IRAPUATO,965,C04,207,8,4,12,7,35,171,452,1,11,464,749
11,GUANAJUATO,11,IRAPUATO,17,IRAPUATO,965,C05,202,13,3,19,8,24,199,475,0,14,489,749
11,GUANAJUATO,11,IRAPUATO,17,IRAPUATO,967,B,98,7,1,14,14,29,133,299,0,9,308,738
11,GUANAJUATO,11,IRAPUATO,17,IRAPUATO,967,C01,87,10,1,9,8,31,155,306,0,21,327,738
11,GUANAJUATO,11,IRAPUATO,17,IRAPUATO,967,C02,92,1,2,4,9,26,153,291,0,17,308,738
11,GUANAJUATO,11,IRAPUATO,17,IRAPUATO,967,C03,73,13,5,5,13,37,137,286,1,11,298,738
11,GUANAJUATO,11,IRAPUATO,17,IRAPUATO,967,C04,102,11,5,8,17,23,142,317,0,12,329,738
11,GUANAJUATO,11,IRAPUATO,17,IRAPUATO,967,C05,94,15,3,10,4,21,157,308,0,17,325,738
11,GUANAJUATO,11,IRAPUATO,17,IRAPUATO,967,C06,87,10,3,8,8,33,134,289,0,24,313,738
11,GUANAJUATO,11,IRAPUATO,17,IRAPUATO,967,C07,94,9,6,11,10,33,155,320,1,7,328,738
11,GUANAJUATO,12,IRAPUATO,17,IRAPUATO,968,B,81,6,5,10,2,30,70,212,0,12,224,661
11,GUANAJUATO,11,IRAPUATO,17,IRAPUATO,969,B,65,5,1,7,13,18,123,233,0,13,246,464
11,GUANAJUATO,11,IRAPUATO,17,IRAPUATO,969,C01,73,5,0,11,9,21,120,245,0,18,263,463
11,GUANAJUATO,11,IRAPUATO,17,IRAPUATO,970,B,89,11,2,13,7,24,138,284,0,7,291,514
11,GUANAJUATO,11,IRAPUATO,17,IRAPUATO,971,B,108,7,1,4,2,32,100,259,0,8,267,432
11,GUANAJUATO,11,IRAPUATO,17,IRAPUATO,971,C01,96,5,1,4,2,21,110,248,1,17,266,431
11,GUANAJUATO,11,IRAPUATO,17,IRAPUATO,972,B,249,11,1,11,0,34,104,414,0,4,418,589
11,GUANAJUATO,11,IRAPUATO,17,IRAPUATO,972,C01,230,12,3,6,4,29,94,387,0,17,404,588
11,GUANAJUATO,11,IRAPUATO,17,IRAPUATO,972,S01,7,0,0,1,1,5,5,19,0,2,21,0
11,GUANAJUATO,11,IRAPUATO,17,IRAPUATO,973,B,156,7,5,7,6,26,143,354,0,13,367,688
11,GUANAJUATO,11,IRAPUATO,17,IRAPUATO,973,C01,149,7,3,10,4,32,133,344,0,12,356,688
11,GUANAJUATO,11,IRAPUATO,17,IRAPUATO,973,C02,177,10,4,1,1,32,120,350,0,12,362,688
11,GUANAJUATO,11,IRAPUATO,17,IRAPUATO,973,C03,162,7,2,6,9,26,128,351,0,0,351,688
11,GUANAJUATO,11,IRAPUATO,17,IRAPUATO,973,C04,154,13,1,4,5,20,127,328,0,8,336,687
11,GUANAJUATO,11,IRAPUATO,17,IRAPUATO,973,C05,143,11,0,7,14,24,138,341,0,8,349,687
11,GUANAJUATO,11,IRAPUATO,17,IRAPUATO,973,C06,167,6,0,3,5,28,145,354,0,5,359,687
11,GUANAJUATO,11,IRAPUATO,17,IRAPUATO,974,B,123,7,0,9,6,28,146,319,0,6,325,577
11,GUANAJUATO,11,IRAPUATO,17,IRAPUATO,974,C01,96,7,2,10,8,25,129,277,0,10,287,576
11,GUANAJUATO,11,IRAPUATO,17,IRAPUATO,975,B,106,2,2,8,13,22,193,349,0,21,370,747
11,GUANAJUATO,11,IRAPUATO,17,IRAPUATO,975,C01,97,7,2,11,10,23,175,327,0,28,355,746
11,GUANAJUATO,11,IRAPUATO,17,IRAPUATO,976,B,195,18,1,12,8,23,136,406,0,17,423,679
11,GUANAJUATO,11,IRAPUATO,17,IRAPUATO,977,B,101,14,0,2,5,15,112,257,0,12,269,461
11,GUANAJUATO,11,IRAPUATO,17,IRAPUATO,977,C01,97,7,3,15,8,27,97,264,0,10,274,460
11,GUANAJUATO,11,IRAPUATO,17,IRAPUATO,978,B,122,4,1,6,12,16,131,299,0,16,315,529
11,GUANAJUATO,11,IRAPUATO,17,IRAPUATO,978,C01,113,6,1,9,8,30,136,306,0,16,322,528
11,GUANAJUATO,11,IRAPUATO,17,IRAPUATO,979,B,84,2,2,15,4,9,154,270,0,17,287,505
11,GUANAJUATO,11,IRAPUATO,17,IRAPUATO,979,C01,77,5,2,21,4,25,128,268,0,17,285,505
11,GUANAJUATO,11,IRAPUATO,17,IRAPUATO,980,B,85,4,2,9,5,16,163,287,0,8,295,739
11,GUANAJUATO,11,IRAPUATO,17,IRAPUATO,980,C01,86,7,1,2,5,27,171,303,0,7,310,739
11,GUANAJUATO,11,IRAPUATO,17,IRAPUATO,980,C02,105,5,4,7,8,21,164,317,0,11,328,739
11,GUANAJUATO,11,IRAPUATO,17,IRAPUATO,980,C03,96,11,1,5,11,24,161,312,0,14,326,739
11,GUANAJUATO,11,IRAPUATO,17,IRAPUATO,980,C04,85,5,3,5,5,22,153,280,0,13,293,739
11,GUANAJUATO,11,IRAPUATO,17,IRAPUATO,980,C05,109,9,1,10,6,12,150,299,0,10,309,738
11,GUANAJUATO,11,IRAPUATO,17,IRAPUATO,980,C06,94,7,1,8,12,15,145,287,0,19,306,738
11,GUANAJUATO,11,IRAPUATO,17,IRAPUATO,980,C07,102,2,1,5,2,22,149,285,0,11,296,738
11,GUANAJUATO,11,IRAPUATO,17,IRAPUATO,980,C08,90,5,3,8,7,12,183,310,0,15,325,738
11,GUANAJUATO,11,IRAPUATO,17,IRAPUATO,980,C09,92,4,0,9,12,18,164,304,0,15,319,738
11,GUANAJUATO,11,IRAPUATO,17,IRAPUATO,980,C10,79,6,0,5,5,23,150,271,0,12,283,738
11,GUANAJUATO,11,IRAPUATO,17,IRAPUATO,980,C11,100,8,3,3,9,21,152,302,0,19,321,738
11,GUANAJUATO,12,IRAPUATO,17,IRAPUATO,981,B,75,7,3,12,10,10,122,240,0,10,250,459
11,GUANAJUATO,12,IRAPUATO,17,IRAPUATO,981,C01,103,4,1,5,3,8,115,239,0,13,252,458
11,GUANAJUATO,11,IRAPUATO,17,IRAPUATO,982,B,91,6,1,4,6,10,86,210,0,7,217,405
11,GUANAJUATO,11,IRAPUATO,17,IRAPUATO,982,C01,105,10,3,4,10,16,75,225,0,10,235,405
11,GUANAJUATO,11,IRAPUATO,17,IRAPUATO,982,S01,22,2,1,1,1,15,35,77,0,3,80,0
11,GUANAJUATO,11,IRAPUATO,17,IRAPUATO,982,S02,22,2,0,3,0,11,28,68,0,5,73,0
11,GUANAJUATO,11,IRAPUATO,17,IRAPUATO,983,B,112,11,1,6,5,29,95,263,0,3,266,386
11,GUANAJUATO,11,IRAPUATO,17,IRAPUATO,983,C01,108,14,2,6,5,25,78,240,0,8,248,386
11,GUANAJUATO,11,IRAPUATO,17,IRAPUATO,984,B,151,4,2,5,13,41,171,397,0,10,407,680
11,GUANAJUATO,11,IRAPUATO,17,IRAPUATO,985,B,145,9,2,1,8,18,82,267,0,8,275,416
11,GUANAJUATO,11,IRAPUATO,17,IRAPUATO,986,B,169,5,0,2,2,29,109,325,0,7,332,474
11,GUANAJUATO,11,IRAPUATO,17,IRAPUATO,987,B,192,9,1,9,8,34,152,415,0,8,423,685
11,GUANAJUATO,11,IRAPUATO,17,IRAPUATO,987,C01,198,14,3,7,2,47,109,389,0,7,396,685
11,GUANAJUATO,11,IRAPUATO,17,IRAPUATO,987,C02,215,9,1,10,7,35,111,402,0,19,421,685
11,GUANAJUATO,11,IRAPUATO,17,IRAPUATO,987,C03,191,7,3,10,11,24,131,386,0,8,394,685
11,GUANAJUATO,11,IRAPUATO,17,IRAPUATO,987,C04,202,8,1,8,5,33,145,407,0,11,418,685
11,GUANAJUATO,11,IRAPUATO,17,IRAPUATO,987,C05,193,13,3,6,8,35,127,392,0,15,407,684
11,GUANAJUATO,11,IRAPUATO,17,IRAPUATO,987,C06,206,10,2,4,10,33,128,393,0,10,403,684
11,GUANAJUATO,11,IRAPUATO,17,IRAPUATO,987,C07,204,7,3,8,4,29,131,390,0,4,394,684
11,GUANAJUATO,11,IRAPUATO,17,IRAPUATO,987,C08,223,11,2,11,3,26,133,416,0,11,427,684
11,GUANAJUATO,11,IRAPUATO,17,IRAPUATO,988,B,274,22,0,3,2,39,67,412,0,5,417,513
11,GUANAJUATO,11,IRAPUATO,17,IRAPUATO,989,B,158,9,0,3,4,24,62,263,0,8,271,384
11,GUANAJUATO,11,IRAPUATO,17,IRAPUATO,989,C01,146,7,1,8,1,18,65,248,0,6,254,384
11,GUANAJUATO,11,IRAPUATO,17,IRAPUATO,990,B,132,10,4,7,7,16,141,323,0,13,336,552
11,GUANAJUATO,11,IRAPUATO,17,IRAPUATO,991,B,196,10,4,13,10,21,130,384,0,25,409,702
11,GUANAJUATO,11,IRAPUATO,17,IRAPUATO,992,B,119,8,1,4,8,22,77,242,1,7,250,394
11,GUANAJUATO,11,IRAPUATO,17,IRAPUATO,992,C01,142,10,0,3,2,12,87,258,0,9,267,393
11,GUANAJUATO,11,IRAPUATO,17,IRAPUATO,993,B,156,15,2,7,6,21,57,267,1,11,279,474
11,GUANAJUATO,11,IRAPUATO,17,IRAPUATO,993,C01,139,13,0,8,6,20,82,278,0,3,281,473
11,GUANAJUATO,11,IRAPUATO,17,IRAPUATO,994,B,129,6,1,5,5,20,117,291,0,8,299,531
11,GUANAJUATO,11,IRAPUATO,17,IRAPUATO,994,C01,108,10,4,7,3,10,125,268,0,11,279,530
11,GUANAJUATO,11,IRAPUATO,17,IRAPUATO,995,B,88,7,4,2,6,15,100,222,0,9,231,406
11,GUANAJUATO,11,IRAPUATO,17,IRAPUATO,995,C01,93,11,3,3,7,13,87,217,0,15,232,405
11,GUANAJUATO,11,IRAPUATO,17,IRAPUATO,996,B,141,6,1,7,7,19,67,254,2,5,261,455
11,GUANAJUATO,11,IRAPUATO,17,IRAPUATO,997,B,85,6,3,23,7,14,136,276,0,7,283,527
11,GUANAJUATO,11,IRAPUATO,17,IRAPUATO,997,C01,97,3,1,17,2,21,139,284,0,16,300,526
11,GUANAJUATO,12,IRAPUATO,17,IRAPUATO,998,B,61,6,1,4,27,7,95,202,0,16,218,522
11,GUANAJUATO,12,IRAPUATO,17,IRAPUATO,998,C01,43,8,3,9,24,15,139,245,0,23,268,521
11,GUANAJUATO,12,IRAPUATO,17,IRAPUATO,999,B,54,6,2,9,33,17,168,293,0,14,307,691
11,GUANAJUATO,12,IRAPUATO,17,IRAPUATO,999,C01,68,12,2,11,48,15,149,309,0,16,325,690
11,GUANAJUATO,12,IRAPUATO,17,IRAPUATO,1000,B,123,9,2,6,7,22,165,338,0,6,344,645
11,GUANAJUATO,12,IRAPUATO,17,IRAPUATO,1000,C01,122,11,3,7,0,23,161,332,0,12,344,645
11,GUANAJUATO,12,IRAPUATO,17,IRAPUATO,1000,C02,152,9,2,6,7,28,142,348,0,12,360,645
11,GUANAJUATO,12,IRAPUATO,17,IRAPUATO,1000,C03,139,8,1,10,8,30,148,349,0,15,364,645
11,GUANAJUATO,12,IRAPUATO,17,IRAPUATO,1000,C04,128,8,1,16,4,31,143,338,0,14,352,644
11,GUANAJUATO,12,IRAPUATO,17,IRAPUATO,1000,C05,132,11,3,12,3,21,159,350,1,6,357,644
11,GUANAJUATO,12,IRAPUATO,17,IRAPUATO,1000,C06,116,3,2,9,3,27,161,330,1,14,345,644
11,GUANAJUATO,12,IRAPUATO,17,IRAPUATO,1001,B,125,4,0,4,4,17,93,250,0,10,260,408
11,GUANAJUATO,12,IRAPUATO,17,IRAPUATO,1002,B,166,11,1,6,3,14,68,272,0,6,278,430
11,GUANAJUATO,12,IRAPUATO,17,IRAPUATO,1003,B,168,10,1,9,9,16,74,290,0,6,296,449
11,GUANAJUATO,12,IRAPUATO,17,IRAPUATO,1004,B,166,15,3,11,5,14,129,354,0,3,357,574
11,GUANAJUATO,12,IRAPUATO,17,IRAPUATO,1005,B,108,4,4,2,10,18,100,249,0,13,262,440
11,GUANAJUATO,12,IRAPUATO,17,IRAPUATO,1005,C01,100,3,3,6,8,10,124,255,0,10,265,439
11,GUANAJUATO,11,IRAPUATO,17,IRAPUATO,1006,B,130,7,0,4,6,15,132,306,0,17,323,475
11,GUANAJUATO,11,IRAPUATO,17,IRAPUATO,1006,C01,154,4,1,1,3,23,125,318,1,21,340,475
11,GUANAJUATO,11,IRAPUATO,17,IRAPUATO,1007,B,131,11,2,5,5,17,144,320,0,11,331,489
11,GUANAJUATO,11,IRAPUATO,17,IRAPUATO,1007,C01,126,8,1,5,5,27,133,309,0,19,328,489
11,GUANAJUATO,11,IRAPUATO,17,IRAPUATO,1008,B,160,7,4,14,10,31,112,343,0,15,358,667
11,GUANAJUATO,11,IRAPUATO,17,IRAPUATO,1008,C01,159,5,2,7,2,29,128,342,0,14,356,667
11,GUANAJUATO,11,IRAPUATO,17,IRAPUATO,1008,C02,164,6,4,3,3,27,125,341,1,14,356,667
11,GUANAJUATO,11,IRAPUATO,17,IRAPUATO,1009,B,111,3,1,14,6,17,108,263,1,12,276,456
11,GUANAJUATO,11,IRAPUATO,17,IRAPUATO,1009,C01,109,5,3,3,3,18,128,275,0,7,282,456
11,GUANAJUATO,11,IRAPUATO,17,IRAPUATO,1010,B,128,9,3,5,11,27,112,298,0,12,310,472
11,GUANAJUATO,11,IRAPUATO,17,IRAPUATO,1010,C01,139,5,2,7,9,28,108,302,1,3,306,472
11,GUANAJUATO,11,IRAPUATO,17,IRAPUATO,1011,B,195,13,2,9,3,33,112,374,0,21,395,569
11,GUANAJUATO,11,IRAPUATO,17,IRAPUATO,1012,B,127,11,4,8,6,22,75,253,0,10,263,382
11,GUANAJUATO,11,IRAPUATO,17,IRAPUATO,1012,C01,110,8,3,2,8,22,82,243,0,7,250,382
11,GUANAJUATO,12,IRAPUATO,17,IRAPUATO,1013,B,169,13,4,13,9,28,159,401,0,17,418,717
11,GUANAJUATO,12,IRAPUATO,17,IRAPUATO,1014,B,130,10,6,6,11,17,167,355,0,10,365,643
11,GUANAJUATO,12,IRAPUATO,17,IRAPUATO,1015,B,192,9,3,6,6,22,135,383,0,14,397,648
11,GUANAJUATO,12,IRAPUATO,17,IRAPUATO,1016,B,147,12,2,6,4,18,119,314,0,8,322,524
11,GUANAJUATO,12,IRAPUATO,17,IRAPUATO,1017,B,99,8,2,2,2,16,106,238,0,11,249,387
11,GUANAJUATO,12,IRAPUATO,17,IRAPUATO,1017,C01,88,13,1,2,7,14,111,237,0,3,240,387
11,GUANAJUATO,11,IRAPUATO,17,IRAPUATO,1018,B,182,13,2,10,9,39,153,422,0,20,442,702
11,GUANAJUATO,11,IRAPUATO,17,IRAPUATO,1019,B,129,4,0,4,7,21,100,274,0,10,284,446
11,GUANAJUATO,11,IRAPUATO,17,IRAPUATO,1019,C01,150,11,1,2,10,17,81,276,1,8,285,446
11,GUANAJUATO,12,IRAPUATO,17,IRAPUATO,1020,B,158,7,2,15,8,36,135,365,0,8,373,680
11,GUANAJUATO,12,IRAPUATO,17,IRAPUATO,1021,B,101,17,1,2,5,21,97,246,0,10,256,440
11,GUANAJUATO,12,IRAPUATO,17,IRAPUATO,1021,C01,104,10,1,2,4,23,91,238,0,11,249,439
11,GUANAJUATO,12,IRAPUATO,17,IRAPUATO,1022,B,95,8,3,7,4,18,106,246,0,0,246,408
11,GUANAJUATO,12,IRAPUATO,17,IRAPUATO,1022,C01,79,10,2,5,7,21,103,230,0,16,246,408
11,GUANAJUATO,12,IRAPUATO,17,IRAPUATO,1023,B,128,5,0,10,7,26,159,347,0,11,358,632
11,GUANAJUATO,12,IRAPUATO,17,IRAPUATO,1024,B,122,8,1,7,4,20,91,262,0,11,273,460
11,GUANAJUATO,12,IRAPUATO,17,IRAPUATO,1024,C01,105,7,2,6,4,17,99,243,0,11,254,459
11,GUANAJUATO,12,IRAPUATO,17,IRAPUATO,1025,B,71,6,2,16,8,16,171,294,0,14,308,644
11,GUANAJUATO,12,IRAPUATO,17,IRAPUATO,1025,C01,75,8,1,11,10,25,141,275,1,17,293,644
11,GUANAJUATO,12,IRAPUATO,17,IRAPUATO,1026,B,66,9,1,15,12,15,180,303,0,31,334,682
11,GUANAJUATO,12,IRAPUATO,17,IRAPUATO,1026,C01,64,10,3,12,14,22,188,314,0,10,324,682
11,GUANAJUATO,12,IRAPUATO,17,IRAPUATO,1027,B,151,8,1,6,9,29,136,343,0,11,354,561
11,GUANAJUATO,12,IRAPUATO,17,IRAPUATO,1027,C01,185,8,3,5,5,19,127,360,0,18,378,561
11,GUANAJUATO,12,IRAPUATO,17,IRAPUATO,1027,C02,139,10,0,6,10,23,159,348,0,6,354,560
11,GUANAJUATO,12,IRAPUATO,17,IRAPUATO,1028,B,84,5,2,9,25,15,125,272,0,22,294,627
11,GUANAJUATO,12,IRAPUATO,17,IRAPUATO,1028,C01,81,11,0,1,26,23,129,273,0,26,299,626
11,GUANAJUATO,12,IRAPUATO,17,IRAPUATO,1028,C02,90,6,0,10,19,14,116,260,0,19,279,626
11,GUANAJUATO,12,IRAPUATO,17,IRAPUATO,1029,B,150,13,2,7,8,24,110,324,2,10,336,583
11,GUANAJUATO,12,IRAPUATO,17,IRAPUATO,1029,C01,112,12,2,12,6,27,138,311,0,10,321,583
11,GUANAJUATO,12,IRAPUATO,17,IRAPUATO,1030,B,142,11,7,3,6,24,104,302,1,2,305,481
11,GUANAJUATO,12,IRAPUATO,17,IRAPUATO,1031,B,115,9,2,13,5,21,112,286,1,10,297,499
11,GUANAJUATO,12,IRAPUATO,17,IRAPUATO,1032,B,224,13,4,13,4,38,130,436,0,19,455,722
11,GUANAJUATO,12,IRAPUATO,17,IRAPUATO,1033,B,131,9,4,5,4,22,108,288,0,7,295,445
11,GUANAJUATO,12,IRAPUATO,17,IRAPUATO,1034,B,173,5,1,5,7,7,96,299,1,7,307,529
11,GUANAJUATO,12,IRAPUATO,17,IRAPUATO,1034,C01,149,6,3,5,5,13,117,306,0,14,320,529
11,GUANAJUATO,12,IRAPUATO,17,IRAPUATO,1035,B,114,8,4,14,3,23,121,291,0,17,308,576
11,GUANAJUATO,12,IRAPUATO,17,IRAPUATO,1035,C01,113,12,1,7,11,27,135,308,0,11,319,576
11,GUANAJUATO,12,IRAPUATO,17,IRAPUATO,1036,B,194,7,0,8,8,27,155,405,0,10,415,719
11,GUANAJUATO,12,IRAPUATO,17,IRAPUATO,1036,C01,174,15,3,9,2,33,151,389,0,12,401,719
11,GUANAJUATO,12,IRAPUATO,17,IRAPUATO,1036,C02,169,7,2,9,6,35,146,378,0,10,388,719
11,GUANAJUATO,12,IRAPUATO,17,IRAPUATO,1036,C03,172,5,2,6,3,30,147,373,0,16,389,719
11,GUANAJUATO,12,IRAPUATO,17,IRAPUATO,1036,C04,176,10,1,13,8,23,138,375,0,24,399,718
11,GUANAJUATO,12,IRAPUATO,17,IRAPUATO,1037,B,121,9,3,12,7,29,129,313,0,11,324,611
11,GUANAJUATO,12,IRAPUATO,17,IRAPUATO,1037,C01,108,7,4,18,3,20,110,271,0,10,281,611
11,GUANAJUATO,12,IRAPUATO,17,IRAPUATO,1037,C02,108,11,1,16,7,31,128,309,0,12,321,611
11,GUANAJUATO,12,IRAPUATO,17,IRAPUATO,1038,B,177,10,2,10,6,35,176,425,1,15,441,733
11,GUANAJUATO,12,IRAPUATO,17,IRAPUATO,1038,C01,186,20,0,17,7,41,179,459,0,11,470,733
11,GUANAJUATO,12,IRAPUATO,17,IRAPUATO,1038,C02,183,13,4,1,6,48,165,428,1,20,449,733
11,GUANAJUATO,12,IRAPUATO,17,IRAPUATO,1039,B,136,11,1,11,6,20,146,334,0,16,350,618
11,GUANAJUATO,12,IRAPUATO,17,IRAPUATO,1039,C01,132,11,1,6,16,23,130,321,0,15,336,617
11,GUANAJUATO,12,IRAPUATO,17,IRAPUATO,1040,B,185,6,3,14,7,21,157,399,0,19,418,664
11,GUANAJUATO,12,IRAPUATO,17,IRAPUATO,1040,C01,128,11,2,13,2,26,193,377,0,4,381,664
11,GUANAJUATO,12,IRAPUATO,17,IRAPUATO,1041,B,136,15,2,17,7,25,128,335,0,10,345,566
11,GUANAJUATO,12,IRAPUATO,17,IRAPUATO,1041,C01,136,9,3,11,4,23,131,323,0,17,340,565
11,GUANAJUATO,12,IRAPUATO,17,IRAPUATO,1042,B,244,10,3,8,4,18,175,462,0,9,471,711
11,GUANAJUATO,12,IRAPUATO,17,IRAPUATO,1043,B,150,6,2,6,7,27,113,318,0,13,331,535
11,GUANAJUATO,12,IRAPUATO,17,IRAPUATO,1044,B,145,10,3,5,3,21,113,304,0,2,306,479
11,GUANAJUATO,12,IRAPUATO,17,IRAPUATO,1044,C01,136,4,3,9,2,27,110,292,0,13,305,478
11,GUANAJUATO,12,IRAPUATO,17,IRAPUATO,1045,B,228,20,5,14,5,29,167,483,0,21,504,748
11,GUANAJUATO,12,IRAPUATO,17,IRAPUATO,1046,B,82,4,3,8,1,20,135,259,1,7,267,486
11,GUANAJUATO,12,IRAPUATO,17,IRAPUATO,1046,C01,99,7,4,9,4,17,127,274,0,10,284,485
11,GUANAJUATO,12,IRAPUATO,17,IRAPUATO,1047,B,99,8,0,7,6,31,110,269,0,6,275,438
11,GUANAJUATO,12,IRAPUATO,17,IRAPUATO,1047,C01,109,14,2,5,4,25,122,282,0,9,291,437
11,GUANAJUATO,12,IRAPUATO,17,IRAPUATO,1048,B,159,10,2,7,5,34,163,390,0,20,410,734
11,GUANAJUATO,12,IRAPUATO,17,IRAPUATO,1049,B,93,7,2,6,2,23,103,242,0,16,258,405
11,GUANAJUATO,12,IRAPUATO,17,IRAPUATO,1049,C01,95,7,1,8,3,25,116,255,0,0,255,404
11,GUANAJUATO,12,IRAPUATO,17,IRAPUATO,1050,B,130,9,2,2,7,20,115,291,1,17,309,490
11,GUANAJUATO,12,IRAPUATO,17,IRAPUATO,1050,C01,125,12,1,8,9,18,138,316,0,9,325,490
11,GUANAJUATO,12,IRAPUATO,17,IRAPUATO,1051,B,113,11,2,6,4,19,148,303,0,18,321,515
11,GUANAJUATO,12,IRAPUATO,17,IRAPUATO,1051,C01,117,10,2,6,9,23,155,327,0,14,341,515
11,GUANAJUATO,12,IRAPUATO,17,IRAPUATO,1051,C02,85,5,0,11,10,24,152,291,0,19,310,514
11,GUANAJUATO,12,IRAPUATO,17,IRAPUATO,1052,B,160,10,0,7,8,24,151,365,1,22,388,694
11,GUANAJUATO,12,IRAPUATO,17,IRAPUATO,1052,C01,157,9,1,3,11,49,152,386,1,19,406,693
11,GUANAJUATO,12,IRAPUATO,17,IRAPUATO,1053,B,143,8,3,10,8,23,126,328,0,9,337,556
11,GUANAJUATO,12,IRAPUATO,17,IRAPUATO,1053,C01,145,2,1,16,8,17,118,311,0,10,321,556
11,GUANAJUATO,12,IRAPUATO,17,IRAPUATO,1054,B,129,6,1,6,12,24,126,309,0,11,320,556
11,GUANAJUATO,12,IRAPUATO,17,IRAPUATO,1054,C01,112,8,4,8,13,22,143,312,0,21,333,555
11,GUANAJUATO,12,IRAPUATO,17,IRAPUATO,1055,B,130,7,2,6,7,22,119,302,0,3,305,447
11,GUANAJUATO,12,IRAPUATO,17,IRAPUATO,1055,C01,115,4,2,7,6,19,113,272,0,12,284,447
11,GUANAJUATO,12,IRAPUATO,17,IRAPUATO,1056,B,124,7,0,7,7,19,126,294,0,17,311,525
11,GUANAJUATO,12,IRAPUATO,17,IRAPUATO,1056,C01,108,4,3,4,2,22,149,295,0,6,301,524
11,GUANAJUATO,12,IRAPUATO,17,IRAPUATO,1057,B,119,10,5,5,4,16,175,334,0,1,335,600
11,GUANAJUATO,12,IRAPUATO,17,IRAPUATO,1057,C01,98,9,3,8,4,15,155,296,0,14,310,599
11,GUANAJUATO,12,IRAPUATO,17,IRAPUATO,1058,B,128,7,1,3,14,25,191,374,0,29,403,656
11,GUANAJUATO,12,IRAPUATO,17,IRAPUATO,1058,C01,132,11,3,8,8,34,194,394,0,16,410,655
11,GUANAJUATO,12,IRAPUATO,17,IRAPUATO,1059,B,143,6,2,12,10,27,161,365,0,16,381,722
11,GUANAJUATO,12,IRAPUATO,17,IRAPUATO,1059,C01,134,12,7,10,4,37,166,374,0,12,386,722
11,GUANAJUATO,12,IRAPUATO,17,IRAPUATO,1059,C02,126,4,2,9,8,41,140,338,0,13,351,722
11,GUANAJUATO,12,IRAPUATO,17,IRAPUATO,1059,C03,148,4,1,15,10,36,161,380,0,12,392,722
11,GUANAJUATO,12,IRAPUATO,17,IRAPUATO,1059,C04,155,5,0,5,7,28,149,352,0,9,361,722
11,GUANAJUATO,12,IRAPUATO,17,IRAPUATO,1059,C05,128,6,4,6,5,42,142,339,0,10,349,722
11,GUANAJUATO,12,IRAPUATO,17,IRAPUATO,1059,C06,132,10,10,7,4,23,160,347,0,6,353,722
11,GUANAJUATO,12,IRAPUATO,17,IRAPUATO,1059,C07,133,8,2,11,8,4,167,335,0,13,348,722
11,GUANAJUATO,12,IRAPUATO,17,IRAPUATO,1059,C08,134,7,3,6,8,32,146,343,0,11,354,722
11,GUANAJUATO,12,IRAPUATO,17,IRAPUATO,1059,C09,138,13,6,10,12,28,181,391,0,12,403,722
11,GUANAJUATO,12,IRAPUATO,17,IRAPUATO,1059,C10,118,5,2,11,6,22,160,329,0,12,341,722
11,GUANAJUATO,12,IRAPUATO,17,IRAPUATO,1059,C11,130,8,1,13,8,32,148,345,0,0,345,722
11,GUANAJUATO,12,IRAPUATO,17,IRAPUATO,1059,C12,194,4,4,9,8,32,150,405,0,11,416,721
11,GUANAJUATO,12,IRAPUATO,17,IRAPUATO,1059,C13,115,7,1,10,5,27,201,371,0,10,381,721
11,GUANAJUATO,12,IRAPUATO,17,IRAPUATO,1059,C14,109,6,2,8,8,23,146,305,0,11,316,721
11,GUANAJUATO,12,IRAPUATO,17,IRAPUATO,1059,C15,141,11,3,9,15,20,196,401,0,11,412,721
11,GUANAJUATO,12,IRAPUATO,17,IRAPUATO,1059,C16,139,10,3,6,4,34,158,359,0,16,375,721
11,GUANAJUATO,12,IRAPUATO,17,IRAPUATO,1059,C17,106,5,4,7,10,27,166,327,0,0,327,721
11,GUANAJUATO,12,IRAPUATO,17,IRAPUATO,1060,B,172,16,3,13,13,37,159,417,0,7,424,669
11,GUANAJUATO,12,IRAPUATO,17,IRAPUATO,1060,C01,177,6,0,15,8,34,148,395,0,13,408,669
11,GUANAJUATO,12,IRAPUATO,17,IRAPUATO,1060,C02,185,9,5,8,12,26,150,396,0,11,407,669
11,GUANAJUATO,12,IRAPUATO,17,IRAPUATO,1060,C03,152,8,0,18,9,32,173,401,0,7,408,668
11,GUANAJUATO,12,IRAPUATO,17,IRAPUATO,1060,C04,174,12,1,9,4,27,174,405,0,16,421,668
11,GUANAJUATO,12,IRAPUATO,17,IRAPUATO,1061,B,137,8,0,5,7,23,172,354,0,20,374,586
11,GUANAJUATO,12,IRAPUATO,17,IRAPUATO,1061,C01,135,12,3,11,3,23,144,336,0,12,348,586
11,GUANAJUATO,12,IRAPUATO,17,IRAPUATO,1062,B,131,7,5,13,10,26,125,325,1,13,339,548
11,GUANAJUATO,12,IRAPUATO,17,IRAPUATO,1062,C01,139,7,3,8,5,15,125,303,0,15,318,547
11,GUANAJUATO,12,IRAPUATO,17,IRAPUATO,1063,B,166,10,1,15,15,22,186,423,0,16,439,738
11,GUANAJUATO,12,IRAPUATO,17,IRAPUATO,1063,C01,190,7,1,7,17,33,153,413,0,11,424,738
11,GUANAJUATO,12,IRAPUATO,17,IRAPUATO,1064,B,161,5,0,5,3,27,134,338,0,10,348,602
11,GUANAJUATO,12,IRAPUATO,17,IRAPUATO,1064,C01,177,12,4,8,6,29,133,377,0,11,388,601
11,GUANAJUATO,12,IRAPUATO,17,IRAPUATO,1065,B,95,7,4,7,2,37,119,275,0,15,290,528
11,GUANAJUATO,12,IRAPUATO,17,IRAPUATO,1065,C01,88,12,2,8,7,40,135,298,0,9,307,528
11,GUANAJUATO,12,IRAPUATO,17,IRAPUATO,1066,B,94,9,6,10,8,22,124,275,0,14,289,504
11,GUANAJUATO,12,IRAPUATO,17,IRAPUATO,1066,C01,91,7,1,13,6,28,114,263,0,14,277,504
11,GUANAJUATO,12,IRAPUATO,17,IRAPUATO,1067,B,154,11,2,9,11,25,174,389,0,18,407,693
11,GUANAJUATO,12,IRAPUATO,17,IRAPUATO,1067,C01,141,12,6,11,12,25,192,401,0,30,431,693
11,GUANAJUATO,12,IRAPUATO,17,IRAPUATO,1068,B,124,9,3,15,10,25,165,357,0,23,380,652
11,GUANAJUATO,12,IRAPUATO,17,IRAPUATO,1068,C01,156,7,0,9,7,28,182,394,0,15,409,651
11,GUANAJUATO,12,IRAPUATO,17,IRAPUATO,1069,B,81,3,0,2,7,19,119,235,0,13,248,514
11,GUANAJUATO,12,IRAPUATO,17,IRAPUATO,1069,C01,78,4,2,7,3,22,136,254,0,16,270,513
11,GUANAJUATO,12,IRAPUATO,17,IRAPUATO,1070,B,55,8,1,5,4,18,172,265,0,16,281,553
11,GUANAJUATO,12,IRAPUATO,17,IRAPUATO,1070,C01,70,11,2,7,7,26,153,280,0,10,290,553
11,GUANAJUATO,12,IRAPUATO,17,IRAPUATO,1071,B,104,6,3,5,5,12,158,299,0,17,316,586
11,GUANAJUATO,12,IRAPUATO,17,IRAPUATO,1071,C01,138,11,0,9,8,21,161,354,0,14,368,585
11,GUANAJUATO,12,IRAPUATO,17,IRAPUATO,1072,B,145,10,1,4,5,18,112,300,0,13,313,523
11,GUANAJUATO,12,IRAPUATO,17,IRAPUATO,1072,C01,121,12,4,5,7,24,110,287,0,8,295,522
11,GUANAJUATO,12,IRAPUATO,17,IRAPUATO,1073,B,155,5,4,7,3,26,126,331,0,11,342,547
11,GUANAJUATO,12,IRAPUATO,17,IRAPUATO,1073,C01,124,9,4,7,8,16,146,319,0,17,336,546
11,GUANAJUATO,12,IRAPUATO,17,IRAPUATO,1074,B,167,8,1,7,9,22,187,403,0,23,426,734
11,GUANAJUATO,12,IRAPUATO,17,IRAPUATO,1074,C01,159,11,1,10,6,26,196,415,0,11,426,734
11,GUANAJUATO,12,IRAPUATO,17,IRAPUATO,1075,B,89,12,1,6,9,8,155,286,0,17,303,570
11,GUANAJUATO,12,IRAPUATO,17,IRAPUATO,1075,C01,91,11,3,6,8,21,128,273,0,12,285,569
11,GUANAJUATO,12,IRAPUATO,17,IRAPUATO,1076,B,72,8,0,5,4,24,94,209,0,14,223,446
11,GUANAJUATO,12,IRAPUATO,17,IRAPUATO,1076,C01,65,4,1,6,0,27,86,193,0,9,202,445
11,GUANAJUATO,12,IRAPUATO,17,IRAPUATO,1077,B,142,11,1,10,9,39,168,386,0,4,390,629
11,GUANAJUATO,12,IRAPUATO,17,IRAPUATO,1077,C01,127,7,2,9,6,29,162,346,0,8,354,629
11,GUANAJUATO,12,IRAPUATO,17,IRAPUATO,1077,C02,140,15,0,8,7,23,174,373,0,17,390,628
11,GUANAJUATO,12,IRAPUATO,17,IRAPUATO,1077,C03,126,4,3,7,14,30,176,362,0,15,377,628
11,GUANAJUATO,12,IRAPUATO,17,IRAPUATO,1077,C04,115,3,0,10,6,34,167,337,0,14,351,628
11,GUANAJUATO,12,IRAPUATO,17,IRAPUATO,1077,C05,125,5,1,6,7,21,167,336,0,17,353,628
11,GUANAJUATO,12,IRAPUATO,17,IRAPUATO,1079,B,102,13,1,12,6,29,184,350,0,21,371,695
11,GUANAJUATO,12,IRAPUATO,17,IRAPUATO,1080,B,88,10,2,4,4,24,172,313,0,18,331,673
11,GUANAJUATO,12,IRAPUATO,17,IRAPUATO,1080,C01,85,4,0,9,6,39,182,327,0,15,342,672
11,GUANAJUATO,12,IRAPUATO,17,IRAPUATO,1081,B,84,10,0,9,3,21,124,255,0,17,272,447
11,GUANAJUATO,12,IRAPUATO,17,IRAPUATO,1081,C01,115,9,1,10,4,14,121,279,0,14,293,446
11,GUANAJUATO,12,IRAPUATO,17,IRAPUATO,1082,B,153,9,4,5,8,21,211,414,0,22,436,705
11,GUANAJUATO,12,IRAPUATO,17,IRAPUATO,1082,C01,167,8,2,11,6,32,214,443,0,17,460,704
11,GUANAJUATO,12,IRAPUATO,17,IRAPUATO,1083,B,127,10,1,9,2,38,172,370,0,10,380,675
11,GUANAJUATO,12,IRAPUATO,17,IRAPUATO,1084,B,117,4,6,13,6,21,169,338,0,28,366,662
11,GUANAJUATO,12,IRAPUATO,17,IRAPUATO,1084,C01,114,7,4,8,2,17,160,315,0,14,329,661
11,GUANAJUATO,12,IRAPUATO,17,IRAPUATO,1085,B,79,5,0,12,4,15,139,257,0,14,271,507
11,GUANAJUATO,12,IRAPUATO,17,IRAPUATO,1085,C01,85,6,2,8,6,14,137,260,0,22,282,507
11,GUANAJUATO,12,IRAPUATO,17,IRAPUATO,1086,B,76,8,1,5,4,18,124,238,0,6,244,456
11,GUANAJUATO,12,IRAPUATO,17,IRAPUATO,1086,C01,74,2,0,6,9,17,125,233,0,13,246,456
11,GUANAJUATO,12,IRAPUATO,17,IRAPUATO,1087,B,91,5,4,6,3,30,169,312,0,18,330,652
11,GUANAJUATO,12,IRAPUATO,17,IRAPUATO,1087,C01,99,3,3,8,7,25,167,315,1,18,334,651
11,GUANAJUATO,12,IRAPUATO,17,IRAPUATO,1088,B,105,6,2,3,3,21,105,249,0,13,262,498
11,GUANAJUATO,12,IRAPUATO,17,IRAPUATO,1088,C01,80,5,0,14,5,7,92,205,0,9,214,498
11,GUANAJUATO,12,IRAPUATO,17,IRAPUATO,1089,B,100,8,1,13,22,20,152,316,0,14,330,621
11,GUANAJUATO,12,IRAPUATO,17,IRAPUATO,1089,C01,74,11,0,12,13,12,146,270,0,24,294,621
11,GUANAJUATO,12,IRAPUATO,17,IRAPUATO,1090,B,85,13,1,4,2,16,126,248,0,13,261,518
11,GUANAJUATO,12,IRAPUATO,17,IRAPUATO,1090,C01,91,10,0,13,4,15,134,269,0,8,277,517
11,GUANAJUATO,12,IRAPUATO,17,IRAPUATO,1091,B,142,10,0,10,7,23,169,364,0,16,380,723
11,GUANAJUATO,12,IRAPUATO,17,IRAPUATO,1091,C01,135,9,0,12,8,34,160,362,0,17,379,722
11,GUANAJUATO,12,IRAPUATO,17,IRAPUATO,1092,B,83,4,1,7,5,16,121,245,0,13,258,496
11,GUANAJUATO,12,IRAPUATO,17,IRAPUATO,1092,C01,63,9,1,13,9,13,118,228,0,18,246,495
11,GUANAJUATO,12,IRAPUATO,17,IRAPUATO,1093,B,136,12,3,6,4,28,181,373,0,8,381,658
11,GUANAJUATO,12,IRAPUATO,17,IRAPUATO,1093,C01,126,17,2,14,7,20,150,348,0,13,361,658
11,GUANAJUATO,12,IRAPUATO,17,IRAPUATO,1094,B,165,18,1,15,6,37,153,404,0,16,420,692
11,GUANAJUATO,12,IRAPUATO,17,IRAPUATO,1094,C01,171,17,1,5,3,53,153,407,0,15,422,692
11,GUANAJUATO,12,IRAPUATO,17,IRAPUATO,1095,B,75,6,1,6,10,22,127,248,0,14,262,522
11,GUANAJUATO,12,IRAPUATO,17,IRAPUATO,1095,C01,85,4,4,10,9,8,123,243,0,10,253,521
11,GUANAJUATO,12,IRAPUATO,17,IRAPUATO,1095,C02,94,0,0,9,7,11,119,243,0,10,253,521
11,GUANAJUATO,12,IRAPUATO,17,IRAPUATO,1096,B,109,18,0,8,10,29,146,323,0,11,334,718
11,GUANAJUATO,12,IRAPUATO,17,IRAPUATO,1096,C01,105,23,4,8,11,31,161,347,0,13,360,717
11,GUANAJUATO,12,IRAPUATO,17,IRAPUATO,1097,B,47,6,1,5,4,22,136,226,0,25,251,451
11,GUANAJUATO,12,IRAPUATO,17,IRAPUATO,1097,C01,68,13,0,3,4,23,118,232,0,7,239,451
11,GUANAJUATO,12,IRAPUATO,17,IRAPUATO,1098,B,102,9,3,5,12,25,156,314,0,16,330,654
11,GUANAJUATO,12,IRAPUATO,17,IRAPUATO,1098,C01,108,11,1,16,12,28,158,340,1,22,363,653
11,GUANAJUATO,12,IRAPUATO,17,IRAPUATO,1100,B,87,4,1,19,9,21,166,312,0,14,326,595
11,GUANAJUATO,12,IRAPUATO,17,IRAPUATO,1100,C01,90,5,3,18,5,23,165,315,0,11,326,595
11,GUANAJUATO,12,IRAPUATO,17,IRAPUATO,1101,B,98,6,1,7,9,20,138,281,0,25,306,588
11,GUANAJUATO,12,IRAPUATO,17,IRAPUATO,1101,C01,93,7,1,13,5,29,151,301,0,18,319,587
11,GUANAJUATO,12,IRAPUATO,17,IRAPUATO,1102,B,97,10,3,7,5,17,167,310,0,15,325,733
11,GUANAJUATO,12,IRAPUATO,17,IRAPUATO,1102,C01,91,10,0,5,5,25,190,331,0,20,351,733
11,GUANAJUATO,12,IRAPUATO,17,IRAPUATO,1103,B,92,10,1,13,5,21,134,281,0,17,298,620
11,GUANAJUATO,12,IRAPUATO,17,IRAPUATO,1103,C01,82,7,2,13,0,17,156,279,0,14,293,620
11,GUANAJUATO,12,IRAPUATO,17,IRAPUATO,1103,C02,71,7,1,3,7,18,154,263,0,3,266,619
11,GUANAJUATO,12,IRAPUATO,17,IRAPUATO,1103,C03,80,12,4,5,9,23,153,289,0,14,303,619
11,GUANAJUATO,12,IRAPUATO,17,IRAPUATO,1103,C04,70,6,1,9,5,26,139,256,0,16,272,619
11,GUANAJUATO,12,IRAPUATO,17,IRAPUATO,1104,B,136,3,2,11,1,27,180,360,0,0,360,676
11,GUANAJUATO,12,IRAPUATO,17,IRAPUATO,1104,C01,110,7,1,7,14,19,148,308,0,14,322,675
11,GUANAJUATO,12,IRAPUATO,17,IRAPUATO,1104,C02,76,9,1,15,5,20,154,283,0,11,294,675
11,GUANAJUATO,12,IRAPUATO,17,IRAPUATO,1105,B,141,16,0,16,9,24,187,401,0,27,428,693
11,GUANAJUATO,12,IRAPUATO,17,IRAPUATO,1105,C01,132,7,1,10,8,29,176,369,1,21,391,692
11,GUANAJUATO,12,IRAPUATO,17,IRAPUATO,1105,C02,161,9,3,8,10,24,186,407,0,11,418,692
11,GUANAJUATO,12,IRAPUATO,17,IRAPUATO,1106,B,86,8,5,8,6,24,163,301,0,14,315,658
11,GUANAJUATO,12,IRAPUATO,17,IRAPUATO,1106,C01,81,5,2,9,7,23,144,275,0,10,285,658
11,GUANAJUATO,12,IRAPUATO,17,IRAPUATO,1106,C02,102,2,1,19,5,19,125,275,0,8,283,658
11,GUANAJUATO,12,IRAPUATO,17,IRAPUATO,1106,C03,86,8,2,7,11,20,126,263,0,14,277,658
11,GUANAJUATO,12,IRAPUATO,17,IRAPUATO,1106,C04,69,9,2,5,1,17,167,274,0,17,291,658
11,GUANAJUATO,12,IRAPUATO,17,IRAPUATO,1106,C05,66,2,2,7,9,35,160,285,0,15,300,657
11,GUANAJUATO,12,IRAPUATO,17,IRAPUATO,1107,B,75,7,1,15,13,23,155,289,0,19,308,686
11,GUANAJUATO,12,IRAPUATO,17,IRAPUATO,1107,C01,68,4,0,9,9,20,146,260,1,11,272,686
11,GUANAJUATO,12,IRAPUATO,17,IRAPUATO,1107,C02,74,4,4,12,7,26,184,318,0,12,330,685
11,GUANAJUATO,12,IRAPUATO,17,IRAPUATO,1107,C03,83,5,0,6,12,30,153,289,0,10,299,685
11,GUANAJUATO,12,IRAPUATO,17,IRAPUATO,1107,C04,76,4,0,11,9,29,155,288,0,20,308,685
11,GUANAJUATO,12,IRAPUATO,17,IRAPUATO,1108,B,76,4,0,7,22,23,170,305,0,19,324,618
11,GUANAJUATO,12,IRAPUATO,17,IRAPUATO,1108,C01,81,10,3,9,19,27,138,287,0,7,294,618
11,GUANAJUATO,12,IRAPUATO,17,IRAPUATO,1109,B,123,6,1,11,9,23,129,305,0,3,308,477
11,GUANAJUATO,12,IRAPUATO,17,IRAPUATO,1109,C01,127,4,0,6,7,27,107,286,1,13,300,477
11,GUANAJUATO,12,IRAPUATO,17,IRAPUATO,1110,B,142,15,2,11,10,27,202,418,0,8,426,720
11,GUANAJUATO,12,IRAPUATO,17,IRAPUATO,1110,C01,162,9,3,8,6,31,172,397,0,6,403,720
11,GUANAJUATO,12,IRAPUATO,17,IRAPUATO,1110,C02,159,9,3,7,6,29,176,394,0,14,408,720
11,GUANAJUATO,12,IRAPUATO,17,IRAPUATO,1110,C03,167,4,1,11,9,27,188,417,0,7,424,720
11,GUANAJUATO,12,IRAPUATO,17,IRAPUATO,1110,C04,143,14,5,5,7,23,174,375,0,8,383,720
11,GUANAJUATO,12,IRAPUATO,17,IRAPUATO,1110,C05,149,11,2,10,6,26,176,387,0,7,394,720
11,GUANAJUATO,12,IRAPUATO,17,IRAPUATO,1110,C06,158,14,2,9,7,39,199,432,0,5,437,720
11,GUANAJUATO,12,IRAPUATO,17,IRAPUATO,1110,C07,146,7,2,14,7,35,161,375,0,11,386,719
11,GUANAJUATO,12,IRAPUATO,17,IRAPUATO,1110,C08,132,5,3,7,6,31,204,396,0,5,401,719
11,GUANAJUATO,12,IRAPUATO,17,IRAPUATO,1110,C09,136,7,3,15,7,40,180,393,0,7,400,719
11,GUANAJUATO,12,IRAPUATO,17,IRAPUATO,1110,C10,130,6,5,12,5,19,186,366,0,7,373,719
11,GUANAJUATO,12,IRAPUATO,17,IRAPUATO,1110,C11,137,11,3,9,4,30,175,375,0,10,385,719
11,GUANAJUATO,12,IRAPUATO,17,IRAPUATO,1110,C12,129,12,3,10,9,27,181,372,0,6,378,719
11,GUANAJUATO,12,IRAPUATO,17,IRAPUATO,1110,C13,150,8,0,18,9,22,176,388,0,9,397,719
11,GUANAJUATO,12,IRAPUATO,17,IRAPUATO,1110,C14,151,3,4,12,9,24,191,396,0,10,406,719
11,GUANAJUATO,12,IRAPUATO,17,IRAPUATO,1110,C15,139,10,4,9,5,34,169,373,0,13,386,719
11,GUANAJUATO,12,IRAPUATO,17,IRAPUATO,1110,C16,168,6,3,7,7,18,160,373,0,12,385,719
11,GUANAJUATO,12,IRAPUATO,17,IRAPUATO,1111,B,194,12,0,6,5,33,119,373,0,12,385,576
11,GUANAJUATO,12,IRAPUATO,17,IRAPUATO,1111,C01,175,9,1,8,6,32,129,365,0,10,375,575
11,GUANAJUATO,12,IRAPUATO,17,IRAPUATO,1112,B,175,12,6,8,12,32,187,435,0,22,457,735
11,GUANAJUATO,12,IRAPUATO,17,IRAPUATO,1113,B,135,6,2,8,7,37,126,327,0,15,342,595
11,GUANAJUATO,12,IRAPUATO,17,IRAPUATO,1113,C01,104,5,2,3,8,34,143,303,0,22,325,595
11,GUANAJUATO,12,IRAPUATO,17,IRAPUATO,1113,C02,111,7,2,11,10,27,133,303,0,12,315,594
11,GUANAJUATO,11,IRAPUATO,17,IRAPUATO,1114,B,115,1,5,3,1,17,77,219,0,15,234,640
11,GUANAJUATO,11,IRAPUATO,17,IRAPUATO,1114,C01,93,7,1,3,1,11,98,215,0,16,231,639
11,GUANAJUATO,11,IRAPUATO,17,IRAPUATO,1114,C02,124,7,0,9,1,20,116,281,0,17,298,639
11,GUANAJUATO,11,IRAPUATO,17,IRAPUATO,1115,B,82,11,6,8,6,17,124,254,0,23,277,622
11,GUANAJUATO,11,IRAPUATO,17,IRAPUATO,1115,C01,121,5,3,9,8,15,115,279,0,17,296,622
11,GUANAJUATO,11,IRAPUATO,17,IRAPUATO,1115,C02,136,6,1,7,6,22,93,278,0,2,280,621
11,GUANAJUATO,11,IRAPUATO,17,IRAPUATO,1115,C03,86,5,2,6,2,14,89,205,0,12,217,621
11,GUANAJUATO,11,IRAPUATO,17,IRAPUATO,1116,B,122,4,2,6,4,8,111,259,0,9,268,668
11,GUANAJUATO,11,IRAPUATO,17,IRAPUATO,1116,C01,123,16,1,12,5,15,144,317,0,7,324,668
11,GUANAJUATO,11,IRAPUATO,17,IRAPUATO,1116,C02,127,7,2,13,7,16,145,321,0,18,339,667
11,GUANAJUATO,11,IRAPUATO,17,IRAPUATO,1116,C03,146,15,3,16,3,23,130,342,0,6,348,667
11,GUANAJUATO,11,IRAPUATO,17,IRAPUATO,1117,B,128,16,2,16,8,29,167,368,1,13,382,735
11,GUANAJUATO,11,IRAPUATO,17,IRAPUATO,1117,C01,98,11,1,13,7,25,177,339,0,23,362,734
11,GUANAJUATO,11,IRAPUATO,17,IRAPUATO,1117,C02,108,18,2,9,9,25,137,314,1,8,323,734
11,GUANAJUATO,11,IRAPUATO,17,IRAPUATO,1118,B,102,8,1,4,7,14,142,278,0,13,291,658
11,GUANAJUATO,11,IRAPUATO,17,IRAPUATO,1118,C01,81,14,2,6,9,20,134,266,0,14,280,657
11,GUANAJUATO,11,IRAPUATO,17,IRAPUATO,1118,C02,82,13,2,5,3,28,139,272,0,12,284,657
11,GUANAJUATO,11,IRAPUATO,17,IRAPUATO,1119,B,63,5,4,11,6,14,133,237,0,17,254,590
11,GUANAJUATO,11,IRAPUATO,17,IRAPUATO,1119,C01,75,3,4,8,7,11,132,241,0,10,251,589
11,GUANAJUATO,11,IRAPUATO,17,IRAPUATO,1119,C02,71,2,3,8,7,12,141,245,0,19,264,589
11,GUANAJUATO,11,IRAPUATO,17,IRAPUATO,1119,C03,65,2,4,9,0,8,116,207,0,19,226,589
11,GUANAJUATO,11,IRAPUATO,17,IRAPUATO,1120,B,115,13,3,4,8,13,129,286,0,10,296,682
11,GUANAJUATO,11,IRAPUATO,17,IRAPUATO,1120,C01,102,8,2,8,7,14,176,317,0,23,340,682
11,GUANAJUATO,11,IRAPUATO,17,IRAPUATO,1120,C02,83,15,2,13,15,10,130,270,0,20,290,681
11,GUANAJUATO,11,IRAPUATO,17,IRAPUATO,1121,B,121,13,0,8,2,14,131,299,0,13,312,581
11,GUANAJUATO,11,IRAPUATO,17,IRAPUATO,1121,C01,139,4,3,12,7,16,137,319,0,20,339,581
11,GUANAJUATO,11,IRAPUATO,17,IRAPUATO,1121,C02,109,12,4,7,3,16,141,292,0,21,313,581
11,GUANAJUATO,11,IRAPUATO,17,IRAPUATO,1122,B,153,9,2,12,10,15,115,321,0,0,321,727
11,GUANAJUATO,11,IRAPUATO,17,IRAPUATO,1122,C01,148,14,0,8,5,21,117,322,0,19,341,727
11,GUANAJUATO,11,IRAPUATO,17,IRAPUATO,1122,C02,138,15,2,10,2,23,107,304,0,12,316,726
11,GUANAJUATO,11,IRAPUATO,17,IRAPUATO,1123,B,112,6,4,8,3,14,122,273,0,12,285,690
11,GUANAJUATO,11,IRAPUATO,17,IRAPUATO,1123,C01,117,7,3,8,4,21,107,271,0,19,290,689
11,GUANAJUATO,11,IRAPUATO,17,IRAPUATO,1123,C02,133,5,1,5,5,17,77,243,0,0,243,689
11,GUANAJUATO,11,IRAPUATO,17,IRAPUATO,1124,B,64,5,1,10,2,25,140,249,0,15,264,650
11,GUANAJUATO,11,IRAPUATO,17,IRAPUATO,1124,C01,66,4,2,8,7,19,144,254,0,22,276,650
11,GUANAJUATO,11,IRAPUATO,17,IRAPUATO,1124,C02,49,5,1,9,3,21,171,261,0,17,278,649
11,GUANAJUATO,11,IRAPUATO,17,IRAPUATO,1125,B,119,5,6,6,5,26,188,359,0,21,380,698
11,GUANAJUATO,11,IRAPUATO,17,IRAPUATO,1125,C01,99,7,1,13,5,22,201,349,0,4,353,697
11,GUANAJUATO,11,IRAPUATO,17,IRAPUATO,1126,B,112,35,2,7,8,35,77,278,0,15,293,562
11,GUANAJUATO,11,IRAPUATO,17,IRAPUATO,1126,C01,117,22,1,0,0,20,53,217,0,0,217,562
11,GUANAJUATO,11,IRAPUATO,17,IRAPUATO,1126,C02,126,26,0,2,14,30,55,257,0,14,271,562
11,GUANAJUATO,11,IRAPUATO,17,IRAPUATO,1127,B,114,2,0,2,2,0,46,166,0,14,180,435
11,GUANAJUATO,11,IRAPUATO,17,IRAPUATO,1127,C01,146,1,2,4,3,3,47,206,0,4,210,434
11,GUANAJUATO,11,IRAPUATO,17,IRAPUATO,1128,B,141,5,2,12,4,22,123,310,0,9,319,589
11,GUANAJUATO,11,IRAPUATO,17,IRAPUATO,1128,C01,123,7,0,12,4,16,132,297,0,12,309,589
11,GUANAJUATO,11,IRAPUATO,17,IRAPUATO,1129,B,141,5,3,8,3,22,122,312,0,13,325,613
11,GUANAJUATO,11,IRAPUATO,17,IRAPUATO,1129,C01,134,4,3,9,3,19,91,264,0,10,274,613
11,GUANAJUATO,11,IRAPUATO,17,IRAPUATO,1129,C02,125,10,0,4,0,30,138,309,0,7,316,613
11,GUANAJUATO,11,IRAPUATO,17,IRAPUATO,1129,C03,130,10,2,4,3,19,124,295,0,8,303,612
11,GUANAJUATO,11,IRAPUATO,17,IRAPUATO,1130,B,62,3,0,4,1,4,69,143,0,5,148,659
11,GUANAJUATO,11,IRAPUATO,17,IRAPUATO,1130,C01,73,1,1,6,4,3,36,124,0,7,131,659
11,GUANAJUATO,11,IRAPUATO,17,IRAPUATO,1130,C02,75,6,2,0,2,2,50,139,0,10,149,659
11,GUANAJUATO,11,IRAPUATO,17,IRAPUATO,1131,B,94,3,1,10,7,16,96,229,0,0,229,669
11,GUANAJUATO,11,IRAPUATO,17,IRAPUATO,1131,C01,93,10,7,7,7,22,101,248,0,13,261,669
11,GUANAJUATO,11,IRAPUATO,17,IRAPUATO,1131,C02,117,7,3,12,14,12,102,267,0,18,285,668
11,GUANAJUATO,11,IRAPUATO,17,IRAPUATO,1131,C03,110,9,4,6,3,24,112,270,0,12,282,668
11,GUANAJUATO,11,IRAPUATO,17,IRAPUATO,1132,B,112,7,1,10,9,16,104,262,0,6,268,674
11,GUANAJUATO,11,IRAPUATO,17,IRAPUATO,1132,C01,175,15,3,8,12,26,109,349,0,15,364,673
11,GUANAJUATO,11,IRAPUATO,17,IRAPUATO,1132,C02,130,12,2,7,7,24,123,309,0,13,322,673
11,GUANAJUATO,11,IRAPUATO,17,IRAPUATO,1133,B,130,27,1,7,10,29,149,354,0,0,354,629
11,GUANAJUATO,11,IRAPUATO,17,IRAPUATO,1133,C01,110,12,5,10,10,23,153,328,0,23,351,629
11,GUANAJUATO,11,IRAPUATO,17,IRAPUATO,1134,B,77,13,2,8,15,25,127,268,0,13,281,555
11,GUANAJUATO,11,IRAPUATO,17,IRAPUATO,1134,C01,66,21,4,15,9,24,143,283,0,9,292,555
11,GUANAJUATO,11,IRAPUATO,17,IRAPUATO,1134,C02,78,18,4,10,5,17,151,288,0,11,299,555
11,GUANAJUATO,11,IRAPUATO,17,IRAPUATO,1135,B,86,5,1,3,6,14,50,168,0,8,176,422
11,GUANAJUATO,11,IRAPUATO,17,IRAPUATO,1135,C01,63,10,4,7,3,12,50,149,0,1,150,421
11,GUANAJUATO,11,IRAPUATO,17,IRAPUATO,1136,B,146,15,2,15,14,43,214,454,0,9,463,748
11,GUANAJUATO,11,IRAPUATO,17,IRAPUATO,1136,C01,135,6,2,16,11,54,195,426,0,15,441,747
11,GUANAJUATO,11,IRAPUATO,17,IRAPUATO,1137,B,231,15,1,13,9,34,131,444,0,10,454,734
11,GUANAJUATO,11,IRAPUATO,17,IRAPUATO,1137,C01,242,11,2,5,8,21,114,408,0,12,420,734
11,GUANAJUATO,11,IRAPUATO,17,IRAPUATO,1137,C02,232,12,3,12,9,32,145,445,0,6,451,734
11,GUANAJUATO,11,IRAPUATO,17,IRAPUATO,1137,C03,253,8,2,3,2,34,156,464,0,14,478,734
11,GUANAJUATO,11,IRAPUATO,17,IRAPUATO,1137,C04,200,16,3,9,10,31,137,413,0,13,426,734
11,GUANAJUATO,11,IRAPUATO,17,IRAPUATO,1137,C05,255,14,4,20,7,37,128,469,0,9,478,734
11,GUANAJUATO,11,IRAPUATO,17,IRAPUATO,1137,C06,236,18,1,4,6,31,145,449,0,6,455,733
11,GUANAJUATO,11,IRAPUATO,17,IRAPUATO,1138,B,111,9,2,3,5,23,127,282,0,11,293,574
11,GUANAJUATO,11,IRAPUATO,17,IRAPUATO,1138,C01,109,10,1,13,3,19,99,256,0,16,272,573
11,GUANAJUATO,11,IRAPUATO,17,IRAPUATO,1138,C02,122,3,2,2,7,12,106,256,0,10,266,573
11,GUANAJUATO,11,IRAPUATO,17,IRAPUATO,1138,C03,107,5,2,11,9,23,99,260,0,14,274,573
11,GUANAJUATO,11,IRAPUATO,17,IRAPUATO,1139,B,122,11,3,7,3,35,139,321,0,16,337,655
11,GUANAJUATO,11,IRAPUATO,17,IRAPUATO,1139,C01,155,11,2,3,5,26,137,340,0,9,349,655
11,GUANAJUATO,11,IRAPUATO,17,IRAPUATO,1139,C02,96,7,3,9,5,33,139,298,0,17,315,655
11,GUANAJUATO,11,IRAPUATO,17,IRAPUATO,1139,C03,130,2,5,10,5,33,130,317,0,14,331,655
11,GUANAJUATO,11,IRAPUATO,17,IRAPUATO,1139,C04,107,12,2,8,8,30,115,290,0,8,298,655
11,GUANAJUATO,11,IRAPUATO,17,IRAPUATO,1139,C05,125,10,3,10,9,29,109,300,0,7,307,654
11,GUANAJUATO,11,IRAPUATO,17,IRAPUATO,1139,C06,132,5,3,9,3,33,136,322,0,7,329,654
11,GUANAJUATO,11,IRAPUATO,17,IRAPUATO,1140,B,47,3,2,4,2,20,93,171,0,11,182,552
11,GUANAJUATO,11,IRAPUATO,17,IRAPUATO,1140,C01,35,4,1,9,5,8,104,168,0,11,179,552
11,GUANAJUATO,11,IRAPUATO,17,IRAPUATO,1140,C02,37,6,0,6,5,8,71,135,0,14,149,551
11,GUANAJUATO,11,IRAPUATO,17,IRAPUATO,1140,E01,91,9,3,14,7,18,142,284,0,19,303,589
11,GUANAJUATO,11,IRAPUATO,17,IRAPUATO,1140,E01C01,121,7,2,7,9,22,158,328,0,10,338,589
11,GUANAJUATO,11,IRAPUATO,17,IRAPUATO,1141,B,70,16,0,9,12,32,157,296,0,10,306,655
11,GUANAJUATO,11,IRAPUATO,17,IRAPUATO,1141,C01,94,9,2,8,10,26,147,298,0,18,316,655
11,GUANAJUATO,11,IRAPUATO,17,IRAPUATO,1141,C02,92,6,1,16,9,16,133,276,0,0,276,654
11,GUANAJUATO,11,IRAPUATO,17,IRAPUATO,1142,B,98,17,0,9,9,23,42,204,0,10,214,503
11,GUANAJUATO,11,IRAPUATO,17,IRAPUATO,1142,C01,86,9,0,5,4,14,54,178,0,28,206,503
11,GUANAJUATO,11,IRAPUATO,17,IRAPUATO,1142,C02,75,7,1,5,4,20,69,189,0,15,204,503
11,GUANAJUATO,11,IRAPUATO,17,IRAPUATO,1143,B,74,17,2,8,7,16,33,159,0,8,167,416
11,GUANAJUATO,11,IRAPUATO,17,IRAPUATO,1143,C01,51,11,3,5,5,14,48,139,0,6,145,416
11,GUANAJUATO,11,IRAPUATO,17,IRAPUATO,1144,B,68,3,3,6,16,7,154,257,0,10,267,610
11,GUANAJUATO,11,IRAPUATO,17,IRAPUATO,1144,C01,78,2,1,10,17,20,142,271,0,20,291,610
11,GUANAJUATO,11,IRAPUATO,17,IRAPUATO,1144,C02,60,2,1,11,16,17,140,248,0,13,261,609
11,GUANAJUATO,11,IRAPUATO,17,IRAPUATO,1145,B,60,3,0,8,12,14,135,233,0,6,239,498
11,GUANAJUATO,11,IRAPUATO,17,IRAPUATO,1145,C01,60,2,2,13,9,10,123,219,0,21,240,497
11,GUANAJUATO,11,IRAPUATO,17,IRAPUATO,1146,B,86,4,2,13,15,18,133,271,0,25,296,530
11,GUANAJUATO,11,IRAPUATO,17,IRAPUATO,1147,B,125,6,1,9,12,21,158,334,0,9,343,686
11,GUANAJUATO,11,IRAPUATO,17,IRAPUATO,1147,C01,125,10,1,8,12,22,130,310,0,21,331,686
11,GUANAJUATO,11,IRAPUATO,17,IRAPUATO,1147,C02,114,5,1,19,9,10,171,331,0,11,342,686
11,GUANAJUATO,11,IRAPUATO,17,IRAPUATO,1147,C03,122,9,4,12,13,17,137,319,0,10,329,686
11,GUANAJUATO,11,IRAPUATO,17,IRAPUATO,1147,C04,114,8,3,7,14,19,124,294,0,10,304,686
11,GUANAJUATO,11,IRAPUATO,17,IRAPUATO,1148,B,97,4,2,11,9,19,146,292,0,11,303,728
11,GUANAJUATO,11,IRAPUATO,17,IRAPUATO,1148,C01,88,9,3,3,8,19,168,299,0,3,302,728
11,GUANAJUATO,11,IRAPUATO,17,IRAPUATO,1148,C02,88,6,10,6,12,135,4,262,3,13,278,728
11,GUANAJUATO,11,IRAPUATO,17,IRAPUATO,1148,C03,116,3,0,12,6,10,171,318,0,11,329,728
11,GUANAJUATO,11,IRAPUATO,17,IRAPUATO,1148,C04,81,16,0,13,3,14,154,284,0,10,294,728
11,GUANAJUATO,11,IRAPUATO,17,IRAPUATO,1148,C05,115,11,2,6,6,15,147,304,0,11,315,727
11,GUANAJUATO,11,IRAPUATO,17,IRAPUATO,1149,B,354,19,0,8,2,42,72,507,1,5,513,702
11,GUANAJUATO,11,IRAPUATO,17,IRAPUATO,1149,C01,375,12,3,3,3,52,46,495,0,9,504,702
11,GUANAJUATO,11,IRAPUATO,17,IRAPUATO,1149,C02,333,17,3,7,8,46,55,478,1,4,483,702
11,GUANAJUATO,11,IRAPUATO,17,IRAPUATO,1149,C03,342,20,2,7,4,48,54,481,0,11,492,701
11,GUANAJUATO,11,IRAPUATO,17,IRAPUATO,1149,C04,377,9,1,6,4,65,40,508,0,4,512,701
11,GUANAJUATO,11,IRAPUATO,17,IRAPUATO,1150,B,358,9,2,2,1,56,41,479,0,5,484,612
11,GUANAJUATO,11,IRAPUATO,17,IRAPUATO,1150,C01,349,8,1,4,0,52,56,477,0,3,480,612
11,GUANAJUATO,11,IRAPUATO,17,IRAPUATO,1150,C02,317,9,2,4,1,58,41,444,0,5,449,612
11,GUANAJUATO,11,IRAPUATO,17,IRAPUATO,1150,C03,387,10,2,0,1,46,31,483,0,3,486,612
11,GUANAJUATO,11,IRAPUATO,17,IRAPUATO,1151,B,223,14,0,9,5,34,95,390,1,11,402,687
11,GUANAJUATO,11,IRAPUATO,17,IRAPUATO,1151,C01,201,13,5,8,2,31,91,355,1,10,366,687
11,GUANAJUATO,11,IRAPUATO,17,IRAPUATO,1151,C02,253,8,1,7,9,38,103,435,0,8,443,687
11,GUANAJUATO,11,IRAPUATO,17,IRAPUATO,1151,C03,219,14,2,1,7,43,85,380,0,7,387,687
11,GUANAJUATO,11,IRAPUATO,17,IRAPUATO,1151,C04,204,11,3,10,8,35,82,360,0,8,368,687
11,GUANAJUATO,11,IRAPUATO,17,IRAPUATO,1151,C05,232,10,2,6,7,50,64,381,1,16,398,687
11,GUANAJUATO,11,IRAPUATO,17,IRAPUATO,1151,C06,241,6,0,3,3,42,108,407,0,6,413,687
11,GUANAJUATO,11,IRAPUATO,17,IRAPUATO,1151,C07,201,13,4,12,8,35,93,373,0,5,378,686
11,GUANAJUATO,11,IRAPUATO,17,IRAPUATO,1151,C08,232,14,3,7,9,38,111,417,0,9,426,686
11,GUANAJUATO,11,IRAPUATO,17,IRAPUATO,1151,C09,237,7,1,10,5,33,89,387,0,13,400,686
11,GUANAJUATO,11,IRAPUATO,17,IRAPUATO,1152,B,156,9,2,8,6,42,102,329,0,17,346,665
11,GUANAJUATO,11,IRAPUATO,17,IRAPUATO,1152,C01,148,13,2,11,5,20,97,302,0,20,322,664
11,GUANAJUATO,11,IRAPUATO,17,IRAPUATO,1152,C02,151,16,2,7,7,21,85,293,0,18,311,664
11,GUANAJUATO,11,IRAPUATO,17,IRAPUATO,1152,C03,153,11,0,20,5,22,115,333,0,7,340,664
11,GUANAJUATO,11,IRAPUATO,17,IRAPUATO,1153,B,159,21,0,12,3,23,108,335,0,21,356,645
11,GUANAJUATO,11,IRAPUATO,17,IRAPUATO,1153,C01,137,15,4,15,5,27,97,306,0,20,326,644
11,GUANAJUATO,11,IRAPUATO,17,IRAPUATO,1153,C02,142,21,2,12,4,18,74,280,1,11,292,644
11,GUANAJUATO,11,IRAPUATO,17,IRAPUATO,1153,C03,140,22,0,14,3,29,97,311,0,9,320,644
11,GUANAJUATO,11,IRAPUATO,17,IRAPUATO,1154,B,175,15,14,5,3,24,119,359,0,13,372,748
11,GUANAJUATO,11,IRAPUATO,17,IRAPUATO,1154,C01,165,36,5,13,7,26,98,359,0,16,375,747
11,GUANAJUATO,11,IRAPUATO,17,IRAPUATO,1155,B,143,5,2,13,4,33,126,331,0,7,338,726
11,GUANAJUATO,11,IRAPUATO,17,IRAPUATO,1155,C01,156,2,3,11,9,39,116,346,0,4,350,726
11,GUANAJUATO,11,IRAPUATO,17,IRAPUATO,1155,C02,146,6,2,4,6,32,140,341,0,6,347,726
11,GUANAJUATO,11,IRAPUATO,17,IRAPUATO,1155,C03,140,4,3,9,8,28,157,352,0,15,367,726
11,GUANAJUATO,11,IRAPUATO,17,IRAPUATO,1155,C04,146,9,5,9,3,28,128,332,0,7,339,725
11,GUANAJUATO,11,IRAPUATO,17,IRAPUATO,1155,C05,149,8,2,13,9,33,129,350,0,10,360,725
11,GUANAJUATO,11,IRAPUATO,17,IRAPUATO,1155,C06,179,10,0,9,9,31,112,355,0,18,373,725
11,GUANAJUATO,12,IRAPUATO,17,IRAPUATO,1156,B,90,3,1,14,1,13,74,201,0,6,207,356
11,GUANAJUATO,12,IRAPUATO,17,IRAPUATO,1157,B,119,11,1,11,12,16,137,310,0,15,325,682
11,GUANAJUATO,12,IRAPUATO,17,IRAPUATO,1157,C01,99,14,1,8,6,27,105,261,0,11,272,682
11,GUANAJUATO,12,IRAPUATO,17,IRAPUATO,1157,C02,100,9,7,12,6,14,134,283,1,18,302,682
11,GUANAJUATO,12,IRAPUATO,17,IRAPUATO,1157,C03,97,8,5,17,2,18,105,256,0,14,270,681
11,GUANAJUATO,12,IRAPUATO,17,IRAPUATO,1158,B,0,0,0,0,0,0,0,0,0,0,0,746
11,GUANAJUATO,12,IRAPUATO,17,IRAPUATO,1158,C01,120,8,3,2,5,25,121,291,1,10,302,746
11,GUANAJUATO,12,IRAPUATO,17,IRAPUATO,1158,C02,126,6,0,14,5,21,121,296,0,10,306,746
11,GUANAJUATO,12,IRAPUATO,17,IRAPUATO,1158,C03,160,4,3,7,5,30,115,325,0,10,335,745
11,GUANAJUATO,12,IRAPUATO,17,IRAPUATO,1158,C04,125,8,2,9,6,29,100,279,0,16,295,745
11,GUANAJUATO,12,IRAPUATO,17,IRAPUATO,1159,B,75,6,3,16,6,17,153,276,0,4,280,522
11,GUANAJUATO,12,IRAPUATO,17,IRAPUATO,1159,C01,60,3,2,29,4,20,155,274,0,9,283,521
11,GUANAJUATO,12,IRAPUATO,17,IRAPUATO,1159,C02,68,4,4,22,4,16,152,270,0,3,273,521
11,GUANAJUATO,11,IRAPUATO,17,IRAPUATO,1160,B,91,14,1,2,3,51,58,225,0,15,240,535
11,GUANAJUATO,11,IRAPUATO,17,IRAPUATO,1160,C01,81,10,2,5,4,43,74,221,0,21,242,535
11,GUANAJUATO,11,IRAPUATO,17,IRAPUATO,1160,C02,74,8,2,6,4,33,71,203,0,6,209,534
11,GUANAJUATO,12,IRAPUATO,17,IRAPUATO,1161,B,83,18,2,13,5,22,120,267,0,6,273,609
11,GUANAJUATO,12,IRAPUATO,17,IRAPUATO,1161,C01,102,10,3,5,1,18,89,229,0,20,249,609
11,GUANAJUATO,12,IRAPUATO,17,IRAPUATO,1161,C02,80,8,2,7,5,10,124,239,0,14,253,609
11,GUANAJUATO,12,IRAPUATO,17,IRAPUATO,1162,B,101,5,2,9,6,17,124,267,0,21,288,606
11,GUANAJUATO,12,IRAPUATO,17,IRAPUATO,1162,C01,92,5,5,13,6,19,152,294,0,6,300,606
11,GUANAJUATO,12,IRAPUATO,17,IRAPUATO,1162,C02,137,11,1,8,6,24,149,339,0,8,347,606
11,GUANAJUATO,12,IRAPUATO,17,IRAPUATO,1162,C03,118,8,4,10,13,25,144,324,0,18,342,605
11,GUANAJUATO,12,IRAPUATO,17,IRAPUATO,1163,B,95,21,3,19,3,15,169,329,0,14,343,644
11,GUANAJUATO,12,IRAPUATO,17,IRAPUATO,1163,C01,89,19,0,22,3,24,102,261,0,6,267,644
11,GUANAJUATO,12,IRAPUATO,17,IRAPUATO,1163,C02,64,13,2,28,5,23,167,302,0,24,326,644
11,GUANAJUATO,12,IRAPUATO,17,IRAPUATO,1163,C03,74,10,1,27,4,22,160,304,0,19,323,644
11,GUANAJUATO,12,IRAPUATO,17,IRAPUATO,1164,B,139,19,1,5,7,18,127,324,0,9,333,620
11,GUANAJUATO,12,IRAPUATO,17,IRAPUATO,1164,C01,150,14,3,8,5,16,125,326,0,6,332,620
11,GUANAJUATO,12,IRAPUATO,17,IRAPUATO,1164,C02,162,20,2,4,7,21,95,318,0,17,335,620
11,GUANAJUATO,12,IRAPUATO,17,IRAPUATO,1164,C03,126,9,3,7,9,19,131,310,0,16,326,620
11,GUANAJUATO,12,IRAPUATO,17,IRAPUATO,1164,C04,167,16,0,5,4,19,135,352,0,9,361,620
11,GUANAJUATO,12,IRAPUATO,17,IRAPUATO,1165,B,78,14,3,13,4,29,142,285,0,8,293,737
11,GUANAJUATO,12,IRAPUATO,17,IRAPUATO,1165,C01,95,34,1,10,4,17,128,290,0,15,305,737
11,GUANAJUATO,12,IRAPUATO,17,IRAPUATO,1165,C02,105,26,0,12,5,15,139,306,0,14,320,737
11,GUANAJUATO,12,IRAPUATO,17,IRAPUATO,1165,C03,103,17,4,15,11,28,133,314,0,17,331,736
11,GUANAJUATO,12,IRAPUATO,17,IRAPUATO,1166,B,66,9,8,12,6,11,161,276,0,8,284,595
11,GUANAJUATO,12,IRAPUATO,17,IRAPUATO,1166,C01,102,5,3,8,7,23,153,305,0,7,312,595
11,GUANAJUATO,12,IRAPUATO,17,IRAPUATO,1166,C02,96,11,4,8,7,22,130,282,0,9,291,594
11,GUANAJUATO,12,IRAPUATO,17,IRAPUATO,1166,C03,80,7,3,4,4,15,172,287,3,7,297,594
11,GUANAJUATO,12,IRAPUATO,17,IRAPUATO,1167,B,71,6,3,7,6,24,149,269,0,15,284,638
11,GUANAJUATO,12,IRAPUATO,17,IRAPUATO,1167,C01,63,12,3,9,5,26,145,263,0,14,277,637
11,GUANAJUATO,12,IRAPUATO,17,IRAPUATO,1167,C02,84,4,1,11,2,24,163,290,0,11,301,637
11,GUANAJUATO,12,IRAPUATO,17,IRAPUATO,1167,C03,60,15,1,7,6,20,162,274,0,15,289,637
11,GUANAJUATO,12,IRAPUATO,17,IRAPUATO,1167,C04,61,7,3,10,3,17,154,255,0,12,267,637
11,GUANAJUATO,12,IRAPUATO,17,IRAPUATO,1168,B,96,8,1,11,6,33,157,314,0,15,329,703
11,GUANAJUATO,12,IRAPUATO,17,IRAPUATO,1168,C01,87,11,1,7,5,36,139,288,0,15,303,703
11,GUANAJUATO,12,IRAPUATO,17,IRAPUATO,1168,C02,77,6,0,8,3,24,162,280,0,19,299,702
11,GUANAJUATO,12,IRAPUATO,17,IRAPUATO,1168,C03,93,14,2,9,7,35,112,275,0,11,286,702
11,GUANAJUATO,12,IRAPUATO,17,IRAPUATO,1168,C04,84,9,2,4,10,33,132,281,0,22,303,702
11,GUANAJUATO,12,IRAPUATO,17,IRAPUATO,1169,B,99,8,3,14,5,25,161,321,0,4,325,725
11,GUANAJUATO,12,IRAPUATO,17,IRAPUATO,1169,C01,105,10,7,9,6,9,150,299,0,12,311,725
11,GUANAJUATO,12,IRAPUATO,17,IRAPUATO,1169,C02,87,13,2,6,6,17,159,294,0,4,298,725
11,GUANAJUATO,12,IRAPUATO,17,IRAPUATO,1170,B,77,11,2,9,2,13,122,238,0,20,258,565
11,GUANAJUATO,12,IRAPUATO,17,IRAPUATO,1170,C01,94,11,1,9,5,20,120,268,0,12,280,564
11,GUANAJUATO,12,IRAPUATO,17,IRAPUATO,1171,B,122,24,3,9,9,10,121,304,0,24,328,600
11,GUANAJUATO,12,IRAPUATO,17,IRAPUATO,1171,C01,104,34,6,13,6,19,97,283,0,19,302,599
11,GUANAJUATO,12,IRAPUATO,17,IRAPUATO,1172,B,137,10,2,4,6,8,129,299,0,11,310,567
11,GUANAJUATO,12,IRAPUATO,17,IRAPUATO,1172,C01,103,15,2,4,7,12,148,291,0,12,303,567
11,GUANAJUATO,12,IRAPUATO,17,IRAPUATO,1172,C02,121,8,0,6,3,13,127,279,0,11,290,567
11,GUANAJUATO,12,IRAPUATO,17,IRAPUATO,1172,C03,124,11,3,3,6,11,140,301,0,12,313,566
11,GUANAJUATO,12,IRAPUATO,17,IRAPUATO,1173,B,106,21,5,14,5,26,104,285,0,13,298,512
11,GUANAJUATO,12,IRAPUATO,17,IRAPUATO,1173,C01,108,19,4,8,3,18,112,273,0,0,273,511
11,GUANAJUATO,12,IRAPUATO,17,IRAPUATO,1173,C02,115,11,5,9,2,14,117,273,0,15,288,511
11,GUANAJUATO,12,IRAPUATO,17,IRAPUATO,1174,B,165,29,2,1,6,18,158,385,0,21,406,715
11,GUANAJUATO,12,IRAPUATO,17,IRAPUATO,1174,C01,128,15,2,13,6,9,166,342,0,16,358,715
11,GUANAJUATO,12,IRAPUATO,17,IRAPUATO,1174,C02,150,18,4,8,0,17,118,316,0,16,332,715
11,GUANAJUATO,12,IRAPUATO,17,IRAPUATO,1175,B,83,9,2,9,9,17,146,277,0,17,294,637
11,GUANAJUATO,12,IRAPUATO,17,IRAPUATO,1175,C01,85,8,4,11,5,27,169,310,0,14,324,637
11,GUANAJUATO,12,IRAPUATO,17,IRAPUATO,1176,B,62,7,0,4,4,20,156,255,0,20,275,675
11,GUANAJUATO,12,IRAPUATO,17,IRAPUATO,1176,C01,50,8,4,12,2,23,153,254,1,6,261,674
11,GUANAJUATO,12,IRAPUATO,17,IRAPUATO,1176,C02,59,6,1,12,5,20,124,229,0,13,242,674
11,GUANAJUATO,12,IRAPUATO,17,IRAPUATO,1176,C03,71,3,4,13,8,15,115,229,0,11,240,674
11,GUANAJUATO,12,IRAPUATO,17,IRAPUATO,1176,C04,70,5,2,11,2,23,129,252,0,9,261,674
11,GUANAJUATO,12,IRAPUATO,17,IRAPUATO,1176,C05,78,9,2,12,3,17,142,270,0,13,283,674
11,GUANAJUATO,12,IRAPUATO,17,IRAPUATO,1176,C06,60,6,2,6,5,23,127,234,0,12,246,674
11,GUANAJUATO,12,IRAPUATO,17,IRAPUATO,1176,C07,72,7,0,7,10,17,151,265,0,13,278,674
11,GUANAJUATO,12,IRAPUATO,17,IRAPUATO,1177,B,119,10,1,16,7,21,167,345,0,20,365,586
11,GUANAJUATO,12,IRAPUATO,17,IRAPUATO,1177,C01,124,6,3,6,4,23,166,336,0,14,350,586
11,GUANAJUATO,12,IRAPUATO,17,IRAPUATO,1177,C02,136,12,1,10,5,16,127,309,0,17,326,586
11,GUANAJUATO,12,IRAPUATO,17,IRAPUATO,1177,C03,102,10,3,9,6,26,170,329,0,20,349,585
11,GUANAJUATO,11,IRAPUATO,17,IRAPUATO,3179,B,160,3,1,8,10,16,178,380,0,14,394,716
11,GUANAJUATO,11,IRAPUATO,17,IRAPUATO,3239,B,73,9,1,6,4,25,149,271,0,15,286,697
11,GUANAJUATO,11,IRAPUATO,17,IRAPUATO,3239,C01,70,5,1,4,5,16,156,257,0,4,261,697
11,GUANAJUATO,11,IRAPUATO,17,IRAPUATO,3239,C02,68,8,1,12,5,21,148,266,0,6,272,696
11,GUANAJUATO,11,IRAPUATO,17,IRAPUATO,3239,C03,77,13,2,9,7,15,145,271,0,12,283,696
11,GUANAJUATO,11,IRAPUATO,17,IRAPUATO,3240,B,84,6,2,10,7,26,109,247,0,11,258,683
11,GUANAJUATO,11,IRAPUATO,17,IRAPUATO,3240,C01,65,4,3,8,5,15,155,256,0,18,274,682
11,GUANAJUATO,11,IRAPUATO,17,IRAPUATO,3240,C02,64,4,0,4,7,18,127,225,0,17,242,682
11,GUANAJUATO,11,IRAPUATO,17,IRAPUATO,3240,C03,76,8,2,3,8,14,145,260,0,12,272,682
11,GUANAJUATO,11,IRAPUATO,17,IRAPUATO,3241,B,58,4,1,10,9,16,140,243,0,5,248,658
11,GUANAJUATO,11,IRAPUATO,17,IRAPUATO,3241,C01,52,4,8,9,3,18,131,229,0,19,248,657
11,GUANAJUATO,11,IRAPUATO,17,IRAPUATO,3241,C02,69,6,2,1,4,14,153,250,0,7,257,657
11,GUANAJUATO,11,IRAPUATO,17,IRAPUATO,3242,B,58,11,2,5,28,29,135,268,0,19,287,653
11,GUANAJUATO,11,IRAPUATO,17,IRAPUATO,3242,C01,0,0,0,0,0,0,0,0,0,0,0,652
11,GUANAJUATO,11,IRAPUATO,17,IRAPUATO,3242,C02,64,8,1,9,23,20,118,244,0,15,259,652
11,GUANAJUATO,11,IRAPUATO,17,IRAPUATO,3242,C03,54,7,3,9,18,26,117,236,0,14,250,652
11,GUANAJUATO,11,IRAPUATO,17,IRAPUATO,3242,S01,10,2,0,2,0,3,10,27,0,1,28,0
11,GUANAJUATO,12,IRAPUATO,17,IRAPUATO,3257,B,84,5,1,10,3,33,168,306,0,15,321,698
11,GUANAJUATO,12,IRAPUATO,17,IRAPUATO,3257,C01,68,8,3,12,5,27,173,297,0,29,326,698
11,GUANAJUATO,12,IRAPUATO,17,IRAPUATO,3257,C02,73,7,2,9,8,29,162,292,0,18,310,697
11,GUANAJUATO,12,IRAPUATO,17,IRAPUATO,3258,B,130,11,1,13,7,41,142,346,0,10,356,709
11,GUANAJUATO,12,IRAPUATO,17,IRAPUATO,3258,C01,135,8,5,9,12,32,164,365,1,7,373,709
11,GUANAJUATO,12,IRAPUATO,17,IRAPUATO,3258,C02,143,16,4,16,8,40,161,388,0,4,392,709
11,GUANAJUATO,12,IRAPUATO,17,IRAPUATO,3258,C03,126,4,3,17,6,33,185,376,0,21,397,709
11,GUANAJUATO,12,IRAPUATO,17,IRAPUATO,3259,B,96,4,3,10,8,19,122,263,0,8,271,573
11,GUANAJUATO,12,IRAPUATO,17,IRAPUATO,3259,C01,84,6,2,6,6,14,123,241,0,8,249,573
11,GUANAJUATO,12,IRAPUATO,17,IRAPUATO,3259,C02,84,5,0,4,3,19,146,263,0,8,271,572
11,GUANAJUATO,12,IRAPUATO,17,IRAPUATO,3259,C03,102,9,0,2,4,21,142,284,0,5,289,572
11,GUANAJUATO,12,IRAPUATO,17,IRAPUATO,3260,B,75,8,1,11,6,28,171,304,0,9,313,557
11,GUANAJUATO,12,IRAPUATO,17,IRAPUATO,3260,C01,96,10,1,9,6,24,151,303,0,13,316,556
11,GUANAJUATO,12,IRAPUATO,17,IRAPUATO,3261,B,118,3,2,7,4,20,112,272,0,8,280,649
11,GUANAJUATO,12,IRAPUATO,17,IRAPUATO,3261,C01,109,3,0,8,4,25,135,290,0,8,298,649
11,GUANAJUATO,12,IRAPUATO,17,IRAPUATO,3261,C02,108,3,3,12,6,21,132,285,0,18,303,649
11,GUANAJUATO,12,IRAPUATO,17,IRAPUATO,3261,C03,96,9,1,13,6,22,122,272,0,7,279,649
11,GUANAJUATO,12,IRAPUATO,17,IRAPUATO,3262,B,156,7,1,10,9,28,198,413,0,7,420,723
11,GUANAJUATO,12,IRAPUATO,17,IRAPUATO,3262,C01,153,7,3,7,8,38,190,408,0,17,425,723
11,GUANAJUATO,12,IRAPUATO,17,IRAPUATO,3262,C02,127,7,5,8,7,49,206,416,0,16,432,722
11,GUANAJUATO,12,IRAPUATO,17,IRAPUATO,3263,B,98,7,0,9,7,28,156,307,0,1,308,524
11,GUANAJUATO,12,IRAPUATO,17,IRAPUATO,3263,C01,114,6,1,11,7,33,127,301,0,6,307,524
11,GUANAJUATO,12,IRAPUATO,17,IRAPUATO,3263,C02,126,4,2,9,5,25,125,296,0,8,304,524
11,GUANAJUATO,12,IRAPUATO,17,IRAPUATO,3264,B,105,4,2,10,7,28,126,285,0,9,294,638
11,GUANAJUATO,12,IRAPUATO,17,IRAPUATO,3264,C01,136,4,2,8,4,24,92,275,0,4,279,638
11,GUANAJUATO,12,IRAPUATO,17,IRAPUATO,3264,C02,117,11,0,1,7,28,106,274,0,10,284,637
11,GUANAJUATO,12,IRAPUATO,17,IRAPUATO,3265,B,94,8,0,6,7,27,132,277,0,13,290,578
11,GUANAJUATO,12,IRAPUATO,17,IRAPUATO,3265,C01,115,10,1,8,7,22,119,284,1,18,303,578
11,GUANAJUATO,12,IRAPUATO,17,IRAPUATO,3265,C02,91,7,1,11,14,18,147,292,0,11,303,578
11,GUANAJUATO,12,IRAPUATO,17,IRAPUATO,3266,B,0,0,0,0,0,0,0,0,0,0,0,593
11,GUANAJUATO,12,IRAPUATO,17,IRAPUATO,3266,C01,98,8,4,10,6,24,129,282,0,15,297,593
11,GUANAJUATO,12,IRAPUATO,17,IRAPUATO,3266,C02,129,8,1,10,3,30,128,314,0,6,320,593
11,GUANAJUATO,12,IRAPUATO,17,IRAPUATO,3266,C03,114,8,0,12,5,32,126,301,0,12,313,593
11,GUANAJUATO,12,IRAPUATO,17,IRAPUATO,3267,B,105,11,1,6,6,24,139,295,0,10,305,580
11,GUANAJUATO,12,IRAPUATO,17,IRAPUATO,3267,C01,114,7,0,12,4,27,126,291,0,18,309,579
11,GUANAJUATO,12,IRAPUATO,17,IRAPUATO,3267,C02,112,2,1,5,9,14,129,274,0,12,286,579
11,GUANAJUATO,20,YURIRIA,18,JARAL DEL PROGRESO,1178,B,132,8,3,9,3,103,197,455,0,9,464,732
11,GUANAJUATO,20,YURIRIA,18,JARAL DEL PROGRESO,1178,C01,145,13,2,4,7,101,234,506,0,11,517,731
11,GUANAJUATO,20,YURIRIA,18,JARAL DEL PROGRESO,1178,C02,154,19,3,4,3,110,210,503,0,2,505,731
11,GUANAJUATO,20,YURIRIA,18,JARAL DEL PROGRESO,1179,B,120,16,1,10,13,98,221,479,0,8,487,656
11,GUANAJUATO,20,YURIRIA,18,JARAL DEL PROGRESO,1180,B,112,12,0,10,6,85,136,361,0,12,373,481
11,GUANAJUATO,20,YURIRIA,18,JARAL DEL PROGRESO,1181,B,52,4,1,4,1,59,54,175,0,3,178,245
11,GUANAJUATO,20,YURIRIA,18,JARAL DEL PROGRESO,1182,B,96,30,5,11,1,73,169,385,0,11,396,598
11,GUANAJUATO,20,YURIRIA,18,JARAL DEL PROGRESO,1182,C01,96,20,0,8,5,89,183,401,0,11,412,598
11,GUANAJUATO,20,YURIRIA,18,JARAL DEL PROGRESO,1183,B,77,8,4,13,1,84,166,353,0,6,359,683
11,GUANAJUATO,20,YURIRIA,18,JARAL DEL PROGRESO,1183,C01,96,27,2,7,8,81,182,403,0,0,403,683
11,GUANAJUATO,20,YURIRIA,18,JARAL DEL PROGRESO,1183,C02,108,6,3,2,8,67,203,397,0,8,405,683
11,GUANAJUATO,20,YURIRIA,18,JARAL DEL PROGRESO,1183,C03,81,7,7,8,4,68,202,377,0,10,387,682
11,GUANAJUATO,20,YURIRIA,18,JARAL DEL PROGRESO,1183,C04,105,11,3,14,1,79,192,405,0,6,411,682
11,GUANAJUATO,20,YURIRIA,18,JARAL DEL PROGRESO,1184,B,106,9,1,7,8,68,272,471,0,13,484,730
11,GUANAJUATO,20,YURIRIA,18,JARAL DEL PROGRESO,1184,C01,115,4,1,6,6,94,256,482,0,10,492,729
11,GUANAJUATO,20,YURIRIA,18,JARAL DEL PROGRESO,1185,B,90,4,0,10,2,64,186,356,0,16,372,548
11,GUANAJUATO,20,YURIRIA,18,JARAL DEL PROGRESO,1185,C01,113,6,0,5,0,67,199,390,0,6,396,547
11,GUANAJUATO,20,YURIRIA,18,JARAL DEL PROGRESO,1186,B,86,5,2,9,9,61,175,347,0,9,356,543
11,GUANAJUATO,20,YURIRIA,18,JARAL DEL PROGRESO,1186,C01,95,9,1,5,1,50,175,336,1,12,349,542
11,GUANAJUATO,20,YURIRIA,18,JARAL DEL PROGRESO,1187,B,142,9,7,12,2,64,217,453,0,11,464,682
11,GUANAJUATO,20,YURIRIA,18,JARAL DEL PROGRESO,1187,C01,163,4,2,4,8,67,189,437,0,3,440,682
11,GUANAJUATO,20,YURIRIA,18,JARAL DEL PROGRESO,1188,B,103,9,13,12,3,47,217,404,0,10,414,706
11,GUANAJUATO,20,YURIRIA,18,JARAL DEL PROGRESO,1188,C01,118,13,5,13,4,59,178,390,0,11,401,706
11,GUANAJUATO,20,YURIRIA,18,JARAL DEL PROGRESO,1188,C02,112,8,3,13,3,57,242,438,0,14,452,705
11,GUANAJUATO,20,YURIRIA,18,JARAL DEL PROGRESO,1189,B,82,9,2,1,3,44,136,277,0,19,296,521
11,GUANAJUATO,20,YURIRIA,18,JARAL DEL PROGRESO,1189,C01,102,5,3,4,6,45,139,304,0,10,314,521
11,GUANAJUATO,20,YURIRIA,18,JARAL DEL PROGRESO,1189,C02,81,8,5,5,4,49,156,308,0,2,310,520
11,GUANAJUATO,20,YURIRIA,18,JARAL DEL PROGRESO,1190,B,190,3,1,4,2,3,59,262,0,9,271,444
11,GUANAJUATO,20,YURIRIA,18,JARAL DEL PROGRESO,1190,C01,198,3,1,6,3,12,63,286,0,7,293,444
11,GUANAJUATO,20,YURIRIA,18,JARAL DEL PROGRESO,1191,B,140,6,1,13,6,25,160,351,0,9,360,592
11,GUANAJUATO,20,YURIRIA,18,JARAL DEL PROGRESO,1191,C01,128,7,1,8,2,23,153,322,0,15,337,591
11,GUANAJUATO,20,YURIRIA,18,JARAL DEL PROGRESO,1191,C02,138,11,1,8,3,32,160,353,0,11,364,591
11,GUANAJUATO,20,YURIRIA,18,JARAL DEL PROGRESO,1192,B,99,1,1,20,3,34,155,313,0,15,328,557
11,GUANAJUATO,20,YURIRIA,18,JARAL DEL PROGRESO,1192,C01,67,5,0,9,7,42,175,305,0,0,305,557
11,GUANAJUATO,20,YURIRIA,18,JARAL DEL PROGRESO,1192,E01,178,7,0,16,4,51,212,468,0,12,480,635
11,GUANAJUATO,20,YURIRIA,18,JARAL DEL PROGRESO,1193,B,81,5,1,10,4,28,101,230,0,20,250,481
11,GUANAJUATO,20,YURIRIA,18,JARAL DEL PROGRESO,1193,C01,108,8,1,10,3,27,114,271,0,11,282,481
11,GUANAJUATO,20,YURIRIA,18,JARAL DEL PROGRESO,1194,B,81,7,1,13,1,97,80,280,0,8,288,424
11,GUANAJUATO,20,YURIRIA,18,JARAL DEL PROGRESO,1194,C01,97,3,2,8,8,72,69,259,0,11,270,424
11,GUANAJUATO,20,YURIRIA,18,JARAL DEL PROGRESO,1195,B,118,5,3,19,7,94,129,375,0,12,387,750
11,GUANAJUATO,20,YURIRIA,18,JARAL DEL PROGRESO,1195,C01,117,5,2,10,6,110,130,380,0,15,395,749
11,GUANAJUATO,20,YURIRIA,18,JARAL DEL PROGRESO,1196,B,152,5,1,14,4,81,157,414,0,13,427,650
11,GUANAJUATO,20,YURIRIA,18,JARAL DEL PROGRESO,1196,C01,139,3,1,8,4,89,165,409,0,14,423,649
11,GUANAJUATO,20,YURIRIA,18,JARAL DEL PROGRESO,1197,B,155,5,2,15,11,73,137,398,0,17,415,618
11,GUANAJUATO,20,YURIRIA,18,JARAL DEL PROGRESO,1197,E01,105,3,3,21,8,56,105,301,0,15,316,604
11,GUANAJUATO,20,YURIRIA,18,JARAL DEL PROGRESO,1198,B,54,2,1,13,14,24,124,232,0,18,250,410
11,GUANAJUATO,20,YURIRIA,18,JARAL DEL PROGRESO,1198,C01,103,4,3,15,6,26,74,231,0,11,242,410
11,GUANAJUATO,20,YURIRIA,18,JARAL DEL PROGRESO,1199,B,54,3,2,21,5,43,140,268,0,15,283,658
11,GUANAJUATO,20,YURIRIA,18,JARAL DEL PROGRESO,1200,B,68,7,2,20,26,56,166,345,0,27,372,713
11,GUANAJUATO,20,YURIRIA,18,JARAL DEL PROGRESO,1201,B,72,4,1,18,24,78,151,348,0,17,365,680
11,GUANAJUATO,20,YURIRIA,18,JARAL DEL PROGRESO,1202,B,62,2,4,16,8,48,117,257,0,17,274,475
11,GUANAJUATO,20,YURIRIA,18,JARAL DEL PROGRESO,1203,B,81,29,4,14,11,12,90,241,0,12,253,427
11,GUANAJUATO,22,ACAMBARO,19,JERECUARO,1204,B,59,63,13,30,0,0,143,314,0,9,323,471
11,GUANAJUATO,22,ACAMBARO,19,JERECUARO,1204,C01,47,63,19,26,0,0,148,305,0,5,310,470
11,GUANAJUATO,22,ACAMBARO,19,JERECUARO,1205,B,57,68,9,51,0,0,160,352,0,12,364,583
11,GUANAJUATO,22,ACAMBARO,19,JERECUARO,1205,C01,69,80,9,46,0,0,161,365,0,17,382,583
11,GUANAJUATO,22,ACAMBARO,19,JERECUARO,1205,C02,52,85,10,32,0,0,159,341,0,13,354,583
11,GUANAJUATO,22,ACAMBARO,19,JERECUARO,1205,C03,49,97,14,52,0,0,145,367,0,12,379,583
11,GUANAJUATO,22,ACAMBARO,19,JERECUARO,1206,B,63,94,10,47,0,0,145,362,0,6,368,509
11,GUANAJUATO,22,ACAMBARO,19,JERECUARO,1206,C01,49,74,11,29,0,0,159,323,0,15,338,508
11,GUANAJUATO,22,ACAMBARO,19,JERECUARO,1207,B,52,66,9,30,0,0,107,267,0,6,273,448
11,GUANAJUATO,22,ACAMBARO,19,JERECUARO,1207,C01,53,75,12,23,0,0,125,288,0,6,294,447
11,GUANAJUATO,22,ACAMBARO,19,JERECUARO,1208,B,47,101,11,38,0,0,159,360,0,12,372,558
11,GUANAJUATO,22,ACAMBARO,19,JERECUARO,1208,C01,58,82,9,35,0,0,175,362,0,11,373,558
11,GUANAJUATO,22,ACAMBARO,19,JERECUARO,1208,C02,36,73,16,27,0,0,167,325,0,10,335,557
11,GUANAJUATO,22,ACAMBARO,19,JERECUARO,1209,B,82,103,10,29,0,0,68,296,0,19,315,567
11,GUANAJUATO,22,ACAMBARO,19,JERECUARO,1209,C01,112,76,5,27,0,0,67,295,0,14,309,567
11,GUANAJUATO,22,ACAMBARO,19,JERECUARO,1210,B,41,65,9,63,0,0,163,341,0,16,357,732
11,GUANAJUATO,22,ACAMBARO,19,JERECUARO,1210,C01,36,40,5,54,0,0,194,334,0,17,351,732
11,GUANAJUATO,22,ACAMBARO,19,JERECUARO,1211,B,56,89,0,7,0,0,60,221,0,17,238,534
11,GUANAJUATO,22,ACAMBARO,19,JERECUARO,1212,B,65,117,11,19,0,0,85,303,0,30,333,656
11,GUANAJUATO,22,ACAMBARO,19,JERECUARO,1213,B,26,51,0,9,0,0,49,144,0,5,149,355
11,GUANAJUATO,22,ACAMBARO,19,JERECUARO,1214,B,37,64,12,20,0,0,95,234,0,24,258,441
11,GUANAJUATO,22,ACAMBARO,19,JERECUARO,1214,C01,44,69,4,28,0,0,91,236,0,17,253,440
11,GUANAJUATO,22,ACAMBARO,19,JERECUARO,1215,B,29,44,3,18,0,0,74,169,0,9,178,464
11,GUANAJUATO,22,ACAMBARO,19,JERECUARO,1215,C01,43,42,1,30,0,0,78,201,0,12,213,464
11,GUANAJUATO,22,ACAMBARO,19,JERECUARO,1216,B,17,56,2,18,0,0,32,126,0,8,134,375
11,GUANAJUATO,22,ACAMBARO,19,JERECUARO,1217,B,28,123,0,9,0,0,96,266,0,1,267,555
11,GUANAJUATO,22,ACAMBARO,19,JERECUARO,1218,B,48,77,4,15,0,0,117,267,0,34,301,644
11,GUANAJUATO,22,ACAMBARO,19,JERECUARO,1218,C01,54,81,4,26,0,0,127,295,0,17,312,643
11,GUANAJUATO,22,ACAMBARO,19,JERECUARO,1219,B,50,60,4,16,0,0,85,218,0,15,233,463
11,GUANAJUATO,22,ACAMBARO,19,JERECUARO,1220,B,4,82,2,14,0,0,50,157,0,8,165,412
11,GUANAJUATO,22,ACAMBARO,19,JERECUARO,1220,C01,17,83,3,16,0,0,47,171,0,11,182,411
11,GUANAJUATO,22,ACAMBARO,19,JERECUARO,1221,B,42,61,4,7,0,0,49,168,0,14,182,430
11,GUANAJUATO,22,ACAMBARO,19,JERECUARO,1222,B,48,127,5,25,0,0,97,312,0,23,335,595
11,GUANAJUATO,22,ACAMBARO,19,JERECUARO,1223,B,46,117,6,34,0,0,118,331,0,22,353,591
11,GUANAJUATO,22,ACAMBARO,19,JERECUARO,1224,B,32,62,4,23,0,0,46,171,0,10,181,403
11,GUANAJUATO,22,ACAMBARO,19,JERECUARO,1224,C01,30,74,3,21,0,0,30,167,0,7,174,403
11,GUANAJUATO,22,ACAMBARO,19,JERECUARO,1225,B,28,65,8,28,0,0,78,213,0,11,224,522
11,GUANAJUATO,22,ACAMBARO,19,JERECUARO,1225,C01,25,58,4,32,0,0,100,219,0,12,231,522
11,GUANAJUATO,22,ACAMBARO,19,JERECUARO,1226,B,32,56,4,21,0,0,92,211,0,22,233,536
11,GUANAJUATO,22,ACAMBARO,19,JERECUARO,1226,C01,41,61,8,20,0,0,133,266,0,25,291,536
11,GUANAJUATO,22,ACAMBARO,19,JERECUARO,1227,B,47,100,12,31,0,0,121,316,0,11,327,573
11,GUANAJUATO,22,ACAMBARO,19,JERECUARO,1228,B,25,37,3,14,0,0,87,168,0,7,175,334
11,GUANAJUATO,22,ACAMBARO,19,JERECUARO,1229,B,54,110,14,26,0,0,82,300,0,19,319,626
11,GUANAJUATO,22,ACAMBARO,19,JERECUARO,1229,C01,41,134,17,23,0,0,101,328,0,17,345,625
11,GUANAJUATO,22,ACAMBARO,19,JERECUARO,1230,B,23,50,8,15,0,0,121,219,0,16,235,511
11,GUANAJUATO,22,ACAMBARO,19,JERECUARO,1230,C01,16,55,7,23,0,0,110,215,0,24,239,510
11,GUANAJUATO,22,ACAMBARO,19,JERECUARO,1231,B,12,26,3,8,0,0,24,74,0,2,76,127
11,GUANAJUATO,22,ACAMBARO,19,JERECUARO,1232,B,30,76,3,18,0,0,50,181,0,15,196,362
11,GUANAJUATO,22,ACAMBARO,19,JERECUARO,1233,B,27,62,5,27,0,0,117,242,0,18,260,627
11,GUANAJUATO,22,ACAMBARO,19,JERECUARO,1234,B,15,41,3,9,0,0,59,130,0,13,143,348
11,GUANAJUATO,22,ACAMBARO,19,JERECUARO,1235,B,27,56,6,27,0,0,79,202,0,18,220,448
11,GUANAJUATO,22,ACAMBARO,19,JERECUARO,1235,C01,32,59,8,22,0,0,101,222,0,13,235,447
11,GUANAJUATO,22,ACAMBARO,19,JERECUARO,1236,B,20,89,5,22,0,0,115,255,0,14,269,546
11,GUANAJUATO,22,ACAMBARO,19,JERECUARO,1237,B,23,25,2,9,0,0,51,118,0,10,128,345
11,GUANAJUATO,22,ACAMBARO,19,JERECUARO,1238,B,20,36,0,20,0,0,7,85,0,5,90,176
11,GUANAJUATO,22,ACAMBARO,19,JERECUARO,1239,B,41,29,1,9,0,0,71,153,0,7,160,347
11,GUANAJUATO,22,ACAMBARO,19,JERECUARO,1240,B,6,24,4,0,0,0,30,65,0,5,70,128
11,GUANAJUATO,22,ACAMBARO,19,JERECUARO,1241,B,33,80,7,26,0,0,138,288,0,14,302,714
11,GUANAJUATO,22,ACAMBARO,19,JERECUARO,1241,C01,48,79,9,26,0,0,131,298,0,14,312,713
11,GUANAJUATO,22,ACAMBARO,19,JERECUARO,1242,B,20,120,56,23,0,0,53,283,0,15,298,650
11,GUANAJUATO,22,ACAMBARO,19,JERECUARO,1243,B,33,94,5,37,0,0,85,265,0,32,297,667
11,GUANAJUATO,22,ACAMBARO,19,JERECUARO,1244,B,33,56,6,19,0,0,160,278,0,19,297,552
11,GUANAJUATO,22,ACAMBARO,19,JERECUARO,1244,C01,49,47,0,39,0,0,154,290,0,11,301,551
11,GUANAJUATO,22,ACAMBARO,19,JERECUARO,1245,B,56,39,3,24,0,0,71,194,0,12,206,439
11,GUANAJUATO,22,ACAMBARO,19,JERECUARO,1246,B,49,76,3,13,0,0,157,300,0,15,315,627
11,GUANAJUATO,22,ACAMBARO,19,JERECUARO,1247,B,35,123,8,31,0,0,150,349,0,14,363,654
11,GUANAJUATO,22,ACAMBARO,19,JERECUARO,1248,B,59,148,6,40,0,0,123,382,0,14,396,612
11,GUANAJUATO,22,ACAMBARO,19,JERECUARO,1249,B,91,65,3,37,0,0,119,323,0,15,338,638
11,GUANAJUATO,22,ACAMBARO,19,JERECUARO,1250,B,14,86,2,27,0,0,164,295,0,31,326,718
11,GUANAJUATO,22,ACAMBARO,19,JERECUARO,1251,B,26,98,6,10,0,0,208,353,0,11,364,623
11,GUANAJUATO,22,ACAMBARO,19,JERECUARO,1252,B,34,95,10,10,0,0,77,229,0,3,232,376
11,GUANAJUATO,22,ACAMBARO,19,JERECUARO,1254,B,92,113,6,13,0,0,80,309,0,13,322,506
11,GUANAJUATO,22,ACAMBARO,19,JERECUARO,1254,C01,65,81,6,20,0,0,107,283,0,13,296,505
11,GUANAJUATO,22,ACAMBARO,19,JERECUARO,1254,C02,74,94,6,20,0,0,79,280,0,10,290,505
11,GUANAJUATO,22,ACAMBARO,19,JERECUARO,1255,B,55,85,4,12,0,0,125,285,0,6,291,497
11,GUANAJUATO,22,ACAMBARO,19,JERECUARO,1255,C01,39,109,10,9,0,0,95,271,0,4,275,497
11,GUANAJUATO,22,ACAMBARO,19,JERECUARO,1256,B,61,82,2,20,0,0,90,259,0,13,272,404
11,GUANAJUATO,22,ACAMBARO,19,JERECUARO,1257,B,49,52,5,13,0,0,76,195,0,6,201,321
11,GUANAJUATO,22,ACAMBARO,19,JERECUARO,1257,E01,65,66,4,24,0,0,86,247,0,9,256,456
11,GUANAJUATO,22,ACAMBARO,19,JERECUARO,1258,B,28,97,2,20,0,0,85,236,0,9,245,405
11,GUANAJUATO,22,ACAMBARO,19,JERECUARO,1258,C01,39,102,2,12,0,0,67,226,0,8,234,404
11,GUANAJUATO,22,ACAMBARO,19,JERECUARO,1259,B,38,60,2,19,0,0,121,246,0,20,266,535
11,GUANAJUATO,22,ACAMBARO,19,JERECUARO,1259,C01,55,51,4,11,0,0,107,232,0,24,256,534
11,GUANAJUATO,22,ACAMBARO,19,JERECUARO,1260,B,13,43,2,11,0,0,39,108,0,2,110,222
11,GUANAJUATO,3,LEON,20,LEON,0,VA36,17,1,0,0,0,0,9,27,0,2,29,33
11,GUANAJUATO,3,LEON,20,LEON,1261,B,163,15,2,14,3,28,113,338,0,10,348,719
11,GUANAJUATO,3,LEON,20,LEON,1261,C01,204,2,0,0,0,31,130,367,0,4,371,719
11,GUANAJUATO,3,LEON,20,LEON,1261,C02,175,14,2,18,4,29,93,335,0,12,347,719
11,GUANAJUATO,3,LEON,20,LEON,1261,C03,165,13,5,15,7,30,112,347,1,18,366,718
11,GUANAJUATO,3,LEON,20,LEON,1261,C04,193,18,6,16,3,33,90,359,0,16,375,718
11,GUANAJUATO,3,LEON,20,LEON,1261,C05,162,11,1,15,5,32,95,321,4,19,344,718
11,GUANAJUATO,3,LEON,20,LEON,1261,C06,176,15,2,23,6,34,14,270,0,18,288,718
11,GUANAJUATO,3,LEON,20,LEON,1262,B,115,7,0,13,4,20,55,214,0,14,228,508
11,GUANAJUATO,3,LEON,20,LEON,1262,C01,122,12,5,11,5,10,61,226,0,10,236,507
11,GUANAJUATO,3,LEON,20,LEON,1262,C02,143,13,2,13,3,14,60,248,0,8,256,507
11,GUANAJUATO,3,LEON,20,LEON,1263,B,187,13,0,11,4,27,81,323,0,14,337,589
11,GUANAJUATO,3,LEON,20,LEON,1263,C01,182,6,2,8,4,32,85,319,0,22,341,588
11,GUANAJUATO,3,LEON,20,LEON,1264,B,256,21,2,12,8,27,69,395,0,22,417,741
11,GUANAJUATO,3,LEON,20,LEON,1264,C01,202,16,7,19,5,19,93,361,0,23,384,740
11,GUANAJUATO,3,LEON,20,LEON,1265,B,146,15,1,10,5,20,108,305,3,36,344,688
11,GUANAJUATO,3,LEON,20,LEON,1265,C01,173,7,3,14,4,22,125,348,0,4,352,688
11,GUANAJUATO,3,LEON,20,LEON,1265,C02,154,14,1,19,5,29,100,322,0,12,334,688
11,GUANAJUATO,3,LEON,20,LEON,1265,C03,172,9,3,20,9,29,91,333,0,15,348,688
11,GUANAJUATO,3,LEON,20,LEON,1265,C04,127,18,2,16,3,24,98,288,0,28,316,688
11,GUANAJUATO,3,LEON,20,LEON,1265,C05,152,13,2,5,2,27,114,315,1,16,332,687
11,GUANAJUATO,3,LEON,20,LEON,1266,B,137,15,2,18,6,14,89,281,2,22,305,622
11,GUANAJUATO,3,LEON,20,LEON,1266,C01,136,10,3,13,4,29,82,277,0,21,298,622
11,GUANAJUATO,3,LEON,20,LEON,1266,C02,106,16,0,13,6,23,128,292,0,22,314,622
11,GUANAJUATO,3,LEON,20,LEON,1266,C03,174,11,3,8,4,21,116,337,0,19,356,622
11,GUANAJUATO,3,LEON,20,LEON,1266,C04,138,4,2,18,4,18,105,289,0,24,313,621
11,GUANAJUATO,3,LEON,20,LEON,1267,B,186,22,0,20,5,32,127,392,0,15,407,674
11,GUANAJUATO,3,LEON,20,LEON,1267,C01,214,10,0,14,6,42,110,396,0,16,412,674
11,GUANAJUATO,3,LEON,20,LEON,1267,C02,237,15,2,8,7,49,85,403,0,14,417,673
11,GUANAJUATO,3,LEON,20,LEON,1267,C03,183,11,3,18,5,42,94,356,0,13,369,673
11,GUANAJUATO,3,LEON,20,LEON,1267,C04,169,12,3,17,2,39,117,359,0,17,376,673
11,GUANAJUATO,3,LEON,20,LEON,1267,C05,197,14,1,14,10,49,133,418,0,8,426,673
11,GUANAJUATO,3,LEON,20,LEON,1267,C06,186,15,2,11,4,40,104,362,0,43,405,673
11,GUANAJUATO,3,LEON,20,LEON,1267,C07,195,10,2,20,3,45,102,377,0,19,396,673
11,GUANAJUATO,3,LEON,20,LEON,1269,B,214,12,0,14,6,52,105,403,0,23,426,694
11,GUANAJUATO,3,LEON,20,LEON,1269,C01,218,12,2,20,5,28,118,403,0,12,415,694
11,GUANAJUATO,3,LEON,20,LEON,1269,C02,228,6,3,15,4,44,112,412,0,13,425,694
11,GUANAJUATO,3,LEON,20,LEON,1269,C03,194,18,1,17,9,47,100,386,0,11,397,694
11,GUANAJUATO,3,LEON,20,LEON,1269,C04,202,18,1,18,2,38,100,379,0,20,399,693
11,GUANAJUATO,3,LEON,20,LEON,1269,C05,237,14,2,9,2,38,90,392,0,24,416,693
11,GUANAJUATO,3,LEON,20,LEON,1269,C06,191,16,2,9,2,43,129,392,1,16,409,693
11,GUANAJUATO,3,LEON,20,LEON,1269,C07,180,18,1,14,2,42,115,372,0,7,379,693
11,GUANAJUATO,3,LEON,20,LEON,1269,C08,218,7,2,19,4,33,80,363,0,14,377,693
11,GUANAJUATO,3,LEON,20,LEON,1270,B,146,14,3,8,2,40,121,334,0,24,358,591
11,GUANAJUATO,3,LEON,20,LEON,1270,C01,140,7,3,6,3,37,98,294,0,16,310,590
11,GUANAJUATO,3,LEON,20,LEON,1270,C02,135,15,0,8,3,26,115,302,0,23,325,590
11,GUANAJUATO,3,LEON,20,LEON,1271,B,122,18,0,16,7,17,105,285,0,19,304,507
11,GUANAJUATO,3,LEON,20,LEON,1271,C01,110,11,2,12,8,28,99,270,0,21,291,507
11,GUANAJUATO,3,LEON,20,LEON,1271,C02,130,14,0,13,5,18,90,270,0,24,294,506
11,GUANAJUATO,3,LEON,20,LEON,1272,B,169,11,4,11,2,25,121,343,0,4,347,627
11,GUANAJUATO,3,LEON,20,LEON,1272,C01,170,14,1,17,3,26,108,339,0,11,350,627
11,GUANAJUATO,3,LEON,20,LEON,1272,C02,175,18,2,20,5,25,106,351,0,17,368,627
11,GUANAJUATO,3,LEON,20,LEON,1273,B,166,13,3,28,4,35,138,387,0,26,413,746
11,GUANAJUATO,3,LEON,20,LEON,1273,C01,148,15,2,22,10,31,169,397,0,29,426,746
11,GUANAJUATO,3,LEON,20,LEON,1274,B,360,18,2,16,8,64,84,552,0,9,561,729
11,GUANAJUATO,3,LEON,20,LEON,1274,C01,339,15,3,15,5,52,96,525,0,15,540,728
11,GUANAJUATO,3,LEON,20,LEON,1274,C02,326,12,2,10,12,56,93,511,0,7,518,728
11,GUANAJUATO,3,LEON,20,LEON,1274,C03,332,10,5,12,3,59,99,520,0,7,527,728
11,GUANAJUATO,3,LEON,20,LEON,1275,B,154,3,1,8,6,19,61,252,0,9,261,592
11,GUANAJUATO,3,LEON,20,LEON,1275,C01,152,3,1,8,7,13,88,272,0,11,283,592
11,GUANAJUATO,3,LEON,20,LEON,1275,C02,157,7,1,9,4,14,72,264,0,13,277,592
11,GUANAJUATO,3,LEON,20,LEON,1275,C03,161,6,0,5,2,15,65,254,0,14,268,591
11,GUANAJUATO,3,LEON,20,LEON,1276,B,161,8,2,15,1,28,95,310,0,2,312,684
11,GUANAJUATO,3,LEON,20,LEON,1276,C01,143,12,2,11,2,24,75,269,0,15,284,684
11,GUANAJUATO,3,LEON,20,LEON,1276,C02,139,11,0,11,3,18,96,278,0,22,300,684
11,GUANAJUATO,3,LEON,20,LEON,1276,C03,174,20,1,17,2,21,84,319,0,15,334,684
11,GUANAJUATO,3,LEON,20,LEON,1276,C04,143,10,2,9,2,35,72,273,0,13,286,684
11,GUANAJUATO,3,LEON,20,LEON,1276,C05,117,9,1,19,3,38,86,273,0,11,284,684
11,GUANAJUATO,3,LEON,20,LEON,1276,C06,162,9,1,10,2,26,81,291,0,16,307,684
11,GUANAJUATO,3,LEON,20,LEON,1276,C07,146,9,4,13,4,31,84,291,0,16,307,684
11,GUANAJUATO,3,LEON,20,LEON,1276,C08,144,10,1,7,3,28,96,289,0,23,312,684
11,GUANAJUATO,3,LEON,20,LEON,1276,C09,170,12,1,9,3,38,99,332,0,19,351,683
11,GUANAJUATO,3,LEON,20,LEON,1276,C10,147,9,2,15,1,27,87,288,0,16,304,683
11,GUANAJUATO,3,LEON,20,LEON,1277,B,216,10,0,17,6,39,97,385,0,20,405,675
11,GUANAJUATO,3,LEON,20,LEON,1277,C01,192,20,3,15,9,41,104,384,0,11,395,675
11,GUANAJUATO,3,LEON,20,LEON,1277,C02,204,11,1,16,3,51,93,379,0,13,392,675
11,GUANAJUATO,3,LEON,20,LEON,1277,C03,226,11,1,17,2,34,67,358,0,13,371,674
11,GUANAJUATO,3,LEON,20,LEON,1277,C04,181,14,3,11,5,43,96,353,0,16,369,674
11,GUANAJUATO,3,LEON,20,LEON,1277,C05,214,12,3,13,5,24,119,390,0,9,399,674
11,GUANAJUATO,3,LEON,20,LEON,1277,C06,191,7,1,10,2,34,117,362,0,16,378,674
11,GUANAJUATO,3,LEON,20,LEON,1278,B,295,10,3,18,4,49,91,470,0,11,481,730
11,GUANAJUATO,3,LEON,20,LEON,1278,C01,271,11,2,19,6,43,93,445,0,15,460,730
11,GUANAJUATO,3,LEON,20,LEON,1278,C02,331,8,3,10,4,40,98,494,0,8,502,730
11,GUANAJUATO,3,LEON,20,LEON,1278,C03,306,11,2,19,6,45,78,467,0,20,487,730
11,GUANAJUATO,3,LEON,20,LEON,1278,C04,283,12,0,13,8,54,95,465,0,12,477,730
11,GUANAJUATO,3,LEON,20,LEON,1278,C05,294,12,2,14,4,61,109,496,0,15,511,730
11,GUANAJUATO,3,LEON,20,LEON,1278,C06,290,8,2,21,3,48,83,455,0,9,464,730
11,GUANAJUATO,3,LEON,20,LEON,1278,C07,288,9,2,12,4,48,89,452,0,42,494,730
11,GUANAJUATO,3,LEON,20,LEON,1278,C08,301,17,1,15,8,44,99,485,0,14,499,730
11,GUANAJUATO,3,LEON,20,LEON,1278,C09,301,12,5,15,2,60,96,491,0,10,501,730
11,GUANAJUATO,3,LEON,20,LEON,1278,C10,300,14,7,12,7,47,99,486,1,13,500,730
11,GUANAJUATO,3,LEON,20,LEON,1278,C11,295,16,2,17,2,51,94,477,6,11,494,729
11,GUANAJUATO,3,LEON,20,LEON,1279,B,293,16,12,15,5,53,105,499,0,9,508,695
11,GUANAJUATO,3,LEON,20,LEON,1279,C01,291,21,3,10,3,6,113,447,0,6,453,695
11,GUANAJUATO,3,LEON,20,LEON,1279,C02,255,12,2,14,4,64,96,447,0,21,468,695
11,GUANAJUATO,3,LEON,20,LEON,1279,C03,299,12,1,10,2,53,79,456,0,18,474,695
11,GUANAJUATO,3,LEON,20,LEON,1279,C04,304,16,2,13,2,58,106,501,0,17,518,695
11,GUANAJUATO,3,LEON,20,LEON,1280,B,207,17,1,20,5,38,140,428,0,11,439,696
11,GUANAJUATO,3,LEON,20,LEON,1280,C01,148,9,2,21,9,34,151,374,0,18,392,696
11,GUANAJUATO,3,LEON,20,LEON,1281,B,371,12,1,11,1,50,69,515,1,7,523,685
11,GUANAJUATO,3,LEON,20,LEON,1281,C01,346,12,1,11,5,44,47,466,0,9,475,685
11,GUANAJUATO,3,LEON,20,LEON,1281,C02,344,14,3,11,6,43,64,485,0,11,496,685
11,GUANAJUATO,3,LEON,20,LEON,1282,B,470,20,0,7,1,38,39,575,0,10,585,739
11,GUANAJUATO,3,LEON,20,LEON,1282,C01,469,16,2,10,3,46,35,581,0,9,590,739
11,GUANAJUATO,3,LEON,20,LEON,1282,C02,460,12,1,9,1,60,40,583,0,7,590,739
11,GUANAJUATO,3,LEON,20,LEON,1282,C03,425,20,3,12,1,58,47,566,0,9,575,739
11,GUANAJUATO,3,LEON,20,LEON,1282,C04,446,6,1,11,2,66,39,571,0,6,577,739
11,GUANAJUATO,3,LEON,20,LEON,1282,C05,481,11,2,13,0,43,35,585,0,6,591,739
11,GUANAJUATO,3,LEON,20,LEON,1282,C06,463,21,2,16,0,41,20,563,0,9,572,738
11,GUANAJUATO,3,LEON,20,LEON,1282,C07,479,14,1,8,1,33,42,578,0,6,584,738
11,GUANAJUATO,3,LEON,20,LEON,1282,C08,456,10,1,6,2,47,37,559,0,9,568,738
11,GUANAJUATO,3,LEON,20,LEON,1282,C09,465,8,2,8,0,51,45,579,0,7,586,738
11,GUANAJUATO,3,LEON,20,LEON,1282,C10,457,14,0,7,1,46,44,569,0,7,576,738
11,GUANAJUATO,3,LEON,20,LEON,1282,E01,291,12,1,6,4,33,44,391,0,14,405,569
11,GUANAJUATO,3,LEON,20,LEON,1282,E01C01,286,11,3,8,3,30,38,379,0,13,392,569
11,GUANAJUATO,3,LEON,20,LEON,1282,E01C02,249,12,1,9,2,20,67,360,0,10,370,568
11,GUANAJUATO,3,LEON,20,LEON,1282,S01,16,0,1,0,1,0,2,20,0,1,21,0
11,GUANAJUATO,3,LEON,20,LEON,1283,B,299,18,1,12,1,48,66,445,0,5,450,684
11,GUANAJUATO,3,LEON,20,LEON,1283,C01,332,10,3,8,2,46,64,465,0,11,476,684
11,GUANAJUATO,3,LEON,20,LEON,1283,C02,293,19,0,9,4,52,73,450,0,9,459,684
11,GUANAJUATO,3,LEON,20,LEON,1283,C03,316,14,3,6,1,46,70,456,0,12,468,684
11,GUANAJUATO,3,LEON,20,LEON,1283,C04,285,11,0,7,1,53,72,429,0,10,439,684
11,GUANAJUATO,3,LEON,20,LEON,1283,C05,330,20,1,9,2,38,60,460,0,10,470,683
11,GUANAJUATO,3,LEON,20,LEON,1283,C06,300,14,3,10,4,42,69,442,0,6,448,683
11,GUANAJUATO,3,LEON,20,LEON,1284,B,217,12,3,17,4,41,92,386,0,16,402,745
11,GUANAJUATO,3,LEON,20,LEON,1284,C01,223,9,1,16,5,61,127,442,0,21,463,745
11,GUANAJUATO,3,LEON,20,LEON,1284,C02,252,8,4,21,2,49,127,463,0,10,473,745
11,GUANAJUATO,3,LEON,20,LEON,1284,C03,228,19,0,13,6,49,114,429,0,12,441,745
11,GUANAJUATO,3,LEON,20,LEON,1284,C04,240,14,2,15,4,65,99,439,0,19,458,745
11,GUANAJUATO,3,LEON,20,LEON,1284,C05,221,8,1,12,9,38,119,408,0,17,425,745
11,GUANAJUATO,3,LEON,20,LEON,1284,C06,207,11,2,14,4,43,117,398,0,24,422,745
11,GUANAJUATO,3,LEON,20,LEON,1284,C07,257,9,2,11,4,47,104,434,0,14,448,744
11,GUANAJUATO,3,LEON,20,LEON,1284,C08,246,14,2,14,1,50,121,448,0,17,465,744
11,GUANAJUATO,3,LEON,20,LEON,1284,C09,210,8,0,12,3,41,127,401,0,14,415,744
11,GUANAJUATO,3,LEON,20,LEON,1284,C10,259,10,4,15,4,40,104,436,0,20,456,744
11,GUANAJUATO,3,LEON,20,LEON,1284,C11,211,12,2,16,3,39,115,398,1,10,409,744
11,GUANAJUATO,3,LEON,20,LEON,1286,B,305,12,1,16,5,46,114,499,0,16,515,714
11,GUANAJUATO,3,LEON,20,LEON,1286,C01,298,20,3,18,4,45,122,510,0,19,529,713
11,GUANAJUATO,3,LEON,20,LEON,1286,C02,273,17,1,11,5,46,116,469,0,25,494,713
11,GUANAJUATO,3,LEON,20,LEON,1287,B,272,16,3,8,4,42,102,447,0,16,463,660
11,GUANAJUATO,3,LEON,20,LEON,1287,C01,294,17,2,13,5,37,80,448,0,16,464,660
11,GUANAJUATO,3,LEON,20,LEON,1287,C02,263,14,1,17,7,50,86,438,0,18,456,660
11,GUANAJUATO,3,LEON,20,LEON,1287,C03,255,16,1,15,3,58,99,447,0,13,460,659
11,GUANAJUATO,3,LEON,20,LEON,1288,B,248,12,2,12,6,30,130,440,0,23,463,679
11,GUANAJUATO,3,LEON,20,LEON,1288,C01,242,10,1,8,2,32,128,423,0,22,445,679
11,GUANAJUATO,3,LEON,20,LEON,1289,B,149,12,1,19,10,36,105,332,0,19,351,619
11,GUANAJUATO,3,LEON,20,LEON,1289,C01,136,17,0,18,3,36,109,319,0,22,341,618
11,GUANAJUATO,3,LEON,20,LEON,1289,C02,127,16,2,11,3,36,114,309,0,15,324,618
11,GUANAJUATO,3,LEON,20,LEON,1290,B,230,14,5,5,6,34,49,343,0,9,352,491
11,GUANAJUATO,3,LEON,20,LEON,1291,B,221,13,1,16,2,39,43,335,0,13,348,480
11,GUANAJUATO,7,LEON,20,LEON,1292,B,284,8,3,10,5,39,78,427,0,11,438,680
11,GUANAJUATO,7,LEON,20,LEON,1292,C01,297,11,3,19,0,43,90,463,0,15,478,680
11,GUANAJUATO,7,LEON,20,LEON,1292,C02,248,10,1,11,5,64,92,431,0,17,448,679
11,GUANAJUATO,7,LEON,20,LEON,1293,B,185,8,1,15,1,33,123,366,0,23,389,587
11,GUANAJUATO,7,LEON,20,LEON,1293,C01,193,9,0,19,6,29,104,360,0,19,379,587
11,GUANAJUATO,7,LEON,20,LEON,1294,B,148,7,0,8,3,25,142,333,0,14,347,542
11,GUANAJUATO,7,LEON,20,LEON,1294,C01,153,10,0,12,2,25,143,345,0,23,368,542
11,GUANAJUATO,7,LEON,20,LEON,1295,B,194,17,1,16,6,33,108,375,1,11,387,612
11,GUANAJUATO,7,LEON,20,LEON,1295,C01,228,14,0,11,5,39,85,382,0,23,405,612
11,GUANAJUATO,3,LEON,20,LEON,1296,B,151,7,0,13,3,34,74,282,0,14,296,430
11,GUANAJUATO,3,LEON,20,LEON,1296,C01,161,9,2,12,1,26,83,294,0,8,302,429
11,GUANAJUATO,4,LEON,20,LEON,1297,B,164,7,3,16,6,25,151,372,0,21,393,739
11,GUANAJUATO,4,LEON,20,LEON,1297,C01,189,7,1,17,4,37,129,384,0,14,398,739
11,GUANAJUATO,4,LEON,20,LEON,1297,C02,153,10,2,11,11,39,110,336,0,24,360,739
11,GUANAJUATO,4,LEON,20,LEON,1297,C03,162,8,5,24,2,32,132,365,1,15,381,739
11,GUANAJUATO,4,LEON,20,LEON,1297,C04,181,6,1,16,1,45,114,364,1,6,371,739
11,GUANAJUATO,4,LEON,20,LEON,1297,C05,178,8,1,22,5,34,122,370,0,20,390,739
11,GUANAJUATO,4,LEON,20,LEON,1297,C06,134,15,5,13,2,46,110,325,2,19,346,739
11,GUANAJUATO,4,LEON,20,LEON,1297,C07,166,8,0,20,7,27,133,361,0,20,381,738
11,GUANAJUATO,4,LEON,20,LEON,1297,C08,178,8,3,16,2,32,110,349,0,23,372,738
11,GUANAJUATO,4,LEON,20,LEON,1298,B,207,12,3,9,6,42,110,389,0,25,414,702
11,GUANAJUATO,4,LEON,20,LEON,1298,C01,229,10,0,15,4,31,109,398,0,16,414,702
11,GUANAJUATO,4,LEON,20,LEON,1298,C02,177,4,4,20,0,37,127,369,0,15,384,702
11,GUANAJUATO,4,LEON,20,LEON,1298,C03,235,12,2,15,5,34,109,412,0,17,429,702
11,GUANAJUATO,4,LEON,20,LEON,1298,C04,200,12,0,20,3,28,118,381,0,22,403,701
11,GUANAJUATO,3,LEON,20,LEON,1299,B,132,6,2,13,2,26,92,273,0,11,284,419
11,GUANAJUATO,3,LEON,20,LEON,1299,C01,124,6,1,15,5,31,93,275,1,8,284,418
11,GUANAJUATO,7,LEON,20,LEON,1300,B,221,14,0,10,7,29,96,377,0,12,389,518
11,GUANAJUATO,7,LEON,20,LEON,1300,C01,305,10,2,11,0,30,87,445,1,7,453,518
11,GUANAJUATO,7,LEON,20,LEON,1300,C02,225,7,2,13,3,29,91,370,0,16,386,517
11,GUANAJUATO,7,LEON,20,LEON,1301,B,285,11,7,19,2,38,118,480,0,29,509,735
11,GUANAJUATO,7,LEON,20,LEON,1301,C01,246,12,0,19,9,47,119,452,1,18,471,735
11,GUANAJUATO,7,LEON,20,LEON,1302,B,150,3,1,10,5,21,78,268,0,23,291,503
11,GUANAJUATO,7,LEON,20,LEON,1302,C01,127,8,0,16,5,27,93,276,0,5,281,503
11,GUANAJUATO,7,LEON,20,LEON,1303,B,173,14,4,23,3,39,109,365,0,17,382,552
11,GUANAJUATO,7,LEON,20,LEON,1303,C01,159,11,3,25,6,31,110,345,0,21,366,551
11,GUANAJUATO,7,LEON,20,LEON,1304,B,292,13,1,11,1,54,82,454,0,5,459,715
11,GUANAJUATO,7,LEON,20,LEON,1304,C01,385,11,3,12,4,56,85,556,0,2,558,715
11,GUANAJUATO,7,LEON,20,LEON,1304,C02,280,11,2,7,3,49,73,425,1,10,436,715
11,GUANAJUATO,7,LEON,20,LEON,1304,C03,335,7,2,13,3,59,85,504,0,12,516,715
11,GUANAJUATO,7,LEON,20,LEON,1304,C04,309,10,2,8,0,66,82,477,1,9,487,715
11,GUANAJUATO,7,LEON,20,LEON,1304,C05,286,12,5,11,1,58,88,461,0,14,475,715
11,GUANAJUATO,7,LEON,20,LEON,1304,C06,337,13,0,11,0,43,76,480,0,14,494,715
11,GUANAJUATO,7,LEON,20,LEON,1304,C07,336,11,1,9,3,31,10,401,0,9,410,715
11,GUANAJUATO,7,LEON,20,LEON,1304,C08,326,15,1,7,1,49,84,483,0,0,483,714
11,GUANAJUATO,7,LEON,20,LEON,1304,C09,320,14,4,10,2,57,81,488,0,8,496,714
11,GUANAJUATO,7,LEON,20,LEON,1304,C10,328,15,1,8,0,64,88,504,0,15,519,714
11,GUANAJUATO,7,LEON,20,LEON,1305,B,139,11,0,12,5,21,74,262,0,13,275,442
11,GUANAJUATO,7,LEON,20,LEON,1305,C01,153,5,1,8,5,17,64,253,0,18,271,441
11,GUANAJUATO,7,LEON,20,LEON,1306,B,193,17,1,16,1,29,122,379,0,26,405,650
11,GUANAJUATO,7,LEON,20,LEON,1306,C01,214,10,1,15,10,27,141,418,0,14,432,649
11,GUANAJUATO,7,LEON,20,LEON,1307,B,199,15,3,14,1,27,122,381,0,19,400,606
11,GUANAJUATO,7,LEON,20,LEON,1307,C01,204,13,4,13,2,19,112,367,0,23,390,605
11,GUANAJUATO,7,LEON,20,LEON,1308,B,157,8,1,13,8,43,139,369,0,18,387,733
11,GUANAJUATO,7,LEON,20,LEON,1308,C01,182,20,2,22,7,32,115,380,0,20,400,733
11,GUANAJUATO,7,LEON,20,LEON,1308,C02,145,16,2,12,4,21,135,335,0,21,356,733
11,GUANAJUATO,7,LEON,20,LEON,1308,C03,212,12,2,13,2,23,118,382,0,17,399,733
11,GUANAJUATO,7,LEON,20,LEON,1308,C04,193,10,1,20,6,31,37,298,0,20,318,733
11,GUANAJUATO,7,LEON,20,LEON,1308,C05,172,12,0,13,3,39,157,396,0,25,421,732
11,GUANAJUATO,7,LEON,20,LEON,1309,B,149,9,2,14,7,34,124,339,0,17,356,672
11,GUANAJUATO,7,LEON,20,LEON,1309,C01,133,4,0,17,2,28,124,308,0,24,332,672
11,GUANAJUATO,7,LEON,20,LEON,1309,C02,120,5,2,5,3,32,142,309,0,6,315,672
11,GUANAJUATO,7,LEON,20,LEON,1309,C03,143,13,1,11,6,35,126,335,0,30,365,672
11,GUANAJUATO,7,LEON,20,LEON,1309,C04,163,9,1,13,4,34,120,344,0,16,360,672
11,GUANAJUATO,7,LEON,20,LEON,1310,B,200,6,2,13,4,26,125,376,0,21,397,611
11,GUANAJUATO,7,LEON,20,LEON,1310,C01,203,9,3,16,4,24,104,363,0,15,378,611
11,GUANAJUATO,7,LEON,20,LEON,1310,C02,196,13,2,12,4,27,102,356,0,7,363,611
11,GUANAJUATO,7,LEON,20,LEON,1310,C03,171,15,0,12,8,35,121,362,0,27,389,610
11,GUANAJUATO,7,LEON,20,LEON,1311,B,284,13,4,17,3,38,138,497,0,19,516,703
11,GUANAJUATO,7,LEON,20,LEON,1312,B,170,9,5,12,1,30,123,350,0,10,360,554
11,GUANAJUATO,7,LEON,20,LEON,1312,C01,171,14,1,15,3,25,111,340,0,17,357,553
11,GUANAJUATO,7,LEON,20,LEON,1312,C02,158,11,1,12,7,25,107,321,2,24,347,553
11,GUANAJUATO,3,LEON,20,LEON,1313,B,228,9,0,7,2,43,32,321,0,7,328,446
11,GUANAJUATO,3,LEON,20,LEON,1313,C01,221,10,0,6,0,49,36,322,1,9,332,446
11,GUANAJUATO,7,LEON,20,LEON,1314,B,344,15,2,9,3,40,87,500,0,18,518,642
11,GUANAJUATO,7,LEON,20,LEON,1314,C01,371,16,3,2,4,28,73,497,0,10,507,641
11,GUANAJUATO,7,LEON,20,LEON,1315,B,171,11,1,19,2,23,67,294,0,15,309,442
11,GUANAJUATO,7,LEON,20,LEON,1315,C01,159,7,0,12,2,32,66,278,0,19,297,441
11,GUANAJUATO,7,LEON,20,LEON,1316,B,195,7,3,12,3,30,134,384,0,19,403,560
11,GUANAJUATO,7,LEON,20,LEON,1316,C01,188,7,3,11,5,41,118,373,0,15,388,560
11,GUANAJUATO,7,LEON,20,LEON,1317,B,165,13,2,9,10,31,97,327,0,0,327,532
11,GUANAJUATO,7,LEON,20,LEON,1317,C01,168,7,4,13,1,33,112,338,0,30,368,531
11,GUANAJUATO,7,LEON,20,LEON,1318,B,143,5,1,3,2,20,91,265,0,13,278,392
11,GUANAJUATO,7,LEON,20,LEON,1318,C01,118,3,1,14,2,26,81,245,0,14,259,392
11,GUANAJUATO,7,LEON,20,LEON,1319,B,147,14,1,21,2,24,100,309,0,30,339,477
11,GUANAJUATO,7,LEON,20,LEON,1319,C01,123,13,2,17,2,37,116,310,0,17,327,476
11,GUANAJUATO,7,LEON,20,LEON,1320,B,142,7,2,13,3,36,94,297,0,18,315,508
11,GUANAJUATO,7,LEON,20,LEON,1320,C01,144,8,0,18,7,26,96,299,0,11,310,508
11,GUANAJUATO,7,LEON,20,LEON,1320,C02,164,14,0,13,3,18,72,284,0,21,305,507
11,GUANAJUATO,7,LEON,20,LEON,1321,B,139,14,1,13,3,29,92,291,0,13,304,547
11,GUANAJUATO,7,LEON,20,LEON,1321,C01,127,10,1,14,4,25,131,312,0,13,325,546
11,GUANAJUATO,7,LEON,20,LEON,1322,B,139,7,2,18,0,42,158,366,1,20,387,699
11,GUANAJUATO,7,LEON,20,LEON,1322,C01,124,9,2,17,8,40,138,338,0,16,354,699
11,GUANAJUATO,7,LEON,20,LEON,1322,C02,119,14,4,10,6,51,127,331,0,18,349,699
11,GUANAJUATO,7,LEON,20,LEON,1322,C03,143,7,2,12,5,36,136,341,0,17,358,699
11,GUANAJUATO,7,LEON,20,LEON,1322,C04,162,13,2,19,2,25,150,373,0,16,389,699
11,GUANAJUATO,7,LEON,20,LEON,1322,C05,157,14,4,15,3,34,127,354,1,20,375,699
11,GUANAJUATO,7,LEON,20,LEON,1322,C06,130,12,6,25,4,36,131,344,0,20,364,699
11,GUANAJUATO,7,LEON,20,LEON,1322,C07,144,13,4,15,2,32,154,364,0,14,378,699
11,GUANAJUATO,7,LEON,20,LEON,1323,B,176,9,3,14,2,31,117,352,0,16,368,700
11,GUANAJUATO,7,LEON,20,LEON,1323,C01,125,13,3,22,4,28,148,343,0,21,364,699
11,GUANAJUATO,7,LEON,20,LEON,1323,C02,148,8,0,24,4,27,125,336,0,21,357,699
11,GUANAJUATO,7,LEON,20,LEON,1323,C03,158,20,1,23,5,28,135,370,0,16,386,699
11,GUANAJUATO,7,LEON,20,LEON,1324,B,166,13,3,18,3,40,130,373,0,25,398,653
11,GUANAJUATO,7,LEON,20,LEON,1324,C01,150,11,1,21,6,46,151,386,0,25,411,653
11,GUANAJUATO,7,LEON,20,LEON,1325,B,139,9,2,16,3,28,121,318,0,13,331,569
11,GUANAJUATO,7,LEON,20,LEON,1325,C01,154,11,3,26,4,24,89,311,0,26,337,568
11,GUANAJUATO,7,LEON,20,LEON,1326,B,138,13,2,18,2,22,109,304,0,10,314,527
11,GUANAJUATO,7,LEON,20,LEON,1326,C01,131,7,2,11,3,19,109,282,0,2,284,527
11,GUANAJUATO,7,LEON,20,LEON,1327,B,261,17,3,16,2,32,76,407,0,17,424,555
11,GUANAJUATO,7,LEON,20,LEON,1328,B,237,11,0,9,2,23,55,337,0,15,352,476
11,GUANAJUATO,7,LEON,20,LEON,1328,C01,200,19,2,8,1,42,62,334,0,14,348,476
11,GUANAJUATO,7,LEON,20,LEON,1329,B,208,4,0,7,1,19,77,316,0,10,326,453
11,GUANAJUATO,7,LEON,20,LEON,1329,C01,226,11,2,4,2,16,64,325,0,11,336,453
11,GUANAJUATO,7,LEON,20,LEON,1330,B,205,10,4,17,2,39,117,394,0,25,419,658
11,GUANAJUATO,7,LEON,20,LEON,1330,C01,213,12,2,17,5,35,96,380,0,27,407,658
11,GUANAJUATO,7,LEON,20,LEON,1331,B,245,7,1,18,6,44,125,446,1,1,448,667
11,GUANAJUATO,7,LEON,20,LEON,1331,C01,257,23,2,16,11,42,102,453,0,9,462,667
11,GUANAJUATO,7,LEON,20,LEON,1332,B,198,8,3,13,3,24,108,357,0,17,374,616
11,GUANAJUATO,7,LEON,20,LEON,1332,C01,179,11,1,14,3,20,106,334,0,29,363,616
11,GUANAJUATO,7,LEON,20,LEON,1333,B,136,10,1,15,5,30,124,321,0,16,337,603
11,GUANAJUATO,7,LEON,20,LEON,1333,C01,126,4,4,14,5,30,109,292,0,27,319,603
11,GUANAJUATO,7,LEON,20,LEON,1333,C02,132,14,3,20,4,33,105,311,0,21,332,603
11,GUANAJUATO,7,LEON,20,LEON,1334,B,95,6,2,12,3,31,161,310,0,23,333,610
11,GUANAJUATO,7,LEON,20,LEON,1334,C01,132,15,5,13,0,29,124,318,0,19,337,610
11,GUANAJUATO,7,LEON,20,LEON,1334,C02,136,8,1,5,3,26,110,289,2,19,310,609
11,GUANAJUATO,7,LEON,20,LEON,1335,B,129,10,0,18,4,22,123,306,0,28,334,590
11,GUANAJUATO,7,LEON,20,LEON,1335,C01,118,7,1,14,1,26,119,286,0,23,309,589
11,GUANAJUATO,7,LEON,20,LEON,1335,C02,127,12,1,16,5,27,131,319,0,28,347,589
11,GUANAJUATO,7,LEON,20,LEON,1336,B,141,15,1,20,4,21,109,311,0,18,329,589
11,GUANAJUATO,7,LEON,20,LEON,1336,C01,117,12,4,11,5,24,114,287,0,25,312,588
11,GUANAJUATO,7,LEON,20,LEON,1337,B,285,17,3,12,4,43,31,395,1,12,408,692
11,GUANAJUATO,7,LEON,20,LEON,1337,C01,294,25,1,9,2,48,87,466,0,20,486,692
11,GUANAJUATO,7,LEON,20,LEON,1337,C02,288,18,3,14,5,57,71,456,1,22,479,692
11,GUANAJUATO,7,LEON,20,LEON,1337,C03,288,14,1,13,4,46,68,434,0,14,448,691
11,GUANAJUATO,7,LEON,20,LEON,1337,C04,280,14,0,12,7,53,63,429,0,17,446,691
11,GUANAJUATO,7,LEON,20,LEON,1338,B,123,8,1,8,1,26,71,238,0,21,259,398
11,GUANAJUATO,7,LEON,20,LEON,1338,C01,131,6,1,10,2,26,81,257,0,2,259,397
11,GUANAJUATO,7,LEON,20,LEON,1339,B,138,5,1,13,8,20,107,292,0,20,312,537
11,GUANAJUATO,7,LEON,20,LEON,1339,C01,169,7,0,10,5,24,104,319,17,17,353,536
11,GUANAJUATO,7,LEON,20,LEON,1340,B,166,7,1,14,4,31,116,339,0,16,355,597
11,GUANAJUATO,7,LEON,20,LEON,1340,C01,184,15,2,15,3,22,109,350,0,17,367,597
11,GUANAJUATO,7,LEON,20,LEON,1341,B,201,12,3,13,2,31,100,362,0,11,373,592
11,GUANAJUATO,7,LEON,20,LEON,1341,C01,221,3,2,8,3,31,94,362,0,16,378,591
11,GUANAJUATO,7,LEON,20,LEON,1342,B,210,3,5,17,5,39,119,398,0,15,413,634
11,GUANAJUATO,7,LEON,20,LEON,1342,C01,194,19,0,12,1,40,91,357,0,13,370,634
11,GUANAJUATO,4,LEON,20,LEON,1343,B,325,12,0,14,3,57,83,494,0,6,500,678
11,GUANAJUATO,4,LEON,20,LEON,1343,C01,295,9,0,20,4,66,86,480,0,16,496,678
11,GUANAJUATO,4,LEON,20,LEON,1343,C02,304,15,1,22,5,48,84,479,0,12,491,678
11,GUANAJUATO,4,LEON,20,LEON,1343,C03,306,8,3,16,3,46,111,493,0,9,502,678
11,GUANAJUATO,7,LEON,20,LEON,1344,B,193,14,1,14,7,35,107,371,1,23,395,590
11,GUANAJUATO,7,LEON,20,LEON,1344,C01,176,13,1,19,3,34,118,364,0,25,389,590
11,GUANAJUATO,7,LEON,20,LEON,1345,B,138,10,0,12,3,15,92,270,0,24,294,465
11,GUANAJUATO,7,LEON,20,LEON,1345,C01,146,10,0,11,4,17,80,268,0,18,286,465
11,GUANAJUATO,7,LEON,20,LEON,1346,B,152,7,2,13,3,25,93,295,0,14,309,490
11,GUANAJUATO,7,LEON,20,LEON,1346,C01,142,6,0,14,21,22,115,320,0,12,332,490
11,GUANAJUATO,7,LEON,20,LEON,1347,B,177,12,4,21,6,21,136,377,0,21,398,653
11,GUANAJUATO,7,LEON,20,LEON,1347,C01,143,4,3,16,4,34,146,350,0,30,380,653
11,GUANAJUATO,7,LEON,20,LEON,1348,B,153,25,2,22,7,38,146,393,1,24,418,700
11,GUANAJUATO,7,LEON,20,LEON,1348,C01,169,10,2,24,5,26,131,367,0,23,390,700
11,GUANAJUATO,7,LEON,20,LEON,1349,B,272,8,6,26,3,68,110,493,0,15,508,750
11,GUANAJUATO,7,LEON,20,LEON,1349,C01,316,18,4,20,4,56,120,538,0,11,549,749
11,GUANAJUATO,7,LEON,20,LEON,1349,C02,296,15,0,18,6,57,111,503,0,11,514,749
11,GUANAJUATO,7,LEON,20,LEON,1349,C03,296,21,4,16,9,55,112,513,0,6,519,749
11,GUANAJUATO,7,LEON,20,LEON,1349,C04,319,12,3,13,7,48,105,507,0,8,515,749
11,GUANAJUATO,7,LEON,20,LEON,1349,C05,293,6,0,18,2,53,105,477,0,17,494,749
11,GUANAJUATO,7,LEON,20,LEON,1350,B,166,9,3,15,6,31,100,330,0,18,348,531
11,GUANAJUATO,7,LEON,20,LEON,1350,C01,219,13,0,13,5,33,90,373,0,18,391,531
11,GUANAJUATO,7,LEON,20,LEON,1351,B,211,13,2,10,4,35,128,403,0,15,418,622
11,GUANAJUATO,7,LEON,20,LEON,1351,C01,245,10,0,12,4,43,100,414,0,16,430,621
11,GUANAJUATO,7,LEON,20,LEON,1352,B,256,9,4,11,1,59,121,461,0,26,487,714
11,GUANAJUATO,7,LEON,20,LEON,1352,C01,250,8,1,16,5,50,116,446,0,19,465,713
11,GUANAJUATO,7,LEON,20,LEON,1353,B,192,16,2,2,4,20,78,314,0,17,331,522
11,GUANAJUATO,7,LEON,20,LEON,1353,C01,172,8,3,11,2,30,88,314,0,20,334,522
11,GUANAJUATO,7,LEON,20,LEON,1354,B,177,9,2,10,2,40,99,339,0,15,354,563
11,GUANAJUATO,7,LEON,20,LEON,1354,C01,174,13,0,7,1,39,106,340,0,13,353,563
11,GUANAJUATO,7,LEON,20,LEON,1355,B,199,11,0,17,4,37,90,358,1,14,373,561
11,GUANAJUATO,7,LEON,20,LEON,1355,C01,117,11,1,9,2,29,92,261,0,18,279,561
11,GUANAJUATO,7,LEON,20,LEON,1356,B,198,9,2,8,5,37,105,364,0,16,380,620
11,GUANAJUATO,7,LEON,20,LEON,1356,C01,217,12,2,15,4,35,102,387,1,13,401,620
11,GUANAJUATO,7,LEON,20,LEON,1357,B,175,9,1,6,3,24,81,299,0,13,312,469
11,GUANAJUATO,7,LEON,20,LEON,1357,C01,167,11,1,11,2,22,81,295,0,27,322,468
11,GUANAJUATO,7,LEON,20,LEON,1358,B,148,11,0,2,3,22,92,278,0,17,295,433
11,GUANAJUATO,7,LEON,20,LEON,1358,C01,152,3,1,8,2,21,84,271,0,6,277,432
11,GUANAJUATO,7,LEON,20,LEON,1359,B,147,2,1,4,1,21,78,254,0,12,266,420
11,GUANAJUATO,7,LEON,20,LEON,1359,C01,134,7,1,8,2,16,83,251,0,18,269,420
11,GUANAJUATO,7,LEON,20,LEON,1360,B,109,8,1,17,10,30,109,284,0,19,303,514
11,GUANAJUATO,7,LEON,20,LEON,1360,C01,158,9,0,13,3,41,95,319,0,16,335,514
11,GUANAJUATO,7,LEON,20,LEON,1361,B,184,8,1,19,5,37,94,348,2,11,361,488
11,GUANAJUATO,7,LEON,20,LEON,1361,C01,215,10,1,7,2,31,89,355,1,8,364,488
11,GUANAJUATO,7,LEON,20,LEON,1362,B,181,16,1,16,3,32,104,353,0,24,377,602
11,GUANAJUATO,7,LEON,20,LEON,1362,C01,169,14,3,22,15,28,114,365,1,20,386,601
11,GUANAJUATO,7,LEON,20,LEON,1363,B,238,5,2,17,4,39,92,397,1,27,425,651
11,GUANAJUATO,7,LEON,20,LEON,1363,C01,206,12,6,14,8,33,131,410,0,26,436,650
11,GUANAJUATO,7,LEON,20,LEON,1364,B,125,9,5,15,7,27,104,292,0,24,316,522
11,GUANAJUATO,7,LEON,20,LEON,1364,C01,112,5,0,14,5,29,114,279,0,0,279,522
11,GUANAJUATO,7,LEON,20,LEON,1364,C02,120,12,0,12,6,27,87,264,0,22,286,521
11,GUANAJUATO,7,LEON,20,LEON,1365,B,293,20,1,5,0,45,81,445,0,14,459,737
11,GUANAJUATO,7,LEON,20,LEON,1365,C01,270,11,0,9,4,51,80,425,0,8,433,737
11,GUANAJUATO,7,LEON,20,LEON,1365,C02,287,12,1,7,6,40,75,428,0,11,439,737
11,GUANAJUATO,7,LEON,20,LEON,1365,C03,318,8,1,9,4,36,105,481,0,8,489,737
11,GUANAJUATO,7,LEON,20,LEON,1365,C04,263,9,1,9,4,39,106,431,0,11,442,737
11,GUANAJUATO,7,LEON,20,LEON,1365,C05,326,15,1,8,2,50,90,492,0,8,500,737
11,GUANAJUATO,7,LEON,20,LEON,1365,C06,291,66,1,20,8,43,83,512,0,17,529,736
11,GUANAJUATO,7,LEON,20,LEON,1365,C07,295,9,3,18,2,57,93,477,0,15,492,736
11,GUANAJUATO,7,LEON,20,LEON,1365,C08,286,12,2,18,4,42,81,445,0,1,446,736
11,GUANAJUATO,7,LEON,20,LEON,1366,B,152,2,2,12,6,31,108,313,0,24,337,533
11,GUANAJUATO,7,LEON,20,LEON,1366,C01,164,8,1,13,4,26,80,296,0,20,316,532
11,GUANAJUATO,4,LEON,20,LEON,1367,B,256,7,2,23,6,63,132,489,3,15,507,715
11,GUANAJUATO,4,LEON,20,LEON,1367,C01,241,8,3,21,6,57,141,477,1,17,495,715
11,GUANAJUATO,4,LEON,20,LEON,1367,C02,222,17,2,12,2,49,137,441,0,19,460,714
11,GUANAJUATO,7,LEON,20,LEON,1368,B,151,7,1,12,2,22,75,270,0,14,284,420
11,GUANAJUATO,7,LEON,20,LEON,1368,C01,124,12,1,12,1,31,78,259,0,16,275,420
11,GUANAJUATO,7,LEON,20,LEON,1369,B,217,15,2,21,3,45,132,435,0,16,451,735
11,GUANAJUATO,7,LEON,20,LEON,1369,C01,195,18,0,11,8,36,128,396,0,21,417,734
11,GUANAJUATO,7,LEON,20,LEON,1370,B,225,14,5,21,2,53,146,466,0,24,490,706
11,GUANAJUATO,7,LEON,20,LEON,1370,C01,212,6,3,21,3,35,147,427,0,16,443,706
11,GUANAJUATO,7,LEON,20,LEON,1371,B,150,10,0,8,1,22,73,264,0,4,268,392
11,GUANAJUATO,7,LEON,20,LEON,1371,C01,139,4,0,12,1,29,2,187,0,9,196,392
11,GUANAJUATO,7,LEON,20,LEON,1372,B,192,10,1,9,2,125,123,462,0,21,483,623
11,GUANAJUATO,7,LEON,20,LEON,1372,C01,189,16,0,21,4,27,118,375,0,20,395,623
11,GUANAJUATO,7,LEON,20,LEON,1373,B,222,17,2,22,8,43,122,436,0,27,463,734
11,GUANAJUATO,7,LEON,20,LEON,1374,B,148,8,0,12,0,27,92,287,0,10,297,440
11,GUANAJUATO,7,LEON,20,LEON,1374,C01,164,9,2,16,7,26,73,297,0,14,311,440
11,GUANAJUATO,7,LEON,20,LEON,1375,B,183,18,0,18,9,32,108,368,0,6,374,619
11,GUANAJUATO,7,LEON,20,LEON,1376,B,166,15,2,8,7,25,99,322,0,24,346,527
11,GUANAJUATO,7,LEON,20,LEON,1377,B,228,20,2,13,4,24,104,395,0,16,411,629
11,GUANAJUATO,7,LEON,20,LEON,1378,B,172,14,1,9,5,33,161,395,0,18,413,637
11,GUANAJUATO,7,LEON,20,LEON,1379,B,142,13,1,11,1,31,56,255,0,10,265,410
11,GUANAJUATO,7,LEON,20,LEON,1379,C01,116,10,0,13,3,20,72,234,0,18,252,410
11,GUANAJUATO,7,LEON,20,LEON,1380,B,123,7,0,9,4,18,67,228,0,9,237,380
11,GUANAJUATO,7,LEON,20,LEON,1381,B,133,15,0,23,3,24,94,292,0,27,319,495
11,GUANAJUATO,7,LEON,20,LEON,1382,B,119,12,1,32,0,14,105,283,0,11,294,476
11,GUANAJUATO,7,LEON,20,LEON,1382,C01,147,15,0,13,3,22,98,298,0,12,310,475
11,GUANAJUATO,7,LEON,20,LEON,1383,B,198,10,3,16,2,31,79,339,0,6,345,512
11,GUANAJUATO,7,LEON,20,LEON,1384,B,215,11,1,16,3,42,146,434,0,27,461,697
11,GUANAJUATO,7,LEON,20,LEON,1385,B,248,19,1,10,3,35,115,431,0,29,460,697
11,GUANAJUATO,7,LEON,20,LEON,1385,C01,222,13,2,11,3,33,132,416,0,27,443,697
11,GUANAJUATO,7,LEON,20,LEON,1386,B,128,7,1,11,3,14,95,259,0,19,278,444
11,GUANAJUATO,7,LEON,20,LEON,1386,C01,137,5,1,11,2,22,83,261,0,21,282,443
11,GUANAJUATO,7,LEON,20,LEON,1387,B,154,10,2,11,3,31,88,299,0,9,308,518
11,GUANAJUATO,7,LEON,20,LEON,1387,C01,153,9,1,7,1,32,86,289,0,17,306,518
11,GUANAJUATO,7,LEON,20,LEON,1387,C02,155,10,2,10,0,31,86,294,5,19,318,518
11,GUANAJUATO,7,LEON,20,LEON,1388,B,15,6,0,1,0,4,11,37,0,2,39,606
11,GUANAJUATO,7,LEON,20,LEON,1388,C01,305,18,4,36,2,49,249,663,0,38,701,606
11,GUANAJUATO,7,LEON,20,LEON,1389,B,173,10,5,14,11,29,134,376,1,21,398,584
11,GUANAJUATO,7,LEON,20,LEON,1389,C01,180,9,4,13,7,30,117,360,0,20,380,583
11,GUANAJUATO,4,LEON,20,LEON,1390,B,188,6,2,21,7,29,117,370,0,22,392,694
11,GUANAJUATO,4,LEON,20,LEON,1390,C01,174,11,4,18,4,40,124,375,0,18,393,693
11,GUANAJUATO,4,LEON,20,LEON,1390,C02,209,7,1,25,7,24,146,419,0,21,440,693
11,GUANAJUATO,4,LEON,20,LEON,1391,B,406,9,4,7,1,50,48,525,1,10,536,694
11,GUANAJUATO,4,LEON,20,LEON,1391,C01,381,10,0,8,3,69,46,517,0,12,529,694
11,GUANAJUATO,4,LEON,20,LEON,1391,C02,378,14,2,8,3,54,46,505,0,14,519,694
11,GUANAJUATO,4,LEON,20,LEON,1391,C03,380,8,1,13,3,69,44,518,0,8,526,694
11,GUANAJUATO,4,LEON,20,LEON,1391,C04,386,13,0,7,1,55,58,520,0,8,528,694
11,GUANAJUATO,4,LEON,20,LEON,1391,C05,391,12,2,14,4,55,71,549,0,6,555,694
11,GUANAJUATO,4,LEON,20,LEON,1391,C06,378,9,1,12,2,45,53,500,0,7,507,693
11,GUANAJUATO,4,LEON,20,LEON,1393,B,185,9,1,12,8,21,133,369,0,13,382,609
11,GUANAJUATO,4,LEON,20,LEON,1393,C01,186,6,1,11,2,27,117,350,0,20,370,608
11,GUANAJUATO,7,LEON,20,LEON,1394,B,341,8,2,13,3,41,82,490,0,11,501,661
11,GUANAJUATO,7,LEON,20,LEON,1394,C01,315,21,0,10,3,55,90,494,2,19,515,661
11,GUANAJUATO,7,LEON,20,LEON,1395,B,195,17,0,22,9,36,143,422,0,25,447,680
11,GUANAJUATO,7,LEON,20,LEON,1395,C01,193,21,1,22,3,42,114,396,0,24,420,680
11,GUANAJUATO,7,LEON,20,LEON,1396,B,193,15,0,20,5,28,107,368,0,21,389,665
11,GUANAJUATO,7,LEON,20,LEON,1396,C01,196,11,1,14,1,37,110,370,0,16,386,665
11,GUANAJUATO,7,LEON,20,LEON,1396,C02,214,10,1,19,5,41,100,390,0,26,416,664
11,GUANAJUATO,7,LEON,20,LEON,1397,B,195,13,1,7,7,29,87,339,0,20,359,619
11,GUANAJUATO,7,LEON,20,LEON,1397,C01,157,17,3,21,11,36,133,378,0,17,395,619
11,GUANAJUATO,7,LEON,20,LEON,1398,B,188,14,4,6,2,20,83,317,0,13,330,484
11,GUANAJUATO,7,LEON,20,LEON,1398,C01,148,4,2,7,5,28,105,299,0,0,299,484
11,GUANAJUATO,7,LEON,20,LEON,1399,B,166,11,2,2,2,24,53,260,0,5,265,380
11,GUANAJUATO,7,LEON,20,LEON,1400,B,222,17,1,11,4,19,45,319,0,3,322,723
11,GUANAJUATO,7,LEON,20,LEON,1401,B,312,11,1,16,7,44,108,499,1,35,535,439
11,GUANAJUATO,7,LEON,20,LEON,1402,B,177,12,0,6,2,31,67,295,0,10,305,411
11,GUANAJUATO,7,LEON,20,LEON,1403,B,120,5,0,14,4,24,78,245,0,17,262,428
11,GUANAJUATO,7,LEON,20,LEON,1404,B,217,11,1,21,3,39,115,407,0,6,413,713
11,GUANAJUATO,7,LEON,20,LEON,1405,B,218,19,2,15,6,46,119,425,0,10,435,720
11,GUANAJUATO,7,LEON,20,LEON,1406,B,140,3,2,3,1,16,56,221,0,16,237,383
11,GUANAJUATO,7,LEON,20,LEON,1407,B,229,16,3,8,4,39,133,432,0,20,452,666
11,GUANAJUATO,7,LEON,20,LEON,1408,B,188,5,1,5,0,34,68,301,0,17,318,459
11,GUANAJUATO,7,LEON,20,LEON,1408,C01,149,10,1,13,2,28,81,284,0,27,311,458
11,GUANAJUATO,7,LEON,20,LEON,1409,B,172,9,0,8,3,17,122,331,0,20,351,543
11,GUANAJUATO,7,LEON,20,LEON,1409,C01,202,11,3,15,5,27,93,356,1,17,374,543
11,GUANAJUATO,7,LEON,20,LEON,1410,B,154,4,1,21,3,25,68,276,0,18,294,485
11,GUANAJUATO,7,LEON,20,LEON,1410,C01,163,11,3,14,2,20,76,289,0,14,303,484
11,GUANAJUATO,7,LEON,20,LEON,1411,B,163,8,2,21,4,34,129,361,0,16,377,635
11,GUANAJUATO,7,LEON,20,LEON,1411,C01,186,8,0,11,9,17,114,345,0,17,362,634
11,GUANAJUATO,4,LEON,20,LEON,1412,B,236,9,0,23,3,38,127,436,0,13,449,637
11,GUANAJUATO,4,LEON,20,LEON,1412,C01,248,10,3,18,4,36,103,422,0,15,437,636
11,GUANAJUATO,4,LEON,20,LEON,1413,B,181,13,0,12,4,30,70,310,0,18,328,493
11,GUANAJUATO,4,LEON,20,LEON,1413,C01,166,10,3,2,2,28,37,248,0,17,265,493
11,GUANAJUATO,7,LEON,20,LEON,1414,B,228,6,1,7,4,37,116,399,0,18,417,631
11,GUANAJUATO,7,LEON,20,LEON,1414,C01,247,10,1,8,5,40,98,409,0,0,409,631
11,GUANAJUATO,7,LEON,20,LEON,1414,C02,206,16,3,13,5,42,101,386,0,12,398,631
11,GUANAJUATO,7,LEON,20,LEON,1414,C03,239,9,1,14,3,43,31,340,1,17,358,631
11,GUANAJUATO,7,LEON,20,LEON,1414,C04,236,4,0,21,0,36,120,417,0,12,429,631
11,GUANAJUATO,7,LEON,20,LEON,1415,B,294,11,2,11,1,50,85,454,0,13,467,631
11,GUANAJUATO,7,LEON,20,LEON,1415,C01,286,13,1,10,1,27,79,417,0,8,425,631
11,GUANAJUATO,7,LEON,20,LEON,1415,C02,288,6,4,9,4,43,64,418,0,9,427,630
11,GUANAJUATO,7,LEON,20,LEON,1415,C03,252,14,2,100,2,53,88,511,1,20,532,630
11,GUANAJUATO,7,LEON,20,LEON,1416,B,147,15,3,12,7,21,105,310,0,27,337,480
11,GUANAJUATO,7,LEON,20,LEON,1416,C01,186,13,0,10,6,27,31,273,0,25,298,480
11,GUANAJUATO,7,LEON,20,LEON,1417,B,272,20,0,10,0,43,115,460,0,16,476,718
11,GUANAJUATO,7,LEON,20,LEON,1418,B,268,13,1,12,1,36,99,430,0,19,449,662
11,GUANAJUATO,7,LEON,20,LEON,1419,B,164,19,1,5,1,26,57,273,0,13,286,361
11,GUANAJUATO,7,LEON,20,LEON,1420,B,178,13,0,5,3,20,84,303,0,8,311,462
11,GUANAJUATO,7,LEON,20,LEON,1421,B,270,12,0,7,3,31,127,450,0,15,465,671
11,GUANAJUATO,7,LEON,20,LEON,1422,B,189,13,1,4,2,27,45,281,0,5,286,397
11,GUANAJUATO,7,LEON,20,LEON,1423,B,137,3,3,3,0,13,38,197,0,7,204,295
11,GUANAJUATO,7,LEON,20,LEON,1424,B,189,17,3,6,3,34,78,330,0,16,346,574
11,GUANAJUATO,7,LEON,20,LEON,1425,B,200,10,3,5,2,34,60,314,0,17,331,514
11,GUANAJUATO,7,LEON,20,LEON,1426,B,174,10,0,5,1,36,52,278,0,7,285,475
11,GUANAJUATO,7,LEON,20,LEON,1427,B,235,10,1,7,2,17,66,338,0,18,356,499
11,GUANAJUATO,7,LEON,20,LEON,1428,B,276,28,0,10,0,40,37,391,14,9,414,690
11,GUANAJUATO,7,LEON,20,LEON,1429,B,123,15,0,12,3,27,66,246,0,16,262,400
11,GUANAJUATO,7,LEON,20,LEON,1430,B,190,12,1,9,1,24,69,306,0,16,322,508
11,GUANAJUATO,7,LEON,20,LEON,1431,B,158,15,1,3,1,16,45,239,0,11,250,348
11,GUANAJUATO,7,LEON,20,LEON,1432,B,117,10,0,9,2,17,57,212,0,6,218,327
11,GUANAJUATO,7,LEON,20,LEON,1433,B,166,11,3,11,0,34,64,289,0,19,308,450
11,GUANAJUATO,7,LEON,20,LEON,1434,B,138,8,1,15,9,39,90,300,0,7,307,463
11,GUANAJUATO,7,LEON,20,LEON,1434,S01,13,0,0,1,0,9,10,33,0,3,36,0
11,GUANAJUATO,7,LEON,20,LEON,1435,B,153,15,1,14,1,37,112,333,1,31,365,654
11,GUANAJUATO,21,LEON,20,LEON,1436,B,134,11,0,17,1,38,161,362,0,26,388,566
11,GUANAJUATO,21,LEON,20,LEON,1436,C01,161,7,3,15,3,30,118,337,0,34,371,566
11,GUANAJUATO,21,LEON,20,LEON,1437,B,386,13,3,11,1,48,51,513,0,11,524,673
11,GUANAJUATO,21,LEON,20,LEON,1437,C01,366,11,1,18,1,53,55,505,0,12,517,673
11,GUANAJUATO,21,LEON,20,LEON,1438,B,191,4,1,15,2,31,88,332,1,26,359,558
11,GUANAJUATO,21,LEON,20,LEON,1438,C01,177,7,2,15,7,21,109,338,1,11,350,557
11,GUANAJUATO,21,LEON,20,LEON,1438,C02,189,4,2,11,5,32,107,350,0,17,367,557
11,GUANAJUATO,7,LEON,20,LEON,1439,B,291,5,1,8,2,27,51,385,0,13,398,481
11,GUANAJUATO,7,LEON,20,LEON,1439,C01,251,11,1,14,1,19,48,345,0,13,358,480
11,GUANAJUATO,7,LEON,20,LEON,1440,B,226,13,0,14,2,25,54,334,0,6,340,453
11,GUANAJUATO,7,LEON,20,LEON,1440,C01,275,7,0,6,1,17,40,346,0,7,353,452
11,GUANAJUATO,7,LEON,20,LEON,1441,B,151,5,1,9,0,30,54,250,0,10,260,360
11,GUANAJUATO,7,LEON,20,LEON,1442,B,134,19,1,7,5,24,72,262,0,75,337,424
11,GUANAJUATO,7,LEON,20,LEON,1443,B,163,19,5,8,4,18,48,265,0,13,278,410
11,GUANAJUATO,7,LEON,20,LEON,1444,B,172,6,0,13,3,25,56,275,0,7,282,390
11,GUANAJUATO,7,LEON,20,LEON,1445,B,97,8,1,2,1,18,37,164,0,5,169,251
11,GUANAJUATO,7,LEON,20,LEON,1446,B,175,10,2,3,2,26,48,266,0,6,272,366
11,GUANAJUATO,7,LEON,20,LEON,1447,B,194,18,0,6,2,29,56,305,0,14,319,431
11,GUANAJUATO,7,LEON,20,LEON,1448,B,193,11,0,11,3,52,64,334,0,11,345,482
11,GUANAJUATO,7,LEON,20,LEON,1449,B,110,10,4,17,2,14,48,205,0,12,217,419
11,GUANAJUATO,21,LEON,20,LEON,1450,B,319,11,1,9,5,63,95,503,0,6,509,694
11,GUANAJUATO,21,LEON,20,LEON,1450,C01,311,15,1,13,5,52,92,489,0,8,497,694
11,GUANAJUATO,21,LEON,20,LEON,1450,C02,269,10,1,17,5,41,101,444,0,10,454,694
11,GUANAJUATO,21,LEON,20,LEON,1450,C03,129,14,1,12,1,47,88,292,0,10,302,694
11,GUANAJUATO,21,LEON,20,LEON,1450,C04,325,16,4,9,1,38,88,481,1,17,499,693
11,GUANAJUATO,21,LEON,20,LEON,1451,B,186,8,2,25,4,38,148,411,0,30,441,654
11,GUANAJUATO,21,LEON,20,LEON,1451,C01,170,11,0,20,3,44,148,396,0,24,420,654
11,GUANAJUATO,21,LEON,20,LEON,1452,B,142,9,4,10,8,34,173,380,1,5,386,587
11,GUANAJUATO,21,LEON,20,LEON,1452,C01,157,9,1,16,1,23,139,346,0,29,375,587
11,GUANAJUATO,21,LEON,20,LEON,1453,B,258,12,2,26,5,48,118,469,0,21,490,700
11,GUANAJUATO,21,LEON,20,LEON,1453,C01,267,17,1,32,7,48,130,502,0,14,516,700
11,GUANAJUATO,7,LEON,20,LEON,1454,B,143,3,0,6,1,24,42,219,0,11,230,342
11,GUANAJUATO,7,LEON,20,LEON,1455,B,106,6,2,4,3,20,72,213,0,13,226,344
11,GUANAJUATO,7,LEON,20,LEON,1456,B,244,15,0,13,0,39,58,369,1,17,387,541
11,GUANAJUATO,7,LEON,20,LEON,1457,B,140,4,2,6,2,20,39,213,0,8,221,312
11,GUANAJUATO,7,LEON,20,LEON,1458,B,126,11,2,6,0,39,36,220,0,7,227,344
11,GUANAJUATO,7,LEON,20,LEON,1459,B,214,22,3,9,1,31,64,344,0,15,359,526
11,GUANAJUATO,7,LEON,20,LEON,1460,B,239,14,1,8,2,23,67,354,0,12,366,528
11,GUANAJUATO,7,LEON,20,LEON,1461,B,190,5,0,6,2,22,79,304,0,10,314,438
11,GUANAJUATO,7,LEON,20,LEON,1461,C01,161,5,0,12,5,37,65,285,1,14,300,438
11,GUANAJUATO,7,LEON,20,LEON,1462,B,183,15,2,6,3,37,51,297,1,12,310,432
11,GUANAJUATO,7,LEON,20,LEON,1463,B,265,11,1,8,4,48,86,423,0,16,439,652
11,GUANAJUATO,6,LEON,20,LEON,1464,B,249,19,1,8,6,21,101,405,0,17,422,706
11,GUANAJUATO,6,LEON,20,LEON,1465,B,126,13,0,12,3,19,85,258,0,13,271,493
11,GUANAJUATO,6,LEON,20,LEON,1465,C01,113,8,1,5,2,30,101,260,0,20,280,493
11,GUANAJUATO,6,LEON,20,LEON,1466,B,284,26,1,11,2,37,99,460,0,17,477,626
11,GUANAJUATO,6,LEON,20,LEON,1467,B,158,10,0,0,1,37,66,272,0,8,280,407
11,GUANAJUATO,6,LEON,20,LEON,1467,C01,181,11,0,9,0,21,49,271,0,13,284,406
11,GUANAJUATO,6,LEON,20,LEON,1468,B,120,13,5,15,6,16,119,294,0,20,314,647
11,GUANAJUATO,6,LEON,20,LEON,1468,C01,263,13,5,8,1,18,49,357,0,17,374,647
11,GUANAJUATO,6,LEON,20,LEON,1468,C02,123,12,7,13,1,27,90,273,0,23,296,647
11,GUANAJUATO,6,LEON,20,LEON,1469,B,115,9,2,3,2,19,60,210,0,12,222,432
11,GUANAJUATO,6,LEON,20,LEON,1469,C01,107,10,1,8,1,13,56,196,0,14,210,432
11,GUANAJUATO,3,LEON,20,LEON,1470,B,92,6,0,3,4,2,16,123,0,6,129,199
11,GUANAJUATO,3,LEON,20,LEON,1471,B,74,5,0,4,1,4,15,103,0,8,111,143
11,GUANAJUATO,3,LEON,20,LEON,1472,B,150,5,1,6,0,5,12,179,0,7,186,291
11,GUANAJUATO,3,LEON,20,LEON,1472,E01,86,1,0,1,0,6,6,100,0,2,102,173
11,GUANAJUATO,3,LEON,20,LEON,1473,B,372,4,1,7,1,30,31,446,0,10,456,657
11,GUANAJUATO,3,LEON,20,LEON,1473,C01,401,18,1,8,0,27,34,489,0,15,504,657
11,GUANAJUATO,3,LEON,20,LEON,1473,C02,411,16,1,5,2,34,39,508,0,0,508,657
11,GUANAJUATO,3,LEON,20,LEON,1473,C03,332,29,3,10,4,17,50,445,0,18,463,657
11,GUANAJUATO,3,LEON,20,LEON,1473,C04,343,28,0,12,5,18,32,438,0,16,454,656
11,GUANAJUATO,4,LEON,20,LEON,1474,B,117,13,2,11,5,5,43,196,0,14,210,407
11,GUANAJUATO,4,LEON,20,LEON,1474,C01,108,9,1,11,3,9,37,178,0,4,182,406
11,GUANAJUATO,4,LEON,20,LEON,1475,B,177,25,3,12,2,13,22,254,0,9,263,468
11,GUANAJUATO,4,LEON,20,LEON,1476,B,152,9,0,5,3,2,17,188,0,7,195,369
11,GUANAJUATO,3,LEON,20,LEON,1478,B,266,13,1,8,2,21,27,338,0,14,352,500
11,GUANAJUATO,3,LEON,20,LEON,1478,C01,263,13,5,8,1,18,49,357,0,17,374,499
11,GUANAJUATO,3,LEON,20,LEON,1479,B,188,19,1,8,1,23,71,311,0,15,326,690
11,GUANAJUATO,3,LEON,20,LEON,1479,C01,174,18,2,8,3,29,77,311,0,12,323,690
11,GUANAJUATO,3,LEON,20,LEON,1479,C02,212,16,3,16,2,16,51,316,0,16,332,689
11,GUANAJUATO,3,LEON,20,LEON,1479,C03,189,17,3,12,5,19,72,317,0,14,331,689
11,GUANAJUATO,3,LEON,20,LEON,1480,B,205,20,1,14,4,30,78,352,0,10,362,666
11,GUANAJUATO,3,LEON,20,LEON,1480,C01,208,24,0,13,5,30,105,385,0,15,400,665
11,GUANAJUATO,3,LEON,20,LEON,1480,C02,194,30,2,11,1,37,93,368,0,11,379,665
11,GUANAJUATO,3,LEON,20,LEON,1480,C03,198,29,2,9,7,34,104,383,0,8,391,665
11,GUANAJUATO,3,LEON,20,LEON,1481,B,310,14,3,10,2,66,103,508,0,8,516,692
11,GUANAJUATO,3,LEON,20,LEON,1481,C01,314,12,2,15,5,52,104,504,1,19,524,692
11,GUANAJUATO,3,LEON,20,LEON,1481,C02,283,12,5,12,8,54,105,479,1,11,491,691
11,GUANAJUATO,3,LEON,20,LEON,1481,C03,290,12,1,17,3,57,99,479,0,14,493,691
11,GUANAJUATO,3,LEON,20,LEON,1481,C04,287,16,3,11,3,43,109,472,1,14,487,691
11,GUANAJUATO,3,LEON,20,LEON,1481,C05,282,16,2,10,1,43,132,486,0,15,501,691
11,GUANAJUATO,3,LEON,20,LEON,1481,E01,157,13,2,3,3,11,56,245,0,15,260,476
11,GUANAJUATO,3,LEON,20,LEON,1481,E01C01,132,5,0,11,5,22,70,245,0,6,251,475
11,GUANAJUATO,4,LEON,20,LEON,1482,B,276,45,3,9,2,8,50,393,0,12,405,697
11,GUANAJUATO,4,LEON,20,LEON,1482,E01,48,7,2,3,0,6,21,87,0,8,95,166
11,GUANAJUATO,5,LEON,20,LEON,1483,B,149,4,0,12,4,22,97,288,0,19,307,727
11,GUANAJUATO,5,LEON,20,LEON,1483,C01,122,10,4,13,3,28,121,301,0,22,323,727
11,GUANAJUATO,5,LEON,20,LEON,1483,C02,149,3,4,8,2,26,85,277,0,10,287,727
11,GUANAJUATO,5,LEON,20,LEON,1483,C03,156,6,0,1,1,34,82,280,0,15,295,727
11,GUANAJUATO,5,LEON,20,LEON,1483,C04,140,6,0,11,2,15,103,277,0,19,296,727
11,GUANAJUATO,5,LEON,20,LEON,1483,C05,128,10,2,12,3,38,84,277,0,22,299,727
11,GUANAJUATO,5,LEON,20,LEON,1483,C06,134,10,1,10,2,31,102,290,0,10,300,727
11,GUANAJUATO,5,LEON,20,LEON,1483,C07,124,8,1,15,2,27,108,285,0,18,303,727
11,GUANAJUATO,5,LEON,20,LEON,1483,C08,159,10,1,17,4,24,84,299,0,8,307,726
11,GUANAJUATO,5,LEON,20,LEON,1483,C09,154,13,0,9,5,25,98,304,0,9,313,726
11,GUANAJUATO,5,LEON,20,LEON,1484,B,132,3,0,9,1,31,93,269,0,7,276,719
11,GUANAJUATO,5,LEON,20,LEON,1484,C01,104,3,1,13,4,28,101,254,0,15,269,719
11,GUANAJUATO,5,LEON,20,LEON,1484,C02,103,6,1,9,2,25,105,251,0,10,261,719
11,GUANAJUATO,5,LEON,20,LEON,1484,C03,131,2,3,13,4,25,122,300,0,6,306,719
11,GUANAJUATO,5,LEON,20,LEON,1484,C04,101,10,1,11,2,29,129,283,0,11,294,719
11,GUANAJUATO,5,LEON,20,LEON,1484,C05,123,9,1,9,1,27,105,275,0,16,291,719
11,GUANAJUATO,5,LEON,20,LEON,1484,C06,95,8,1,11,1,22,124,262,0,7,269,719
11,GUANAJUATO,5,LEON,20,LEON,1484,C07,113,7,0,7,0,34,92,253,0,11,264,719
11,GUANAJUATO,5,LEON,20,LEON,1484,C08,108,12,1,11,1,26,108,267,0,16,283,719
11,GUANAJUATO,5,LEON,20,LEON,1484,C09,116,9,2,9,1,25,102,264,0,5,269,719
11,GUANAJUATO,5,LEON,20,LEON,1484,C10,121,3,2,14,2,31,115,288,0,9,297,719
11,GUANAJUATO,5,LEON,20,LEON,1484,C11,98,6,0,9,2,33,115,263,0,11,274,718
11,GUANAJUATO,5,LEON,20,LEON,1484,C12,128,5,2,10,2,33,37,217,0,13,230,718
11,GUANAJUATO,5,LEON,20,LEON,1484,C13,119,5,0,7,2,21,104,258,0,9,267,718
11,GUANAJUATO,5,LEON,20,LEON,1484,C14,88,3,2,12,1,28,113,247,0,12,259,718
11,GUANAJUATO,5,LEON,20,LEON,1484,E01,58,1,0,1,0,2,1,63,0,0,63,102
11,GUANAJUATO,4,LEON,20,LEON,1485,B,121,9,0,12,2,26,104,274,0,14,288,700
11,GUANAJUATO,4,LEON,20,LEON,1485,C01,0,0,0,0,0,0,0,0,0,0,0,700
11,GUANAJUATO,4,LEON,20,LEON,1485,C02,123,8,2,9,1,22,102,267,0,21,288,700
11,GUANAJUATO,4,LEON,20,LEON,1485,C03,118,15,0,10,6,25,101,275,0,5,280,700
11,GUANAJUATO,4,LEON,20,LEON,1485,C04,141,8,4,17,3,14,97,284,0,16,300,699
11,GUANAJUATO,4,LEON,20,LEON,1485,C05,135,12,3,15,0,31,119,315,0,13,328,699
11,GUANAJUATO,4,LEON,20,LEON,1486,B,130,2,1,5,2,13,32,185,0,10,195,399
11,GUANAJUATO,4,LEON,20,LEON,1486,C01,122,10,1,6,3,12,45,199,0,17,216,399
11,GUANAJUATO,4,LEON,20,LEON,1487,B,207,10,2,18,4,36,85,362,1,19,382,672
11,GUANAJUATO,4,LEON,20,LEON,1487,C01,233,2,4,20,4,27,70,360,0,6,366,672
11,GUANAJUATO,4,LEON,20,LEON,1487,C02,246,10,1,9,5,26,70,367,0,18,385,671
11,GUANAJUATO,4,LEON,20,LEON,1487,C03,242,9,3,7,3,40,69,373,0,12,385,671
11,GUANAJUATO,4,LEON,20,LEON,1487,C04,221,9,0,13,5,43,79,370,0,23,393,671
11,GUANAJUATO,4,LEON,20,LEON,1487,C05,229,3,0,10,6,28,85,361,0,13,374,671
11,GUANAJUATO,4,LEON,20,LEON,1487,C06,214,14,3,12,3,34,90,370,0,19,389,671
11,GUANAJUATO,4,LEON,20,LEON,1487,C07,232,6,2,9,3,43,80,375,0,17,392,671
11,GUANAJUATO,4,LEON,20,LEON,1487,C08,230,18,3,10,6,36,76,379,0,11,390,671
11,GUANAJUATO,4,LEON,20,LEON,1488,B,86,6,1,10,9,24,103,239,0,13,252,642
11,GUANAJUATO,4,LEON,20,LEON,1488,C01,0,0,0,0,0,0,0,0,0,0,0,642
11,GUANAJUATO,4,LEON,20,LEON,1488,C02,105,10,0,7,5,25,87,239,0,5,244,642
11,GUANAJUATO,4,LEON,20,LEON,1489,B,150,10,1,13,7,32,109,322,0,18,340,734
11,GUANAJUATO,4,LEON,20,LEON,1489,C01,143,7,1,9,7,23,109,299,0,27,326,734
11,GUANAJUATO,4,LEON,20,LEON,1489,C02,114,10,1,13,3,30,110,281,0,21,302,734
11,GUANAJUATO,4,LEON,20,LEON,1489,C03,124,8,0,14,4,16,140,306,0,17,323,734
11,GUANAJUATO,4,LEON,20,LEON,1489,C04,132,12,3,8,6,35,121,317,0,23,340,734
11,GUANAJUATO,4,LEON,20,LEON,1489,C05,139,6,2,12,5,30,109,303,0,11,314,733
11,GUANAJUATO,4,LEON,20,LEON,1489,C06,149,12,0,11,7,35,105,319,1,20,340,733
11,GUANAJUATO,4,LEON,20,LEON,1489,C07,118,9,2,9,8,31,105,282,0,22,304,733
11,GUANAJUATO,4,LEON,20,LEON,1489,C08,135,9,1,18,6,23,115,307,0,22,329,733
11,GUANAJUATO,4,LEON,20,LEON,1489,C09,0,0,0,0,0,0,0,0,0,0,0,733
11,GUANAJUATO,5,LEON,20,LEON,1491,B,0,0,0,0,0,0,0,0,0,0,0,723
11,GUANAJUATO,5,LEON,20,LEON,1491,C01,135,12,1,12,0,24,101,285,0,13,298,723
11,GUANAJUATO,5,LEON,20,LEON,1491,C02,0,0,0,0,0,0,0,0,0,0,0,723
11,GUANAJUATO,5,LEON,20,LEON,1491,C03,147,3,1,13,2,28,103,297,0,17,314,723
11,GUANAJUATO,5,LEON,20,LEON,1491,C04,129,8,3,12,3,33,96,284,0,18,302,723
11,GUANAJUATO,5,LEON,20,LEON,1491,C05,139,15,4,10,3,24,100,295,0,21,316,723
11,GUANAJUATO,5,LEON,20,LEON,1491,C06,160,8,2,12,3,40,86,311,0,19,330,722
11,GUANAJUATO,5,LEON,20,LEON,1492,B,145,11,10,7,5,25,110,313,0,10,323,720
11,GUANAJUATO,5,LEON,20,LEON,1492,C01,116,9,4,16,2,26,111,284,0,24,308,720
11,GUANAJUATO,5,LEON,20,LEON,1492,C02,124,9,4,19,4,26,116,302,0,19,321,720
11,GUANAJUATO,5,LEON,20,LEON,1492,C03,126,11,0,9,4,21,116,287,1,18,306,719
11,GUANAJUATO,5,LEON,20,LEON,1492,C04,127,12,0,21,2,33,102,297,0,11,308,719
11,GUANAJUATO,5,LEON,20,LEON,1492,C05,135,14,1,8,3,36,117,314,0,9,323,719
11,GUANAJUATO,5,LEON,20,LEON,1492,C06,105,8,2,8,2,27,117,269,0,13,282,719
11,GUANAJUATO,5,LEON,20,LEON,1492,C07,135,6,0,20,5,22,121,309,0,14,323,719
11,GUANAJUATO,5,LEON,20,LEON,1492,C08,123,7,1,15,5,35,98,284,0,15,299,719
11,GUANAJUATO,5,LEON,20,LEON,1493,B,124,11,3,11,5,25,123,302,0,15,317,705
11,GUANAJUATO,5,LEON,20,LEON,1493,C01,139,10,1,9,6,25,123,313,0,19,332,705
11,GUANAJUATO,5,LEON,20,LEON,1493,C02,139,4,1,9,3,20,115,291,7,3,301,705
11,GUANAJUATO,5,LEON,20,LEON,1493,C03,112,7,2,11,6,33,123,294,0,15,309,704
11,GUANAJUATO,5,LEON,20,LEON,1493,C04,126,9,0,8,2,29,115,289,0,6,295,704
11,GUANAJUATO,5,LEON,20,LEON,1493,C05,114,5,4,11,5,29,112,280,0,14,294,704
11,GUANAJUATO,5,LEON,20,LEON,1493,C06,127,5,1,12,2,24,110,281,0,7,288,704
11,GUANAJUATO,5,LEON,20,LEON,1493,C07,118,5,0,12,3,28,112,278,0,17,295,704
11,GUANAJUATO,5,LEON,20,LEON,1493,E01,0,0,0,0,0,0,0,0,0,0,0,677
11,GUANAJUATO,5,LEON,20,LEON,1493,E01C01,106,6,0,12,4,23,96,247,1,21,269,677
11,GUANAJUATO,5,LEON,20,LEON,1493,E01C02,128,16,4,13,4,19,109,293,0,16,309,676
11,GUANAJUATO,4,LEON,20,LEON,1497,B,152,20,1,17,6,15,105,316,0,12,328,663
11,GUANAJUATO,4,LEON,20,LEON,1497,C01,151,11,2,19,5,14,82,284,0,19,303,663
11,GUANAJUATO,4,LEON,20,LEON,1497,C02,141,21,2,4,2,9,85,264,0,15,279,662
11,GUANAJUATO,4,LEON,20,LEON,1497,C03,143,23,2,8,3,11,88,278,0,18,296,662
11,GUANAJUATO,4,LEON,20,LEON,1498,B,143,7,1,7,1,10,90,259,0,15,274,538
11,GUANAJUATO,4,LEON,20,LEON,1498,C01,0,0,0,0,0,0,0,0,0,0,0,538
11,GUANAJUATO,4,LEON,20,LEON,1499,B,0,0,0,0,0,0,0,0,0,0,0,525
11,GUANAJUATO,4,LEON,20,LEON,1499,C01,145,9,1,9,3,4,78,249,0,21,270,525
11,GUANAJUATO,4,LEON,20,LEON,1499,C02,0,0,0,0,0,0,0,0,0,0,0,525
11,GUANAJUATO,6,LEON,20,LEON,1501,B,100,11,4,13,5,18,117,268,0,18,286,668
11,GUANAJUATO,6,LEON,20,LEON,1501,C01,0,0,0,0,0,0,0,0,0,0,0,668
11,GUANAJUATO,6,LEON,20,LEON,1501,C02,113,9,2,14,3,20,142,303,0,17,320,667
11,GUANAJUATO,6,LEON,20,LEON,1501,C03,106,8,0,21,5,20,91,251,0,20,271,667
11,GUANAJUATO,6,LEON,20,LEON,1501,C04,102,8,1,14,6,26,110,267,0,18,285,667
11,GUANAJUATO,6,LEON,20,LEON,1501,C05,88,8,2,10,5,27,92,232,0,13,245,667
11,GUANAJUATO,6,LEON,20,LEON,1502,B,102,7,4,12,5,21,101,252,0,17,269,670
11,GUANAJUATO,6,LEON,20,LEON,1502,C01,88,9,1,21,3,25,123,270,0,18,288,670
11,GUANAJUATO,6,LEON,20,LEON,1502,C02,105,8,2,9,6,30,106,266,0,16,282,670
11,GUANAJUATO,6,LEON,20,LEON,1502,C03,90,10,1,10,2,17,105,235,0,11,246,669
11,GUANAJUATO,6,LEON,20,LEON,1502,C04,111,6,1,11,4,21,117,271,0,13,284,669
11,GUANAJUATO,6,LEON,20,LEON,1502,C05,111,6,0,14,1,17,112,261,0,11,272,669
11,GUANAJUATO,6,LEON,20,LEON,1502,E01,95,4,2,14,2,9,126,252,0,6,258,612
11,GUANAJUATO,6,LEON,20,LEON,1502,E01C01,96,9,0,13,7,15,87,227,0,18,245,611
11,GUANAJUATO,6,LEON,20,LEON,1502,E01C02,85,11,2,17,3,19,92,229,0,11,240,611
11,GUANAJUATO,6,LEON,20,LEON,1502,E01C03,0,0,0,0,0,0,0,0,0,0,0,611
11,GUANAJUATO,6,LEON,20,LEON,1502,E01C04,0,0,0,0,0,0,0,0,0,0,0,611
11,GUANAJUATO,4,LEON,20,LEON,1503,B,265,27,4,9,4,13,48,370,0,11,381,724
11,GUANAJUATO,4,LEON,20,LEON,1504,B,0,0,0,0,0,0,0,0,0,0,0,711
11,GUANAJUATO,4,LEON,20,LEON,1504,C01,0,0,0,0,0,0,0,0,0,0,0,711
11,GUANAJUATO,4,LEON,20,LEON,1504,C02,0,0,0,0,0,0,0,0,0,0,0,710
11,GUANAJUATO,4,LEON,20,LEON,1504,C03,153,19,4,1,5,11,102,295,0,0,295,710
11,GUANAJUATO,4,LEON,20,LEON,1504,C04,0,0,0,0,0,0,0,0,0,0,0,710
11,GUANAJUATO,4,LEON,20,LEON,1505,B,0,0,0,0,0,0,0,0,0,0,0,602
11,GUANAJUATO,4,LEON,20,LEON,1505,C01,128,18,1,8,6,17,89,267,0,15,282,602
11,GUANAJUATO,4,LEON,20,LEON,1506,B,0,0,0,0,0,0,0,0,0,0,0,715
11,GUANAJUATO,4,LEON,20,LEON,1506,C01,0,0,0,0,0,0,0,0,0,0,0,715
11,GUANAJUATO,4,LEON,20,LEON,1506,C02,0,0,0,0,0,0,0,0,0,0,0,715
11,GUANAJUATO,6,LEON,20,LEON,1507,B,120,3,2,9,2,8,52,196,0,8,204,520
11,GUANAJUATO,6,LEON,20,LEON,1507,C01,167,8,0,10,5,15,63,268,0,14,282,520
11,GUANAJUATO,6,LEON,20,LEON,1507,C02,125,10,2,2,2,20,56,217,0,5,222,519
11,GUANAJUATO,4,LEON,20,LEON,1508,B,0,0,0,0,0,0,0,0,0,0,0,723
11,GUANAJUATO,4,LEON,20,LEON,1508,C01,195,15,2,15,5,60,101,393,0,14,407,723
11,GUANAJUATO,4,LEON,20,LEON,1508,C02,202,15,1,18,3,77,114,430,0,6,436,723
11,GUANAJUATO,4,LEON,20,LEON,1508,C03,0,0,0,0,0,0,0,0,0,0,0,723
11,GUANAJUATO,4,LEON,20,LEON,1508,C04,195,10,2,11,3,63,116,400,0,15,415,723
11,GUANAJUATO,4,LEON,20,LEON,1508,C05,218,11,10,16,3,14,131,403,0,12,415,723
11,GUANAJUATO,4,LEON,20,LEON,1508,C06,179,18,0,9,6,52,101,365,0,22,387,723
11,GUANAJUATO,4,LEON,20,LEON,1508,C07,198,12,2,9,2,51,131,405,0,14,419,723
11,GUANAJUATO,4,LEON,20,LEON,1508,C08,174,13,0,7,1,57,133,385,0,8,393,723
11,GUANAJUATO,4,LEON,20,LEON,1508,C09,198,12,2,12,8,55,99,386,0,13,399,723
11,GUANAJUATO,4,LEON,20,LEON,1508,C10,175,19,1,12,2,38,108,355,0,15,370,723
11,GUANAJUATO,4,LEON,20,LEON,1508,C11,174,13,0,11,3,47,123,371,0,7,378,722
11,GUANAJUATO,4,LEON,20,LEON,1508,C12,162,28,1,24,2,36,125,378,0,14,392,722
11,GUANAJUATO,4,LEON,20,LEON,1508,C13,161,18,5,5,3,35,114,341,0,8,349,722
11,GUANAJUATO,4,LEON,20,LEON,1510,B,170,18,1,19,2,43,94,347,0,16,363,698
11,GUANAJUATO,4,LEON,20,LEON,1510,C01,188,6,1,10,5,38,96,344,1,13,358,698
11,GUANAJUATO,4,LEON,20,LEON,1510,C02,195,8,0,11,3,44,101,362,0,11,373,698
11,GUANAJUATO,4,LEON,20,LEON,1510,C03,205,9,1,10,6,35,98,364,0,12,376,698
11,GUANAJUATO,4,LEON,20,LEON,1510,C04,175,9,1,15,5,30,90,325,0,14,339,698
11,GUANAJUATO,4,LEON,20,LEON,1510,C05,170,15,1,11,5,44,90,336,0,11,347,698
11,GUANAJUATO,4,LEON,20,LEON,1510,C06,180,7,2,14,5,37,105,350,0,9,359,698
11,GUANAJUATO,4,LEON,20,LEON,1510,C07,174,10,5,10,7,45,111,362,0,13,375,698
11,GUANAJUATO,4,LEON,20,LEON,1510,C08,0,0,0,0,0,0,0,0,0,0,0,697
11,GUANAJUATO,4,LEON,20,LEON,1510,C09,169,14,0,16,3,33,99,334,0,19,353,697
11,GUANAJUATO,4,LEON,20,LEON,1510,C10,220,7,0,21,3,46,93,390,0,11,401,697
11,GUANAJUATO,4,LEON,20,LEON,1510,C11,192,10,2,17,4,26,108,359,16,0,375,697
11,GUANAJUATO,4,LEON,20,LEON,1510,C12,191,15,4,13,4,31,91,349,0,12,361,697
11,GUANAJUATO,6,LEON,20,LEON,1511,B,143,7,0,9,2,12,81,254,0,13,267,530
11,GUANAJUATO,6,LEON,20,LEON,1511,C01,171,3,2,12,7,16,66,277,0,21,298,530
11,GUANAJUATO,6,LEON,20,LEON,1511,C02,0,0,0,0,0,0,0,0,0,0,0,529
11,GUANAJUATO,4,LEON,20,LEON,1512,B,159,12,1,7,2,5,69,255,0,31,286,543
11,GUANAJUATO,4,LEON,20,LEON,1512,C01,168,11,0,7,3,13,53,255,0,11,266,543
11,GUANAJUATO,4,LEON,20,LEON,1512,C02,170,14,0,8,4,4,36,236,0,13,249,542
11,GUANAJUATO,4,LEON,20,LEON,1513,B,244,11,1,8,2,26,50,342,0,16,358,573
11,GUANAJUATO,4,LEON,20,LEON,1513,C01,245,16,4,8,3,32,57,365,0,11,376,573
11,GUANAJUATO,4,LEON,20,LEON,1513,C02,0,0,0,0,0,0,0,0,0,0,0,572
11,GUANAJUATO,7,LEON,20,LEON,1514,B,239,11,0,6,1,50,36,343,0,7,350,467
11,GUANAJUATO,7,LEON,20,LEON,1515,B,321,22,1,9,2,37,49,441,0,5,446,597
11,GUANAJUATO,7,LEON,20,LEON,1516,B,239,8,1,4,1,41,41,335,0,4,339,439
11,GUANAJUATO,7,LEON,20,LEON,1516,C01,242,11,0,5,1,34,46,339,0,4,343,439
11,GUANAJUATO,7,LEON,20,LEON,1517,B,263,10,0,9,0,45,35,362,0,4,366,428
11,GUANAJUATO,7,LEON,20,LEON,1517,C01,247,16,0,11,0,49,30,353,0,2,355,428
11,GUANAJUATO,7,LEON,20,LEON,1518,B,268,17,1,11,6,36,117,456,1,18,475,711
11,GUANAJUATO,7,LEON,20,LEON,1518,C01,254,9,3,14,6,31,116,433,0,23,456,711
11,GUANAJUATO,7,LEON,20,LEON,1518,S01,25,1,0,2,0,12,8,48,0,3,51,0
11,GUANAJUATO,7,LEON,20,LEON,1519,B,245,3,1,5,0,23,23,300,0,5,305,377
11,GUANAJUATO,7,LEON,20,LEON,1519,C01,229,12,0,11,0,26,22,300,1,4,305,376
11,GUANAJUATO,7,LEON,20,LEON,1520,B,242,8,1,7,1,27,14,300,1,7,308,371
11,GUANAJUATO,7,LEON,20,LEON,1521,B,241,8,3,5,3,34,38,332,0,7,339,428
11,GUANAJUATO,6,LEON,20,LEON,1522,B,0,0,0,0,0,0,0,0,0,0,0,717
11,GUANAJUATO,6,LEON,20,LEON,1523,B,0,0,0,0,0,0,0,0,0,0,0,627
11,GUANAJUATO,6,LEON,20,LEON,1524,B,0,0,0,0,0,0,0,0,0,0,0,621
11,GUANAJUATO,7,LEON,20,LEON,1525,B,170,5,1,3,1,19,69,268,0,14,282,399
11,GUANAJUATO,7,LEON,20,LEON,1525,C01,121,7,0,7,5,24,80,244,0,22,266,399
11,GUANAJUATO,7,LEON,20,LEON,1526,B,199,7,0,7,1,33,68,315,0,26,341,456
11,GUANAJUATO,7,LEON,20,LEON,1526,C01,186,8,0,14,2,36,56,302,0,17,319,455
11,GUANAJUATO,7,LEON,20,LEON,1527,B,321,11,1,9,0,30,53,425,1,5,431,550
11,GUANAJUATO,7,LEON,20,LEON,1528,B,417,12,1,14,2,32,40,518,0,17,535,667
11,GUANAJUATO,7,LEON,20,LEON,1529,B,245,13,2,5,0,32,35,332,1,9,342,411
11,GUANAJUATO,7,LEON,20,LEON,1529,C01,240,7,1,2,1,26,41,318,1,2,321,410
11,GUANAJUATO,7,LEON,20,LEON,1530,B,196,5,2,17,6,27,119,372,0,27,399,586
11,GUANAJUATO,7,LEON,20,LEON,1530,C01,160,5,2,14,2,31,135,349,21,0,370,586
11,GUANAJUATO,21,LEON,20,LEON,1531,B,0,0,0,0,0,0,0,0,0,0,0,550
11,GUANAJUATO,21,LEON,20,LEON,1531,C01,219,10,3,8,3,37,98,378,0,14,392,550
11,GUANAJUATO,21,LEON,20,LEON,1532,B,323,17,0,11,1,74,49,475,0,12,487,673
11,GUANAJUATO,21,LEON,20,LEON,1532,C01,312,20,2,13,1,46,71,465,1,21,487,672
11,GUANAJUATO,21,LEON,20,LEON,1533,B,226,7,3,14,2,30,73,355,0,13,368,510
11,GUANAJUATO,21,LEON,20,LEON,1533,C01,205,2,1,12,4,34,92,350,0,17,367,509
11,GUANAJUATO,6,LEON,20,LEON,1534,B,206,10,4,13,0,21,70,324,0,11,335,443
11,GUANAJUATO,6,LEON,20,LEON,1534,C01,200,11,2,5,0,31,69,318,0,13,331,443
11,GUANAJUATO,6,LEON,20,LEON,1535,B,216,11,1,3,2,35,45,313,2,11,326,400
11,GUANAJUATO,6,LEON,20,LEON,1535,C01,225,7,2,8,2,30,43,317,0,7,324,400
11,GUANAJUATO,6,LEON,20,LEON,1536,B,260,32,2,16,2,45,112,469,0,11,480,683
11,GUANAJUATO,6,LEON,20,LEON,1537,B,218,8,2,14,2,31,88,363,0,24,387,543
11,GUANAJUATO,6,LEON,20,LEON,1537,C01,196,10,2,13,3,26,94,344,0,12,356,543
11,GUANAJUATO,6,LEON,20,LEON,1538,B,194,9,0,14,2,27,107,353,0,20,373,584
11,GUANAJUATO,6,LEON,20,LEON,1538,C01,200,16,3,18,1,41,105,384,2,7,393,583
11,GUANAJUATO,6,LEON,20,LEON,1539,B,166,12,3,14,5,23,100,323,0,15,338,530
11,GUANAJUATO,6,LEON,20,LEON,1539,C01,157,4,0,17,3,19,112,312,0,20,332,529
11,GUANAJUATO,6,LEON,20,LEON,1540,B,219,15,4,15,4,39,141,437,0,11,448,711
11,GUANAJUATO,6,LEON,20,LEON,1541,B,188,9,0,4,3,37,71,312,1,22,335,496
11,GUANAJUATO,6,LEON,20,LEON,1542,B,170,12,2,13,2,21,69,289,0,17,306,450
11,GUANAJUATO,6,LEON,20,LEON,1543,B,288,34,2,15,6,40,97,482,0,14,496,731
11,GUANAJUATO,6,LEON,20,LEON,1544,B,260,6,4,8,0,29,45,352,0,10,362,517
11,GUANAJUATO,6,LEON,20,LEON,1545,B,191,11,0,11,0,26,37,276,0,9,285,402
11,GUANAJUATO,6,LEON,20,LEON,1545,C01,202,7,4,10,1,21,44,289,0,10,299,402
11,GUANAJUATO,6,LEON,20,LEON,1546,B,142,9,1,16,3,25,88,284,0,16,300,494
11,GUANAJUATO,6,LEON,20,LEON,1546,C01,157,8,2,14,4,27,80,292,0,12,304,494
11,GUANAJUATO,6,LEON,20,LEON,1547,B,237,14,1,16,3,37,99,407,0,2,409,631
11,GUANAJUATO,6,LEON,20,LEON,1547,C01,270,7,2,26,0,36,93,434,0,15,449,631
11,GUANAJUATO,6,LEON,20,LEON,1548,B,291,21,0,7,2,38,72,431,0,10,441,551
11,GUANAJUATO,6,LEON,20,LEON,1548,C01,296,12,4,10,0,25,65,412,0,16,428,550
11,GUANAJUATO,6,LEON,20,LEON,1549,B,218,24,1,16,3,48,119,429,0,20,449,664
11,GUANAJUATO,6,LEON,20,LEON,1550,B,212,16,2,13,5,28,128,404,0,5,409,655
11,GUANAJUATO,6,LEON,20,LEON,1551,B,145,9,2,6,7,30,82,281,0,15,296,462
11,GUANAJUATO,6,LEON,20,LEON,1552,B,177,18,3,9,4,24,95,330,0,29,359,606
11,GUANAJUATO,6,LEON,20,LEON,1552,C01,161,12,0,19,3,26,105,326,0,12,338,606
11,GUANAJUATO,6,LEON,20,LEON,1553,B,253,12,2,13,5,21,113,419,0,15,434,544
11,GUANAJUATO,6,LEON,20,LEON,1553,C01,149,7,0,13,10,17,114,310,0,21,331,543
11,GUANAJUATO,6,LEON,20,LEON,1554,B,0,0,0,0,0,0,0,0,0,0,0,541
11,GUANAJUATO,6,LEON,20,LEON,1554,C01,164,8,3,13,4,26,133,351,0,4,355,540
11,GUANAJUATO,6,LEON,20,LEON,1555,B,158,8,1,8,3,22,96,296,0,17,313,517
11,GUANAJUATO,6,LEON,20,LEON,1555,C01,121,12,1,17,8,22,97,278,0,14,292,516
11,GUANAJUATO,6,LEON,20,LEON,1556,B,0,0,0,0,0,0,0,0,0,0,0,539
11,GUANAJUATO,6,LEON,20,LEON,1556,C01,0,0,0,0,0,0,0,0,0,0,0,539
11,GUANAJUATO,6,LEON,20,LEON,1557,B,0,0,0,0,0,0,0,0,0,0,0,538
11,GUANAJUATO,6,LEON,20,LEON,1557,C01,157,8,2,13,1,22,124,327,0,23,350,537
11,GUANAJUATO,21,LEON,20,LEON,1558,B,223,13,1,15,3,51,100,406,0,22,428,636
11,GUANAJUATO,21,LEON,20,LEON,1558,C01,200,14,1,11,3,53,97,379,1,16,396,636
11,GUANAJUATO,21,LEON,20,LEON,1558,C02,200,16,3,15,2,34,140,410,0,14,424,635
11,GUANAJUATO,21,LEON,20,LEON,1559,B,235,18,1,10,1,45,120,430,0,12,442,642
11,GUANAJUATO,21,LEON,20,LEON,1559,C01,0,0,0,0,0,0,0,0,0,0,0,642
11,GUANAJUATO,21,LEON,20,LEON,1560,B,155,14,1,12,4,29,77,292,0,7,299,437
11,GUANAJUATO,21,LEON,20,LEON,1560,C01,175,9,1,14,2,29,88,318,0,7,325,436
11,GUANAJUATO,21,LEON,20,LEON,1561,B,330,14,0,14,4,56,88,506,0,17,523,676
11,GUANAJUATO,21,LEON,20,LEON,1561,C01,348,14,3,11,4,78,80,538,1,10,549,676
11,GUANAJUATO,21,LEON,20,LEON,1561,C02,339,12,2,16,1,53,92,515,0,14,529,675
11,GUANAJUATO,21,LEON,20,LEON,1562,B,308,11,0,10,1,69,77,476,0,11,487,642
11,GUANAJUATO,21,LEON,20,LEON,1562,C01,270,9,1,11,6,58,86,441,0,13,454,642
11,GUANAJUATO,21,LEON,20,LEON,1563,B,235,8,0,15,2,28,53,341,0,3,344,445
11,GUANAJUATO,21,LEON,20,LEON,1563,C01,182,13,2,12,1,35,77,322,0,6,328,445
11,GUANAJUATO,21,LEON,20,LEON,1564,B,229,10,0,11,5,36,48,339,0,12,351,498
11,GUANAJUATO,21,LEON,20,LEON,1564,C01,262,19,2,7,3,37,60,390,0,10,400,498
11,GUANAJUATO,21,LEON,20,LEON,1565,B,210,11,2,11,1,34,67,336,0,7,343,445
11,GUANAJUATO,21,LEON,20,LEON,1565,C01,210,17,0,5,0,41,54,327,1,18,346,444
11,GUANAJUATO,21,LEON,20,LEON,1566,B,244,24,4,13,1,40,110,436,0,16,452,608
11,GUANAJUATO,21,LEON,20,LEON,1566,C01,0,0,0,0,0,0,0,0,0,0,0,608
11,GUANAJUATO,21,LEON,20,LEON,1567,B,215,9,2,11,4,44,85,370,0,15,385,550
11,GUANAJUATO,21,LEON,20,LEON,1567,C01,215,12,1,12,2,38,93,373,0,19,392,550
11,GUANAJUATO,6,LEON,20,LEON,1568,B,161,11,2,9,2,16,80,281,0,13,294,421
11,GUANAJUATO,6,LEON,20,LEON,1568,C01,152,7,0,16,3,26,87,291,0,8,299,420
11,GUANAJUATO,6,LEON,20,LEON,1569,B,140,8,0,12,5,21,100,286,0,20,306,494
11,GUANAJUATO,6,LEON,20,LEON,1569,C01,142,8,1,15,5,25,91,287,0,16,303,493
11,GUANAJUATO,6,LEON,20,LEON,1570,B,338,12,5,9,0,33,47,444,0,15,459,605
11,GUANAJUATO,6,LEON,20,LEON,1570,C01,0,0,0,0,0,0,0,0,0,0,0,604
11,GUANAJUATO,6,LEON,20,LEON,1571,B,148,12,1,18,3,33,126,341,0,3,344,585
11,GUANAJUATO,6,LEON,20,LEON,1572,B,165,6,0,5,3,23,133,335,0,27,362,598
11,GUANAJUATO,6,LEON,20,LEON,1573,B,151,9,0,11,4,30,80,285,0,22,307,500
11,GUANAJUATO,6,LEON,20,LEON,1574,B,168,8,2,10,4,23,98,313,0,8,321,536
11,GUANAJUATO,6,LEON,20,LEON,1574,C01,0,0,0,0,0,0,0,0,0,0,0,536
11,GUANAJUATO,6,LEON,20,LEON,1575,B,171,6,0,15,1,26,69,288,0,21,309,459
11,GUANAJUATO,6,LEON,20,LEON,1575,C01,150,11,1,6,3,29,70,270,1,17,288,458
11,GUANAJUATO,6,LEON,20,LEON,1576,B,320,17,0,19,1,37,77,471,1,19,491,690
11,GUANAJUATO,6,LEON,20,LEON,1577,B,134,0,12,7,5,22,105,285,0,15,300,484
11,GUANAJUATO,6,LEON,20,LEON,1577,C01,129,9,2,9,4,30,90,273,0,23,296,484
11,GUANAJUATO,6,LEON,20,LEON,1578,B,233,13,5,11,1,43,113,419,0,18,437,679
11,GUANAJUATO,6,LEON,20,LEON,1579,B,150,9,2,19,1,19,97,297,0,28,325,575
11,GUANAJUATO,6,LEON,20,LEON,1580,B,159,13,0,15,3,22,89,301,0,29,330,524
11,GUANAJUATO,21,LEON,20,LEON,1581,B,278,12,2,10,6,40,125,473,0,15,488,696
11,GUANAJUATO,21,LEON,20,LEON,1581,C01,291,7,5,11,1,44,100,459,1,27,487,696
11,GUANAJUATO,21,LEON,20,LEON,1582,B,205,13,0,12,5,36,59,330,0,11,341,459
11,GUANAJUATO,21,LEON,20,LEON,1582,C01,211,12,1,7,2,36,52,321,0,6,327,459
11,GUANAJUATO,21,LEON,20,LEON,1583,B,271,9,1,17,2,53,67,420,0,13,433,558
11,GUANAJUATO,21,LEON,20,LEON,1583,C01,253,13,2,11,2,35,76,392,0,13,405,558
11,GUANAJUATO,21,LEON,20,LEON,1583,C02,229,11,1,9,5,53,75,383,1,18,402,557
11,GUANAJUATO,21,LEON,20,LEON,1584,B,0,0,0,0,0,0,0,0,0,0,0,456
11,GUANAJUATO,21,LEON,20,LEON,1584,C01,178,9,3,9,2,29,74,304,0,13,317,456
11,GUANAJUATO,21,LEON,20,LEON,1585,B,227,12,1,21,7,60,113,441,0,20,461,719
11,GUANAJUATO,21,LEON,20,LEON,1585,C01,0,0,0,0,0,0,0,0,0,0,0,719
11,GUANAJUATO,21,LEON,20,LEON,1585,C02,279,14,1,10,4,47,98,453,0,13,466,719
11,GUANAJUATO,21,LEON,20,LEON,1585,C03,259,13,2,22,5,67,120,488,0,12,500,719
11,GUANAJUATO,21,LEON,20,LEON,1585,C04,259,8,0,18,4,53,118,460,0,15,475,718
11,GUANAJUATO,21,LEON,20,LEON,1585,C05,238,21,3,21,2,55,121,461,0,8,469,718
11,GUANAJUATO,21,LEON,20,LEON,1585,C06,229,4,0,15,2,40,131,421,1,17,439,718
11,GUANAJUATO,21,LEON,20,LEON,1585,C07,264,13,5,22,5,43,113,465,0,13,478,718
11,GUANAJUATO,21,LEON,20,LEON,1585,C08,239,10,1,12,3,53,121,439,0,14,453,718
11,GUANAJUATO,21,LEON,20,LEON,1586,B,182,11,2,16,4,35,91,341,0,16,357,529
11,GUANAJUATO,21,LEON,20,LEON,1586,C01,211,11,2,12,3,31,94,364,0,18,382,529
11,GUANAJUATO,21,LEON,20,LEON,1587,B,177,13,0,7,5,39,76,317,0,16,333,504
11,GUANAJUATO,21,LEON,20,LEON,1587,C01,196,8,2,11,2,34,63,316,0,22,338,504
11,GUANAJUATO,21,LEON,20,LEON,1588,B,232,13,2,9,3,48,72,379,0,17,396,580
11,GUANAJUATO,21,LEON,20,LEON,1588,C01,223,14,0,8,6,39,92,382,0,11,393,580
11,GUANAJUATO,21,LEON,20,LEON,1588,C02,222,10,2,10,3,46,82,375,0,11,386,580
11,GUANAJUATO,21,LEON,20,LEON,1589,B,247,12,1,12,6,41,120,439,0,20,459,730
11,GUANAJUATO,21,LEON,20,LEON,1589,C01,254,10,2,20,3,38,109,436,0,29,465,730
11,GUANAJUATO,21,LEON,20,LEON,1590,B,174,12,0,13,6,41,105,351,0,17,368,579
11,GUANAJUATO,21,LEON,20,LEON,1590,C01,184,12,6,8,3,25,107,345,0,23,368,579
11,GUANAJUATO,21,LEON,20,LEON,1590,C02,161,12,1,15,5,32,1,227,0,15,242,579
11,GUANAJUATO,6,LEON,20,LEON,1591,B,181,19,7,23,5,37,166,438,0,20,458,750
11,GUANAJUATO,6,LEON,20,LEON,1591,C01,169,19,3,19,3,35,153,401,0,19,420,750
11,GUANAJUATO,6,LEON,20,LEON,1591,C02,187,17,0,13,5,25,120,367,0,13,380,749
11,GUANAJUATO,6,LEON,20,LEON,1592,B,172,16,4,15,9,28,129,373,0,17,390,651
11,GUANAJUATO,6,LEON,20,LEON,1592,C01,157,11,0,15,1,27,150,361,0,20,381,650
11,GUANAJUATO,6,LEON,20,LEON,1593,B,179,17,4,15,6,34,137,392,0,30,422,709
11,GUANAJUATO,6,LEON,20,LEON,1593,C01,173,8,2,12,4,30,116,345,0,33,378,709
11,GUANAJUATO,6,LEON,20,LEON,1594,B,0,0,0,0,0,0,0,0,0,0,0,589
11,GUANAJUATO,6,LEON,20,LEON,1594,C01,207,11,1,13,1,20,120,373,0,28,401,588
11,GUANAJUATO,6,LEON,20,LEON,1595,B,128,10,9,1,3,30,102,283,0,15,298,509
11,GUANAJUATO,6,LEON,20,LEON,1595,C01,153,15,2,8,2,16,100,296,0,20,316,508
11,GUANAJUATO,6,LEON,20,LEON,1596,B,175,11,1,17,6,29,84,323,0,16,339,521
11,GUANAJUATO,6,LEON,20,LEON,1596,C01,145,14,1,13,4,29,127,333,1,20,354,520
11,GUANAJUATO,6,LEON,20,LEON,1597,B,149,17,3,12,5,36,132,354,0,16,370,612
11,GUANAJUATO,6,LEON,20,LEON,1598,B,142,22,1,11,3,18,103,300,0,11,311,475
11,GUANAJUATO,6,LEON,20,LEON,1598,C01,125,16,1,13,4,20,98,277,0,13,290,474
11,GUANAJUATO,6,LEON,20,LEON,1599,B,111,9,1,12,11,24,76,244,0,16,260,417
11,GUANAJUATO,6,LEON,20,LEON,1599,C01,112,8,2,6,0,21,97,246,0,19,265,417
11,GUANAJUATO,6,LEON,20,LEON,1600,B,145,8,1,14,3,37,100,308,0,15,323,549
11,GUANAJUATO,6,LEON,20,LEON,1600,C01,169,10,8,8,3,14,107,319,0,12,331,549
11,GUANAJUATO,6,LEON,20,LEON,1601,B,142,7,4,18,4,27,84,286,0,7,293,523
11,GUANAJUATO,6,LEON,20,LEON,1601,C01,173,14,2,12,0,19,85,305,1,14,320,522
11,GUANAJUATO,6,LEON,20,LEON,1602,B,163,5,1,12,2,24,115,322,0,18,340,603
11,GUANAJUATO,6,LEON,20,LEON,1603,B,184,9,2,9,4,28,132,368,0,21,389,637
11,GUANAJUATO,6,LEON,20,LEON,1603,C01,175,13,0,10,2,23,121,344,1,28,373,636
11,GUANAJUATO,6,LEON,20,LEON,1604,B,239,9,4,8,7,43,112,422,0,18,440,646
11,GUANAJUATO,6,LEON,20,LEON,1604,C01,226,7,0,16,2,54,112,417,1,19,437,646
11,GUANAJUATO,6,LEON,20,LEON,1604,C02,224,8,4,12,3,39,131,421,0,17,438,646
11,GUANAJUATO,6,LEON,20,LEON,1604,C03,240,13,1,12,3,25,115,409,0,19,428,646
11,GUANAJUATO,6,LEON,20,LEON,1604,C04,228,10,2,8,1,59,113,421,1,22,444,645
11,GUANAJUATO,6,LEON,20,LEON,1605,B,186,13,1,15,3,36,136,390,0,18,408,711
11,GUANAJUATO,6,LEON,20,LEON,1605,C01,226,11,1,14,0,151,134,537,0,17,554,710
11,GUANAJUATO,6,LEON,20,LEON,1606,B,160,15,1,12,1,24,95,308,1,10,319,513
11,GUANAJUATO,6,LEON,20,LEON,1606,C01,137,10,0,8,4,30,113,302,0,11,313,512
11,GUANAJUATO,6,LEON,20,LEON,1607,B,205,14,1,12,3,43,117,395,0,30,425,648
11,GUANAJUATO,6,LEON,20,LEON,1608,B,133,5,0,16,1,26,101,282,0,12,294,508
11,GUANAJUATO,6,LEON,20,LEON,1608,C01,141,17,3,16,3,23,81,284,0,16,300,507
11,GUANAJUATO,6,LEON,20,LEON,1609,B,204,11,2,14,10,31,138,410,0,19,429,693
11,GUANAJUATO,6,LEON,20,LEON,1609,C01,209,9,3,14,3,34,116,388,0,12,400,693
11,GUANAJUATO,6,LEON,20,LEON,1610,B,138,12,1,18,7,28,106,310,0,12,322,578
11,GUANAJUATO,6,LEON,20,LEON,1610,C01,131,15,2,21,6,29,128,332,2,10,344,578
11,GUANAJUATO,6,LEON,20,LEON,1611,B,135,15,2,13,4,31,127,327,0,11,338,666
11,GUANAJUATO,6,LEON,20,LEON,1611,C01,139,16,0,12,3,29,130,329,0,15,344,666
11,GUANAJUATO,6,LEON,20,LEON,1611,C02,129,11,0,18,3,29,135,325,0,25,350,666
11,GUANAJUATO,6,LEON,20,LEON,1612,B,96,14,2,13,4,29,98,256,0,21,277,524
11,GUANAJUATO,6,LEON,20,LEON,1612,C01,113,9,2,14,2,20,116,276,0,10,286,524
11,GUANAJUATO,6,LEON,20,LEON,1612,C02,107,15,0,14,4,17,123,280,0,13,293,523
11,GUANAJUATO,6,LEON,20,LEON,1613,B,220,13,2,20,7,54,112,428,2,9,439,710
11,GUANAJUATO,6,LEON,20,LEON,1613,C01,247,11,3,16,5,58,115,455,1,15,471,710
11,GUANAJUATO,6,LEON,20,LEON,1613,C02,275,15,1,13,5,53,118,480,0,16,496,709
11,GUANAJUATO,6,LEON,20,LEON,1613,C03,237,13,1,12,1,62,103,429,0,11,440,709
11,GUANAJUATO,6,LEON,20,LEON,1613,C04,242,17,2,9,4,61,128,463,0,18,481,709
11,GUANAJUATO,6,LEON,20,LEON,1613,C05,236,10,1,14,2,55,119,437,0,8,445,709
11,GUANAJUATO,6,LEON,20,LEON,1613,C06,227,10,5,18,3,43,108,414,0,11,425,709
11,GUANAJUATO,6,LEON,20,LEON,1613,C07,224,20,0,10,4,67,103,428,0,21,449,709
11,GUANAJUATO,6,LEON,20,LEON,1613,C08,198,21,3,21,6,45,113,407,0,14,421,709
11,GUANAJUATO,6,LEON,20,LEON,1613,C09,276,11,4,18,3,43,100,455,0,23,478,709
11,GUANAJUATO,21,LEON,20,LEON,1615,B,146,8,1,12,0,29,79,275,0,12,287,440
11,GUANAJUATO,21,LEON,20,LEON,1615,C01,147,10,3,12,0,31,86,289,0,12,301,440
11,GUANAJUATO,21,LEON,20,LEON,1616,B,199,7,2,12,10,0,72,302,0,17,319,461
11,GUANAJUATO,21,LEON,20,LEON,1616,C01,165,11,2,16,3,36,84,317,0,11,328,461
11,GUANAJUATO,21,LEON,20,LEON,1617,B,207,16,0,11,0,41,77,352,0,7,359,508
11,GUANAJUATO,21,LEON,20,LEON,1617,C01,213,6,0,8,1,43,81,352,0,10,362,508
11,GUANAJUATO,21,LEON,20,LEON,1617,C02,179,5,4,15,0,51,85,339,0,17,356,508
11,GUANAJUATO,21,LEON,20,LEON,1618,B,189,9,0,10,8,36,66,318,1,13,332,473
11,GUANAJUATO,21,LEON,20,LEON,1618,C01,216,8,0,0,4,28,71,327,0,8,335,472
11,GUANAJUATO,21,LEON,20,LEON,1619,B,209,10,0,10,4,43,89,365,0,9,374,501
11,GUANAJUATO,21,LEON,20,LEON,1619,C01,210,10,3,4,4,41,91,363,0,6,369,501
11,GUANAJUATO,21,LEON,20,LEON,1620,B,149,14,4,15,7,40,156,385,0,20,405,699
11,GUANAJUATO,21,LEON,20,LEON,1620,C01,186,10,1,16,1,40,155,409,0,17,426,699
11,GUANAJUATO,21,LEON,20,LEON,1620,C02,0,0,0,0,0,0,0,0,0,0,0,698
11,GUANAJUATO,21,LEON,20,LEON,1620,C03,189,3,1,24,11,51,142,421,0,9,430,698
11,GUANAJUATO,21,LEON,20,LEON,1620,C04,183,10,3,10,5,23,129,363,2,28,393,698
11,GUANAJUATO,21,LEON,20,LEON,1620,C05,0,0,0,0,0,0,0,0,0,0,0,698
11,GUANAJUATO,21,LEON,20,LEON,1620,C06,175,14,3,25,3,36,134,390,0,21,411,698
11,GUANAJUATO,21,LEON,20,LEON,1620,C07,204,16,0,14,4,44,131,413,0,16,429,698
11,GUANAJUATO,21,LEON,20,LEON,1620,C08,186,9,0,12,4,36,142,389,0,25,414,698
11,GUANAJUATO,21,LEON,20,LEON,1621,B,237,4,2,8,3,52,91,397,0,14,411,547
11,GUANAJUATO,21,LEON,20,LEON,1621,C01,228,13,1,15,2,31,82,372,1,15,388,546
11,GUANAJUATO,6,LEON,20,LEON,1622,B,215,14,1,16,3,37,172,458,0,13,471,747
11,GUANAJUATO,6,LEON,20,LEON,1623,B,149,11,3,18,7,21,139,348,0,24,372,646
11,GUANAJUATO,6,LEON,20,LEON,1623,C01,151,11,4,15,9,25,179,394,0,17,411,646
11,GUANAJUATO,6,LEON,20,LEON,1624,B,132,4,1,11,4,13,128,293,0,17,310,489
11,GUANAJUATO,6,LEON,20,LEON,1624,C01,124,11,3,14,2,22,109,285,0,22,307,489
11,GUANAJUATO,6,LEON,20,LEON,1625,B,111,12,2,9,4,24,125,287,0,16,303,610
11,GUANAJUATO,6,LEON,20,LEON,1625,C01,112,7,0,1,3,38,103,264,0,17,281,610
11,GUANAJUATO,6,LEON,20,LEON,1625,C02,126,8,1,18,5,22,118,298,0,22,320,609
11,GUANAJUATO,6,LEON,20,LEON,1626,B,243,10,2,14,3,45,119,436,0,30,466,750
11,GUANAJUATO,6,LEON,20,LEON,1626,C01,257,16,2,8,6,49,117,455,0,24,479,749
11,GUANAJUATO,6,LEON,20,LEON,1626,C02,275,17,2,14,3,50,129,490,0,17,507,749
11,GUANAJUATO,6,LEON,20,LEON,1627,B,170,11,1,5,1,31,77,296,0,16,312,608
11,GUANAJUATO,6,LEON,20,LEON,1627,C01,127,17,1,12,6,20,87,270,0,19,289,608
11,GUANAJUATO,6,LEON,20,LEON,1627,C02,143,4,2,12,1,29,112,303,2,19,324,608
11,GUANAJUATO,6,LEON,20,LEON,1627,C03,157,10,3,4,1,25,99,299,0,24,323,607
11,GUANAJUATO,6,LEON,20,LEON,1627,C04,0,0,0,0,0,0,0,0,0,0,0,607
11,GUANAJUATO,6,LEON,20,LEON,1627,S01,50,8,0,3,1,10,32,104,0,5,109,0
11,GUANAJUATO,6,LEON,20,LEON,1628,B,96,9,2,19,9,12,123,270,0,26,296,507
11,GUANAJUATO,6,LEON,20,LEON,1628,C01,112,2,1,11,3,16,129,274,0,13,287,507
11,GUANAJUATO,6,LEON,20,LEON,1629,B,140,18,5,14,6,39,134,356,0,34,390,693
11,GUANAJUATO,6,LEON,20,LEON,1629,C01,145,13,2,17,3,26,142,348,0,20,368,692
11,GUANAJUATO,6,LEON,20,LEON,1629,C02,154,8,4,19,4,34,144,367,0,21,388,692
11,GUANAJUATO,21,LEON,20,LEON,1630,B,185,2,2,10,3,28,69,299,0,14,313,450
11,GUANAJUATO,21,LEON,20,LEON,1630,C01,192,13,2,8,5,37,70,327,1,9,337,449
11,GUANAJUATO,21,LEON,20,LEON,1631,B,140,10,3,17,4,36,144,354,0,20,374,719
11,GUANAJUATO,21,LEON,20,LEON,1631,C01,178,11,3,18,2,48,95,355,2,22,379,718
11,GUANAJUATO,21,LEON,20,LEON,1631,C02,160,10,2,12,3,33,17,237,0,23,260,718
11,GUANAJUATO,21,LEON,20,LEON,1631,C03,164,8,1,14,4,48,144,383,0,18,401,718
11,GUANAJUATO,21,LEON,20,LEON,1631,C04,168,6,3,13,5,25,139,359,0,12,371,718
11,GUANAJUATO,21,LEON,20,LEON,1631,C05,200,9,5,10,3,47,151,425,1,18,444,718
11,GUANAJUATO,21,LEON,20,LEON,1633,B,203,6,4,14,7,37,114,385,0,18,403,690
11,GUANAJUATO,21,LEON,20,LEON,1633,C01,216,11,3,4,5,42,110,391,0,11,402,690
11,GUANAJUATO,21,LEON,20,LEON,1633,C02,199,11,1,18,5,45,122,401,0,9,410,690
11,GUANAJUATO,21,LEON,20,LEON,1633,C03,0,0,0,0,0,0,0,0,0,0,0,690
11,GUANAJUATO,21,LEON,20,LEON,1633,C04,238,11,3,17,4,44,98,415,0,7,422,690
11,GUANAJUATO,21,LEON,20,LEON,1633,C05,214,11,0,12,3,36,100,376,0,13,389,689
11,GUANAJUATO,21,LEON,20,LEON,1633,C06,197,8,1,15,2,42,102,367,0,17,384,689
11,GUANAJUATO,21,LEON,20,LEON,1633,C07,199,11,2,24,7,44,89,376,0,29,405,689
11,GUANAJUATO,21,LEON,20,LEON,1633,C08,195,8,3,11,7,43,101,368,0,12,380,689
11,GUANAJUATO,21,LEON,20,LEON,1633,C09,211,5,0,11,1,49,94,371,0,10,381,689
11,GUANAJUATO,21,LEON,20,LEON,1633,C10,220,7,0,15,3,46,117,408,0,13,421,689
11,GUANAJUATO,21,LEON,20,LEON,1633,C11,192,9,1,16,2,39,108,367,0,14,381,689
11,GUANAJUATO,21,LEON,20,LEON,1634,B,258,15,2,13,5,45,113,451,0,13,464,717
11,GUANAJUATO,21,LEON,20,LEON,1634,C01,259,27,2,16,4,51,97,456,1,13,470,717
11,GUANAJUATO,21,LEON,20,LEON,1634,C02,249,12,2,13,6,61,140,483,0,9,492,717
11,GUANAJUATO,21,LEON,20,LEON,1634,C03,252,13,5,21,3,52,99,445,0,11,456,717
11,GUANAJUATO,21,LEON,20,LEON,1634,C04,258,6,2,9,4,55,101,435,1,7,443,717
11,GUANAJUATO,21,LEON,20,LEON,1634,C05,239,12,2,19,5,59,92,428,0,11,439,717
11,GUANAJUATO,21,LEON,20,LEON,1634,C06,256,15,2,23,6,48,103,453,0,13,466,717
11,GUANAJUATO,21,LEON,20,LEON,1634,C07,251,14,2,16,2,37,118,440,0,16,456,717
11,GUANAJUATO,21,LEON,20,LEON,1634,C08,236,19,0,27,2,69,129,482,0,8,490,717
11,GUANAJUATO,21,LEON,20,LEON,1634,C09,252,14,1,7,7,47,122,450,0,3,453,716
11,GUANAJUATO,21,LEON,20,LEON,1634,C10,224,16,3,17,7,49,126,442,0,15,457,716
11,GUANAJUATO,21,LEON,20,LEON,1634,C11,245,13,0,12,3,57,132,462,0,13,475,716
11,GUANAJUATO,21,LEON,20,LEON,1634,C12,0,0,0,0,0,0,0,0,0,0,0,716
11,GUANAJUATO,21,LEON,20,LEON,1634,C13,243,15,2,15,2,53,125,455,0,6,461,716
11,GUANAJUATO,21,LEON,20,LEON,1634,C14,239,16,2,17,8,63,117,462,1,15,478,716
11,GUANAJUATO,21,LEON,20,LEON,1634,C15,212,13,2,15,8,55,108,413,0,30,443,716
11,GUANAJUATO,21,LEON,20,LEON,1634,C16,247,10,3,14,5,49,104,432,0,24,456,716
11,GUANAJUATO,21,LEON,20,LEON,1634,C17,237,11,2,9,4,52,108,423,0,0,423,716
11,GUANAJUATO,21,LEON,20,LEON,1634,C18,254,14,2,13,5,49,118,455,0,13,468,716
11,GUANAJUATO,21,LEON,20,LEON,1634,C19,261,18,2,11,4,47,101,444,0,11,455,716
11,GUANAJUATO,21,LEON,20,LEON,1635,B,239,10,5,22,6,54,129,465,0,18,483,673
11,GUANAJUATO,21,LEON,20,LEON,1635,C01,234,19,1,15,3,47,109,428,0,17,445,673
11,GUANAJUATO,21,LEON,20,LEON,1635,C02,281,13,2,15,5,52,100,468,0,16,484,673
11,GUANAJUATO,21,LEON,20,LEON,1635,C03,243,17,0,15,11,69,101,456,0,16,472,673
11,GUANAJUATO,21,LEON,20,LEON,1635,C04,245,11,6,12,5,49,101,429,0,20,449,673
11,GUANAJUATO,6,LEON,20,LEON,1636,B,110,8,2,24,5,34,112,295,0,11,306,559
11,GUANAJUATO,6,LEON,20,LEON,1636,C01,115,3,0,17,3,24,123,285,0,5,290,558
11,GUANAJUATO,6,LEON,20,LEON,1637,B,133,8,3,12,5,35,167,363,0,25,388,635
11,GUANAJUATO,6,LEON,20,LEON,1637,C01,0,0,0,0,0,0,0,0,0,0,0,635
11,GUANAJUATO,6,LEON,20,LEON,1638,B,87,9,3,21,12,16,145,293,0,14,307,551
11,GUANAJUATO,6,LEON,20,LEON,1638,C01,83,9,1,10,9,26,125,263,0,9,272,550
11,GUANAJUATO,6,LEON,20,LEON,1639,B,0,0,0,0,0,0,0,0,0,0,0,724
11,GUANAJUATO,6,LEON,20,LEON,1639,C01,188,18,2,10,9,28,147,402,0,9,411,723
11,GUANAJUATO,6,LEON,20,LEON,1640,B,79,4,1,11,8,15,122,240,0,28,268,626
11,GUANAJUATO,6,LEON,20,LEON,1640,C01,100,7,7,12,9,11,131,277,2,8,287,626
11,GUANAJUATO,21,LEON,20,LEON,1641,B,172,12,1,15,13,41,147,401,0,6,407,704
11,GUANAJUATO,21,LEON,20,LEON,1641,C01,171,9,3,18,2,43,140,386,0,12,398,704
11,GUANAJUATO,21,LEON,20,LEON,1641,C02,152,6,1,18,3,43,134,357,0,27,384,704
11,GUANAJUATO,21,LEON,20,LEON,1641,C03,158,8,1,15,4,34,148,368,0,18,386,704
11,GUANAJUATO,21,LEON,20,LEON,1641,C04,171,7,3,21,5,32,162,401,0,20,421,704
11,GUANAJUATO,21,LEON,20,LEON,1641,C05,186,6,2,21,6,29,97,347,0,12,359,703
11,GUANAJUATO,21,LEON,20,LEON,1641,C06,187,4,0,14,12,51,125,393,0,26,419,703
11,GUANAJUATO,21,LEON,20,LEON,1641,C07,0,0,0,0,0,0,0,0,0,0,0,703
11,GUANAJUATO,21,LEON,20,LEON,1643,B,166,10,4,14,3,31,146,374,0,18,392,748
11,GUANAJUATO,21,LEON,20,LEON,1643,C01,0,0,0,0,0,0,0,0,0,0,0,748
11,GUANAJUATO,21,LEON,20,LEON,1643,C02,156,15,2,25,4,36,139,377,0,5,382,748
11,GUANAJUATO,21,LEON,20,LEON,1643,C03,191,14,1,15,8,36,118,383,0,20,403,748
11,GUANAJUATO,21,LEON,20,LEON,1643,C04,161,9,2,17,5,36,139,369,1,16,386,748
11,GUANAJUATO,21,LEON,20,LEON,1643,C05,161,10,2,14,7,39,123,356,0,33,389,748
11,GUANAJUATO,21,LEON,20,LEON,1643,C06,172,6,5,15,2,36,116,352,0,25,377,748
11,GUANAJUATO,21,LEON,20,LEON,1643,C07,340,28,8,44,12,82,234,748,0,44,792,748
11,GUANAJUATO,21,LEON,20,LEON,1643,C08,145,9,1,15,4,43,155,372,0,25,397,747
11,GUANAJUATO,21,LEON,20,LEON,1643,C09,141,12,2,12,5,42,134,348,0,22,370,747
11,GUANAJUATO,21,LEON,20,LEON,1643,C10,158,10,0,10,9,32,153,372,0,17,389,747
11,GUANAJUATO,21,LEON,20,LEON,1643,C11,0,0,0,0,0,0,0,0,0,0,0,747
11,GUANAJUATO,4,LEON,20,LEON,1644,B,154,6,1,14,4,37,135,351,0,21,372,724
11,GUANAJUATO,4,LEON,20,LEON,1644,C01,175,3,1,17,7,46,151,400,0,15,415,724
11,GUANAJUATO,4,LEON,20,LEON,1644,C02,0,0,0,0,0,0,0,0,0,0,0,724
11,GUANAJUATO,4,LEON,20,LEON,1644,C03,158,7,1,10,4,30,134,344,0,17,361,724
11,GUANAJUATO,4,LEON,20,LEON,1644,C04,157,16,1,10,3,29,136,352,0,17,369,724
11,GUANAJUATO,4,LEON,20,LEON,1644,C05,155,12,0,13,5,31,123,339,0,31,370,724
11,GUANAJUATO,4,LEON,20,LEON,1644,C06,158,8,1,9,0,27,108,311,0,13,324,724
11,GUANAJUATO,4,LEON,20,LEON,1644,C07,0,0,0,0,0,0,0,0,0,0,0,723
11,GUANAJUATO,4,LEON,20,LEON,1644,C08,171,7,3,15,4,15,143,358,0,15,373,723
11,GUANAJUATO,4,LEON,20,LEON,1644,C09,0,0,0,0,0,0,0,0,0,0,0,723
11,GUANAJUATO,4,LEON,20,LEON,1644,C10,0,0,0,0,0,0,0,0,0,0,0,723
11,GUANAJUATO,21,LEON,20,LEON,1645,B,124,16,2,16,7,25,100,290,0,19,309,633
11,GUANAJUATO,21,LEON,20,LEON,1645,C01,121,7,3,17,6,26,113,293,0,29,322,632
11,GUANAJUATO,21,LEON,20,LEON,1645,C02,137,10,4,18,7,26,102,304,2,20,326,632
11,GUANAJUATO,21,LEON,20,LEON,1645,C03,140,6,2,21,5,28,122,324,0,16,340,632
11,GUANAJUATO,21,LEON,20,LEON,1645,C04,125,7,1,18,3,24,115,293,0,19,312,632
11,GUANAJUATO,21,LEON,20,LEON,1645,C05,0,0,0,0,0,0,0,0,0,0,0,632
11,GUANAJUATO,21,LEON,20,LEON,1646,B,127,6,4,11,11,29,129,317,0,1,318,656
11,GUANAJUATO,21,LEON,20,LEON,1646,C01,118,9,1,20,12,34,112,306,0,23,329,656
11,GUANAJUATO,21,LEON,20,LEON,1646,C02,113,8,3,15,7,31,128,305,0,20,325,656
11,GUANAJUATO,21,LEON,20,LEON,1646,C03,0,0,0,0,0,0,0,0,0,0,0,656
11,GUANAJUATO,21,LEON,20,LEON,1646,C04,127,13,1,13,7,33,123,317,0,21,338,655
11,GUANAJUATO,21,LEON,20,LEON,1646,C05,124,7,5,24,6,19,122,307,0,18,325,655
11,GUANAJUATO,21,LEON,20,LEON,1647,B,184,6,3,10,5,35,133,376,0,18,394,726
11,GUANAJUATO,21,LEON,20,LEON,1647,C01,0,0,0,0,0,0,0,0,0,0,0,726
11,GUANAJUATO,21,LEON,20,LEON,1647,C02,127,12,1,11,4,45,110,310,0,14,324,726
11,GUANAJUATO,21,LEON,20,LEON,1647,C03,136,18,3,11,0,35,114,317,0,19,336,726
11,GUANAJUATO,21,LEON,20,LEON,1647,C04,137,8,2,11,10,24,128,320,0,25,345,726
11,GUANAJUATO,21,LEON,20,LEON,1647,C05,163,11,0,14,4,45,108,345,0,13,358,726
11,GUANAJUATO,21,LEON,20,LEON,1647,C06,123,14,1,9,3,33,103,286,0,20,306,726
11,GUANAJUATO,21,LEON,20,LEON,1647,C07,151,11,2,12,7,31,110,324,0,15,339,726
11,GUANAJUATO,21,LEON,20,LEON,1647,C08,160,17,2,6,8,33,104,330,0,14,344,726
11,GUANAJUATO,21,LEON,20,LEON,1647,C09,154,9,4,8,4,32,113,324,0,25,349,726
11,GUANAJUATO,21,LEON,20,LEON,1647,C10,0,0,0,0,0,0,0,0,0,0,0,726
11,GUANAJUATO,21,LEON,20,LEON,1647,C11,164,14,1,12,5,32,126,354,0,23,377,726
11,GUANAJUATO,21,LEON,20,LEON,1647,C12,144,10,2,13,5,37,111,322,0,7,329,726
11,GUANAJUATO,21,LEON,20,LEON,1647,C13,0,0,0,0,0,0,0,0,0,0,0,726
11,GUANAJUATO,21,LEON,20,LEON,1647,C14,122,11,3,13,3,43,140,335,1,20,356,726
11,GUANAJUATO,21,LEON,20,LEON,1647,C15,0,0,0,0,0,0,0,0,0,0,0,726
11,GUANAJUATO,21,LEON,20,LEON,1647,C16,146,10,0,10,4,33,133,336,0,11,347,726
11,GUANAJUATO,21,LEON,20,LEON,1647,C17,154,10,1,13,5,44,129,356,0,21,377,725
11,GUANAJUATO,21,LEON,20,LEON,1647,C18,159,10,1,12,1,41,133,357,0,12,369,725
11,GUANAJUATO,21,LEON,20,LEON,1647,C19,127,10,3,15,3,31,138,327,0,15,342,725
11,GUANAJUATO,6,LEON,20,LEON,1648,B,127,4,0,2,3,5,70,211,0,17,228,398
11,GUANAJUATO,6,LEON,20,LEON,1648,C01,123,5,0,5,1,12,55,201,1,12,214,397
11,GUANAJUATO,6,LEON,20,LEON,1649,B,125,13,1,16,11,21,107,294,0,14,308,613
11,GUANAJUATO,6,LEON,20,LEON,1649,C01,133,13,0,17,7,22,95,287,0,19,306,612
11,GUANAJUATO,6,LEON,20,LEON,1649,C02,135,11,1,20,3,21,106,297,0,17,314,612
11,GUANAJUATO,6,LEON,20,LEON,1649,C03,127,17,1,26,9,27,108,315,0,18,333,612
11,GUANAJUATO,6,LEON,20,LEON,1650,B,150,31,2,10,9,24,147,373,0,18,391,688
11,GUANAJUATO,6,LEON,20,LEON,1650,C01,168,18,2,12,8,38,134,380,0,21,401,688
11,GUANAJUATO,6,LEON,20,LEON,1650,C02,156,14,2,15,3,25,104,319,0,23,342,688
11,GUANAJUATO,6,LEON,20,LEON,1651,B,131,7,1,8,13,17,119,296,0,14,310,626
11,GUANAJUATO,6,LEON,20,LEON,1651,C01,128,8,3,8,3,27,84,261,0,16,277,626
11,GUANAJUATO,6,LEON,20,LEON,1651,C02,0,0,0,0,0,0,0,0,0,0,0,626
11,GUANAJUATO,6,LEON,20,LEON,1651,C03,129,6,2,10,8,12,104,271,0,15,286,626
11,GUANAJUATO,6,LEON,20,LEON,1651,C04,131,7,1,15,1,11,123,289,0,20,309,625
11,GUANAJUATO,6,LEON,20,LEON,1652,B,113,23,3,8,5,0,56,208,0,9,217,688
11,GUANAJUATO,6,LEON,20,LEON,1652,C01,116,30,0,7,2,31,98,284,0,20,304,688
11,GUANAJUATO,6,LEON,20,LEON,1652,C02,115,16,3,22,4,41,63,264,0,19,283,688
11,GUANAJUATO,6,LEON,20,LEON,1652,C03,104,20,1,30,3,36,75,269,0,0,269,688
11,GUANAJUATO,6,LEON,20,LEON,1652,C04,98,24,3,7,4,39,69,244,0,12,256,688
11,GUANAJUATO,6,LEON,20,LEON,1652,C05,112,118,2,13,5,60,0,310,0,15,325,688
11,GUANAJUATO,6,LEON,20,LEON,1652,C06,117,21,0,11,2,50,72,273,0,24,297,688
11,GUANAJUATO,6,LEON,20,LEON,1652,C07,97,10,1,6,0,41,87,242,0,2,244,687
11,GUANAJUATO,6,LEON,20,LEON,1652,C08,97,16,1,14,6,35,84,253,1,16,270,687
11,GUANAJUATO,4,LEON,20,LEON,1653,B,265,7,0,11,2,36,75,396,0,9,405,706
11,GUANAJUATO,4,LEON,20,LEON,1653,C01,0,0,0,0,0,0,0,0,0,0,0,706
11,GUANAJUATO,4,LEON,20,LEON,1653,C02,281,16,2,9,2,52,70,432,0,9,441,706
11,GUANAJUATO,4,LEON,20,LEON,1653,C03,256,14,1,7,5,61,74,418,0,7,425,706
11,GUANAJUATO,4,LEON,20,LEON,1653,C04,228,6,1,17,4,48,92,396,0,18,414,706
11,GUANAJUATO,4,LEON,20,LEON,1653,C05,267,9,1,12,5,47,89,430,0,11,441,705
11,GUANAJUATO,4,LEON,20,LEON,1653,C06,275,12,4,9,7,44,76,427,0,13,440,705
11,GUANAJUATO,4,LEON,20,LEON,1653,C07,243,14,0,17,5,45,68,392,0,9,401,705
11,GUANAJUATO,4,LEON,20,LEON,1653,C08,243,11,1,13,3,40,87,398,0,10,408,705
11,GUANAJUATO,4,LEON,20,LEON,1653,C09,247,8,0,9,2,45,84,395,0,9,404,705
11,GUANAJUATO,4,LEON,20,LEON,1653,C10,254,4,2,14,3,44,94,415,0,5,420,705
11,GUANAJUATO,4,LEON,20,LEON,1654,B,155,10,1,13,6,22,104,311,0,13,324,620
11,GUANAJUATO,4,LEON,20,LEON,1654,C01,182,14,1,10,3,14,96,320,0,25,345,619
11,GUANAJUATO,4,LEON,20,LEON,1654,C02,166,9,1,10,4,30,93,313,0,18,331,619
11,GUANAJUATO,6,LEON,20,LEON,1655,B,152,14,5,19,9,26,121,346,0,20,366,583
11,GUANAJUATO,6,LEON,20,LEON,1655,C01,178,42,6,36,14,40,3,319,0,12,331,583
11,GUANAJUATO,6,LEON,20,LEON,1655,C02,164,8,3,11,5,26,93,310,0,19,329,583
11,GUANAJUATO,6,LEON,20,LEON,1655,C03,303,7,4,17,1,22,101,455,0,14,469,583
11,GUANAJUATO,6,LEON,20,LEON,1656,B,189,23,2,14,1,13,83,325,0,17,342,579
11,GUANAJUATO,6,LEON,20,LEON,1656,C01,182,14,0,12,2,14,62,286,0,21,307,579
11,GUANAJUATO,6,LEON,20,LEON,1657,B,206,29,2,12,4,8,68,329,0,23,352,585
11,GUANAJUATO,6,LEON,20,LEON,1657,C01,179,19,2,8,3,8,62,281,0,32,313,585
11,GUANAJUATO,6,LEON,20,LEON,1657,C02,191,19,0,17,3,16,53,299,0,16,315,584
11,GUANAJUATO,6,LEON,20,LEON,1658,B,142,16,10,13,6,12,124,323,0,13,336,675
11,GUANAJUATO,6,LEON,20,LEON,1658,C01,15,8,2,7,8,23,119,182,0,29,211,675
11,GUANAJUATO,6,LEON,20,LEON,1658,C02,136,18,2,12,2,21,97,288,0,11,299,675
11,GUANAJUATO,6,LEON,20,LEON,1658,C03,155,15,3,15,5,19,100,312,0,22,334,675
11,GUANAJUATO,6,LEON,20,LEON,1658,C04,141,7,1,11,5,24,110,299,0,20,319,675
11,GUANAJUATO,6,LEON,20,LEON,1658,C05,123,17,5,12,8,24,109,298,0,15,313,674
11,GUANAJUATO,6,LEON,20,LEON,1658,C06,137,9,0,20,4,25,132,327,0,22,349,674
11,GUANAJUATO,6,LEON,20,LEON,1658,C07,153,18,2,12,4,23,98,310,0,20,330,674
11,GUANAJUATO,6,LEON,20,LEON,1658,C08,134,18,0,19,5,17,111,304,0,22,326,674
11,GUANAJUATO,6,LEON,20,LEON,1659,B,155,14,3,8,6,19,88,293,0,20,313,603
11,GUANAJUATO,6,LEON,20,LEON,1659,C01,147,11,3,14,4,16,147,342,0,13,355,603
11,GUANAJUATO,6,LEON,20,LEON,1659,C02,145,22,1,10,6,16,95,295,0,23,318,602
11,GUANAJUATO,4,LEON,20,LEON,1660,B,112,17,0,13,9,26,146,323,0,20,343,660
11,GUANAJUATO,4,LEON,20,LEON,1660,C01,123,15,1,14,6,19,147,325,0,38,363,659
11,GUANAJUATO,4,LEON,20,LEON,1661,B,150,12,3,13,1,16,121,316,0,13,329,624
11,GUANAJUATO,4,LEON,20,LEON,1661,C01,98,9,4,11,7,26,123,278,0,14,292,624
11,GUANAJUATO,4,LEON,20,LEON,1661,C02,121,13,0,9,2,16,113,274,0,23,297,624
11,GUANAJUATO,4,LEON,20,LEON,1661,C03,99,12,3,9,4,19,93,239,0,14,253,623
11,GUANAJUATO,6,LEON,20,LEON,1662,B,240,25,1,14,5,17,74,376,0,15,391,708
11,GUANAJUATO,6,LEON,20,LEON,1662,C01,241,25,2,17,5,10,70,370,0,10,380,707
11,GUANAJUATO,6,LEON,20,LEON,1662,C02,207,29,2,11,6,21,55,331,0,29,360,707
11,GUANAJUATO,6,LEON,20,LEON,1662,C03,208,25,3,11,5,24,74,350,0,26,376,707
11,GUANAJUATO,6,LEON,20,LEON,1663,B,194,18,3,22,4,17,50,308,0,19,327,566
11,GUANAJUATO,6,LEON,20,LEON,1663,C01,225,6,0,6,6,11,50,304,0,18,322,566
11,GUANAJUATO,6,LEON,20,LEON,1663,C02,217,22,0,14,0,6,47,306,0,13,319,565
11,GUANAJUATO,6,LEON,20,LEON,1663,C03,212,17,2,8,1,5,52,297,0,21,318,565
11,GUANAJUATO,6,LEON,20,LEON,1664,B,172,19,3,9,7,10,82,302,0,24,326,627
11,GUANAJUATO,6,LEON,20,LEON,1664,C01,213,12,0,16,6,21,80,348,0,13,361,627
11,GUANAJUATO,6,LEON,20,LEON,1664,C02,217,13,3,15,5,11,76,340,0,19,359,626
11,GUANAJUATO,6,LEON,20,LEON,1664,C03,196,20,6,8,4,9,92,335,0,11,346,626
11,GUANAJUATO,6,LEON,20,LEON,1664,C04,168,8,3,10,6,15,79,289,0,21,310,626
11,GUANAJUATO,6,LEON,20,LEON,1665,B,166,13,2,10,7,19,73,290,1,14,305,690
11,GUANAJUATO,6,LEON,20,LEON,1665,C01,168,20,2,9,4,77,13,293,1,18,312,689
11,GUANAJUATO,6,LEON,20,LEON,1665,C02,143,21,2,18,3,11,81,279,0,19,298,689
11,GUANAJUATO,6,LEON,20,LEON,1665,C03,177,27,4,18,2,13,107,348,0,12,360,689
11,GUANAJUATO,6,LEON,20,LEON,1665,C04,176,15,0,13,7,15,94,320,0,18,338,689
11,GUANAJUATO,6,LEON,20,LEON,1666,B,133,7,5,3,1,5,76,230,0,12,242,396
11,GUANAJUATO,6,LEON,20,LEON,1666,C01,141,12,1,12,2,7,78,253,0,12,265,395
11,GUANAJUATO,6,LEON,20,LEON,1667,B,0,0,0,0,0,0,0,0,0,0,0,610
11,GUANAJUATO,6,LEON,20,LEON,1667,C01,210,34,2,15,4,20,99,384,0,18,402,610
11,GUANAJUATO,6,LEON,20,LEON,1667,C02,198,20,1,16,7,15,102,359,0,19,378,610
11,GUANAJUATO,6,LEON,20,LEON,1667,C03,0,0,0,0,0,0,0,0,0,0,0,610
11,GUANAJUATO,6,LEON,20,LEON,1667,C04,205,25,3,10,1,18,111,373,0,4,377,610
11,GUANAJUATO,6,LEON,20,LEON,1668,B,163,12,3,10,5,17,103,313,0,18,331,668
11,GUANAJUATO,6,LEON,20,LEON,1668,C01,123,17,6,12,2,13,106,279,0,25,304,667
11,GUANAJUATO,6,LEON,20,LEON,1668,C02,128,14,4,9,8,16,124,303,0,16,319,667
11,GUANAJUATO,6,LEON,20,LEON,1669,B,124,9,3,14,12,17,77,256,0,13,269,569
11,GUANAJUATO,6,LEON,20,LEON,1669,C01,97,5,5,15,11,13,86,232,0,18,250,568
11,GUANAJUATO,6,LEON,20,LEON,1669,C02,123,17,2,14,11,11,96,274,0,11,285,568
11,GUANAJUATO,6,LEON,20,LEON,1669,C03,63,8,2,16,4,11,97,201,0,17,218,568
11,GUANAJUATO,6,LEON,20,LEON,1670,B,91,10,4,14,13,17,167,316,0,23,339,720
11,GUANAJUATO,6,LEON,20,LEON,1670,C01,119,19,1,17,7,17,175,355,0,8,363,720
11,GUANAJUATO,6,LEON,20,LEON,1671,B,173,13,1,11,5,9,101,313,0,9,322,685
11,GUANAJUATO,6,LEON,20,LEON,1671,C01,131,12,3,14,5,15,126,306,0,22,328,685
11,GUANAJUATO,6,LEON,20,LEON,1672,B,0,0,0,0,0,0,0,0,0,0,0,635
11,GUANAJUATO,6,LEON,20,LEON,1672,C01,168,8,4,5,0,25,121,331,0,12,343,635
11,GUANAJUATO,6,LEON,20,LEON,1672,C02,144,14,2,17,2,22,130,331,0,24,355,635
11,GUANAJUATO,6,LEON,20,LEON,1673,B,139,4,0,15,1,22,67,248,0,15,263,456
11,GUANAJUATO,6,LEON,20,LEON,1673,C01,149,5,0,12,2,18,69,255,0,15,270,455
11,GUANAJUATO,3,LEON,20,LEON,1674,B,224,7,0,11,5,62,124,433,0,24,457,666
11,GUANAJUATO,3,LEON,20,LEON,1674,C01,0,0,0,0,0,0,0,0,0,0,0,666
11,GUANAJUATO,3,LEON,20,LEON,1674,C02,239,17,3,18,5,53,98,433,0,13,446,665
11,GUANAJUATO,3,LEON,20,LEON,1674,C03,0,0,0,0,0,0,0,0,0,0,0,665
11,GUANAJUATO,3,LEON,20,LEON,1674,C04,217,11,3,14,3,51,122,421,1,18,440,665
11,GUANAJUATO,3,LEON,20,LEON,1675,B,254,15,0,16,5,45,101,436,0,5,441,668
11,GUANAJUATO,3,LEON,20,LEON,1675,C01,225,9,4,16,1,48,113,416,0,16,432,668
11,GUANAJUATO,3,LEON,20,LEON,1675,C02,226,18,1,12,3,40,122,422,0,9,431,667
11,GUANAJUATO,3,LEON,20,LEON,1675,C03,0,0,0,0,0,0,0,0,0,0,0,667
11,GUANAJUATO,3,LEON,20,LEON,1675,C04,208,13,3,18,2,48,117,409,0,23,432,667
11,GUANAJUATO,3,LEON,20,LEON,1675,C05,209,10,3,19,4,57,103,405,0,17,422,667
11,GUANAJUATO,3,LEON,20,LEON,1676,B,248,6,4,10,6,52,99,425,0,15,440,655
11,GUANAJUATO,3,LEON,20,LEON,1676,C01,249,7,3,18,6,40,91,414,0,13,427,655
11,GUANAJUATO,3,LEON,20,LEON,1677,B,183,13,1,19,1,33,124,374,0,10,384,749
11,GUANAJUATO,3,LEON,20,LEON,1677,C01,183,23,2,15,3,39,130,395,0,44,439,749
11,GUANAJUATO,3,LEON,20,LEON,1677,C02,166,11,0,13,4,38,131,363,0,26,389,749
11,GUANAJUATO,3,LEON,20,LEON,1677,C03,165,18,0,18,3,42,113,359,0,28,387,749
11,GUANAJUATO,3,LEON,20,LEON,1677,C04,177,11,2,20,4,35,128,377,0,24,401,749
11,GUANAJUATO,3,LEON,20,LEON,1677,C05,0,0,0,0,0,0,0,0,0,0,0,749
11,GUANAJUATO,3,LEON,20,LEON,1678,B,199,8,1,8,5,34,55,310,0,10,320,430
11,GUANAJUATO,3,LEON,20,LEON,1678,C01,170,6,1,9,1,30,59,276,0,11,287,429
11,GUANAJUATO,3,LEON,20,LEON,1679,B,212,10,202,5,1,27,85,542,0,18,560,490
11,GUANAJUATO,3,LEON,20,LEON,1679,C01,220,9,3,7,1,25,64,329,0,15,344,489
11,GUANAJUATO,3,LEON,20,LEON,1680,B,231,15,2,16,2,39,114,419,0,4,423,594
11,GUANAJUATO,3,LEON,20,LEON,1680,C01,234,7,2,19,2,45,103,412,1,22,435,594
11,GUANAJUATO,3,LEON,20,LEON,1682,B,271,16,0,10,2,43,84,426,0,14,440,624
11,GUANAJUATO,3,LEON,20,LEON,1682,C01,263,12,1,7,1,45,94,423,0,17,440,624
11,GUANAJUATO,3,LEON,20,LEON,1683,B,0,0,0,0,0,0,0,0,0,0,0,464
11,GUANAJUATO,3,LEON,20,LEON,1683,C01,218,7,2,7,4,43,76,357,0,7,364,463
11,GUANAJUATO,3,LEON,20,LEON,1684,B,248,22,1,30,6,51,118,476,0,23,499,721
11,GUANAJUATO,3,LEON,20,LEON,1685,B,132,9,1,7,1,31,76,257,0,10,267,397
11,GUANAJUATO,3,LEON,20,LEON,1685,C01,159,5,2,4,2,24,61,257,0,10,267,396
11,GUANAJUATO,3,LEON,20,LEON,1686,B,182,11,0,4,3,14,70,284,0,19,303,433
11,GUANAJUATO,3,LEON,20,LEON,1686,C01,148,10,1,11,5,16,89,280,0,9,289,433
11,GUANAJUATO,3,LEON,20,LEON,1688,B,0,0,0,0,0,0,0,0,0,0,0,408
11,GUANAJUATO,3,LEON,20,LEON,1688,C01,141,12,2,10,2,26,91,284,0,16,300,408
11,GUANAJUATO,3,LEON,20,LEON,1689,B,256,14,0,10,6,51,69,406,2,22,430,601
11,GUANAJUATO,3,LEON,20,LEON,1689,C01,262,12,0,19,3,54,99,449,0,12,461,601
11,GUANAJUATO,3,LEON,20,LEON,1690,B,232,8,1,12,4,46,130,433,0,14,447,607
11,GUANAJUATO,3,LEON,20,LEON,1690,C01,233,10,2,14,2,47,116,424,0,15,439,606
11,GUANAJUATO,3,LEON,20,LEON,1690,C02,226,16,4,15,3,41,114,419,0,17,436,606
11,GUANAJUATO,3,LEON,20,LEON,1691,B,188,9,0,16,4,46,201,464,0,28,492,674
11,GUANAJUATO,3,LEON,20,LEON,1691,C01,216,10,2,17,6,26,118,395,0,28,423,673
11,GUANAJUATO,3,LEON,20,LEON,1692,B,219,8,0,9,3,34,98,371,1,14,386,514
11,GUANAJUATO,3,LEON,20,LEON,1692,C01,0,0,0,0,0,0,0,0,0,0,0,514
11,GUANAJUATO,3,LEON,20,LEON,1692,C02,0,0,0,0,0,0,0,0,0,0,0,514
11,GUANAJUATO,3,LEON,20,LEON,1693,B,308,11,1,22,3,38,89,472,1,23,496,666
11,GUANAJUATO,3,LEON,20,LEON,1693,C01,0,0,0,0,0,0,0,0,0,0,0,665
11,GUANAJUATO,3,LEON,20,LEON,1694,B,366,5,0,8,2,46,25,452,0,8,460,597
11,GUANAJUATO,3,LEON,20,LEON,1694,C01,377,1,1,5,1,48,28,461,0,5,466,597
11,GUANAJUATO,3,LEON,20,LEON,1694,C02,392,11,2,5,1,44,23,478,1,9,488,597
11,GUANAJUATO,3,LEON,20,LEON,1694,C03,368,7,3,8,3,37,28,454,0,6,460,597
11,GUANAJUATO,3,LEON,20,LEON,1695,B,382,14,1,13,6,52,53,521,0,16,537,669
11,GUANAJUATO,3,LEON,20,LEON,1695,C01,354,9,2,12,3,58,62,500,0,18,518,669
11,GUANAJUATO,3,LEON,20,LEON,1695,C02,342,12,1,12,2,66,65,500,0,11,511,669
11,GUANAJUATO,3,LEON,20,LEON,1695,C03,363,14,4,13,1,49,56,500,0,9,509,669
11,GUANAJUATO,3,LEON,20,LEON,1696,B,0,0,0,0,0,0,0,0,0,0,0,571
11,GUANAJUATO,3,LEON,20,LEON,1696,C01,215,7,2,9,3,33,88,357,0,74,431,571
11,GUANAJUATO,3,LEON,20,LEON,1696,C02,0,0,0,0,0,0,0,0,0,0,0,571
11,GUANAJUATO,7,LEON,20,LEON,1697,B,310,19,2,9,0,54,63,457,0,24,481,627
11,GUANAJUATO,7,LEON,20,LEON,1697,C01,360,11,3,8,4,49,47,482,0,13,495,627
11,GUANAJUATO,7,LEON,20,LEON,1697,C02,172,8,2,3,2,36,45,268,0,13,281,627
11,GUANAJUATO,7,LEON,20,LEON,1697,C03,321,17,3,8,2,47,67,465,0,11,476,627
11,GUANAJUATO,7,LEON,20,LEON,1697,C04,329,9,0,12,2,45,60,457,0,11,468,626
11,GUANAJUATO,3,LEON,20,LEON,1698,B,263,11,0,3,0,16,35,328,1,6,335,400
11,GUANAJUATO,3,LEON,20,LEON,1698,C01,284,7,0,6,1,26,15,339,0,2,341,399
11,GUANAJUATO,3,LEON,20,LEON,1699,B,424,16,2,12,1,48,59,562,0,6,568,714
11,GUANAJUATO,7,LEON,20,LEON,1700,B,371,10,0,11,2,48,66,508,3,11,522,707
11,GUANAJUATO,7,LEON,20,LEON,1700,C01,345,22,2,16,1,47,70,503,0,17,520,706
11,GUANAJUATO,7,LEON,20,LEON,1701,B,203,13,1,8,1,32,70,328,0,13,341,501
11,GUANAJUATO,7,LEON,20,LEON,1701,C01,221,6,1,11,6,24,73,342,0,8,350,500
11,GUANAJUATO,3,LEON,20,LEON,1702,B,470,18,3,13,0,0,24,528,0,13,541,722
11,GUANAJUATO,3,LEON,20,LEON,1702,C01,499,14,1,10,1,39,16,580,1,3,584,722
11,GUANAJUATO,3,LEON,20,LEON,1703,B,124,4,0,3,5,15,10,161,0,5,166,229
11,GUANAJUATO,3,LEON,20,LEON,1704,B,248,10,0,5,0,25,17,305,0,5,310,383
11,GUANAJUATO,3,LEON,20,LEON,1704,C01,260,10,1,7,0,24,24,326,0,8,334,383
11,GUANAJUATO,7,LEON,20,LEON,1705,B,266,8,0,10,1,26,31,342,0,4,346,434
11,GUANAJUATO,7,LEON,20,LEON,1705,C01,270,11,0,4,2,19,45,351,0,9,360,433
11,GUANAJUATO,7,LEON,20,LEON,1706,B,201,6,1,12,3,30,86,339,2,18,359,548
11,GUANAJUATO,7,LEON,20,LEON,1706,C01,197,10,1,9,3,24,100,344,0,15,359,548
11,GUANAJUATO,7,LEON,20,LEON,1707,B,256,19,1,9,6,39,87,417,0,28,445,600
11,GUANAJUATO,3,LEON,20,LEON,1708,B,309,14,3,9,3,33,25,396,0,6,402,495
11,GUANAJUATO,3,LEON,20,LEON,1708,C01,320,9,0,3,1,35,32,400,2,6,408,494
11,GUANAJUATO,7,LEON,20,LEON,1709,B,244,11,4,8,7,32,111,417,0,22,439,680
11,GUANAJUATO,7,LEON,20,LEON,1709,C01,253,18,1,9,5,37,99,422,0,24,446,679
11,GUANAJUATO,7,LEON,20,LEON,1710,B,184,12,1,9,1,23,74,304,0,13,317,438
11,GUANAJUATO,7,LEON,20,LEON,1710,C01,210,8,2,7,1,28,58,314,0,18,332,437
11,GUANAJUATO,5,LEON,20,LEON,1711,B,453,16,2,9,1,46,34,561,0,4,565,739
11,GUANAJUATO,5,LEON,20,LEON,1711,C01,503,17,2,7,0,44,28,601,0,5,606,739
11,GUANAJUATO,5,LEON,20,LEON,1711,C02,0,0,0,0,0,0,0,0,0,0,0,738
11,GUANAJUATO,5,LEON,20,LEON,1711,C03,468,11,0,9,0,47,27,562,0,12,574,738
11,GUANAJUATO,5,LEON,20,LEON,1711,C04,454,16,1,7,0,42,27,547,0,12,559,738
11,GUANAJUATO,5,LEON,20,LEON,1711,C05,461,15,1,13,2,38,43,573,1,7,581,738
11,GUANAJUATO,5,LEON,20,LEON,1711,C06,454,23,1,7,1,45,44,575,2,3,580,738
11,GUANAJUATO,5,LEON,20,LEON,1711,C07,436,18,2,14,0,46,36,552,0,14,566,738
11,GUANAJUATO,5,LEON,20,LEON,1711,S01,17,1,0,0,0,2,3,23,0,0,23,0
11,GUANAJUATO,5,LEON,20,LEON,1712,B,231,8,1,4,0,43,23,310,0,1,311,443
11,GUANAJUATO,3,LEON,20,LEON,1713,B,469,25,2,11,0,41,54,602,0,6,608,747
11,GUANAJUATO,7,LEON,20,LEON,1714,B,259,8,1,3,0,29,13,313,0,2,315,412
11,GUANAJUATO,7,LEON,20,LEON,1714,C01,267,10,0,5,0,29,17,328,0,8,336,411
11,GUANAJUATO,7,LEON,20,LEON,1715,B,234,9,4,5,0,19,28,299,0,5,304,377
11,GUANAJUATO,7,LEON,20,LEON,1715,C01,224,8,0,5,0,22,34,293,1,8,302,376
11,GUANAJUATO,7,LEON,20,LEON,1716,B,204,7,1,5,0,38,25,280,0,8,288,384
11,GUANAJUATO,7,LEON,20,LEON,1716,C01,220,5,0,2,2,36,31,296,0,7,303,384
11,GUANAJUATO,7,LEON,20,LEON,1717,B,407,16,2,9,0,51,43,528,0,4,532,681
11,GUANAJUATO,7,LEON,20,LEON,1718,B,0,0,0,0,0,0,0,0,0,0,0,534
11,GUANAJUATO,7,LEON,20,LEON,1718,C01,188,5,5,19,6,29,97,349,0,22,371,534
11,GUANAJUATO,7,LEON,20,LEON,1719,B,243,13,1,14,5,30,128,434,0,27,461,676
11,GUANAJUATO,7,LEON,20,LEON,1719,C01,238,9,2,16,6,32,123,426,0,29,455,676
11,GUANAJUATO,7,LEON,20,LEON,1720,B,193,7,3,11,4,16,71,305,0,20,325,498
11,GUANAJUATO,7,LEON,20,LEON,1720,C01,170,5,3,10,1,31,74,294,0,12,306,497
11,GUANAJUATO,5,LEON,20,LEON,1721,B,223,9,1,15,7,45,84,384,0,23,407,628
11,GUANAJUATO,5,LEON,20,LEON,1721,C01,206,16,1,17,6,40,108,394,0,18,412,628
11,GUANAJUATO,5,LEON,20,LEON,1722,B,228,15,3,19,2,25,133,425,0,20,445,665
11,GUANAJUATO,5,LEON,20,LEON,1722,C01,195,9,4,12,4,31,126,381,0,16,397,664
11,GUANAJUATO,5,LEON,20,LEON,1723,B,211,11,2,14,4,41,80,363,0,15,378,509
11,GUANAJUATO,5,LEON,20,LEON,1723,C01,215,13,1,14,3,26,81,353,0,16,369,508
11,GUANAJUATO,7,LEON,20,LEON,1724,B,182,8,0,14,5,29,85,323,0,11,334,495
11,GUANAJUATO,7,LEON,20,LEON,1724,C01,182,5,0,17,1,31,96,332,0,13,345,495
11,GUANAJUATO,7,LEON,20,LEON,1725,B,191,13,3,8,4,23,67,309,0,9,318,486
11,GUANAJUATO,7,LEON,20,LEON,1726,B,173,11,1,7,5,22,85,304,0,12,316,481
11,GUANAJUATO,7,LEON,20,LEON,1726,C01,141,12,1,16,4,13,91,278,0,22,300,481
11,GUANAJUATO,7,LEON,20,LEON,1727,B,175,16,3,8,2,42,62,308,0,14,322,538
11,GUANAJUATO,7,LEON,20,LEON,1727,C01,158,16,0,14,3,31,91,313,0,22,335,538
11,GUANAJUATO,7,LEON,20,LEON,1728,B,319,7,0,4,0,44,36,410,0,14,424,532
11,GUANAJUATO,7,LEON,20,LEON,1729,B,179,9,1,10,3,27,47,276,0,8,284,409
11,GUANAJUATO,7,LEON,20,LEON,1729,C01,175,4,2,10,2,20,40,253,0,4,257,409
11,GUANAJUATO,7,LEON,20,LEON,1729,S01,35,3,0,7,0,9,16,70,0,105,175,0
11,GUANAJUATO,7,LEON,20,LEON,1730,B,140,7,3,6,4,17,57,234,0,16,250,416
11,GUANAJUATO,7,LEON,20,LEON,1730,C01,130,8,0,8,5,23,65,239,0,12,251,416
11,GUANAJUATO,7,LEON,20,LEON,1731,B,146,6,2,12,5,13,126,310,0,19,329,538
11,GUANAJUATO,7,LEON,20,LEON,1731,C01,183,6,2,11,3,22,108,335,1,16,352,538
11,GUANAJUATO,7,LEON,20,LEON,1731,C02,132,6,0,17,3,19,119,296,0,24,320,538
11,GUANAJUATO,5,LEON,20,LEON,1732,B,177,18,3,17,34,33,120,402,0,21,423,666
11,GUANAJUATO,5,LEON,20,LEON,1732,C01,184,12,4,19,8,34,97,358,0,25,383,665
11,GUANAJUATO,5,LEON,20,LEON,1732,C02,0,0,0,0,0,0,0,0,0,0,0,665
11,GUANAJUATO,5,LEON,20,LEON,1733,B,151,14,2,19,8,33,88,315,0,26,341,597
11,GUANAJUATO,5,LEON,20,LEON,1733,C01,152,14,3,10,7,34,99,319,0,30,349,597
11,GUANAJUATO,5,LEON,20,LEON,1733,C02,163,11,1,19,9,51,90,344,2,22,368,597
11,GUANAJUATO,5,LEON,20,LEON,1734,B,220,8,3,13,5,34,107,390,0,21,411,675
11,GUANAJUATO,5,LEON,20,LEON,1734,C01,208,10,0,23,7,24,127,399,0,27,426,674
11,GUANAJUATO,7,LEON,20,LEON,1735,B,145,9,3,8,2,21,108,296,1,16,313,519
11,GUANAJUATO,7,LEON,20,LEON,1735,C01,123,3,0,23,2,43,111,305,0,20,325,519
11,GUANAJUATO,7,LEON,20,LEON,1736,B,104,4,0,17,3,34,71,233,0,6,239,386
11,GUANAJUATO,7,LEON,20,LEON,1736,C01,8,6,0,23,5,14,65,121,0,4,125,386
11,GUANAJUATO,7,LEON,20,LEON,1737,B,149,5,0,22,2,18,70,266,0,13,279,439
11,GUANAJUATO,7,LEON,20,LEON,1737,C01,124,9,1,14,2,2,75,227,0,22,249,439
11,GUANAJUATO,7,LEON,20,LEON,1738,B,0,0,0,0,0,0,0,0,0,0,0,620
11,GUANAJUATO,5,LEON,20,LEON,1739,B,200,12,1,10,7,40,88,358,0,22,380,572
11,GUANAJUATO,5,LEON,20,LEON,1739,C01,170,3,1,11,7,36,112,340,0,22,362,571
11,GUANAJUATO,7,LEON,20,LEON,1740,B,181,10,1,4,2,21,31,250,0,9,259,437
11,GUANAJUATO,7,LEON,20,LEON,1740,C01,147,6,2,3,2,29,37,226,0,15,241,436
11,GUANAJUATO,5,LEON,20,LEON,1741,B,152,10,2,20,4,28,120,336,0,20,356,730
11,GUANAJUATO,5,LEON,20,LEON,1741,C01,0,0,0,0,0,0,0,0,0,0,0,730
11,GUANAJUATO,5,LEON,20,LEON,1741,C02,0,0,0,0,0,0,0,0,0,0,0,730
11,GUANAJUATO,5,LEON,20,LEON,1741,C03,0,0,0,0,0,0,0,0,0,0,0,729
11,GUANAJUATO,5,LEON,20,LEON,1741,C04,0,0,0,0,0,0,0,0,0,0,0,729
11,GUANAJUATO,5,LEON,20,LEON,1742,B,166,9,5,12,2,28,85,307,0,13,320,566
11,GUANAJUATO,5,LEON,20,LEON,1742,C01,191,6,5,16,2,30,86,336,0,15,351,566
11,GUANAJUATO,7,LEON,20,LEON,1743,B,208,8,2,2,5,37,74,336,0,12,348,553
11,GUANAJUATO,7,LEON,20,LEON,1744,B,169,18,1,11,4,31,53,287,0,2,289,422
11,GUANAJUATO,7,LEON,20,LEON,1744,C01,189,18,2,11,1,31,48,300,0,5,305,421
11,GUANAJUATO,7,LEON,20,LEON,1745,B,227,10,2,19,8,40,131,437,0,0,437,720
11,GUANAJUATO,7,LEON,20,LEON,1745,C01,201,24,4,15,4,48,125,421,0,9,430,720
11,GUANAJUATO,7,LEON,20,LEON,1746,B,156,14,0,7,6,21,71,275,0,9,284,479
11,GUANAJUATO,7,LEON,20,LEON,1746,C01,164,9,1,11,7,27,77,296,0,19,315,479
11,GUANAJUATO,5,LEON,20,LEON,1747,B,164,12,3,12,6,35,80,312,11,20,343,658
11,GUANAJUATO,5,LEON,20,LEON,1747,C01,166,11,1,18,6,35,115,352,0,11,363,658
11,GUANAJUATO,5,LEON,20,LEON,1747,C02,196,12,2,18,6,31,100,365,0,20,385,658
11,GUANAJUATO,5,LEON,20,LEON,1747,C03,0,0,0,0,0,0,0,0,0,0,0,658
11,GUANAJUATO,5,LEON,20,LEON,1747,C04,171,8,2,17,8,33,103,342,0,26,368,657
11,GUANAJUATO,5,LEON,20,LEON,1748,B,181,9,1,9,5,36,120,361,0,23,384,610
11,GUANAJUATO,5,LEON,20,LEON,1748,C01,187,7,0,21,2,23,128,368,0,14,382,610
11,GUANAJUATO,7,LEON,20,LEON,1749,B,160,8,3,11,6,15,109,312,0,12,324,530
11,GUANAJUATO,7,LEON,20,LEON,1749,C01,157,10,1,10,6,25,95,304,0,21,325,529
11,GUANAJUATO,5,LEON,20,LEON,1750,B,140,10,1,21,2,28,93,295,0,31,326,600
11,GUANAJUATO,5,LEON,20,LEON,1750,C01,134,10,4,14,3,27,114,306,0,33,339,600
11,GUANAJUATO,5,LEON,20,LEON,1751,B,193,12,3,14,1,28,125,376,0,24,400,734
11,GUANAJUATO,5,LEON,20,LEON,1751,C01,199,21,0,11,3,65,113,412,0,16,428,734
11,GUANAJUATO,5,LEON,20,LEON,1752,B,181,13,3,14,3,38,118,370,1,21,392,673
11,GUANAJUATO,5,LEON,20,LEON,1752,C01,189,11,2,27,3,32,119,383,0,24,407,672
11,GUANAJUATO,5,LEON,20,LEON,1753,B,153,7,0,15,7,39,78,299,0,13,312,522
11,GUANAJUATO,5,LEON,20,LEON,1753,C01,183,7,2,14,4,25,75,310,0,17,327,522
11,GUANAJUATO,5,LEON,20,LEON,1753,C02,189,6,0,11,6,26,86,324,0,14,338,522
11,GUANAJUATO,5,LEON,20,LEON,1754,B,188,11,2,12,4,32,106,355,0,25,380,655
11,GUANAJUATO,5,LEON,20,LEON,1754,C01,180,10,0,13,7,25,125,360,0,34,394,654
11,GUANAJUATO,7,LEON,20,LEON,1755,B,223,7,0,6,2,40,76,354,0,7,361,493
11,GUANAJUATO,7,LEON,20,LEON,1755,C01,199,21,0,11,3,65,113,412,0,16,428,492
11,GUANAJUATO,7,LEON,20,LEON,1756,B,149,6,1,7,5,17,73,258,0,10,268,395
11,GUANAJUATO,7,LEON,20,LEON,1756,C01,157,9,1,5,4,18,78,272,0,2,274,395
11,GUANAJUATO,7,LEON,20,LEON,1757,B,178,9,1,13,3,28,57,289,0,8,297,439
11,GUANAJUATO,7,LEON,20,LEON,1758,B,204,8,0,8,4,29,45,298,0,21,319,431
11,GUANAJUATO,7,LEON,20,LEON,1758,C01,201,9,2,10,1,20,52,295,0,14,309,431
11,GUANAJUATO,7,LEON,20,LEON,1759,B,218,10,3,12,7,37,102,389,0,7,396,660
11,GUANAJUATO,7,LEON,20,LEON,1759,C01,213,14,2,9,3,21,122,384,0,19,403,660
11,GUANAJUATO,7,LEON,20,LEON,1760,B,237,11,2,14,5,36,101,406,0,16,422,614
11,GUANAJUATO,7,LEON,20,LEON,1760,C01,243,9,3,8,4,37,81,385,0,22,407,614
11,GUANAJUATO,7,LEON,20,LEON,1761,B,156,9,0,12,1,17,52,247,0,12,259,376
11,GUANAJUATO,7,LEON,20,LEON,1761,C01,154,5,0,7,0,17,60,243,0,11,254,375
11,GUANAJUATO,7,LEON,20,LEON,1762,B,311,17,3,12,6,36,88,473,0,29,502,739
11,GUANAJUATO,7,LEON,20,LEON,1763,B,300,14,1,16,9,52,103,495,0,21,516,750
11,GUANAJUATO,7,LEON,20,LEON,1764,B,196,11,1,10,2,36,81,337,0,16,353,495
11,GUANAJUATO,7,LEON,20,LEON,1764,C01,168,22,5,15,2,29,80,321,1,9,331,494
11,GUANAJUATO,5,LEON,20,LEON,1765,B,165,6,3,13,8,30,150,375,0,14,389,655
11,GUANAJUATO,5,LEON,20,LEON,1765,C01,226,8,3,18,8,24,98,385,0,14,399,655
11,GUANAJUATO,7,LEON,20,LEON,1766,B,194,6,4,22,1,29,131,387,0,5,392,658
11,GUANAJUATO,7,LEON,20,LEON,1766,C01,201,6,0,9,4,26,108,354,0,19,373,658
11,GUANAJUATO,5,LEON,20,LEON,1767,B,174,8,2,13,14,32,126,369,0,16,385,582
11,GUANAJUATO,5,LEON,20,LEON,1767,C01,186,9,2,12,4,28,103,344,0,21,365,581
11,GUANAJUATO,5,LEON,20,LEON,1768,B,139,6,2,9,6,29,103,294,0,13,307,576
11,GUANAJUATO,5,LEON,20,LEON,1768,C01,137,11,2,11,2,5,113,281,0,12,293,575
11,GUANAJUATO,5,LEON,20,LEON,1768,C02,111,9,2,14,3,28,140,307,0,10,317,575
11,GUANAJUATO,5,LEON,20,LEON,1769,B,148,12,3,12,5,49,158,387,0,27,414,677
11,GUANAJUATO,5,LEON,20,LEON,1769,C01,0,0,0,0,0,0,0,0,0,0,0,677
11,GUANAJUATO,5,LEON,20,LEON,1770,B,197,15,3,12,7,39,114,387,0,27,414,727
11,GUANAJUATO,5,LEON,20,LEON,1770,C01,235,10,3,14,8,37,119,426,0,22,448,727
11,GUANAJUATO,5,LEON,20,LEON,1771,B,192,11,7,10,5,22,32,279,0,7,286,548
11,GUANAJUATO,5,LEON,20,LEON,1771,C01,216,6,1,11,3,29,33,299,0,16,315,548
11,GUANAJUATO,7,LEON,20,LEON,1772,B,0,0,0,0,0,0,0,0,0,0,0,741
11,GUANAJUATO,5,LEON,20,LEON,1773,B,271,13,0,9,1,52,91,437,1,22,460,726
11,GUANAJUATO,5,LEON,20,LEON,1773,C01,287,1,1,4,2,46,104,445,0,13,458,725
11,GUANAJUATO,5,LEON,20,LEON,1773,C02,248,12,5,10,3,48,98,424,0,8,432,725
11,GUANAJUATO,5,LEON,20,LEON,1774,B,199,6,3,7,3,30,96,344,0,22,366,641
11,GUANAJUATO,5,LEON,20,LEON,1774,C01,215,10,1,17,3,28,110,384,0,13,397,641
11,GUANAJUATO,5,LEON,20,LEON,1775,B,209,11,4,13,5,29,101,372,0,12,384,593
11,GUANAJUATO,5,LEON,20,LEON,1775,C01,212,4,0,10,4,34,94,358,0,19,377,593
11,GUANAJUATO,7,LEON,20,LEON,1776,B,227,17,4,12,7,39,107,413,0,16,429,683
11,GUANAJUATO,7,LEON,20,LEON,1777,B,260,15,5,18,2,45,111,456,0,21,477,727
11,GUANAJUATO,7,LEON,20,LEON,1778,B,228,17,2,14,1,43,99,404,0,14,418,656
11,GUANAJUATO,7,LEON,20,LEON,1779,B,166,6,0,14,1,35,90,312,0,17,329,482
11,GUANAJUATO,7,LEON,20,LEON,1779,C01,163,9,0,8,0,32,76,288,0,15,303,482
11,GUANAJUATO,7,LEON,20,LEON,1780,B,159,9,4,13,1,29,122,337,0,24,361,589
11,GUANAJUATO,7,LEON,20,LEON,1780,C01,169,7,1,17,8,33,109,344,28,23,395,588
11,GUANAJUATO,7,LEON,20,LEON,1781,B,154,9,0,8,0,25,89,285,0,19,304,514
11,GUANAJUATO,7,LEON,20,LEON,1781,C01,156,9,0,10,6,27,108,316,1,7,324,513
11,GUANAJUATO,5,LEON,20,LEON,1782,B,196,8,3,12,6,28,78,331,1,16,348,580
11,GUANAJUATO,5,LEON,20,LEON,1782,C01,149,12,2,15,4,36,89,307,0,13,320,580
11,GUANAJUATO,5,LEON,20,LEON,1783,B,148,5,2,10,5,30,93,293,3,15,311,467
11,GUANAJUATO,5,LEON,20,LEON,1783,C01,145,6,3,10,3,20,93,280,0,10,290,467
11,GUANAJUATO,5,LEON,20,LEON,1784,B,130,5,4,5,1,22,74,241,0,18,259,459
11,GUANAJUATO,5,LEON,20,LEON,1784,C01,113,11,1,6,4,17,75,227,1,14,242,459
11,GUANAJUATO,7,LEON,20,LEON,1785,B,140,9,2,19,2,21,59,252,0,7,259,453
11,GUANAJUATO,7,LEON,20,LEON,1785,C01,131,5,1,3,2,28,64,234,0,17,251,452
11,GUANAJUATO,7,LEON,20,LEON,1786,B,202,10,1,13,4,44,31,305,0,28,333,565
11,GUANAJUATO,7,LEON,20,LEON,1786,C01,227,9,2,16,2,30,97,383,0,16,399,565
11,GUANAJUATO,5,LEON,20,LEON,1787,B,231,14,1,13,1,29,126,415,1,17,433,703
11,GUANAJUATO,5,LEON,20,LEON,1787,C01,230,12,1,15,5,49,101,413,0,17,430,702
11,GUANAJUATO,5,LEON,20,LEON,1787,C02,236,11,4,17,3,50,106,427,0,13,440,702
11,GUANAJUATO,5,LEON,20,LEON,1787,C03,221,17,4,15,5,43,100,405,2,13,420,702
11,GUANAJUATO,5,LEON,20,LEON,1787,C04,234,9,3,12,5,51,126,440,0,16,456,702
11,GUANAJUATO,7,LEON,20,LEON,1788,B,167,11,1,15,4,23,117,338,0,16,354,524
11,GUANAJUATO,7,LEON,20,LEON,1789,B,142,8,0,10,4,50,68,282,1,12,295,463
11,GUANAJUATO,7,LEON,20,LEON,1789,C01,156,5,1,4,4,31,61,262,0,16,278,462
11,GUANAJUATO,7,LEON,20,LEON,1790,B,132,3,1,11,2,28,90,267,0,15,282,460
11,GUANAJUATO,7,LEON,20,LEON,1790,C01,146,8,2,8,5,28,93,290,0,8,298,459
11,GUANAJUATO,7,LEON,20,LEON,1791,B,0,0,0,0,0,0,0,0,0,0,0,575
11,GUANAJUATO,7,LEON,20,LEON,1791,C01,173,7,1,6,2,42,106,337,1,13,351,574
11,GUANAJUATO,7,LEON,20,LEON,1792,B,174,15,2,21,2,47,122,383,0,14,397,624
11,GUANAJUATO,7,LEON,20,LEON,1792,C01,159,13,0,26,4,46,117,365,0,23,388,624
11,GUANAJUATO,7,LEON,20,LEON,1793,B,134,11,2,15,2,28,87,279,0,13,292,484
11,GUANAJUATO,7,LEON,20,LEON,1793,C01,132,12,2,5,5,28,70,254,0,14,268,483
11,GUANAJUATO,5,LEON,20,LEON,1794,B,272,14,5,13,3,45,101,453,1,10,464,719
11,GUANAJUATO,5,LEON,20,LEON,1794,C01,255,21,2,11,4,51,93,437,0,21,458,719
11,GUANAJUATO,5,LEON,20,LEON,1794,C02,263,21,1,10,2,47,104,448,0,19,467,719
11,GUANAJUATO,5,LEON,20,LEON,1794,C03,265,17,0,13,5,43,41,384,1,12,397,719
11,GUANAJUATO,5,LEON,20,LEON,1794,C04,263,10,5,13,3,48,99,441,0,18,459,719
11,GUANAJUATO,5,LEON,20,LEON,1794,C05,272,3,1,10,6,54,103,449,0,10,459,719
11,GUANAJUATO,5,LEON,20,LEON,1794,C06,250,15,2,16,0,59,98,440,1,9,450,719
11,GUANAJUATO,5,LEON,20,LEON,1794,C07,253,10,0,8,8,49,92,420,0,19,439,719
11,GUANAJUATO,5,LEON,20,LEON,1794,C08,249,12,0,8,5,48,105,427,0,22,449,718
11,GUANAJUATO,5,LEON,20,LEON,1794,C09,270,9,2,26,2,53,90,452,0,20,472,718
11,GUANAJUATO,5,LEON,20,LEON,1795,B,169,18,1,11,4,33,92,328,2,9,339,579
11,GUANAJUATO,5,LEON,20,LEON,1795,C01,218,7,3,14,8,33,36,319,5,15,339,578
11,GUANAJUATO,5,LEON,20,LEON,1796,B,0,0,0,0,0,0,0,0,0,0,0,638
11,GUANAJUATO,5,LEON,20,LEON,1796,C01,200,8,2,12,6,37,101,366,2,23,391,638
11,GUANAJUATO,5,LEON,20,LEON,1797,B,142,7,3,4,8,25,115,304,0,19,323,513
11,GUANAJUATO,5,LEON,20,LEON,1797,C01,146,10,2,12,4,27,108,309,1,16,326,512
11,GUANAJUATO,7,LEON,20,LEON,1798,B,209,9,2,27,3,38,119,407,0,22,429,640
11,GUANAJUATO,7,LEON,20,LEON,1799,B,174,11,2,18,0,29,98,332,0,20,352,519
11,GUANAJUATO,7,LEON,20,LEON,1800,B,139,4,0,9,0,23,78,253,0,17,270,456
11,GUANAJUATO,7,LEON,20,LEON,1800,C01,166,8,0,5,3,30,80,292,0,17,309,455
11,GUANAJUATO,7,LEON,20,LEON,1801,B,233,9,2,13,3,28,151,439,0,21,460,698
11,GUANAJUATO,7,LEON,20,LEON,1802,B,266,15,0,11,3,40,106,441,0,14,455,657
11,GUANAJUATO,7,LEON,20,LEON,1802,C01,279,11,0,13,5,33,90,431,0,18,449,656
11,GUANAJUATO,5,LEON,20,LEON,1803,B,150,15,1,2,5,35,116,324,0,21,345,552
11,GUANAJUATO,5,LEON,20,LEON,1803,C01,152,12,3,14,7,34,89,311,0,20,331,551
11,GUANAJUATO,5,LEON,20,LEON,1803,C02,153,10,3,12,2,38,93,311,0,15,326,551
11,GUANAJUATO,7,LEON,20,LEON,1804,B,287,19,0,16,2,34,73,431,0,16,447,589
11,GUANAJUATO,7,LEON,20,LEON,1805,B,384,17,3,10,3,41,40,498,0,8,506,672
11,GUANAJUATO,7,LEON,20,LEON,1806,B,133,14,0,10,2,48,64,271,0,10,281,406
11,GUANAJUATO,7,LEON,20,LEON,1806,C01,129,14,1,6,1,17,60,228,0,6,234,406
11,GUANAJUATO,5,LEON,20,LEON,1807,B,97,8,1,3,6,22,77,214,0,18,232,445
11,GUANAJUATO,5,LEON,20,LEON,1807,C01,106,6,2,9,5,20,65,213,0,17,230,445
11,GUANAJUATO,5,LEON,20,LEON,1808,B,172,13,0,10,7,37,89,328,0,18,346,636
11,GUANAJUATO,5,LEON,20,LEON,1809,B,235,25,3,13,4,51,114,445,0,19,464,741
11,GUANAJUATO,5,LEON,20,LEON,1809,C01,247,10,2,12,0,49,122,442,0,20,462,741
11,GUANAJUATO,5,LEON,20,LEON,1809,C02,251,17,3,13,6,35,114,439,0,13,452,740
11,GUANAJUATO,5,LEON,20,LEON,1809,C03,265,14,1,8,7,50,98,443,0,15,458,740
11,GUANAJUATO,5,LEON,20,LEON,1809,C04,0,0,0,0,0,0,0,0,0,0,0,740
11,GUANAJUATO,5,LEON,20,LEON,1809,E01,259,7,0,17,4,46,106,439,0,13,452,712
11,GUANAJUATO,5,LEON,20,LEON,1809,E01C01,252,8,1,14,5,53,114,447,0,15,462,712
11,GUANAJUATO,5,LEON,20,LEON,1809,E01C02,293,6,3,17,2,60,104,485,0,14,499,711
11,GUANAJUATO,5,LEON,20,LEON,1810,B,180,6,2,7,3,25,107,330,0,17,347,606
11,GUANAJUATO,5,LEON,20,LEON,1810,C01,179,6,2,13,2,28,88,318,0,12,330,605
11,GUANAJUATO,7,LEON,20,LEON,1811,B,325,11,2,15,2,25,75,455,0,16,471,722
11,GUANAJUATO,7,LEON,20,LEON,1812,B,139,10,6,9,9,16,104,293,0,7,300,550
11,GUANAJUATO,6,LEON,20,LEON,1813,B,386,20,1,12,2,36,48,505,0,8,513,643
11,GUANAJUATO,6,LEON,20,LEON,1813,C01,394,24,0,8,2,40,44,512,0,11,523,643
11,GUANAJUATO,6,LEON,20,LEON,1813,C02,385,19,3,7,0,51,37,502,0,0,502,642
11,GUANAJUATO,6,LEON,20,LEON,1814,B,162,8,3,10,6,29,97,315,1,13,329,557
11,GUANAJUATO,6,LEON,20,LEON,1814,C01,179,13,1,13,3,31,86,326,1,18,345,557
11,GUANAJUATO,6,LEON,20,LEON,1814,C02,186,7,2,10,7,32,106,350,0,17,367,556
11,GUANAJUATO,7,LEON,20,LEON,1815,B,192,9,2,7,2,18,65,295,0,14,309,474
11,GUANAJUATO,6,LEON,20,LEON,1816,B,250,8,1,7,5,26,36,333,0,5,338,415
11,GUANAJUATO,6,LEON,20,LEON,1816,C01,264,12,3,5,1,15,36,336,0,8,344,415
11,GUANAJUATO,6,LEON,20,LEON,1817,B,227,12,0,8,2,22,66,337,0,6,343,511
11,GUANAJUATO,6,LEON,20,LEON,1817,C01,207,8,4,10,1,21,66,317,1,11,329,511
11,GUANAJUATO,5,LEON,20,LEON,1818,B,171,9,1,12,7,31,116,347,0,25,372,606
11,GUANAJUATO,5,LEON,20,LEON,1818,C01,143,8,0,15,4,28,115,313,0,16,329,605
11,GUANAJUATO,7,LEON,20,LEON,1819,B,0,0,0,0,0,0,0,0,0,0,0,534
11,GUANAJUATO,7,LEON,20,LEON,1820,B,162,10,1,11,3,23,38,248,0,18,266,565
11,GUANAJUATO,7,LEON,20,LEON,1821,B,214,19,0,8,2,32,101,376,0,25,401,604
11,GUANAJUATO,5,LEON,20,LEON,1823,B,199,11,4,8,0,28,98,348,0,14,362,681
11,GUANAJUATO,5,LEON,20,LEON,1823,C01,206,17,1,9,1,28,112,374,0,22,396,680
11,GUANAJUATO,5,LEON,20,LEON,1824,B,143,5,1,17,6,30,96,298,0,10,308,514
11,GUANAJUATO,5,LEON,20,LEON,1824,C01,143,5,1,13,4,26,77,269,0,17,286,514
11,GUANAJUATO,6,LEON,20,LEON,1825,B,170,9,0,7,1,27,61,275,0,10,285,400
11,GUANAJUATO,6,LEON,20,LEON,1825,C01,131,10,2,5,1,30,75,254,0,5,259,400
11,GUANAJUATO,6,LEON,20,LEON,1826,B,229,13,4,9,2,30,39,326,1,13,340,581
11,GUANAJUATO,6,LEON,20,LEON,1826,C01,228,18,3,10,6,27,79,371,0,10,381,580
11,GUANAJUATO,6,LEON,20,LEON,1827,B,136,12,2,11,2,39,63,265,0,16,281,507
11,GUANAJUATO,6,LEON,20,LEON,1827,C01,266,19,1,6,2,34,66,394,0,12,406,507
11,GUANAJUATO,6,LEON,20,LEON,1827,C02,222,7,1,13,1,38,68,350,1,14,365,506
11,GUANAJUATO,5,LEON,20,LEON,1828,B,140,11,2,9,1,22,112,297,0,16,313,645
11,GUANAJUATO,5,LEON,20,LEON,1828,C01,174,12,1,12,2,42,88,331,0,19,350,645
11,GUANAJUATO,6,LEON,20,LEON,1829,B,231,9,1,10,1,16,46,314,0,0,314,477
11,GUANAJUATO,6,LEON,20,LEON,1829,C01,230,15,2,8,4,32,63,354,0,9,363,476
11,GUANAJUATO,6,LEON,20,LEON,1830,B,137,7,1,8,3,25,75,256,0,14,270,413
11,GUANAJUATO,6,LEON,20,LEON,1830,C01,155,11,0,5,4,16,71,262,0,14,276,412
11,GUANAJUATO,6,LEON,20,LEON,1831,B,203,15,1,9,7,41,60,336,0,11,347,497
11,GUANAJUATO,6,LEON,20,LEON,1831,C01,196,4,1,10,8,27,89,335,0,20,355,497
11,GUANAJUATO,5,LEON,20,LEON,1832,B,186,10,0,19,6,24,97,342,0,11,353,540
11,GUANAJUATO,5,LEON,20,LEON,1832,C01,153,14,0,15,2,27,71,282,0,15,297,539
11,GUANAJUATO,5,LEON,20,LEON,1832,C02,135,1,1,7,6,26,105,281,0,19,300,539
11,GUANAJUATO,5,LEON,20,LEON,1833,B,161,10,0,6,2,19,114,312,1,15,328,560
11,GUANAJUATO,5,LEON,20,LEON,1833,C01,162,9,1,11,3,18,32,236,0,20,256,560
11,GUANAJUATO,6,LEON,20,LEON,1834,B,145,12,0,13,5,25,91,291,0,13,304,541
11,GUANAJUATO,6,LEON,20,LEON,1834,C01,137,10,3,9,8,30,98,295,0,17,312,541
11,GUANAJUATO,6,LEON,20,LEON,1835,B,0,0,0,0,0,0,0,0,0,0,0,561
11,GUANAJUATO,6,LEON,20,LEON,1835,C01,0,0,0,0,0,0,0,0,0,0,0,560
11,GUANAJUATO,6,LEON,20,LEON,1836,B,113,8,1,7,4,25,80,238,0,13,251,452
11,GUANAJUATO,6,LEON,20,LEON,1836,C01,134,10,0,7,2,0,84,237,0,42,279,452
11,GUANAJUATO,6,LEON,20,LEON,1837,B,173,21,1,10,3,29,85,322,0,18,340,557
11,GUANAJUATO,6,LEON,20,LEON,1837,C01,236,11,0,11,3,28,88,377,0,12,389,556
11,GUANAJUATO,6,LEON,20,LEON,1838,B,213,18,1,9,1,42,115,399,0,0,399,611
11,GUANAJUATO,6,LEON,20,LEON,1838,C01,186,14,1,8,3,50,120,382,0,20,402,610
11,GUANAJUATO,6,LEON,20,LEON,1839,B,241,12,0,16,4,31,103,407,0,10,417,668
11,GUANAJUATO,6,LEON,20,LEON,1839,C01,211,9,2,16,8,23,124,393,0,21,414,668
11,GUANAJUATO,6,LEON,20,LEON,1840,B,180,9,1,12,3,15,119,339,0,13,352,627
11,GUANAJUATO,6,LEON,20,LEON,1840,C01,199,17,3,5,5,17,104,350,0,23,373,626
11,GUANAJUATO,6,LEON,20,LEON,1841,B,181,11,1,12,9,36,106,356,0,17,373,644
11,GUANAJUATO,6,LEON,20,LEON,1841,C01,171,17,1,14,3,30,135,371,0,7,378,644
11,GUANAJUATO,6,LEON,20,LEON,1842,B,202,13,0,19,2,29,107,372,0,11,383,644
11,GUANAJUATO,6,LEON,20,LEON,1842,C01,173,9,2,18,5,28,105,340,0,24,364,643
11,GUANAJUATO,6,LEON,20,LEON,1843,B,185,16,1,11,5,38,112,368,0,19,387,629
11,GUANAJUATO,6,LEON,20,LEON,1844,B,0,0,0,0,0,0,0,0,0,0,0,720
11,GUANAJUATO,6,LEON,20,LEON,1845,B,199,11,0,7,4,19,72,312,0,13,325,497
11,GUANAJUATO,6,LEON,20,LEON,1845,C01,150,18,3,11,5,29,91,307,0,14,321,497
11,GUANAJUATO,6,LEON,20,LEON,1846,B,216,13,0,6,6,49,114,404,0,25,429,673
11,GUANAJUATO,6,LEON,20,LEON,1846,C01,200,9,3,23,3,60,86,384,0,29,413,673
11,GUANAJUATO,6,LEON,20,LEON,1846,C02,227,13,2,13,1,56,108,420,0,16,436,673
11,GUANAJUATO,6,LEON,20,LEON,1846,C03,254,10,3,8,4,44,112,435,0,8,443,672
11,GUANAJUATO,6,LEON,20,LEON,1846,C04,231,13,2,6,4,49,121,426,0,15,441,672
11,GUANAJUATO,6,LEON,20,LEON,1847,B,205,11,5,15,6,37,105,384,0,21,405,629
11,GUANAJUATO,6,LEON,20,LEON,1847,C01,233,12,3,13,5,43,101,410,0,17,427,628
11,GUANAJUATO,6,LEON,20,LEON,1847,C02,226,15,1,16,1,40,95,394,0,13,407,628
11,GUANAJUATO,6,LEON,20,LEON,1847,C03,212,12,1,7,1,45,122,400,0,5,405,628
11,GUANAJUATO,6,LEON,20,LEON,1847,C04,204,11,4,14,2,40,108,383,0,14,397,628
11,GUANAJUATO,6,LEON,20,LEON,1847,C05,198,10,2,16,4,38,81,349,0,15,364,628
11,GUANAJUATO,6,LEON,20,LEON,1848,B,155,5,1,7,1,25,99,293,1,20,314,501
11,GUANAJUATO,6,LEON,20,LEON,1848,C01,161,10,0,13,0,17,93,294,0,8,302,501
11,GUANAJUATO,6,LEON,20,LEON,1849,B,209,13,5,11,5,29,90,362,0,12,374,582
11,GUANAJUATO,6,LEON,20,LEON,1849,C01,206,12,1,11,2,41,86,359,0,21,380,581
11,GUANAJUATO,6,LEON,20,LEON,1850,B,139,7,0,10,5,19,76,256,0,15,271,491
11,GUANAJUATO,6,LEON,20,LEON,1850,C01,0,0,0,0,0,0,0,0,0,0,0,491
11,GUANAJUATO,6,LEON,20,LEON,1851,B,161,10,6,20,5,23,84,309,0,20,329,556
11,GUANAJUATO,6,LEON,20,LEON,1851,C01,163,13,0,17,4,26,103,326,0,12,338,556
11,GUANAJUATO,6,LEON,20,LEON,1852,B,222,10,3,6,1,27,77,346,0,10,356,478
11,GUANAJUATO,6,LEON,20,LEON,1852,C01,193,10,2,7,2,25,90,329,0,14,343,478
11,GUANAJUATO,6,LEON,20,LEON,1853,B,161,17,1,10,3,30,80,302,1,22,325,509
11,GUANAJUATO,6,LEON,20,LEON,1853,C01,0,0,0,0,0,0,0,0,0,0,0,509
11,GUANAJUATO,6,LEON,20,LEON,1854,B,163,16,1,23,3,24,116,346,0,0,346,599
11,GUANAJUATO,6,LEON,20,LEON,1854,C01,161,16,1,9,3,29,108,327,0,5,332,598
11,GUANAJUATO,6,LEON,20,LEON,1855,B,153,10,2,12,4,25,69,275,0,19,294,565
11,GUANAJUATO,6,LEON,20,LEON,1855,C01,168,10,0,19,4,17,82,300,0,18,318,564
11,GUANAJUATO,6,LEON,20,LEON,1856,B,206,13,4,12,5,24,101,365,0,24,389,698
11,GUANAJUATO,6,LEON,20,LEON,1856,C01,236,10,2,11,4,27,103,393,0,32,425,698
11,GUANAJUATO,6,LEON,20,LEON,1857,B,225,13,3,8,1,32,88,370,0,16,386,656
11,GUANAJUATO,6,LEON,20,LEON,1857,C01,222,9,0,7,3,51,88,380,0,18,398,655
11,GUANAJUATO,6,LEON,20,LEON,1857,C02,231,10,2,13,3,33,108,400,0,23,423,655
11,GUANAJUATO,6,LEON,20,LEON,1858,B,212,10,2,13,5,35,123,400,0,39,439,702
11,GUANAJUATO,6,LEON,20,LEON,1858,C01,207,12,5,17,5,38,150,434,0,33,467,701
11,GUANAJUATO,5,LEON,20,LEON,3006,B,184,10,1,11,3,42,130,381,0,21,402,698
11,GUANAJUATO,5,LEON,20,LEON,3006,C01,171,15,0,19,3,38,134,380,0,19,399,698
11,GUANAJUATO,5,LEON,20,LEON,3007,B,221,8,0,6,3,52,105,395,0,9,404,579
11,GUANAJUATO,5,LEON,20,LEON,3007,C01,255,12,2,8,1,41,72,391,0,12,403,578
11,GUANAJUATO,5,LEON,20,LEON,3007,C02,234,4,1,10,7,49,87,392,0,12,404,578
11,GUANAJUATO,5,LEON,20,LEON,3008,B,111,1,3,12,1,22,78,228,0,15,243,445
11,GUANAJUATO,5,LEON,20,LEON,3008,C01,123,4,0,5,2,23,85,242,1,11,254,445
11,GUANAJUATO,5,LEON,20,LEON,3009,B,161,7,2,11,7,18,97,303,0,21,324,585
11,GUANAJUATO,5,LEON,20,LEON,3009,C01,148,6,3,8,4,27,126,322,0,13,335,584
11,GUANAJUATO,5,LEON,20,LEON,3010,B,173,8,2,9,3,44,100,339,0,13,352,510
11,GUANAJUATO,5,LEON,20,LEON,3010,C01,175,6,2,9,0,33,87,312,0,6,318,509
11,GUANAJUATO,5,LEON,20,LEON,3010,C02,170,5,4,9,2,40,106,336,0,7,343,509
11,GUANAJUATO,5,LEON,20,LEON,3011,B,0,0,0,0,0,0,0,0,0,0,0,675
11,GUANAJUATO,5,LEON,20,LEON,3011,C01,46,11,1,14,1,37,137,247,2,21,270,674
11,GUANAJUATO,5,LEON,20,LEON,3012,B,182,8,0,10,6,28,114,348,0,12,360,604
11,GUANAJUATO,5,LEON,20,LEON,3012,C01,0,0,0,0,0,0,0,0,0,0,0,604
11,GUANAJUATO,5,LEON,20,LEON,3013,B,205,8,2,12,5,44,114,390,0,20,410,669
11,GUANAJUATO,5,LEON,20,LEON,3013,C01,201,8,1,9,5,53,104,381,0,13,394,669
11,GUANAJUATO,5,LEON,20,LEON,3014,B,204,7,3,14,2,33,121,384,0,9,393,685
11,GUANAJUATO,5,LEON,20,LEON,3014,C01,176,9,0,13,5,72,133,408,0,20,428,684
11,GUANAJUATO,6,LEON,20,LEON,3015,B,238,11,4,11,3,63,99,429,0,11,440,683
11,GUANAJUATO,6,LEON,20,LEON,3015,C01,204,14,2,9,4,58,89,380,0,8,388,683
11,GUANAJUATO,6,LEON,20,LEON,3015,C02,228,11,2,8,3,52,118,422,0,11,433,683
11,GUANAJUATO,6,LEON,20,LEON,3015,C03,244,10,2,8,2,31,110,407,0,15,422,683
11,GUANAJUATO,6,LEON,20,LEON,3015,C04,230,18,3,22,6,50,115,444,0,10,454,683
11,GUANAJUATO,6,LEON,20,LEON,3015,C05,248,5,0,5,2,46,105,411,0,19,430,683
11,GUANAJUATO,6,LEON,20,LEON,3015,C06,255,13,2,11,3,37,96,417,0,13,430,683
11,GUANAJUATO,6,LEON,20,LEON,3015,E01,141,7,0,9,5,26,109,297,0,10,307,627
11,GUANAJUATO,6,LEON,20,LEON,3015,E01C01,153,11,3,8,1,32,109,317,0,7,324,627
11,GUANAJUATO,6,LEON,20,LEON,3015,E01C02,157,9,0,15,4,36,100,321,0,8,329,626
11,GUANAJUATO,6,LEON,20,LEON,3015,E01C03,173,6,0,7,4,37,117,344,0,3,347,626
11,GUANAJUATO,6,LEON,20,LEON,3015,E01C04,147,6,3,13,3,31,89,292,0,15,307,626
11,GUANAJUATO,5,LEON,20,LEON,3016,B,159,3,1,6,5,5,84,263,0,13,276,634
11,GUANAJUATO,5,LEON,20,LEON,3016,C01,183,3,1,7,1,14,54,263,0,24,287,633
11,GUANAJUATO,5,LEON,20,LEON,3017,B,175,9,2,13,4,33,118,354,0,22,376,579
11,GUANAJUATO,5,LEON,20,LEON,3017,C01,181,12,4,14,5,43,108,367,0,12,379,578
11,GUANAJUATO,5,LEON,20,LEON,3018,B,160,4,0,16,5,21,81,287,0,23,310,497
11,GUANAJUATO,5,LEON,20,LEON,3018,C01,166,12,2,18,3,24,88,313,0,4,317,497
11,GUANAJUATO,5,LEON,20,LEON,3019,B,173,8,1,9,3,25,127,346,0,17,363,653
11,GUANAJUATO,5,LEON,20,LEON,3019,C01,152,9,2,10,7,44,146,370,1,17,388,653
11,GUANAJUATO,5,LEON,20,LEON,3020,B,197,6,1,8,2,53,145,412,0,13,425,706
11,GUANAJUATO,5,LEON,20,LEON,3020,C01,227,7,3,14,3,35,134,423,0,19,442,705
11,GUANAJUATO,6,LEON,20,LEON,3021,B,113,4,1,14,5,26,96,259,0,11,270,436
11,GUANAJUATO,6,LEON,20,LEON,3021,C01,87,12,2,6,3,20,115,245,2,11,258,436
11,GUANAJUATO,6,LEON,20,LEON,3022,B,98,8,0,10,0,25,36,177,0,11,188,459
11,GUANAJUATO,6,LEON,20,LEON,3022,C01,0,0,0,0,0,0,0,0,0,0,0,459
11,GUANAJUATO,6,LEON,20,LEON,3023,B,122,4,0,18,2,38,103,287,0,15,302,581
11,GUANAJUATO,6,LEON,20,LEON,3023,C01,93,5,1,16,3,22,133,273,0,23,296,581
11,GUANAJUATO,5,LEON,20,LEON,3024,B,0,0,0,0,0,0,0,0,0,0,0,671
11,GUANAJUATO,5,LEON,20,LEON,3024,C01,180,5,0,12,0,48,155,400,0,13,413,670
11,GUANAJUATO,6,LEON,20,LEON,3025,B,109,16,0,16,2,15,82,240,0,13,253,461
11,GUANAJUATO,6,LEON,20,LEON,3025,C01,48,3,2,17,2,24,88,184,0,16,200,460
11,GUANAJUATO,5,LEON,20,LEON,3026,B,171,6,1,14,5,32,152,381,0,17,398,680
11,GUANAJUATO,5,LEON,20,LEON,3026,C01,196,14,1,13,3,43,128,398,0,24,422,679
11,GUANAJUATO,5,LEON,20,LEON,3027,B,213,9,1,12,3,32,115,385,0,25,410,658
11,GUANAJUATO,5,LEON,20,LEON,3027,C01,185,11,0,10,4,46,150,406,0,19,425,658
11,GUANAJUATO,6,LEON,20,LEON,3028,B,134,13,2,10,3,27,86,275,0,9,284,514
11,GUANAJUATO,6,LEON,20,LEON,3028,C01,118,14,0,13,3,34,107,289,0,10,299,514
11,GUANAJUATO,5,LEON,20,LEON,3029,B,194,12,3,17,4,40,128,398,0,13,411,690
11,GUANAJUATO,5,LEON,20,LEON,3029,C01,196,10,0,17,4,45,129,401,0,15,416,690
11,GUANAJUATO,5,LEON,20,LEON,3030,B,190,10,2,6,3,39,145,395,0,12,407,648
11,GUANAJUATO,5,LEON,20,LEON,3030,C01,143,4,1,9,6,32,130,325,0,11,336,648
11,GUANAJUATO,4,LEON,20,LEON,3031,B,82,3,0,6,1,17,72,181,0,11,192,377
11,GUANAJUATO,4,LEON,20,LEON,3031,C01,0,0,0,0,0,0,0,0,0,0,0,376
11,GUANAJUATO,4,LEON,20,LEON,3032,B,0,0,0,0,0,0,0,0,0,0,0,556
11,GUANAJUATO,4,LEON,20,LEON,3033,B,108,5,1,9,1,14,47,185,0,9,194,390
11,GUANAJUATO,4,LEON,20,LEON,3033,C01,94,7,0,12,3,21,40,177,0,15,192,390
11,GUANAJUATO,4,LEON,20,LEON,3034,B,156,6,1,18,6,37,112,336,0,8,344,571
11,GUANAJUATO,4,LEON,20,LEON,3034,C01,149,11,2,12,3,32,108,317,0,10,327,570
11,GUANAJUATO,4,LEON,20,LEON,3035,B,145,12,3,10,5,28,134,337,0,25,362,597
11,GUANAJUATO,4,LEON,20,LEON,3036,B,215,9,0,8,2,47,49,330,0,7,337,403
11,GUANAJUATO,4,LEON,20,LEON,3036,C01,229,11,0,12,0,35,53,340,1,6,347,403
11,GUANAJUATO,4,LEON,20,LEON,3037,B,272,9,1,4,0,38,18,342,0,0,342,422
11,GUANAJUATO,4,LEON,20,LEON,3038,B,179,11,2,12,2,51,78,335,0,7,342,507
11,GUANAJUATO,4,LEON,20,LEON,3038,C01,194,7,3,9,3,39,80,335,0,8,343,506
11,GUANAJUATO,4,LEON,20,LEON,3039,B,189,5,3,14,4,48,93,356,0,14,370,511
11,GUANAJUATO,4,LEON,20,LEON,3039,C01,221,11,3,12,1,29,95,372,0,9,381,510
11,GUANAJUATO,4,LEON,20,LEON,3040,B,248,14,2,16,5,41,124,450,0,18,468,694
11,GUANAJUATO,4,LEON,20,LEON,3041,B,245,9,2,12,1,51,92,412,0,8,420,539
11,GUANAJUATO,21,LEON,20,LEON,3042,B,218,9,3,5,0,20,45,300,0,6,306,379
11,GUANAJUATO,21,LEON,20,LEON,3042,C01,184,10,1,4,1,31,41,272,0,9,281,378
11,GUANAJUATO,21,LEON,20,LEON,3043,B,364,10,2,4,0,67,71,518,0,3,521,640
11,GUANAJUATO,21,LEON,20,LEON,3044,B,335,11,0,17,1,53,63,480,0,7,487,680
11,GUANAJUATO,21,LEON,20,LEON,3045,B,339,12,3,6,2,62,43,467,0,13,480,680
11,GUANAJUATO,21,LEON,20,LEON,3046,B,192,7,0,8,0,44,43,294,0,4,298,388
11,GUANAJUATO,21,LEON,20,LEON,3046,C01,215,11,0,6,2,28,56,318,0,5,323,388
11,GUANAJUATO,21,LEON,20,LEON,3047,B,362,11,2,7,4,64,68,518,0,20,538,707
11,GUANAJUATO,21,LEON,20,LEON,3048,B,221,7,1,14,5,44,85,377,0,11,388,548
11,GUANAJUATO,21,LEON,20,LEON,3049,B,282,2,0,15,2,57,142,500,0,19,519,706
11,GUANAJUATO,21,LEON,20,LEON,3050,B,242,7,1,18,2,53,118,441,0,16,457,623
11,GUANAJUATO,21,LEON,20,LEON,3051,B,238,14,6,15,0,54,113,440,0,16,456,603
11,GUANAJUATO,21,LEON,20,LEON,3052,B,318,6,0,6,5,57,107,499,0,15,514,735
11,GUANAJUATO,21,LEON,20,LEON,3053,B,167,9,5,8,0,44,52,285,0,7,292,377
11,GUANAJUATO,21,LEON,20,LEON,3053,C01,182,2,1,12,1,43,55,296,0,8,304,377
11,GUANAJUATO,21,LEON,20,LEON,3054,B,124,3,1,8,0,32,99,267,0,4,271,380
11,GUANAJUATO,21,LEON,20,LEON,3054,C01,137,6,3,6,3,19,65,239,0,10,249,380
11,GUANAJUATO,21,LEON,20,LEON,3055,B,124,4,0,18,2,29,83,260,1,12,273,472
11,GUANAJUATO,21,LEON,20,LEON,3055,C01,117,6,1,9,3,18,80,234,0,12,246,472
11,GUANAJUATO,21,LEON,20,LEON,3056,B,261,12,1,13,3,40,85,415,0,8,423,583
11,GUANAJUATO,21,LEON,20,LEON,3057,B,0,0,0,0,0,0,0,0,0,0,0,699
11,GUANAJUATO,21,LEON,20,LEON,3058,B,180,5,2,6,4,42,89,328,0,0,328,481
11,GUANAJUATO,21,LEON,20,LEON,3059,B,119,6,4,13,5,22,92,261,0,7,268,480
11,GUANAJUATO,21,LEON,20,LEON,3059,C01,140,2,1,7,3,39,100,292,0,8,300,480
11,GUANAJUATO,21,LEON,20,LEON,3060,B,155,6,1,13,1,26,73,275,0,11,286,434
11,GUANAJUATO,21,LEON,20,LEON,3060,C01,149,6,0,6,2,43,75,281,0,9,290,434
11,GUANAJUATO,21,LEON,20,LEON,3061,B,110,7,0,15,1,20,97,250,0,12,262,444
11,GUANAJUATO,21,LEON,20,LEON,3061,C01,106,3,2,6,2,40,86,245,0,8,253,444
11,GUANAJUATO,21,LEON,20,LEON,3062,B,117,9,4,5,3,27,98,263,0,0,263,435
11,GUANAJUATO,21,LEON,20,LEON,3062,C01,106,7,2,7,3,17,82,224,0,9,233,435
11,GUANAJUATO,21,LEON,20,LEON,3063,B,0,0,0,0,0,0,0,0,0,0,0,629
11,GUANAJUATO,21,LEON,20,LEON,3064,B,115,5,3,12,2,26,74,237,0,9,246,451
11,GUANAJUATO,21,LEON,20,LEON,3064,C01,108,0,0,6,2,28,81,225,0,8,233,451
11,GUANAJUATO,21,LEON,20,LEON,3065,B,139,6,2,8,0,36,73,264,0,9,273,412
11,GUANAJUATO,21,LEON,20,LEON,3065,C01,111,5,0,10,4,34,90,254,0,7,261,412
11,GUANAJUATO,21,LEON,20,LEON,3066,B,225,14,1,15,5,48,109,417,0,20,437,635
11,GUANAJUATO,21,LEON,20,LEON,3067,B,220,9,1,17,2,54,116,419,0,10,429,595
11,GUANAJUATO,21,LEON,20,LEON,3068,B,115,6,1,10,3,35,83,253,0,10,263,400
11,GUANAJUATO,21,LEON,20,LEON,3068,C01,113,9,2,11,1,29,94,259,0,3,262,400
11,GUANAJUATO,21,LEON,20,LEON,3069,B,311,9,1,6,1,37,53,418,0,11,429,558
11,GUANAJUATO,21,LEON,20,LEON,3069,C01,282,14,0,15,2,38,88,439,1,7,447,558
11,GUANAJUATO,21,LEON,20,LEON,3070,B,184,12,1,13,2,63,128,403,1,4,408,560
11,GUANAJUATO,4,LEON,20,LEON,3071,B,166,11,2,21,5,33,105,343,0,8,351,737
11,GUANAJUATO,4,LEON,20,LEON,3071,C01,168,9,1,12,6,24,114,334,1,17,352,737
11,GUANAJUATO,4,LEON,20,LEON,3072,B,175,27,0,12,3,18,77,312,0,11,323,729
11,GUANAJUATO,4,LEON,20,LEON,3073,B,0,0,0,0,0,0,0,0,0,0,0,700
11,GUANAJUATO,4,LEON,20,LEON,3073,C01,168,0,0,12,6,45,108,339,0,5,344,700
11,GUANAJUATO,4,LEON,20,LEON,3074,B,144,8,0,12,4,24,99,291,0,15,306,686
11,GUANAJUATO,4,LEON,20,LEON,3074,C01,175,8,1,13,3,30,100,330,0,0,330,685
11,GUANAJUATO,4,LEON,20,LEON,3075,B,195,15,2,10,2,20,65,309,0,28,337,693
11,GUANAJUATO,4,LEON,20,LEON,3076,B,136,10,2,13,5,34,120,320,0,12,332,649
11,GUANAJUATO,4,LEON,20,LEON,3076,C01,0,0,0,0,0,0,0,0,0,0,0,649
11,GUANAJUATO,4,LEON,20,LEON,3077,B,0,0,0,0,0,0,0,0,0,0,0,553
11,GUANAJUATO,4,LEON,20,LEON,3077,C01,122,5,2,10,5,20,105,269,0,10,279,553
11,GUANAJUATO,4,LEON,20,LEON,3078,B,0,0,0,0,0,0,0,0,0,0,0,441
11,GUANAJUATO,4,LEON,20,LEON,3078,C01,120,14,0,7,1,15,67,224,0,0,224,440
11,GUANAJUATO,4,LEON,20,LEON,3079,B,264,14,4,14,7,39,95,437,0,12,449,675
11,GUANAJUATO,4,LEON,20,LEON,3079,C01,250,12,2,13,5,36,90,408,0,17,425,675
11,GUANAJUATO,4,LEON,20,LEON,3080,B,116,10,0,7,2,15,80,230,0,8,238,487
11,GUANAJUATO,4,LEON,20,LEON,3080,C01,120,7,1,8,3,16,74,229,0,6,235,487
11,GUANAJUATO,4,LEON,20,LEON,3081,B,170,10,1,19,3,40,106,349,1,8,358,637
11,GUANAJUATO,4,LEON,20,LEON,3081,C01,169,9,2,14,6,26,97,323,1,16,340,636
11,GUANAJUATO,4,LEON,20,LEON,3082,B,89,4,1,9,3,18,90,214,0,0,214,402
11,GUANAJUATO,4,LEON,20,LEON,3082,C01,97,6,1,4,1,13,77,199,0,12,211,401
11,GUANAJUATO,4,LEON,20,LEON,3083,B,95,11,3,9,4,24,90,236,0,11,247,433
11,GUANAJUATO,4,LEON,20,LEON,3083,C01,0,0,0,0,0,0,0,0,0,0,0,433
11,GUANAJUATO,4,LEON,20,LEON,3084,B,96,9,1,7,2,16,80,211,0,7,218,422
11,GUANAJUATO,4,LEON,20,LEON,3084,C01,88,5,1,10,2,20,104,230,0,13,243,421
11,GUANAJUATO,4,LEON,20,LEON,3085,B,79,5,1,11,0,20,68,184,0,6,190,391
11,GUANAJUATO,4,LEON,20,LEON,3085,C01,84,6,1,7,2,24,86,210,0,15,225,391
11,GUANAJUATO,4,LEON,20,LEON,3086,B,102,5,3,12,2,24,119,267,0,7,274,562
11,GUANAJUATO,4,LEON,20,LEON,3086,C01,108,4,0,8,6,29,92,247,0,14,261,562
11,GUANAJUATO,4,LEON,20,LEON,3087,B,101,7,0,11,2,14,82,217,0,11,228,449
11,GUANAJUATO,4,LEON,20,LEON,3087,C01,98,8,0,13,3,21,73,216,0,9,225,449
11,GUANAJUATO,4,LEON,20,LEON,3088,B,74,4,1,11,1,20,76,187,0,11,198,412
11,GUANAJUATO,4,LEON,20,LEON,3088,C01,82,7,4,10,4,14,104,225,0,5,230,411
11,GUANAJUATO,4,LEON,20,LEON,3089,B,99,8,1,15,4,31,96,254,0,9,263,472
11,GUANAJUATO,4,LEON,20,LEON,3089,C01,0,0,0,0,0,0,0,0,0,0,0,471
11,GUANAJUATO,4,LEON,20,LEON,3090,B,100,4,0,8,3,23,89,227,0,15,242,491
11,GUANAJUATO,4,LEON,20,LEON,3090,C01,111,4,1,14,6,24,90,250,0,7,257,490
11,GUANAJUATO,4,LEON,20,LEON,3091,B,60,5,1,13,2,19,122,222,0,12,234,458
11,GUANAJUATO,4,LEON,20,LEON,3091,C01,59,5,3,13,2,22,113,217,0,14,231,458
11,GUANAJUATO,4,LEON,20,LEON,3092,B,115,4,1,12,1,27,126,286,0,16,302,590
11,GUANAJUATO,4,LEON,20,LEON,3092,C01,0,0,0,0,0,0,0,0,0,0,0,589
11,GUANAJUATO,4,LEON,20,LEON,3093,B,100,3,1,13,4,31,95,247,0,9,256,488
11,GUANAJUATO,4,LEON,20,LEON,3093,C01,92,5,1,14,5,32,103,252,0,9,261,488
11,GUANAJUATO,4,LEON,20,LEON,3094,B,0,0,0,0,0,0,0,0,0,0,0,748
11,GUANAJUATO,4,LEON,20,LEON,3095,B,78,5,1,8,4,27,103,226,0,20,246,453
11,GUANAJUATO,4,LEON,20,LEON,3095,C01,0,0,0,0,0,0,0,0,0,0,0,452
11,GUANAJUATO,4,LEON,20,LEON,3096,B,126,1,1,15,2,22,99,266,0,15,281,484
11,GUANAJUATO,4,LEON,20,LEON,3096,C01,99,0,3,11,2,28,89,232,0,14,246,483
11,GUANAJUATO,4,LEON,20,LEON,3097,B,116,8,0,12,6,24,159,325,0,8,333,719
11,GUANAJUATO,4,LEON,20,LEON,3098,B,0,0,0,0,0,0,0,0,0,0,0,399
11,GUANAJUATO,4,LEON,20,LEON,3098,C01,95,1,0,10,3,17,86,212,0,7,219,399
11,GUANAJUATO,4,LEON,20,LEON,3099,B,0,0,0,0,0,0,0,0,0,0,0,458
11,GUANAJUATO,4,LEON,20,LEON,3099,C01,104,2,1,15,3,28,67,220,0,13,233,457
11,GUANAJUATO,4,LEON,20,LEON,3100,B,91,3,1,16,3,28,97,239,0,0,239,511
11,GUANAJUATO,4,LEON,20,LEON,3100,C01,104,12,1,17,3,27,88,252,0,5,257,511
11,GUANAJUATO,4,LEON,20,LEON,3101,B,166,7,0,18,4,47,141,383,0,14,397,728
11,GUANAJUATO,21,LEON,20,LEON,3121,B,160,6,1,14,2,28,117,328,0,10,338,543
11,GUANAJUATO,21,LEON,20,LEON,3121,C01,151,10,3,14,3,22,98,301,0,15,316,543
11,GUANAJUATO,21,LEON,20,LEON,3121,C02,142,6,1,8,1,16,116,290,0,14,304,542
11,GUANAJUATO,21,LEON,20,LEON,3122,B,228,13,0,17,5,47,143,453,0,12,465,714
11,GUANAJUATO,21,LEON,20,LEON,3122,C01,211,9,1,11,4,39,138,413,0,18,431,714
11,GUANAJUATO,21,LEON,20,LEON,3123,B,215,6,3,14,3,47,128,416,0,4,420,632
11,GUANAJUATO,21,LEON,20,LEON,3123,C01,180,11,1,17,5,39,122,375,0,14,389,632
11,GUANAJUATO,21,LEON,20,LEON,3123,C02,232,8,2,10,2,34,96,384,0,3,387,632
11,GUANAJUATO,21,LEON,20,LEON,3124,B,0,0,0,0,0,0,0,0,0,0,0,547
11,GUANAJUATO,21,LEON,20,LEON,3124,C01,193,10,0,10,0,46,103,362,0,4,366,547
11,GUANAJUATO,21,LEON,20,LEON,3124,C02,185,5,1,15,3,39,84,332,0,243,575,547
11,GUANAJUATO,21,LEON,20,LEON,3125,B,155,7,1,17,3,35,102,320,0,4,324,522
11,GUANAJUATO,21,LEON,20,LEON,3125,C01,164,14,0,12,2,46,89,327,0,13,340,521
11,GUANAJUATO,21,LEON,20,LEON,3125,C02,184,3,1,15,3,39,88,333,0,9,342,521
11,GUANAJUATO,21,LEON,20,LEON,3126,B,205,12,3,14,7,44,102,387,0,16,403,652
11,GUANAJUATO,21,LEON,20,LEON,3126,C01,195,13,1,18,7,55,126,415,0,14,429,651
11,GUANAJUATO,21,LEON,20,LEON,3127,B,174,9,0,16,3,43,145,390,0,23,413,692
11,GUANAJUATO,21,LEON,20,LEON,3127,C01,195,11,4,9,6,49,138,412,0,10,422,692
11,GUANAJUATO,21,LEON,20,LEON,3127,C02,190,9,3,10,2,42,125,381,0,23,404,692
11,GUANAJUATO,21,LEON,20,LEON,3128,B,173,8,3,13,4,49,141,391,0,21,412,639
11,GUANAJUATO,21,LEON,20,LEON,3128,C01,163,9,2,18,5,47,131,375,0,11,386,639
11,GUANAJUATO,21,LEON,20,LEON,3128,C02,175,9,4,11,1,34,145,379,0,11,390,639
11,GUANAJUATO,21,LEON,20,LEON,3128,C03,181,12,1,17,3,43,151,408,0,9,417,639
11,GUANAJUATO,21,LEON,20,LEON,3129,B,220,10,0,25,3,55,151,464,0,16,480,736
11,GUANAJUATO,21,LEON,20,LEON,3129,C01,224,13,0,12,0,48,150,447,0,12,459,736
11,GUANAJUATO,21,LEON,20,LEON,3129,C02,0,0,0,0,0,0,0,0,0,0,0,735
11,GUANAJUATO,21,LEON,20,LEON,3130,B,104,12,1,17,3,27,88,252,0,5,257,716
11,GUANAJUATO,21,LEON,20,LEON,3130,C01,215,5,1,11,1,39,153,425,0,16,441,716
11,GUANAJUATO,21,LEON,20,LEON,3130,C02,185,5,2,18,3,47,117,377,0,14,391,715
11,GUANAJUATO,21,LEON,20,LEON,3130,C03,179,5,2,21,6,42,147,402,0,0,402,715
11,GUANAJUATO,4,LEON,20,LEON,3131,B,238,13,0,6,3,36,97,393,0,11,404,625
11,GUANAJUATO,4,LEON,20,LEON,3131,C01,215,12,3,20,4,44,90,388,0,8,396,624
11,GUANAJUATO,4,LEON,20,LEON,3131,C02,223,17,0,12,2,40,84,378,0,9,387,624
11,GUANAJUATO,21,LEON,20,LEON,3132,B,224,12,0,8,2,44,85,375,0,14,389,551
11,GUANAJUATO,21,LEON,20,LEON,3132,C01,224,8,0,13,3,48,83,379,0,13,392,551
11,GUANAJUATO,21,LEON,20,LEON,3132,C02,231,14,3,9,4,31,94,386,0,6,392,550
11,GUANAJUATO,21,LEON,20,LEON,3133,B,117,8,2,17,3,20,94,261,1,18,280,683
11,GUANAJUATO,21,LEON,20,LEON,3133,C01,115,9,0,12,7,27,101,271,0,23,294,683
11,GUANAJUATO,21,LEON,20,LEON,3134,B,119,14,2,11,2,19,99,266,1,13,280,567
11,GUANAJUATO,21,LEON,20,LEON,3134,C01,140,9,2,8,6,23,95,283,0,17,300,567
11,GUANAJUATO,21,LEON,20,LEON,3134,C02,141,5,2,8,1,30,7,194,0,15,209,567
11,GUANAJUATO,4,LEON,20,LEON,3135,B,162,9,2,8,1,26,88,296,1,9,306,620
11,GUANAJUATO,4,LEON,20,LEON,3135,C01,138,8,1,13,3,26,100,289,0,12,301,620
11,GUANAJUATO,4,LEON,20,LEON,3135,C02,143,8,2,15,4,32,100,304,0,12,316,620
11,GUANAJUATO,4,LEON,20,LEON,3135,C03,144,11,3,7,3,31,99,298,0,8,306,620
11,GUANAJUATO,4,LEON,20,LEON,3136,B,228,22,0,10,2,44,100,406,0,12,418,646
11,GUANAJUATO,4,LEON,20,LEON,3136,C01,220,7,0,21,3,35,83,369,0,16,385,646
11,GUANAJUATO,4,LEON,20,LEON,3137,B,140,9,1,13,3,28,104,298,0,14,312,708
11,GUANAJUATO,4,LEON,20,LEON,3137,C01,141,12,0,6,2,19,117,297,0,23,320,708
11,GUANAJUATO,4,LEON,20,LEON,3138,B,0,0,0,0,0,0,0,0,0,0,0,693
11,GUANAJUATO,4,LEON,20,LEON,3138,C01,198,6,2,11,5,38,154,414,0,19,433,693
11,GUANAJUATO,4,LEON,20,LEON,3139,B,147,7,2,13,2,54,150,375,0,19,394,749
11,GUANAJUATO,4,LEON,20,LEON,3139,C01,190,8,3,11,2,42,141,397,0,15,412,748
11,GUANAJUATO,4,LEON,20,LEON,3140,B,159,7,1,11,2,25,124,329,0,13,342,709
11,GUANAJUATO,4,LEON,20,LEON,3140,C01,175,5,0,14,4,29,142,369,0,13,382,709
11,GUANAJUATO,4,LEON,20,LEON,3140,C02,156,11,1,12,5,24,125,334,0,10,344,708
11,GUANAJUATO,4,LEON,20,LEON,3141,B,0,0,0,0,0,0,0,0,0,0,0,624
11,GUANAJUATO,4,LEON,20,LEON,3141,C01,112,10,3,17,2,24,136,304,0,8,312,624
11,GUANAJUATO,4,LEON,20,LEON,3141,C02,0,0,0,0,0,0,0,0,0,0,0,624
11,GUANAJUATO,4,LEON,20,LEON,3142,B,125,11,4,9,2,34,123,308,0,13,321,635
11,GUANAJUATO,4,LEON,20,LEON,3142,C01,116,4,2,14,6,24,122,288,0,14,302,635
11,GUANAJUATO,4,LEON,20,LEON,3142,C02,140,4,3,7,3,35,121,313,0,12,325,635
11,GUANAJUATO,4,LEON,20,LEON,3142,C03,134,4,2,7,5,41,136,329,1,13,343,634
11,GUANAJUATO,21,LEON,20,LEON,3143,B,0,0,0,0,0,0,0,0,0,0,0,529
11,GUANAJUATO,21,LEON,20,LEON,3143,C01,195,6,2,9,3,32,58,305,0,8,313,528
11,GUANAJUATO,21,LEON,20,LEON,3143,C02,213,11,0,7,1,42,55,329,0,9,338,528
11,GUANAJUATO,21,LEON,20,LEON,3143,S01,15,0,0,2,1,4,14,36,0,1,37,0
11,GUANAJUATO,21,LEON,20,LEON,3144,B,118,12,2,5,20,20,91,268,0,10,278,634
11,GUANAJUATO,21,LEON,20,LEON,3144,C01,186,5,1,7,5,25,93,322,0,10,332,633
11,GUANAJUATO,21,LEON,20,LEON,3145,B,119,6,2,8,2,22,94,253,0,11,264,528
11,GUANAJUATO,21,LEON,20,LEON,3145,C01,137,4,1,7,6,26,85,266,0,13,279,528
11,GUANAJUATO,21,LEON,20,LEON,3146,B,120,5,1,18,2,40,114,300,0,11,311,617
11,GUANAJUATO,21,LEON,20,LEON,3146,C01,122,14,1,7,2,28,113,287,0,12,299,617
11,GUANAJUATO,21,LEON,20,LEON,3147,B,0,0,0,0,0,0,0,0,0,0,0,674
11,GUANAJUATO,21,LEON,20,LEON,3147,C01,144,11,2,10,4,29,128,328,0,6,334,673
11,GUANAJUATO,21,LEON,20,LEON,3148,B,303,12,2,16,4,48,59,444,0,12,456,670
11,GUANAJUATO,21,LEON,20,LEON,3148,C01,335,9,2,7,4,58,87,502,0,4,506,670
11,GUANAJUATO,21,LEON,20,LEON,3148,C02,291,12,2,12,1,74,80,472,1,6,479,670
11,GUANAJUATO,21,LEON,20,LEON,3148,C03,320,13,0,7,0,52,74,466,0,5,471,670
11,GUANAJUATO,21,LEON,20,LEON,3148,C04,334,11,1,9,1,54,69,479,0,5,484,670
11,GUANAJUATO,21,LEON,20,LEON,3148,C05,337,9,1,8,2,65,57,479,0,8,487,670
11,GUANAJUATO,21,LEON,20,LEON,3148,C06,296,8,1,14,0,56,69,444,0,3,447,670
11,GUANAJUATO,4,LEON,20,LEON,3149,B,162,16,3,13,4,34,122,354,0,11,365,678
11,GUANAJUATO,4,LEON,20,LEON,3149,C01,160,8,1,11,6,43,135,364,0,20,384,677
11,GUANAJUATO,4,LEON,20,LEON,3150,B,122,4,1,12,2,28,103,272,0,11,283,681
11,GUANAJUATO,4,LEON,20,LEON,3150,C01,134,6,2,16,2,28,110,298,0,20,318,681
11,GUANAJUATO,4,LEON,20,LEON,3150,C02,0,0,0,0,0,0,0,0,0,0,0,680
11,GUANAJUATO,4,LEON,20,LEON,3151,B,103,7,3,10,6,27,138,294,0,11,305,537
11,GUANAJUATO,4,LEON,20,LEON,3151,C01,137,9,2,10,2,21,94,275,0,6,281,537
11,GUANAJUATO,4,LEON,20,LEON,3151,C02,123,8,1,15,3,31,118,299,0,16,315,537
11,GUANAJUATO,4,LEON,20,LEON,3152,B,87,6,2,15,4,26,116,256,0,8,264,639
11,GUANAJUATO,4,LEON,20,LEON,3152,C01,92,6,2,14,2,16,105,237,0,25,262,639
11,GUANAJUATO,4,LEON,20,LEON,3153,B,83,4,1,8,1,21,102,220,0,13,233,545
11,GUANAJUATO,4,LEON,20,LEON,3153,C01,100,5,1,11,3,18,78,216,0,14,230,545
11,GUANAJUATO,4,LEON,20,LEON,3153,C02,86,7,2,9,3,15,102,224,0,4,228,545
11,GUANAJUATO,4,LEON,20,LEON,3154,B,103,3,2,15,4,22,116,265,0,8,273,617
11,GUANAJUATO,4,LEON,20,LEON,3154,C01,93,8,2,10,1,30,108,252,0,8,260,617
11,GUANAJUATO,4,LEON,20,LEON,3154,C02,0,0,0,0,0,0,0,0,0,0,0,617
11,GUANAJUATO,4,LEON,20,LEON,3154,C03,0,0,0,0,0,0,0,0,0,0,0,617
11,GUANAJUATO,4,LEON,20,LEON,3154,C04,97,8,1,13,0,30,125,274,0,18,292,616
11,GUANAJUATO,3,LEON,20,LEON,3155,B,416,11,1,11,0,43,31,513,0,4,517,670
11,GUANAJUATO,3,LEON,20,LEON,3155,C01,465,11,3,11,0,33,21,544,0,5,549,670
11,GUANAJUATO,3,LEON,20,LEON,3155,C02,434,10,3,11,1,42,28,529,0,5,534,669
11,GUANAJUATO,3,LEON,20,LEON,3155,C03,429,14,3,6,2,45,22,521,0,7,528,669
11,GUANAJUATO,3,LEON,20,LEON,3156,B,173,11,2,13,3,20,46,268,0,4,272,455
11,GUANAJUATO,3,LEON,20,LEON,3156,C01,187,8,2,7,4,19,46,273,0,12,285,454
11,GUANAJUATO,3,LEON,20,LEON,3157,B,228,8,0,8,1,39,92,376,0,8,384,671
11,GUANAJUATO,3,LEON,20,LEON,3157,C01,234,9,3,10,3,29,63,351,0,11,362,671
11,GUANAJUATO,3,LEON,20,LEON,3157,C02,268,6,2,11,2,32,53,374,0,14,388,671
11,GUANAJUATO,3,LEON,20,LEON,3157,C03,213,7,1,10,1,34,74,340,0,14,354,671
11,GUANAJUATO,3,LEON,20,LEON,3157,C04,220,12,0,15,4,39,55,345,0,7,352,671
11,GUANAJUATO,3,LEON,20,LEON,3157,C05,221,17,0,13,3,34,81,369,0,6,375,671
11,GUANAJUATO,3,LEON,20,LEON,3157,C06,210,14,0,18,2,31,70,345,0,6,351,671
11,GUANAJUATO,3,LEON,20,LEON,3157,C07,200,9,0,16,1,45,71,342,0,12,354,671
11,GUANAJUATO,3,LEON,20,LEON,3157,C08,214,7,1,7,4,41,95,369,0,11,380,670
11,GUANAJUATO,3,LEON,20,LEON,3158,B,71,4,1,20,4,23,83,206,0,4,210,646
11,GUANAJUATO,3,LEON,20,LEON,3158,C01,66,5,2,8,1,19,86,187,0,13,200,646
11,GUANAJUATO,3,LEON,20,LEON,3158,C02,75,6,1,9,4,18,82,195,0,11,206,646
11,GUANAJUATO,3,LEON,20,LEON,3158,C03,68,5,3,9,3,24,108,220,0,10,230,646
11,GUANAJUATO,3,LEON,20,LEON,3158,C04,0,0,0,0,0,0,0,0,0,0,0,646
11,GUANAJUATO,3,LEON,20,LEON,3158,C05,72,4,2,9,2,26,95,210,0,13,223,645
11,GUANAJUATO,3,LEON,20,LEON,3159,B,68,8,1,5,3,24,70,179,0,16,195,668
11,GUANAJUATO,3,LEON,20,LEON,3159,C01,65,10,0,13,6,16,80,190,0,0,190,668
11,GUANAJUATO,3,LEON,20,LEON,3159,C02,0,0,0,0,0,0,0,0,0,0,0,667
11,GUANAJUATO,3,LEON,20,LEON,3159,C03,80,11,1,7,3,11,98,211,0,9,220,667
11,GUANAJUATO,5,LEON,20,LEON,3160,B,139,16,0,18,8,42,102,325,0,12,337,741
11,GUANAJUATO,5,LEON,20,LEON,3160,C01,144,4,3,14,4,42,145,356,0,11,367,741
11,GUANAJUATO,5,LEON,20,LEON,3160,C02,146,2,3,12,6,31,132,332,0,8,340,741
11,GUANAJUATO,5,LEON,20,LEON,3160,C03,133,7,1,17,3,32,131,324,2,15,341,741
11,GUANAJUATO,5,LEON,20,LEON,3160,C04,135,7,0,18,6,33,141,340,0,14,354,740
11,GUANAJUATO,5,LEON,20,LEON,3161,B,138,7,2,19,3,40,120,329,0,16,345,631
11,GUANAJUATO,5,LEON,20,LEON,3161,C01,129,7,1,17,1,33,99,287,0,11,298,630
11,GUANAJUATO,5,LEON,20,LEON,3161,C02,127,3,0,13,2,26,112,283,0,11,294,630
11,GUANAJUATO,5,LEON,20,LEON,3161,C03,134,7,1,14,3,28,111,298,0,9,307,630
11,GUANAJUATO,5,LEON,20,LEON,3161,C04,124,3,0,14,3,25,96,265,0,13,278,630
11,GUANAJUATO,5,LEON,20,LEON,3162,B,289,16,2,10,4,58,64,443,0,12,455,693
11,GUANAJUATO,5,LEON,20,LEON,3162,C01,296,10,2,12,2,59,93,474,0,14,488,692
11,GUANAJUATO,5,LEON,20,LEON,3162,C02,304,17,3,17,3,44,89,477,0,11,488,692
11,GUANAJUATO,5,LEON,20,LEON,3162,C03,281,20,2,9,2,50,86,450,0,9,459,692
11,GUANAJUATO,5,LEON,20,LEON,3163,B,127,6,0,10,2,44,117,306,1,6,313,639
11,GUANAJUATO,5,LEON,20,LEON,3163,C01,123,5,0,15,4,45,89,281,0,12,293,639
11,GUANAJUATO,5,LEON,20,LEON,3163,C02,141,5,2,9,0,35,101,293,1,9,303,639
11,GUANAJUATO,5,LEON,20,LEON,3163,E01,86,8,1,13,3,25,118,254,0,12,266,690
11,GUANAJUATO,5,LEON,20,LEON,3163,E01C01,87,14,1,18,3,20,135,278,0,4,282,690
11,GUANAJUATO,5,LEON,20,LEON,3164,B,137,6,1,14,1,39,97,295,0,19,314,578
11,GUANAJUATO,5,LEON,20,LEON,3164,C01,0,0,0,0,0,0,0,0,0,0,0,578
11,GUANAJUATO,5,LEON,20,LEON,3164,C02,153,6,1,15,3,41,94,313,0,16,329,578
11,GUANAJUATO,5,LEON,20,LEON,3164,C03,148,6,1,10,2,32,112,311,0,13,324,577
11,GUANAJUATO,5,LEON,20,LEON,3165,B,175,6,4,6,1,41,111,344,0,15,359,624
11,GUANAJUATO,5,LEON,20,LEON,3165,C01,161,8,0,9,1,34,97,310,0,12,322,623
11,GUANAJUATO,5,LEON,20,LEON,3165,C02,174,8,3,16,4,44,107,356,0,8,364,623
11,GUANAJUATO,5,LEON,20,LEON,3166,B,145,12,2,9,3,22,97,290,0,21,311,669
11,GUANAJUATO,5,LEON,20,LEON,3166,C01,211,9,1,16,3,27,78,345,0,15,360,669
11,GUANAJUATO,5,LEON,20,LEON,3167,B,120,12,3,8,4,17,90,254,0,16,270,526
11,GUANAJUATO,5,LEON,20,LEON,3167,C01,143,12,4,9,4,37,74,283,0,5,288,526
11,GUANAJUATO,5,LEON,20,LEON,3167,C02,122,10,2,15,6,22,42,219,0,8,227,526
11,GUANAJUATO,5,LEON,20,LEON,3168,B,167,7,2,14,1,29,99,319,0,8,327,599
11,GUANAJUATO,5,LEON,20,LEON,3168,C01,166,14,1,9,2,21,108,321,0,19,340,599
11,GUANAJUATO,5,LEON,20,LEON,3168,C02,161,14,1,11,5,27,84,303,0,12,315,598
11,GUANAJUATO,5,LEON,20,LEON,3168,C03,141,9,1,17,6,34,105,313,0,11,324,598
11,GUANAJUATO,3,LEON,20,LEON,3182,B,179,12,3,13,3,49,100,359,0,12,371,594
11,GUANAJUATO,3,LEON,20,LEON,3182,C01,184,8,3,12,3,34,99,343,0,8,351,594
11,GUANAJUATO,3,LEON,20,LEON,3182,C02,178,8,1,11,0,33,108,339,0,14,353,593
11,GUANAJUATO,3,LEON,20,LEON,3182,C03,182,10,0,10,3,47,97,349,0,14,363,593
11,GUANAJUATO,3,LEON,20,LEON,3183,B,160,17,2,9,2,44,94,328,0,8,336,622
11,GUANAJUATO,3,LEON,20,LEON,3183,C01,182,13,1,10,1,37,76,320,0,21,341,621
11,GUANAJUATO,3,LEON,20,LEON,3183,C02,192,9,2,13,4,45,102,367,0,9,376,621
11,GUANAJUATO,3,LEON,20,LEON,3183,C03,185,12,2,15,5,32,100,351,0,16,367,621
11,GUANAJUATO,3,LEON,20,LEON,3184,B,278,13,5,12,3,56,113,480,0,20,500,748
11,GUANAJUATO,3,LEON,20,LEON,3184,C01,314,13,3,10,1,57,111,509,1,5,515,748
11,GUANAJUATO,3,LEON,20,LEON,3185,B,335,7,0,8,0,41,17,408,0,4,412,515
11,GUANAJUATO,3,LEON,20,LEON,3185,C01,343,10,1,11,0,37,18,420,0,4,424,515
11,GUANAJUATO,3,LEON,20,LEON,3186,B,412,15,2,13,2,65,97,606,0,12,618,735
11,GUANAJUATO,3,LEON,20,LEON,3186,C01,322,11,0,15,4,54,91,497,0,16,513,735
11,GUANAJUATO,3,LEON,20,LEON,3186,C02,325,10,3,12,3,55,83,491,0,15,506,734
11,GUANAJUATO,3,LEON,20,LEON,3186,C03,371,15,0,11,3,68,85,553,1,24,578,734
11,GUANAJUATO,3,LEON,20,LEON,3187,B,258,17,2,12,2,34,111,436,0,20,456,707
11,GUANAJUATO,3,LEON,20,LEON,3187,C01,236,11,2,19,3,48,154,473,0,23,496,706
11,GUANAJUATO,3,LEON,20,LEON,3187,C02,263,12,4,11,6,44,132,472,0,16,488,706
11,GUANAJUATO,3,LEON,20,LEON,3187,C03,253,7,2,12,5,54,54,387,0,15,402,706
11,GUANAJUATO,3,LEON,20,LEON,3188,B,488,9,0,10,1,13,12,533,0,7,540,646
11,GUANAJUATO,3,LEON,20,LEON,3188,C01,449,13,3,14,2,29,13,523,2,2,527,646
11,GUANAJUATO,3,LEON,20,LEON,3188,C02,474,9,0,11,1,25,10,530,0,6,536,646
11,GUANAJUATO,3,LEON,20,LEON,3188,C03,463,14,3,12,0,19,14,525,0,2,527,646
11,GUANAJUATO,3,LEON,20,LEON,3189,B,495,5,0,7,0,44,9,560,0,3,563,662
11,GUANAJUATO,3,LEON,20,LEON,3189,C01,489,8,0,9,0,30,17,553,0,2,555,662
11,GUANAJUATO,5,LEON,20,LEON,3190,B,216,10,2,14,3,50,98,393,0,0,393,703
11,GUANAJUATO,5,LEON,20,LEON,3190,C01,217,11,4,14,1,54,113,414,0,12,426,703
11,GUANAJUATO,5,LEON,20,LEON,3190,C02,204,9,3,13,2,58,109,398,0,17,415,702
11,GUANAJUATO,5,LEON,20,LEON,3190,C03,222,17,2,14,1,52,100,408,0,14,422,702
11,GUANAJUATO,5,LEON,20,LEON,3190,C04,197,8,3,12,3,46,114,383,0,10,393,702
11,GUANAJUATO,5,LEON,20,LEON,3191,B,157,8,1,7,3,23,100,299,0,3,302,623
11,GUANAJUATO,5,LEON,20,LEON,3191,C01,135,8,2,6,3,17,104,275,0,18,293,622
11,GUANAJUATO,5,LEON,20,LEON,3191,C02,128,7,1,8,5,32,75,256,0,6,262,622
11,GUANAJUATO,5,LEON,20,LEON,3191,C03,147,7,0,9,3,21,86,273,0,12,285,622
11,GUANAJUATO,5,LEON,20,LEON,3191,C04,119,6,4,6,1,27,87,250,0,22,272,622
11,GUANAJUATO,5,LEON,20,LEON,3192,B,142,16,0,14,4,26,81,283,0,17,300,601
11,GUANAJUATO,5,LEON,20,LEON,3192,C01,128,21,3,9,5,28,82,276,0,9,285,601
11,GUANAJUATO,5,LEON,20,LEON,3193,B,0,0,0,0,0,0,0,0,0,0,0,669
11,GUANAJUATO,5,LEON,20,LEON,3193,C01,0,0,0,0,0,0,0,0,0,0,0,669
11,GUANAJUATO,5,LEON,20,LEON,3193,C02,134,16,2,11,2,39,93,297,1,6,304,669
11,GUANAJUATO,5,LEON,20,LEON,3193,C03,134,7,4,12,6,47,104,314,0,16,330,669
11,GUANAJUATO,5,LEON,20,LEON,3193,C04,151,6,1,16,6,26,118,324,0,13,337,669
11,GUANAJUATO,5,LEON,20,LEON,3194,B,143,9,2,12,1,31,84,282,0,13,295,726
11,GUANAJUATO,5,LEON,20,LEON,3194,C01,160,5,0,10,5,36,81,297,0,5,302,725
11,GUANAJUATO,5,LEON,20,LEON,3194,S01,54,2,0,7,2,14,41,120,0,7,127,0
11,GUANAJUATO,5,LEON,20,LEON,3195,B,116,2,0,12,3,94,74,301,1,9,311,526
11,GUANAJUATO,5,LEON,20,LEON,3195,C01,89,6,4,11,4,22,90,226,0,13,239,526
11,GUANAJUATO,5,LEON,20,LEON,3196,B,0,0,0,0,0,0,0,0,0,0,0,711
11,GUANAJUATO,5,LEON,20,LEON,3196,C01,141,3,0,14,1,26,104,289,0,12,301,711
11,GUANAJUATO,5,LEON,20,LEON,3196,C02,0,0,0,0,0,0,0,0,0,0,0,710
11,GUANAJUATO,5,LEON,20,LEON,3197,B,157,4,2,14,7,36,86,306,0,10,316,506
11,GUANAJUATO,5,LEON,20,LEON,3197,C01,144,12,2,8,1,35,97,299,0,9,308,506
11,GUANAJUATO,5,LEON,20,LEON,3197,C02,125,9,2,12,5,31,100,284,0,17,301,506
11,GUANAJUATO,5,LEON,20,LEON,3198,B,203,10,0,13,4,42,90,362,0,20,382,650
11,GUANAJUATO,5,LEON,20,LEON,3198,C01,200,12,1,12,4,33,83,345,0,10,355,649
11,GUANAJUATO,5,LEON,20,LEON,3199,B,0,0,0,0,0,0,0,0,0,0,0,687
11,GUANAJUATO,5,LEON,20,LEON,3199,C01,0,0,0,0,0,0,0,0,0,0,0,686
11,GUANAJUATO,21,LEON,20,LEON,3204,B,215,4,1,24,4,49,117,414,0,13,427,661
11,GUANAJUATO,21,LEON,20,LEON,3204,C01,197,14,3,17,3,48,118,400,0,8,408,661
11,GUANAJUATO,21,LEON,20,LEON,3204,C02,223,9,2,17,2,42,114,409,0,13,422,661
11,GUANAJUATO,21,LEON,20,LEON,3204,C03,182,9,1,20,3,67,19,301,0,8,309,661
11,GUANAJUATO,21,LEON,20,LEON,3205,B,192,10,3,12,2,46,98,363,0,13,376,707
11,GUANAJUATO,21,LEON,20,LEON,3205,C01,175,10,4,9,5,31,143,377,0,17,394,707
11,GUANAJUATO,21,LEON,20,LEON,3205,C02,201,16,1,15,8,36,104,381,0,0,381,707
11,GUANAJUATO,21,LEON,20,LEON,3206,B,237,6,3,11,3,36,113,409,0,16,425,681
11,GUANAJUATO,21,LEON,20,LEON,3206,C01,236,18,0,16,9,62,114,455,0,19,474,680
11,GUANAJUATO,21,LEON,20,LEON,3207,B,128,16,2,7,4,21,6,184,0,14,198,542
11,GUANAJUATO,21,LEON,20,LEON,3207,C01,0,0,0,0,0,0,0,0,0,0,0,541
11,GUANAJUATO,21,LEON,20,LEON,3207,C02,135,8,0,6,10,41,103,303,0,21,324,541
11,GUANAJUATO,21,LEON,20,LEON,3208,B,138,3,3,16,7,39,124,330,0,19,349,736
11,GUANAJUATO,21,LEON,20,LEON,3208,C01,144,6,3,29,5,47,143,377,0,0,377,736
11,GUANAJUATO,21,LEON,20,LEON,3208,C02,144,3,3,25,8,37,129,349,1,5,355,736
11,GUANAJUATO,21,LEON,20,LEON,3209,B,140,6,1,15,9,44,133,348,0,22,370,720
11,GUANAJUATO,21,LEON,20,LEON,3209,C01,179,12,0,19,7,36,145,398,1,8,407,719
11,GUANAJUATO,21,LEON,20,LEON,3209,C02,146,9,2,14,4,22,148,345,0,19,364,719
11,GUANAJUATO,21,LEON,20,LEON,3210,B,136,5,2,18,5,36,124,326,0,22,348,713
11,GUANAJUATO,21,LEON,20,LEON,3210,C01,133,14,1,14,6,32,126,326,0,16,342,713
11,GUANAJUATO,21,LEON,20,LEON,3210,C02,138,5,0,22,0,33,130,328,0,17,345,712
11,GUANAJUATO,21,LEON,20,LEON,3211,B,156,11,3,11,6,42,155,384,0,25,409,729
11,GUANAJUATO,21,LEON,20,LEON,3211,C01,155,2,3,17,6,40,142,365,0,16,381,729
11,GUANAJUATO,21,LEON,20,LEON,3211,C02,161,7,0,13,6,37,137,361,0,22,383,729
11,GUANAJUATO,21,LEON,20,LEON,3211,C03,0,0,0,0,0,0,0,0,0,0,0,729
11,GUANAJUATO,3,LEON,20,LEON,3215,B,151,10,2,16,7,36,139,361,0,15,376,679
11,GUANAJUATO,3,LEON,20,LEON,3215,C01,161,8,3,12,7,49,106,346,0,21,367,679
11,GUANAJUATO,3,LEON,20,LEON,3215,C02,178,8,2,13,5,41,121,368,0,8,376,679
11,GUANAJUATO,3,LEON,20,LEON,3216,B,232,8,3,21,3,23,0,290,0,18,308,656
11,GUANAJUATO,3,LEON,20,LEON,3216,C01,253,4,1,11,0,30,78,377,0,20,397,656
11,GUANAJUATO,3,LEON,20,LEON,3216,C02,246,12,1,15,6,28,80,388,0,17,405,655
11,GUANAJUATO,3,LEON,20,LEON,3216,C03,0,0,0,0,0,0,0,0,0,0,0,655
11,GUANAJUATO,3,LEON,20,LEON,3217,B,328,8,1,9,4,46,54,450,0,6,456,601
11,GUANAJUATO,3,LEON,20,LEON,3217,C01,0,0,0,0,0,0,0,0,0,0,0,601
11,GUANAJUATO,3,LEON,20,LEON,3217,C02,322,14,2,12,1,46,56,453,0,6,459,600
11,GUANAJUATO,3,LEON,20,LEON,3217,C03,317,11,1,12,1,44,45,431,0,12,443,600
11,GUANAJUATO,3,LEON,20,LEON,3217,C04,319,19,2,11,0,153,42,546,0,13,559,600
11,GUANAJUATO,3,LEON,20,LEON,3218,B,401,17,4,13,1,49,33,518,22,0,540,652
11,GUANAJUATO,3,LEON,20,LEON,3218,C01,377,10,4,13,0,47,34,485,0,11,496,652
11,GUANAJUATO,3,LEON,20,LEON,3218,C02,393,14,2,5,0,52,41,507,0,11,518,651
11,GUANAJUATO,5,LEON,20,LEON,3219,B,115,9,3,10,3,25,116,281,0,17,298,708
11,GUANAJUATO,5,LEON,20,LEON,3219,C01,130,8,0,8,5,18,111,280,0,18,298,708
11,GUANAJUATO,5,LEON,20,LEON,3219,C02,135,14,1,12,5,22,113,302,0,19,321,707
11,GUANAJUATO,5,LEON,20,LEON,3219,C03,128,13,1,9,2,27,113,293,0,25,318,707
11,GUANAJUATO,5,LEON,20,LEON,3220,B,105,7,1,10,7,25,94,249,0,13,262,692
11,GUANAJUATO,5,LEON,20,LEON,3220,C01,125,10,0,16,3,15,87,256,0,21,277,692
11,GUANAJUATO,5,LEON,20,LEON,3220,C02,115,11,1,9,0,33,88,257,0,22,279,692
11,GUANAJUATO,5,LEON,20,LEON,3220,C03,141,14,0,15,2,24,84,280,0,20,300,692
11,GUANAJUATO,5,LEON,20,LEON,3221,B,99,10,0,10,1,20,102,242,0,11,253,613
11,GUANAJUATO,5,LEON,20,LEON,3221,C01,111,6,1,11,1,16,101,247,0,9,256,613
11,GUANAJUATO,5,LEON,20,LEON,3221,C02,115,11,2,12,2,25,85,252,0,8,260,613
11,GUANAJUATO,5,LEON,20,LEON,3221,C03,103,4,0,20,2,24,84,237,0,12,249,613
11,GUANAJUATO,5,LEON,20,LEON,3221,C04,108,6,1,9,4,21,101,250,0,19,269,613
11,GUANAJUATO,5,LEON,20,LEON,3222,B,73,4,0,7,0,67,39,190,0,13,203,320
11,GUANAJUATO,5,LEON,20,LEON,3223,B,0,0,0,0,0,0,0,0,0,0,0,736
11,GUANAJUATO,4,LEON,20,LEON,3224,B,0,0,0,0,0,0,0,0,0,0,0,648
11,GUANAJUATO,4,LEON,20,LEON,3224,C01,399,7,3,10,1,50,27,497,2,10,509,648
11,GUANAJUATO,4,LEON,20,LEON,3224,C02,382,16,1,10,1,49,27,486,0,10,496,647
11,GUANAJUATO,4,LEON,20,LEON,3225,B,321,7,0,8,2,54,35,427,1,7,435,531
11,GUANAJUATO,4,LEON,20,LEON,3225,C01,346,3,0,5,1,42,37,434,0,3,437,531
11,GUANAJUATO,4,LEON,20,LEON,3225,C02,335,10,0,10,1,100,39,495,0,2,497,530
11,GUANAJUATO,4,LEON,20,LEON,3226,B,178,14,0,11,4,30,91,328,0,10,338,711
11,GUANAJUATO,4,LEON,20,LEON,3226,C01,163,5,4,12,4,32,11,231,0,11,242,711
11,GUANAJUATO,4,LEON,20,LEON,3226,C02,180,5,0,14,5,22,83,309,0,13,322,710
11,GUANAJUATO,4,LEON,20,LEON,3227,B,250,7,1,9,2,47,64,380,0,10,390,617
11,GUANAJUATO,4,LEON,20,LEON,3227,C01,230,10,2,12,1,42,94,391,0,14,405,616
11,GUANAJUATO,4,LEON,20,LEON,3228,B,118,6,1,9,7,29,100,270,0,17,287,597
11,GUANAJUATO,4,LEON,20,LEON,3228,C01,141,9,0,12,2,25,98,287,0,15,302,596
11,GUANAJUATO,4,LEON,20,LEON,3229,B,159,9,1,19,3,46,128,365,0,17,382,711
11,GUANAJUATO,4,LEON,20,LEON,3229,C01,149,10,2,16,1,30,124,332,0,0,332,711
11,GUANAJUATO,4,LEON,20,LEON,3230,B,198,8,3,16,6,30,101,362,0,16,378,725
11,GUANAJUATO,4,LEON,20,LEON,3230,C01,198,12,2,19,4,43,126,404,0,15,419,725
11,GUANAJUATO,4,LEON,20,LEON,3230,C02,178,14,1,12,9,32,114,360,0,27,387,725
11,GUANAJUATO,4,LEON,20,LEON,3230,C03,182,2,1,13,5,30,100,333,0,23,356,725
11,GUANAJUATO,21,LEON,20,LEON,3243,B,250,12,2,9,4,50,63,390,0,9,399,582
11,GUANAJUATO,21,LEON,20,LEON,3243,C01,267,9,2,15,1,57,57,408,0,8,416,582
11,GUANAJUATO,21,LEON,20,LEON,3243,C02,253,14,2,10,3,40,54,376,0,13,389,582
11,GUANAJUATO,21,LEON,20,LEON,3243,C03,245,7,1,19,3,51,72,398,1,13,412,582
11,GUANAJUATO,21,LEON,20,LEON,3244,B,356,17,2,9,1,56,70,511,0,9,520,671
11,GUANAJUATO,21,LEON,20,LEON,3244,C01,347,15,2,13,3,55,68,503,0,9,512,671
11,GUANAJUATO,21,LEON,20,LEON,3244,C02,344,19,2,6,5,58,80,514,0,11,525,671
11,GUANAJUATO,21,LEON,20,LEON,3245,B,318,16,5,11,4,66,71,491,0,13,504,651
11,GUANAJUATO,21,LEON,20,LEON,3245,C01,317,29,2,14,3,75,64,504,0,11,515,650
11,GUANAJUATO,21,LEON,20,LEON,3245,C02,298,10,3,17,3,68,85,484,0,11,495,650
11,GUANAJUATO,21,LEON,20,LEON,3246,B,244,15,1,14,3,51,83,411,0,9,420,586
11,GUANAJUATO,21,LEON,20,LEON,3246,C01,226,7,0,14,3,59,97,406,0,10,416,585
11,GUANAJUATO,21,LEON,20,LEON,3246,C02,239,13,1,12,2,61,80,408,0,12,420,585
11,GUANAJUATO,21,LEON,20,LEON,3246,C03,245,12,2,10,3,48,85,405,0,13,418,585
11,GUANAJUATO,21,LEON,20,LEON,3247,B,257,21,1,17,3,63,117,479,0,17,496,721
11,GUANAJUATO,21,LEON,20,LEON,3247,C01,269,8,6,21,2,64,105,475,0,14,489,721
11,GUANAJUATO,21,LEON,20,LEON,3247,C02,260,10,1,13,0,79,114,477,0,11,488,720
11,GUANAJUATO,21,LEON,20,LEON,3248,B,278,9,2,13,2,57,97,458,0,12,470,709
11,GUANAJUATO,21,LEON,20,LEON,3248,C01,251,18,2,20,4,55,117,467,0,20,487,709
11,GUANAJUATO,21,LEON,20,LEON,3248,C02,240,14,7,23,4,53,97,438,0,8,446,709
11,GUANAJUATO,21,LEON,20,LEON,3248,C03,242,15,2,18,5,71,98,451,1,13,465,708
11,GUANAJUATO,21,LEON,20,LEON,3249,B,235,15,1,13,7,40,106,417,0,19,436,683
11,GUANAJUATO,21,LEON,20,LEON,3249,C01,233,18,3,15,10,61,98,438,1,18,457,683
11,GUANAJUATO,21,LEON,20,LEON,3249,C02,224,12,5,13,3,59,106,422,0,18,440,683
11,GUANAJUATO,21,LEON,20,LEON,3249,C03,209,15,3,15,8,64,104,418,0,18,436,682
11,GUANAJUATO,4,LEON,20,LEON,3270,B,193,19,1,15,1,18,92,339,0,14,353,711
11,GUANAJUATO,4,LEON,20,LEON,3270,C01,239,17,1,4,4,15,78,358,0,10,368,711
11,GUANAJUATO,4,LEON,20,LEON,3270,C02,242,17,2,10,5,20,64,360,0,16,376,711
11,GUANAJUATO,4,LEON,20,LEON,3271,B,0,0,0,0,0,0,0,0,0,0,0,733
11,GUANAJUATO,4,LEON,20,LEON,3271,C01,152,25,4,10,4,11,73,279,0,22,301,733
11,GUANAJUATO,4,LEON,20,LEON,3271,C02,146,25,0,7,3,13,77,271,0,16,287,733
11,GUANAJUATO,20,YURIRIA,21,MOROLEON,0,VA37,2,1,0,0,0,6,3,12,0,0,12,14
11,GUANAJUATO,20,YURIRIA,21,MOROLEON,1859,B,20,2,2,96,2,181,58,363,0,14,377,704
11,GUANAJUATO,20,YURIRIA,21,MOROLEON,1859,C01,27,4,1,78,6,212,63,393,0,20,413,704
11,GUANAJUATO,20,YURIRIA,21,MOROLEON,1859,C02,37,4,0,76,3,200,67,388,0,12,400,703
11,GUANAJUATO,20,YURIRIA,21,MOROLEON,1860,B,38,5,3,76,2,134,58,316,0,23,339,603
11,GUANAJUATO,20,YURIRIA,21,MOROLEON,1860,C01,37,6,2,56,2,146,50,299,0,10,309,603
11,GUANAJUATO,20,YURIRIA,21,MOROLEON,1861,B,34,5,2,68,1,175,63,350,0,14,364,615
11,GUANAJUATO,20,YURIRIA,21,MOROLEON,1861,C01,30,9,0,67,7,171,37,322,0,20,342,614
11,GUANAJUATO,20,YURIRIA,21,MOROLEON,1862,B,55,6,1,52,2,194,79,389,0,12,401,707
11,GUANAJUATO,20,YURIRIA,21,MOROLEON,1863,B,32,4,0,34,1,136,54,261,0,14,275,452
11,GUANAJUATO,20,YURIRIA,21,MOROLEON,1863,C01,34,12,3,44,1,120,39,254,0,14,268,452
11,GUANAJUATO,20,YURIRIA,21,MOROLEON,1864,B,56,8,1,51,2,222,60,400,0,19,419,687
11,GUANAJUATO,20,YURIRIA,21,MOROLEON,1864,C01,53,15,2,52,3,191,72,391,0,21,412,686
11,GUANAJUATO,20,YURIRIA,21,MOROLEON,1865,B,28,5,4,46,1,222,65,371,0,19,390,711
11,GUANAJUATO,20,YURIRIA,21,MOROLEON,1866,B,52,4,1,26,1,131,33,249,0,11,260,397
11,GUANAJUATO,20,YURIRIA,21,MOROLEON,1866,C01,64,2,0,29,0,140,22,259,0,8,267,396
11,GUANAJUATO,20,YURIRIA,21,MOROLEON,1866,S01,3,3,0,7,0,16,10,39,0,0,39,0
11,GUANAJUATO,20,YURIRIA,21,MOROLEON,1867,B,46,2,0,53,2,131,49,287,0,20,307,519
11,GUANAJUATO,20,YURIRIA,21,MOROLEON,1867,C01,49,6,2,46,2,143,48,298,0,21,319,519
11,GUANAJUATO,20,YURIRIA,21,MOROLEON,1868,B,56,0,0,0,0,129,51,236,0,1,237,456
11,GUANAJUATO,20,YURIRIA,21,MOROLEON,1868,C01,60,6,0,23,1,155,30,276,1,12,289,455
11,GUANAJUATO,20,YURIRIA,21,MOROLEON,1869,B,53,6,5,66,4,174,71,381,0,16,397,692
11,GUANAJUATO,20,YURIRIA,21,MOROLEON,1869,C01,53,8,6,78,3,210,75,435,1,12,448,692
11,GUANAJUATO,20,YURIRIA,21,MOROLEON,1870,B,35,3,1,77,6,175,80,377,0,12,389,707
11,GUANAJUATO,20,YURIRIA,21,MOROLEON,1870,C01,48,4,4,69,3,197,93,420,0,14,434,706
11,GUANAJUATO,20,YURIRIA,21,MOROLEON,1871,B,36,4,2,58,4,152,61,318,0,20,338,626
11,GUANAJUATO,20,YURIRIA,21,MOROLEON,1871,C01,30,5,2,70,0,161,63,331,0,22,353,626
11,GUANAJUATO,20,YURIRIA,21,MOROLEON,1872,B,16,2,2,91,3,150,36,301,0,26,327,642
11,GUANAJUATO,20,YURIRIA,21,MOROLEON,1872,C01,40,5,0,69,4,137,42,297,0,8,305,642
11,GUANAJUATO,20,YURIRIA,21,MOROLEON,1872,C02,22,3,1,90,1,116,53,286,0,24,310,642
11,GUANAJUATO,20,YURIRIA,21,MOROLEON,1872,C03,29,0,1,90,2,143,53,319,0,14,333,642
11,GUANAJUATO,20,YURIRIA,21,MOROLEON,1872,C04,25,3,4,84,3,141,66,326,0,12,338,641
11,GUANAJUATO,20,YURIRIA,21,MOROLEON,1873,B,30,4,2,58,7,161,72,334,0,16,350,660
11,GUANAJUATO,20,YURIRIA,21,MOROLEON,1873,C01,37,4,1,65,0,165,61,333,0,17,350,660
11,GUANAJUATO,20,YURIRIA,21,MOROLEON,1874,B,44,5,1,44,1,112,49,257,0,6,263,461
11,GUANAJUATO,20,YURIRIA,21,MOROLEON,1874,C01,54,6,1,35,2,110,48,258,0,13,271,460
11,GUANAJUATO,20,YURIRIA,21,MOROLEON,1875,B,62,9,2,48,1,176,71,369,0,12,381,710
11,GUANAJUATO,20,YURIRIA,21,MOROLEON,1875,C01,58,7,1,53,3,181,56,362,0,14,376,710
11,GUANAJUATO,20,YURIRIA,21,MOROLEON,1876,B,49,13,0,38,4,137,39,281,0,15,296,461
11,GUANAJUATO,20,YURIRIA,21,MOROLEON,1876,C01,40,6,4,33,1,141,51,282,0,10,292,460
11,GUANAJUATO,20,YURIRIA,21,MOROLEON,1877,B,64,5,2,49,1,135,33,292,0,17,309,511
11,GUANAJUATO,20,YURIRIA,21,MOROLEON,1877,C01,78,9,0,42,2,136,43,315,1,13,329,510
11,GUANAJUATO,20,YURIRIA,21,MOROLEON,1878,B,49,5,0,44,1,143,35,277,0,9,286,485
11,GUANAJUATO,20,YURIRIA,21,MOROLEON,1878,C01,58,6,0,31,0,138,27,268,0,9,277,485
11,GUANAJUATO,20,YURIRIA,21,MOROLEON,1879,B,23,6,2,55,2,154,51,293,0,20,313,631
11,GUANAJUATO,20,YURIRIA,21,MOROLEON,1879,C01,38,5,1,53,4,163,61,327,0,23,350,631
11,GUANAJUATO,20,YURIRIA,21,MOROLEON,1880,B,24,4,0,44,2,134,71,279,0,14,293,587
11,GUANAJUATO,20,YURIRIA,21,MOROLEON,1880,C01,20,3,2,51,5,111,61,253,0,14,267,587
11,GUANAJUATO,20,YURIRIA,21,MOROLEON,1881,B,20,7,0,52,3,86,28,196,0,8,204,570
11,GUANAJUATO,20,YURIRIA,21,MOROLEON,1882,B,34,1,0,70,4,141,39,289,0,17,306,628
11,GUANAJUATO,20,YURIRIA,21,MOROLEON,1882,C01,25,2,2,72,4,168,64,337,0,9,346,627
11,GUANAJUATO,20,YURIRIA,21,MOROLEON,1882,C02,30,6,1,71,4,157,56,326,0,11,337,627
11,GUANAJUATO,20,YURIRIA,21,MOROLEON,1882,C03,34,3,0,75,1,150,41,304,0,14,318,627
11,GUANAJUATO,20,YURIRIA,21,MOROLEON,1882,C04,19,2,2,62,4,171,47,307,0,20,327,627
11,GUANAJUATO,20,YURIRIA,21,MOROLEON,1882,C05,20,2,1,70,3,150,52,299,0,17,316,627
11,GUANAJUATO,20,YURIRIA,21,MOROLEON,1883,B,22,4,1,47,3,102,29,212,0,5,217,506
11,GUANAJUATO,20,YURIRIA,21,MOROLEON,1883,C01,30,1,0,44,2,91,48,217,0,9,226,505
11,GUANAJUATO,20,YURIRIA,21,MOROLEON,1883,C02,21,3,0,50,2,106,35,217,0,12,229,505
11,GUANAJUATO,20,YURIRIA,21,MOROLEON,1884,B,47,6,0,52,4,168,79,356,0,16,372,700
11,GUANAJUATO,20,YURIRIA,21,MOROLEON,1884,C01,36,6,2,60,1,169,57,331,0,18,349,700
11,GUANAJUATO,20,YURIRIA,21,MOROLEON,1884,C02,32,1,5,67,7,173,56,341,0,20,361,700
11,GUANAJUATO,20,YURIRIA,21,MOROLEON,1884,C03,36,2,1,82,3,185,56,367,0,24,391,700
11,GUANAJUATO,20,YURIRIA,21,MOROLEON,1885,B,50,5,5,44,2,171,55,334,0,19,353,568
11,GUANAJUATO,20,YURIRIA,21,MOROLEON,1885,C01,56,4,0,48,2,145,56,312,0,15,327,567
11,GUANAJUATO,20,YURIRIA,21,MOROLEON,1885,C02,63,3,1,45,3,177,52,345,0,11,356,567
11,GUANAJUATO,20,YURIRIA,21,MOROLEON,1886,B,107,10,5,60,3,220,65,470,0,0,470,735
11,GUANAJUATO,20,YURIRIA,21,MOROLEON,1886,C01,107,8,6,43,4,230,48,452,0,13,465,734
11,GUANAJUATO,20,YURIRIA,21,MOROLEON,1886,C02,107,10,2,43,0,237,53,455,0,18,473,734
11,GUANAJUATO,20,YURIRIA,21,MOROLEON,1887,B,10,10,2,33,5,105,36,201,0,14,215,611
11,GUANAJUATO,20,YURIRIA,21,MOROLEON,1888,B,6,0,4,17,3,51,28,109,0,18,127,338
11,GUANAJUATO,20,YURIRIA,21,MOROLEON,1889,B,11,2,3,28,0,103,38,186,0,15,201,536
11,GUANAJUATO,20,YURIRIA,21,MOROLEON,1889,C01,4,1,1,20,0,82,34,142,0,15,157,535
11,GUANAJUATO,20,YURIRIA,21,MOROLEON,1890,B,35,4,1,56,4,211,71,382,1,9,392,684
11,GUANAJUATO,20,YURIRIA,21,MOROLEON,1890,C01,31,7,1,53,2,198,44,336,0,9,345,684
11,GUANAJUATO,20,YURIRIA,21,MOROLEON,1890,C02,26,4,0,50,5,168,51,304,0,11,315,684
11,GUANAJUATO,20,YURIRIA,21,MOROLEON,1890,C03,29,2,1,47,4,209,49,341,0,11,352,683
11,GUANAJUATO,20,YURIRIA,21,MOROLEON,1891,B,27,3,1,55,4,83,14,188,0,17,205,480
11,GUANAJUATO,20,YURIRIA,21,MOROLEON,1891,E01,6,5,4,5,3,71,20,115,0,13,128,341
11,GUANAJUATO,20,YURIRIA,21,MOROLEON,1892,B,21,4,1,35,5,106,24,199,0,8,207,556
11,GUANAJUATO,20,YURIRIA,21,MOROLEON,1892,C01,18,4,3,29,9,111,27,201,0,21,222,555
11,GUANAJUATO,20,YURIRIA,21,MOROLEON,1893,B,10,3,3,24,3,116,32,191,0,12,203,562
11,GUANAJUATO,20,YURIRIA,21,MOROLEON,1893,C01,5,3,4,16,7,85,61,181,0,15,196,562
11,GUANAJUATO,1,DOLORES HIDALGO CUNA DE LA INDEPENDENCIA NACIONAL,22,OCAMPO,1894,B,47,126,1,34,7,2,54,275,0,4,279,489
11,GUANAJUATO,1,DOLORES HIDALGO CUNA DE LA INDEPENDENCIA NACIONAL,22,OCAMPO,1894,C01,59,125,0,34,0,4,67,292,0,9,301,488
11,GUANAJUATO,1,DOLORES HIDALGO CUNA DE LA INDEPENDENCIA NACIONAL,22,OCAMPO,1895,B,54,158,0,33,2,6,69,327,0,12,339,586
11,GUANAJUATO,1,DOLORES HIDALGO CUNA DE LA INDEPENDENCIA NACIONAL,22,OCAMPO,1895,C01,57,183,1,39,3,4,69,363,0,6,369,585
11,GUANAJUATO,1,DOLORES HIDALGO CUNA DE LA INDEPENDENCIA NACIONAL,22,OCAMPO,1895,C02,55,153,1,27,4,2,72,319,0,5,324,585
11,GUANAJUATO,1,DOLORES HIDALGO CUNA DE LA INDEPENDENCIA NACIONAL,22,OCAMPO,1895,C03,41,150,1,38,4,1,72,316,0,5,321,585
11,GUANAJUATO,1,DOLORES HIDALGO CUNA DE LA INDEPENDENCIA NACIONAL,22,OCAMPO,1896,B,29,197,0,34,4,3,84,357,0,11,368,631
11,GUANAJUATO,1,DOLORES HIDALGO CUNA DE LA INDEPENDENCIA NACIONAL,22,OCAMPO,1896,C01,45,169,2,32,7,3,105,370,0,15,385,631
11,GUANAJUATO,1,DOLORES HIDALGO CUNA DE LA INDEPENDENCIA NACIONAL,22,OCAMPO,1897,B,24,154,2,65,3,0,78,336,0,9,345,609
11,GUANAJUATO,1,DOLORES HIDALGO CUNA DE LA INDEPENDENCIA NACIONAL,22,OCAMPO,1897,C01,37,132,1,60,5,3,102,342,0,4,346,609
11,GUANAJUATO,1,DOLORES HIDALGO CUNA DE LA INDEPENDENCIA NACIONAL,22,OCAMPO,1897,C02,44,147,3,66,2,5,92,365,0,12,377,608
11,GUANAJUATO,1,DOLORES HIDALGO CUNA DE LA INDEPENDENCIA NACIONAL,22,OCAMPO,1898,B,9,147,0,1,1,2,49,216,0,2,218,277
11,GUANAJUATO,1,DOLORES HIDALGO CUNA DE LA INDEPENDENCIA NACIONAL,22,OCAMPO,1899,B,35,55,0,22,3,4,89,209,0,23,232,446
11,GUANAJUATO,1,DOLORES HIDALGO CUNA DE LA INDEPENDENCIA NACIONAL,22,OCAMPO,1899,C01,24,47,2,29,4,4,64,174,0,11,185,446
11,GUANAJUATO,1,DOLORES HIDALGO CUNA DE LA INDEPENDENCIA NACIONAL,22,OCAMPO,1900,B,11,121,0,17,4,2,70,225,0,10,235,366
11,GUANAJUATO,1,DOLORES HIDALGO CUNA DE LA INDEPENDENCIA NACIONAL,22,OCAMPO,1901,B,35,221,0,41,1,3,33,337,0,11,348,555
11,GUANAJUATO,1,DOLORES HIDALGO CUNA DE LA INDEPENDENCIA NACIONAL,22,OCAMPO,1901,C01,22,244,1,41,2,3,29,344,0,8,352,555
11,GUANAJUATO,1,DOLORES HIDALGO CUNA DE LA INDEPENDENCIA NACIONAL,22,OCAMPO,1901,C02,24,230,2,41,0,1,41,340,0,8,348,554
11,GUANAJUATO,1,DOLORES HIDALGO CUNA DE LA INDEPENDENCIA NACIONAL,22,OCAMPO,1901,E01,13,88,1,98,1,2,35,239,0,5,244,372
11,GUANAJUATO,1,DOLORES HIDALGO CUNA DE LA INDEPENDENCIA NACIONAL,22,OCAMPO,1902,B,10,76,0,12,0,0,58,158,0,2,160,307
11,GUANAJUATO,1,DOLORES HIDALGO CUNA DE LA INDEPENDENCIA NACIONAL,22,OCAMPO,1903,B,13,92,3,19,9,0,102,239,0,13,252,464
11,GUANAJUATO,1,DOLORES HIDALGO CUNA DE LA INDEPENDENCIA NACIONAL,22,OCAMPO,1903,C01,18,105,1,18,7,4,84,239,0,4,243,464
11,GUANAJUATO,1,DOLORES HIDALGO CUNA DE LA INDEPENDENCIA NACIONAL,22,OCAMPO,1904,B,10,100,1,9,4,2,86,216,0,9,225,480
11,GUANAJUATO,1,DOLORES HIDALGO CUNA DE LA INDEPENDENCIA NACIONAL,22,OCAMPO,1904,C01,12,102,1,19,5,1,78,221,0,12,233,480
11,GUANAJUATO,1,DOLORES HIDALGO CUNA DE LA INDEPENDENCIA NACIONAL,22,OCAMPO,1905,B,26,144,0,23,7,2,99,305,0,6,311,530
11,GUANAJUATO,1,DOLORES HIDALGO CUNA DE LA INDEPENDENCIA NACIONAL,22,OCAMPO,1905,C01,31,139,3,25,2,5,87,292,0,11,303,529
11,GUANAJUATO,1,DOLORES HIDALGO CUNA DE LA INDEPENDENCIA NACIONAL,22,OCAMPO,1906,B,26,82,1,22,12,8,134,293,0,10,303,562
11,GUANAJUATO,1,DOLORES HIDALGO CUNA DE LA INDEPENDENCIA NACIONAL,22,OCAMPO,1906,C01,33,100,7,24,3,1,136,307,0,10,317,561
11,GUANAJUATO,1,DOLORES HIDALGO CUNA DE LA INDEPENDENCIA NACIONAL,22,OCAMPO,1907,B,38,67,0,21,17,5,105,255,0,10,265,490
11,GUANAJUATO,1,DOLORES HIDALGO CUNA DE LA INDEPENDENCIA NACIONAL,22,OCAMPO,1907,C01,32,59,0,19,25,1,106,242,0,5,247,490
11,GUANAJUATO,1,DOLORES HIDALGO CUNA DE LA INDEPENDENCIA NACIONAL,22,OCAMPO,1908,B,41,37,3,22,34,3,60,201,0,7,208,437
11,GUANAJUATO,1,DOLORES HIDALGO CUNA DE LA INDEPENDENCIA NACIONAL,22,OCAMPO,1908,C01,35,45,2,21,29,5,56,195,0,9,204,436
11,GUANAJUATO,1,DOLORES HIDALGO CUNA DE LA INDEPENDENCIA NACIONAL,22,OCAMPO,1909,B,37,115,1,58,1,5,21,245,0,5,250,371
11,GUANAJUATO,1,DOLORES HIDALGO CUNA DE LA INDEPENDENCIA NACIONAL,22,OCAMPO,1910,B,65,134,1,42,1,6,52,306,0,10,316,556
11,GUANAJUATO,1,DOLORES HIDALGO CUNA DE LA INDEPENDENCIA NACIONAL,22,OCAMPO,1910,C01,65,118,1,44,2,2,39,275,0,8,283,555
11,GUANAJUATO,1,DOLORES HIDALGO CUNA DE LA INDEPENDENCIA NACIONAL,22,OCAMPO,1910,C02,67,117,3,40,2,3,53,290,0,3,293,555
11,GUANAJUATO,1,DOLORES HIDALGO CUNA DE LA INDEPENDENCIA NACIONAL,22,OCAMPO,1911,B,88,115,1,51,5,8,100,377,0,17,394,662
11,GUANAJUATO,1,DOLORES HIDALGO CUNA DE LA INDEPENDENCIA NACIONAL,22,OCAMPO,1911,C01,73,105,1,60,4,8,122,376,0,11,387,661
11,GUANAJUATO,18,PENJAMO,23,PENJAMO,1912,B,81,21,0,16,5,10,101,234,0,15,249,615
11,GUANAJUATO,18,PENJAMO,23,PENJAMO,1912,C01,69,13,0,10,5,22,94,213,0,18,231,614
11,GUANAJUATO,18,PENJAMO,23,PENJAMO,1912,C02,64,15,0,21,6,20,109,235,0,19,254,614
11,GUANAJUATO,18,PENJAMO,23,PENJAMO,1912,C03,64,9,0,11,4,14,128,230,0,3,233,614
11,GUANAJUATO,18,PENJAMO,23,PENJAMO,1912,C04,91,27,0,14,6,16,89,243,0,29,272,614
11,GUANAJUATO,18,PENJAMO,23,PENJAMO,1913,B,98,45,0,14,19,23,141,340,0,13,353,746
11,GUANAJUATO,18,PENJAMO,23,PENJAMO,1913,C01,105,22,0,5,13,20,147,312,0,18,330,746
11,GUANAJUATO,18,PENJAMO,23,PENJAMO,1913,C02,137,30,0,4,14,32,151,368,0,14,382,746
11,GUANAJUATO,18,PENJAMO,23,PENJAMO,1914,B,51,16,0,6,3,9,71,156,0,10,166,392
11,GUANAJUATO,18,PENJAMO,23,PENJAMO,1914,C01,60,25,0,7,3,8,72,175,0,6,181,392
11,GUANAJUATO,18,PENJAMO,23,PENJAMO,1915,B,133,25,0,19,4,25,129,335,0,17,352,676
11,GUANAJUATO,18,PENJAMO,23,PENJAMO,1915,C01,138,19,0,10,2,33,115,317,0,22,339,675
11,GUANAJUATO,18,PENJAMO,23,PENJAMO,1916,B,119,36,0,13,7,16,156,347,0,17,364,720
11,GUANAJUATO,18,PENJAMO,23,PENJAMO,1916,C01,114,33,0,11,5,15,128,306,0,19,325,720
11,GUANAJUATO,18,PENJAMO,23,PENJAMO,1916,C02,129,17,0,6,2,17,147,318,0,17,335,720
11,GUANAJUATO,18,PENJAMO,23,PENJAMO,1917,B,133,24,0,6,4,15,130,312,0,10,322,579
11,GUANAJUATO,18,PENJAMO,23,PENJAMO,1917,C01,127,26,0,5,4,14,108,284,0,16,300,579
11,GUANAJUATO,18,PENJAMO,23,PENJAMO,1917,C02,118,25,0,5,2,20,124,294,0,16,310,579
11,GUANAJUATO,18,PENJAMO,23,PENJAMO,1918,B,111,20,0,8,1,12,89,241,0,18,259,440
11,GUANAJUATO,18,PENJAMO,23,PENJAMO,1918,C01,116,27,0,3,0,19,84,249,0,17,266,439
11,GUANAJUATO,18,PENJAMO,23,PENJAMO,1919,B,170,32,0,10,3,19,149,383,0,13,396,665
11,GUANAJUATO,18,PENJAMO,23,PENJAMO,1920,B,76,15,0,9,8,17,115,240,1,16,257,561
11,GUANAJUATO,18,PENJAMO,23,PENJAMO,1920,C01,79,19,0,10,0,15,106,229,0,15,244,561
11,GUANAJUATO,18,PENJAMO,23,PENJAMO,1921,B,63,23,0,4,2,5,80,177,0,12,189,407
11,GUANAJUATO,18,PENJAMO,23,PENJAMO,1921,C01,99,18,0,7,0,18,77,219,0,5,224,407
11,GUANAJUATO,18,PENJAMO,23,PENJAMO,1922,B,88,31,0,16,1,17,127,280,0,12,292,514
11,GUANAJUATO,18,PENJAMO,23,PENJAMO,1922,C01,117,26,0,5,2,10,100,260,0,14,274,513
11,GUANAJUATO,18,PENJAMO,23,PENJAMO,1923,B,80,15,0,11,2,7,100,215,0,16,231,559
11,GUANAJUATO,18,PENJAMO,23,PENJAMO,1923,C01,70,11,0,19,5,10,104,219,0,9,228,558
11,GUANAJUATO,18,PENJAMO,23,PENJAMO,1923,C02,53,22,0,13,3,11,101,203,0,8,211,558
11,GUANAJUATO,18,PENJAMO,23,PENJAMO,1924,B,115,22,0,6,2,20,120,285,0,18,303,539
11,GUANAJUATO,18,PENJAMO,23,PENJAMO,1924,C01,148,26,0,9,1,16,118,318,0,9,327,538
11,GUANAJUATO,18,PENJAMO,23,PENJAMO,1925,B,190,44,0,5,1,20,91,351,0,15,366,596
11,GUANAJUATO,18,PENJAMO,23,PENJAMO,1926,B,165,33,0,3,1,34,100,336,0,4,340,514
11,GUANAJUATO,18,PENJAMO,23,PENJAMO,1926,C01,199,27,0,9,2,19,75,331,0,4,335,513
11,GUANAJUATO,18,PENJAMO,23,PENJAMO,1927,B,156,30,0,8,2,29,130,355,0,10,365,611
11,GUANAJUATO,18,PENJAMO,23,PENJAMO,1927,C01,164,28,0,2,2,31,131,358,0,10,368,610
11,GUANAJUATO,18,PENJAMO,23,PENJAMO,1927,C02,164,23,0,5,3,41,131,367,0,12,379,610
11,GUANAJUATO,18,PENJAMO,23,PENJAMO,1927,C03,162,27,0,4,3,26,146,368,0,7,375,610
11,GUANAJUATO,18,PENJAMO,23,PENJAMO,1927,C04,156,31,0,5,0,29,125,346,0,11,357,610
11,GUANAJUATO,18,PENJAMO,23,PENJAMO,1927,S01,74,5,0,3,0,6,39,127,0,6,133,0
11,GUANAJUATO,18,PENJAMO,23,PENJAMO,1928,B,136,30,0,4,3,39,108,320,0,14,334,635
11,GUANAJUATO,18,PENJAMO,23,PENJAMO,1928,C01,136,20,0,9,3,37,121,326,0,10,336,635
11,GUANAJUATO,18,PENJAMO,23,PENJAMO,1929,B,179,52,0,9,3,39,154,436,0,13,449,741
11,GUANAJUATO,18,PENJAMO,23,PENJAMO,1929,C01,225,55,0,8,1,36,113,438,0,12,450,741
11,GUANAJUATO,18,PENJAMO,23,PENJAMO,1930,B,186,63,0,12,1,27,140,429,0,13,442,716
11,GUANAJUATO,18,PENJAMO,23,PENJAMO,1930,C01,182,32,0,4,3,39,131,391,1,11,403,715
11,GUANAJUATO,18,PENJAMO,23,PENJAMO,1931,B,134,33,0,15,1,24,171,378,0,10,388,679
11,GUANAJUATO,18,PENJAMO,23,PENJAMO,1931,C01,156,32,0,10,3,29,132,362,0,10,372,679
11,GUANAJUATO,18,PENJAMO,23,PENJAMO,1931,C02,133,31,0,7,3,19,108,301,0,11,312,678
11,GUANAJUATO,18,PENJAMO,23,PENJAMO,1931,C03,130,28,0,14,0,20,145,337,1,11,349,678
11,GUANAJUATO,18,PENJAMO,23,PENJAMO,1931,C04,138,37,0,12,5,19,125,336,1,15,352,678
11,GUANAJUATO,18,PENJAMO,23,PENJAMO,1931,C05,128,33,0,10,2,30,148,351,0,12,363,678
11,GUANAJUATO,18,PENJAMO,23,PENJAMO,1932,B,160,24,0,7,5,24,139,359,0,11,370,714
11,GUANAJUATO,18,PENJAMO,23,PENJAMO,1932,C01,136,41,0,3,4,26,138,348,1,11,360,714
11,GUANAJUATO,18,PENJAMO,23,PENJAMO,1932,C02,162,29,0,11,5,25,136,368,0,5,373,714
11,GUANAJUATO,18,PENJAMO,23,PENJAMO,1932,C03,171,27,0,8,3,28,138,375,0,9,384,714
11,GUANAJUATO,18,PENJAMO,23,PENJAMO,1933,B,73,17,0,2,5,1,39,137,0,11,148,263
11,GUANAJUATO,18,PENJAMO,23,PENJAMO,1934,B,73,3,0,4,1,1,36,118,0,7,125,197
11,GUANAJUATO,18,PENJAMO,23,PENJAMO,1935,B,54,11,0,1,4,2,21,93,0,5,98,267
11,GUANAJUATO,18,PENJAMO,23,PENJAMO,1936,B,28,17,0,0,1,1,11,58,0,3,61,158
11,GUANAJUATO,18,PENJAMO,23,PENJAMO,1937,B,13,5,0,1,3,0,4,26,0,4,30,108
11,GUANAJUATO,18,PENJAMO,23,PENJAMO,1939,B,109,8,0,11,1,8,37,174,0,11,185,352
11,GUANAJUATO,18,PENJAMO,23,PENJAMO,1940,B,123,32,0,6,6,4,82,253,0,27,280,630
11,GUANAJUATO,18,PENJAMO,23,PENJAMO,1940,C01,118,17,0,6,3,8,88,240,0,20,260,630
11,GUANAJUATO,18,PENJAMO,23,PENJAMO,1941,B,132,15,0,1,1,8,34,191,0,4,195,396
11,GUANAJUATO,18,PENJAMO,23,PENJAMO,1942,B,152,18,0,6,3,7,78,264,0,20,284,577
11,GUANAJUATO,18,PENJAMO,23,PENJAMO,1942,C01,97,18,0,5,5,4,49,178,0,8,186,462
11,GUANAJUATO,18,PENJAMO,23,PENJAMO,1943,B,102,20,0,3,2,6,149,282,0,17,299,591
11,GUANAJUATO,18,PENJAMO,23,PENJAMO,1943,C01,94,19,0,7,2,11,147,280,1,20,301,590
11,GUANAJUATO,18,PENJAMO,23,PENJAMO,1944,B,109,28,0,19,9,7,112,284,0,11,295,713
11,GUANAJUATO,18,PENJAMO,23,PENJAMO,1944,C01,102,31,0,11,13,6,103,266,0,16,282,713
11,GUANAJUATO,18,PENJAMO,23,PENJAMO,1945,B,59,4,0,4,1,5,81,154,0,11,165,467
11,GUANAJUATO,18,PENJAMO,23,PENJAMO,1945,C01,96,7,0,4,0,2,59,168,0,15,183,466
11,GUANAJUATO,18,PENJAMO,23,PENJAMO,1946,B,114,8,0,2,2,0,30,156,0,14,170,381
11,GUANAJUATO,18,PENJAMO,23,PENJAMO,1947,B,114,11,0,9,7,2,71,214,0,14,228,574
11,GUANAJUATO,18,PENJAMO,23,PENJAMO,1947,C01,115,10,0,4,6,10,68,213,0,14,227,573
11,GUANAJUATO,18,PENJAMO,23,PENJAMO,1947,C02,0,0,0,9,5,4,61,79,0,18,97,573
11,GUANAJUATO,18,PENJAMO,23,PENJAMO,1948,B,150,11,0,6,4,5,205,381,0,10,391,726
11,GUANAJUATO,18,PENJAMO,23,PENJAMO,1948,C01,125,25,0,9,6,12,203,380,0,17,397,725
11,GUANAJUATO,18,PENJAMO,23,PENJAMO,1949,B,69,24,0,8,3,7,58,169,0,9,178,511
11,GUANAJUATO,18,PENJAMO,23,PENJAMO,1949,C01,69,13,0,14,2,15,40,153,0,20,173,511
11,GUANAJUATO,18,PENJAMO,23,PENJAMO,1950,B,112,21,0,7,2,6,57,205,0,9,214,445
11,GUANAJUATO,18,PENJAMO,23,PENJAMO,1951,B,79,1,0,0,0,0,36,116,0,4,120,228
11,GUANAJUATO,18,PENJAMO,23,PENJAMO,1952,B,154,10,0,9,4,5,48,230,0,8,238,458
11,GUANAJUATO,18,PENJAMO,23,PENJAMO,1952,C01,157,4,0,4,4,7,69,245,1,8,254,457
11,GUANAJUATO,18,PENJAMO,23,PENJAMO,1953,B,107,37,0,5,3,10,116,278,0,19,297,662
11,GUANAJUATO,18,PENJAMO,23,PENJAMO,1954,B,141,12,0,6,2,7,85,253,0,9,262,532
11,GUANAJUATO,18,PENJAMO,23,PENJAMO,1954,C01,169,17,0,5,2,8,73,274,0,9,283,532
11,GUANAJUATO,18,PENJAMO,23,PENJAMO,1955,B,103,48,0,4,4,13,97,269,0,13,282,498
11,GUANAJUATO,18,PENJAMO,23,PENJAMO,1955,C01,77,45,0,5,0,19,97,243,0,11,254,497
11,GUANAJUATO,18,PENJAMO,23,PENJAMO,1956,B,104,41,0,9,4,8,193,359,0,15,374,699
11,GUANAJUATO,18,PENJAMO,23,PENJAMO,1956,C01,108,31,0,5,2,4,211,361,0,10,371,699
11,GUANAJUATO,18,PENJAMO,23,PENJAMO,1957,B,157,18,0,7,4,5,66,257,0,18,275,569
11,GUANAJUATO,18,PENJAMO,23,PENJAMO,1957,C01,155,21,0,10,9,6,64,265,0,15,280,568
11,GUANAJUATO,18,PENJAMO,23,PENJAMO,1958,B,81,22,0,13,3,7,68,194,0,10,204,536
11,GUANAJUATO,18,PENJAMO,23,PENJAMO,1959,B,70,4,0,6,3,3,79,165,0,15,180,478
11,GUANAJUATO,18,PENJAMO,23,PENJAMO,1959,C01,109,4,0,4,9,4,59,189,0,12,201,478
11,GUANAJUATO,18,PENJAMO,23,PENJAMO,1960,B,77,17,0,7,2,6,171,280,0,17,297,660
11,GUANAJUATO,18,PENJAMO,23,PENJAMO,1960,C01,86,15,0,4,5,5,188,303,0,9,312,659
11,GUANAJUATO,18,PENJAMO,23,PENJAMO,1961,B,65,11,0,3,6,9,106,200,0,5,205,392
11,GUANAJUATO,18,PENJAMO,23,PENJAMO,1961,C01,60,14,0,5,4,13,88,184,0,13,197,392
11,GUANAJUATO,18,PENJAMO,23,PENJAMO,1962,B,128,8,0,7,8,12,142,305,0,19,324,654
11,GUANAJUATO,18,PENJAMO,23,PENJAMO,1962,C01,100,13,0,8,7,10,146,284,0,13,297,654
11,GUANAJUATO,18,PENJAMO,23,PENJAMO,1963,B,96,14,0,10,1,12,124,257,0,14,271,572
11,GUANAJUATO,18,PENJAMO,23,PENJAMO,1963,C01,100,9,0,9,8,18,119,263,0,30,293,572
11,GUANAJUATO,18,PENJAMO,23,PENJAMO,1963,C02,94,22,0,2,10,9,95,232,0,12,244,571
11,GUANAJUATO,18,PENJAMO,23,PENJAMO,1964,B,132,22,0,6,3,16,124,303,0,6,309,625
11,GUANAJUATO,18,PENJAMO,23,PENJAMO,1964,C01,140,17,0,5,2,12,132,308,0,12,320,625
11,GUANAJUATO,18,PENJAMO,23,PENJAMO,1965,B,79,15,0,8,5,10,95,212,0,10,222,455
11,GUANAJUATO,18,PENJAMO,23,PENJAMO,1965,C01,69,17,0,8,3,5,109,211,0,6,217,454
11,GUANAJUATO,18,PENJAMO,23,PENJAMO,1966,B,61,8,0,6,4,5,185,269,0,5,274,599
11,GUANAJUATO,18,PENJAMO,23,PENJAMO,1966,C01,75,8,0,13,4,15,140,255,0,15,270,599
11,GUANAJUATO,18,PENJAMO,23,PENJAMO,1967,B,83,12,0,5,3,6,68,177,0,13,190,537
11,GUANAJUATO,18,PENJAMO,23,PENJAMO,1967,C01,84,8,0,3,2,6,60,163,0,17,180,537
11,GUANAJUATO,18,PENJAMO,23,PENJAMO,1967,C02,80,6,0,7,6,4,72,175,0,10,185,537
11,GUANAJUATO,18,PENJAMO,23,PENJAMO,1968,B,90,31,0,5,6,16,121,269,0,16,285,641
11,GUANAJUATO,18,PENJAMO,23,PENJAMO,1968,C01,110,29,0,3,7,16,116,281,0,14,295,641
11,GUANAJUATO,18,PENJAMO,23,PENJAMO,1968,C02,95,25,0,3,6,9,119,257,0,21,278,640
11,GUANAJUATO,18,PENJAMO,23,PENJAMO,1969,B,103,40,0,12,6,19,152,332,0,8,340,696
11,GUANAJUATO,18,PENJAMO,23,PENJAMO,1969,C01,104,32,0,7,3,14,137,297,0,13,310,696
11,GUANAJUATO,18,PENJAMO,23,PENJAMO,1969,C02,121,34,0,3,5,14,155,332,0,7,339,696
11,GUANAJUATO,18,PENJAMO,23,PENJAMO,1970,B,72,40,0,12,4,16,197,341,0,17,358,641
11,GUANAJUATO,18,PENJAMO,23,PENJAMO,1970,C01,101,44,0,5,3,17,158,328,0,22,350,641
11,GUANAJUATO,18,PENJAMO,23,PENJAMO,1971,B,63,10,0,7,4,12,157,253,0,10,263,679
11,GUANAJUATO,18,PENJAMO,23,PENJAMO,1971,C01,74,15,0,9,3,12,137,250,0,7,257,679
11,GUANAJUATO,18,PENJAMO,23,PENJAMO,1972,B,88,6,0,5,1,8,123,231,0,0,231,452
11,GUANAJUATO,18,PENJAMO,23,PENJAMO,1972,C01,80,13,0,7,6,8,145,259,0,17,276,451
11,GUANAJUATO,18,PENJAMO,23,PENJAMO,1973,B,71,16,0,8,4,4,174,277,0,25,302,645
11,GUANAJUATO,18,PENJAMO,23,PENJAMO,1973,C01,77,15,0,5,6,9,151,263,0,21,284,645
11,GUANAJUATO,18,PENJAMO,23,PENJAMO,1974,B,113,21,0,6,2,13,168,323,0,18,341,700
11,GUANAJUATO,18,PENJAMO,23,PENJAMO,1974,C01,117,11,0,7,4,16,171,326,0,17,343,700
11,GUANAJUATO,18,PENJAMO,23,PENJAMO,1974,C02,101,13,0,5,3,8,155,285,0,22,307,700
11,GUANAJUATO,18,PENJAMO,23,PENJAMO,1974,C03,138,9,0,5,3,1,147,303,0,29,332,700
11,GUANAJUATO,18,PENJAMO,23,PENJAMO,1975,B,159,13,0,11,2,12,108,305,0,13,318,704
11,GUANAJUATO,18,PENJAMO,23,PENJAMO,1975,C01,156,10,0,6,5,8,104,289,0,17,306,703
11,GUANAJUATO,18,PENJAMO,23,PENJAMO,1976,B,107,32,0,7,3,10,187,346,0,23,369,698
11,GUANAJUATO,18,PENJAMO,23,PENJAMO,1976,C01,118,18,0,11,2,8,195,352,0,16,368,698
11,GUANAJUATO,18,PENJAMO,23,PENJAMO,1976,C02,131,35,0,8,3,4,204,385,0,21,406,698
11,GUANAJUATO,18,PENJAMO,23,PENJAMO,1977,B,113,38,0,8,3,7,113,282,0,22,304,675
11,GUANAJUATO,18,PENJAMO,23,PENJAMO,1977,C01,120,32,0,10,2,9,114,287,0,21,308,675
11,GUANAJUATO,18,PENJAMO,23,PENJAMO,1978,B,98,25,0,2,3,1,60,189,0,15,204,375
11,GUANAJUATO,18,PENJAMO,23,PENJAMO,1979,B,111,11,0,6,3,7,159,297,0,11,308,548
11,GUANAJUATO,18,PENJAMO,23,PENJAMO,1979,C01,97,6,0,3,8,7,148,269,0,15,284,547
11,GUANAJUATO,18,PENJAMO,23,PENJAMO,1980,B,119,44,0,7,6,13,151,340,0,15,355,700
11,GUANAJUATO,18,PENJAMO,23,PENJAMO,1981,B,96,10,0,3,2,5,197,313,13,0,326,551
11,GUANAJUATO,18,PENJAMO,23,PENJAMO,1981,C01,125,4,0,3,0,3,202,337,0,16,353,551
11,GUANAJUATO,18,PENJAMO,23,PENJAMO,1982,B,114,18,0,6,6,9,97,250,0,16,266,627
11,GUANAJUATO,18,PENJAMO,23,PENJAMO,1982,C01,114,27,0,5,11,11,124,292,0,22,314,627
11,GUANAJUATO,18,PENJAMO,23,PENJAMO,1982,C02,93,23,0,8,7,6,116,253,0,3,256,626
11,GUANAJUATO,18,PENJAMO,23,PENJAMO,1982,C03,129,15,0,4,2,6,101,257,0,20,277,626
11,GUANAJUATO,18,PENJAMO,23,PENJAMO,1983,B,62,22,0,7,3,10,135,239,0,5,244,506
11,GUANAJUATO,18,PENJAMO,23,PENJAMO,1983,C01,79,11,0,6,2,6,112,216,0,14,230,505
11,GUANAJUATO,18,PENJAMO,23,PENJAMO,1984,B,95,21,0,9,2,5,103,235,0,17,252,568
11,GUANAJUATO,18,PENJAMO,23,PENJAMO,1984,C01,96,21,0,2,4,4,107,234,0,11,245,567
11,GUANAJUATO,18,PENJAMO,23,PENJAMO,1985,B,44,18,0,5,2,4,153,226,0,18,244,499
11,GUANAJUATO,18,PENJAMO,23,PENJAMO,1985,C01,56,2,0,0,0,9,153,220,0,4,224,499
11,GUANAJUATO,18,PENJAMO,23,PENJAMO,1986,B,141,10,0,7,1,4,88,251,0,5,256,516
11,GUANAJUATO,18,PENJAMO,23,PENJAMO,1986,C01,143,10,0,2,2,7,51,215,0,11,226,516
11,GUANAJUATO,18,PENJAMO,23,PENJAMO,1986,C02,118,14,0,6,3,7,78,226,0,8,234,516
11,GUANAJUATO,18,PENJAMO,23,PENJAMO,1987,B,99,9,0,5,2,2,158,275,0,26,301,562
11,GUANAJUATO,18,PENJAMO,23,PENJAMO,1987,C01,88,8,0,4,3,6,197,306,0,21,327,562
11,GUANAJUATO,18,PENJAMO,23,PENJAMO,1987,C02,114,6,0,9,5,12,172,318,0,8,326,562
11,GUANAJUATO,18,PENJAMO,23,PENJAMO,1988,B,105,29,0,5,4,9,116,268,0,20,288,611
11,GUANAJUATO,18,PENJAMO,23,PENJAMO,1988,C01,83,30,0,6,4,22,133,278,0,8,286,611
11,GUANAJUATO,18,PENJAMO,23,PENJAMO,1988,C02,110,33,0,7,8,13,136,307,0,17,324,610
11,GUANAJUATO,18,PENJAMO,23,PENJAMO,1989,B,72,20,0,6,4,7,106,215,0,15,230,486
11,GUANAJUATO,18,PENJAMO,23,PENJAMO,1989,C01,104,24,0,8,5,7,101,249,0,9,258,485
11,GUANAJUATO,18,PENJAMO,23,PENJAMO,1990,B,96,28,0,5,2,17,175,323,0,4,327,711
11,GUANAJUATO,18,PENJAMO,23,PENJAMO,1990,C01,96,28,0,4,3,17,172,320,0,8,328,711
11,GUANAJUATO,18,PENJAMO,23,PENJAMO,1991,B,112,15,0,12,2,12,154,307,0,12,319,629
11,GUANAJUATO,18,PENJAMO,23,PENJAMO,1991,C01,103,25,0,7,3,7,124,269,0,13,282,629
11,GUANAJUATO,18,PENJAMO,23,PENJAMO,1992,B,144,29,0,10,5,13,163,364,0,14,378,746
11,GUANAJUATO,18,PENJAMO,23,PENJAMO,1993,B,91,32,0,4,5,15,130,277,0,14,291,631
11,GUANAJUATO,18,PENJAMO,23,PENJAMO,1993,C01,103,29,0,5,3,10,141,291,0,18,309,630
11,GUANAJUATO,18,PENJAMO,23,PENJAMO,1994,B,80,15,0,6,4,8,84,197,0,23,220,484
11,GUANAJUATO,18,PENJAMO,23,PENJAMO,1994,C01,104,16,0,4,1,12,85,222,0,11,233,484
11,GUANAJUATO,18,PENJAMO,23,PENJAMO,1995,B,41,7,0,3,2,5,108,166,0,19,185,433
11,GUANAJUATO,18,PENJAMO,23,PENJAMO,1995,C01,48,26,0,2,6,7,98,187,0,11,198,432
11,GUANAJUATO,18,PENJAMO,23,PENJAMO,1996,B,84,40,0,2,8,4,137,275,0,15,290,722
11,GUANAJUATO,18,PENJAMO,23,PENJAMO,1996,C01,91,39,0,10,8,3,153,304,0,13,317,722
11,GUANAJUATO,18,PENJAMO,23,PENJAMO,1997,B,64,6,0,5,0,12,117,204,0,14,218,408
11,GUANAJUATO,18,PENJAMO,23,PENJAMO,1997,C01,49,8,0,9,2,9,96,173,0,13,186,407
11,GUANAJUATO,18,PENJAMO,23,PENJAMO,1998,B,72,16,0,15,3,8,196,310,0,24,334,661
11,GUANAJUATO,18,PENJAMO,23,PENJAMO,1998,C01,41,15,0,17,4,9,193,279,0,23,302,660
11,GUANAJUATO,18,PENJAMO,23,PENJAMO,1999,B,137,16,0,8,2,12,133,308,0,8,316,726
11,GUANAJUATO,18,PENJAMO,23,PENJAMO,2000,B,44,38,0,6,4,7,141,240,0,8,248,495
11,GUANAJUATO,18,PENJAMO,23,PENJAMO,2001,B,73,13,0,8,2,12,151,259,0,19,278,503
11,GUANAJUATO,18,PENJAMO,23,PENJAMO,2001,C01,80,12,0,5,4,10,122,233,0,15,248,503
11,GUANAJUATO,18,PENJAMO,23,PENJAMO,2002,B,114,44,0,2,1,3,104,268,0,15,283,588
11,GUANAJUATO,18,PENJAMO,23,PENJAMO,2002,C01,115,25,0,7,1,13,109,270,0,13,283,587
11,GUANAJUATO,18,PENJAMO,23,PENJAMO,2003,B,147,37,0,8,2,9,77,280,0,10,290,644
11,GUANAJUATO,18,PENJAMO,23,PENJAMO,2003,C01,159,49,0,6,4,4,61,283,0,11,294,644
11,GUANAJUATO,18,PENJAMO,23,PENJAMO,2004,B,110,17,0,12,6,19,165,329,0,12,341,679
11,GUANAJUATO,18,PENJAMO,23,PENJAMO,2005,B,120,4,0,5,3,4,114,250,0,9,259,704
11,GUANAJUATO,18,PENJAMO,23,PENJAMO,2005,C01,69,1,0,7,3,5,126,211,0,5,216,704
11,GUANAJUATO,18,PENJAMO,23,PENJAMO,2006,B,120,21,0,10,1,14,77,243,0,18,261,557
11,GUANAJUATO,18,PENJAMO,23,PENJAMO,2006,C01,96,12,0,8,1,8,104,229,0,16,245,557
11,GUANAJUATO,18,PENJAMO,23,PENJAMO,2007,B,36,3,0,8,1,3,57,108,0,0,108,527
11,GUANAJUATO,18,PENJAMO,23,PENJAMO,2007,C01,33,3,0,2,2,1,77,118,0,5,123,526
11,GUANAJUATO,18,PENJAMO,23,PENJAMO,2008,B,76,2,0,3,1,2,138,222,0,10,232,608
11,GUANAJUATO,18,PENJAMO,23,PENJAMO,2008,C01,54,3,0,3,1,3,107,171,0,12,183,607
11,GUANAJUATO,18,PENJAMO,23,PENJAMO,2009,B,52,12,0,9,5,9,99,186,0,15,201,708
11,GUANAJUATO,18,PENJAMO,23,PENJAMO,2009,C01,50,16,0,5,6,12,126,215,0,23,238,707
11,GUANAJUATO,18,PENJAMO,23,PENJAMO,2010,B,43,18,0,7,5,9,188,270,0,15,285,685
11,GUANAJUATO,18,PENJAMO,23,PENJAMO,2011,B,28,4,0,16,5,3,126,182,0,18,200,517
11,GUANAJUATO,18,PENJAMO,23,PENJAMO,2011,C01,29,2,0,11,0,7,149,198,0,10,208,516
11,GUANAJUATO,18,PENJAMO,23,PENJAMO,2012,B,34,4,0,6,1,4,106,155,0,12,167,431
11,GUANAJUATO,18,PENJAMO,23,PENJAMO,2012,C01,35,11,0,16,3,6,100,171,0,13,184,431
11,GUANAJUATO,18,PENJAMO,23,PENJAMO,2013,B,84,9,0,9,0,8,50,160,0,10,170,440
11,GUANAJUATO,18,PENJAMO,23,PENJAMO,2013,C01,80,7,0,4,1,9,58,159,0,16,175,440
11,GUANAJUATO,18,PENJAMO,23,PENJAMO,2014,B,70,6,0,1,4,2,74,157,0,8,165,447
11,GUANAJUATO,18,PENJAMO,23,PENJAMO,2014,C01,64,15,0,3,2,6,75,165,0,14,179,446
11,GUANAJUATO,18,PENJAMO,23,PENJAMO,2015,B,64,4,0,8,6,8,186,276,0,15,291,540
11,GUANAJUATO,18,PENJAMO,23,PENJAMO,2016,B,67,6,0,18,4,5,102,202,0,19,221,433
11,GUANAJUATO,18,PENJAMO,23,PENJAMO,2016,C01,49,5,0,12,4,3,103,176,0,24,200,432
11,GUANAJUATO,18,PENJAMO,23,PENJAMO,2017,B,54,22,0,2,4,4,82,168,0,22,190,508
11,GUANAJUATO,18,PENJAMO,23,PENJAMO,2017,C01,65,11,0,8,6,5,70,165,1,23,189,508
11,GUANAJUATO,18,PENJAMO,23,PENJAMO,2017,C02,50,25,0,8,5,2,53,143,0,12,155,507
11,GUANAJUATO,18,PENJAMO,23,PENJAMO,2018,B,75,10,0,5,5,6,148,249,0,37,286,620
11,GUANAJUATO,18,PENJAMO,23,PENJAMO,2018,C01,88,19,0,11,2,4,140,264,0,12,276,619
11,GUANAJUATO,18,PENJAMO,23,PENJAMO,2018,C02,91,14,0,7,10,8,132,262,0,19,281,619
11,GUANAJUATO,18,PENJAMO,23,PENJAMO,2019,B,92,10,0,6,4,4,90,206,0,13,219,402
11,GUANAJUATO,18,PENJAMO,23,PENJAMO,2019,C01,78,2,0,1,0,5,55,141,0,15,156,401
11,GUANAJUATO,18,PENJAMO,23,PENJAMO,2020,B,84,4,0,10,2,3,91,194,0,11,205,458
11,GUANAJUATO,18,PENJAMO,23,PENJAMO,2020,C01,83,4,0,4,1,6,107,205,0,16,221,458
11,GUANAJUATO,18,PENJAMO,23,PENJAMO,2021,B,54,16,0,6,4,7,80,167,0,13,180,489
11,GUANAJUATO,18,PENJAMO,23,PENJAMO,2021,C01,83,17,0,2,1,2,71,176,0,16,192,488
11,GUANAJUATO,18,PENJAMO,23,PENJAMO,2022,B,73,35,0,1,1,0,64,174,0,3,177,510
11,GUANAJUATO,18,PENJAMO,23,PENJAMO,2023,B,91,6,0,2,2,7,69,177,0,9,186,445
11,GUANAJUATO,18,PENJAMO,23,PENJAMO,2023,C01,92,8,0,3,0,6,38,147,0,14,161,444
11,GUANAJUATO,18,PENJAMO,23,PENJAMO,2024,B,119,8,0,2,1,3,63,196,0,7,203,381
11,GUANAJUATO,18,PENJAMO,23,PENJAMO,2024,C01,86,6,0,2,0,3,60,157,0,18,175,380
11,GUANAJUATO,18,PENJAMO,23,PENJAMO,2025,B,107,9,0,6,5,5,105,237,0,22,259,657
11,GUANAJUATO,18,PENJAMO,23,PENJAMO,2025,C01,171,10,0,7,4,6,76,274,0,20,294,656
11,GUANAJUATO,19,VALLE DE SANTIAGO,24,PUEBLO NUEVO,2026,B,188,26,4,12,0,170,64,472,0,13,485,743
11,GUANAJUATO,19,VALLE DE SANTIAGO,24,PUEBLO NUEVO,2026,C01,177,26,5,5,0,200,72,489,0,24,513,742
11,GUANAJUATO,19,VALLE DE SANTIAGO,24,PUEBLO NUEVO,2026,C02,202,28,2,7,0,178,58,482,0,25,507,742
11,GUANAJUATO,19,VALLE DE SANTIAGO,24,PUEBLO NUEVO,2027,B,81,14,5,6,0,110,26,244,0,12,256,393
11,GUANAJUATO,19,VALLE DE SANTIAGO,24,PUEBLO NUEVO,2027,C01,100,12,1,2,0,92,42,254,0,4,258,392
11,GUANAJUATO,19,VALLE DE SANTIAGO,24,PUEBLO NUEVO,2028,B,145,9,6,5,0,140,69,378,0,10,388,630
11,GUANAJUATO,19,VALLE DE SANTIAGO,24,PUEBLO NUEVO,2028,C01,149,21,2,2,0,105,76,362,0,13,375,630
11,GUANAJUATO,19,VALLE DE SANTIAGO,24,PUEBLO NUEVO,2029,B,198,17,3,6,0,120,36,389,0,12,401,547
11,GUANAJUATO,19,VALLE DE SANTIAGO,24,PUEBLO NUEVO,2029,C01,215,10,1,3,0,116,39,390,0,13,403,546
11,GUANAJUATO,19,VALLE DE SANTIAGO,24,PUEBLO NUEVO,2029,C02,209,11,0,3,0,126,37,394,0,14,408,546
11,GUANAJUATO,19,VALLE DE SANTIAGO,24,PUEBLO NUEVO,2029,E01,221,16,1,8,0,91,83,421,0,9,430,649
11,GUANAJUATO,19,VALLE DE SANTIAGO,24,PUEBLO NUEVO,2029,E01C01,278,13,1,8,0,71,75,453,0,8,461,648
11,GUANAJUATO,19,VALLE DE SANTIAGO,24,PUEBLO NUEVO,2030,B,219,8,1,12,0,55,17,314,0,4,318,463
11,GUANAJUATO,19,VALLE DE SANTIAGO,24,PUEBLO NUEVO,2030,C01,243,4,0,4,0,44,19,326,0,11,337,463
11,GUANAJUATO,19,VALLE DE SANTIAGO,24,PUEBLO NUEVO,2030,E01,108,8,0,2,0,139,22,281,0,7,288,439
11,GUANAJUATO,19,VALLE DE SANTIAGO,24,PUEBLO NUEVO,2030,E01C01,101,12,0,6,0,124,31,279,0,7,286,439
11,GUANAJUATO,19,VALLE DE SANTIAGO,24,PUEBLO NUEVO,2031,B,204,7,3,5,0,85,21,334,0,19,353,551
11,GUANAJUATO,19,VALLE DE SANTIAGO,24,PUEBLO NUEVO,2031,C01,235,6,3,3,0,81,35,365,0,11,376,551
11,GUANAJUATO,19,VALLE DE SANTIAGO,24,PUEBLO NUEVO,2032,B,126,15,5,6,0,142,32,330,0,10,340,500
11,GUANAJUATO,19,VALLE DE SANTIAGO,24,PUEBLO NUEVO,2032,C01,133,16,2,7,0,132,33,323,0,9,332,500
11,GUANAJUATO,19,VALLE DE SANTIAGO,24,PUEBLO NUEVO,2033,B,174,7,3,5,0,100,43,335,0,5,340,504
11,GUANAJUATO,18,PENJAMO,25,PURISIMA DEL RINCON,0,VA24,1,0,0,1,0,0,0,2,0,0,2,2
11,GUANAJUATO,18,PENJAMO,25,PURISIMA DEL RINCON,2034,B,152,31,1,103,0,24,51,371,0,12,383,646
11,GUANAJUATO,18,PENJAMO,25,PURISIMA DEL RINCON,2034,C01,210,18,1,104,2,27,37,402,0,13,415,646
11,GUANAJUATO,18,PENJAMO,25,PURISIMA DEL RINCON,2034,C02,214,20,1,109,0,30,37,413,0,5,418,646
11,GUANAJUATO,18,PENJAMO,25,PURISIMA DEL RINCON,2034,C03,177,18,0,131,1,40,36,407,0,10,417,645
11,GUANAJUATO,18,PENJAMO,25,PURISIMA DEL RINCON,2034,C04,182,30,0,112,4,30,33,399,0,4,403,645
11,GUANAJUATO,18,PENJAMO,25,PURISIMA DEL RINCON,2035,B,208,28,0,124,2,27,56,445,0,14,459,739
11,GUANAJUATO,18,PENJAMO,25,PURISIMA DEL RINCON,2035,C01,192,14,1,127,2,29,52,420,0,16,436,739
11,GUANAJUATO,18,PENJAMO,25,PURISIMA DEL RINCON,2035,C02,212,27,0,126,0,31,39,442,0,7,449,739
11,GUANAJUATO,18,PENJAMO,25,PURISIMA DEL RINCON,2035,C03,224,16,1,83,2,29,48,409,0,8,417,739
11,GUANAJUATO,18,PENJAMO,25,PURISIMA DEL RINCON,2035,C04,228,16,1,85,0,29,44,410,0,8,418,739
11,GUANAJUATO,18,PENJAMO,25,PURISIMA DEL RINCON,2035,C05,225,21,0,117,0,29,45,441,0,16,457,738
11,GUANAJUATO,18,PENJAMO,25,PURISIMA DEL RINCON,2036,B,224,15,3,37,5,20,61,370,0,13,383,723
11,GUANAJUATO,18,PENJAMO,25,PURISIMA DEL RINCON,2036,C01,187,18,2,54,3,20,83,374,0,6,380,722
11,GUANAJUATO,18,PENJAMO,25,PURISIMA DEL RINCON,2036,C02,203,10,1,66,3,38,55,382,0,9,391,722
11,GUANAJUATO,18,PENJAMO,25,PURISIMA DEL RINCON,2036,C03,204,9,0,46,2,20,50,336,0,9,345,722
11,GUANAJUATO,18,PENJAMO,25,PURISIMA DEL RINCON,2036,C04,184,13,1,59,0,27,53,339,0,15,354,722
11,GUANAJUATO,18,PENJAMO,25,PURISIMA DEL RINCON,2036,C05,213,24,2,47,4,28,70,396,0,20,416,722
11,GUANAJUATO,18,PENJAMO,25,PURISIMA DEL RINCON,2036,C06,180,9,0,64,3,26,61,347,0,18,365,722
11,GUANAJUATO,18,PENJAMO,25,PURISIMA DEL RINCON,2036,C07,200,17,1,53,2,24,51,355,0,6,361,722
11,GUANAJUATO,18,PENJAMO,25,PURISIMA DEL RINCON,2036,C08,224,12,1,33,1,24,69,370,0,7,377,722
11,GUANAJUATO,18,PENJAMO,25,PURISIMA DEL RINCON,2036,C09,198,11,0,38,0,22,46,326,0,18,344,722
11,GUANAJUATO,18,PENJAMO,25,PURISIMA DEL RINCON,2036,C10,200,11,0,40,4,26,72,361,0,19,380,722
11,GUANAJUATO,18,PENJAMO,25,PURISIMA DEL RINCON,2036,C11,201,13,1,39,4,25,59,349,0,13,362,722
11,GUANAJUATO,18,PENJAMO,25,PURISIMA DEL RINCON,2037,B,243,25,3,129,1,42,48,496,0,9,505,738
11,GUANAJUATO,18,PENJAMO,25,PURISIMA DEL RINCON,2037,C01,201,25,0,127,2,42,40,441,0,9,450,737
11,GUANAJUATO,18,PENJAMO,25,PURISIMA DEL RINCON,2038,B,131,31,1,98,1,44,30,340,0,7,347,548
11,GUANAJUATO,18,PENJAMO,25,PURISIMA DEL RINCON,2038,C01,177,29,3,100,3,28,24,368,0,6,374,548
11,GUANAJUATO,18,PENJAMO,25,PURISIMA DEL RINCON,2038,C02,169,29,2,94,1,17,25,345,0,9,354,548
11,GUANAJUATO,18,PENJAMO,25,PURISIMA DEL RINCON,2039,B,197,30,3,105,4,28,36,407,0,10,417,622
11,GUANAJUATO,18,PENJAMO,25,PURISIMA DEL RINCON,2039,C01,195,34,1,124,4,39,31,432,0,9,441,622
11,GUANAJUATO,18,PENJAMO,25,PURISIMA DEL RINCON,2039,C02,195,30,0,102,0,43,38,412,0,7,419,621
11,GUANAJUATO,18,PENJAMO,25,PURISIMA DEL RINCON,2039,C03,177,24,1,143,1,40,23,416,0,9,425,621
11,GUANAJUATO,18,PENJAMO,25,PURISIMA DEL RINCON,2040,B,100,49,0,66,2,24,20,264,0,8,272,409
11,GUANAJUATO,18,PENJAMO,25,PURISIMA DEL RINCON,2040,C01,114,23,0,72,2,18,19,251,0,7,258,408
11,GUANAJUATO,18,PENJAMO,25,PURISIMA DEL RINCON,2041,B,112,24,2,89,1,25,31,287,0,6,293,505
11,GUANAJUATO,18,PENJAMO,25,PURISIMA DEL RINCON,2041,C01,121,18,0,94,0,34,35,308,0,8,316,505
11,GUANAJUATO,18,PENJAMO,25,PURISIMA DEL RINCON,2041,C02,127,42,4,90,0,17,25,308,0,8,316,505
11,GUANAJUATO,18,PENJAMO,25,PURISIMA DEL RINCON,2041,S01,21,1,1,12,0,2,8,46,0,0,46,0
11,GUANAJUATO,18,PENJAMO,25,PURISIMA DEL RINCON,2042,B,171,39,1,94,1,27,51,392,0,13,405,695
11,GUANAJUATO,18,PENJAMO,25,PURISIMA DEL RINCON,2042,C01,181,28,0,101,3,32,68,417,0,7,424,695
11,GUANAJUATO,18,PENJAMO,25,PURISIMA DEL RINCON,2042,C02,183,32,1,87,4,22,49,381,0,11,392,695
11,GUANAJUATO,18,PENJAMO,25,PURISIMA DEL RINCON,2042,C03,189,24,2,74,2,33,61,390,0,12,402,695
11,GUANAJUATO,18,PENJAMO,25,PURISIMA DEL RINCON,2042,C04,192,19,1,90,5,33,52,396,0,7,403,695
11,GUANAJUATO,18,PENJAMO,25,PURISIMA DEL RINCON,2042,C05,172,22,0,99,1,44,67,412,0,13,425,695
11,GUANAJUATO,18,PENJAMO,25,PURISIMA DEL RINCON,2042,C06,220,15,1,57,1,34,57,396,0,11,407,695
11,GUANAJUATO,18,PENJAMO,25,PURISIMA DEL RINCON,2042,C07,192,15,0,86,2,34,47,380,0,11,391,695
11,GUANAJUATO,18,PENJAMO,25,PURISIMA DEL RINCON,2042,C08,199,25,0,73,2,24,64,395,0,9,404,695
11,GUANAJUATO,18,PENJAMO,25,PURISIMA DEL RINCON,2042,C09,199,17,0,90,1,39,59,412,0,10,422,695
11,GUANAJUATO,18,PENJAMO,25,PURISIMA DEL RINCON,2042,C10,209,23,0,101,2,34,61,434,0,10,444,694
11,GUANAJUATO,18,PENJAMO,25,PURISIMA DEL RINCON,2042,C11,204,13,0,92,1,28,61,407,0,7,414,694
11,GUANAJUATO,18,PENJAMO,25,PURISIMA DEL RINCON,2043,B,184,27,0,77,2,31,34,360,0,8,368,601
11,GUANAJUATO,18,PENJAMO,25,PURISIMA DEL RINCON,2043,C01,155,20,2,80,2,24,23,310,0,7,317,600
11,GUANAJUATO,18,PENJAMO,25,PURISIMA DEL RINCON,2043,C02,170,18,3,87,2,29,44,360,9,0,369,600
11,GUANAJUATO,18,PENJAMO,25,PURISIMA DEL RINCON,2043,C03,167,12,0,92,5,28,48,359,0,6,365,600
11,GUANAJUATO,18,PENJAMO,25,PURISIMA DEL RINCON,2044,B,226,12,1,19,4,20,67,354,0,9,363,710
11,GUANAJUATO,18,PENJAMO,25,PURISIMA DEL RINCON,2044,C01,198,22,1,30,3,1,90,350,0,7,357,710
11,GUANAJUATO,18,PENJAMO,25,PURISIMA DEL RINCON,2044,C02,168,15,3,38,10,15,88,345,0,10,355,710
11,GUANAJUATO,18,PENJAMO,25,PURISIMA DEL RINCON,2044,C03,187,15,2,32,3,14,82,339,0,12,351,709
11,GUANAJUATO,18,PENJAMO,25,PURISIMA DEL RINCON,2044,C04,211,9,0,37,7,16,51,336,0,16,352,709
11,GUANAJUATO,18,PENJAMO,25,PURISIMA DEL RINCON,2044,C05,178,18,3,43,1,23,79,347,0,14,361,709
11,GUANAJUATO,18,PENJAMO,25,PURISIMA DEL RINCON,2044,C06,189,15,2,28,4,24,88,355,0,4,359,709
11,GUANAJUATO,18,PENJAMO,25,PURISIMA DEL RINCON,2045,B,150,11,2,18,4,26,81,297,0,17,314,662
11,GUANAJUATO,18,PENJAMO,25,PURISIMA DEL RINCON,2045,C01,164,10,0,14,4,16,70,281,0,17,298,662
11,GUANAJUATO,18,PENJAMO,25,PURISIMA DEL RINCON,2045,C02,210,7,3,15,8,26,72,344,0,19,363,662
11,GUANAJUATO,18,PENJAMO,25,PURISIMA DEL RINCON,2045,C03,188,11,1,9,10,21,76,322,0,14,336,661
11,GUANAJUATO,18,PENJAMO,25,PURISIMA DEL RINCON,2046,B,161,11,2,25,3,33,58,300,0,15,315,723
11,GUANAJUATO,18,PENJAMO,25,PURISIMA DEL RINCON,2046,C01,173,13,5,16,5,30,51,296,0,10,306,723
11,GUANAJUATO,18,PENJAMO,25,PURISIMA DEL RINCON,2046,C02,161,19,1,15,5,40,61,312,0,5,317,722
11,GUANAJUATO,18,PENJAMO,25,PURISIMA DEL RINCON,2046,C03,152,13,3,14,3,30,65,284,0,12,296,722
11,GUANAJUATO,18,PENJAMO,25,PURISIMA DEL RINCON,2046,C04,152,5,2,16,1,31,51,265,0,18,283,722
11,GUANAJUATO,18,PENJAMO,25,PURISIMA DEL RINCON,2047,B,167,11,0,33,1,26,45,288,0,7,295,608
11,GUANAJUATO,18,PENJAMO,25,PURISIMA DEL RINCON,2047,C01,182,7,1,32,1,18,42,294,0,10,304,608
11,GUANAJUATO,18,PENJAMO,25,PURISIMA DEL RINCON,2048,B,170,17,3,7,2,19,68,292,0,8,300,630
11,GUANAJUATO,18,PENJAMO,25,PURISIMA DEL RINCON,2048,C01,150,21,1,15,1,25,79,293,0,12,305,630
11,GUANAJUATO,18,PENJAMO,25,PURISIMA DEL RINCON,2048,C02,165,19,3,13,2,26,69,300,0,13,313,629
11,GUANAJUATO,18,PENJAMO,25,PURISIMA DEL RINCON,2049,B,120,20,2,34,4,78,79,340,0,15,355,713
11,GUANAJUATO,18,PENJAMO,25,PURISIMA DEL RINCON,2049,C01,136,9,2,25,5,31,62,272,0,11,283,713
11,GUANAJUATO,18,PENJAMO,25,PURISIMA DEL RINCON,2049,C02,132,14,1,44,3,45,56,301,0,16,317,713
11,GUANAJUATO,18,PENJAMO,25,PURISIMA DEL RINCON,2050,B,231,36,2,46,1,46,61,434,0,17,451,646
11,GUANAJUATO,18,PENJAMO,25,PURISIMA DEL RINCON,2050,C01,220,39,2,45,4,75,68,455,0,13,468,645
11,GUANAJUATO,18,PENJAMO,25,PURISIMA DEL RINCON,2051,B,183,14,0,25,4,31,92,363,0,10,373,617
11,GUANAJUATO,18,PENJAMO,25,PURISIMA DEL RINCON,2051,C01,160,15,3,28,4,27,100,340,0,16,356,617
11,GUANAJUATO,18,PENJAMO,25,PURISIMA DEL RINCON,2052,B,195,17,1,20,2,11,46,298,0,16,314,619
11,GUANAJUATO,18,PENJAMO,25,PURISIMA DEL RINCON,2052,C01,225,23,1,31,2,15,38,342,0,10,352,618
11,GUANAJUATO,18,PENJAMO,25,PURISIMA DEL RINCON,2052,C02,208,27,2,13,1,33,24,320,0,9,329,618
11,GUANAJUATO,18,PENJAMO,25,PURISIMA DEL RINCON,2053,B,142,38,0,33,3,19,59,304,0,23,327,664
11,GUANAJUATO,18,PENJAMO,25,PURISIMA DEL RINCON,2053,C01,149,30,0,46,2,16,64,314,0,14,328,664
11,GUANAJUATO,18,PENJAMO,25,PURISIMA DEL RINCON,2054,B,136,12,0,13,3,7,26,205,0,14,219,386
11,GUANAJUATO,18,PENJAMO,25,PURISIMA DEL RINCON,2054,C01,133,33,0,7,0,16,32,227,0,13,240,386
11,GUANAJUATO,18,PENJAMO,25,PURISIMA DEL RINCON,2055,B,154,27,0,24,0,23,41,271,0,8,279,574
11,GUANAJUATO,18,PENJAMO,25,PURISIMA DEL RINCON,2055,C01,121,27,0,24,2,15,56,249,0,14,263,573
11,GUANAJUATO,18,PENJAMO,25,PURISIMA DEL RINCON,2056,B,111,13,5,14,2,13,27,190,0,5,195,458
11,GUANAJUATO,18,PENJAMO,25,PURISIMA DEL RINCON,2057,B,115,10,1,6,4,11,45,202,0,15,217,432
11,GUANAJUATO,18,PENJAMO,25,PURISIMA DEL RINCON,2057,C01,115,13,2,9,4,13,37,199,0,9,208,432
11,GUANAJUATO,18,PENJAMO,25,PURISIMA DEL RINCON,2058,B,161,14,3,45,4,28,65,323,0,14,337,690
11,GUANAJUATO,18,PENJAMO,25,PURISIMA DEL RINCON,2058,C01,164,14,2,37,2,20,74,318,0,12,330,690
11,GUANAJUATO,18,PENJAMO,25,PURISIMA DEL RINCON,2058,C02,186,9,1,43,2,27,53,328,0,17,345,690
11,GUANAJUATO,10,SAN FRANCISCO DEL RINCON,26,ROMITA,2059,B,151,60,0,21,0,3,106,341,0,6,347,553
11,GUANAJUATO,10,SAN FRANCISCO DEL RINCON,26,ROMITA,2059,C01,144,78,0,20,0,9,80,331,0,5,336,553
11,GUANAJUATO,10,SAN FRANCISCO DEL RINCON,26,ROMITA,2059,C02,142,51,0,19,0,9,93,314,0,9,323,553
11,GUANAJUATO,10,SAN FRANCISCO DEL RINCON,26,ROMITA,2060,B,172,80,0,18,0,4,83,357,0,9,366,619
11,GUANAJUATO,10,SAN FRANCISCO DEL RINCON,26,ROMITA,2060,C01,168,113,0,15,0,8,77,381,0,0,381,618
11,GUANAJUATO,10,SAN FRANCISCO DEL RINCON,26,ROMITA,2061,B,123,95,0,13,0,3,73,307,0,6,313,481
11,GUANAJUATO,10,SAN FRANCISCO DEL RINCON,26,ROMITA,2061,C01,118,76,0,16,0,3,72,285,0,6,291,480
11,GUANAJUATO,10,SAN FRANCISCO DEL RINCON,26,ROMITA,2062,B,144,103,0,16,0,7,97,367,0,5,372,607
11,GUANAJUATO,10,SAN FRANCISCO DEL RINCON,26,ROMITA,2062,C01,211,89,0,11,0,2,87,400,0,9,409,606
11,GUANAJUATO,10,SAN FRANCISCO DEL RINCON,26,ROMITA,2062,S01,36,14,0,3,0,0,20,73,0,0,73,0
11,GUANAJUATO,10,SAN FRANCISCO DEL RINCON,26,ROMITA,2063,B,165,98,0,17,0,9,79,368,0,9,377,622
11,GUANAJUATO,10,SAN FRANCISCO DEL RINCON,26,ROMITA,2063,C01,199,83,0,19,0,6,75,382,0,5,387,621
11,GUANAJUATO,10,SAN FRANCISCO DEL RINCON,26,ROMITA,2064,B,160,105,0,16,0,7,96,384,0,10,394,650
11,GUANAJUATO,10,SAN FRANCISCO DEL RINCON,26,ROMITA,2064,C01,166,89,0,14,0,6,104,379,0,7,386,649
11,GUANAJUATO,10,SAN FRANCISCO DEL RINCON,26,ROMITA,2065,B,196,75,0,11,0,6,92,380,0,5,385,614
11,GUANAJUATO,10,SAN FRANCISCO DEL RINCON,26,ROMITA,2065,C01,174,83,0,24,0,7,78,366,0,9,375,613
11,GUANAJUATO,10,SAN FRANCISCO DEL RINCON,26,ROMITA,2065,C02,166,101,0,16,0,5,76,364,0,8,372,613
11,GUANAJUATO,10,SAN FRANCISCO DEL RINCON,26,ROMITA,2065,C03,175,81,0,20,0,4,110,390,0,10,400,613
11,GUANAJUATO,10,SAN FRANCISCO DEL RINCON,26,ROMITA,2066,B,157,109,0,23,0,1,75,365,0,8,373,594
11,GUANAJUATO,10,SAN FRANCISCO DEL RINCON,26,ROMITA,2066,C01,162,99,0,31,0,4,67,363,0,9,372,594
11,GUANAJUATO,10,SAN FRANCISCO DEL RINCON,26,ROMITA,2066,C02,155,93,0,20,0,5,88,361,0,15,376,593
11,GUANAJUATO,10,SAN FRANCISCO DEL RINCON,26,ROMITA,2066,C03,167,77,0,24,0,9,82,359,0,5,364,593
11,GUANAJUATO,10,SAN FRANCISCO DEL RINCON,26,ROMITA,2067,B,178,63,0,9,0,2,56,308,0,6,314,526
11,GUANAJUATO,10,SAN FRANCISCO DEL RINCON,26,ROMITA,2067,C01,134,76,0,12,0,6,77,305,0,4,309,525
11,GUANAJUATO,10,SAN FRANCISCO DEL RINCON,26,ROMITA,2068,B,213,147,0,19,0,8,98,485,0,10,495,745
11,GUANAJUATO,10,SAN FRANCISCO DEL RINCON,26,ROMITA,2068,C01,202,131,0,21,0,4,98,456,0,7,463,745
11,GUANAJUATO,10,SAN FRANCISCO DEL RINCON,26,ROMITA,2069,B,175,95,0,20,0,3,83,376,0,15,391,638
11,GUANAJUATO,10,SAN FRANCISCO DEL RINCON,26,ROMITA,2069,C01,188,78,0,15,0,10,96,387,0,9,396,637
11,GUANAJUATO,10,SAN FRANCISCO DEL RINCON,26,ROMITA,2070,B,230,84,0,22,0,11,98,445,0,6,451,723
11,GUANAJUATO,10,SAN FRANCISCO DEL RINCON,26,ROMITA,2070,C01,209,106,0,25,0,3,90,433,0,16,449,723
11,GUANAJUATO,10,SAN FRANCISCO DEL RINCON,26,ROMITA,2070,C02,193,103,0,27,0,10,87,420,1,15,436,723
11,GUANAJUATO,10,SAN FRANCISCO DEL RINCON,26,ROMITA,2070,C03,203,92,0,29,0,5,82,411,0,12,423,722
11,GUANAJUATO,10,SAN FRANCISCO DEL RINCON,26,ROMITA,2071,B,128,86,0,21,0,5,76,316,0,6,322,562
11,GUANAJUATO,10,SAN FRANCISCO DEL RINCON,26,ROMITA,2071,C01,152,79,0,30,0,4,72,337,0,7,344,561
11,GUANAJUATO,10,SAN FRANCISCO DEL RINCON,26,ROMITA,2071,C02,158,75,0,30,0,9,42,314,0,6,320,561
11,GUANAJUATO,10,SAN FRANCISCO DEL RINCON,26,ROMITA,2072,B,217,78,0,5,0,0,31,331,0,9,340,567
11,GUANAJUATO,10,SAN FRANCISCO DEL RINCON,26,ROMITA,2072,C01,195,82,0,6,0,0,48,331,0,14,345,567
11,GUANAJUATO,10,SAN FRANCISCO DEL RINCON,26,ROMITA,2072,C02,169,71,0,7,0,7,54,308,0,19,327,567
11,GUANAJUATO,10,SAN FRANCISCO DEL RINCON,26,ROMITA,2073,B,42,48,0,0,0,8,9,107,0,4,111,186
11,GUANAJUATO,10,SAN FRANCISCO DEL RINCON,26,ROMITA,2074,B,116,43,0,13,0,25,62,259,0,13,272,577
11,GUANAJUATO,10,SAN FRANCISCO DEL RINCON,26,ROMITA,2074,C01,123,51,0,24,0,20,77,295,0,7,302,577
11,GUANAJUATO,10,SAN FRANCISCO DEL RINCON,26,ROMITA,2074,C02,130,72,0,17,0,11,52,282,0,9,291,576
11,GUANAJUATO,10,SAN FRANCISCO DEL RINCON,26,ROMITA,2074,C03,73,70,0,18,0,23,64,248,0,7,255,576
11,GUANAJUATO,10,SAN FRANCISCO DEL RINCON,26,ROMITA,2075,B,70,211,0,13,0,7,43,344,1,4,349,522
11,GUANAJUATO,10,SAN FRANCISCO DEL RINCON,26,ROMITA,2076,B,86,135,0,16,0,7,38,282,0,12,294,534
11,GUANAJUATO,10,SAN FRANCISCO DEL RINCON,26,ROMITA,2077,B,52,75,0,9,0,8,35,179,0,10,189,300
11,GUANAJUATO,10,SAN FRANCISCO DEL RINCON,26,ROMITA,2078,B,107,100,0,4,0,1,24,236,0,8,244,388
11,GUANAJUATO,10,SAN FRANCISCO DEL RINCON,26,ROMITA,2079,B,176,102,0,5,0,5,49,337,0,10,347,577
11,GUANAJUATO,10,SAN FRANCISCO DEL RINCON,26,ROMITA,2079,C01,152,88,0,7,0,5,52,304,0,9,313,577
11,GUANAJUATO,10,SAN FRANCISCO DEL RINCON,26,ROMITA,2080,B,124,67,0,18,0,8,67,284,0,8,292,557
11,GUANAJUATO,10,SAN FRANCISCO DEL RINCON,26,ROMITA,2081,B,157,134,0,5,0,6,51,353,0,6,359,583
11,GUANAJUATO,10,SAN FRANCISCO DEL RINCON,26,ROMITA,2082,B,143,101,0,8,0,3,73,328,0,17,345,471
11,GUANAJUATO,10,SAN FRANCISCO DEL RINCON,26,ROMITA,2083,B,96,79,0,7,0,4,30,216,0,6,222,291
11,GUANAJUATO,10,SAN FRANCISCO DEL RINCON,26,ROMITA,2084,B,133,78,0,22,0,2,43,278,0,13,291,419
11,GUANAJUATO,10,SAN FRANCISCO DEL RINCON,26,ROMITA,2084,C01,136,87,0,9,0,2,31,265,0,7,272,418
11,GUANAJUATO,10,SAN FRANCISCO DEL RINCON,26,ROMITA,2085,B,176,104,0,19,0,4,68,371,0,10,381,561
11,GUANAJUATO,10,SAN FRANCISCO DEL RINCON,26,ROMITA,2085,C01,159,102,0,15,0,9,66,351,0,17,368,561
11,GUANAJUATO,10,SAN FRANCISCO DEL RINCON,26,ROMITA,2086,B,202,93,0,11,0,5,69,380,0,21,401,683
11,GUANAJUATO,10,SAN FRANCISCO DEL RINCON,26,ROMITA,2086,C01,199,110,0,14,0,5,78,406,0,16,422,682
11,GUANAJUATO,10,SAN FRANCISCO DEL RINCON,26,ROMITA,2086,C02,239,107,0,6,0,4,71,427,0,16,443,682
11,GUANAJUATO,10,SAN FRANCISCO DEL RINCON,26,ROMITA,2087,B,112,93,0,28,0,4,26,263,0,8,271,415
11,GUANAJUATO,10,SAN FRANCISCO DEL RINCON,26,ROMITA,2087,C01,126,67,0,32,0,4,28,257,0,14,271,414
11,GUANAJUATO,10,SAN FRANCISCO DEL RINCON,26,ROMITA,2088,B,115,83,0,9,0,1,30,238,0,15,253,508
11,GUANAJUATO,10,SAN FRANCISCO DEL RINCON,26,ROMITA,2088,C01,120,90,0,12,0,6,34,262,0,9,271,508
11,GUANAJUATO,10,SAN FRANCISCO DEL RINCON,26,ROMITA,2088,C02,134,82,0,25,0,8,37,286,0,8,294,507
11,GUANAJUATO,10,SAN FRANCISCO DEL RINCON,26,ROMITA,2089,B,119,97,0,8,0,7,129,360,0,16,376,563
11,GUANAJUATO,10,SAN FRANCISCO DEL RINCON,26,ROMITA,2090,B,116,104,0,6,0,1,27,254,0,9,263,337
11,GUANAJUATO,10,SAN FRANCISCO DEL RINCON,26,ROMITA,2091,B,30,55,0,3,0,2,20,110,0,2,112,227
11,GUANAJUATO,10,SAN FRANCISCO DEL RINCON,26,ROMITA,2092,B,77,36,0,13,0,3,44,173,0,12,185,380
11,GUANAJUATO,10,SAN FRANCISCO DEL RINCON,26,ROMITA,2092,C01,82,45,0,9,0,0,32,168,0,12,180,380
11,GUANAJUATO,10,SAN FRANCISCO DEL RINCON,26,ROMITA,2093,B,115,94,0,11,0,9,66,295,0,12,307,660
11,GUANAJUATO,10,SAN FRANCISCO DEL RINCON,26,ROMITA,2094,B,13,64,0,1,0,0,23,101,0,1,102,165
11,GUANAJUATO,10,SAN FRANCISCO DEL RINCON,26,ROMITA,2095,B,120,140,0,11,0,1,67,339,0,13,352,563
11,GUANAJUATO,10,SAN FRANCISCO DEL RINCON,26,ROMITA,2095,C01,160,82,0,13,0,3,50,308,0,5,313,563
11,GUANAJUATO,10,SAN FRANCISCO DEL RINCON,26,ROMITA,2095,C02,174,79,0,8,0,3,56,320,0,10,330,562
11,GUANAJUATO,10,SAN FRANCISCO DEL RINCON,26,ROMITA,2096,B,124,135,0,18,0,12,104,393,0,26,419,710
11,GUANAJUATO,10,SAN FRANCISCO DEL RINCON,26,ROMITA,2097,B,111,58,0,11,0,3,39,222,0,5,227,377
11,GUANAJUATO,10,SAN FRANCISCO DEL RINCON,26,ROMITA,2097,C01,115,37,0,11,0,4,41,208,0,11,219,376
11,GUANAJUATO,10,SAN FRANCISCO DEL RINCON,26,ROMITA,2098,B,164,100,0,16,0,5,45,330,0,17,347,649
11,GUANAJUATO,10,SAN FRANCISCO DEL RINCON,26,ROMITA,2098,C01,162,94,0,9,0,6,38,309,0,14,323,649
11,GUANAJUATO,10,SAN FRANCISCO DEL RINCON,26,ROMITA,2099,B,168,41,0,12,0,8,35,264,0,11,275,460
11,GUANAJUATO,10,SAN FRANCISCO DEL RINCON,26,ROMITA,2099,C01,161,48,0,10,0,4,55,278,0,11,289,459
11,GUANAJUATO,10,SAN FRANCISCO DEL RINCON,26,ROMITA,2100,B,113,48,0,4,0,1,36,202,0,10,212,438
11,GUANAJUATO,10,SAN FRANCISCO DEL RINCON,26,ROMITA,2101,B,108,48,0,4,0,1,34,195,0,14,209,424
11,GUANAJUATO,10,SAN FRANCISCO DEL RINCON,26,ROMITA,2101,C01,104,49,0,10,0,4,42,209,0,13,222,424
11,GUANAJUATO,10,SAN FRANCISCO DEL RINCON,26,ROMITA,2102,B,159,119,0,8,0,4,48,338,0,8,346,678
11,GUANAJUATO,10,SAN FRANCISCO DEL RINCON,26,ROMITA,2102,C01,186,82,0,9,0,3,50,330,0,10,340,678
11,GUANAJUATO,10,SAN FRANCISCO DEL RINCON,26,ROMITA,2103,B,140,76,0,13,0,3,52,284,0,11,295,453
11,GUANAJUATO,10,SAN FRANCISCO DEL RINCON,26,ROMITA,2104,B,72,35,0,7,0,7,40,161,0,6,167,225
11,GUANAJUATO,10,SAN FRANCISCO DEL RINCON,26,ROMITA,2105,B,97,99,0,18,0,7,57,278,0,7,285,488
11,GUANAJUATO,10,SAN FRANCISCO DEL RINCON,26,ROMITA,2105,C01,92,74,0,17,0,0,77,260,0,10,270,488
11,GUANAJUATO,10,SAN FRANCISCO DEL RINCON,26,ROMITA,2106,B,60,61,0,14,0,2,61,198,0,9,207,424
11,GUANAJUATO,10,SAN FRANCISCO DEL RINCON,26,ROMITA,2106,C01,59,59,0,3,0,6,49,176,0,5,181,423
11,GUANAJUATO,10,SAN FRANCISCO DEL RINCON,26,ROMITA,2107,B,91,133,0,9,0,4,56,293,0,5,298,527
11,GUANAJUATO,10,SAN FRANCISCO DEL RINCON,26,ROMITA,2108,B,64,182,0,16,0,10,78,350,0,14,364,655
11,GUANAJUATO,14,SALAMANCA,27,SALAMANCA,0,VA19,2,1,0,0,0,1,5,9,0,0,9,10
11,GUANAJUATO,14,SALAMANCA,27,SALAMANCA,2109,B,207,13,2,11,12,26,190,465,0,4,469,683
11,GUANAJUATO,14,SALAMANCA,27,SALAMANCA,2109,C01,156,13,4,6,14,35,190,421,0,7,428,683
11,GUANAJUATO,14,SALAMANCA,27,SALAMANCA,2109,C02,164,9,1,7,19,50,181,441,0,10,451,683
11,GUANAJUATO,14,SALAMANCA,27,SALAMANCA,2109,C03,186,8,2,6,21,32,213,472,0,9,481,683
11,GUANAJUATO,14,SALAMANCA,27,SALAMANCA,2109,C04,174,7,2,13,22,38,199,463,1,13,477,683
11,GUANAJUATO,14,SALAMANCA,27,SALAMANCA,2109,C05,173,9,0,16,12,35,238,489,0,11,500,683
11,GUANAJUATO,14,SALAMANCA,27,SALAMANCA,2109,C06,191,17,5,10,13,35,192,472,1,8,481,683
11,GUANAJUATO,14,SALAMANCA,27,SALAMANCA,2109,C07,184,8,2,19,14,45,200,482,1,9,492,682
11,GUANAJUATO,14,SALAMANCA,27,SALAMANCA,2110,B,226,11,1,6,18,34,160,463,0,5,468,661
11,GUANAJUATO,14,SALAMANCA,27,SALAMANCA,2110,C01,208,11,3,13,7,35,155,442,0,8,450,661
11,GUANAJUATO,14,SALAMANCA,27,SALAMANCA,2110,C02,218,11,3,7,8,39,162,456,0,9,465,661
11,GUANAJUATO,14,SALAMANCA,27,SALAMANCA,2110,C03,209,9,1,15,6,31,145,425,0,9,434,661
11,GUANAJUATO,14,SALAMANCA,27,SALAMANCA,2110,C04,234,16,4,4,11,25,133,437,1,6,444,661
11,GUANAJUATO,14,SALAMANCA,27,SALAMANCA,2110,C05,220,12,2,12,3,37,127,428,0,16,444,660
11,GUANAJUATO,14,SALAMANCA,27,SALAMANCA,2110,C06,207,10,2,9,4,34,161,435,0,7,442,660
11,GUANAJUATO,14,SALAMANCA,27,SALAMANCA,2111,B,158,16,1,14,7,49,214,467,0,10,477,739
11,GUANAJUATO,14,SALAMANCA,27,SALAMANCA,2111,C01,169,8,5,13,8,32,197,439,0,19,458,739
11,GUANAJUATO,14,SALAMANCA,27,SALAMANCA,2111,C02,165,12,5,9,10,31,225,463,0,16,479,738
11,GUANAJUATO,14,SALAMANCA,27,SALAMANCA,2111,C03,174,18,2,9,15,48,199,471,2,23,496,738
11,GUANAJUATO,14,SALAMANCA,27,SALAMANCA,2112,B,221,11,2,10,12,44,213,527,0,14,541,741
11,GUANAJUATO,14,SALAMANCA,27,SALAMANCA,2112,C01,248,13,2,13,15,32,201,536,0,14,550,740
11,GUANAJUATO,14,SALAMANCA,27,SALAMANCA,2113,B,163,17,4,15,20,28,172,420,0,7,427,588
11,GUANAJUATO,14,SALAMANCA,27,SALAMANCA,2114,B,190,7,3,11,10,25,111,363,0,8,371,492
11,GUANAJUATO,14,SALAMANCA,27,SALAMANCA,2114,C01,203,17,1,9,8,25,88,365,1,4,370,491
11,GUANAJUATO,14,SALAMANCA,27,SALAMANCA,2115,B,257,15,4,5,12,29,121,454,1,8,463,620
11,GUANAJUATO,14,SALAMANCA,27,SALAMANCA,2116,B,168,26,3,14,11,23,127,377,0,5,382,511
11,GUANAJUATO,14,SALAMANCA,27,SALAMANCA,2117,B,153,24,2,16,16,49,206,474,0,14,488,720
11,GUANAJUATO,14,SALAMANCA,27,SALAMANCA,2118,B,196,16,2,13,14,28,209,486,0,15,501,726
11,GUANAJUATO,14,SALAMANCA,27,SALAMANCA,2119,B,139,27,1,12,35,35,175,430,0,20,450,626
11,GUANAJUATO,14,SALAMANCA,27,SALAMANCA,2120,B,113,15,1,12,9,11,93,263,3,5,271,391
11,GUANAJUATO,14,SALAMANCA,27,SALAMANCA,2120,C01,113,13,0,5,6,17,114,273,0,5,278,391
11,GUANAJUATO,14,SALAMANCA,27,SALAMANCA,2121,B,137,12,1,9,17,24,163,369,0,18,387,707
11,GUANAJUATO,14,SALAMANCA,27,SALAMANCA,2121,C01,101,11,0,14,19,25,207,383,1,14,398,707
11,GUANAJUATO,14,SALAMANCA,27,SALAMANCA,2121,C02,113,5,1,12,19,26,175,359,0,18,377,707
11,GUANAJUATO,14,SALAMANCA,27,SALAMANCA,2121,C03,109,7,3,8,17,26,196,368,0,21,389,707
11,GUANAJUATO,14,SALAMANCA,27,SALAMANCA,2121,C04,114,9,1,14,16,17,215,386,0,8,394,707
11,GUANAJUATO,14,SALAMANCA,27,SALAMANCA,2121,C05,110,9,1,8,20,21,205,382,0,16,398,707
11,GUANAJUATO,14,SALAMANCA,27,SALAMANCA,2121,S01,26,3,0,5,1,8,31,76,0,3,79,0
11,GUANAJUATO,14,SALAMANCA,27,SALAMANCA,2122,B,177,14,2,9,7,18,115,350,0,6,356,460
11,GUANAJUATO,14,SALAMANCA,27,SALAMANCA,2123,B,277,22,2,12,10,28,184,550,0,15,565,742
11,GUANAJUATO,14,SALAMANCA,27,SALAMANCA,2124,B,258,16,3,7,6,13,106,420,0,10,430,592
11,GUANAJUATO,14,SALAMANCA,27,SALAMANCA,2125,B,225,18,3,11,12,37,149,468,0,12,480,660
11,GUANAJUATO,14,SALAMANCA,27,SALAMANCA,2126,B,193,13,1,13,14,33,132,405,2,10,417,578
11,GUANAJUATO,14,SALAMANCA,27,SALAMANCA,2127,B,117,11,1,11,7,28,145,326,0,15,341,569
11,GUANAJUATO,14,SALAMANCA,27,SALAMANCA,2127,C01,119,9,2,4,8,30,144,323,0,17,340,569
11,GUANAJUATO,14,SALAMANCA,27,SALAMANCA,2128,B,250,17,1,5,13,26,127,449,0,11,460,604
11,GUANAJUATO,14,SALAMANCA,27,SALAMANCA,2129,B,68,13,2,10,10,27,201,335,0,16,351,568
11,GUANAJUATO,14,SALAMANCA,27,SALAMANCA,2129,C01,86,6,2,13,14,30,207,361,0,15,376,567
11,GUANAJUATO,14,SALAMANCA,27,SALAMANCA,2130,B,163,6,2,5,7,11,111,312,0,4,316,434
11,GUANAJUATO,14,SALAMANCA,27,SALAMANCA,2131,B,131,12,1,5,8,12,97,276,0,12,288,397
11,GUANAJUATO,14,SALAMANCA,27,SALAMANCA,2131,C01,132,9,4,5,10,13,82,261,0,15,276,397
11,GUANAJUATO,14,SALAMANCA,27,SALAMANCA,2132,B,85,1,0,3,7,17,104,219,0,9,228,449
11,GUANAJUATO,14,SALAMANCA,27,SALAMANCA,2132,C01,88,2,0,10,8,11,111,232,0,16,248,448
11,GUANAJUATO,14,SALAMANCA,27,SALAMANCA,2133,B,158,17,6,16,5,18,102,326,0,13,339,439
11,GUANAJUATO,14,SALAMANCA,27,SALAMANCA,2133,C01,168,10,2,12,4,23,103,330,0,9,339,438
11,GUANAJUATO,14,SALAMANCA,27,SALAMANCA,2134,B,179,12,3,10,11,38,160,424,0,6,430,647
11,GUANAJUATO,14,SALAMANCA,27,SALAMANCA,2134,C01,166,14,0,13,15,46,169,432,0,6,438,647
11,GUANAJUATO,14,SALAMANCA,27,SALAMANCA,2134,C02,163,17,2,23,15,31,161,419,0,12,431,647
11,GUANAJUATO,14,SALAMANCA,27,SALAMANCA,2134,C03,182,8,1,14,17,34,151,412,0,16,428,647
11,GUANAJUATO,14,SALAMANCA,27,SALAMANCA,2134,C04,177,19,2,17,9,35,157,420,0,9,429,647
11,GUANAJUATO,14,SALAMANCA,27,SALAMANCA,2135,B,76,8,0,6,15,33,123,266,0,9,275,444
11,GUANAJUATO,14,SALAMANCA,27,SALAMANCA,2135,C01,92,9,1,7,10,25,108,260,0,10,270,443
11,GUANAJUATO,14,SALAMANCA,27,SALAMANCA,2136,B,114,8,1,8,10,22,139,307,0,7,314,504
11,GUANAJUATO,14,SALAMANCA,27,SALAMANCA,2136,C01,122,8,1,6,9,26,149,324,0,7,331,504
11,GUANAJUATO,14,SALAMANCA,27,SALAMANCA,2137,B,102,4,3,6,10,31,135,298,0,8,306,474
11,GUANAJUATO,14,SALAMANCA,27,SALAMANCA,2138,B,114,7,2,3,4,20,101,256,0,6,262,379
11,GUANAJUATO,14,SALAMANCA,27,SALAMANCA,2139,B,176,16,1,11,11,31,168,426,0,19,445,701
11,GUANAJUATO,14,SALAMANCA,27,SALAMANCA,2140,B,89,8,0,6,8,24,106,248,1,18,267,401
11,GUANAJUATO,14,SALAMANCA,27,SALAMANCA,2140,C01,105,8,1,6,12,21,117,273,0,8,281,400
11,GUANAJUATO,14,SALAMANCA,27,SALAMANCA,2141,B,96,10,0,7,10,32,185,349,0,15,364,623
11,GUANAJUATO,14,SALAMANCA,27,SALAMANCA,2141,C01,79,6,2,9,12,33,189,339,0,11,350,623
11,GUANAJUATO,14,SALAMANCA,27,SALAMANCA,2142,B,93,7,6,6,14,20,113,262,1,15,278,471
11,GUANAJUATO,14,SALAMANCA,27,SALAMANCA,2143,B,80,5,0,5,11,18,116,243,0,14,257,395
11,GUANAJUATO,14,SALAMANCA,27,SALAMANCA,2143,C01,67,11,3,9,10,22,123,247,0,7,254,395
11,GUANAJUATO,14,SALAMANCA,27,SALAMANCA,2144,B,72,6,3,13,5,20,150,273,0,11,284,517
11,GUANAJUATO,14,SALAMANCA,27,SALAMANCA,2144,C01,65,3,0,10,6,24,175,285,0,16,301,516
11,GUANAJUATO,14,SALAMANCA,27,SALAMANCA,2145,B,75,6,2,4,7,44,141,287,0,7,294,502
11,GUANAJUATO,14,SALAMANCA,27,SALAMANCA,2146,B,90,4,2,11,13,29,135,287,0,15,302,533
11,GUANAJUATO,14,SALAMANCA,27,SALAMANCA,2146,C01,83,3,0,15,11,21,140,277,0,10,287,532
11,GUANAJUATO,14,SALAMANCA,27,SALAMANCA,2147,B,118,20,0,14,11,36,253,454,0,16,470,712
11,GUANAJUATO,14,SALAMANCA,27,SALAMANCA,2148,B,73,4,1,7,7,28,129,251,0,4,255,379
11,GUANAJUATO,14,SALAMANCA,27,SALAMANCA,2148,C01,91,6,1,7,6,25,109,246,0,8,254,379
11,GUANAJUATO,14,SALAMANCA,27,SALAMANCA,2149,B,102,10,2,7,10,32,125,290,0,10,300,475
11,GUANAJUATO,14,SALAMANCA,27,SALAMANCA,2150,B,98,3,5,4,8,9,117,247,0,9,256,447
11,GUANAJUATO,14,SALAMANCA,27,SALAMANCA,2150,C01,63,4,2,12,13,11,148,256,1,15,272,447
11,GUANAJUATO,14,SALAMANCA,27,SALAMANCA,2151,B,76,6,0,8,18,17,109,235,0,11,246,419
11,GUANAJUATO,14,SALAMANCA,27,SALAMANCA,2151,C01,82,1,0,9,11,17,144,266,0,8,274,419
11,GUANAJUATO,14,SALAMANCA,27,SALAMANCA,2152,B,101,3,2,11,8,31,141,301,0,19,320,535
11,GUANAJUATO,14,SALAMANCA,27,SALAMANCA,2153,B,115,9,2,19,10,29,219,406,1,19,426,653
11,GUANAJUATO,14,SALAMANCA,27,SALAMANCA,2154,B,128,9,2,13,11,44,177,387,1,9,397,628
11,GUANAJUATO,14,SALAMANCA,27,SALAMANCA,2155,B,97,21,1,5,3,32,121,284,0,23,307,510
11,GUANAJUATO,14,SALAMANCA,27,SALAMANCA,2156,B,152,9,2,12,0,29,122,333,2,13,348,556
11,GUANAJUATO,14,SALAMANCA,27,SALAMANCA,2157,B,171,15,2,14,7,26,112,351,1,5,357,552
11,GUANAJUATO,14,SALAMANCA,27,SALAMANCA,2158,B,107,7,1,3,10,12,109,252,1,2,255,447
11,GUANAJUATO,14,SALAMANCA,27,SALAMANCA,2159,B,88,5,4,7,16,17,130,271,0,8,279,465
11,GUANAJUATO,14,SALAMANCA,27,SALAMANCA,2159,C01,78,8,0,9,9,32,143,286,0,17,303,464
11,GUANAJUATO,14,SALAMANCA,27,SALAMANCA,2160,B,78,2,2,7,9,29,161,290,0,13,303,464
11,GUANAJUATO,14,SALAMANCA,27,SALAMANCA,2160,C01,78,4,3,11,16,28,147,291,2,16,309,464
11,GUANAJUATO,14,SALAMANCA,27,SALAMANCA,2161,B,127,8,3,16,15,35,243,451,0,14,465,738
11,GUANAJUATO,14,SALAMANCA,27,SALAMANCA,2162,B,60,6,3,11,16,23,163,284,1,13,298,545
11,GUANAJUATO,14,SALAMANCA,27,SALAMANCA,2162,C01,60,6,3,8,3,7,136,227,0,15,242,545
11,GUANAJUATO,14,SALAMANCA,27,SALAMANCA,2163,B,39,4,1,5,5,35,190,280,0,9,289,734
11,GUANAJUATO,14,SALAMANCA,27,SALAMANCA,2163,C01,57,10,4,11,9,14,186,292,0,13,305,734
11,GUANAJUATO,14,SALAMANCA,27,SALAMANCA,2163,C02,48,5,1,9,7,23,184,281,0,11,292,734
11,GUANAJUATO,14,SALAMANCA,27,SALAMANCA,2163,C03,50,5,2,7,5,41,178,290,0,0,290,734
11,GUANAJUATO,14,SALAMANCA,27,SALAMANCA,2163,C04,49,1,2,9,8,30,168,273,1,14,288,734
11,GUANAJUATO,14,SALAMANCA,27,SALAMANCA,2163,C05,60,6,0,5,13,26,163,273,0,18,291,734
11,GUANAJUATO,14,SALAMANCA,27,SALAMANCA,2163,C06,49,2,0,8,7,32,181,280,1,17,298,734
11,GUANAJUATO,14,SALAMANCA,27,SALAMANCA,2163,C07,49,9,3,10,7,25,206,309,0,12,321,734
11,GUANAJUATO,14,SALAMANCA,27,SALAMANCA,2164,B,134,9,1,18,8,37,192,402,0,12,414,627
11,GUANAJUATO,14,SALAMANCA,27,SALAMANCA,2164,C01,123,8,0,10,16,16,217,395,0,15,410,627
11,GUANAJUATO,14,SALAMANCA,27,SALAMANCA,2164,C02,129,6,2,18,12,34,181,388,0,15,403,626
11,GUANAJUATO,14,SALAMANCA,27,SALAMANCA,2164,C03,151,8,3,9,9,34,163,383,0,10,393,626
11,GUANAJUATO,14,SALAMANCA,27,SALAMANCA,2164,C04,170,8,2,18,14,33,156,407,0,10,417,626
11,GUANAJUATO,14,SALAMANCA,27,SALAMANCA,2165,B,144,16,1,11,9,44,155,387,0,10,397,585
11,GUANAJUATO,14,SALAMANCA,27,SALAMANCA,2166,B,75,3,3,11,12,27,217,349,0,23,372,707
11,GUANAJUATO,14,SALAMANCA,27,SALAMANCA,2166,C01,72,5,1,9,16,42,218,366,0,12,378,706
11,GUANAJUATO,14,SALAMANCA,27,SALAMANCA,2167,B,108,9,1,7,9,13,97,247,1,8,256,382
11,GUANAJUATO,14,SALAMANCA,27,SALAMANCA,2167,C01,94,4,0,8,8,16,101,237,0,13,250,382
11,GUANAJUATO,14,SALAMANCA,27,SALAMANCA,2168,B,59,5,2,7,7,27,128,241,0,7,248,431
11,GUANAJUATO,14,SALAMANCA,27,SALAMANCA,2168,C01,67,3,3,6,4,21,120,225,0,17,242,431
11,GUANAJUATO,14,SALAMANCA,27,SALAMANCA,2169,B,41,3,1,5,11,29,150,245,0,12,257,576
11,GUANAJUATO,14,SALAMANCA,27,SALAMANCA,2169,C01,57,3,1,6,14,14,173,269,0,6,275,576
11,GUANAJUATO,14,SALAMANCA,27,SALAMANCA,2170,B,58,5,1,13,11,15,145,252,0,14,266,434
11,GUANAJUATO,14,SALAMANCA,27,SALAMANCA,2170,C01,45,0,2,11,6,22,141,229,0,15,244,433
11,GUANAJUATO,14,SALAMANCA,27,SALAMANCA,2171,B,80,7,3,5,6,25,143,272,0,18,290,444
11,GUANAJUATO,14,SALAMANCA,27,SALAMANCA,2171,C01,95,7,4,5,0,25,148,288,0,14,302,443
11,GUANAJUATO,14,SALAMANCA,27,SALAMANCA,2172,B,135,11,0,4,8,27,125,316,2,8,326,487
11,GUANAJUATO,14,SALAMANCA,27,SALAMANCA,2173,B,140,11,2,4,8,31,111,316,0,9,325,461
11,GUANAJUATO,14,SALAMANCA,27,SALAMANCA,2174,B,96,11,0,3,8,23,170,316,0,18,334,478
11,GUANAJUATO,14,SALAMANCA,27,SALAMANCA,2175,B,86,8,4,10,10,30,196,357,2,15,374,659
11,GUANAJUATO,14,SALAMANCA,27,SALAMANCA,2176,B,60,2,2,10,12,35,188,312,0,17,329,602
11,GUANAJUATO,14,SALAMANCA,27,SALAMANCA,2176,C01,72,3,3,6,13,16,181,297,0,20,317,602
11,GUANAJUATO,14,SALAMANCA,27,SALAMANCA,2176,C02,63,3,4,15,10,27,160,283,0,14,297,602
11,GUANAJUATO,14,SALAMANCA,27,SALAMANCA,2176,C03,72,3,2,6,5,22,197,310,0,14,324,602
11,GUANAJUATO,14,SALAMANCA,27,SALAMANCA,2177,B,125,9,3,11,19,33,225,427,0,20,447,738
11,GUANAJUATO,14,SALAMANCA,27,SALAMANCA,2177,C01,135,18,3,14,12,46,209,441,0,12,453,737
11,GUANAJUATO,14,SALAMANCA,27,SALAMANCA,2177,C02,124,10,0,12,22,38,228,442,0,12,454,737
11,GUANAJUATO,14,SALAMANCA,27,SALAMANCA,2177,C03,129,10,1,15,15,42,191,409,0,6,415,737
11,GUANAJUATO,14,SALAMANCA,27,SALAMANCA,2178,B,75,7,1,6,8,32,217,352,0,12,364,696
11,GUANAJUATO,14,SALAMANCA,27,SALAMANCA,2178,C01,75,5,3,5,11,23,230,354,0,12,366,696
11,GUANAJUATO,14,SALAMANCA,27,SALAMANCA,2178,C02,74,8,0,7,10,28,211,340,0,20,360,696
11,GUANAJUATO,14,SALAMANCA,27,SALAMANCA,2178,C03,77,6,3,9,16,33,201,347,0,14,361,696
11,GUANAJUATO,14,SALAMANCA,27,SALAMANCA,2178,C04,75,3,3,20,6,18,208,334,0,14,348,696
11,GUANAJUATO,14,SALAMANCA,27,SALAMANCA,2178,C05,71,8,0,7,12,20,213,335,0,14,349,695
11,GUANAJUATO,14,SALAMANCA,27,SALAMANCA,2179,B,140,6,3,6,16,40,209,422,0,6,428,694
11,GUANAJUATO,14,SALAMANCA,27,SALAMANCA,2179,C01,106,3,1,9,15,36,218,393,0,18,411,693
11,GUANAJUATO,14,SALAMANCA,27,SALAMANCA,2179,C02,111,7,4,8,21,31,212,402,0,11,413,693
11,GUANAJUATO,14,SALAMANCA,27,SALAMANCA,2179,C03,111,11,4,5,13,30,172,351,0,14,365,693
11,GUANAJUATO,14,SALAMANCA,27,SALAMANCA,2179,C04,123,10,3,7,15,34,218,415,0,16,431,693
11,GUANAJUATO,14,SALAMANCA,27,SALAMANCA,2179,C05,105,6,0,10,23,29,184,365,0,18,383,693
11,GUANAJUATO,14,SALAMANCA,27,SALAMANCA,2180,B,97,11,2,11,34,30,242,428,1,7,436,701
11,GUANAJUATO,14,SALAMANCA,27,SALAMANCA,2180,C01,128,10,0,18,24,38,212,436,0,15,451,701
11,GUANAJUATO,14,SALAMANCA,27,SALAMANCA,2180,C02,110,5,2,5,22,40,227,414,0,10,424,700
11,GUANAJUATO,14,SALAMANCA,27,SALAMANCA,2181,B,86,3,6,6,10,31,190,333,0,11,344,651
11,GUANAJUATO,14,SALAMANCA,27,SALAMANCA,2181,C01,69,4,2,15,9,24,168,294,0,6,300,651
11,GUANAJUATO,14,SALAMANCA,27,SALAMANCA,2181,C02,64,6,0,8,11,31,186,309,0,16,325,650
11,GUANAJUATO,14,SALAMANCA,27,SALAMANCA,2181,C03,90,3,0,9,8,33,156,303,0,14,317,650
11,GUANAJUATO,14,SALAMANCA,27,SALAMANCA,2181,C04,57,1,0,13,5,28,199,303,0,13,316,650
11,GUANAJUATO,14,SALAMANCA,27,SALAMANCA,2181,C05,111,2,4,4,14,28,173,339,0,14,353,650
11,GUANAJUATO,14,SALAMANCA,27,SALAMANCA,2181,C06,101,5,1,9,10,39,159,327,0,12,339,650
11,GUANAJUATO,14,SALAMANCA,27,SALAMANCA,2182,B,68,4,2,4,9,29,137,253,0,17,270,440
11,GUANAJUATO,14,SALAMANCA,27,SALAMANCA,2182,C01,60,8,0,3,7,43,120,242,0,12,254,440
11,GUANAJUATO,14,SALAMANCA,27,SALAMANCA,2183,B,43,4,2,11,8,30,162,264,0,19,283,488
11,GUANAJUATO,14,SALAMANCA,27,SALAMANCA,2183,C01,58,0,0,0,0,26,156,240,0,5,245,487
11,GUANAJUATO,14,SALAMANCA,27,SALAMANCA,2184,B,69,7,3,19,19,33,184,337,0,18,355,613
11,GUANAJUATO,14,SALAMANCA,27,SALAMANCA,2184,C01,67,9,2,10,7,37,197,332,0,16,348,613
11,GUANAJUATO,14,SALAMANCA,27,SALAMANCA,2184,C02,72,9,0,10,18,27,176,313,1,13,327,613
11,GUANAJUATO,14,SALAMANCA,27,SALAMANCA,2184,C03,81,4,6,14,15,37,173,330,0,13,343,613
11,GUANAJUATO,14,SALAMANCA,27,SALAMANCA,2184,C04,74,7,0,9,12,24,182,312,1,11,324,613
11,GUANAJUATO,14,SALAMANCA,27,SALAMANCA,2185,B,76,6,4,15,6,27,169,305,1,14,320,658
11,GUANAJUATO,14,SALAMANCA,27,SALAMANCA,2185,C01,106,8,2,8,12,29,164,334,0,16,350,658
11,GUANAJUATO,14,SALAMANCA,27,SALAMANCA,2185,C02,82,0,1,10,12,37,182,327,0,17,344,658
11,GUANAJUATO,14,SALAMANCA,27,SALAMANCA,2185,C03,83,3,2,4,18,30,191,333,1,8,342,658
11,GUANAJUATO,14,SALAMANCA,27,SALAMANCA,2185,C04,64,5,3,7,14,29,184,311,0,10,321,658
11,GUANAJUATO,14,SALAMANCA,27,SALAMANCA,2185,C05,82,3,1,15,14,23,180,319,0,14,333,658
11,GUANAJUATO,14,SALAMANCA,27,SALAMANCA,2185,C06,99,4,0,6,7,32,173,323,0,15,338,658
11,GUANAJUATO,14,SALAMANCA,27,SALAMANCA,2185,C07,65,5,1,9,7,46,179,314,0,11,325,658
11,GUANAJUATO,14,SALAMANCA,27,SALAMANCA,2186,B,85,7,0,16,17,27,197,353,0,14,367,637
11,GUANAJUATO,14,SALAMANCA,27,SALAMANCA,2186,C01,111,9,0,8,9,53,174,367,0,10,377,637
11,GUANAJUATO,14,SALAMANCA,27,SALAMANCA,2187,B,104,11,5,6,15,19,153,318,0,20,338,568
11,GUANAJUATO,14,SALAMANCA,27,SALAMANCA,2187,C01,90,12,1,9,15,33,155,317,1,25,343,568
11,GUANAJUATO,14,SALAMANCA,27,SALAMANCA,2188,B,96,5,2,20,16,33,185,360,0,14,374,597
11,GUANAJUATO,14,SALAMANCA,27,SALAMANCA,2188,C01,89,10,4,21,12,28,178,343,0,9,352,597
11,GUANAJUATO,14,SALAMANCA,27,SALAMANCA,2188,C02,103,12,3,17,18,37,177,369,0,12,381,596
11,GUANAJUATO,14,SALAMANCA,27,SALAMANCA,2189,B,87,7,2,6,8,25,164,302,0,18,320,506
11,GUANAJUATO,14,SALAMANCA,27,SALAMANCA,2191,B,56,4,2,8,10,25,157,269,0,9,278,462
11,GUANAJUATO,14,SALAMANCA,27,SALAMANCA,2191,C01,58,3,3,9,8,22,171,276,0,14,290,462
11,GUANAJUATO,14,SALAMANCA,27,SALAMANCA,2192,B,81,3,1,15,10,24,125,263,0,10,273,430
11,GUANAJUATO,14,SALAMANCA,27,SALAMANCA,2192,C01,73,9,1,6,6,27,130,252,0,11,263,429
11,GUANAJUATO,14,SALAMANCA,27,SALAMANCA,2194,B,96,6,3,11,18,33,193,360,0,11,371,631
11,GUANAJUATO,14,SALAMANCA,27,SALAMANCA,2194,C01,112,5,2,13,13,36,207,394,0,16,410,631
11,GUANAJUATO,14,SALAMANCA,27,SALAMANCA,2194,C02,88,7,2,5,15,28,215,366,0,8,374,631
11,GUANAJUATO,14,SALAMANCA,27,SALAMANCA,2194,C03,124,13,1,18,10,30,179,377,0,11,388,631
11,GUANAJUATO,14,SALAMANCA,27,SALAMANCA,2195,B,84,6,1,6,14,34,145,296,0,9,305,471
11,GUANAJUATO,14,SALAMANCA,27,SALAMANCA,2195,C01,74,7,0,7,13,21,167,293,0,12,305,471
11,GUANAJUATO,14,SALAMANCA,27,SALAMANCA,2196,B,56,9,2,12,5,24,146,255,0,13,268,413
11,GUANAJUATO,14,SALAMANCA,27,SALAMANCA,2196,C01,78,2,2,8,7,16,124,244,0,15,259,413
11,GUANAJUATO,14,SALAMANCA,27,SALAMANCA,2197,B,76,7,1,15,13,30,202,346,0,18,364,739
11,GUANAJUATO,14,SALAMANCA,27,SALAMANCA,2197,C01,91,9,3,11,17,36,218,392,0,12,404,739
11,GUANAJUATO,14,SALAMANCA,27,SALAMANCA,2197,C02,99,14,1,10,7,41,185,359,0,11,370,739
11,GUANAJUATO,14,SALAMANCA,27,SALAMANCA,2197,C03,77,3,0,15,6,35,200,339,0,24,363,739
11,GUANAJUATO,14,SALAMANCA,27,SALAMANCA,2197,C04,87,4,2,16,10,22,222,363,1,16,380,738
11,GUANAJUATO,14,SALAMANCA,27,SALAMANCA,2197,C05,73,8,5,12,6,43,194,343,0,13,356,738
11,GUANAJUATO,14,SALAMANCA,27,SALAMANCA,2197,C06,83,4,0,10,12,38,248,400,0,23,423,738
11,GUANAJUATO,14,SALAMANCA,27,SALAMANCA,2198,B,133,15,1,13,17,33,200,419,0,15,434,663
11,GUANAJUATO,14,SALAMANCA,27,SALAMANCA,2198,C01,119,20,3,15,11,31,207,412,1,17,430,663
11,GUANAJUATO,14,SALAMANCA,27,SALAMANCA,2198,C02,98,11,3,9,11,21,215,369,4,27,400,663
11,GUANAJUATO,14,SALAMANCA,27,SALAMANCA,2198,C03,137,17,1,16,15,34,168,392,2,13,407,663
11,GUANAJUATO,14,SALAMANCA,27,SALAMANCA,2199,B,131,4,4,7,6,6,26,187,0,12,199,497
11,GUANAJUATO,14,SALAMANCA,27,SALAMANCA,2200,B,102,11,5,15,4,14,50,203,0,14,217,579
11,GUANAJUATO,14,SALAMANCA,27,SALAMANCA,2200,C01,138,12,6,8,7,20,41,236,0,8,244,578
11,GUANAJUATO,14,SALAMANCA,27,SALAMANCA,2201,B,40,1,5,14,20,14,16,110,0,3,113,464
11,GUANAJUATO,14,SALAMANCA,27,SALAMANCA,2201,C01,40,9,3,9,32,14,103,213,0,13,226,464
11,GUANAJUATO,14,SALAMANCA,27,SALAMANCA,2202,B,108,6,2,7,11,11,145,295,0,21,316,581
11,GUANAJUATO,14,SALAMANCA,27,SALAMANCA,2202,C01,87,2,0,7,15,12,161,287,0,18,305,581
11,GUANAJUATO,14,SALAMANCA,27,SALAMANCA,2203,B,73,6,1,8,15,31,173,308,0,27,335,722
11,GUANAJUATO,14,SALAMANCA,27,SALAMANCA,2204,B,100,5,1,6,4,9,147,272,0,23,295,621
11,GUANAJUATO,14,SALAMANCA,27,SALAMANCA,2204,C01,89,6,2,13,7,16,159,296,0,26,322,621
11,GUANAJUATO,14,SALAMANCA,27,SALAMANCA,2204,C02,76,4,1,11,9,11,135,248,0,6,254,621
11,GUANAJUATO,14,SALAMANCA,27,SALAMANCA,2204,C03,81,14,2,14,10,11,132,265,0,14,279,620
11,GUANAJUATO,14,SALAMANCA,27,SALAMANCA,2205,B,58,6,7,6,32,16,81,209,0,17,226,460
11,GUANAJUATO,14,SALAMANCA,27,SALAMANCA,2206,B,51,2,4,9,18,16,87,188,0,9,197,439
11,GUANAJUATO,14,SALAMANCA,27,SALAMANCA,2206,C01,46,6,4,14,25,16,93,205,0,12,217,438
11,GUANAJUATO,14,SALAMANCA,27,SALAMANCA,2207,B,91,12,3,16,7,49,107,285,0,11,296,675
11,GUANAJUATO,14,SALAMANCA,27,SALAMANCA,2207,C01,128,9,6,20,5,40,100,317,0,18,335,675
11,GUANAJUATO,14,SALAMANCA,27,SALAMANCA,2208,B,79,6,2,18,9,21,124,261,0,14,275,710
11,GUANAJUATO,14,SALAMANCA,27,SALAMANCA,2208,C01,81,11,2,16,16,21,140,287,0,15,302,709
11,GUANAJUATO,14,SALAMANCA,27,SALAMANCA,2209,B,108,11,3,8,6,23,92,253,0,11,264,692
11,GUANAJUATO,14,SALAMANCA,27,SALAMANCA,2209,C01,115,17,3,4,6,22,64,234,0,7,241,692
11,GUANAJUATO,14,SALAMANCA,27,SALAMANCA,2210,B,82,4,3,13,3,15,110,233,0,14,247,543
11,GUANAJUATO,14,SALAMANCA,27,SALAMANCA,2210,C01,98,6,1,21,4,13,109,254,0,12,266,542
11,GUANAJUATO,14,SALAMANCA,27,SALAMANCA,2211,B,74,13,1,19,21,26,188,346,0,21,367,733
11,GUANAJUATO,14,SALAMANCA,27,SALAMANCA,2212,B,61,5,6,13,45,17,100,248,0,23,271,512
11,GUANAJUATO,14,SALAMANCA,27,SALAMANCA,2212,C01,57,8,5,14,27,20,120,251,0,16,267,511
11,GUANAJUATO,14,SALAMANCA,27,SALAMANCA,2213,B,72,2,4,10,12,14,90,204,0,12,216,464
11,GUANAJUATO,14,SALAMANCA,27,SALAMANCA,2213,C01,70,1,0,5,4,13,102,195,0,11,206,464
11,GUANAJUATO,14,SALAMANCA,27,SALAMANCA,2214,B,67,9,1,20,10,20,175,304,1,27,332,628
11,GUANAJUATO,14,SALAMANCA,27,SALAMANCA,2215,B,41,6,1,21,2,13,103,187,0,13,200,410
11,GUANAJUATO,14,SALAMANCA,27,SALAMANCA,2215,C01,46,3,2,21,4,14,105,195,0,7,202,410
11,GUANAJUATO,14,SALAMANCA,27,SALAMANCA,2216,B,60,7,1,22,10,16,111,227,0,21,248,539
11,GUANAJUATO,14,SALAMANCA,27,SALAMANCA,2216,C01,54,1,1,25,12,13,101,208,0,20,228,539
11,GUANAJUATO,14,SALAMANCA,27,SALAMANCA,2216,C02,71,2,5,21,5,12,108,228,0,22,250,538
11,GUANAJUATO,14,SALAMANCA,27,SALAMANCA,2217,B,117,13,2,6,13,22,89,267,0,11,278,659
11,GUANAJUATO,14,SALAMANCA,27,SALAMANCA,2217,C01,150,5,0,14,4,20,100,295,0,12,307,659
11,GUANAJUATO,14,SALAMANCA,27,SALAMANCA,2218,B,100,4,1,10,7,25,138,287,0,14,301,696
11,GUANAJUATO,14,SALAMANCA,27,SALAMANCA,2218,C01,108,7,2,8,15,29,145,314,0,22,336,695
11,GUANAJUATO,14,SALAMANCA,27,SALAMANCA,2219,B,105,3,2,10,8,32,154,318,0,18,336,578
11,GUANAJUATO,14,SALAMANCA,27,SALAMANCA,2219,C01,88,1,4,10,18,19,155,297,0,0,297,578
11,GUANAJUATO,14,SALAMANCA,27,SALAMANCA,2219,C02,78,7,4,9,16,27,145,291,0,10,301,578
11,GUANAJUATO,14,SALAMANCA,27,SALAMANCA,2220,B,76,7,4,3,15,13,102,221,0,10,231,590
11,GUANAJUATO,14,SALAMANCA,27,SALAMANCA,2220,C01,82,6,1,8,18,21,116,254,0,15,269,590
11,GUANAJUATO,14,SALAMANCA,27,SALAMANCA,2221,B,61,4,1,14,6,14,149,249,0,9,258,492
11,GUANAJUATO,14,SALAMANCA,27,SALAMANCA,2221,C01,81,2,1,14,7,18,118,241,0,5,246,491
11,GUANAJUATO,14,SALAMANCA,27,SALAMANCA,2222,B,96,8,2,12,15,29,143,306,0,6,312,549
11,GUANAJUATO,14,SALAMANCA,27,SALAMANCA,2222,C01,90,3,1,15,11,11,172,305,0,16,321,549
11,GUANAJUATO,14,SALAMANCA,27,SALAMANCA,2223,B,101,5,1,10,14,9,176,319,0,22,341,620
11,GUANAJUATO,14,SALAMANCA,27,SALAMANCA,2223,C01,81,5,1,7,14,20,188,322,0,24,346,619
11,GUANAJUATO,14,SALAMANCA,27,SALAMANCA,2223,C02,92,8,3,8,12,23,204,351,0,16,367,619
11,GUANAJUATO,14,SALAMANCA,27,SALAMANCA,2223,C03,79,5,1,14,12,22,201,336,0,13,349,619
11,GUANAJUATO,14,SALAMANCA,27,SALAMANCA,2224,B,84,3,2,15,7,45,91,248,0,20,268,567
11,GUANAJUATO,14,SALAMANCA,27,SALAMANCA,2224,C01,95,4,5,16,3,22,91,236,0,8,244,567
11,GUANAJUATO,14,SALAMANCA,27,SALAMANCA,2224,C02,75,7,1,16,6,22,131,259,0,15,274,566
11,GUANAJUATO,14,SALAMANCA,27,SALAMANCA,2225,B,77,2,7,12,16,27,116,258,0,7,265,572
11,GUANAJUATO,14,SALAMANCA,27,SALAMANCA,2225,C01,81,3,3,14,17,34,101,254,0,9,263,572
11,GUANAJUATO,14,SALAMANCA,27,SALAMANCA,2225,C02,78,3,6,14,18,36,110,265,0,7,272,572
11,GUANAJUATO,14,SALAMANCA,27,SALAMANCA,2226,B,84,4,2,5,6,23,116,241,0,10,251,529
11,GUANAJUATO,14,SALAMANCA,27,SALAMANCA,2226,C01,88,5,0,15,10,23,109,252,0,10,262,529
11,GUANAJUATO,14,SALAMANCA,27,SALAMANCA,2226,C02,79,4,1,5,9,26,118,244,0,12,256,529
11,GUANAJUATO,14,SALAMANCA,27,SALAMANCA,2227,B,108,4,1,6,9,22,140,294,0,9,303,516
11,GUANAJUATO,14,SALAMANCA,27,SALAMANCA,2227,C01,119,2,0,9,8,15,137,293,0,8,301,516
11,GUANAJUATO,14,SALAMANCA,27,SALAMANCA,2228,B,121,9,2,9,5,25,193,368,0,10,378,671
11,GUANAJUATO,14,SALAMANCA,27,SALAMANCA,2228,C01,128,7,6,11,6,21,153,338,0,20,358,671
11,GUANAJUATO,14,SALAMANCA,27,SALAMANCA,2228,C02,150,6,1,8,8,36,163,377,0,12,389,670
11,GUANAJUATO,14,SALAMANCA,27,SALAMANCA,2229,B,69,7,2,55,5,7,89,235,0,7,242,491
11,GUANAJUATO,14,SALAMANCA,27,SALAMANCA,2229,C01,78,6,4,39,7,11,89,235,0,6,241,490
11,GUANAJUATO,14,SALAMANCA,27,SALAMANCA,2230,B,58,4,4,6,13,19,167,271,0,16,287,579
11,GUANAJUATO,14,SALAMANCA,27,SALAMANCA,2230,C01,76,4,1,8,22,29,163,306,1,6,313,578
11,GUANAJUATO,14,SALAMANCA,27,SALAMANCA,2230,C02,87,2,3,10,12,25,168,310,0,10,320,578
11,GUANAJUATO,14,SALAMANCA,27,SALAMANCA,2230,C03,117,2,3,12,13,34,156,337,0,10,347,578
11,GUANAJUATO,14,SALAMANCA,27,SALAMANCA,2231,B,112,5,1,9,10,40,148,327,0,8,335,692
11,GUANAJUATO,14,SALAMANCA,27,SALAMANCA,2231,C01,109,5,0,11,10,30,152,322,0,10,332,692
11,GUANAJUATO,14,SALAMANCA,27,SALAMANCA,2231,C02,97,9,2,9,10,37,136,307,0,12,319,692
11,GUANAJUATO,14,SALAMANCA,27,SALAMANCA,2231,C03,116,4,1,5,12,28,154,321,0,7,328,692
11,GUANAJUATO,14,SALAMANCA,27,SALAMANCA,2231,C04,111,5,2,7,23,32,163,349,0,7,356,692
11,GUANAJUATO,14,SALAMANCA,27,SALAMANCA,2231,C05,124,7,2,7,7,27,179,359,0,7,366,692
11,GUANAJUATO,14,SALAMANCA,27,SALAMANCA,2231,C06,116,3,3,10,11,25,124,295,0,16,311,692
11,GUANAJUATO,14,SALAMANCA,27,SALAMANCA,2231,C07,112,3,1,9,11,31,153,325,0,11,336,692
11,GUANAJUATO,14,SALAMANCA,27,SALAMANCA,2231,C08,119,1,3,12,8,42,151,338,1,11,350,691
11,GUANAJUATO,14,SALAMANCA,27,SALAMANCA,2232,B,125,10,8,13,8,25,123,314,1,27,342,598
11,GUANAJUATO,14,SALAMANCA,27,SALAMANCA,2232,C01,144,6,0,11,8,33,175,382,1,17,400,598
11,GUANAJUATO,14,SALAMANCA,27,SALAMANCA,2233,B,106,10,1,11,5,67,76,281,0,10,291,694
11,GUANAJUATO,14,SALAMANCA,27,SALAMANCA,2233,C01,103,15,0,9,8,47,94,282,0,11,293,694
11,GUANAJUATO,14,SALAMANCA,27,SALAMANCA,2233,C02,118,8,2,13,11,61,88,306,0,18,324,693
11,GUANAJUATO,14,SALAMANCA,27,SALAMANCA,2234,B,78,7,4,10,5,43,74,223,0,11,234,510
11,GUANAJUATO,14,SALAMANCA,27,SALAMANCA,2234,C01,72,8,2,6,5,44,76,215,0,10,225,510
11,GUANAJUATO,14,SALAMANCA,27,SALAMANCA,2234,C02,80,4,4,4,1,35,76,205,0,9,214,510
11,GUANAJUATO,14,SALAMANCA,27,SALAMANCA,2235,B,101,7,3,16,4,52,103,289,0,11,300,592
11,GUANAJUATO,14,SALAMANCA,27,SALAMANCA,2236,B,110,15,1,5,4,57,99,293,0,19,312,670
11,GUANAJUATO,14,SALAMANCA,27,SALAMANCA,2236,C01,109,6,1,8,8,49,119,303,0,16,319,670
11,GUANAJUATO,14,SALAMANCA,27,SALAMANCA,2237,B,154,11,4,7,12,23,117,339,0,21,360,694
11,GUANAJUATO,14,SALAMANCA,27,SALAMANCA,2238,B,139,11,3,9,10,30,146,358,1,14,373,664
11,GUANAJUATO,14,SALAMANCA,27,SALAMANCA,2238,C01,138,23,2,9,6,32,158,372,0,7,379,664
11,GUANAJUATO,14,SALAMANCA,27,SALAMANCA,2238,C02,157,13,2,9,11,34,127,359,1,10,370,664
11,GUANAJUATO,14,SALAMANCA,27,SALAMANCA,2238,C03,190,18,1,11,13,39,125,402,0,10,412,664
11,GUANAJUATO,14,SALAMANCA,27,SALAMANCA,2238,C04,132,9,2,13,9,27,165,363,0,11,374,664
11,GUANAJUATO,14,SALAMANCA,27,SALAMANCA,2238,C05,149,10,6,6,7,48,135,366,0,8,374,663
11,GUANAJUATO,14,SALAMANCA,27,SALAMANCA,2239,B,64,4,0,9,4,21,232,336,0,15,351,669
11,GUANAJUATO,14,SALAMANCA,27,SALAMANCA,2239,C01,52,3,3,6,5,19,217,309,0,19,328,669
11,GUANAJUATO,14,SALAMANCA,27,SALAMANCA,2239,C02,76,6,2,12,5,14,217,333,0,7,340,669
11,GUANAJUATO,14,SALAMANCA,27,SALAMANCA,2240,B,78,9,4,37,2,11,90,232,0,11,243,512
11,GUANAJUATO,14,SALAMANCA,27,SALAMANCA,2240,C01,64,9,1,18,2,24,111,236,0,27,263,512
11,GUANAJUATO,14,SALAMANCA,27,SALAMANCA,2241,B,100,4,1,5,13,24,82,235,0,6,241,501
11,GUANAJUATO,14,SALAMANCA,27,SALAMANCA,2241,C01,100,3,2,11,14,29,89,255,0,12,267,501
11,GUANAJUATO,14,SALAMANCA,27,SALAMANCA,2241,C02,99,6,4,5,10,27,84,237,0,2,239,500
11,GUANAJUATO,14,SALAMANCA,27,SALAMANCA,2242,B,96,2,1,10,26,27,125,293,0,0,293,620
11,GUANAJUATO,14,SALAMANCA,27,SALAMANCA,2242,C01,98,2,1,7,26,31,86,255,0,8,263,620
11,GUANAJUATO,14,SALAMANCA,27,SALAMANCA,2242,C02,122,4,3,7,34,20,101,297,0,6,303,620
11,GUANAJUATO,14,SALAMANCA,27,SALAMANCA,2242,C03,126,3,0,8,27,33,115,315,0,10,325,619
11,GUANAJUATO,14,SALAMANCA,27,SALAMANCA,2243,B,130,3,7,8,59,33,143,386,0,6,392,713
11,GUANAJUATO,14,SALAMANCA,27,SALAMANCA,2243,C01,147,1,2,9,51,22,108,344,0,5,349,712
11,GUANAJUATO,14,SALAMANCA,27,SALAMANCA,2243,C02,146,4,3,11,44,33,128,373,0,16,389,712
11,GUANAJUATO,14,SALAMANCA,27,SALAMANCA,2244,B,147,3,1,9,28,38,122,353,0,15,368,716
11,GUANAJUATO,14,SALAMANCA,27,SALAMANCA,2244,C01,173,5,3,16,34,33,137,411,0,18,429,716
11,GUANAJUATO,14,SALAMANCA,27,SALAMANCA,2245,B,95,6,3,6,29,29,106,276,0,23,299,551
11,GUANAJUATO,14,SALAMANCA,27,SALAMANCA,2245,C01,102,0,2,7,23,41,109,289,0,17,306,551
11,GUANAJUATO,14,SALAMANCA,27,SALAMANCA,2245,C02,124,4,1,10,25,37,100,305,0,17,322,551
11,GUANAJUATO,14,SALAMANCA,27,SALAMANCA,2246,B,114,12,1,10,24,46,100,308,0,23,331,680
11,GUANAJUATO,14,SALAMANCA,27,SALAMANCA,2246,C01,148,11,0,9,21,40,120,351,0,20,371,680
11,GUANAJUATO,14,SALAMANCA,27,SALAMANCA,2247,B,76,4,2,12,12,30,77,214,0,16,230,538
11,GUANAJUATO,14,SALAMANCA,27,SALAMANCA,2247,C01,87,5,1,9,11,40,94,248,0,12,260,538
11,GUANAJUATO,14,SALAMANCA,27,SALAMANCA,2248,B,69,6,3,14,8,15,109,227,5,6,238,509
11,GUANAJUATO,14,SALAMANCA,27,SALAMANCA,2248,C01,58,1,2,10,14,12,131,232,0,11,243,509
11,GUANAJUATO,14,SALAMANCA,27,SALAMANCA,2248,C02,78,3,5,6,1,10,148,255,0,17,272,508
11,GUANAJUATO,14,SALAMANCA,27,SALAMANCA,2249,B,76,4,3,14,9,8,134,251,0,16,267,559
11,GUANAJUATO,14,SALAMANCA,27,SALAMANCA,2249,C01,73,6,2,11,9,11,117,233,0,23,256,558
11,GUANAJUATO,14,SALAMANCA,27,SALAMANCA,2250,B,73,3,4,14,5,12,102,221,0,11,232,413
11,GUANAJUATO,14,SALAMANCA,27,SALAMANCA,2250,C01,50,2,3,12,5,13,129,216,0,8,224,413
11,GUANAJUATO,14,SALAMANCA,27,SALAMANCA,2251,B,83,5,1,16,35,9,96,250,0,32,282,585
11,GUANAJUATO,14,SALAMANCA,27,SALAMANCA,2251,C01,102,3,0,15,16,10,103,250,0,18,268,584
11,GUANAJUATO,14,SALAMANCA,27,SALAMANCA,2252,B,0,0,0,0,0,0,0,0,0,0,0,514
11,GUANAJUATO,14,SALAMANCA,27,SALAMANCA,2252,C01,153,10,4,40,12,25,174,420,0,30,450,513
11,GUANAJUATO,14,SALAMANCA,27,SALAMANCA,2253,B,85,13,1,5,18,10,183,317,0,14,331,580
11,GUANAJUATO,14,SALAMANCA,27,SALAMANCA,2253,C01,80,15,1,3,25,14,151,291,0,12,303,580
11,GUANAJUATO,14,SALAMANCA,27,SALAMANCA,2253,C02,63,6,2,14,12,10,152,263,0,24,287,580
11,GUANAJUATO,14,SALAMANCA,27,SALAMANCA,2254,B,100,6,3,27,12,26,87,266,0,20,286,570
11,GUANAJUATO,14,SALAMANCA,27,SALAMANCA,2254,C01,108,6,0,9,18,22,96,260,0,21,281,569
11,GUANAJUATO,14,SALAMANCA,27,SALAMANCA,2255,B,46,3,1,8,12,9,66,147,1,13,161,409
11,GUANAJUATO,14,SALAMANCA,27,SALAMANCA,2255,C01,36,5,0,2,12,14,66,137,0,11,148,409
11,GUANAJUATO,14,SALAMANCA,27,SALAMANCA,2256,B,41,3,1,5,14,7,69,140,0,11,151,410
11,GUANAJUATO,14,SALAMANCA,27,SALAMANCA,2257,B,110,12,3,9,16,21,110,284,0,9,293,634
11,GUANAJUATO,14,SALAMANCA,27,SALAMANCA,2257,C01,109,11,1,10,22,7,75,238,0,19,257,633
11,GUANAJUATO,14,SALAMANCA,27,SALAMANCA,2258,B,92,4,5,10,6,14,111,243,1,17,261,477
11,GUANAJUATO,14,SALAMANCA,27,SALAMANCA,2258,C01,70,5,7,13,6,19,92,215,0,16,231,477
11,GUANAJUATO,14,SALAMANCA,27,SALAMANCA,2259,B,66,11,1,3,4,11,95,194,0,12,206,500
11,GUANAJUATO,14,SALAMANCA,27,SALAMANCA,2259,C01,109,11,1,10,22,7,75,238,0,19,257,499
11,GUANAJUATO,14,SALAMANCA,27,SALAMANCA,2260,B,71,6,3,16,7,34,105,243,1,13,257,524
11,GUANAJUATO,14,SALAMANCA,27,SALAMANCA,2260,C01,70,7,1,20,9,28,87,227,0,12,239,524
11,GUANAJUATO,14,SALAMANCA,27,SALAMANCA,2260,C02,64,10,4,14,5,25,102,227,0,16,243,523
11,GUANAJUATO,14,SALAMANCA,27,SALAMANCA,2261,B,38,2,2,18,10,16,131,218,0,2,220,538
11,GUANAJUATO,14,SALAMANCA,27,SALAMANCA,2261,C01,49,4,4,12,10,18,125,222,0,12,234,537
11,GUANAJUATO,14,SALAMANCA,27,SALAMANCA,2262,B,67,10,1,10,9,11,111,219,0,14,233,569
11,GUANAJUATO,14,SALAMANCA,27,SALAMANCA,2262,C01,67,10,4,14,3,18,100,219,0,16,235,569
11,GUANAJUATO,14,SALAMANCA,27,SALAMANCA,3200,B,73,6,0,15,12,39,242,392,0,12,404,700
11,GUANAJUATO,14,SALAMANCA,27,SALAMANCA,3200,C01,74,4,0,15,10,39,212,357,0,16,373,700
11,GUANAJUATO,14,SALAMANCA,27,SALAMANCA,3200,C02,99,3,0,13,19,37,240,418,0,16,434,700
11,GUANAJUATO,14,SALAMANCA,27,SALAMANCA,3201,B,68,4,1,6,11,24,200,316,1,21,338,700
11,GUANAJUATO,14,SALAMANCA,27,SALAMANCA,3201,C01,62,2,1,13,6,24,186,297,0,12,309,699
11,GUANAJUATO,14,SALAMANCA,27,SALAMANCA,3201,C02,73,8,3,11,6,17,199,318,0,15,333,699
11,GUANAJUATO,14,SALAMANCA,27,SALAMANCA,3235,B,94,14,0,11,26,50,214,412,1,10,423,696
11,GUANAJUATO,14,SALAMANCA,27,SALAMANCA,3235,C01,99,10,4,12,29,51,207,415,0,15,430,696
11,GUANAJUATO,14,SALAMANCA,27,SALAMANCA,3235,C02,96,14,3,6,14,51,211,399,0,6,405,695
11,GUANAJUATO,14,SALAMANCA,27,SALAMANCA,3235,C03,102,5,2,11,29,41,197,393,0,15,408,695
11,GUANAJUATO,14,SALAMANCA,27,SALAMANCA,3236,B,65,1,0,5,4,28,107,212,0,11,223,450
11,GUANAJUATO,14,SALAMANCA,27,SALAMANCA,3236,C01,55,0,0,4,5,27,120,211,0,6,217,449
11,GUANAJUATO,14,SALAMANCA,27,SALAMANCA,3237,B,126,6,2,14,11,43,184,389,3,9,401,668
11,GUANAJUATO,14,SALAMANCA,27,SALAMANCA,3237,C01,116,5,0,9,10,28,170,339,0,10,349,668
11,GUANAJUATO,14,SALAMANCA,27,SALAMANCA,3237,C02,128,10,3,7,7,31,152,344,0,19,363,667
11,GUANAJUATO,14,SALAMANCA,27,SALAMANCA,3237,C03,124,13,3,10,20,40,156,370,0,23,393,667
11,GUANAJUATO,14,SALAMANCA,27,SALAMANCA,3237,S01,24,3,0,1,2,13,38,84,0,2,86,0
11,GUANAJUATO,14,SALAMANCA,27,SALAMANCA,3238,B,52,2,2,7,11,39,215,330,0,15,345,690
11,GUANAJUATO,14,SALAMANCA,27,SALAMANCA,3238,C01,60,7,0,7,7,47,217,347,0,14,361,689
11,GUANAJUATO,14,SALAMANCA,27,SALAMANCA,3238,C02,55,5,0,8,7,40,211,328,0,12,340,689
11,GUANAJUATO,14,SALAMANCA,27,SALAMANCA,3238,C03,80,5,1,9,17,45,197,358,0,15,373,689
11,GUANAJUATO,13,CORTAZAR,28,SALVATIERRA,0,VA18,0,0,0,0,0,0,0,0,0,0,0,1
11,GUANAJUATO,13,CORTAZAR,28,SALVATIERRA,2263,B,157,14,0,20,1,11,199,402,0,18,420,741
11,GUANAJUATO,13,CORTAZAR,28,SALVATIERRA,2263,C01,165,14,0,16,27,12,181,415,1,4,420,741
11,GUANAJUATO,13,CORTAZAR,28,SALVATIERRA,2264,B,125,14,0,13,11,9,173,345,0,13,358,627
11,GUANAJUATO,13,CORTAZAR,28,SALVATIERRA,2264,C01,103,14,0,10,8,13,181,329,0,19,348,627
11,GUANAJUATO,13,CORTAZAR,28,SALVATIERRA,2265,B,128,21,0,15,5,12,210,391,0,12,403,694
11,GUANAJUATO,13,CORTAZAR,28,SALVATIERRA,2265,C01,101,24,0,24,6,20,186,361,0,18,379,694
11,GUANAJUATO,13,CORTAZAR,28,SALVATIERRA,2265,C02,98,15,0,15,1,20,254,403,0,8,411,694
11,GUANAJUATO,13,CORTAZAR,28,SALVATIERRA,2265,C03,121,11,0,12,8,18,202,372,0,9,381,694
11,GUANAJUATO,13,CORTAZAR,28,SALVATIERRA,2265,S01,12,1,0,4,1,5,34,57,0,5,62,0
11,GUANAJUATO,13,CORTAZAR,28,SALVATIERRA,2266,B,132,21,0,11,7,15,166,352,0,10,362,502
11,GUANAJUATO,13,CORTAZAR,28,SALVATIERRA,2267,B,56,4,0,8,2,7,118,195,0,16,211,392
11,GUANAJUATO,13,CORTAZAR,28,SALVATIERRA,2267,C01,52,5,0,9,2,13,126,207,0,11,218,392
11,GUANAJUATO,13,CORTAZAR,28,SALVATIERRA,2268,B,64,7,0,20,5,21,128,245,0,13,258,585
11,GUANAJUATO,13,CORTAZAR,28,SALVATIERRA,2268,C01,67,17,0,13,7,13,166,283,0,15,298,585
11,GUANAJUATO,13,CORTAZAR,28,SALVATIERRA,2268,C02,50,11,0,11,4,24,156,256,0,16,272,585
11,GUANAJUATO,13,CORTAZAR,28,SALVATIERRA,2268,C03,68,15,0,10,10,18,160,281,0,16,297,585
11,GUANAJUATO,13,CORTAZAR,28,SALVATIERRA,2269,B,73,7,0,9,7,15,138,249,0,13,262,407
11,GUANAJUATO,13,CORTAZAR,28,SALVATIERRA,2269,C01,96,8,0,9,3,14,108,238,1,10,249,406
11,GUANAJUATO,13,CORTAZAR,28,SALVATIERRA,2270,B,210,23,0,10,3,11,182,439,6,14,459,690
11,GUANAJUATO,13,CORTAZAR,28,SALVATIERRA,2271,B,207,21,0,12,4,18,141,403,1,15,419,591
11,GUANAJUATO,13,CORTAZAR,28,SALVATIERRA,2272,B,123,7,0,16,10,15,164,335,0,7,342,636
11,GUANAJUATO,13,CORTAZAR,28,SALVATIERRA,2272,C01,88,9,0,16,6,18,190,327,0,6,333,636
11,GUANAJUATO,13,CORTAZAR,28,SALVATIERRA,2273,B,95,9,0,10,3,13,161,291,2,10,303,541
11,GUANAJUATO,13,CORTAZAR,28,SALVATIERRA,2273,C01,67,4,0,10,3,8,166,258,0,17,275,541
11,GUANAJUATO,13,CORTAZAR,28,SALVATIERRA,2273,C02,66,10,0,13,5,12,171,277,0,12,289,540
11,GUANAJUATO,13,CORTAZAR,28,SALVATIERRA,2274,B,118,14,0,14,11,16,184,357,0,12,369,605
11,GUANAJUATO,13,CORTAZAR,28,SALVATIERRA,2274,C01,109,20,0,11,8,16,195,359,0,18,377,604
11,GUANAJUATO,13,CORTAZAR,28,SALVATIERRA,2275,B,100,7,0,14,11,23,181,336,0,0,336,663
11,GUANAJUATO,13,CORTAZAR,28,SALVATIERRA,2275,C01,104,16,0,15,5,16,177,333,0,20,353,662
11,GUANAJUATO,13,CORTAZAR,28,SALVATIERRA,2276,B,69,11,0,22,6,25,180,313,0,21,334,610
11,GUANAJUATO,13,CORTAZAR,28,SALVATIERRA,2276,C01,51,8,0,21,5,13,198,296,0,14,310,610
11,GUANAJUATO,13,CORTAZAR,28,SALVATIERRA,2276,C02,66,8,0,17,6,12,180,289,0,15,304,609
11,GUANAJUATO,13,CORTAZAR,28,SALVATIERRA,2276,C03,90,14,0,15,12,21,145,297,0,16,313,609
11,GUANAJUATO,13,CORTAZAR,28,SALVATIERRA,2277,B,67,5,0,5,3,12,123,215,4,9,228,376
11,GUANAJUATO,13,CORTAZAR,28,SALVATIERRA,2277,C01,76,11,0,8,6,6,128,235,0,8,243,375
11,GUANAJUATO,13,CORTAZAR,28,SALVATIERRA,2278,B,97,10,0,3,3,9,128,250,0,12,262,422
11,GUANAJUATO,13,CORTAZAR,28,SALVATIERRA,2278,C01,95,12,0,4,5,11,109,236,1,9,246,421
11,GUANAJUATO,13,CORTAZAR,28,SALVATIERRA,2279,B,153,19,0,14,8,15,169,378,1,15,394,577
11,GUANAJUATO,13,CORTAZAR,28,SALVATIERRA,2280,B,136,18,0,13,4,20,219,410,0,16,426,655
11,GUANAJUATO,13,CORTAZAR,28,SALVATIERRA,2281,B,55,11,0,14,4,16,102,202,1,9,212,385
11,GUANAJUATO,13,CORTAZAR,28,SALVATIERRA,2282,B,41,5,0,3,5,13,155,222,2,13,237,399
11,GUANAJUATO,13,CORTAZAR,28,SALVATIERRA,2282,C01,49,4,0,8,3,13,151,228,0,8,236,398
11,GUANAJUATO,13,CORTAZAR,28,SALVATIERRA,2283,B,85,7,0,17,7,24,223,363,0,25,388,709
11,GUANAJUATO,13,CORTAZAR,28,SALVATIERRA,2284,B,39,8,0,5,5,14,143,214,1,12,227,394
11,GUANAJUATO,13,CORTAZAR,28,SALVATIERRA,2284,C01,33,8,0,13,1,20,118,193,0,13,206,394
11,GUANAJUATO,13,CORTAZAR,28,SALVATIERRA,2285,B,91,5,0,26,9,20,161,312,0,13,325,598
11,GUANAJUATO,13,CORTAZAR,28,SALVATIERRA,2285,C01,69,5,0,20,3,18,173,288,0,19,307,598
11,GUANAJUATO,13,CORTAZAR,28,SALVATIERRA,2285,C02,46,5,0,15,9,20,176,271,0,14,285,598
11,GUANAJUATO,13,CORTAZAR,28,SALVATIERRA,2285,C03,74,9,0,22,3,21,169,298,1,14,313,597
11,GUANAJUATO,13,CORTAZAR,28,SALVATIERRA,2286,B,63,20,0,16,4,22,152,277,1,10,288,473
11,GUANAJUATO,13,CORTAZAR,28,SALVATIERRA,2287,B,94,9,0,13,8,18,211,353,0,10,363,559
11,GUANAJUATO,13,CORTAZAR,28,SALVATIERRA,2287,C01,116,20,0,15,3,16,197,367,1,4,372,559
11,GUANAJUATO,13,CORTAZAR,28,SALVATIERRA,2287,C02,91,15,0,16,7,21,193,343,0,15,358,558
11,GUANAJUATO,13,CORTAZAR,28,SALVATIERRA,2288,B,60,14,0,7,5,13,167,266,0,14,280,520
11,GUANAJUATO,13,CORTAZAR,28,SALVATIERRA,2288,C01,56,17,0,18,3,12,150,256,0,18,274,520
11,GUANAJUATO,13,CORTAZAR,28,SALVATIERRA,2288,C02,61,10,0,23,7,13,143,257,0,15,272,519
11,GUANAJUATO,13,CORTAZAR,28,SALVATIERRA,2289,B,48,5,0,12,9,8,154,236,0,26,262,580
11,GUANAJUATO,13,CORTAZAR,28,SALVATIERRA,2289,C01,40,10,0,10,8,13,139,220,0,20,240,580
11,GUANAJUATO,13,CORTAZAR,28,SALVATIERRA,2289,C02,59,4,0,13,8,9,167,260,0,25,285,579
11,GUANAJUATO,13,CORTAZAR,28,SALVATIERRA,2290,B,78,7,0,20,5,11,108,229,0,18,247,510
11,GUANAJUATO,13,CORTAZAR,28,SALVATIERRA,2290,C01,50,14,0,21,9,9,117,220,1,22,243,510
11,GUANAJUATO,13,CORTAZAR,28,SALVATIERRA,2291,B,76,5,0,9,3,5,150,248,0,14,262,471
11,GUANAJUATO,13,CORTAZAR,28,SALVATIERRA,2291,C01,78,3,0,11,6,8,116,222,2,15,239,471
11,GUANAJUATO,13,CORTAZAR,28,SALVATIERRA,2292,B,57,5,0,23,4,11,159,259,0,28,287,698
11,GUANAJUATO,13,CORTAZAR,28,SALVATIERRA,2293,B,77,7,0,23,6,10,174,297,34,0,331,667
11,GUANAJUATO,13,CORTAZAR,28,SALVATIERRA,2294,B,72,8,0,15,1,11,141,248,0,11,259,549
11,GUANAJUATO,13,CORTAZAR,28,SALVATIERRA,2295,B,39,2,0,7,6,8,95,157,0,10,167,463
11,GUANAJUATO,13,CORTAZAR,28,SALVATIERRA,2295,C01,69,5,0,15,4,9,107,209,0,10,219,462
11,GUANAJUATO,13,CORTAZAR,28,SALVATIERRA,2296,B,51,9,0,12,4,7,164,247,0,10,257,555
11,GUANAJUATO,13,CORTAZAR,28,SALVATIERRA,2297,B,73,10,0,7,2,13,227,332,0,13,345,725
11,GUANAJUATO,13,CORTAZAR,28,SALVATIERRA,2297,C01,103,9,0,15,2,19,208,356,0,21,377,725
11,GUANAJUATO,13,CORTAZAR,28,SALVATIERRA,2298,B,72,4,0,4,2,9,123,214,0,15,229,402
11,GUANAJUATO,13,CORTAZAR,28,SALVATIERRA,2298,C01,65,5,0,7,6,9,113,205,0,13,218,402
11,GUANAJUATO,13,CORTAZAR,28,SALVATIERRA,2299,B,57,9,0,6,6,9,128,215,0,17,232,437
11,GUANAJUATO,13,CORTAZAR,28,SALVATIERRA,2299,C01,52,7,0,7,3,10,138,217,0,12,229,437
11,GUANAJUATO,13,CORTAZAR,28,SALVATIERRA,2300,B,68,12,0,16,3,11,143,253,0,19,272,627
11,GUANAJUATO,13,CORTAZAR,28,SALVATIERRA,2301,B,52,9,0,16,4,9,130,220,0,13,233,580
11,GUANAJUATO,13,CORTAZAR,28,SALVATIERRA,2302,B,20,6,0,9,11,5,100,151,0,14,165,380
11,GUANAJUATO,13,CORTAZAR,28,SALVATIERRA,2302,C01,22,7,0,8,8,8,116,169,0,14,183,379
11,GUANAJUATO,13,CORTAZAR,28,SALVATIERRA,2303,B,27,22,0,18,5,14,201,287,0,19,306,724
11,GUANAJUATO,13,CORTAZAR,28,SALVATIERRA,2304,B,34,21,0,13,0,6,145,219,0,14,233,537
11,GUANAJUATO,13,CORTAZAR,28,SALVATIERRA,2305,B,40,24,0,19,2,4,169,258,0,19,277,527
11,GUANAJUATO,13,CORTAZAR,28,SALVATIERRA,2305,C01,47,12,0,7,7,12,155,240,0,8,248,527
11,GUANAJUATO,13,CORTAZAR,28,SALVATIERRA,2306,B,55,4,0,15,12,3,165,254,0,10,264,495
11,GUANAJUATO,13,CORTAZAR,28,SALVATIERRA,2306,C01,53,8,0,10,8,9,134,222,0,16,238,494
11,GUANAJUATO,13,CORTAZAR,28,SALVATIERRA,2307,B,43,18,0,11,12,20,142,246,0,16,262,496
11,GUANAJUATO,13,CORTAZAR,28,SALVATIERRA,2308,B,95,12,0,4,2,6,145,264,0,12,276,449
11,GUANAJUATO,13,CORTAZAR,28,SALVATIERRA,2308,C01,55,7,0,10,2,12,153,239,0,18,257,448
11,GUANAJUATO,13,CORTAZAR,28,SALVATIERRA,2309,B,78,3,0,14,5,10,156,266,1,16,283,688
11,GUANAJUATO,13,CORTAZAR,28,SALVATIERRA,2310,B,34,5,0,7,6,8,84,144,0,11,155,431
11,GUANAJUATO,13,CORTAZAR,28,SALVATIERRA,2310,C01,29,3,0,10,2,4,104,152,0,18,170,430
11,GUANAJUATO,13,CORTAZAR,28,SALVATIERRA,2311,B,51,13,0,5,5,3,178,255,0,24,279,557
11,GUANAJUATO,13,CORTAZAR,28,SALVATIERRA,2311,C01,48,7,0,13,3,11,185,267,0,10,277,556
11,GUANAJUATO,13,CORTAZAR,28,SALVATIERRA,2312,B,78,16,0,15,3,7,201,320,0,9,329,564
11,GUANAJUATO,13,CORTAZAR,28,SALVATIERRA,2312,C01,61,12,0,11,3,12,214,313,0,7,320,564
11,GUANAJUATO,13,CORTAZAR,28,SALVATIERRA,2313,B,75,11,0,14,9,5,233,347,0,16,363,698
11,GUANAJUATO,13,CORTAZAR,28,SALVATIERRA,2313,C01,60,16,0,15,1,11,233,336,0,17,353,698
11,GUANAJUATO,13,CORTAZAR,28,SALVATIERRA,2314,B,62,10,0,9,1,5,178,265,0,17,282,531
11,GUANAJUATO,13,CORTAZAR,28,SALVATIERRA,2314,C01,74,4,0,11,6,7,170,272,1,20,293,530
11,GUANAJUATO,13,CORTAZAR,28,SALVATIERRA,2315,B,56,3,0,9,4,12,180,264,0,16,280,552
11,GUANAJUATO,13,CORTAZAR,28,SALVATIERRA,2315,C01,55,3,0,7,7,13,178,263,0,13,276,552
11,GUANAJUATO,13,CORTAZAR,28,SALVATIERRA,2315,C02,34,9,0,10,5,8,210,276,0,18,294,552
11,GUANAJUATO,13,CORTAZAR,28,SALVATIERRA,2316,B,37,6,0,10,2,5,147,207,0,19,226,421
11,GUANAJUATO,13,CORTAZAR,28,SALVATIERRA,2316,C01,56,4,0,9,5,11,130,215,0,16,231,421
11,GUANAJUATO,13,CORTAZAR,28,SALVATIERRA,2317,B,46,9,0,11,8,6,190,270,0,21,291,522
11,GUANAJUATO,13,CORTAZAR,28,SALVATIERRA,2317,C01,56,6,0,8,4,7,206,287,2,19,308,522
11,GUANAJUATO,13,CORTAZAR,28,SALVATIERRA,2318,B,46,12,0,16,1,9,115,199,0,19,218,438
11,GUANAJUATO,13,CORTAZAR,28,SALVATIERRA,2318,C01,26,8,0,12,1,10,118,175,0,16,191,438
11,GUANAJUATO,13,CORTAZAR,28,SALVATIERRA,2319,B,54,17,0,25,8,11,178,293,0,26,319,633
11,GUANAJUATO,13,CORTAZAR,28,SALVATIERRA,2319,C01,53,14,0,22,11,14,173,287,0,28,315,632
11,GUANAJUATO,13,CORTAZAR,28,SALVATIERRA,2320,B,70,13,0,19,6,12,171,291,0,25,316,644
11,GUANAJUATO,13,CORTAZAR,28,SALVATIERRA,2320,C01,69,16,0,21,9,17,170,302,0,9,311,643
11,GUANAJUATO,13,CORTAZAR,28,SALVATIERRA,2320,C02,68,10,0,12,2,7,152,251,0,12,263,643
11,GUANAJUATO,13,CORTAZAR,28,SALVATIERRA,2321,B,48,8,0,15,5,8,172,256,0,10,266,731
11,GUANAJUATO,13,CORTAZAR,28,SALVATIERRA,2322,B,49,8,0,12,0,10,152,231,0,15,246,717
11,GUANAJUATO,13,CORTAZAR,28,SALVATIERRA,2323,B,69,7,0,19,2,8,141,246,0,12,258,725
11,GUANAJUATO,13,CORTAZAR,28,SALVATIERRA,2324,B,74,6,0,14,1,6,189,290,0,15,305,618
11,GUANAJUATO,13,CORTAZAR,28,SALVATIERRA,2324,C01,69,12,0,18,4,22,182,307,1,16,324,617
11,GUANAJUATO,13,CORTAZAR,28,SALVATIERRA,2325,B,60,13,0,23,4,16,158,274,0,13,287,513
11,GUANAJUATO,13,CORTAZAR,28,SALVATIERRA,2325,C01,76,15,0,24,1,10,156,282,2,12,296,512
11,GUANAJUATO,13,CORTAZAR,28,SALVATIERRA,2326,B,83,6,0,9,4,13,153,268,0,0,268,587
11,GUANAJUATO,13,CORTAZAR,28,SALVATIERRA,2326,C01,77,5,0,18,1,12,162,275,0,19,294,586
11,GUANAJUATO,13,CORTAZAR,28,SALVATIERRA,2327,B,73,1,0,4,6,5,154,243,0,0,243,569
11,GUANAJUATO,13,CORTAZAR,28,SALVATIERRA,2327,C01,65,2,0,9,3,9,153,241,0,9,250,569
11,GUANAJUATO,13,CORTAZAR,28,SALVATIERRA,2327,C02,96,1,0,11,1,13,125,247,0,13,260,569
11,GUANAJUATO,13,CORTAZAR,28,SALVATIERRA,2328,B,49,2,0,8,3,12,145,219,0,17,236,502
11,GUANAJUATO,13,CORTAZAR,28,SALVATIERRA,2328,C01,41,5,0,3,2,8,178,237,0,10,247,501
11,GUANAJUATO,13,CORTAZAR,28,SALVATIERRA,2328,C02,42,0,0,11,4,5,146,208,0,10,218,501
11,GUANAJUATO,13,CORTAZAR,28,SALVATIERRA,2329,B,77,4,0,17,3,23,219,343,0,15,358,740
11,GUANAJUATO,13,CORTAZAR,28,SALVATIERRA,2329,C01,77,5,0,11,9,20,188,310,0,19,329,740
11,GUANAJUATO,13,CORTAZAR,28,SALVATIERRA,2329,C02,68,9,0,18,7,19,183,304,0,21,325,740
11,GUANAJUATO,13,CORTAZAR,28,SALVATIERRA,2330,B,46,10,0,16,6,13,211,302,0,15,317,661
11,GUANAJUATO,13,CORTAZAR,28,SALVATIERRA,2330,C01,49,10,0,10,7,13,196,285,0,12,297,660
11,GUANAJUATO,13,CORTAZAR,28,SALVATIERRA,2331,B,58,0,0,7,7,5,170,247,0,14,261,525
11,GUANAJUATO,13,CORTAZAR,28,SALVATIERRA,2331,C01,55,2,0,21,6,3,202,289,1,9,299,525
11,GUANAJUATO,13,CORTAZAR,28,SALVATIERRA,2332,B,54,4,0,8,5,3,204,278,0,18,296,503
11,GUANAJUATO,13,CORTAZAR,28,SALVATIERRA,2332,C01,62,2,0,12,6,2,163,247,0,18,265,503
11,GUANAJUATO,13,CORTAZAR,28,SALVATIERRA,2333,B,60,8,0,8,7,5,187,275,0,21,296,543
11,GUANAJUATO,13,CORTAZAR,28,SALVATIERRA,2333,C01,84,3,0,3,4,5,173,272,0,21,293,543
11,GUANAJUATO,13,CORTAZAR,28,SALVATIERRA,2334,B,66,5,0,21,4,4,80,180,0,7,187,418
11,GUANAJUATO,13,CORTAZAR,28,SALVATIERRA,2334,C01,58,4,0,37,3,2,72,176,0,6,182,418
11,GUANAJUATO,13,CORTAZAR,28,SALVATIERRA,2335,B,62,27,0,12,16,10,122,249,0,20,269,436
11,GUANAJUATO,13,CORTAZAR,28,SALVATIERRA,2335,C01,70,18,0,10,10,8,131,247,0,7,254,436
11,GUANAJUATO,13,CORTAZAR,28,SALVATIERRA,2336,B,85,39,0,30,8,15,171,348,0,17,365,646
11,GUANAJUATO,13,CORTAZAR,28,SALVATIERRA,2337,B,52,5,0,10,9,13,151,240,0,12,252,493
11,GUANAJUATO,13,CORTAZAR,28,SALVATIERRA,2337,C01,43,4,0,15,9,9,161,241,0,12,253,493
11,GUANAJUATO,13,CORTAZAR,28,SALVATIERRA,2338,B,97,38,0,17,5,9,185,351,0,20,371,750
11,GUANAJUATO,13,CORTAZAR,28,SALVATIERRA,2338,C01,99,23,0,22,7,5,203,359,0,15,374,749
11,GUANAJUATO,13,CORTAZAR,28,SALVATIERRA,2339,B,60,71,0,15,8,5,178,337,0,38,375,702
11,GUANAJUATO,13,CORTAZAR,28,SALVATIERRA,2340,B,46,8,0,9,4,7,118,192,1,8,201,456
11,GUANAJUATO,13,CORTAZAR,28,SALVATIERRA,2340,C01,66,5,0,7,14,4,109,205,0,14,219,456
11,GUANAJUATO,13,CORTAZAR,28,SALVATIERRA,2341,B,37,7,0,18,8,5,118,193,0,3,196,406
11,GUANAJUATO,13,CORTAZAR,28,SALVATIERRA,2341,C01,36,7,0,19,0,12,99,173,0,12,185,406
11,GUANAJUATO,13,CORTAZAR,28,SALVATIERRA,2342,B,30,11,0,15,7,9,110,182,0,17,199,464
11,GUANAJUATO,13,CORTAZAR,28,SALVATIERRA,2342,C01,40,5,0,15,4,7,119,190,0,17,207,464
11,GUANAJUATO,13,CORTAZAR,28,SALVATIERRA,2343,B,15,7,0,2,6,3,93,126,1,9,136,331
11,GUANAJUATO,13,CORTAZAR,28,SALVATIERRA,2344,B,76,8,0,10,6,7,82,189,0,12,201,498
11,GUANAJUATO,13,CORTAZAR,28,SALVATIERRA,2345,B,126,18,0,13,7,10,120,294,0,18,312,582
11,GUANAJUATO,13,CORTAZAR,28,SALVATIERRA,2346,B,18,4,0,6,5,6,44,83,0,10,93,331
11,GUANAJUATO,2,SAN LUIS DE LA PAZ,29,SAN DIEGO DE LA UNION,2347,B,44,147,0,35,4,12,78,320,0,4,324,509
11,GUANAJUATO,2,SAN LUIS DE LA PAZ,29,SAN DIEGO DE LA UNION,2347,C01,46,107,0,46,10,5,104,318,0,10,328,509
11,GUANAJUATO,2,SAN LUIS DE LA PAZ,29,SAN DIEGO DE LA UNION,2347,C02,49,139,0,53,3,17,66,327,0,15,342,509
11,GUANAJUATO,2,SAN LUIS DE LA PAZ,29,SAN DIEGO DE LA UNION,2348,B,75,163,1,44,5,9,110,407,0,6,413,618
11,GUANAJUATO,2,SAN LUIS DE LA PAZ,29,SAN DIEGO DE LA UNION,2348,C01,65,147,1,45,1,8,107,374,0,11,385,617
11,GUANAJUATO,2,SAN LUIS DE LA PAZ,29,SAN DIEGO DE LA UNION,2348,C02,68,131,1,51,4,11,99,365,0,13,378,617
11,GUANAJUATO,2,SAN LUIS DE LA PAZ,29,SAN DIEGO DE LA UNION,2349,B,68,188,0,37,7,13,98,411,0,18,429,666
11,GUANAJUATO,2,SAN LUIS DE LA PAZ,29,SAN DIEGO DE LA UNION,2349,C01,49,187,0,43,14,11,107,411,0,14,425,666
11,GUANAJUATO,2,SAN LUIS DE LA PAZ,29,SAN DIEGO DE LA UNION,2350,B,40,135,2,38,3,7,76,301,0,13,314,502
11,GUANAJUATO,2,SAN LUIS DE LA PAZ,29,SAN DIEGO DE LA UNION,2350,C01,57,125,1,37,6,9,101,336,0,9,345,501
11,GUANAJUATO,2,SAN LUIS DE LA PAZ,29,SAN DIEGO DE LA UNION,2350,C02,37,151,5,27,2,15,87,324,0,7,331,501
11,GUANAJUATO,2,SAN LUIS DE LA PAZ,29,SAN DIEGO DE LA UNION,2351,B,6,163,0,12,14,7,46,248,0,13,261,426
11,GUANAJUATO,2,SAN LUIS DE LA PAZ,29,SAN DIEGO DE LA UNION,2351,C01,13,160,0,15,22,4,53,267,0,11,278,425
11,GUANAJUATO,2,SAN LUIS DE LA PAZ,29,SAN DIEGO DE LA UNION,2352,B,46,144,0,85,15,26,113,429,0,19,448,663
11,GUANAJUATO,2,SAN LUIS DE LA PAZ,29,SAN DIEGO DE LA UNION,2352,C01,52,163,1,76,13,9,77,391,0,14,405,662
11,GUANAJUATO,2,SAN LUIS DE LA PAZ,29,SAN DIEGO DE LA UNION,2353,B,45,84,0,49,7,10,51,246,0,16,262,404
11,GUANAJUATO,2,SAN LUIS DE LA PAZ,29,SAN DIEGO DE LA UNION,2353,C01,39,95,1,56,2,7,48,248,0,11,259,403
11,GUANAJUATO,2,SAN LUIS DE LA PAZ,29,SAN DIEGO DE LA UNION,2354,B,11,167,1,30,6,5,127,347,0,18,365,549
11,GUANAJUATO,2,SAN LUIS DE LA PAZ,29,SAN DIEGO DE LA UNION,2354,C01,20,179,1,14,4,7,102,327,0,24,351,549
11,GUANAJUATO,2,SAN LUIS DE LA PAZ,29,SAN DIEGO DE LA UNION,2355,B,14,81,1,39,1,6,122,264,0,6,270,375
11,GUANAJUATO,2,SAN LUIS DE LA PAZ,29,SAN DIEGO DE LA UNION,2356,B,16,178,1,67,6,4,121,393,0,12,405,594
11,GUANAJUATO,2,SAN LUIS DE LA PAZ,29,SAN DIEGO DE LA UNION,2356,C01,23,145,2,62,8,2,132,374,0,20,394,594
11,GUANAJUATO,2,SAN LUIS DE LA PAZ,29,SAN DIEGO DE LA UNION,2356,C02,21,160,2,84,4,11,122,404,0,8,412,593
11,GUANAJUATO,2,SAN LUIS DE LA PAZ,29,SAN DIEGO DE LA UNION,2356,C03,25,136,1,73,2,6,146,389,0,13,402,593
11,GUANAJUATO,2,SAN LUIS DE LA PAZ,29,SAN DIEGO DE LA UNION,2357,B,15,113,0,54,5,3,78,268,0,5,273,415
11,GUANAJUATO,2,SAN LUIS DE LA PAZ,29,SAN DIEGO DE LA UNION,2358,B,32,193,1,39,1,10,194,470,0,9,479,714
11,GUANAJUATO,2,SAN LUIS DE LA PAZ,29,SAN DIEGO DE LA UNION,2358,C01,27,198,2,39,7,17,179,469,0,9,478,713
11,GUANAJUATO,2,SAN LUIS DE LA PAZ,29,SAN DIEGO DE LA UNION,2358,C02,36,190,1,24,3,18,201,473,0,8,481,713
11,GUANAJUATO,2,SAN LUIS DE LA PAZ,29,SAN DIEGO DE LA UNION,2359,B,24,179,0,33,6,11,119,372,0,11,383,675
11,GUANAJUATO,2,SAN LUIS DE LA PAZ,29,SAN DIEGO DE LA UNION,2359,C01,20,164,0,44,6,14,137,385,0,6,391,675
11,GUANAJUATO,2,SAN LUIS DE LA PAZ,29,SAN DIEGO DE LA UNION,2360,B,34,82,1,52,5,5,100,279,0,11,290,555
11,GUANAJUATO,2,SAN LUIS DE LA PAZ,29,SAN DIEGO DE LA UNION,2360,C01,23,120,0,37,9,8,92,289,0,16,305,554
11,GUANAJUATO,2,SAN LUIS DE LA PAZ,29,SAN DIEGO DE LA UNION,2361,B,25,82,0,31,3,8,115,264,0,11,275,422
11,GUANAJUATO,2,SAN LUIS DE LA PAZ,29,SAN DIEGO DE LA UNION,2361,C01,16,96,0,24,5,4,98,243,0,12,255,422
11,GUANAJUATO,2,SAN LUIS DE LA PAZ,29,SAN DIEGO DE LA UNION,2362,B,15,78,1,19,1,0,26,140,0,10,150,240
11,GUANAJUATO,2,SAN LUIS DE LA PAZ,29,SAN DIEGO DE LA UNION,2363,B,27,125,3,27,4,6,87,279,0,12,291,435
11,GUANAJUATO,2,SAN LUIS DE LA PAZ,29,SAN DIEGO DE LA UNION,2363,C01,7,156,1,17,3,3,63,250,0,11,261,435
11,GUANAJUATO,2,SAN LUIS DE LA PAZ,29,SAN DIEGO DE LA UNION,2364,B,22,97,2,24,7,2,133,287,0,8,295,455
11,GUANAJUATO,2,SAN LUIS DE LA PAZ,29,SAN DIEGO DE LA UNION,2364,C01,20,117,0,14,11,8,102,272,0,8,280,454
11,GUANAJUATO,2,SAN LUIS DE LA PAZ,29,SAN DIEGO DE LA UNION,2365,B,14,79,0,45,3,7,126,274,0,14,288,588
11,GUANAJUATO,2,SAN LUIS DE LA PAZ,29,SAN DIEGO DE LA UNION,2365,C01,8,94,2,61,6,4,112,287,0,11,298,587
11,GUANAJUATO,2,SAN LUIS DE LA PAZ,29,SAN DIEGO DE LA UNION,2366,B,20,201,0,19,1,4,37,282,0,11,293,600
11,GUANAJUATO,2,SAN LUIS DE LA PAZ,29,SAN DIEGO DE LA UNION,2367,B,33,184,2,28,4,10,52,313,0,15,328,536
11,GUANAJUATO,2,SAN LUIS DE LA PAZ,29,SAN DIEGO DE LA UNION,2368,B,27,90,0,29,5,11,162,324,0,17,341,663
11,GUANAJUATO,2,SAN LUIS DE LA PAZ,29,SAN DIEGO DE LA UNION,2368,C01,19,91,0,41,6,7,166,330,0,19,349,663
11,GUANAJUATO,2,SAN LUIS DE LA PAZ,29,SAN DIEGO DE LA UNION,2369,B,13,101,2,48,6,6,86,262,0,6,268,499
11,GUANAJUATO,2,SAN LUIS DE LA PAZ,29,SAN DIEGO DE LA UNION,2369,E01,18,71,2,49,9,15,144,308,0,10,318,650
11,GUANAJUATO,2,SAN LUIS DE LA PAZ,29,SAN DIEGO DE LA UNION,2370,B,29,91,0,54,4,4,54,236,0,13,249,520
11,GUANAJUATO,2,SAN LUIS DE LA PAZ,29,SAN DIEGO DE LA UNION,2371,B,37,254,0,32,6,12,94,435,0,12,447,691
11,GUANAJUATO,2,SAN LUIS DE LA PAZ,29,SAN DIEGO DE LA UNION,2371,C01,33,260,0,33,4,5,99,434,0,23,457,691
11,GUANAJUATO,2,SAN LUIS DE LA PAZ,29,SAN DIEGO DE LA UNION,2372,B,39,215,1,11,6,2,69,343,0,23,366,639
11,GUANAJUATO,2,SAN LUIS DE LA PAZ,29,SAN DIEGO DE LA UNION,2373,B,24,101,0,31,5,11,98,270,0,14,284,555
11,GUANAJUATO,2,SAN LUIS DE LA PAZ,29,SAN DIEGO DE LA UNION,2373,C01,23,112,2,35,5,6,74,257,0,16,273,555
11,GUANAJUATO,2,SAN LUIS DE LA PAZ,29,SAN DIEGO DE LA UNION,2374,B,25,125,4,28,1,7,112,302,0,24,326,589
11,GUANAJUATO,2,SAN LUIS DE LA PAZ,29,SAN DIEGO DE LA UNION,2374,C01,37,123,0,43,4,12,97,316,0,15,331,589
11,GUANAJUATO,1,DOLORES HIDALGO CUNA DE LA INDEPENDENCIA NACIONAL,30,SAN FELIPE,0,VA02,0,0,0,0,0,0,1,1,0,0,1,1
11,GUANAJUATO,1,DOLORES HIDALGO CUNA DE LA INDEPENDENCIA NACIONAL,30,SAN FELIPE,2375,B,123,6,1,52,14,33,49,281,0,16,297,523
11,GUANAJUATO,1,DOLORES HIDALGO CUNA DE LA INDEPENDENCIA NACIONAL,30,SAN FELIPE,2375,C01,111,10,1,44,13,23,40,246,0,14,260,523
11,GUANAJUATO,1,DOLORES HIDALGO CUNA DE LA INDEPENDENCIA NACIONAL,30,SAN FELIPE,2375,C02,127,12,4,55,13,24,28,268,0,13,281,522
11,GUANAJUATO,1,DOLORES HIDALGO CUNA DE LA INDEPENDENCIA NACIONAL,30,SAN FELIPE,2376,B,95,11,1,74,10,56,40,292,0,13,305,605
11,GUANAJUATO,1,DOLORES HIDALGO CUNA DE LA INDEPENDENCIA NACIONAL,30,SAN FELIPE,2376,C01,106,21,2,88,19,38,37,314,0,12,326,605
11,GUANAJUATO,1,DOLORES HIDALGO CUNA DE LA INDEPENDENCIA NACIONAL,30,SAN FELIPE,2377,B,120,19,0,63,13,47,42,315,0,15,330,694
11,GUANAJUATO,1,DOLORES HIDALGO CUNA DE LA INDEPENDENCIA NACIONAL,30,SAN FELIPE,2377,C01,135,16,1,63,13,41,41,357,0,19,376,693
11,GUANAJUATO,1,DOLORES HIDALGO CUNA DE LA INDEPENDENCIA NACIONAL,30,SAN FELIPE,2377,C02,132,19,1,63,16,29,47,317,0,19,336,693
11,GUANAJUATO,1,DOLORES HIDALGO CUNA DE LA INDEPENDENCIA NACIONAL,30,SAN FELIPE,2378,B,138,17,2,58,12,38,67,332,0,11,343,615
11,GUANAJUATO,1,DOLORES HIDALGO CUNA DE LA INDEPENDENCIA NACIONAL,30,SAN FELIPE,2378,C01,129,10,3,68,11,36,47,304,0,10,314,615
11,GUANAJUATO,1,DOLORES HIDALGO CUNA DE LA INDEPENDENCIA NACIONAL,30,SAN FELIPE,2379,B,95,8,4,65,15,50,49,293,0,9,302,587
11,GUANAJUATO,1,DOLORES HIDALGO CUNA DE LA INDEPENDENCIA NACIONAL,30,SAN FELIPE,2379,C01,104,11,0,53,13,41,65,294,0,12,306,587
11,GUANAJUATO,1,DOLORES HIDALGO CUNA DE LA INDEPENDENCIA NACIONAL,30,SAN FELIPE,2379,C02,119,11,1,69,11,37,45,295,0,7,302,586
11,GUANAJUATO,1,DOLORES HIDALGO CUNA DE LA INDEPENDENCIA NACIONAL,30,SAN FELIPE,2379,C03,110,17,2,68,16,54,51,323,0,4,327,586
11,GUANAJUATO,1,DOLORES HIDALGO CUNA DE LA INDEPENDENCIA NACIONAL,30,SAN FELIPE,2380,B,114,28,5,69,14,37,61,336,0,18,354,643
11,GUANAJUATO,1,DOLORES HIDALGO CUNA DE LA INDEPENDENCIA NACIONAL,30,SAN FELIPE,2380,C01,139,14,2,75,15,38,53,340,0,15,355,643
11,GUANAJUATO,1,DOLORES HIDALGO CUNA DE LA INDEPENDENCIA NACIONAL,30,SAN FELIPE,2381,B,85,13,0,69,9,41,47,269,0,7,276,472
11,GUANAJUATO,1,DOLORES HIDALGO CUNA DE LA INDEPENDENCIA NACIONAL,30,SAN FELIPE,2381,C01,110,12,1,83,7,46,27,291,3,6,300,471
11,GUANAJUATO,1,DOLORES HIDALGO CUNA DE LA INDEPENDENCIA NACIONAL,30,SAN FELIPE,2381,S01,77,13,3,63,16,22,43,242,0,18,260,0
11,GUANAJUATO,1,DOLORES HIDALGO CUNA DE LA INDEPENDENCIA NACIONAL,30,SAN FELIPE,2382,B,107,19,1,87,19,64,62,362,2,7,371,638
11,GUANAJUATO,1,DOLORES HIDALGO CUNA DE LA INDEPENDENCIA NACIONAL,30,SAN FELIPE,2382,C01,105,13,1,79,17,51,53,319,0,7,326,638
11,GUANAJUATO,1,DOLORES HIDALGO CUNA DE LA INDEPENDENCIA NACIONAL,30,SAN FELIPE,2382,C02,98,12,4,74,19,38,51,298,4,11,313,637
11,GUANAJUATO,1,DOLORES HIDALGO CUNA DE LA INDEPENDENCIA NACIONAL,30,SAN FELIPE,2382,C03,102,12,1,78,12,52,62,322,0,8,330,637
11,GUANAJUATO,1,DOLORES HIDALGO CUNA DE LA INDEPENDENCIA NACIONAL,30,SAN FELIPE,2383,B,104,9,0,100,20,46,38,320,0,15,335,583
11,GUANAJUATO,1,DOLORES HIDALGO CUNA DE LA INDEPENDENCIA NACIONAL,30,SAN FELIPE,2383,C01,116,11,92,15,37,42,6,319,0,9,328,583
11,GUANAJUATO,1,DOLORES HIDALGO CUNA DE LA INDEPENDENCIA NACIONAL,30,SAN FELIPE,2384,B,96,14,1,80,16,26,30,263,0,7,270,458
11,GUANAJUATO,1,DOLORES HIDALGO CUNA DE LA INDEPENDENCIA NACIONAL,30,SAN FELIPE,2384,C01,94,17,0,58,21,30,27,247,0,7,254,457
11,GUANAJUATO,1,DOLORES HIDALGO CUNA DE LA INDEPENDENCIA NACIONAL,30,SAN FELIPE,2385,B,148,10,3,78,18,53,53,367,0,6,373,696
11,GUANAJUATO,1,DOLORES HIDALGO CUNA DE LA INDEPENDENCIA NACIONAL,30,SAN FELIPE,2385,C01,130,8,0,71,23,54,46,339,1,15,355,696
11,GUANAJUATO,1,DOLORES HIDALGO CUNA DE LA INDEPENDENCIA NACIONAL,30,SAN FELIPE,2385,C02,126,11,1,73,14,41,65,339,0,15,354,696
11,GUANAJUATO,1,DOLORES HIDALGO CUNA DE LA INDEPENDENCIA NACIONAL,30,SAN FELIPE,2385,C03,116,20,4,75,6,56,42,324,0,11,335,696
11,GUANAJUATO,1,DOLORES HIDALGO CUNA DE LA INDEPENDENCIA NACIONAL,30,SAN FELIPE,2385,C04,130,14,1,72,20,46,48,335,0,17,352,696
11,GUANAJUATO,1,DOLORES HIDALGO CUNA DE LA INDEPENDENCIA NACIONAL,30,SAN FELIPE,2385,C05,112,10,3,84,19,46,59,337,2,13,352,695
11,GUANAJUATO,1,DOLORES HIDALGO CUNA DE LA INDEPENDENCIA NACIONAL,30,SAN FELIPE,2386,B,119,14,0,69,14,32,57,309,0,13,322,580
11,GUANAJUATO,1,DOLORES HIDALGO CUNA DE LA INDEPENDENCIA NACIONAL,30,SAN FELIPE,2386,C01,108,24,2,62,6,48,51,304,0,7,311,580
11,GUANAJUATO,1,DOLORES HIDALGO CUNA DE LA INDEPENDENCIA NACIONAL,30,SAN FELIPE,2387,B,98,10,1,91,13,39,42,301,0,9,310,553
11,GUANAJUATO,1,DOLORES HIDALGO CUNA DE LA INDEPENDENCIA NACIONAL,30,SAN FELIPE,2387,C01,120,5,0,78,11,29,44,289,0,11,300,552
11,GUANAJUATO,1,DOLORES HIDALGO CUNA DE LA INDEPENDENCIA NACIONAL,30,SAN FELIPE,2388,B,111,13,2,97,19,49,62,358,0,18,376,688
11,GUANAJUATO,1,DOLORES HIDALGO CUNA DE LA INDEPENDENCIA NACIONAL,30,SAN FELIPE,2388,C01,110,13,3,89,19,65,47,360,1,10,371,688
11,GUANAJUATO,1,DOLORES HIDALGO CUNA DE LA INDEPENDENCIA NACIONAL,30,SAN FELIPE,2388,C02,105,10,1,96,13,70,50,351,2,14,367,687
11,GUANAJUATO,1,DOLORES HIDALGO CUNA DE LA INDEPENDENCIA NACIONAL,30,SAN FELIPE,2389,B,111,20,4,78,18,63,55,353,0,9,362,680
11,GUANAJUATO,1,DOLORES HIDALGO CUNA DE LA INDEPENDENCIA NACIONAL,30,SAN FELIPE,2389,C01,116,17,4,62,17,38,53,312,1,6,319,680
11,GUANAJUATO,1,DOLORES HIDALGO CUNA DE LA INDEPENDENCIA NACIONAL,30,SAN FELIPE,2389,C02,128,19,6,58,20,42,64,346,0,12,358,680
11,GUANAJUATO,1,DOLORES HIDALGO CUNA DE LA INDEPENDENCIA NACIONAL,30,SAN FELIPE,2390,B,123,17,1,93,24,20,49,338,0,29,367,736
11,GUANAJUATO,1,DOLORES HIDALGO CUNA DE LA INDEPENDENCIA NACIONAL,30,SAN FELIPE,2390,C01,117,9,2,92,18,15,70,334,0,40,374,736
11,GUANAJUATO,1,DOLORES HIDALGO CUNA DE LA INDEPENDENCIA NACIONAL,30,SAN FELIPE,2390,C02,115,12,3,106,21,16,80,356,0,33,389,735
11,GUANAJUATO,1,DOLORES HIDALGO CUNA DE LA INDEPENDENCIA NACIONAL,30,SAN FELIPE,2390,C03,109,25,2,109,27,17,66,359,0,27,386,735
11,GUANAJUATO,1,DOLORES HIDALGO CUNA DE LA INDEPENDENCIA NACIONAL,30,SAN FELIPE,2391,B,108,19,0,115,21,52,51,374,0,32,406,695
11,GUANAJUATO,1,DOLORES HIDALGO CUNA DE LA INDEPENDENCIA NACIONAL,30,SAN FELIPE,2392,B,54,14,2,96,7,27,51,260,0,15,275,701
11,GUANAJUATO,1,DOLORES HIDALGO CUNA DE LA INDEPENDENCIA NACIONAL,30,SAN FELIPE,2392,C01,83,22,4,115,9,35,41,311,0,14,325,701
11,GUANAJUATO,1,DOLORES HIDALGO CUNA DE LA INDEPENDENCIA NACIONAL,30,SAN FELIPE,2392,C02,123,15,2,126,7,25,39,339,0,10,349,700
11,GUANAJUATO,1,DOLORES HIDALGO CUNA DE LA INDEPENDENCIA NACIONAL,30,SAN FELIPE,2393,B,74,13,1,112,9,42,29,280,0,22,302,490
11,GUANAJUATO,1,DOLORES HIDALGO CUNA DE LA INDEPENDENCIA NACIONAL,30,SAN FELIPE,2393,C01,79,6,0,93,8,52,33,273,0,23,296,489
11,GUANAJUATO,1,DOLORES HIDALGO CUNA DE LA INDEPENDENCIA NACIONAL,30,SAN FELIPE,2394,B,112,10,1,109,12,50,47,345,0,16,361,570
11,GUANAJUATO,1,DOLORES HIDALGO CUNA DE LA INDEPENDENCIA NACIONAL,30,SAN FELIPE,2394,C01,79,20,1,93,22,55,52,324,0,25,349,570
11,GUANAJUATO,1,DOLORES HIDALGO CUNA DE LA INDEPENDENCIA NACIONAL,30,SAN FELIPE,2395,B,62,56,1,44,9,31,37,242,0,13,255,439
11,GUANAJUATO,1,DOLORES HIDALGO CUNA DE LA INDEPENDENCIA NACIONAL,30,SAN FELIPE,2395,C01,43,81,3,50,7,40,24,253,0,9,262,438
11,GUANAJUATO,1,DOLORES HIDALGO CUNA DE LA INDEPENDENCIA NACIONAL,30,SAN FELIPE,2396,B,68,26,4,81,3,10,14,214,0,11,225,447
11,GUANAJUATO,1,DOLORES HIDALGO CUNA DE LA INDEPENDENCIA NACIONAL,30,SAN FELIPE,2396,C01,77,32,4,75,8,2,19,231,0,1,232,447
11,GUANAJUATO,1,DOLORES HIDALGO CUNA DE LA INDEPENDENCIA NACIONAL,30,SAN FELIPE,2397,B,71,8,4,63,11,13,20,193,0,12,205,441
11,GUANAJUATO,1,DOLORES HIDALGO CUNA DE LA INDEPENDENCIA NACIONAL,30,SAN FELIPE,2397,C01,111,9,0,50,16,15,14,219,0,5,224,441
11,GUANAJUATO,1,DOLORES HIDALGO CUNA DE LA INDEPENDENCIA NACIONAL,30,SAN FELIPE,2398,B,109,17,1,92,16,5,19,260,0,27,287,615
11,GUANAJUATO,1,DOLORES HIDALGO CUNA DE LA INDEPENDENCIA NACIONAL,30,SAN FELIPE,2398,C01,59,16,2,131,15,6,30,264,0,18,282,615
11,GUANAJUATO,1,DOLORES HIDALGO CUNA DE LA INDEPENDENCIA NACIONAL,30,SAN FELIPE,2398,C02,46,14,4,130,19,12,39,266,0,10,276,614
11,GUANAJUATO,1,DOLORES HIDALGO CUNA DE LA INDEPENDENCIA NACIONAL,30,SAN FELIPE,2399,B,68,25,3,71,4,134,43,351,0,17,368,739
11,GUANAJUATO,1,DOLORES HIDALGO CUNA DE LA INDEPENDENCIA NACIONAL,30,SAN FELIPE,2399,C01,63,20,2,66,12,128,57,348,0,15,363,738
11,GUANAJUATO,1,DOLORES HIDALGO CUNA DE LA INDEPENDENCIA NACIONAL,30,SAN FELIPE,2399,C02,64,40,3,96,7,122,68,401,3,11,415,738
11,GUANAJUATO,1,DOLORES HIDALGO CUNA DE LA INDEPENDENCIA NACIONAL,30,SAN FELIPE,2400,B,47,3,1,129,33,34,48,295,1,30,326,579
11,GUANAJUATO,1,DOLORES HIDALGO CUNA DE LA INDEPENDENCIA NACIONAL,30,SAN FELIPE,2400,C01,63,5,4,105,16,27,40,262,0,33,295,579
11,GUANAJUATO,1,DOLORES HIDALGO CUNA DE LA INDEPENDENCIA NACIONAL,30,SAN FELIPE,2401,B,77,10,1,183,10,31,42,357,0,20,377,688
11,GUANAJUATO,1,DOLORES HIDALGO CUNA DE LA INDEPENDENCIA NACIONAL,30,SAN FELIPE,2401,C01,98,6,2,177,12,13,45,356,0,0,356,688
11,GUANAJUATO,1,DOLORES HIDALGO CUNA DE LA INDEPENDENCIA NACIONAL,30,SAN FELIPE,2402,B,39,11,3,43,12,45,24,179,0,8,187,382
11,GUANAJUATO,1,DOLORES HIDALGO CUNA DE LA INDEPENDENCIA NACIONAL,30,SAN FELIPE,2402,C01,57,8,1,29,4,46,23,168,0,2,170,382
11,GUANAJUATO,1,DOLORES HIDALGO CUNA DE LA INDEPENDENCIA NACIONAL,30,SAN FELIPE,2403,B,156,29,3,60,12,12,49,327,0,19,346,685
11,GUANAJUATO,1,DOLORES HIDALGO CUNA DE LA INDEPENDENCIA NACIONAL,30,SAN FELIPE,2404,B,67,10,2,194,16,24,16,331,0,10,341,595
11,GUANAJUATO,1,DOLORES HIDALGO CUNA DE LA INDEPENDENCIA NACIONAL,30,SAN FELIPE,2405,B,20,7,0,127,4,148,13,320,0,11,331,601
11,GUANAJUATO,1,DOLORES HIDALGO CUNA DE LA INDEPENDENCIA NACIONAL,30,SAN FELIPE,2405,C01,43,13,0,126,3,118,16,320,0,16,336,601
11,GUANAJUATO,1,DOLORES HIDALGO CUNA DE LA INDEPENDENCIA NACIONAL,30,SAN FELIPE,2405,C02,29,6,0,86,0,122,12,257,3,19,279,600
11,GUANAJUATO,1,DOLORES HIDALGO CUNA DE LA INDEPENDENCIA NACIONAL,30,SAN FELIPE,2406,B,90,2,0,130,21,7,25,275,0,19,294,709
11,GUANAJUATO,1,DOLORES HIDALGO CUNA DE LA INDEPENDENCIA NACIONAL,30,SAN FELIPE,2406,C01,91,4,0,128,28,11,42,307,0,18,325,709
11,GUANAJUATO,1,DOLORES HIDALGO CUNA DE LA INDEPENDENCIA NACIONAL,30,SAN FELIPE,2407,B,80,11,0,62,29,6,24,214,0,9,223,602
11,GUANAJUATO,1,DOLORES HIDALGO CUNA DE LA INDEPENDENCIA NACIONAL,30,SAN FELIPE,2407,C01,88,12,2,72,48,21,18,263,0,15,278,601
11,GUANAJUATO,1,DOLORES HIDALGO CUNA DE LA INDEPENDENCIA NACIONAL,30,SAN FELIPE,2407,C02,79,14,1,80,36,15,20,250,0,26,276,601
11,GUANAJUATO,1,DOLORES HIDALGO CUNA DE LA INDEPENDENCIA NACIONAL,30,SAN FELIPE,2408,B,68,11,1,69,21,9,21,202,0,16,218,559
11,GUANAJUATO,1,DOLORES HIDALGO CUNA DE LA INDEPENDENCIA NACIONAL,30,SAN FELIPE,2408,C01,85,16,3,75,16,20,21,240,0,12,252,559
11,GUANAJUATO,1,DOLORES HIDALGO CUNA DE LA INDEPENDENCIA NACIONAL,30,SAN FELIPE,2408,C02,65,12,1,92,20,23,34,249,0,5,254,559
11,GUANAJUATO,1,DOLORES HIDALGO CUNA DE LA INDEPENDENCIA NACIONAL,30,SAN FELIPE,2409,B,60,15,0,105,29,19,27,262,0,10,272,563
11,GUANAJUATO,1,DOLORES HIDALGO CUNA DE LA INDEPENDENCIA NACIONAL,30,SAN FELIPE,2409,C01,53,21,1,91,34,18,21,240,0,20,260,563
11,GUANAJUATO,1,DOLORES HIDALGO CUNA DE LA INDEPENDENCIA NACIONAL,30,SAN FELIPE,2409,C02,55,30,2,111,43,18,22,282,0,10,292,563
11,GUANAJUATO,1,DOLORES HIDALGO CUNA DE LA INDEPENDENCIA NACIONAL,30,SAN FELIPE,2409,C03,63,14,3,85,24,20,33,247,0,16,263,563
11,GUANAJUATO,1,DOLORES HIDALGO CUNA DE LA INDEPENDENCIA NACIONAL,30,SAN FELIPE,2410,B,57,28,0,70,6,9,24,199,0,13,212,420
11,GUANAJUATO,1,DOLORES HIDALGO CUNA DE LA INDEPENDENCIA NACIONAL,30,SAN FELIPE,2410,C01,56,59,0,45,3,4,21,190,0,8,198,419
11,GUANAJUATO,1,DOLORES HIDALGO CUNA DE LA INDEPENDENCIA NACIONAL,30,SAN FELIPE,2411,B,28,11,2,92,18,15,47,214,1,8,223,489
11,GUANAJUATO,1,DOLORES HIDALGO CUNA DE LA INDEPENDENCIA NACIONAL,30,SAN FELIPE,2411,C01,18,8,3,67,13,23,51,184,0,15,199,489
11,GUANAJUATO,1,DOLORES HIDALGO CUNA DE LA INDEPENDENCIA NACIONAL,30,SAN FELIPE,2412,B,46,6,1,62,24,6,28,176,0,10,186,473
11,GUANAJUATO,1,DOLORES HIDALGO CUNA DE LA INDEPENDENCIA NACIONAL,30,SAN FELIPE,2412,C01,50,7,3,67,18,11,29,189,0,24,213,473
11,GUANAJUATO,1,DOLORES HIDALGO CUNA DE LA INDEPENDENCIA NACIONAL,30,SAN FELIPE,2413,B,80,3,70,15,26,36,3,235,1,8,244,567
11,GUANAJUATO,1,DOLORES HIDALGO CUNA DE LA INDEPENDENCIA NACIONAL,30,SAN FELIPE,2413,C01,83,4,3,76,6,31,36,240,0,19,259,567
11,GUANAJUATO,1,DOLORES HIDALGO CUNA DE LA INDEPENDENCIA NACIONAL,30,SAN FELIPE,2413,C02,62,7,0,61,9,12,40,194,0,10,204,567
11,GUANAJUATO,1,DOLORES HIDALGO CUNA DE LA INDEPENDENCIA NACIONAL,30,SAN FELIPE,2413,C03,95,5,0,70,11,32,46,261,1,12,274,567
11,GUANAJUATO,1,DOLORES HIDALGO CUNA DE LA INDEPENDENCIA NACIONAL,30,SAN FELIPE,2414,B,111,31,2,108,23,21,66,367,0,11,378,682
11,GUANAJUATO,1,DOLORES HIDALGO CUNA DE LA INDEPENDENCIA NACIONAL,30,SAN FELIPE,2414,C01,86,23,1,110,15,18,57,315,0,18,333,682
11,GUANAJUATO,1,DOLORES HIDALGO CUNA DE LA INDEPENDENCIA NACIONAL,30,SAN FELIPE,2414,C02,107,17,1,121,10,18,61,343,0,0,343,682
11,GUANAJUATO,1,DOLORES HIDALGO CUNA DE LA INDEPENDENCIA NACIONAL,30,SAN FELIPE,2415,B,65,35,3,114,8,13,51,292,0,14,306,655
11,GUANAJUATO,1,DOLORES HIDALGO CUNA DE LA INDEPENDENCIA NACIONAL,30,SAN FELIPE,2415,C01,67,35,1,115,6,26,43,299,0,15,314,655
11,GUANAJUATO,1,DOLORES HIDALGO CUNA DE LA INDEPENDENCIA NACIONAL,30,SAN FELIPE,2416,B,73,8,0,119,2,4,62,270,1,31,302,599
11,GUANAJUATO,1,DOLORES HIDALGO CUNA DE LA INDEPENDENCIA NACIONAL,30,SAN FELIPE,2417,B,97,10,1,61,9,11,26,219,1,7,227,563
11,GUANAJUATO,1,DOLORES HIDALGO CUNA DE LA INDEPENDENCIA NACIONAL,30,SAN FELIPE,2417,C01,72,10,0,70,5,6,22,188,0,15,203,562
11,GUANAJUATO,1,DOLORES HIDALGO CUNA DE LA INDEPENDENCIA NACIONAL,30,SAN FELIPE,2417,C02,99,11,1,47,8,13,23,204,0,6,210,562
11,GUANAJUATO,1,DOLORES HIDALGO CUNA DE LA INDEPENDENCIA NACIONAL,30,SAN FELIPE,2418,B,153,10,1,45,13,18,59,306,0,11,317,609
11,GUANAJUATO,1,DOLORES HIDALGO CUNA DE LA INDEPENDENCIA NACIONAL,30,SAN FELIPE,2419,B,72,11,2,85,6,28,22,230,0,13,243,540
11,GUANAJUATO,1,DOLORES HIDALGO CUNA DE LA INDEPENDENCIA NACIONAL,30,SAN FELIPE,2420,B,117,25,3,140,14,22,24,348,0,8,356,722
11,GUANAJUATO,1,DOLORES HIDALGO CUNA DE LA INDEPENDENCIA NACIONAL,30,SAN FELIPE,2420,C01,144,23,1,126,16,20,35,369,0,15,384,721
11,GUANAJUATO,1,DOLORES HIDALGO CUNA DE LA INDEPENDENCIA NACIONAL,30,SAN FELIPE,2421,B,52,14,1,113,29,5,29,245,0,17,262,601
11,GUANAJUATO,1,DOLORES HIDALGO CUNA DE LA INDEPENDENCIA NACIONAL,30,SAN FELIPE,2421,C01,52,15,5,126,33,14,26,273,0,19,292,600
11,GUANAJUATO,1,DOLORES HIDALGO CUNA DE LA INDEPENDENCIA NACIONAL,30,SAN FELIPE,2422,B,129,4,3,89,16,30,55,329,0,0,329,680
11,GUANAJUATO,1,DOLORES HIDALGO CUNA DE LA INDEPENDENCIA NACIONAL,30,SAN FELIPE,2422,C01,118,9,2,92,11,26,54,316,0,6,322,679
11,GUANAJUATO,1,DOLORES HIDALGO CUNA DE LA INDEPENDENCIA NACIONAL,30,SAN FELIPE,2423,B,81,8,4,75,6,16,32,227,0,15,242,442
11,GUANAJUATO,1,DOLORES HIDALGO CUNA DE LA INDEPENDENCIA NACIONAL,30,SAN FELIPE,2423,C01,90,8,1,78,10,12,32,232,0,8,240,441
11,GUANAJUATO,1,DOLORES HIDALGO CUNA DE LA INDEPENDENCIA NACIONAL,30,SAN FELIPE,2424,B,55,15,2,83,11,20,22,211,0,15,226,474
11,GUANAJUATO,1,DOLORES HIDALGO CUNA DE LA INDEPENDENCIA NACIONAL,30,SAN FELIPE,2424,C01,45,16,7,81,15,17,22,206,0,13,219,473
11,GUANAJUATO,1,DOLORES HIDALGO CUNA DE LA INDEPENDENCIA NACIONAL,30,SAN FELIPE,2425,B,58,6,2,131,10,22,25,254,0,15,269,544
11,GUANAJUATO,1,DOLORES HIDALGO CUNA DE LA INDEPENDENCIA NACIONAL,30,SAN FELIPE,2425,C01,60,12,2,141,13,6,18,254,0,9,263,544
11,GUANAJUATO,1,DOLORES HIDALGO CUNA DE LA INDEPENDENCIA NACIONAL,30,SAN FELIPE,2426,B,123,12,4,95,19,12,15,280,0,17,297,530
11,GUANAJUATO,1,DOLORES HIDALGO CUNA DE LA INDEPENDENCIA NACIONAL,30,SAN FELIPE,2426,C01,78,10,2,76,35,17,17,237,0,5,242,530
11,GUANAJUATO,1,DOLORES HIDALGO CUNA DE LA INDEPENDENCIA NACIONAL,30,SAN FELIPE,2427,B,66,6,1,94,16,24,46,254,0,13,267,575
11,GUANAJUATO,1,DOLORES HIDALGO CUNA DE LA INDEPENDENCIA NACIONAL,30,SAN FELIPE,2427,C01,74,7,2,117,11,19,40,272,0,16,288,575
11,GUANAJUATO,1,DOLORES HIDALGO CUNA DE LA INDEPENDENCIA NACIONAL,30,SAN FELIPE,2428,B,67,3,1,93,14,25,23,228,0,11,239,455
11,GUANAJUATO,1,DOLORES HIDALGO CUNA DE LA INDEPENDENCIA NACIONAL,30,SAN FELIPE,2429,B,49,8,1,125,7,21,19,230,0,16,246,474
11,GUANAJUATO,1,DOLORES HIDALGO CUNA DE LA INDEPENDENCIA NACIONAL,30,SAN FELIPE,2429,C01,37,2,1,155,10,12,17,234,0,18,252,474
11,GUANAJUATO,1,DOLORES HIDALGO CUNA DE LA INDEPENDENCIA NACIONAL,30,SAN FELIPE,2430,B,168,7,3,67,3,17,22,293,0,21,314,472
11,GUANAJUATO,1,DOLORES HIDALGO CUNA DE LA INDEPENDENCIA NACIONAL,30,SAN FELIPE,2431,B,72,9,1,76,8,2,19,189,0,10,199,448
11,GUANAJUATO,1,DOLORES HIDALGO CUNA DE LA INDEPENDENCIA NACIONAL,30,SAN FELIPE,2431,C01,65,15,0,52,10,1,12,155,0,20,175,448
11,GUANAJUATO,1,DOLORES HIDALGO CUNA DE LA INDEPENDENCIA NACIONAL,30,SAN FELIPE,2432,B,82,5,2,73,9,4,22,197,0,8,205,407
11,GUANAJUATO,1,DOLORES HIDALGO CUNA DE LA INDEPENDENCIA NACIONAL,30,SAN FELIPE,2432,C01,65,5,2,80,11,14,19,197,8,0,205,406
11,GUANAJUATO,1,DOLORES HIDALGO CUNA DE LA INDEPENDENCIA NACIONAL,30,SAN FELIPE,2433,B,54,6,1,95,12,8,17,195,0,14,209,424
11,GUANAJUATO,1,DOLORES HIDALGO CUNA DE LA INDEPENDENCIA NACIONAL,30,SAN FELIPE,2433,C01,50,5,4,98,8,10,35,219,0,17,236,424
11,GUANAJUATO,1,DOLORES HIDALGO CUNA DE LA INDEPENDENCIA NACIONAL,30,SAN FELIPE,2434,B,38,5,2,81,5,8,51,190,0,13,203,405
11,GUANAJUATO,1,DOLORES HIDALGO CUNA DE LA INDEPENDENCIA NACIONAL,30,SAN FELIPE,2434,C01,60,8,4,79,6,6,47,211,0,14,225,405
11,GUANAJUATO,1,DOLORES HIDALGO CUNA DE LA INDEPENDENCIA NACIONAL,30,SAN FELIPE,2435,B,81,7,4,91,15,13,7,221,0,10,231,455
11,GUANAJUATO,1,DOLORES HIDALGO CUNA DE LA INDEPENDENCIA NACIONAL,30,SAN FELIPE,2435,C01,71,6,1,79,15,12,21,207,0,13,220,454
11,GUANAJUATO,1,DOLORES HIDALGO CUNA DE LA INDEPENDENCIA NACIONAL,30,SAN FELIPE,2436,B,116,15,1,90,5,7,16,256,2,21,279,481
11,GUANAJUATO,1,DOLORES HIDALGO CUNA DE LA INDEPENDENCIA NACIONAL,30,SAN FELIPE,2436,C01,120,19,1,79,3,4,18,248,0,23,271,481
11,GUANAJUATO,1,DOLORES HIDALGO CUNA DE LA INDEPENDENCIA NACIONAL,30,SAN FELIPE,2437,B,139,12,2,203,14,9,58,439,0,30,469,748
11,GUANAJUATO,1,DOLORES HIDALGO CUNA DE LA INDEPENDENCIA NACIONAL,30,SAN FELIPE,2438,B,60,6,3,78,14,7,24,194,0,6,200,413
11,GUANAJUATO,1,DOLORES HIDALGO CUNA DE LA INDEPENDENCIA NACIONAL,30,SAN FELIPE,2438,C01,47,7,4,101,15,11,20,207,0,10,217,413
11,GUANAJUATO,1,DOLORES HIDALGO CUNA DE LA INDEPENDENCIA NACIONAL,30,SAN FELIPE,2439,B,91,18,2,127,10,25,21,302,0,7,309,619
11,GUANAJUATO,1,DOLORES HIDALGO CUNA DE LA INDEPENDENCIA NACIONAL,30,SAN FELIPE,2439,C01,101,15,2,138,16,20,22,319,0,23,342,618
11,GUANAJUATO,1,DOLORES HIDALGO CUNA DE LA INDEPENDENCIA NACIONAL,30,SAN FELIPE,2440,B,89,5,0,149,4,8,16,274,0,19,293,499
11,GUANAJUATO,1,DOLORES HIDALGO CUNA DE LA INDEPENDENCIA NACIONAL,30,SAN FELIPE,2440,C01,71,5,1,159,3,10,18,272,0,14,286,499
11,GUANAJUATO,1,DOLORES HIDALGO CUNA DE LA INDEPENDENCIA NACIONAL,30,SAN FELIPE,2441,B,39,14,1,102,30,4,15,205,0,15,220,545
11,GUANAJUATO,1,DOLORES HIDALGO CUNA DE LA INDEPENDENCIA NACIONAL,30,SAN FELIPE,2441,C01,35,8,1,108,32,9,16,209,0,14,223,544
11,GUANAJUATO,1,DOLORES HIDALGO CUNA DE LA INDEPENDENCIA NACIONAL,30,SAN FELIPE,2442,B,70,8,2,102,2,14,40,242,0,19,261,585
11,GUANAJUATO,1,DOLORES HIDALGO CUNA DE LA INDEPENDENCIA NACIONAL,30,SAN FELIPE,2443,B,57,17,1,120,24,10,34,265,0,31,296,605
11,GUANAJUATO,1,DOLORES HIDALGO CUNA DE LA INDEPENDENCIA NACIONAL,30,SAN FELIPE,2444,B,136,15,1,101,5,10,49,320,0,8,328,679
11,GUANAJUATO,1,DOLORES HIDALGO CUNA DE LA INDEPENDENCIA NACIONAL,30,SAN FELIPE,2445,B,105,12,1,111,2,4,15,252,0,12,264,503
11,GUANAJUATO,10,SAN FRANCISCO DEL RINCON,31,SAN FRANCISCO DEL RINCON,0,VA14,1,0,0,0,1,0,1,3,0,0,3,3
11,GUANAJUATO,10,SAN FRANCISCO DEL RINCON,31,SAN FRANCISCO DEL RINCON,2446,B,56,64,2,23,4,6,78,233,0,15,248,488
11,GUANAJUATO,10,SAN FRANCISCO DEL RINCON,31,SAN FRANCISCO DEL RINCON,2447,B,207,81,0,31,2,19,122,462,0,14,476,705
11,GUANAJUATO,10,SAN FRANCISCO DEL RINCON,31,SAN FRANCISCO DEL RINCON,2447,C01,220,93,4,15,1,24,106,463,0,10,473,705
11,GUANAJUATO,10,SAN FRANCISCO DEL RINCON,31,SAN FRANCISCO DEL RINCON,2447,C02,230,91,0,21,6,25,84,457,0,15,472,705
11,GUANAJUATO,10,SAN FRANCISCO DEL RINCON,31,SAN FRANCISCO DEL RINCON,2447,C03,208,84,0,23,3,17,104,439,0,6,445,704
11,GUANAJUATO,10,SAN FRANCISCO DEL RINCON,31,SAN FRANCISCO DEL RINCON,2447,C04,221,89,3,24,6,13,95,451,0,20,471,704
11,GUANAJUATO,10,SAN FRANCISCO DEL RINCON,31,SAN FRANCISCO DEL RINCON,2447,C05,224,78,2,22,4,22,96,448,0,9,457,704
11,GUANAJUATO,10,SAN FRANCISCO DEL RINCON,31,SAN FRANCISCO DEL RINCON,2448,B,235,86,1,21,2,11,72,428,0,8,436,628
11,GUANAJUATO,10,SAN FRANCISCO DEL RINCON,31,SAN FRANCISCO DEL RINCON,2448,C01,243,71,0,18,5,8,75,420,0,10,430,628
11,GUANAJUATO,10,SAN FRANCISCO DEL RINCON,31,SAN FRANCISCO DEL RINCON,2448,C02,223,66,1,11,1,15,85,402,0,24,426,628
11,GUANAJUATO,10,SAN FRANCISCO DEL RINCON,31,SAN FRANCISCO DEL RINCON,2449,B,221,82,0,23,3,15,114,458,1,13,472,738
11,GUANAJUATO,10,SAN FRANCISCO DEL RINCON,31,SAN FRANCISCO DEL RINCON,2449,C01,249,64,2,18,6,9,126,474,0,17,491,738
11,GUANAJUATO,10,SAN FRANCISCO DEL RINCON,31,SAN FRANCISCO DEL RINCON,2450,B,199,72,2,23,1,19,112,428,0,13,441,646
11,GUANAJUATO,10,SAN FRANCISCO DEL RINCON,31,SAN FRANCISCO DEL RINCON,2450,C01,186,81,0,19,4,13,110,413,0,10,423,646
11,GUANAJUATO,10,SAN FRANCISCO DEL RINCON,31,SAN FRANCISCO DEL RINCON,2450,S01,28,17,0,9,2,2,24,82,0,4,86,0
11,GUANAJUATO,10,SAN FRANCISCO DEL RINCON,31,SAN FRANCISCO DEL RINCON,2451,B,201,65,1,11,2,12,97,389,1,9,399,601
11,GUANAJUATO,10,SAN FRANCISCO DEL RINCON,31,SAN FRANCISCO DEL RINCON,2451,C01,190,73,0,14,0,17,87,381,0,16,397,601
11,GUANAJUATO,10,SAN FRANCISCO DEL RINCON,31,SAN FRANCISCO DEL RINCON,2452,B,149,106,1,20,2,19,108,405,0,13,418,648
11,GUANAJUATO,10,SAN FRANCISCO DEL RINCON,31,SAN FRANCISCO DEL RINCON,2452,C01,145,114,2,20,3,7,116,407,0,7,414,647
11,GUANAJUATO,10,SAN FRANCISCO DEL RINCON,31,SAN FRANCISCO DEL RINCON,2453,B,147,72,0,14,1,10,121,365,0,15,380,660
11,GUANAJUATO,10,SAN FRANCISCO DEL RINCON,31,SAN FRANCISCO DEL RINCON,2453,C01,175,71,2,14,3,12,110,387,0,13,400,659
11,GUANAJUATO,10,SAN FRANCISCO DEL RINCON,31,SAN FRANCISCO DEL RINCON,2454,B,132,60,0,18,3,17,103,333,0,13,346,535
11,GUANAJUATO,10,SAN FRANCISCO DEL RINCON,31,SAN FRANCISCO DEL RINCON,2454,C01,140,71,3,15,2,24,100,355,0,11,366,534
11,GUANAJUATO,10,SAN FRANCISCO DEL RINCON,31,SAN FRANCISCO DEL RINCON,2454,C02,140,66,1,15,2,15,91,330,0,16,346,534
11,GUANAJUATO,10,SAN FRANCISCO DEL RINCON,31,SAN FRANCISCO DEL RINCON,2455,B,71,28,2,20,4,4,35,164,0,13,177,412
11,GUANAJUATO,10,SAN FRANCISCO DEL RINCON,31,SAN FRANCISCO DEL RINCON,2456,B,30,68,3,23,1,14,91,230,0,17,247,469
11,GUANAJUATO,10,SAN FRANCISCO DEL RINCON,31,SAN FRANCISCO DEL RINCON,2456,C01,136,43,3,12,2,15,98,309,0,6,315,468
11,GUANAJUATO,10,SAN FRANCISCO DEL RINCON,31,SAN FRANCISCO DEL RINCON,2457,B,225,47,0,6,2,8,65,353,0,8,361,497
11,GUANAJUATO,10,SAN FRANCISCO DEL RINCON,31,SAN FRANCISCO DEL RINCON,2457,C01,166,52,1,10,2,9,81,321,0,10,331,497
11,GUANAJUATO,10,SAN FRANCISCO DEL RINCON,31,SAN FRANCISCO DEL RINCON,2458,B,118,63,2,9,1,3,80,276,0,8,284,428
11,GUANAJUATO,10,SAN FRANCISCO DEL RINCON,31,SAN FRANCISCO DEL RINCON,2458,C01,121,68,1,12,1,5,85,293,0,8,301,427
11,GUANAJUATO,10,SAN FRANCISCO DEL RINCON,31,SAN FRANCISCO DEL RINCON,2459,B,216,96,4,13,2,13,114,458,1,13,472,664
11,GUANAJUATO,10,SAN FRANCISCO DEL RINCON,31,SAN FRANCISCO DEL RINCON,2459,C01,229,93,6,15,0,15,131,489,0,5,494,663
11,GUANAJUATO,10,SAN FRANCISCO DEL RINCON,31,SAN FRANCISCO DEL RINCON,2460,B,158,92,0,16,2,14,98,380,0,8,388,602
11,GUANAJUATO,10,SAN FRANCISCO DEL RINCON,31,SAN FRANCISCO DEL RINCON,2460,C01,186,73,3,20,4,7,113,406,0,13,419,602
11,GUANAJUATO,10,SAN FRANCISCO DEL RINCON,31,SAN FRANCISCO DEL RINCON,2461,B,154,49,0,7,1,8,73,292,0,11,303,398
11,GUANAJUATO,10,SAN FRANCISCO DEL RINCON,31,SAN FRANCISCO DEL RINCON,2461,C01,156,42,0,3,3,12,61,277,0,6,283,397
11,GUANAJUATO,10,SAN FRANCISCO DEL RINCON,31,SAN FRANCISCO DEL RINCON,2462,B,253,118,4,8,3,17,87,490,0,12,502,731
11,GUANAJUATO,10,SAN FRANCISCO DEL RINCON,31,SAN FRANCISCO DEL RINCON,2463,B,172,79,1,22,2,15,136,427,0,9,436,646
11,GUANAJUATO,10,SAN FRANCISCO DEL RINCON,31,SAN FRANCISCO DEL RINCON,2463,C01,175,85,4,26,2,11,120,423,0,15,438,646
11,GUANAJUATO,10,SAN FRANCISCO DEL RINCON,31,SAN FRANCISCO DEL RINCON,2464,B,123,53,1,10,4,15,77,283,0,7,290,410
11,GUANAJUATO,10,SAN FRANCISCO DEL RINCON,31,SAN FRANCISCO DEL RINCON,2464,C01,132,53,1,9,0,12,72,279,0,9,288,409
11,GUANAJUATO,10,SAN FRANCISCO DEL RINCON,31,SAN FRANCISCO DEL RINCON,2465,B,134,59,0,18,3,17,106,337,0,6,343,580
11,GUANAJUATO,10,SAN FRANCISCO DEL RINCON,31,SAN FRANCISCO DEL RINCON,2465,C01,124,65,2,28,6,16,107,348,0,9,357,580
11,GUANAJUATO,10,SAN FRANCISCO DEL RINCON,31,SAN FRANCISCO DEL RINCON,2465,C02,155,67,8,29,12,2,98,371,0,11,382,580
11,GUANAJUATO,10,SAN FRANCISCO DEL RINCON,31,SAN FRANCISCO DEL RINCON,2465,C03,147,64,1,12,1,12,104,341,0,13,354,579
11,GUANAJUATO,10,SAN FRANCISCO DEL RINCON,31,SAN FRANCISCO DEL RINCON,2466,B,202,60,4,17,1,11,99,394,0,14,408,624
11,GUANAJUATO,10,SAN FRANCISCO DEL RINCON,31,SAN FRANCISCO DEL RINCON,2466,C01,176,80,2,25,6,26,85,400,0,16,416,624
11,GUANAJUATO,10,SAN FRANCISCO DEL RINCON,31,SAN FRANCISCO DEL RINCON,2467,B,113,57,2,8,3,7,49,239,0,3,242,417
11,GUANAJUATO,10,SAN FRANCISCO DEL RINCON,31,SAN FRANCISCO DEL RINCON,2467,C01,110,42,5,8,5,10,66,246,0,4,250,417
11,GUANAJUATO,10,SAN FRANCISCO DEL RINCON,31,SAN FRANCISCO DEL RINCON,2468,B,124,63,0,32,1,14,119,353,0,19,372,673
11,GUANAJUATO,10,SAN FRANCISCO DEL RINCON,31,SAN FRANCISCO DEL RINCON,2468,C01,116,64,3,24,6,17,117,347,0,13,360,673
11,GUANAJUATO,10,SAN FRANCISCO DEL RINCON,31,SAN FRANCISCO DEL RINCON,2468,C02,117,73,3,25,7,9,122,356,0,19,375,672
11,GUANAJUATO,10,SAN FRANCISCO DEL RINCON,31,SAN FRANCISCO DEL RINCON,2469,B,87,49,3,19,4,15,100,277,0,12,289,625
11,GUANAJUATO,10,SAN FRANCISCO DEL RINCON,31,SAN FRANCISCO DEL RINCON,2469,C01,76,58,0,17,7,7,106,271,0,14,285,625
11,GUANAJUATO,10,SAN FRANCISCO DEL RINCON,31,SAN FRANCISCO DEL RINCON,2469,C02,68,69,1,20,5,10,93,266,0,7,273,624
11,GUANAJUATO,10,SAN FRANCISCO DEL RINCON,31,SAN FRANCISCO DEL RINCON,2469,C03,79,54,2,20,9,10,102,276,0,17,293,624
11,GUANAJUATO,10,SAN FRANCISCO DEL RINCON,31,SAN FRANCISCO DEL RINCON,2470,B,107,55,1,26,4,12,128,333,0,15,348,706
11,GUANAJUATO,10,SAN FRANCISCO DEL RINCON,31,SAN FRANCISCO DEL RINCON,2470,C01,126,75,1,17,7,10,118,354,0,15,369,705
11,GUANAJUATO,10,SAN FRANCISCO DEL RINCON,31,SAN FRANCISCO DEL RINCON,2470,C02,128,68,5,23,4,14,115,357,0,13,370,705
11,GUANAJUATO,10,SAN FRANCISCO DEL RINCON,31,SAN FRANCISCO DEL RINCON,2470,C03,113,60,2,17,9,21,113,335,0,15,350,705
11,GUANAJUATO,10,SAN FRANCISCO DEL RINCON,31,SAN FRANCISCO DEL RINCON,2470,C04,134,55,2,27,2,14,125,359,0,11,370,705
11,GUANAJUATO,10,SAN FRANCISCO DEL RINCON,31,SAN FRANCISCO DEL RINCON,2471,B,119,73,3,36,4,11,145,391,0,22,413,737
11,GUANAJUATO,10,SAN FRANCISCO DEL RINCON,31,SAN FRANCISCO DEL RINCON,2471,C01,128,68,1,40,7,13,147,404,0,9,413,737
11,GUANAJUATO,10,SAN FRANCISCO DEL RINCON,31,SAN FRANCISCO DEL RINCON,2472,B,117,52,2,9,3,8,74,265,0,8,273,449
11,GUANAJUATO,10,SAN FRANCISCO DEL RINCON,31,SAN FRANCISCO DEL RINCON,2472,C01,112,56,4,8,2,7,78,267,1,6,274,448
11,GUANAJUATO,10,SAN FRANCISCO DEL RINCON,31,SAN FRANCISCO DEL RINCON,2473,B,159,74,1,13,2,9,91,349,0,8,357,566
11,GUANAJUATO,10,SAN FRANCISCO DEL RINCON,31,SAN FRANCISCO DEL RINCON,2473,C01,129,79,1,8,3,17,104,341,0,12,353,566
11,GUANAJUATO,10,SAN FRANCISCO DEL RINCON,31,SAN FRANCISCO DEL RINCON,2473,C02,180,87,2,18,0,12,90,389,0,6,395,566
11,GUANAJUATO,10,SAN FRANCISCO DEL RINCON,31,SAN FRANCISCO DEL RINCON,2474,B,257,79,2,11,3,12,102,466,0,14,480,676
11,GUANAJUATO,10,SAN FRANCISCO DEL RINCON,31,SAN FRANCISCO DEL RINCON,2474,C01,259,63,1,21,5,12,115,476,0,14,490,676
11,GUANAJUATO,10,SAN FRANCISCO DEL RINCON,31,SAN FRANCISCO DEL RINCON,2474,C02,236,98,3,22,4,8,105,476,0,9,485,676
11,GUANAJUATO,10,SAN FRANCISCO DEL RINCON,31,SAN FRANCISCO DEL RINCON,2474,C03,222,76,0,15,3,17,117,450,0,8,458,675
11,GUANAJUATO,10,SAN FRANCISCO DEL RINCON,31,SAN FRANCISCO DEL RINCON,2475,B,187,80,0,20,3,22,100,412,0,13,425,681
11,GUANAJUATO,10,SAN FRANCISCO DEL RINCON,31,SAN FRANCISCO DEL RINCON,2475,C01,195,81,2,19,1,21,106,425,0,10,435,681
11,GUANAJUATO,10,SAN FRANCISCO DEL RINCON,31,SAN FRANCISCO DEL RINCON,2475,C02,189,67,1,19,3,22,129,430,0,13,443,681
11,GUANAJUATO,10,SAN FRANCISCO DEL RINCON,31,SAN FRANCISCO DEL RINCON,2475,C03,160,77,4,27,6,13,127,414,0,17,431,681
11,GUANAJUATO,10,SAN FRANCISCO DEL RINCON,31,SAN FRANCISCO DEL RINCON,2475,C04,174,84,3,11,3,27,130,432,0,11,443,681
11,GUANAJUATO,10,SAN FRANCISCO DEL RINCON,31,SAN FRANCISCO DEL RINCON,2475,C05,192,75,4,18,6,19,120,434,0,10,444,681
11,GUANAJUATO,10,SAN FRANCISCO DEL RINCON,31,SAN FRANCISCO DEL RINCON,2475,C06,174,77,2,27,3,29,110,422,0,7,429,681
11,GUANAJUATO,10,SAN FRANCISCO DEL RINCON,31,SAN FRANCISCO DEL RINCON,2475,C07,197,74,2,20,3,21,115,432,0,10,442,681
11,GUANAJUATO,10,SAN FRANCISCO DEL RINCON,31,SAN FRANCISCO DEL RINCON,2475,C08,191,81,3,22,3,20,121,441,0,3,444,680
11,GUANAJUATO,10,SAN FRANCISCO DEL RINCON,31,SAN FRANCISCO DEL RINCON,2476,B,87,49,3,16,5,14,100,274,0,13,287,520
11,GUANAJUATO,10,SAN FRANCISCO DEL RINCON,31,SAN FRANCISCO DEL RINCON,2476,C01,89,61,1,18,5,9,85,268,0,14,282,520
11,GUANAJUATO,10,SAN FRANCISCO DEL RINCON,31,SAN FRANCISCO DEL RINCON,2476,C02,120,48,4,19,3,13,83,290,0,12,302,520
11,GUANAJUATO,10,SAN FRANCISCO DEL RINCON,31,SAN FRANCISCO DEL RINCON,2478,B,116,42,1,12,3,6,100,280,0,14,294,600
11,GUANAJUATO,10,SAN FRANCISCO DEL RINCON,31,SAN FRANCISCO DEL RINCON,2478,C01,125,48,1,25,3,2,105,309,0,16,325,600
11,GUANAJUATO,10,SAN FRANCISCO DEL RINCON,31,SAN FRANCISCO DEL RINCON,2478,C02,116,47,2,20,5,6,103,299,0,12,311,600
11,GUANAJUATO,10,SAN FRANCISCO DEL RINCON,31,SAN FRANCISCO DEL RINCON,2478,C03,125,52,1,11,6,9,76,280,0,7,287,599
11,GUANAJUATO,10,SAN FRANCISCO DEL RINCON,31,SAN FRANCISCO DEL RINCON,2479,B,101,55,0,7,5,29,115,312,0,18,330,640
11,GUANAJUATO,10,SAN FRANCISCO DEL RINCON,31,SAN FRANCISCO DEL RINCON,2479,C01,127,71,0,10,6,16,102,332,0,17,349,640
11,GUANAJUATO,10,SAN FRANCISCO DEL RINCON,31,SAN FRANCISCO DEL RINCON,2479,C02,118,50,0,18,4,15,115,320,0,19,339,639
11,GUANAJUATO,10,SAN FRANCISCO DEL RINCON,31,SAN FRANCISCO DEL RINCON,2480,B,136,58,2,17,4,17,137,371,0,13,384,694
11,GUANAJUATO,10,SAN FRANCISCO DEL RINCON,31,SAN FRANCISCO DEL RINCON,2480,C01,112,46,2,10,10,9,139,328,0,20,348,694
11,GUANAJUATO,10,SAN FRANCISCO DEL RINCON,31,SAN FRANCISCO DEL RINCON,2481,B,171,108,4,14,5,15,99,416,0,13,429,739
11,GUANAJUATO,10,SAN FRANCISCO DEL RINCON,31,SAN FRANCISCO DEL RINCON,2481,C01,167,106,1,16,5,21,118,434,0,11,445,739
11,GUANAJUATO,10,SAN FRANCISCO DEL RINCON,31,SAN FRANCISCO DEL RINCON,2481,C02,187,76,1,25,5,18,128,440,0,19,459,739
11,GUANAJUATO,10,SAN FRANCISCO DEL RINCON,31,SAN FRANCISCO DEL RINCON,2481,C03,175,85,2,19,6,13,124,424,0,11,435,739
11,GUANAJUATO,10,SAN FRANCISCO DEL RINCON,31,SAN FRANCISCO DEL RINCON,2481,C04,170,88,2,13,5,11,113,402,0,15,417,739
11,GUANAJUATO,10,SAN FRANCISCO DEL RINCON,31,SAN FRANCISCO DEL RINCON,2482,B,106,98,2,14,3,11,100,334,0,22,356,665
11,GUANAJUATO,10,SAN FRANCISCO DEL RINCON,31,SAN FRANCISCO DEL RINCON,2482,C01,114,73,0,17,5,15,86,310,0,17,327,665
11,GUANAJUATO,10,SAN FRANCISCO DEL RINCON,31,SAN FRANCISCO DEL RINCON,2482,C02,105,84,2,15,6,8,87,307,0,25,332,665
11,GUANAJUATO,10,SAN FRANCISCO DEL RINCON,31,SAN FRANCISCO DEL RINCON,2483,B,113,112,2,13,1,13,97,351,0,18,369,610
11,GUANAJUATO,10,SAN FRANCISCO DEL RINCON,31,SAN FRANCISCO DEL RINCON,2483,C01,107,110,2,13,3,8,90,333,0,19,352,610
11,GUANAJUATO,10,SAN FRANCISCO DEL RINCON,31,SAN FRANCISCO DEL RINCON,2484,B,57,53,1,9,0,11,67,198,0,7,205,419
11,GUANAJUATO,10,SAN FRANCISCO DEL RINCON,31,SAN FRANCISCO DEL RINCON,2484,C01,47,46,1,13,6,14,59,186,0,9,195,419
11,GUANAJUATO,10,SAN FRANCISCO DEL RINCON,31,SAN FRANCISCO DEL RINCON,2485,B,111,38,4,17,8,16,98,292,0,14,306,660
11,GUANAJUATO,10,SAN FRANCISCO DEL RINCON,31,SAN FRANCISCO DEL RINCON,2485,C01,109,47,3,21,6,12,97,295,0,17,312,660
11,GUANAJUATO,10,SAN FRANCISCO DEL RINCON,31,SAN FRANCISCO DEL RINCON,2485,C02,96,43,1,13,8,12,118,291,0,9,300,659
11,GUANAJUATO,10,SAN FRANCISCO DEL RINCON,31,SAN FRANCISCO DEL RINCON,2485,C03,94,42,1,16,5,8,111,277,0,10,287,659
11,GUANAJUATO,10,SAN FRANCISCO DEL RINCON,31,SAN FRANCISCO DEL RINCON,2486,B,158,31,4,17,4,15,102,331,0,29,360,729
11,GUANAJUATO,10,SAN FRANCISCO DEL RINCON,31,SAN FRANCISCO DEL RINCON,2486,C01,160,29,6,19,3,20,110,347,0,28,375,729
11,GUANAJUATO,10,SAN FRANCISCO DEL RINCON,31,SAN FRANCISCO DEL RINCON,2486,C02,148,49,5,22,1,12,99,336,0,18,354,728
11,GUANAJUATO,10,SAN FRANCISCO DEL RINCON,31,SAN FRANCISCO DEL RINCON,2486,C03,168,31,5,16,8,27,120,375,0,20,395,728
11,GUANAJUATO,10,SAN FRANCISCO DEL RINCON,31,SAN FRANCISCO DEL RINCON,2487,B,75,132,3,11,4,6,77,308,0,19,327,632
11,GUANAJUATO,10,SAN FRANCISCO DEL RINCON,31,SAN FRANCISCO DEL RINCON,2487,C01,63,125,0,7,4,11,106,316,0,22,338,632
11,GUANAJUATO,10,SAN FRANCISCO DEL RINCON,31,SAN FRANCISCO DEL RINCON,2488,B,132,46,0,16,9,3,81,287,0,21,308,516
11,GUANAJUATO,10,SAN FRANCISCO DEL RINCON,31,SAN FRANCISCO DEL RINCON,2488,C01,132,46,1,10,8,5,70,272,0,16,288,516
11,GUANAJUATO,10,SAN FRANCISCO DEL RINCON,31,SAN FRANCISCO DEL RINCON,2489,B,93,56,2,10,3,3,50,217,0,15,232,475
11,GUANAJUATO,10,SAN FRANCISCO DEL RINCON,31,SAN FRANCISCO DEL RINCON,2489,C01,96,31,3,11,2,11,58,212,0,18,230,474
11,GUANAJUATO,10,SAN FRANCISCO DEL RINCON,31,SAN FRANCISCO DEL RINCON,2490,B,62,124,1,5,1,9,78,280,0,6,286,557
11,GUANAJUATO,10,SAN FRANCISCO DEL RINCON,31,SAN FRANCISCO DEL RINCON,2490,C01,78,101,1,12,4,11,79,286,0,13,299,557
11,GUANAJUATO,10,SAN FRANCISCO DEL RINCON,31,SAN FRANCISCO DEL RINCON,2490,C02,47,91,2,9,2,9,83,243,0,6,249,557
11,GUANAJUATO,10,SAN FRANCISCO DEL RINCON,31,SAN FRANCISCO DEL RINCON,2491,B,72,113,0,17,3,9,60,274,0,22,296,643
11,GUANAJUATO,10,SAN FRANCISCO DEL RINCON,31,SAN FRANCISCO DEL RINCON,2491,C01,72,125,1,9,2,4,52,265,0,15,280,642
11,GUANAJUATO,10,SAN FRANCISCO DEL RINCON,31,SAN FRANCISCO DEL RINCON,2492,B,72,64,2,16,3,9,54,220,0,20,240,550
11,GUANAJUATO,10,SAN FRANCISCO DEL RINCON,31,SAN FRANCISCO DEL RINCON,2492,C01,61,77,2,9,4,10,52,215,0,13,228,549
11,GUANAJUATO,10,SAN FRANCISCO DEL RINCON,31,SAN FRANCISCO DEL RINCON,2492,C02,87,48,0,8,5,7,57,212,0,11,223,549
11,GUANAJUATO,10,SAN FRANCISCO DEL RINCON,31,SAN FRANCISCO DEL RINCON,2493,B,76,59,0,11,6,7,55,214,0,16,230,414
11,GUANAJUATO,10,SAN FRANCISCO DEL RINCON,31,SAN FRANCISCO DEL RINCON,2493,C01,89,55,0,12,4,7,65,232,0,8,240,413
11,GUANAJUATO,10,SAN FRANCISCO DEL RINCON,31,SAN FRANCISCO DEL RINCON,2494,B,95,108,1,11,0,2,30,247,0,11,258,709
11,GUANAJUATO,10,SAN FRANCISCO DEL RINCON,31,SAN FRANCISCO DEL RINCON,2494,C01,102,96,1,16,6,4,41,266,0,17,283,708
11,GUANAJUATO,10,SAN FRANCISCO DEL RINCON,31,SAN FRANCISCO DEL RINCON,2494,C02,93,95,2,23,7,8,32,260,0,11,271,708
11,GUANAJUATO,10,SAN FRANCISCO DEL RINCON,31,SAN FRANCISCO DEL RINCON,2495,B,146,67,1,9,4,6,60,293,0,12,305,730
11,GUANAJUATO,10,SAN FRANCISCO DEL RINCON,31,SAN FRANCISCO DEL RINCON,2495,C01,131,58,1,8,8,10,76,292,0,15,307,730
11,GUANAJUATO,10,SAN FRANCISCO DEL RINCON,31,SAN FRANCISCO DEL RINCON,2496,B,80,113,2,17,4,11,96,323,0,23,346,677
11,GUANAJUATO,10,SAN FRANCISCO DEL RINCON,31,SAN FRANCISCO DEL RINCON,2496,C01,70,98,1,18,5,10,113,315,0,14,329,676
11,GUANAJUATO,10,SAN FRANCISCO DEL RINCON,31,SAN FRANCISCO DEL RINCON,2496,C02,61,106,3,16,5,10,94,295,0,17,312,676
11,GUANAJUATO,10,SAN FRANCISCO DEL RINCON,31,SAN FRANCISCO DEL RINCON,2497,B,90,37,0,22,2,4,66,221,0,9,230,568
11,GUANAJUATO,10,SAN FRANCISCO DEL RINCON,31,SAN FRANCISCO DEL RINCON,2497,C01,103,43,1,48,3,12,62,272,0,7,279,567
11,GUANAJUATO,10,SAN FRANCISCO DEL RINCON,31,SAN FRANCISCO DEL RINCON,2498,B,37,31,3,18,2,5,135,231,0,15,246,537
11,GUANAJUATO,10,SAN FRANCISCO DEL RINCON,31,SAN FRANCISCO DEL RINCON,2498,C01,38,33,1,12,6,11,134,235,0,10,245,536
11,GUANAJUATO,10,SAN FRANCISCO DEL RINCON,31,SAN FRANCISCO DEL RINCON,2499,B,63,73,0,16,3,12,119,286,0,16,302,587
11,GUANAJUATO,10,SAN FRANCISCO DEL RINCON,31,SAN FRANCISCO DEL RINCON,2499,C01,54,64,2,12,2,10,109,253,0,19,272,587
11,GUANAJUATO,10,SAN FRANCISCO DEL RINCON,31,SAN FRANCISCO DEL RINCON,2500,B,77,33,0,10,2,4,34,160,0,9,169,452
11,GUANAJUATO,10,SAN FRANCISCO DEL RINCON,31,SAN FRANCISCO DEL RINCON,2500,C01,79,52,1,3,1,3,38,177,0,13,190,451
11,GUANAJUATO,10,SAN FRANCISCO DEL RINCON,31,SAN FRANCISCO DEL RINCON,2501,B,58,51,1,15,3,8,59,195,0,10,205,501
11,GUANAJUATO,10,SAN FRANCISCO DEL RINCON,31,SAN FRANCISCO DEL RINCON,2501,C01,39,49,0,21,2,8,55,174,0,12,186,500
11,GUANAJUATO,10,SAN FRANCISCO DEL RINCON,31,SAN FRANCISCO DEL RINCON,2502,B,54,11,2,35,4,7,83,196,0,9,205,598
11,GUANAJUATO,10,SAN FRANCISCO DEL RINCON,31,SAN FRANCISCO DEL RINCON,2502,C01,53,15,0,49,5,4,75,201,0,5,206,597
11,GUANAJUATO,10,SAN FRANCISCO DEL RINCON,31,SAN FRANCISCO DEL RINCON,2503,B,85,6,1,8,3,2,86,191,0,12,203,491
11,GUANAJUATO,10,SAN FRANCISCO DEL RINCON,31,SAN FRANCISCO DEL RINCON,2503,C01,110,19,1,13,3,7,80,233,0,8,241,491
11,GUANAJUATO,10,SAN FRANCISCO DEL RINCON,31,SAN FRANCISCO DEL RINCON,2504,B,89,35,3,48,2,2,31,210,0,9,219,646
11,GUANAJUATO,10,SAN FRANCISCO DEL RINCON,31,SAN FRANCISCO DEL RINCON,2504,C01,85,34,1,46,2,6,41,215,0,9,224,645
11,GUANAJUATO,10,SAN FRANCISCO DEL RINCON,31,SAN FRANCISCO DEL RINCON,3231,B,137,43,2,17,3,23,129,354,0,15,369,641
11,GUANAJUATO,10,SAN FRANCISCO DEL RINCON,31,SAN FRANCISCO DEL RINCON,3231,C01,143,52,2,20,4,23,133,377,0,13,390,641
11,GUANAJUATO,10,SAN FRANCISCO DEL RINCON,31,SAN FRANCISCO DEL RINCON,3231,C02,137,50,1,13,1,8,138,348,0,16,364,641
11,GUANAJUATO,10,SAN FRANCISCO DEL RINCON,31,SAN FRANCISCO DEL RINCON,3232,B,153,72,2,10,2,14,122,375,0,13,388,626
11,GUANAJUATO,10,SAN FRANCISCO DEL RINCON,31,SAN FRANCISCO DEL RINCON,3232,C01,153,44,2,19,1,19,104,342,0,9,351,626
11,GUANAJUATO,10,SAN FRANCISCO DEL RINCON,31,SAN FRANCISCO DEL RINCON,3232,C02,134,66,1,13,0,19,120,353,0,16,369,625
11,GUANAJUATO,10,SAN FRANCISCO DEL RINCON,31,SAN FRANCISCO DEL RINCON,3233,B,99,53,2,20,3,20,123,320,1,14,335,681
11,GUANAJUATO,10,SAN FRANCISCO DEL RINCON,31,SAN FRANCISCO DEL RINCON,3233,C01,109,56,1,20,8,13,137,344,0,7,351,680
11,GUANAJUATO,10,SAN FRANCISCO DEL RINCON,31,SAN FRANCISCO DEL RINCON,3233,C02,106,59,0,25,6,15,114,325,0,16,341,680
11,GUANAJUATO,10,SAN FRANCISCO DEL RINCON,31,SAN FRANCISCO DEL RINCON,3233,C03,120,59,6,17,3,16,109,330,0,11,341,680
11,GUANAJUATO,10,SAN FRANCISCO DEL RINCON,31,SAN FRANCISCO DEL RINCON,3234,B,94,70,2,27,5,15,106,319,0,11,330,696
11,GUANAJUATO,10,SAN FRANCISCO DEL RINCON,31,SAN FRANCISCO DEL RINCON,3234,C01,126,55,3,12,1,11,107,315,0,14,329,696
11,GUANAJUATO,10,SAN FRANCISCO DEL RINCON,31,SAN FRANCISCO DEL RINCON,3234,C02,103,57,2,30,8,13,103,316,0,16,332,696
11,GUANAJUATO,9,SAN MIGUEL DE ALLENDE,32,SAN JOSE ITURBIDE,2505,B,121,26,0,12,12,68,138,377,0,12,389,662
11,GUANAJUATO,9,SAN MIGUEL DE ALLENDE,32,SAN JOSE ITURBIDE,2505,C01,106,35,0,8,17,77,138,381,0,5,386,662
11,GUANAJUATO,9,SAN MIGUEL DE ALLENDE,32,SAN JOSE ITURBIDE,2505,C02,127,14,0,16,24,72,118,371,0,6,377,662
11,GUANAJUATO,9,SAN MIGUEL DE ALLENDE,32,SAN JOSE ITURBIDE,2505,C03,112,23,0,9,17,55,143,359,0,12,371,661
11,GUANAJUATO,9,SAN MIGUEL DE ALLENDE,32,SAN JOSE ITURBIDE,2505,C04,115,27,0,13,22,74,134,385,0,9,394,661
11,GUANAJUATO,9,SAN MIGUEL DE ALLENDE,32,SAN JOSE ITURBIDE,2506,B,115,40,0,12,11,60,139,377,9,20,406,709
11,GUANAJUATO,9,SAN MIGUEL DE ALLENDE,32,SAN JOSE ITURBIDE,2506,C01,108,18,0,6,25,61,140,358,0,8,366,709
11,GUANAJUATO,9,SAN MIGUEL DE ALLENDE,32,SAN JOSE ITURBIDE,2506,C02,119,20,0,11,26,67,126,369,0,15,384,709
11,GUANAJUATO,9,SAN MIGUEL DE ALLENDE,32,SAN JOSE ITURBIDE,2506,C03,126,31,0,13,17,61,135,383,0,15,398,709
11,GUANAJUATO,9,SAN MIGUEL DE ALLENDE,32,SAN JOSE ITURBIDE,2506,C04,91,36,0,13,25,55,140,360,0,11,371,709
11,GUANAJUATO,9,SAN MIGUEL DE ALLENDE,32,SAN JOSE ITURBIDE,2506,C05,110,35,0,11,22,65,123,366,0,15,381,709
11,GUANAJUATO,9,SAN MIGUEL DE ALLENDE,32,SAN JOSE ITURBIDE,2506,C06,119,27,0,15,21,75,139,396,1,12,409,709
11,GUANAJUATO,9,SAN MIGUEL DE ALLENDE,32,SAN JOSE ITURBIDE,2506,C07,109,26,0,8,14,66,143,366,0,10,376,709
11,GUANAJUATO,9,SAN MIGUEL DE ALLENDE,32,SAN JOSE ITURBIDE,2506,C08,106,37,0,17,21,58,132,371,1,12,384,708
11,GUANAJUATO,9,SAN MIGUEL DE ALLENDE,32,SAN JOSE ITURBIDE,2507,B,106,26,0,7,13,59,124,335,0,15,350,623
11,GUANAJUATO,9,SAN MIGUEL DE ALLENDE,32,SAN JOSE ITURBIDE,2507,C01,124,23,0,15,18,55,130,365,0,16,381,623
11,GUANAJUATO,9,SAN MIGUEL DE ALLENDE,32,SAN JOSE ITURBIDE,2507,C02,91,23,0,16,14,54,128,326,0,3,329,622
11,GUANAJUATO,9,SAN MIGUEL DE ALLENDE,32,SAN JOSE ITURBIDE,2507,C03,123,23,0,13,16,76,131,382,0,12,394,622
11,GUANAJUATO,9,SAN MIGUEL DE ALLENDE,32,SAN JOSE ITURBIDE,2507,C04,113,26,0,13,31,62,113,358,0,13,371,622
11,GUANAJUATO,9,SAN MIGUEL DE ALLENDE,32,SAN JOSE ITURBIDE,2507,S01,2,4,0,0,1,1,8,16,0,1,17,0
11,GUANAJUATO,9,SAN MIGUEL DE ALLENDE,32,SAN JOSE ITURBIDE,2508,B,114,38,0,5,25,80,116,378,0,9,387,615
11,GUANAJUATO,9,SAN MIGUEL DE ALLENDE,32,SAN JOSE ITURBIDE,2508,C01,109,37,0,6,22,67,145,386,0,11,397,615
11,GUANAJUATO,9,SAN MIGUEL DE ALLENDE,32,SAN JOSE ITURBIDE,2509,B,65,21,0,3,5,72,121,287,0,6,293,480
11,GUANAJUATO,9,SAN MIGUEL DE ALLENDE,32,SAN JOSE ITURBIDE,2509,C01,71,18,0,6,13,54,129,291,0,16,307,479
11,GUANAJUATO,9,SAN MIGUEL DE ALLENDE,32,SAN JOSE ITURBIDE,2510,B,96,23,0,17,11,65,98,310,0,19,329,574
11,GUANAJUATO,9,SAN MIGUEL DE ALLENDE,32,SAN JOSE ITURBIDE,2510,C01,113,33,0,6,24,74,124,374,0,9,383,574
11,GUANAJUATO,9,SAN MIGUEL DE ALLENDE,32,SAN JOSE ITURBIDE,2510,C02,81,35,0,17,21,56,112,322,2,14,338,573
11,GUANAJUATO,9,SAN MIGUEL DE ALLENDE,32,SAN JOSE ITURBIDE,2511,B,82,24,0,11,15,61,89,282,0,6,288,439
11,GUANAJUATO,9,SAN MIGUEL DE ALLENDE,32,SAN JOSE ITURBIDE,2511,C01,76,21,0,6,21,53,105,282,0,10,292,438
11,GUANAJUATO,9,SAN MIGUEL DE ALLENDE,32,SAN JOSE ITURBIDE,2512,B,138,11,0,7,11,74,146,387,0,19,406,651
11,GUANAJUATO,9,SAN MIGUEL DE ALLENDE,32,SAN JOSE ITURBIDE,2512,C01,103,11,0,9,26,69,145,363,0,7,370,650
11,GUANAJUATO,9,SAN MIGUEL DE ALLENDE,32,SAN JOSE ITURBIDE,2512,C02,123,18,0,8,13,66,137,365,0,8,373,650
11,GUANAJUATO,9,SAN MIGUEL DE ALLENDE,32,SAN JOSE ITURBIDE,2513,B,124,33,0,9,19,94,110,389,0,13,402,671
11,GUANAJUATO,9,SAN MIGUEL DE ALLENDE,32,SAN JOSE ITURBIDE,2513,C01,129,20,0,9,22,72,122,374,0,11,385,671
11,GUANAJUATO,9,SAN MIGUEL DE ALLENDE,32,SAN JOSE ITURBIDE,2513,C02,135,18,0,13,11,94,124,395,0,15,410,671
11,GUANAJUATO,9,SAN MIGUEL DE ALLENDE,32,SAN JOSE ITURBIDE,2515,B,148,55,0,9,21,28,142,403,0,16,419,663
11,GUANAJUATO,9,SAN MIGUEL DE ALLENDE,32,SAN JOSE ITURBIDE,2515,C01,145,71,0,8,40,30,125,419,0,10,429,662
11,GUANAJUATO,9,SAN MIGUEL DE ALLENDE,32,SAN JOSE ITURBIDE,2515,C02,118,70,0,16,28,28,117,377,0,25,402,662
11,GUANAJUATO,9,SAN MIGUEL DE ALLENDE,32,SAN JOSE ITURBIDE,2516,B,78,14,0,28,33,52,58,263,0,17,280,515
11,GUANAJUATO,9,SAN MIGUEL DE ALLENDE,32,SAN JOSE ITURBIDE,2516,C01,105,12,0,23,57,43,58,298,0,13,311,515
11,GUANAJUATO,9,SAN MIGUEL DE ALLENDE,32,SAN JOSE ITURBIDE,2516,C02,73,16,0,34,66,49,60,298,0,14,312,515
11,GUANAJUATO,9,SAN MIGUEL DE ALLENDE,32,SAN JOSE ITURBIDE,2517,B,77,23,0,7,46,31,125,309,0,8,317,516
11,GUANAJUATO,9,SAN MIGUEL DE ALLENDE,32,SAN JOSE ITURBIDE,2517,C01,76,37,0,12,35,31,121,312,0,17,329,515
11,GUANAJUATO,9,SAN MIGUEL DE ALLENDE,32,SAN JOSE ITURBIDE,2518,B,25,11,0,17,12,32,65,162,0,7,169,277
11,GUANAJUATO,9,SAN MIGUEL DE ALLENDE,32,SAN JOSE ITURBIDE,2519,B,54,21,0,17,34,69,140,335,0,21,356,692
11,GUANAJUATO,9,SAN MIGUEL DE ALLENDE,32,SAN JOSE ITURBIDE,2519,C01,43,32,0,19,43,82,112,331,0,21,352,691
11,GUANAJUATO,9,SAN MIGUEL DE ALLENDE,32,SAN JOSE ITURBIDE,2520,B,116,35,0,19,18,34,131,353,0,16,369,744
11,GUANAJUATO,9,SAN MIGUEL DE ALLENDE,32,SAN JOSE ITURBIDE,2520,C01,110,31,0,10,18,39,135,343,0,12,355,744
11,GUANAJUATO,9,SAN MIGUEL DE ALLENDE,32,SAN JOSE ITURBIDE,2521,B,38,5,0,16,21,41,106,227,0,18,245,461
11,GUANAJUATO,9,SAN MIGUEL DE ALLENDE,32,SAN JOSE ITURBIDE,2521,C01,59,13,0,18,29,35,112,266,0,5,271,460
11,GUANAJUATO,9,SAN MIGUEL DE ALLENDE,32,SAN JOSE ITURBIDE,2522,B,120,12,0,24,22,48,88,314,0,14,328,609
11,GUANAJUATO,9,SAN MIGUEL DE ALLENDE,32,SAN JOSE ITURBIDE,2522,C01,102,12,0,17,17,67,85,300,0,24,324,609
11,GUANAJUATO,9,SAN MIGUEL DE ALLENDE,32,SAN JOSE ITURBIDE,2523,B,85,24,0,14,25,56,103,307,0,12,319,621
11,GUANAJUATO,9,SAN MIGUEL DE ALLENDE,32,SAN JOSE ITURBIDE,2523,C01,122,19,0,14,13,46,95,309,0,16,325,621
11,GUANAJUATO,9,SAN MIGUEL DE ALLENDE,32,SAN JOSE ITURBIDE,2523,C02,131,20,0,14,26,49,87,327,0,10,337,620
11,GUANAJUATO,9,SAN MIGUEL DE ALLENDE,32,SAN JOSE ITURBIDE,2523,C03,125,24,0,27,26,60,73,335,0,13,348,620
11,GUANAJUATO,9,SAN MIGUEL DE ALLENDE,32,SAN JOSE ITURBIDE,2524,B,71,21,0,10,21,49,121,293,0,6,299,564
11,GUANAJUATO,9,SAN MIGUEL DE ALLENDE,32,SAN JOSE ITURBIDE,2524,C01,62,31,0,11,21,46,112,283,0,13,296,564
11,GUANAJUATO,9,SAN MIGUEL DE ALLENDE,32,SAN JOSE ITURBIDE,2524,C02,86,26,0,12,19,54,97,294,0,14,308,564
11,GUANAJUATO,9,SAN MIGUEL DE ALLENDE,32,SAN JOSE ITURBIDE,2524,C03,85,27,0,8,20,73,119,332,0,9,341,564
11,GUANAJUATO,9,SAN MIGUEL DE ALLENDE,32,SAN JOSE ITURBIDE,2525,B,100,11,0,11,17,49,85,273,0,21,294,536
11,GUANAJUATO,9,SAN MIGUEL DE ALLENDE,32,SAN JOSE ITURBIDE,2525,C01,85,5,0,11,26,41,98,266,0,10,276,535
11,GUANAJUATO,9,SAN MIGUEL DE ALLENDE,32,SAN JOSE ITURBIDE,2526,B,54,37,0,12,6,40,149,298,0,13,311,610
11,GUANAJUATO,9,SAN MIGUEL DE ALLENDE,32,SAN JOSE ITURBIDE,2526,C01,70,26,0,10,23,31,123,283,0,15,298,609
11,GUANAJUATO,9,SAN MIGUEL DE ALLENDE,32,SAN JOSE ITURBIDE,2527,B,64,32,0,10,30,83,115,334,0,11,345,661
11,GUANAJUATO,9,SAN MIGUEL DE ALLENDE,32,SAN JOSE ITURBIDE,2527,C01,62,3,0,9,30,71,106,281,0,17,298,660
11,GUANAJUATO,9,SAN MIGUEL DE ALLENDE,32,SAN JOSE ITURBIDE,2527,C02,69,24,0,4,32,85,119,333,0,15,348,660
11,GUANAJUATO,9,SAN MIGUEL DE ALLENDE,32,SAN JOSE ITURBIDE,2528,B,82,10,0,13,46,61,191,403,0,14,417,714
11,GUANAJUATO,9,SAN MIGUEL DE ALLENDE,32,SAN JOSE ITURBIDE,2528,C01,41,11,0,11,32,79,193,367,0,15,382,714
11,GUANAJUATO,9,SAN MIGUEL DE ALLENDE,32,SAN JOSE ITURBIDE,2528,C02,49,5,0,16,40,70,188,368,0,24,392,714
11,GUANAJUATO,9,SAN MIGUEL DE ALLENDE,32,SAN JOSE ITURBIDE,2529,B,51,25,0,18,38,63,239,434,0,16,450,711
11,GUANAJUATO,9,SAN MIGUEL DE ALLENDE,32,SAN JOSE ITURBIDE,2529,C01,54,14,0,11,24,95,197,395,0,22,417,711
11,GUANAJUATO,9,SAN MIGUEL DE ALLENDE,32,SAN JOSE ITURBIDE,2530,B,48,20,0,5,19,58,107,257,0,14,271,525
11,GUANAJUATO,9,SAN MIGUEL DE ALLENDE,32,SAN JOSE ITURBIDE,2530,C01,56,22,0,11,25,53,102,269,0,22,291,525
11,GUANAJUATO,9,SAN MIGUEL DE ALLENDE,32,SAN JOSE ITURBIDE,2530,C02,40,26,0,17,21,49,125,278,0,14,292,524
11,GUANAJUATO,9,SAN MIGUEL DE ALLENDE,32,SAN JOSE ITURBIDE,2531,B,67,28,0,16,24,59,185,379,0,23,402,696
11,GUANAJUATO,9,SAN MIGUEL DE ALLENDE,32,SAN JOSE ITURBIDE,2531,C01,60,31,0,19,38,99,159,406,0,21,427,695
11,GUANAJUATO,9,SAN MIGUEL DE ALLENDE,32,SAN JOSE ITURBIDE,2531,C02,60,28,0,5,36,81,196,406,0,16,422,695
11,GUANAJUATO,9,SAN MIGUEL DE ALLENDE,32,SAN JOSE ITURBIDE,2532,B,93,56,0,9,28,43,91,320,0,12,332,620
11,GUANAJUATO,9,SAN MIGUEL DE ALLENDE,32,SAN JOSE ITURBIDE,2532,C01,105,44,0,7,33,43,81,313,0,12,325,620
11,GUANAJUATO,9,SAN MIGUEL DE ALLENDE,32,SAN JOSE ITURBIDE,2532,C02,83,33,0,11,31,36,100,294,0,10,304,620
11,GUANAJUATO,9,SAN MIGUEL DE ALLENDE,32,SAN JOSE ITURBIDE,2532,C03,101,32,0,8,36,42,84,303,0,16,319,619
11,GUANAJUATO,9,SAN MIGUEL DE ALLENDE,32,SAN JOSE ITURBIDE,2533,B,129,18,0,6,23,41,109,326,0,13,339,545
11,GUANAJUATO,9,SAN MIGUEL DE ALLENDE,32,SAN JOSE ITURBIDE,2533,C01,116,15,0,5,18,41,121,316,0,17,333,544
11,GUANAJUATO,9,SAN MIGUEL DE ALLENDE,32,SAN JOSE ITURBIDE,2534,B,141,13,0,6,20,41,72,293,0,12,305,617
11,GUANAJUATO,9,SAN MIGUEL DE ALLENDE,32,SAN JOSE ITURBIDE,2534,C01,162,30,0,4,31,26,51,304,0,15,319,617
11,GUANAJUATO,9,SAN MIGUEL DE ALLENDE,32,SAN JOSE ITURBIDE,2535,B,147,24,0,13,28,47,110,369,1,13,383,644
11,GUANAJUATO,9,SAN MIGUEL DE ALLENDE,32,SAN JOSE ITURBIDE,2535,C01,160,17,0,8,16,66,92,359,0,12,371,643
11,GUANAJUATO,9,SAN MIGUEL DE ALLENDE,32,SAN JOSE ITURBIDE,2535,C02,132,25,0,11,13,65,104,350,0,20,370,643
11,GUANAJUATO,9,SAN MIGUEL DE ALLENDE,32,SAN JOSE ITURBIDE,2535,C03,141,21,0,18,26,57,105,368,0,16,384,643
11,GUANAJUATO,9,SAN MIGUEL DE ALLENDE,32,SAN JOSE ITURBIDE,2536,B,78,19,0,16,22,43,106,284,0,17,301,514
11,GUANAJUATO,9,SAN MIGUEL DE ALLENDE,32,SAN JOSE ITURBIDE,2536,C01,78,12,0,9,17,42,110,268,1,10,279,513
11,GUANAJUATO,9,SAN MIGUEL DE ALLENDE,32,SAN JOSE ITURBIDE,2536,C02,97,9,0,10,21,39,108,284,0,7,291,513
11,GUANAJUATO,9,SAN MIGUEL DE ALLENDE,32,SAN JOSE ITURBIDE,2537,B,104,7,0,6,19,45,103,284,0,13,297,573
11,GUANAJUATO,9,SAN MIGUEL DE ALLENDE,32,SAN JOSE ITURBIDE,2537,C01,116,18,0,12,10,69,99,324,0,8,332,573
11,GUANAJUATO,9,SAN MIGUEL DE ALLENDE,32,SAN JOSE ITURBIDE,2537,C02,103,15,0,15,16,59,119,327,0,14,341,572
11,GUANAJUATO,9,SAN MIGUEL DE ALLENDE,32,SAN JOSE ITURBIDE,2538,B,63,18,0,19,21,24,106,251,0,15,266,547
11,GUANAJUATO,9,SAN MIGUEL DE ALLENDE,32,SAN JOSE ITURBIDE,2538,C01,84,30,0,14,15,25,84,252,0,18,270,547
11,GUANAJUATO,9,SAN MIGUEL DE ALLENDE,32,SAN JOSE ITURBIDE,2539,B,41,15,0,9,19,39,85,208,0,3,211,388
11,GUANAJUATO,9,SAN MIGUEL DE ALLENDE,32,SAN JOSE ITURBIDE,2539,C01,60,24,0,7,20,36,66,213,0,12,225,388
11,GUANAJUATO,9,SAN MIGUEL DE ALLENDE,32,SAN JOSE ITURBIDE,2540,B,75,18,0,10,66,60,62,291,0,15,306,599
11,GUANAJUATO,9,SAN MIGUEL DE ALLENDE,32,SAN JOSE ITURBIDE,2540,C01,65,15,0,22,74,50,67,293,0,19,312,598
11,GUANAJUATO,9,SAN MIGUEL DE ALLENDE,32,SAN JOSE ITURBIDE,2541,B,75,36,0,25,24,31,96,287,0,12,299,621
11,GUANAJUATO,9,SAN MIGUEL DE ALLENDE,32,SAN JOSE ITURBIDE,2541,C01,79,39,0,37,25,31,91,302,0,16,318,621
11,GUANAJUATO,9,SAN MIGUEL DE ALLENDE,32,SAN JOSE ITURBIDE,2542,B,96,10,0,15,27,11,96,255,0,14,269,606
11,GUANAJUATO,9,SAN MIGUEL DE ALLENDE,32,SAN JOSE ITURBIDE,2542,C01,97,28,0,16,15,30,100,286,0,21,307,606
11,GUANAJUATO,9,SAN MIGUEL DE ALLENDE,32,SAN JOSE ITURBIDE,2542,C02,65,35,0,24,11,20,124,279,0,18,297,606
11,GUANAJUATO,9,SAN MIGUEL DE ALLENDE,32,SAN JOSE ITURBIDE,3180,B,146,24,0,9,12,70,139,400,0,5,405,635
11,GUANAJUATO,9,SAN MIGUEL DE ALLENDE,32,SAN JOSE ITURBIDE,3180,C01,112,39,0,12,17,78,150,408,0,5,413,634
11,GUANAJUATO,9,SAN MIGUEL DE ALLENDE,32,SAN JOSE ITURBIDE,3180,C02,134,28,0,12,36,87,128,425,0,12,437,634
11,GUANAJUATO,9,SAN MIGUEL DE ALLENDE,32,SAN JOSE ITURBIDE,3181,B,130,15,0,8,18,62,142,375,0,10,385,608
11,GUANAJUATO,9,SAN MIGUEL DE ALLENDE,32,SAN JOSE ITURBIDE,3181,C01,141,15,0,10,14,68,131,379,0,4,383,608
11,GUANAJUATO,9,SAN MIGUEL DE ALLENDE,32,SAN JOSE ITURBIDE,3181,C02,128,18,0,6,12,70,126,360,0,8,368,608
11,GUANAJUATO,9,SAN MIGUEL DE ALLENDE,32,SAN JOSE ITURBIDE,3181,C03,125,19,0,11,13,71,140,379,1,14,394,608
11,GUANAJUATO,2,SAN LUIS DE LA PAZ,33,SAN LUIS DE LA PAZ,0,VA38,0,0,0,1,0,0,3,4,0,0,4,6
11,GUANAJUATO,2,SAN LUIS DE LA PAZ,33,SAN LUIS DE LA PAZ,2543,B,166,84,6,20,6,18,43,359,0,21,380,592
11,GUANAJUATO,2,SAN LUIS DE LA PAZ,33,SAN LUIS DE LA PAZ,2543,C01,153,65,6,28,2,17,59,350,1,14,365,591
11,GUANAJUATO,2,SAN LUIS DE LA PAZ,33,SAN LUIS DE LA PAZ,2543,C02,140,88,6,18,5,17,54,346,0,24,370,591
11,GUANAJUATO,2,SAN LUIS DE LA PAZ,33,SAN LUIS DE LA PAZ,2544,B,193,88,8,8,2,17,60,393,0,21,414,689
11,GUANAJUATO,2,SAN LUIS DE LA PAZ,33,SAN LUIS DE LA PAZ,2544,C01,158,83,2,9,5,29,49,351,0,15,366,689
11,GUANAJUATO,2,SAN LUIS DE LA PAZ,33,SAN LUIS DE LA PAZ,2544,C02,158,81,6,11,7,16,71,368,1,19,388,689
11,GUANAJUATO,2,SAN LUIS DE LA PAZ,33,SAN LUIS DE LA PAZ,2544,C03,147,67,4,4,3,27,63,338,0,12,350,689
11,GUANAJUATO,2,SAN LUIS DE LA PAZ,33,SAN LUIS DE LA PAZ,2545,B,158,73,4,6,9,16,36,319,1,21,341,617
11,GUANAJUATO,2,SAN LUIS DE LA PAZ,33,SAN LUIS DE LA PAZ,2545,C01,156,76,9,15,7,23,42,348,0,16,364,617
11,GUANAJUATO,2,SAN LUIS DE LA PAZ,33,SAN LUIS DE LA PAZ,2545,C02,151,81,14,9,5,22,52,346,0,17,363,617
11,GUANAJUATO,2,SAN LUIS DE LA PAZ,33,SAN LUIS DE LA PAZ,2545,C03,131,84,6,16,4,14,42,307,0,21,328,616
11,GUANAJUATO,2,SAN LUIS DE LA PAZ,33,SAN LUIS DE LA PAZ,2545,C04,148,93,9,21,3,25,43,356,0,20,376,616
11,GUANAJUATO,2,SAN LUIS DE LA PAZ,33,SAN LUIS DE LA PAZ,2546,B,176,106,4,14,1,15,40,373,0,8,381,561
11,GUANAJUATO,2,SAN LUIS DE LA PAZ,33,SAN LUIS DE LA PAZ,2546,C01,182,69,5,10,4,19,45,352,0,6,358,560
11,GUANAJUATO,2,SAN LUIS DE LA PAZ,33,SAN LUIS DE LA PAZ,2547,B,242,92,5,8,2,18,29,415,0,13,428,627
11,GUANAJUATO,2,SAN LUIS DE LA PAZ,33,SAN LUIS DE LA PAZ,2547,S01,34,23,3,4,2,2,12,81,0,3,84,0
11,GUANAJUATO,2,SAN LUIS DE LA PAZ,33,SAN LUIS DE LA PAZ,2548,B,140,75,2,11,5,14,48,317,0,10,327,555
11,GUANAJUATO,2,SAN LUIS DE LA PAZ,33,SAN LUIS DE LA PAZ,2548,C01,145,78,2,15,4,14,53,340,0,18,358,555
11,GUANAJUATO,2,SAN LUIS DE LA PAZ,33,SAN LUIS DE LA PAZ,2548,C02,131,90,5,9,3,15,53,330,0,20,350,554
11,GUANAJUATO,2,SAN LUIS DE LA PAZ,33,SAN LUIS DE LA PAZ,2549,B,185,81,5,36,3,29,49,399,0,8,407,680
11,GUANAJUATO,2,SAN LUIS DE LA PAZ,33,SAN LUIS DE LA PAZ,2549,C01,149,87,3,22,10,9,51,343,0,20,363,680
11,GUANAJUATO,2,SAN LUIS DE LA PAZ,33,SAN LUIS DE LA PAZ,2549,C02,148,93,2,30,2,39,61,390,0,12,402,679
11,GUANAJUATO,2,SAN LUIS DE LA PAZ,33,SAN LUIS DE LA PAZ,2550,B,163,179,8,12,7,21,65,476,1,12,489,650
11,GUANAJUATO,2,SAN LUIS DE LA PAZ,33,SAN LUIS DE LA PAZ,2550,C01,183,93,4,11,4,22,56,389,0,13,402,650
11,GUANAJUATO,2,SAN LUIS DE LA PAZ,33,SAN LUIS DE LA PAZ,2550,C02,181,73,4,16,9,28,50,381,0,10,391,649
11,GUANAJUATO,2,SAN LUIS DE LA PAZ,33,SAN LUIS DE LA PAZ,2551,B,139,91,7,19,8,26,56,364,0,8,372,676
11,GUANAJUATO,2,SAN LUIS DE LA PAZ,33,SAN LUIS DE LA PAZ,2551,C01,135,68,4,17,6,31,56,331,0,15,346,676
11,GUANAJUATO,2,SAN LUIS DE LA PAZ,33,SAN LUIS DE LA PAZ,2551,C02,174,88,8,20,1,32,44,382,0,13,395,676
11,GUANAJUATO,2,SAN LUIS DE LA PAZ,33,SAN LUIS DE LA PAZ,2551,C03,156,69,9,12,7,23,60,353,1,14,368,676
11,GUANAJUATO,2,SAN LUIS DE LA PAZ,33,SAN LUIS DE LA PAZ,2551,C04,174,85,7,14,5,22,51,375,0,11,386,676
11,GUANAJUATO,2,SAN LUIS DE LA PAZ,33,SAN LUIS DE LA PAZ,2551,C05,173,86,6,8,2,26,43,360,0,18,378,675
11,GUANAJUATO,2,SAN LUIS DE LA PAZ,33,SAN LUIS DE LA PAZ,2551,C06,140,110,12,14,6,19,61,378,0,25,403,675
11,GUANAJUATO,2,SAN LUIS DE LA PAZ,33,SAN LUIS DE LA PAZ,2551,C07,168,80,8,16,5,22,67,376,0,14,390,675
11,GUANAJUATO,2,SAN LUIS DE LA PAZ,33,SAN LUIS DE LA PAZ,2552,B,132,78,6,4,6,13,50,311,0,10,321,509
11,GUANAJUATO,2,SAN LUIS DE LA PAZ,33,SAN LUIS DE LA PAZ,2552,C01,134,80,8,13,9,13,39,308,0,18,326,509
11,GUANAJUATO,2,SAN LUIS DE LA PAZ,33,SAN LUIS DE LA PAZ,2552,C02,129,73,7,6,2,14,34,280,0,20,300,509
11,GUANAJUATO,2,SAN LUIS DE LA PAZ,33,SAN LUIS DE LA PAZ,2553,B,222,76,7,10,5,18,76,430,1,11,442,679
11,GUANAJUATO,2,SAN LUIS DE LA PAZ,33,SAN LUIS DE LA PAZ,2553,C01,245,91,3,10,1,17,43,418,0,17,435,678
11,GUANAJUATO,2,SAN LUIS DE LA PAZ,33,SAN LUIS DE LA PAZ,2554,B,250,85,6,5,0,18,58,443,0,12,455,642
11,GUANAJUATO,2,SAN LUIS DE LA PAZ,33,SAN LUIS DE LA PAZ,2554,C01,235,102,16,1,3,25,43,450,0,9,459,641
11,GUANAJUATO,2,SAN LUIS DE LA PAZ,33,SAN LUIS DE LA PAZ,2555,B,230,97,4,6,2,19,57,434,0,9,443,657
11,GUANAJUATO,2,SAN LUIS DE LA PAZ,33,SAN LUIS DE LA PAZ,2556,B,156,83,7,14,7,24,54,354,0,14,368,631
11,GUANAJUATO,2,SAN LUIS DE LA PAZ,33,SAN LUIS DE LA PAZ,2556,C01,181,69,6,11,4,11,58,354,0,14,368,631
11,GUANAJUATO,2,SAN LUIS DE LA PAZ,33,SAN LUIS DE LA PAZ,2556,C02,135,111,3,9,8,10,48,347,0,15,362,630
11,GUANAJUATO,2,SAN LUIS DE LA PAZ,33,SAN LUIS DE LA PAZ,2556,C03,163,96,9,9,5,23,47,360,0,15,375,630
11,GUANAJUATO,2,SAN LUIS DE LA PAZ,33,SAN LUIS DE LA PAZ,2557,B,197,80,6,5,6,9,51,372,0,9,381,623
11,GUANAJUATO,2,SAN LUIS DE LA PAZ,33,SAN LUIS DE LA PAZ,2557,C01,198,68,1,6,3,7,46,343,0,12,355,623
11,GUANAJUATO,2,SAN LUIS DE LA PAZ,33,SAN LUIS DE LA PAZ,2557,C02,206,68,5,9,3,13,34,358,0,8,366,622
11,GUANAJUATO,2,SAN LUIS DE LA PAZ,33,SAN LUIS DE LA PAZ,2557,C03,204,59,8,6,6,28,41,375,0,10,385,622
11,GUANAJUATO,2,SAN LUIS DE LA PAZ,33,SAN LUIS DE LA PAZ,2558,B,161,76,6,12,5,21,56,349,0,12,361,637
11,GUANAJUATO,2,SAN LUIS DE LA PAZ,33,SAN LUIS DE LA PAZ,2558,C01,164,76,2,8,8,13,51,344,0,14,358,637
11,GUANAJUATO,2,SAN LUIS DE LA PAZ,33,SAN LUIS DE LA PAZ,2558,C02,149,75,10,9,4,19,48,332,0,22,354,637
11,GUANAJUATO,2,SAN LUIS DE LA PAZ,33,SAN LUIS DE LA PAZ,2558,C03,173,68,6,11,3,17,49,352,0,18,370,636
11,GUANAJUATO,2,SAN LUIS DE LA PAZ,33,SAN LUIS DE LA PAZ,2559,B,125,74,6,6,4,14,32,267,0,10,277,513
11,GUANAJUATO,2,SAN LUIS DE LA PAZ,33,SAN LUIS DE LA PAZ,2559,C01,143,64,6,10,5,11,35,289,0,13,302,513
11,GUANAJUATO,2,SAN LUIS DE LA PAZ,33,SAN LUIS DE LA PAZ,2559,C02,123,94,8,3,6,13,34,289,0,16,305,512
11,GUANAJUATO,2,SAN LUIS DE LA PAZ,33,SAN LUIS DE LA PAZ,2560,B,223,89,11,8,12,23,70,454,1,13,468,738
11,GUANAJUATO,2,SAN LUIS DE LA PAZ,33,SAN LUIS DE LA PAZ,2560,C01,216,82,5,11,11,26,67,436,0,11,447,738
11,GUANAJUATO,2,SAN LUIS DE LA PAZ,33,SAN LUIS DE LA PAZ,2560,C02,170,115,9,17,7,17,73,424,1,14,439,737
11,GUANAJUATO,2,SAN LUIS DE LA PAZ,33,SAN LUIS DE LA PAZ,2560,C03,251,91,10,11,11,19,57,465,1,20,486,737
11,GUANAJUATO,2,SAN LUIS DE LA PAZ,33,SAN LUIS DE LA PAZ,2561,B,146,56,7,10,5,13,59,309,0,19,328,675
11,GUANAJUATO,2,SAN LUIS DE LA PAZ,33,SAN LUIS DE LA PAZ,2561,C01,146,64,5,7,17,24,63,343,0,20,363,675
11,GUANAJUATO,2,SAN LUIS DE LA PAZ,33,SAN LUIS DE LA PAZ,2561,C02,126,60,7,11,6,19,63,310,0,11,321,675
11,GUANAJUATO,2,SAN LUIS DE LA PAZ,33,SAN LUIS DE LA PAZ,2561,C03,163,63,4,11,5,16,46,322,0,14,336,675
11,GUANAJUATO,2,SAN LUIS DE LA PAZ,33,SAN LUIS DE LA PAZ,2561,C04,125,65,9,22,11,18,57,323,1,13,337,674
11,GUANAJUATO,2,SAN LUIS DE LA PAZ,33,SAN LUIS DE LA PAZ,2563,B,34,26,3,11,5,6,15,100,0,21,121,312
11,GUANAJUATO,2,SAN LUIS DE LA PAZ,33,SAN LUIS DE LA PAZ,2564,B,15,26,2,1,0,0,19,63,0,6,69,115
11,GUANAJUATO,2,SAN LUIS DE LA PAZ,33,SAN LUIS DE LA PAZ,2566,B,25,20,0,7,2,1,19,75,0,4,79,179
11,GUANAJUATO,2,SAN LUIS DE LA PAZ,33,SAN LUIS DE LA PAZ,2568,B,34,40,4,8,1,1,12,101,1,5,107,170
11,GUANAJUATO,2,SAN LUIS DE LA PAZ,33,SAN LUIS DE LA PAZ,2569,B,47,154,2,8,6,3,27,258,0,14,272,522
11,GUANAJUATO,2,SAN LUIS DE LA PAZ,33,SAN LUIS DE LA PAZ,2570,B,17,32,0,2,0,0,2,53,0,4,57,124
11,GUANAJUATO,2,SAN LUIS DE LA PAZ,33,SAN LUIS DE LA PAZ,2571,B,94,95,4,12,4,10,41,262,0,20,282,664
11,GUANAJUATO,2,SAN LUIS DE LA PAZ,33,SAN LUIS DE LA PAZ,2572,B,106,102,2,9,2,21,39,282,0,19,301,581
11,GUANAJUATO,2,SAN LUIS DE LA PAZ,33,SAN LUIS DE LA PAZ,2572,C01,78,98,3,12,2,16,40,249,0,16,265,580
11,GUANAJUATO,2,SAN LUIS DE LA PAZ,33,SAN LUIS DE LA PAZ,2573,B,75,73,8,24,7,15,62,271,0,16,287,633
11,GUANAJUATO,2,SAN LUIS DE LA PAZ,33,SAN LUIS DE LA PAZ,2573,C01,119,69,4,7,10,20,40,276,0,13,289,633
11,GUANAJUATO,2,SAN LUIS DE LA PAZ,33,SAN LUIS DE LA PAZ,2573,C02,102,68,2,12,8,17,45,262,0,13,275,633
11,GUANAJUATO,2,SAN LUIS DE LA PAZ,33,SAN LUIS DE LA PAZ,2574,B,96,95,3,42,0,18,32,299,0,9,308,638
11,GUANAJUATO,2,SAN LUIS DE LA PAZ,33,SAN LUIS DE LA PAZ,2574,C01,127,93,2,40,4,13,21,306,0,20,326,638
11,GUANAJUATO,2,SAN LUIS DE LA PAZ,33,SAN LUIS DE LA PAZ,2574,C02,135,91,3,37,4,20,28,321,0,11,332,637
11,GUANAJUATO,2,SAN LUIS DE LA PAZ,33,SAN LUIS DE LA PAZ,2575,B,111,124,3,15,7,17,20,298,0,27,325,629
11,GUANAJUATO,2,SAN LUIS DE LA PAZ,33,SAN LUIS DE LA PAZ,2576,B,79,107,10,19,18,15,48,298,0,20,318,739
11,GUANAJUATO,2,SAN LUIS DE LA PAZ,33,SAN LUIS DE LA PAZ,2577,B,46,72,1,5,3,16,26,173,7,0,180,421
11,GUANAJUATO,2,SAN LUIS DE LA PAZ,33,SAN LUIS DE LA PAZ,2577,C01,51,81,1,2,7,7,18,169,0,3,172,420
11,GUANAJUATO,2,SAN LUIS DE LA PAZ,33,SAN LUIS DE LA PAZ,2578,B,52,150,4,11,4,13,21,259,0,14,273,546
11,GUANAJUATO,2,SAN LUIS DE LA PAZ,33,SAN LUIS DE LA PAZ,2578,E01,18,25,0,4,0,1,7,60,0,4,64,184
11,GUANAJUATO,2,SAN LUIS DE LA PAZ,33,SAN LUIS DE LA PAZ,2579,B,153,72,13,27,6,12,40,337,1,13,351,676
11,GUANAJUATO,2,SAN LUIS DE LA PAZ,33,SAN LUIS DE LA PAZ,2579,C01,138,80,12,22,6,15,44,335,0,15,350,676
11,GUANAJUATO,2,SAN LUIS DE LA PAZ,33,SAN LUIS DE LA PAZ,2579,C02,136,81,8,26,8,26,55,361,1,13,375,675
11,GUANAJUATO,2,SAN LUIS DE LA PAZ,33,SAN LUIS DE LA PAZ,2579,C03,124,54,12,22,3,19,67,320,0,11,331,675
11,GUANAJUATO,2,SAN LUIS DE LA PAZ,33,SAN LUIS DE LA PAZ,2580,B,25,58,1,10,1,11,26,142,0,14,156,291
11,GUANAJUATO,2,SAN LUIS DE LA PAZ,33,SAN LUIS DE LA PAZ,2581,B,138,90,10,17,14,26,65,363,0,13,376,720
11,GUANAJUATO,2,SAN LUIS DE LA PAZ,33,SAN LUIS DE LA PAZ,2581,C01,145,79,8,18,12,20,67,362,0,21,383,720
11,GUANAJUATO,2,SAN LUIS DE LA PAZ,33,SAN LUIS DE LA PAZ,2581,C02,145,87,3,13,4,19,60,342,0,13,355,720
11,GUANAJUATO,2,SAN LUIS DE LA PAZ,33,SAN LUIS DE LA PAZ,2581,C03,156,80,13,17,11,9,61,355,0,13,368,720
11,GUANAJUATO,2,SAN LUIS DE LA PAZ,33,SAN LUIS DE LA PAZ,2582,B,81,74,6,6,3,13,22,209,0,16,225,516
11,GUANAJUATO,2,SAN LUIS DE LA PAZ,33,SAN LUIS DE LA PAZ,2582,C01,61,72,5,13,1,17,35,215,0,9,224,516
11,GUANAJUATO,2,SAN LUIS DE LA PAZ,33,SAN LUIS DE LA PAZ,2582,C02,50,118,2,6,3,9,36,230,0,13,243,515
11,GUANAJUATO,2,SAN LUIS DE LA PAZ,33,SAN LUIS DE LA PAZ,2583,B,103,87,2,5,3,21,47,277,0,15,292,642
11,GUANAJUATO,2,SAN LUIS DE LA PAZ,33,SAN LUIS DE LA PAZ,2583,C01,111,86,2,9,4,14,49,280,0,20,300,642
11,GUANAJUATO,2,SAN LUIS DE LA PAZ,33,SAN LUIS DE LA PAZ,2584,B,109,106,0,10,2,11,43,289,0,17,306,621
11,GUANAJUATO,2,SAN LUIS DE LA PAZ,33,SAN LUIS DE LA PAZ,2584,C01,110,90,1,10,5,14,49,290,0,16,306,620
11,GUANAJUATO,2,SAN LUIS DE LA PAZ,33,SAN LUIS DE LA PAZ,2584,C02,128,111,2,8,1,18,41,320,0,12,332,620
11,GUANAJUATO,2,SAN LUIS DE LA PAZ,33,SAN LUIS DE LA PAZ,2585,B,75,85,4,3,4,12,56,260,0,19,279,561
11,GUANAJUATO,2,SAN LUIS DE LA PAZ,33,SAN LUIS DE LA PAZ,2585,C01,70,68,8,5,3,7,64,243,0,0,243,560
11,GUANAJUATO,2,SAN LUIS DE LA PAZ,33,SAN LUIS DE LA PAZ,2585,C02,117,86,7,3,5,12,46,301,0,9,310,560
11,GUANAJUATO,2,SAN LUIS DE LA PAZ,33,SAN LUIS DE LA PAZ,2586,B,98,74,5,15,9,13,52,274,0,9,283,584
11,GUANAJUATO,2,SAN LUIS DE LA PAZ,33,SAN LUIS DE LA PAZ,2586,C01,118,60,6,12,6,37,63,307,0,5,312,584
11,GUANAJUATO,2,SAN LUIS DE LA PAZ,33,SAN LUIS DE LA PAZ,2586,C02,97,78,5,7,6,25,46,272,0,13,285,584
11,GUANAJUATO,2,SAN LUIS DE LA PAZ,33,SAN LUIS DE LA PAZ,2586,C03,99,56,3,9,10,25,42,251,0,13,264,583
11,GUANAJUATO,2,SAN LUIS DE LA PAZ,33,SAN LUIS DE LA PAZ,2587,B,132,69,5,13,6,19,74,324,0,23,347,722
11,GUANAJUATO,2,SAN LUIS DE LA PAZ,33,SAN LUIS DE LA PAZ,2587,C01,128,59,2,20,11,21,62,308,0,16,324,722
11,GUANAJUATO,2,SAN LUIS DE LA PAZ,33,SAN LUIS DE LA PAZ,2587,C02,137,65,4,10,11,12,50,295,0,18,313,722
11,GUANAJUATO,2,SAN LUIS DE LA PAZ,33,SAN LUIS DE LA PAZ,2587,C03,139,55,6,11,14,27,68,327,0,27,354,722
11,GUANAJUATO,2,SAN LUIS DE LA PAZ,33,SAN LUIS DE LA PAZ,2587,C04,152,76,1,15,7,9,64,326,0,27,353,722
11,GUANAJUATO,2,SAN LUIS DE LA PAZ,33,SAN LUIS DE LA PAZ,2587,C05,128,65,2,17,13,20,53,305,0,18,323,722
11,GUANAJUATO,2,SAN LUIS DE LA PAZ,33,SAN LUIS DE LA PAZ,2587,C06,124,87,2,14,6,17,54,307,0,22,329,722
11,GUANAJUATO,2,SAN LUIS DE LA PAZ,33,SAN LUIS DE LA PAZ,2587,C07,147,99,2,5,12,15,65,351,0,23,374,722
11,GUANAJUATO,2,SAN LUIS DE LA PAZ,33,SAN LUIS DE LA PAZ,2587,C08,134,58,4,9,9,30,81,331,0,15,346,722
11,GUANAJUATO,2,SAN LUIS DE LA PAZ,33,SAN LUIS DE LA PAZ,2588,B,120,67,3,17,9,19,45,288,0,11,299,633
11,GUANAJUATO,2,SAN LUIS DE LA PAZ,33,SAN LUIS DE LA PAZ,2588,C01,85,64,5,16,7,34,58,282,1,17,300,633
11,GUANAJUATO,2,SAN LUIS DE LA PAZ,33,SAN LUIS DE LA PAZ,2588,C02,106,60,7,11,6,18,47,266,0,25,291,633
11,GUANAJUATO,2,SAN LUIS DE LA PAZ,33,SAN LUIS DE LA PAZ,2588,C03,101,71,13,12,11,12,55,284,0,14,298,633
11,GUANAJUATO,2,SAN LUIS DE LA PAZ,33,SAN LUIS DE LA PAZ,2588,C04,97,64,6,20,2,18,53,279,0,12,291,633
11,GUANAJUATO,2,SAN LUIS DE LA PAZ,33,SAN LUIS DE LA PAZ,2589,B,104,61,2,12,6,18,57,275,0,24,299,609
11,GUANAJUATO,2,SAN LUIS DE LA PAZ,33,SAN LUIS DE LA PAZ,2589,C01,91,96,4,9,3,21,39,280,0,18,298,609
11,GUANAJUATO,2,SAN LUIS DE LA PAZ,33,SAN LUIS DE LA PAZ,2589,C02,91,118,3,8,0,11,56,296,0,8,304,608
11,GUANAJUATO,2,SAN LUIS DE LA PAZ,33,SAN LUIS DE LA PAZ,2590,B,72,100,1,13,6,17,53,273,0,14,287,531
11,GUANAJUATO,2,SAN LUIS DE LA PAZ,33,SAN LUIS DE LA PAZ,2590,C01,86,65,3,7,11,19,39,246,0,12,258,531
11,GUANAJUATO,2,SAN LUIS DE LA PAZ,33,SAN LUIS DE LA PAZ,2590,C02,61,74,3,11,15,19,26,224,0,27,251,531
11,GUANAJUATO,2,SAN LUIS DE LA PAZ,33,SAN LUIS DE LA PAZ,2591,B,85,110,6,16,3,22,93,347,0,25,372,654
11,GUANAJUATO,2,SAN LUIS DE LA PAZ,33,SAN LUIS DE LA PAZ,2591,C01,81,131,5,19,7,37,90,387,0,20,407,654
11,GUANAJUATO,2,SAN LUIS DE LA PAZ,33,SAN LUIS DE LA PAZ,2592,B,112,125,4,14,6,33,82,391,0,19,410,674
11,GUANAJUATO,2,SAN LUIS DE LA PAZ,33,SAN LUIS DE LA PAZ,2592,C01,112,122,4,14,4,44,64,371,0,17,388,673
11,GUANAJUATO,2,SAN LUIS DE LA PAZ,33,SAN LUIS DE LA PAZ,2593,B,34,127,4,13,9,45,96,332,0,29,361,706
11,GUANAJUATO,2,SAN LUIS DE LA PAZ,33,SAN LUIS DE LA PAZ,2593,E01,186,53,5,13,9,35,45,349,0,17,366,630
11,GUANAJUATO,2,SAN LUIS DE LA PAZ,33,SAN LUIS DE LA PAZ,2594,B,49,123,0,6,3,23,58,276,0,22,298,560
11,GUANAJUATO,2,SAN LUIS DE LA PAZ,33,SAN LUIS DE LA PAZ,2594,C01,46,148,1,3,3,22,37,274,0,10,284,559
11,GUANAJUATO,2,SAN LUIS DE LA PAZ,33,SAN LUIS DE LA PAZ,2595,B,72,84,6,9,5,67,40,338,0,20,358,691
11,GUANAJUATO,2,SAN LUIS DE LA PAZ,33,SAN LUIS DE LA PAZ,2595,C01,92,81,1,8,8,63,42,340,0,16,356,691
11,GUANAJUATO,2,SAN LUIS DE LA PAZ,33,SAN LUIS DE LA PAZ,2595,C02,77,72,4,5,11,68,59,331,0,22,353,691
11,GUANAJUATO,2,SAN LUIS DE LA PAZ,33,SAN LUIS DE LA PAZ,2596,B,55,102,7,6,8,18,51,274,0,30,304,626
11,GUANAJUATO,2,SAN LUIS DE LA PAZ,33,SAN LUIS DE LA PAZ,2597,B,81,72,10,9,6,36,43,297,0,31,328,733
11,GUANAJUATO,2,SAN LUIS DE LA PAZ,33,SAN LUIS DE LA PAZ,2597,C01,95,98,10,12,5,42,39,359,0,29,388,733
11,GUANAJUATO,2,SAN LUIS DE LA PAZ,33,SAN LUIS DE LA PAZ,2598,B,64,80,1,13,3,12,42,321,0,18,339,656
11,GUANAJUATO,2,SAN LUIS DE LA PAZ,33,SAN LUIS DE LA PAZ,2598,C01,87,60,7,12,6,19,37,315,0,20,335,656
11,GUANAJUATO,2,SAN LUIS DE LA PAZ,33,SAN LUIS DE LA PAZ,2598,C02,62,77,3,16,5,15,34,306,0,19,325,656
11,GUANAJUATO,2,SAN LUIS DE LA PAZ,33,SAN LUIS DE LA PAZ,2598,C03,65,99,1,14,14,12,47,353,0,20,373,655
11,GUANAJUATO,2,SAN LUIS DE LA PAZ,33,SAN LUIS DE LA PAZ,2599,B,67,54,3,11,3,21,125,332,0,29,361,689
11,GUANAJUATO,2,SAN LUIS DE LA PAZ,33,SAN LUIS DE LA PAZ,2599,C01,46,61,2,10,12,14,103,308,0,20,328,689
11,GUANAJUATO,2,SAN LUIS DE LA PAZ,33,SAN LUIS DE LA PAZ,2599,C02,46,67,2,12,3,4,140,340,0,21,361,688
11,GUANAJUATO,2,SAN LUIS DE LA PAZ,33,SAN LUIS DE LA PAZ,2600,B,88,143,3,16,8,21,69,368,0,36,404,744
11,GUANAJUATO,2,SAN LUIS DE LA PAZ,33,SAN LUIS DE LA PAZ,2600,C01,72,142,2,18,6,16,77,351,0,22,373,743
11,GUANAJUATO,2,SAN LUIS DE LA PAZ,33,SAN LUIS DE LA PAZ,2601,B,57,101,2,10,6,8,107,300,0,19,319,598
11,GUANAJUATO,2,SAN LUIS DE LA PAZ,33,SAN LUIS DE LA PAZ,2601,C01,59,91,3,8,9,10,98,294,0,20,314,597
11,GUANAJUATO,2,SAN LUIS DE LA PAZ,33,SAN LUIS DE LA PAZ,2601,C02,46,97,4,10,7,8,89,269,0,20,289,597
11,GUANAJUATO,2,SAN LUIS DE LA PAZ,33,SAN LUIS DE LA PAZ,2601,C03,42,85,6,10,5,10,91,267,0,18,285,597
11,GUANAJUATO,2,SAN LUIS DE LA PAZ,33,SAN LUIS DE LA PAZ,2602,B,93,62,3,12,15,31,112,353,0,27,380,663
11,GUANAJUATO,2,SAN LUIS DE LA PAZ,33,SAN LUIS DE LA PAZ,2602,C01,66,86,5,11,15,26,137,369,0,24,393,663
11,GUANAJUATO,2,SAN LUIS DE LA PAZ,33,SAN LUIS DE LA PAZ,2602,C02,91,68,2,15,8,19,131,360,0,15,375,663
11,GUANAJUATO,2,SAN LUIS DE LA PAZ,33,SAN LUIS DE LA PAZ,2602,C03,97,80,3,10,5,30,108,350,0,24,374,662
11,GUANAJUATO,2,SAN LUIS DE LA PAZ,34,SANTA CATARINA,0,VA39,1,0,0,0,0,0,0,1,0,0,1,1
11,GUANAJUATO,2,SAN LUIS DE LA PAZ,34,SANTA CATARINA,2603,B,176,179,0,1,3,0,65,424,0,9,433,639
11,GUANAJUATO,2,SAN LUIS DE LA PAZ,34,SANTA CATARINA,2603,C01,190,164,0,4,1,0,63,422,1,15,438,639
11,GUANAJUATO,2,SAN LUIS DE LA PAZ,34,SANTA CATARINA,2603,C02,198,142,1,2,7,0,62,412,0,10,422,638
11,GUANAJUATO,2,SAN LUIS DE LA PAZ,34,SANTA CATARINA,2604,B,169,154,0,6,3,0,40,372,0,10,382,583
11,GUANAJUATO,2,SAN LUIS DE LA PAZ,34,SANTA CATARINA,2604,C01,201,170,0,2,4,0,51,428,1,9,438,583
11,GUANAJUATO,2,SAN LUIS DE LA PAZ,34,SANTA CATARINA,2604,C02,209,140,1,2,3,0,56,411,0,8,419,582
11,GUANAJUATO,2,SAN LUIS DE LA PAZ,34,SANTA CATARINA,2605,B,246,62,1,2,4,0,23,338,0,10,348,561
11,GUANAJUATO,2,SAN LUIS DE LA PAZ,34,SANTA CATARINA,2605,E01,63,55,0,0,1,0,7,126,0,0,126,195
11,GUANAJUATO,2,SAN LUIS DE LA PAZ,34,SANTA CATARINA,2606,B,88,70,0,0,2,0,24,184,0,2,186,247
11,GUANAJUATO,2,SAN LUIS DE LA PAZ,34,SANTA CATARINA,2607,B,71,107,1,1,2,0,17,199,0,7,206,315
11,GUANAJUATO,17,APASEO EL GRANDE,35,SANTA CRUZ DE JUVENTINO ROSAS,2608,B,50,4,96,33,8,0,58,371,0,20,391,708
11,GUANAJUATO,17,APASEO EL GRANDE,35,SANTA CRUZ DE JUVENTINO ROSAS,2608,C01,67,13,82,32,10,0,68,381,1,10,392,707
11,GUANAJUATO,17,APASEO EL GRANDE,35,SANTA CRUZ DE JUVENTINO ROSAS,2609,B,54,3,113,37,3,0,41,355,0,9,364,698
11,GUANAJUATO,17,APASEO EL GRANDE,35,SANTA CRUZ DE JUVENTINO ROSAS,2609,C01,47,2,133,22,3,0,56,405,0,10,415,698
11,GUANAJUATO,17,APASEO EL GRANDE,35,SANTA CRUZ DE JUVENTINO ROSAS,2609,C02,54,4,109,28,4,0,53,374,0,17,391,698
11,GUANAJUATO,17,APASEO EL GRANDE,35,SANTA CRUZ DE JUVENTINO ROSAS,2610,B,71,5,94,40,10,0,48,440,0,8,448,676
11,GUANAJUATO,17,APASEO EL GRANDE,35,SANTA CRUZ DE JUVENTINO ROSAS,2610,C01,44,1,128,31,8,0,44,404,0,17,421,675
11,GUANAJUATO,17,APASEO EL GRANDE,35,SANTA CRUZ DE JUVENTINO ROSAS,2610,C02,67,8,103,31,5,0,64,411,0,15,426,675
11,GUANAJUATO,17,APASEO EL GRANDE,35,SANTA CRUZ DE JUVENTINO ROSAS,2611,B,48,5,55,21,4,0,48,257,0,11,268,387
11,GUANAJUATO,17,APASEO EL GRANDE,35,SANTA CRUZ DE JUVENTINO ROSAS,2611,C01,40,7,77,22,4,0,47,257,0,10,267,387
11,GUANAJUATO,17,APASEO EL GRANDE,35,SANTA CRUZ DE JUVENTINO ROSAS,2612,B,55,8,92,23,5,0,39,350,0,15,365,610
11,GUANAJUATO,17,APASEO EL GRANDE,35,SANTA CRUZ DE JUVENTINO ROSAS,2612,C01,72,2,80,35,9,0,49,370,0,4,374,610
11,GUANAJUATO,17,APASEO EL GRANDE,35,SANTA CRUZ DE JUVENTINO ROSAS,2612,C02,53,4,79,28,8,0,49,352,0,13,365,609
11,GUANAJUATO,17,APASEO EL GRANDE,35,SANTA CRUZ DE JUVENTINO ROSAS,2612,C03,60,2,81,32,5,0,62,380,0,16,396,609
11,GUANAJUATO,17,APASEO EL GRANDE,35,SANTA CRUZ DE JUVENTINO ROSAS,2613,B,51,6,79,24,9,0,45,362,0,9,371,648
11,GUANAJUATO,17,APASEO EL GRANDE,35,SANTA CRUZ DE JUVENTINO ROSAS,2613,C01,61,5,60,31,5,0,52,352,0,10,362,647
11,GUANAJUATO,17,APASEO EL GRANDE,35,SANTA CRUZ DE JUVENTINO ROSAS,2613,C02,65,8,41,16,4,0,60,329,0,8,337,647
11,GUANAJUATO,17,APASEO EL GRANDE,35,SANTA CRUZ DE JUVENTINO ROSAS,2613,C03,61,7,68,39,5,0,66,364,0,6,370,647
11,GUANAJUATO,17,APASEO EL GRANDE,35,SANTA CRUZ DE JUVENTINO ROSAS,2613,C04,49,4,64,20,5,0,61,358,0,16,374,647
11,GUANAJUATO,17,APASEO EL GRANDE,35,SANTA CRUZ DE JUVENTINO ROSAS,2613,C05,56,13,69,39,6,0,44,389,1,3,393,647
11,GUANAJUATO,17,APASEO EL GRANDE,35,SANTA CRUZ DE JUVENTINO ROSAS,2614,B,57,6,85,29,9,0,59,361,0,10,371,571
11,GUANAJUATO,17,APASEO EL GRANDE,35,SANTA CRUZ DE JUVENTINO ROSAS,2614,C01,58,8,83,23,5,0,61,360,0,10,370,570
11,GUANAJUATO,17,APASEO EL GRANDE,35,SANTA CRUZ DE JUVENTINO ROSAS,2615,B,88,5,86,27,10,0,57,386,0,6,392,564
11,GUANAJUATO,17,APASEO EL GRANDE,35,SANTA CRUZ DE JUVENTINO ROSAS,2615,C01,94,10,80,37,3,0,65,388,0,8,396,564
11,GUANAJUATO,17,APASEO EL GRANDE,35,SANTA CRUZ DE JUVENTINO ROSAS,2616,B,120,2,88,17,9,0,31,351,0,14,365,487
11,GUANAJUATO,17,APASEO EL GRANDE,35,SANTA CRUZ DE JUVENTINO ROSAS,2617,B,101,5,59,25,7,0,55,378,0,10,388,566
11,GUANAJUATO,17,APASEO EL GRANDE,35,SANTA CRUZ DE JUVENTINO ROSAS,2617,C01,76,0,81,25,5,0,70,381,0,12,393,566
11,GUANAJUATO,17,APASEO EL GRANDE,35,SANTA CRUZ DE JUVENTINO ROSAS,2617,C02,76,2,66,28,2,0,58,382,0,14,396,566
11,GUANAJUATO,17,APASEO EL GRANDE,35,SANTA CRUZ DE JUVENTINO ROSAS,2618,B,56,4,45,23,12,0,61,291,0,12,303,420
11,GUANAJUATO,17,APASEO EL GRANDE,35,SANTA CRUZ DE JUVENTINO ROSAS,2618,C01,79,6,44,9,3,0,46,264,0,14,278,419
11,GUANAJUATO,17,APASEO EL GRANDE,35,SANTA CRUZ DE JUVENTINO ROSAS,2619,B,144,7,134,35,7,0,67,510,0,13,523,731
11,GUANAJUATO,17,APASEO EL GRANDE,35,SANTA CRUZ DE JUVENTINO ROSAS,2620,B,88,9,109,25,5,0,58,412,0,9,421,597
11,GUANAJUATO,17,APASEO EL GRANDE,35,SANTA CRUZ DE JUVENTINO ROSAS,2620,C01,66,7,112,34,7,0,49,387,0,20,407,597
11,GUANAJUATO,17,APASEO EL GRANDE,35,SANTA CRUZ DE JUVENTINO ROSAS,2620,S01,23,3,43,5,5,0,21,176,0,10,186,0
11,GUANAJUATO,17,APASEO EL GRANDE,35,SANTA CRUZ DE JUVENTINO ROSAS,2621,B,85,1,81,26,4,0,36,333,0,6,339,515
11,GUANAJUATO,17,APASEO EL GRANDE,35,SANTA CRUZ DE JUVENTINO ROSAS,2621,C01,51,6,69,35,6,0,54,326,0,10,336,514
11,GUANAJUATO,17,APASEO EL GRANDE,35,SANTA CRUZ DE JUVENTINO ROSAS,2621,C02,59,14,60,32,9,0,42,330,0,15,345,514
11,GUANAJUATO,17,APASEO EL GRANDE,35,SANTA CRUZ DE JUVENTINO ROSAS,2622,B,106,7,77,32,18,0,53,406,0,19,425,657
11,GUANAJUATO,17,APASEO EL GRANDE,35,SANTA CRUZ DE JUVENTINO ROSAS,2622,C01,67,7,87,28,8,0,72,392,0,16,408,657
11,GUANAJUATO,17,APASEO EL GRANDE,35,SANTA CRUZ DE JUVENTINO ROSAS,2623,B,48,2,63,18,11,0,53,306,0,13,319,561
11,GUANAJUATO,17,APASEO EL GRANDE,35,SANTA CRUZ DE JUVENTINO ROSAS,2623,C01,37,2,74,12,5,0,61,305,0,11,316,560
11,GUANAJUATO,17,APASEO EL GRANDE,35,SANTA CRUZ DE JUVENTINO ROSAS,2623,C02,46,2,58,27,6,0,70,313,0,11,324,560
11,GUANAJUATO,17,APASEO EL GRANDE,35,SANTA CRUZ DE JUVENTINO ROSAS,2624,B,67,2,71,35,9,0,73,415,0,12,427,676
11,GUANAJUATO,17,APASEO EL GRANDE,35,SANTA CRUZ DE JUVENTINO ROSAS,2624,C01,75,1,80,20,12,0,82,420,0,7,427,676
11,GUANAJUATO,17,APASEO EL GRANDE,35,SANTA CRUZ DE JUVENTINO ROSAS,2624,C02,64,2,98,30,9,0,73,426,0,14,440,676
11,GUANAJUATO,17,APASEO EL GRANDE,35,SANTA CRUZ DE JUVENTINO ROSAS,2625,B,57,5,84,45,8,0,77,437,0,13,450,722
11,GUANAJUATO,17,APASEO EL GRANDE,35,SANTA CRUZ DE JUVENTINO ROSAS,2625,C01,63,8,101,36,6,0,83,429,0,16,445,722
11,GUANAJUATO,17,APASEO EL GRANDE,35,SANTA CRUZ DE JUVENTINO ROSAS,2625,C02,58,3,106,30,4,0,64,436,0,12,448,722
11,GUANAJUATO,17,APASEO EL GRANDE,35,SANTA CRUZ DE JUVENTINO ROSAS,2625,C03,75,4,96,33,3,0,73,427,0,7,434,722
11,GUANAJUATO,17,APASEO EL GRANDE,35,SANTA CRUZ DE JUVENTINO ROSAS,2625,C04,62,5,91,21,7,0,69,399,0,22,421,721
11,GUANAJUATO,17,APASEO EL GRANDE,35,SANTA CRUZ DE JUVENTINO ROSAS,2626,B,49,6,114,31,4,0,67,416,0,11,427,669
11,GUANAJUATO,17,APASEO EL GRANDE,35,SANTA CRUZ DE JUVENTINO ROSAS,2626,C01,54,8,119,29,6,0,69,392,0,12,404,669
11,GUANAJUATO,17,APASEO EL GRANDE,35,SANTA CRUZ DE JUVENTINO ROSAS,2626,C02,57,3,93,28,1,0,64,391,0,14,405,669
11,GUANAJUATO,17,APASEO EL GRANDE,35,SANTA CRUZ DE JUVENTINO ROSAS,2626,C03,69,8,113,32,10,0,54,404,0,13,417,669
11,GUANAJUATO,17,APASEO EL GRANDE,35,SANTA CRUZ DE JUVENTINO ROSAS,2626,C04,58,1,124,28,8,0,57,426,0,28,454,669
11,GUANAJUATO,17,APASEO EL GRANDE,35,SANTA CRUZ DE JUVENTINO ROSAS,2626,C05,40,4,99,29,12,0,72,406,0,11,417,669
11,GUANAJUATO,17,APASEO EL GRANDE,35,SANTA CRUZ DE JUVENTINO ROSAS,2626,C06,47,4,100,27,5,0,58,385,0,13,398,669
11,GUANAJUATO,17,APASEO EL GRANDE,35,SANTA CRUZ DE JUVENTINO ROSAS,2626,C07,47,5,110,32,7,0,50,369,0,15,384,669
11,GUANAJUATO,17,APASEO EL GRANDE,35,SANTA CRUZ DE JUVENTINO ROSAS,2626,C08,59,1,117,29,7,0,73,398,0,19,417,668
11,GUANAJUATO,17,APASEO EL GRANDE,35,SANTA CRUZ DE JUVENTINO ROSAS,2627,B,97,1,23,11,4,0,16,238,0,20,258,424
11,GUANAJUATO,17,APASEO EL GRANDE,35,SANTA CRUZ DE JUVENTINO ROSAS,2627,C01,63,6,33,8,6,0,9,216,0,12,228,423
11,GUANAJUATO,17,APASEO EL GRANDE,35,SANTA CRUZ DE JUVENTINO ROSAS,2628,B,81,7,51,8,2,0,19,246,0,18,264,489
11,GUANAJUATO,17,APASEO EL GRANDE,35,SANTA CRUZ DE JUVENTINO ROSAS,2628,C01,101,6,36,4,6,0,31,255,0,24,279,489
11,GUANAJUATO,17,APASEO EL GRANDE,35,SANTA CRUZ DE JUVENTINO ROSAS,2629,B,63,1,41,10,4,0,43,222,0,20,242,448
11,GUANAJUATO,17,APASEO EL GRANDE,35,SANTA CRUZ DE JUVENTINO ROSAS,2629,C01,52,2,92,9,2,0,25,253,0,10,263,448
11,GUANAJUATO,17,APASEO EL GRANDE,35,SANTA CRUZ DE JUVENTINO ROSAS,2630,B,184,16,19,12,3,0,13,421,0,20,441,722
11,GUANAJUATO,17,APASEO EL GRANDE,35,SANTA CRUZ DE JUVENTINO ROSAS,2630,C01,156,13,21,11,3,0,25,400,0,11,411,722
11,GUANAJUATO,17,APASEO EL GRANDE,35,SANTA CRUZ DE JUVENTINO ROSAS,2630,E01,168,12,36,9,7,0,41,368,0,9,377,612
11,GUANAJUATO,17,APASEO EL GRANDE,35,SANTA CRUZ DE JUVENTINO ROSAS,2630,E01C01,132,9,41,15,11,0,35,370,0,7,377,612
11,GUANAJUATO,17,APASEO EL GRANDE,35,SANTA CRUZ DE JUVENTINO ROSAS,2631,B,49,9,71,30,4,0,37,331,0,12,343,689
11,GUANAJUATO,17,APASEO EL GRANDE,35,SANTA CRUZ DE JUVENTINO ROSAS,2631,C01,60,2,71,26,5,0,34,324,0,16,340,689
11,GUANAJUATO,17,APASEO EL GRANDE,35,SANTA CRUZ DE JUVENTINO ROSAS,2631,C02,50,5,78,19,3,0,34,308,0,25,333,689
11,GUANAJUATO,17,APASEO EL GRANDE,35,SANTA CRUZ DE JUVENTINO ROSAS,2631,C03,51,2,72,24,8,0,48,354,0,30,384,689
11,GUANAJUATO,17,APASEO EL GRANDE,35,SANTA CRUZ DE JUVENTINO ROSAS,2632,B,55,4,39,7,7,0,40,257,0,10,267,507
11,GUANAJUATO,17,APASEO EL GRANDE,35,SANTA CRUZ DE JUVENTINO ROSAS,2632,C01,59,4,41,12,10,0,29,254,0,19,273,507
11,GUANAJUATO,17,APASEO EL GRANDE,35,SANTA CRUZ DE JUVENTINO ROSAS,2632,C02,62,3,31,8,12,0,47,230,0,20,250,506
11,GUANAJUATO,17,APASEO EL GRANDE,35,SANTA CRUZ DE JUVENTINO ROSAS,2633,B,50,6,67,3,2,0,32,398,0,24,422,698
11,GUANAJUATO,17,APASEO EL GRANDE,35,SANTA CRUZ DE JUVENTINO ROSAS,2633,C01,64,1,72,5,4,0,39,377,0,30,407,698
11,GUANAJUATO,17,APASEO EL GRANDE,35,SANTA CRUZ DE JUVENTINO ROSAS,2633,C02,75,7,54,3,3,0,37,386,0,21,407,698
11,GUANAJUATO,17,APASEO EL GRANDE,35,SANTA CRUZ DE JUVENTINO ROSAS,2634,B,70,6,71,8,4,0,68,431,0,31,462,707
11,GUANAJUATO,17,APASEO EL GRANDE,35,SANTA CRUZ DE JUVENTINO ROSAS,2635,B,19,3,48,10,2,0,21,276,0,14,290,521
11,GUANAJUATO,17,APASEO EL GRANDE,35,SANTA CRUZ DE JUVENTINO ROSAS,2635,C01,23,1,52,7,7,0,21,278,0,17,295,521
11,GUANAJUATO,17,APASEO EL GRANDE,35,SANTA CRUZ DE JUVENTINO ROSAS,2635,C02,16,0,61,10,3,0,14,251,0,21,272,520
11,GUANAJUATO,17,APASEO EL GRANDE,35,SANTA CRUZ DE JUVENTINO ROSAS,2636,B,87,6,79,15,3,0,69,400,0,5,405,632
11,GUANAJUATO,17,APASEO EL GRANDE,35,SANTA CRUZ DE JUVENTINO ROSAS,2636,C01,78,1,47,5,7,0,47,346,0,16,362,632
11,GUANAJUATO,17,APASEO EL GRANDE,35,SANTA CRUZ DE JUVENTINO ROSAS,2636,C02,90,0,63,10,2,0,58,371,0,16,387,632
11,GUANAJUATO,17,APASEO EL GRANDE,35,SANTA CRUZ DE JUVENTINO ROSAS,2636,C03,105,3,45,8,7,0,48,371,0,13,384,631
11,GUANAJUATO,17,APASEO EL GRANDE,35,SANTA CRUZ DE JUVENTINO ROSAS,2636,C04,103,5,37,8,7,0,61,375,0,10,385,631
11,GUANAJUATO,17,APASEO EL GRANDE,35,SANTA CRUZ DE JUVENTINO ROSAS,2637,B,69,6,90,12,6,0,63,426,0,21,447,717
11,GUANAJUATO,17,APASEO EL GRANDE,35,SANTA CRUZ DE JUVENTINO ROSAS,2637,C01,58,3,88,4,8,0,69,378,2,19,399,717
11,GUANAJUATO,17,APASEO EL GRANDE,35,SANTA CRUZ DE JUVENTINO ROSAS,2637,C02,106,1,81,12,4,0,51,395,0,14,409,717
11,GUANAJUATO,17,APASEO EL GRANDE,35,SANTA CRUZ DE JUVENTINO ROSAS,2638,B,30,11,109,13,10,0,57,316,0,23,339,632
11,GUANAJUATO,17,APASEO EL GRANDE,35,SANTA CRUZ DE JUVENTINO ROSAS,2638,C01,35,3,100,14,8,0,53,306,0,7,313,632
11,GUANAJUATO,17,APASEO EL GRANDE,35,SANTA CRUZ DE JUVENTINO ROSAS,2638,C02,38,9,115,15,2,0,44,329,0,9,338,632
11,GUANAJUATO,17,APASEO EL GRANDE,35,SANTA CRUZ DE JUVENTINO ROSAS,2638,C03,36,12,119,13,6,0,56,344,0,13,357,632
11,GUANAJUATO,17,APASEO EL GRANDE,35,SANTA CRUZ DE JUVENTINO ROSAS,2639,B,67,5,85,4,3,0,42,361,0,13,374,588
11,GUANAJUATO,17,APASEO EL GRANDE,35,SANTA CRUZ DE JUVENTINO ROSAS,2639,C01,73,4,59,8,4,0,45,367,0,19,386,588
11,GUANAJUATO,17,APASEO EL GRANDE,35,SANTA CRUZ DE JUVENTINO ROSAS,2639,C02,67,1,99,1,6,0,39,370,0,18,388,587
11,GUANAJUATO,17,APASEO EL GRANDE,35,SANTA CRUZ DE JUVENTINO ROSAS,2639,C03,74,3,69,5,3,0,38,366,0,17,383,587
11,GUANAJUATO,17,APASEO EL GRANDE,35,SANTA CRUZ DE JUVENTINO ROSAS,2640,B,37,5,88,4,6,0,32,301,0,20,321,570
11,GUANAJUATO,17,APASEO EL GRANDE,35,SANTA CRUZ DE JUVENTINO ROSAS,2640,C01,38,3,68,2,7,0,39,304,0,17,321,570
11,GUANAJUATO,17,APASEO EL GRANDE,35,SANTA CRUZ DE JUVENTINO ROSAS,2640,C02,42,4,76,9,3,0,47,317,0,12,329,569
11,GUANAJUATO,17,APASEO EL GRANDE,35,SANTA CRUZ DE JUVENTINO ROSAS,2641,B,33,2,113,4,3,0,29,339,0,15,354,586
11,GUANAJUATO,17,APASEO EL GRANDE,35,SANTA CRUZ DE JUVENTINO ROSAS,2641,C01,25,0,155,5,2,0,40,356,0,18,374,586
11,GUANAJUATO,17,APASEO EL GRANDE,35,SANTA CRUZ DE JUVENTINO ROSAS,2642,B,30,2,97,5,7,0,39,423,0,26,449,716
11,GUANAJUATO,17,APASEO EL GRANDE,35,SANTA CRUZ DE JUVENTINO ROSAS,2642,C01,26,5,87,2,6,0,23,422,0,21,443,716
11,GUANAJUATO,17,APASEO EL GRANDE,35,SANTA CRUZ DE JUVENTINO ROSAS,2643,B,102,3,138,19,15,0,60,406,0,12,418,642
11,GUANAJUATO,17,APASEO EL GRANDE,35,SANTA CRUZ DE JUVENTINO ROSAS,2643,C01,100,9,128,18,9,0,57,424,0,12,436,642
11,GUANAJUATO,13,CORTAZAR,36,SANTIAGO MARAVATIO,2644,B,238,2,0,0,0,0,224,464,0,18,482,670
11,GUANAJUATO,13,CORTAZAR,36,SANTIAGO MARAVATIO,2645,B,141,1,0,0,0,1,158,301,0,5,306,450
11,GUANAJUATO,13,CORTAZAR,36,SANTIAGO MARAVATIO,2645,C01,146,2,0,0,0,3,142,293,0,5,298,449
11,GUANAJUATO,13,CORTAZAR,36,SANTIAGO MARAVATIO,2646,B,281,8,0,0,0,1,178,468,0,14,482,675
11,GUANAJUATO,13,CORTAZAR,36,SANTIAGO MARAVATIO,2647,B,219,5,0,0,0,3,159,386,0,9,395,533
11,GUANAJUATO,13,CORTAZAR,36,SANTIAGO MARAVATIO,2647,C01,180,2,0,0,0,2,188,372,0,8,380,533
11,GUANAJUATO,13,CORTAZAR,36,SANTIAGO MARAVATIO,2648,B,176,8,0,0,0,0,140,324,0,8,332,481
11,GUANAJUATO,13,CORTAZAR,36,SANTIAGO MARAVATIO,2649,B,201,2,0,0,0,1,137,341,0,11,352,550
11,GUANAJUATO,13,CORTAZAR,36,SANTIAGO MARAVATIO,2649,C01,227,3,0,0,0,3,147,380,0,6,386,550
11,GUANAJUATO,13,CORTAZAR,36,SANTIAGO MARAVATIO,2650,B,132,3,0,0,0,0,175,310,0,4,314,503
11,GUANAJUATO,13,CORTAZAR,36,SANTIAGO MARAVATIO,2651,B,92,0,0,0,0,0,87,179,0,4,183,302
11,GUANAJUATO,13,CORTAZAR,36,SANTIAGO MARAVATIO,2652,B,150,0,0,0,0,0,183,333,0,7,340,657
11,GUANAJUATO,13,CORTAZAR,36,SANTIAGO MARAVATIO,2653,B,133,2,0,0,0,1,137,273,0,12,285,548
11,GUANAJUATO,8,GUANAJUATO,37,SILAO DE LA VICTORIA,0,VA40,0,0,0,0,0,1,0,1,0,0,1,1
11,GUANAJUATO,8,GUANAJUATO,37,SILAO DE LA VICTORIA,2654,B,87,9,0,16,17,100,102,334,0,19,353,703
11,GUANAJUATO,8,GUANAJUATO,37,SILAO DE LA VICTORIA,2654,C01,62,4,3,13,7,94,110,293,0,13,306,703
11,GUANAJUATO,8,GUANAJUATO,37,SILAO DE LA VICTORIA,2654,C02,86,5,2,7,9,81,130,323,0,13,336,703
11,GUANAJUATO,8,GUANAJUATO,37,SILAO DE LA VICTORIA,2654,C03,80,5,4,7,15,83,123,318,0,16,334,703
11,GUANAJUATO,8,GUANAJUATO,37,SILAO DE LA VICTORIA,2654,C04,71,3,3,15,6,75,148,322,0,9,331,703
11,GUANAJUATO,8,GUANAJUATO,37,SILAO DE LA VICTORIA,2654,C05,79,3,3,9,6,70,126,298,0,14,312,702
11,GUANAJUATO,8,GUANAJUATO,37,SILAO DE LA VICTORIA,2654,C06,60,5,3,12,12,104,123,322,0,13,335,702
11,GUANAJUATO,8,GUANAJUATO,37,SILAO DE LA VICTORIA,2655,B,96,7,3,14,10,92,125,348,0,8,356,649
11,GUANAJUATO,8,GUANAJUATO,37,SILAO DE LA VICTORIA,2655,C01,101,3,2,12,6,65,108,304,1,4,309,649
11,GUANAJUATO,8,GUANAJUATO,37,SILAO DE LA VICTORIA,2655,C02,90,4,3,6,5,71,125,307,0,10,317,649
11,GUANAJUATO,8,GUANAJUATO,37,SILAO DE LA VICTORIA,2655,C03,80,4,0,12,10,100,101,309,0,8,317,649
11,GUANAJUATO,8,GUANAJUATO,37,SILAO DE LA VICTORIA,2655,C04,71,1,0,10,10,72,113,283,1,9,293,649
11,GUANAJUATO,8,GUANAJUATO,37,SILAO DE LA VICTORIA,2655,C05,61,6,1,13,13,77,126,300,2,7,309,649
11,GUANAJUATO,8,GUANAJUATO,37,SILAO DE LA VICTORIA,2656,B,117,23,4,13,28,88,149,428,0,9,437,723
11,GUANAJUATO,8,GUANAJUATO,37,SILAO DE LA VICTORIA,2656,C01,123,16,3,20,17,84,134,402,0,8,410,723
11,GUANAJUATO,8,GUANAJUATO,37,SILAO DE LA VICTORIA,2656,C02,152,25,1,19,17,75,119,415,0,8,423,723
11,GUANAJUATO,8,GUANAJUATO,37,SILAO DE LA VICTORIA,2656,C03,131,16,2,14,10,90,128,397,1,12,410,722
11,GUANAJUATO,8,GUANAJUATO,37,SILAO DE LA VICTORIA,2656,C04,122,19,1,15,10,90,135,398,0,8,406,722
11,GUANAJUATO,8,GUANAJUATO,37,SILAO DE LA VICTORIA,2656,C05,153,14,5,20,16,84,137,436,0,5,441,722
11,GUANAJUATO,8,GUANAJUATO,37,SILAO DE LA VICTORIA,2657,B,95,10,2,16,20,112,152,413,0,8,421,724
11,GUANAJUATO,8,GUANAJUATO,37,SILAO DE LA VICTORIA,2657,C01,118,12,1,17,16,106,143,414,0,6,420,724
11,GUANAJUATO,8,GUANAJUATO,37,SILAO DE LA VICTORIA,2657,C02,107,13,1,20,16,77,148,385,0,11,396,724
11,GUANAJUATO,8,GUANAJUATO,37,SILAO DE LA VICTORIA,2657,C03,95,12,4,12,22,94,131,372,0,9,381,723
11,GUANAJUATO,8,GUANAJUATO,37,SILAO DE LA VICTORIA,2657,S01,9,1,1,2,0,5,20,41,0,1,42,0
11,GUANAJUATO,8,GUANAJUATO,37,SILAO DE LA VICTORIA,2658,B,61,15,1,6,8,80,100,275,0,14,289,550
11,GUANAJUATO,8,GUANAJUATO,37,SILAO DE LA VICTORIA,2658,C01,77,11,0,10,15,80,104,298,0,12,310,549
11,GUANAJUATO,8,GUANAJUATO,37,SILAO DE LA VICTORIA,2659,B,106,8,6,26,14,112,139,415,0,10,425,741
11,GUANAJUATO,8,GUANAJUATO,37,SILAO DE LA VICTORIA,2659,C01,101,10,7,18,10,97,140,388,0,8,396,741
11,GUANAJUATO,8,GUANAJUATO,37,SILAO DE LA VICTORIA,2659,C02,114,6,4,21,11,95,139,394,0,16,410,741
11,GUANAJUATO,8,GUANAJUATO,37,SILAO DE LA VICTORIA,2659,C03,101,8,1,19,9,100,129,369,0,15,384,741
11,GUANAJUATO,8,GUANAJUATO,37,SILAO DE LA VICTORIA,2659,C04,108,10,6,20,15,108,122,390,0,14,404,741
11,GUANAJUATO,8,GUANAJUATO,37,SILAO DE LA VICTORIA,2660,B,100,13,1,13,32,78,144,382,0,17,399,660
11,GUANAJUATO,8,GUANAJUATO,37,SILAO DE LA VICTORIA,2660,C01,112,12,1,11,28,68,137,371,0,18,389,660
11,GUANAJUATO,8,GUANAJUATO,37,SILAO DE LA VICTORIA,2661,B,54,5,0,9,6,62,73,213,1,7,221,414
11,GUANAJUATO,8,GUANAJUATO,37,SILAO DE LA VICTORIA,2661,C01,55,6,2,14,6,59,88,232,0,7,239,414
11,GUANAJUATO,8,GUANAJUATO,37,SILAO DE LA VICTORIA,2662,B,104,15,4,12,18,90,131,377,0,12,389,584
11,GUANAJUATO,8,GUANAJUATO,37,SILAO DE LA VICTORIA,2662,C01,127,17,3,13,22,68,92,343,0,12,355,584
11,GUANAJUATO,10,SAN FRANCISCO DEL RINCON,37,SILAO DE LA VICTORIA,2663,B,110,17,7,13,22,76,137,388,0,13,401,631
11,GUANAJUATO,10,SAN FRANCISCO DEL RINCON,37,SILAO DE LA VICTORIA,2663,C01,140,14,3,8,25,71,131,394,0,21,415,630
11,GUANAJUATO,10,SAN FRANCISCO DEL RINCON,37,SILAO DE LA VICTORIA,2664,B,112,11,7,7,11,96,137,389,0,8,397,741
11,GUANAJUATO,10,SAN FRANCISCO DEL RINCON,37,SILAO DE LA VICTORIA,2664,C01,92,10,2,16,15,70,123,331,0,10,341,741
11,GUANAJUATO,10,SAN FRANCISCO DEL RINCON,37,SILAO DE LA VICTORIA,2664,C02,107,11,4,12,12,101,135,385,0,11,396,740
11,GUANAJUATO,10,SAN FRANCISCO DEL RINCON,37,SILAO DE LA VICTORIA,2664,C03,108,7,0,10,13,88,114,345,0,15,360,740
11,GUANAJUATO,10,SAN FRANCISCO DEL RINCON,37,SILAO DE LA VICTORIA,2664,C04,117,5,2,9,11,78,148,372,1,9,382,740
11,GUANAJUATO,10,SAN FRANCISCO DEL RINCON,37,SILAO DE LA VICTORIA,2664,C05,102,5,2,14,10,84,163,388,0,8,396,740
11,GUANAJUATO,10,SAN FRANCISCO DEL RINCON,37,SILAO DE LA VICTORIA,2664,C06,103,9,0,13,9,98,154,389,0,14,403,740
11,GUANAJUATO,10,SAN FRANCISCO DEL RINCON,37,SILAO DE LA VICTORIA,2665,B,85,7,2,11,8,61,127,304,0,7,311,564
11,GUANAJUATO,10,SAN FRANCISCO DEL RINCON,37,SILAO DE LA VICTORIA,2665,C01,102,5,0,8,9,67,95,290,0,11,301,564
11,GUANAJUATO,10,SAN FRANCISCO DEL RINCON,37,SILAO DE LA VICTORIA,2666,B,87,13,2,18,6,83,97,310,0,4,314,486
11,GUANAJUATO,10,SAN FRANCISCO DEL RINCON,37,SILAO DE LA VICTORIA,2666,C01,105,12,2,7,12,79,93,313,1,12,326,485
11,GUANAJUATO,10,SAN FRANCISCO DEL RINCON,37,SILAO DE LA VICTORIA,2667,B,111,11,4,20,13,46,68,276,0,6,282,388
11,GUANAJUATO,10,SAN FRANCISCO DEL RINCON,37,SILAO DE LA VICTORIA,2667,C01,101,20,2,13,9,41,76,267,0,9,276,388
11,GUANAJUATO,10,SAN FRANCISCO DEL RINCON,37,SILAO DE LA VICTORIA,2668,B,113,17,1,13,12,69,86,318,0,13,331,503
11,GUANAJUATO,10,SAN FRANCISCO DEL RINCON,37,SILAO DE LA VICTORIA,2668,C01,110,20,2,15,9,71,104,335,0,10,345,503
11,GUANAJUATO,8,GUANAJUATO,37,SILAO DE LA VICTORIA,2669,B,93,7,1,21,14,95,150,386,0,13,399,677
11,GUANAJUATO,8,GUANAJUATO,37,SILAO DE LA VICTORIA,2669,C01,103,9,5,14,8,108,148,400,0,15,415,677
11,GUANAJUATO,8,GUANAJUATO,37,SILAO DE LA VICTORIA,2670,B,80,10,1,15,17,107,110,342,0,16,358,616
11,GUANAJUATO,8,GUANAJUATO,37,SILAO DE LA VICTORIA,2670,C01,75,13,1,18,15,100,113,338,0,8,346,615
11,GUANAJUATO,8,GUANAJUATO,37,SILAO DE LA VICTORIA,2671,B,139,12,1,30,12,76,138,413,1,17,431,668
11,GUANAJUATO,8,GUANAJUATO,37,SILAO DE LA VICTORIA,2671,C01,120,15,2,22,19,107,149,437,0,13,450,668
11,GUANAJUATO,8,GUANAJUATO,37,SILAO DE LA VICTORIA,2672,B,57,4,1,9,10,99,135,319,1,7,327,587
11,GUANAJUATO,8,GUANAJUATO,37,SILAO DE LA VICTORIA,2672,C01,74,2,2,11,10,97,115,312,1,13,326,587
11,GUANAJUATO,8,GUANAJUATO,37,SILAO DE LA VICTORIA,2673,B,81,6,0,14,15,115,125,359,0,11,370,677
11,GUANAJUATO,8,GUANAJUATO,37,SILAO DE LA VICTORIA,2673,C01,85,2,0,16,11,125,141,382,0,11,393,676
11,GUANAJUATO,10,SAN FRANCISCO DEL RINCON,37,SILAO DE LA VICTORIA,2674,B,124,16,3,12,23,95,118,398,0,11,409,583
11,GUANAJUATO,10,SAN FRANCISCO DEL RINCON,37,SILAO DE LA VICTORIA,2675,B,81,11,2,9,9,67,110,295,0,8,303,472
11,GUANAJUATO,10,SAN FRANCISCO DEL RINCON,37,SILAO DE LA VICTORIA,2675,C01,105,12,1,13,8,65,94,301,0,12,313,471
11,GUANAJUATO,10,SAN FRANCISCO DEL RINCON,37,SILAO DE LA VICTORIA,2676,B,136,11,2,16,13,68,151,404,2,17,423,712
11,GUANAJUATO,10,SAN FRANCISCO DEL RINCON,37,SILAO DE LA VICTORIA,2676,C01,120,9,3,27,10,91,184,447,0,14,461,712
11,GUANAJUATO,10,SAN FRANCISCO DEL RINCON,37,SILAO DE LA VICTORIA,2676,C02,150,21,0,12,11,67,143,409,0,11,420,711
11,GUANAJUATO,10,SAN FRANCISCO DEL RINCON,37,SILAO DE LA VICTORIA,2677,B,88,9,4,8,7,67,102,289,0,16,305,599
11,GUANAJUATO,10,SAN FRANCISCO DEL RINCON,37,SILAO DE LA VICTORIA,2677,C01,97,4,6,12,13,61,113,310,0,14,324,599
11,GUANAJUATO,10,SAN FRANCISCO DEL RINCON,37,SILAO DE LA VICTORIA,2678,B,105,3,1,9,7,68,147,344,0,16,360,737
11,GUANAJUATO,10,SAN FRANCISCO DEL RINCON,37,SILAO DE LA VICTORIA,2678,C01,86,2,1,14,14,75,133,329,0,16,345,737
11,GUANAJUATO,10,SAN FRANCISCO DEL RINCON,37,SILAO DE LA VICTORIA,2678,C02,96,2,1,9,9,81,133,335,1,16,352,737
11,GUANAJUATO,10,SAN FRANCISCO DEL RINCON,37,SILAO DE LA VICTORIA,2678,C03,104,3,0,7,6,80,126,332,0,20,352,737
11,GUANAJUATO,10,SAN FRANCISCO DEL RINCON,37,SILAO DE LA VICTORIA,2678,C04,122,7,1,17,8,70,124,350,0,15,365,737
11,GUANAJUATO,10,SAN FRANCISCO DEL RINCON,37,SILAO DE LA VICTORIA,2679,B,67,11,4,14,7,72,79,260,0,10,270,422
11,GUANAJUATO,10,SAN FRANCISCO DEL RINCON,37,SILAO DE LA VICTORIA,2679,C01,75,14,3,16,8,56,105,282,0,5,287,422
11,GUANAJUATO,10,SAN FRANCISCO DEL RINCON,37,SILAO DE LA VICTORIA,2680,B,57,17,2,6,20,89,75,270,0,8,278,392
11,GUANAJUATO,10,SAN FRANCISCO DEL RINCON,37,SILAO DE LA VICTORIA,2680,C01,69,12,0,9,17,66,91,269,0,7,276,391
11,GUANAJUATO,10,SAN FRANCISCO DEL RINCON,37,SILAO DE LA VICTORIA,2681,B,91,11,0,7,11,147,120,391,0,13,404,654
11,GUANAJUATO,10,SAN FRANCISCO DEL RINCON,37,SILAO DE LA VICTORIA,2681,C01,92,7,4,6,18,139,105,374,0,12,386,654
11,GUANAJUATO,10,SAN FRANCISCO DEL RINCON,37,SILAO DE LA VICTORIA,2682,B,98,6,1,9,9,127,97,349,0,7,356,591
11,GUANAJUATO,10,SAN FRANCISCO DEL RINCON,37,SILAO DE LA VICTORIA,2682,C01,85,8,3,11,3,107,108,328,0,9,337,591
11,GUANAJUATO,10,SAN FRANCISCO DEL RINCON,37,SILAO DE LA VICTORIA,2682,C02,67,5,1,5,4,96,101,280,1,15,296,590
11,GUANAJUATO,10,SAN FRANCISCO DEL RINCON,37,SILAO DE LA VICTORIA,2683,B,118,2,5,17,13,102,125,385,0,8,393,681
11,GUANAJUATO,10,SAN FRANCISCO DEL RINCON,37,SILAO DE LA VICTORIA,2683,C01,76,6,2,17,5,95,99,301,1,10,312,681
11,GUANAJUATO,10,SAN FRANCISCO DEL RINCON,37,SILAO DE LA VICTORIA,2683,C02,62,4,5,21,4,94,127,320,0,9,329,681
11,GUANAJUATO,10,SAN FRANCISCO DEL RINCON,37,SILAO DE LA VICTORIA,2683,C03,68,4,3,11,4,99,112,304,0,12,316,680
11,GUANAJUATO,10,SAN FRANCISCO DEL RINCON,37,SILAO DE LA VICTORIA,2683,C04,81,6,5,17,12,76,96,295,1,21,317,680
11,GUANAJUATO,10,SAN FRANCISCO DEL RINCON,37,SILAO DE LA VICTORIA,2683,C05,85,5,2,13,6,92,124,328,1,8,337,680
11,GUANAJUATO,10,SAN FRANCISCO DEL RINCON,37,SILAO DE LA VICTORIA,2683,C06,59,12,1,13,12,120,103,320,0,16,336,680
11,GUANAJUATO,10,SAN FRANCISCO DEL RINCON,37,SILAO DE LA VICTORIA,2683,C07,85,5,2,12,9,89,108,314,0,13,327,680
11,GUANAJUATO,10,SAN FRANCISCO DEL RINCON,37,SILAO DE LA VICTORIA,2684,B,118,5,4,14,6,80,112,340,0,20,360,678
11,GUANAJUATO,10,SAN FRANCISCO DEL RINCON,37,SILAO DE LA VICTORIA,2684,C01,93,5,1,18,10,75,120,322,0,14,336,678
11,GUANAJUATO,10,SAN FRANCISCO DEL RINCON,37,SILAO DE LA VICTORIA,2685,B,77,4,2,11,10,79,135,322,1,18,341,632
11,GUANAJUATO,10,SAN FRANCISCO DEL RINCON,37,SILAO DE LA VICTORIA,2685,C01,115,1,1,17,7,70,126,340,0,14,354,631
11,GUANAJUATO,10,SAN FRANCISCO DEL RINCON,37,SILAO DE LA VICTORIA,2686,B,80,15,7,18,9,84,116,331,0,12,343,673
11,GUANAJUATO,10,SAN FRANCISCO DEL RINCON,37,SILAO DE LA VICTORIA,2686,C01,75,11,3,20,7,100,96,315,0,19,334,673
11,GUANAJUATO,10,SAN FRANCISCO DEL RINCON,37,SILAO DE LA VICTORIA,2686,C02,73,13,3,14,9,101,109,326,0,8,334,673
11,GUANAJUATO,10,SAN FRANCISCO DEL RINCON,37,SILAO DE LA VICTORIA,2686,C03,71,6,1,12,8,96,125,324,0,10,334,672
11,GUANAJUATO,8,GUANAJUATO,37,SILAO DE LA VICTORIA,2687,B,83,5,3,9,7,8,131,252,0,9,261,594
11,GUANAJUATO,8,GUANAJUATO,37,SILAO DE LA VICTORIA,2687,C01,81,4,4,6,5,7,153,264,0,13,277,594
11,GUANAJUATO,8,GUANAJUATO,37,SILAO DE LA VICTORIA,2687,C02,102,7,2,13,3,7,126,264,0,16,280,593
11,GUANAJUATO,8,GUANAJUATO,37,SILAO DE LA VICTORIA,2688,B,83,26,1,8,4,3,96,225,0,8,233,537
11,GUANAJUATO,8,GUANAJUATO,37,SILAO DE LA VICTORIA,2688,C01,79,11,2,12,4,11,123,247,0,6,253,537
11,GUANAJUATO,8,GUANAJUATO,37,SILAO DE LA VICTORIA,2688,C02,63,9,0,7,6,10,134,234,0,13,247,537
11,GUANAJUATO,8,GUANAJUATO,37,SILAO DE LA VICTORIA,2689,B,68,12,1,7,9,20,83,203,0,9,212,456
11,GUANAJUATO,8,GUANAJUATO,37,SILAO DE LA VICTORIA,2689,C01,73,6,1,9,9,16,71,185,0,10,195,456
11,GUANAJUATO,8,GUANAJUATO,37,SILAO DE LA VICTORIA,2689,E01,37,5,4,10,5,20,108,189,0,16,205,502
11,GUANAJUATO,8,GUANAJUATO,37,SILAO DE LA VICTORIA,2690,B,114,8,4,16,7,14,165,332,0,18,350,660
11,GUANAJUATO,8,GUANAJUATO,37,SILAO DE LA VICTORIA,2690,C01,86,19,4,7,9,11,142,283,0,14,297,660
11,GUANAJUATO,8,GUANAJUATO,37,SILAO DE LA VICTORIA,2690,C02,108,13,1,16,1,10,172,322,0,11,333,659
11,GUANAJUATO,8,GUANAJUATO,37,SILAO DE LA VICTORIA,2690,C03,91,16,0,14,3,9,146,284,0,14,298,659
11,GUANAJUATO,8,GUANAJUATO,37,SILAO DE LA VICTORIA,2691,B,176,15,4,7,4,22,87,328,0,10,338,629
11,GUANAJUATO,8,GUANAJUATO,37,SILAO DE LA VICTORIA,2691,C01,142,10,1,9,6,5,101,281,0,9,290,629
11,GUANAJUATO,8,GUANAJUATO,37,SILAO DE LA VICTORIA,2692,B,82,3,3,15,5,26,96,235,0,10,245,568
11,GUANAJUATO,8,GUANAJUATO,37,SILAO DE LA VICTORIA,2692,C01,88,8,4,8,1,23,119,254,0,12,266,567
11,GUANAJUATO,8,GUANAJUATO,37,SILAO DE LA VICTORIA,2692,C02,80,8,2,14,8,23,111,248,0,12,260,567
11,GUANAJUATO,8,GUANAJUATO,37,SILAO DE LA VICTORIA,2692,C03,82,6,1,10,3,15,94,214,0,12,226,567
11,GUANAJUATO,8,GUANAJUATO,37,SILAO DE LA VICTORIA,2693,B,118,23,1,17,6,33,121,328,0,17,345,728
11,GUANAJUATO,8,GUANAJUATO,37,SILAO DE LA VICTORIA,2693,C01,130,18,7,14,11,19,145,351,0,19,370,728
11,GUANAJUATO,8,GUANAJUATO,37,SILAO DE LA VICTORIA,2694,B,79,5,2,13,13,9,151,274,0,10,284,657
11,GUANAJUATO,8,GUANAJUATO,37,SILAO DE LA VICTORIA,2694,C01,86,10,3,8,8,9,168,295,0,16,311,657
11,GUANAJUATO,8,GUANAJUATO,37,SILAO DE LA VICTORIA,2694,C02,102,8,1,6,7,16,119,262,1,14,277,657
11,GUANAJUATO,8,GUANAJUATO,37,SILAO DE LA VICTORIA,2694,C03,91,11,2,15,8,9,120,256,0,16,272,656
11,GUANAJUATO,8,GUANAJUATO,37,SILAO DE LA VICTORIA,2694,C04,92,9,1,12,7,13,141,278,0,13,291,656
11,GUANAJUATO,10,SAN FRANCISCO DEL RINCON,37,SILAO DE LA VICTORIA,2695,B,106,15,0,7,4,23,98,257,0,11,268,615
11,GUANAJUATO,10,SAN FRANCISCO DEL RINCON,37,SILAO DE LA VICTORIA,2695,C01,115,6,1,19,5,18,116,286,0,16,302,615
11,GUANAJUATO,10,SAN FRANCISCO DEL RINCON,37,SILAO DE LA VICTORIA,2695,C02,105,13,5,12,5,9,103,254,0,15,269,614
11,GUANAJUATO,10,SAN FRANCISCO DEL RINCON,37,SILAO DE LA VICTORIA,2695,C03,109,10,1,10,9,16,126,286,0,14,300,614
11,GUANAJUATO,10,SAN FRANCISCO DEL RINCON,37,SILAO DE LA VICTORIA,2696,B,103,6,2,11,4,14,78,224,0,10,234,559
11,GUANAJUATO,10,SAN FRANCISCO DEL RINCON,37,SILAO DE LA VICTORIA,2696,C01,104,17,1,9,5,19,69,230,0,9,239,559
11,GUANAJUATO,10,SAN FRANCISCO DEL RINCON,37,SILAO DE LA VICTORIA,2696,C02,77,13,0,10,5,17,92,215,0,18,233,558
11,GUANAJUATO,8,GUANAJUATO,37,SILAO DE LA VICTORIA,2697,B,69,16,0,18,7,32,139,287,0,15,302,685
11,GUANAJUATO,8,GUANAJUATO,37,SILAO DE LA VICTORIA,2698,B,113,6,2,17,4,32,69,245,0,2,247,484
11,GUANAJUATO,8,GUANAJUATO,37,SILAO DE LA VICTORIA,2698,C01,90,1,0,13,8,37,86,237,0,12,249,484
11,GUANAJUATO,8,GUANAJUATO,37,SILAO DE LA VICTORIA,2698,E01,75,6,2,4,6,55,76,226,0,6,232,433
11,GUANAJUATO,8,GUANAJUATO,37,SILAO DE LA VICTORIA,2698,E01C01,79,3,3,6,2,55,72,221,0,16,237,433
11,GUANAJUATO,8,GUANAJUATO,37,SILAO DE LA VICTORIA,2699,B,112,10,4,11,8,64,133,350,0,14,364,706
11,GUANAJUATO,8,GUANAJUATO,37,SILAO DE LA VICTORIA,2699,C01,126,14,3,13,17,38,169,387,0,17,404,706
11,GUANAJUATO,8,GUANAJUATO,37,SILAO DE LA VICTORIA,2699,E01,74,2,5,13,9,50,101,256,0,11,267,506
11,GUANAJUATO,8,GUANAJUATO,37,SILAO DE LA VICTORIA,2699,E01C01,59,5,3,9,10,39,102,231,0,14,245,506
11,GUANAJUATO,10,SAN FRANCISCO DEL RINCON,37,SILAO DE LA VICTORIA,2700,B,147,6,2,15,8,44,142,369,0,4,373,702
11,GUANAJUATO,10,SAN FRANCISCO DEL RINCON,37,SILAO DE LA VICTORIA,2700,C01,108,10,2,11,11,43,127,314,0,15,329,702
11,GUANAJUATO,10,SAN FRANCISCO DEL RINCON,37,SILAO DE LA VICTORIA,2700,C02,119,5,4,16,10,71,137,367,0,13,380,702
11,GUANAJUATO,10,SAN FRANCISCO DEL RINCON,37,SILAO DE LA VICTORIA,2700,C03,135,22,1,12,8,64,108,352,0,23,375,702
11,GUANAJUATO,10,SAN FRANCISCO DEL RINCON,37,SILAO DE LA VICTORIA,2700,S01,7,1,0,1,0,5,6,20,0,1,21,0
11,GUANAJUATO,10,SAN FRANCISCO DEL RINCON,37,SILAO DE LA VICTORIA,2701,B,131,19,2,5,2,22,100,285,0,3,288,550
11,GUANAJUATO,10,SAN FRANCISCO DEL RINCON,37,SILAO DE LA VICTORIA,2701,C01,120,16,2,5,6,6,124,286,0,19,305,550
11,GUANAJUATO,10,SAN FRANCISCO DEL RINCON,37,SILAO DE LA VICTORIA,2702,B,134,12,1,17,6,31,108,312,0,5,317,613
11,GUANAJUATO,10,SAN FRANCISCO DEL RINCON,37,SILAO DE LA VICTORIA,2702,C01,158,6,3,15,5,36,82,309,0,15,324,613
11,GUANAJUATO,10,SAN FRANCISCO DEL RINCON,37,SILAO DE LA VICTORIA,2702,C02,148,5,3,8,2,27,99,294,0,10,304,613
11,GUANAJUATO,10,SAN FRANCISCO DEL RINCON,37,SILAO DE LA VICTORIA,2702,C03,129,12,2,7,8,27,78,269,0,20,289,612
11,GUANAJUATO,10,SAN FRANCISCO DEL RINCON,37,SILAO DE LA VICTORIA,2702,C04,131,12,6,18,1,26,125,322,0,5,327,612
11,GUANAJUATO,8,GUANAJUATO,37,SILAO DE LA VICTORIA,2703,B,187,4,2,14,4,62,141,421,0,18,439,748
11,GUANAJUATO,8,GUANAJUATO,37,SILAO DE LA VICTORIA,2703,C01,147,2,0,13,5,67,128,367,0,18,385,748
11,GUANAJUATO,8,GUANAJUATO,37,SILAO DE LA VICTORIA,2703,C02,136,2,1,15,5,58,151,376,0,18,394,748
11,GUANAJUATO,8,GUANAJUATO,37,SILAO DE LA VICTORIA,2704,B,86,8,0,12,9,49,136,306,0,11,317,641
11,GUANAJUATO,8,GUANAJUATO,37,SILAO DE LA VICTORIA,2704,C01,79,10,1,8,9,53,151,325,0,0,325,640
11,GUANAJUATO,8,GUANAJUATO,37,SILAO DE LA VICTORIA,2704,C02,98,7,2,12,13,54,120,309,0,17,326,640
11,GUANAJUATO,8,GUANAJUATO,37,SILAO DE LA VICTORIA,2705,B,69,5,2,16,11,50,145,300,0,18,318,710
11,GUANAJUATO,8,GUANAJUATO,37,SILAO DE LA VICTORIA,2705,C01,88,8,6,19,8,35,168,338,0,15,353,710
11,GUANAJUATO,8,GUANAJUATO,37,SILAO DE LA VICTORIA,2705,C02,76,9,0,5,2,27,147,266,0,13,279,710
11,GUANAJUATO,8,GUANAJUATO,37,SILAO DE LA VICTORIA,2705,C03,81,12,0,9,0,24,140,270,0,8,278,709
11,GUANAJUATO,8,GUANAJUATO,37,SILAO DE LA VICTORIA,2706,B,171,9,4,17,4,35,110,357,0,18,375,725
11,GUANAJUATO,8,GUANAJUATO,37,SILAO DE LA VICTORIA,2706,C01,164,10,0,16,5,31,112,344,0,15,359,724
11,GUANAJUATO,8,GUANAJUATO,37,SILAO DE LA VICTORIA,2707,B,122,9,2,16,4,62,72,288,0,4,292,560
11,GUANAJUATO,8,GUANAJUATO,37,SILAO DE LA VICTORIA,2707,C01,167,4,2,18,2,29,60,287,0,11,298,560
11,GUANAJUATO,10,SAN FRANCISCO DEL RINCON,37,SILAO DE LA VICTORIA,2708,B,37,6,0,9,2,3,20,77,0,6,83,169
11,GUANAJUATO,10,SAN FRANCISCO DEL RINCON,37,SILAO DE LA VICTORIA,2709,B,101,10,2,33,5,16,76,248,1,13,262,632
11,GUANAJUATO,10,SAN FRANCISCO DEL RINCON,37,SILAO DE LA VICTORIA,2709,C01,75,10,1,19,2,14,66,187,2,11,200,632
11,GUANAJUATO,10,SAN FRANCISCO DEL RINCON,37,SILAO DE LA VICTORIA,2709,C02,76,6,4,20,5,11,66,190,0,17,207,632
11,GUANAJUATO,10,SAN FRANCISCO DEL RINCON,37,SILAO DE LA VICTORIA,2709,C03,83,4,4,37,4,14,57,208,0,7,215,632
11,GUANAJUATO,10,SAN FRANCISCO DEL RINCON,37,SILAO DE LA VICTORIA,2709,C04,48,6,2,21,5,11,59,155,0,16,171,631
11,GUANAJUATO,10,SAN FRANCISCO DEL RINCON,37,SILAO DE LA VICTORIA,2710,B,91,7,1,11,7,82,110,309,0,6,315,730
11,GUANAJUATO,10,SAN FRANCISCO DEL RINCON,37,SILAO DE LA VICTORIA,2710,C01,72,6,3,9,8,64,137,300,0,17,317,730
11,GUANAJUATO,10,SAN FRANCISCO DEL RINCON,37,SILAO DE LA VICTORIA,2710,C02,77,7,5,14,8,72,115,305,0,12,317,730
11,GUANAJUATO,10,SAN FRANCISCO DEL RINCON,37,SILAO DE LA VICTORIA,2710,C03,79,6,2,12,14,71,110,299,0,14,313,730
11,GUANAJUATO,10,SAN FRANCISCO DEL RINCON,37,SILAO DE LA VICTORIA,2710,C04,71,1,3,11,5,71,106,271,0,9,280,730
11,GUANAJUATO,10,SAN FRANCISCO DEL RINCON,37,SILAO DE LA VICTORIA,2710,C05,94,6,5,7,8,59,117,303,0,4,307,730
11,GUANAJUATO,10,SAN FRANCISCO DEL RINCON,37,SILAO DE LA VICTORIA,2710,C06,74,7,2,10,14,69,105,285,0,19,304,729
11,GUANAJUATO,10,SAN FRANCISCO DEL RINCON,37,SILAO DE LA VICTORIA,2710,C07,104,2,1,13,1,72,110,308,0,19,327,729
11,GUANAJUATO,10,SAN FRANCISCO DEL RINCON,37,SILAO DE LA VICTORIA,2710,C08,89,5,4,9,5,63,112,288,0,5,293,729
11,GUANAJUATO,10,SAN FRANCISCO DEL RINCON,37,SILAO DE LA VICTORIA,2710,C09,87,6,6,9,10,30,103,255,0,10,265,729
11,GUANAJUATO,8,GUANAJUATO,37,SILAO DE LA VICTORIA,2711,B,61,3,3,20,4,45,109,248,0,16,264,529
11,GUANAJUATO,8,GUANAJUATO,37,SILAO DE LA VICTORIA,2711,C01,77,5,1,8,4,68,101,266,0,7,273,529
11,GUANAJUATO,8,GUANAJUATO,37,SILAO DE LA VICTORIA,2712,B,87,20,3,18,17,51,92,292,0,20,312,677
11,GUANAJUATO,8,GUANAJUATO,37,SILAO DE LA VICTORIA,2712,C01,82,21,3,23,5,51,102,290,0,18,308,677
11,GUANAJUATO,8,GUANAJUATO,37,SILAO DE LA VICTORIA,2712,C02,87,18,3,23,11,62,113,325,0,20,345,677
11,GUANAJUATO,8,GUANAJUATO,37,SILAO DE LA VICTORIA,2712,C03,85,15,1,22,9,66,130,329,0,16,345,676
11,GUANAJUATO,8,GUANAJUATO,37,SILAO DE LA VICTORIA,2713,B,94,16,2,14,2,11,96,240,0,8,248,441
11,GUANAJUATO,8,GUANAJUATO,37,SILAO DE LA VICTORIA,2713,C01,69,8,3,11,4,18,101,219,0,8,227,441
11,GUANAJUATO,8,GUANAJUATO,37,SILAO DE LA VICTORIA,2714,B,128,3,0,5,6,65,108,319,0,18,337,725
11,GUANAJUATO,8,GUANAJUATO,37,SILAO DE LA VICTORIA,2714,C01,111,12,1,5,3,76,100,311,0,19,330,724
11,GUANAJUATO,8,GUANAJUATO,37,SILAO DE LA VICTORIA,2714,C02,96,2,5,22,10,61,136,338,0,10,348,724
11,GUANAJUATO,10,SAN FRANCISCO DEL RINCON,37,SILAO DE LA VICTORIA,2715,B,154,12,2,16,8,79,114,395,0,15,410,662
11,GUANAJUATO,10,SAN FRANCISCO DEL RINCON,37,SILAO DE LA VICTORIA,2715,C01,127,11,0,14,6,73,131,364,0,7,371,662
11,GUANAJUATO,10,SAN FRANCISCO DEL RINCON,37,SILAO DE LA VICTORIA,2715,C02,100,5,1,11,11,56,121,308,0,14,322,662
11,GUANAJUATO,10,SAN FRANCISCO DEL RINCON,37,SILAO DE LA VICTORIA,2715,C03,99,11,3,20,6,78,124,344,0,5,349,662
11,GUANAJUATO,10,SAN FRANCISCO DEL RINCON,37,SILAO DE LA VICTORIA,2716,B,97,5,1,9,3,26,104,246,0,7,253,577
11,GUANAJUATO,10,SAN FRANCISCO DEL RINCON,37,SILAO DE LA VICTORIA,2716,C01,89,9,2,7,3,27,86,227,0,16,243,576
11,GUANAJUATO,10,SAN FRANCISCO DEL RINCON,37,SILAO DE LA VICTORIA,2717,B,115,9,2,13,4,55,125,324,0,12,336,708
11,GUANAJUATO,10,SAN FRANCISCO DEL RINCON,37,SILAO DE LA VICTORIA,2717,C01,130,5,4,17,8,76,111,352,0,15,367,708
11,GUANAJUATO,10,SAN FRANCISCO DEL RINCON,37,SILAO DE LA VICTORIA,2717,C02,137,6,0,16,7,58,110,338,0,11,349,707
11,GUANAJUATO,10,SAN FRANCISCO DEL RINCON,37,SILAO DE LA VICTORIA,2717,C03,119,7,1,22,8,76,98,333,0,9,342,707
11,GUANAJUATO,10,SAN FRANCISCO DEL RINCON,37,SILAO DE LA VICTORIA,2717,C04,128,2,4,15,6,61,118,335,0,18,353,707
11,GUANAJUATO,10,SAN FRANCISCO DEL RINCON,37,SILAO DE LA VICTORIA,2718,B,102,6,1,10,8,33,97,263,1,13,277,490
11,GUANAJUATO,10,SAN FRANCISCO DEL RINCON,37,SILAO DE LA VICTORIA,2718,C01,104,5,2,17,4,23,92,253,0,15,268,490
11,GUANAJUATO,10,SAN FRANCISCO DEL RINCON,37,SILAO DE LA VICTORIA,2719,B,122,6,1,11,4,48,102,298,0,14,312,569
11,GUANAJUATO,10,SAN FRANCISCO DEL RINCON,37,SILAO DE LA VICTORIA,2719,C01,140,9,1,7,3,24,106,292,0,7,299,569
11,GUANAJUATO,10,SAN FRANCISCO DEL RINCON,37,SILAO DE LA VICTORIA,2719,C02,108,5,2,11,5,23,102,258,0,12,270,568
11,GUANAJUATO,10,SAN FRANCISCO DEL RINCON,37,SILAO DE LA VICTORIA,2719,C03,95,9,2,17,8,30,104,271,0,16,287,568
11,GUANAJUATO,10,SAN FRANCISCO DEL RINCON,37,SILAO DE LA VICTORIA,2720,B,139,10,0,6,9,50,103,324,0,9,333,652
11,GUANAJUATO,10,SAN FRANCISCO DEL RINCON,37,SILAO DE LA VICTORIA,2720,C01,113,6,0,12,9,40,109,295,0,19,314,652
11,GUANAJUATO,10,SAN FRANCISCO DEL RINCON,37,SILAO DE LA VICTORIA,2720,C02,136,20,1,18,3,54,78,313,0,9,322,652
11,GUANAJUATO,10,SAN FRANCISCO DEL RINCON,37,SILAO DE LA VICTORIA,2720,C03,147,8,1,11,3,50,118,342,0,12,354,652
11,GUANAJUATO,8,GUANAJUATO,37,SILAO DE LA VICTORIA,2721,B,164,17,1,5,2,33,67,296,0,6,302,505
11,GUANAJUATO,8,GUANAJUATO,37,SILAO DE LA VICTORIA,2721,E01,92,3,5,8,5,38,63,220,0,7,227,395
11,GUANAJUATO,8,GUANAJUATO,37,SILAO DE LA VICTORIA,2721,E01C01,80,7,1,5,5,28,69,199,0,4,203,395
11,GUANAJUATO,8,GUANAJUATO,37,SILAO DE LA VICTORIA,2721,E02,60,7,0,10,5,31,173,288,0,10,298,487
11,GUANAJUATO,8,GUANAJUATO,37,SILAO DE LA VICTORIA,2722,B,120,9,6,14,5,66,90,312,0,14,326,589
11,GUANAJUATO,8,GUANAJUATO,37,SILAO DE LA VICTORIA,2722,C01,0,0,0,0,0,0,0,0,0,0,0,588
11,GUANAJUATO,8,GUANAJUATO,37,SILAO DE LA VICTORIA,2723,B,106,10,1,11,6,11,81,228,0,9,237,460
11,GUANAJUATO,8,GUANAJUATO,37,SILAO DE LA VICTORIA,2723,C01,101,6,1,12,3,30,79,234,0,14,248,459
11,GUANAJUATO,10,SAN FRANCISCO DEL RINCON,37,SILAO DE LA VICTORIA,2724,B,179,4,3,3,7,26,62,287,0,11,298,514
11,GUANAJUATO,10,SAN FRANCISCO DEL RINCON,37,SILAO DE LA VICTORIA,2724,C01,147,5,2,3,2,22,83,268,0,8,276,513
11,GUANAJUATO,10,SAN FRANCISCO DEL RINCON,37,SILAO DE LA VICTORIA,2724,C02,149,10,1,9,9,37,69,289,0,19,308,513
11,GUANAJUATO,10,SAN FRANCISCO DEL RINCON,37,SILAO DE LA VICTORIA,2725,B,139,11,1,8,5,64,152,383,0,14,397,740
11,GUANAJUATO,10,SAN FRANCISCO DEL RINCON,37,SILAO DE LA VICTORIA,2725,C01,119,0,3,12,9,56,131,332,0,19,351,739
11,GUANAJUATO,10,SAN FRANCISCO DEL RINCON,37,SILAO DE LA VICTORIA,2725,C02,142,1,1,6,4,49,163,370,0,18,388,739
11,GUANAJUATO,10,SAN FRANCISCO DEL RINCON,37,SILAO DE LA VICTORIA,2725,C03,120,2,1,10,3,62,142,345,0,11,356,739
11,GUANAJUATO,10,SAN FRANCISCO DEL RINCON,37,SILAO DE LA VICTORIA,2726,B,216,2,0,10,4,23,109,365,0,12,377,467
11,GUANAJUATO,10,SAN FRANCISCO DEL RINCON,37,SILAO DE LA VICTORIA,2726,C01,92,3,1,11,1,16,122,247,0,14,261,466
11,GUANAJUATO,10,SAN FRANCISCO DEL RINCON,37,SILAO DE LA VICTORIA,2726,E01,84,1,3,11,1,10,141,251,0,16,267,460
11,GUANAJUATO,10,SAN FRANCISCO DEL RINCON,37,SILAO DE LA VICTORIA,2726,E01C01,101,3,0,6,1,6,104,224,0,13,237,460
11,GUANAJUATO,8,GUANAJUATO,37,SILAO DE LA VICTORIA,2727,B,145,13,4,14,1,21,100,306,0,12,318,654
11,GUANAJUATO,8,GUANAJUATO,37,SILAO DE LA VICTORIA,2727,C01,136,13,2,8,8,28,105,305,0,8,313,654
11,GUANAJUATO,8,GUANAJUATO,37,SILAO DE LA VICTORIA,2727,C02,153,13,3,11,1,24,94,302,0,7,309,654
11,GUANAJUATO,8,GUANAJUATO,37,SILAO DE LA VICTORIA,2727,C03,134,6,3,6,2,17,97,265,0,7,272,653
11,GUANAJUATO,10,SAN FRANCISCO DEL RINCON,37,SILAO DE LA VICTORIA,2728,B,122,8,3,16,3,41,113,312,0,14,326,597
11,GUANAJUATO,10,SAN FRANCISCO DEL RINCON,37,SILAO DE LA VICTORIA,2728,C01,114,18,4,9,1,30,113,295,0,20,315,596
11,GUANAJUATO,10,SAN FRANCISCO DEL RINCON,37,SILAO DE LA VICTORIA,2729,B,76,3,1,17,7,29,121,256,0,20,276,665
11,GUANAJUATO,10,SAN FRANCISCO DEL RINCON,37,SILAO DE LA VICTORIA,2730,B,120,11,1,9,2,37,161,341,0,19,360,734
11,GUANAJUATO,10,SAN FRANCISCO DEL RINCON,37,SILAO DE LA VICTORIA,2730,C01,132,9,5,11,2,39,142,344,0,19,363,733
11,GUANAJUATO,10,SAN FRANCISCO DEL RINCON,37,SILAO DE LA VICTORIA,2731,B,85,7,0,23,6,16,77,217,0,21,238,448
11,GUANAJUATO,22,ACAMBARO,38,TARANDACUAO,2732,B,117,114,0,13,7,1,60,312,0,13,325,533
11,GUANAJUATO,22,ACAMBARO,38,TARANDACUAO,2732,C01,74,136,0,13,9,4,72,308,0,12,320,532
11,GUANAJUATO,22,ACAMBARO,38,TARANDACUAO,2733,B,93,152,0,16,1,2,55,319,0,5,324,521
11,GUANAJUATO,22,ACAMBARO,38,TARANDACUAO,2734,B,156,110,0,28,4,8,42,348,0,11,359,651
11,GUANAJUATO,22,ACAMBARO,38,TARANDACUAO,2735,B,112,67,0,13,5,3,31,231,0,5,236,421
11,GUANAJUATO,22,ACAMBARO,38,TARANDACUAO,2735,C01,94,86,0,13,6,3,30,232,0,5,237,420
11,GUANAJUATO,22,ACAMBARO,38,TARANDACUAO,2736,B,111,130,0,12,7,4,70,334,0,7,341,557
11,GUANAJUATO,22,ACAMBARO,38,TARANDACUAO,2736,C01,129,106,0,21,7,4,50,317,0,13,330,557
11,GUANAJUATO,22,ACAMBARO,38,TARANDACUAO,2737,B,81,95,0,20,6,1,55,258,0,11,269,449
11,GUANAJUATO,22,ACAMBARO,38,TARANDACUAO,2737,C01,79,100,0,11,6,1,54,251,0,9,260,449
11,GUANAJUATO,22,ACAMBARO,38,TARANDACUAO,2738,B,143,106,0,14,3,4,89,359,0,15,374,683
11,GUANAJUATO,22,ACAMBARO,38,TARANDACUAO,2738,C01,141,116,0,21,2,2,98,380,1,16,397,683
11,GUANAJUATO,22,ACAMBARO,38,TARANDACUAO,2738,C02,146,104,0,15,4,1,106,376,0,18,394,682
11,GUANAJUATO,22,ACAMBARO,38,TARANDACUAO,2739,B,98,49,0,20,16,6,75,264,0,17,281,605
11,GUANAJUATO,22,ACAMBARO,38,TARANDACUAO,2740,B,133,52,0,17,8,2,44,256,0,17,273,610
11,GUANAJUATO,22,ACAMBARO,38,TARANDACUAO,2741,B,135,127,0,9,10,1,36,318,0,8,326,648
11,GUANAJUATO,22,ACAMBARO,38,TARANDACUAO,2741,C01,163,123,0,14,6,1,48,355,0,8,363,647
11,GUANAJUATO,22,ACAMBARO,38,TARANDACUAO,2742,B,117,68,0,10,4,5,38,242,0,9,251,495
11,GUANAJUATO,22,ACAMBARO,38,TARANDACUAO,2742,C01,85,66,0,13,3,3,38,208,0,12,220,495
11,GUANAJUATO,22,ACAMBARO,38,TARANDACUAO,2743,B,115,195,0,27,5,5,54,401,0,22,423,731
11,GUANAJUATO,22,ACAMBARO,39,TARIMORO,2744,B,53,124,1,1,7,2,220,417,0,10,427,707
11,GUANAJUATO,22,ACAMBARO,39,TARIMORO,2744,C01,68,111,1,2,8,1,226,427,0,18,445,707
11,GUANAJUATO,22,ACAMBARO,39,TARIMORO,2745,B,46,69,3,3,9,0,193,325,0,18,343,522
11,GUANAJUATO,22,ACAMBARO,39,TARIMORO,2745,C01,41,86,2,7,3,5,154,298,0,16,314,522
11,GUANAJUATO,22,ACAMBARO,39,TARIMORO,2745,C02,51,82,1,6,3,3,169,324,0,9,333,522
11,GUANAJUATO,22,ACAMBARO,39,TARIMORO,2746,B,41,75,0,2,7,2,137,270,0,7,277,506
11,GUANAJUATO,22,ACAMBARO,39,TARIMORO,2746,C01,47,85,1,5,6,3,132,286,0,16,302,506
11,GUANAJUATO,22,ACAMBARO,39,TARIMORO,2747,B,70,111,1,7,7,1,179,378,0,14,392,604
11,GUANAJUATO,22,ACAMBARO,39,TARIMORO,2747,C01,69,88,3,1,4,2,184,358,0,20,378,603
11,GUANAJUATO,22,ACAMBARO,39,TARIMORO,2748,B,34,40,1,1,2,2,83,163,0,2,165,276
11,GUANAJUATO,22,ACAMBARO,39,TARIMORO,2749,B,50,100,3,6,25,9,223,419,0,16,435,718
11,GUANAJUATO,22,ACAMBARO,39,TARIMORO,2749,C01,45,65,3,5,14,4,259,402,0,10,412,717
11,GUANAJUATO,22,ACAMBARO,39,TARIMORO,2749,C02,62,90,2,5,8,5,230,410,0,12,422,717
11,GUANAJUATO,22,ACAMBARO,39,TARIMORO,2750,B,45,101,2,3,26,1,144,328,0,12,340,523
11,GUANAJUATO,22,ACAMBARO,39,TARIMORO,2750,C01,47,73,0,1,10,1,160,294,0,4,298,522
11,GUANAJUATO,22,ACAMBARO,39,TARIMORO,2751,B,69,68,0,5,4,3,172,323,0,12,335,545
11,GUANAJUATO,22,ACAMBARO,39,TARIMORO,2751,C01,69,80,1,2,12,0,159,330,0,12,342,545
11,GUANAJUATO,22,ACAMBARO,39,TARIMORO,2752,B,53,74,3,5,7,5,218,371,0,12,383,636
11,GUANAJUATO,22,ACAMBARO,39,TARIMORO,2752,C01,30,85,1,6,13,4,224,368,0,8,376,635
11,GUANAJUATO,22,ACAMBARO,39,TARIMORO,2753,B,22,68,3,3,9,5,165,278,0,12,290,508
11,GUANAJUATO,22,ACAMBARO,39,TARIMORO,2753,C01,28,43,0,4,11,2,154,243,0,6,249,508
11,GUANAJUATO,22,ACAMBARO,39,TARIMORO,2754,B,18,21,1,10,5,5,58,119,0,9,128,269
11,GUANAJUATO,22,ACAMBARO,39,TARIMORO,2755,B,8,42,1,2,4,4,28,89,0,6,95,217
11,GUANAJUATO,22,ACAMBARO,39,TARIMORO,2756,B,5,73,1,2,3,0,20,106,0,11,117,302
11,GUANAJUATO,22,ACAMBARO,39,TARIMORO,2757,B,24,69,0,4,8,4,75,189,0,13,202,375
11,GUANAJUATO,22,ACAMBARO,39,TARIMORO,2758,B,38,101,2,4,6,8,97,265,0,21,286,692
11,GUANAJUATO,22,ACAMBARO,39,TARIMORO,2759,B,9,26,1,1,6,1,42,88,0,9,97,276
11,GUANAJUATO,22,ACAMBARO,39,TARIMORO,2759,E01,12,118,1,4,1,2,74,215,0,9,224,455
11,GUANAJUATO,22,ACAMBARO,39,TARIMORO,2760,B,18,68,3,4,5,2,38,141,0,16,157,375
11,GUANAJUATO,22,ACAMBARO,39,TARIMORO,2761,B,38,135,1,7,5,4,188,382,0,17,399,671
11,GUANAJUATO,22,ACAMBARO,39,TARIMORO,2761,C01,30,141,5,3,5,3,162,356,0,23,379,671
11,GUANAJUATO,22,ACAMBARO,39,TARIMORO,2761,C02,45,139,1,7,5,2,215,418,0,17,435,671
11,GUANAJUATO,22,ACAMBARO,39,TARIMORO,2762,B,44,93,1,4,2,2,80,230,0,2,232,413
11,GUANAJUATO,22,ACAMBARO,39,TARIMORO,2762,C01,26,104,0,3,5,2,89,233,0,12,245,413
11,GUANAJUATO,22,ACAMBARO,39,TARIMORO,2763,B,33,124,1,4,9,3,136,315,1,12,328,584
11,GUANAJUATO,22,ACAMBARO,39,TARIMORO,2763,C01,33,123,0,5,2,6,117,293,0,23,316,583
11,GUANAJUATO,22,ACAMBARO,39,TARIMORO,2764,B,26,78,2,3,8,10,57,187,0,11,198,482
11,GUANAJUATO,22,ACAMBARO,39,TARIMORO,2765,B,25,150,2,3,11,2,174,373,0,9,382,606
11,GUANAJUATO,22,ACAMBARO,39,TARIMORO,2765,C01,31,139,0,10,10,4,180,377,0,21,398,605
11,GUANAJUATO,22,ACAMBARO,39,TARIMORO,2766,B,29,67,1,2,4,2,124,234,0,9,243,385
11,GUANAJUATO,22,ACAMBARO,39,TARIMORO,2766,C01,25,64,0,0,3,1,128,222,0,4,226,384
11,GUANAJUATO,22,ACAMBARO,39,TARIMORO,2767,B,58,97,1,2,6,4,188,358,0,15,373,616
11,GUANAJUATO,22,ACAMBARO,39,TARIMORO,2767,C01,54,64,1,4,8,3,236,370,0,20,390,615
11,GUANAJUATO,22,ACAMBARO,39,TARIMORO,2768,B,46,57,2,4,4,3,140,260,1,10,271,488
11,GUANAJUATO,22,ACAMBARO,39,TARIMORO,2768,C01,35,43,1,2,5,6,142,241,0,9,250,487
11,GUANAJUATO,22,ACAMBARO,39,TARIMORO,2769,B,40,71,2,8,5,5,98,232,0,10,242,443
11,GUANAJUATO,22,ACAMBARO,39,TARIMORO,2769,C01,37,52,0,2,8,8,94,209,0,10,219,443
11,GUANAJUATO,22,ACAMBARO,39,TARIMORO,2770,B,32,51,1,0,9,2,124,221,0,10,231,432
11,GUANAJUATO,22,ACAMBARO,39,TARIMORO,2770,C01,37,52,1,4,6,3,137,243,0,8,251,431
11,GUANAJUATO,22,ACAMBARO,39,TARIMORO,2771,B,80,85,2,5,10,2,182,373,0,16,389,653
11,GUANAJUATO,22,ACAMBARO,39,TARIMORO,2771,C01,34,49,2,1,16,3,217,327,0,12,339,652
11,GUANAJUATO,22,ACAMBARO,39,TARIMORO,2772,B,35,94,3,9,8,5,223,382,0,21,403,741
11,GUANAJUATO,22,ACAMBARO,39,TARIMORO,2773,B,39,56,1,6,6,4,180,298,0,13,311,496
11,GUANAJUATO,22,ACAMBARO,39,TARIMORO,2773,C01,42,69,2,6,13,12,169,317,0,22,339,496
11,GUANAJUATO,22,ACAMBARO,39,TARIMORO,2774,B,14,39,2,6,8,2,136,211,0,15,226,394
11,GUANAJUATO,22,ACAMBARO,39,TARIMORO,2774,C01,24,43,1,8,2,5,139,226,0,8,234,393
11,GUANAJUATO,22,ACAMBARO,39,TARIMORO,2775,B,39,78,4,5,11,5,209,354,0,27,381,750
11,GUANAJUATO,22,ACAMBARO,39,TARIMORO,2776,B,46,36,1,4,4,1,101,197,0,4,201,392
11,GUANAJUATO,22,ACAMBARO,39,TARIMORO,2776,C01,22,37,1,3,3,3,111,185,0,11,196,391
11,GUANAJUATO,22,ACAMBARO,39,TARIMORO,2777,B,33,36,2,0,4,3,115,198,0,10,208,524
11,GUANAJUATO,22,ACAMBARO,39,TARIMORO,2777,C01,41,27,0,4,1,5,114,196,0,8,204,524
11,GUANAJUATO,22,ACAMBARO,39,TARIMORO,2777,C02,28,30,0,2,6,4,127,201,0,10,211,523
11,GUANAJUATO,2,SAN LUIS DE LA PAZ,40,TIERRA BLANCA,2778,B,265,10,0,174,0,0,42,491,0,8,499,681
11,GUANAJUATO,2,SAN LUIS DE LA PAZ,40,TIERRA BLANCA,2778,C01,305,6,0,175,1,0,19,506,0,12,518,681
11,GUANAJUATO,2,SAN LUIS DE LA PAZ,40,TIERRA BLANCA,2778,C02,263,6,0,196,2,0,27,494,0,8,502,681
11,GUANAJUATO,2,SAN LUIS DE LA PAZ,40,TIERRA BLANCA,2778,C03,305,5,0,162,4,0,45,521,0,10,531,680
11,GUANAJUATO,2,SAN LUIS DE LA PAZ,40,TIERRA BLANCA,2779,B,94,20,0,136,1,0,23,274,0,6,280,362
11,GUANAJUATO,2,SAN LUIS DE LA PAZ,40,TIERRA BLANCA,2779,E01,163,4,0,312,6,0,36,521,2,6,529,644
11,GUANAJUATO,2,SAN LUIS DE LA PAZ,40,TIERRA BLANCA,2779,E01C01,118,4,0,307,8,0,55,492,0,15,507,644
11,GUANAJUATO,2,SAN LUIS DE LA PAZ,40,TIERRA BLANCA,2780,B,160,15,0,178,4,0,31,388,0,21,409,533
11,GUANAJUATO,2,SAN LUIS DE LA PAZ,40,TIERRA BLANCA,2780,C01,160,8,0,157,5,0,42,372,1,12,385,533
11,GUANAJUATO,2,SAN LUIS DE LA PAZ,40,TIERRA BLANCA,2780,C02,163,3,0,158,5,0,43,372,0,18,390,532
11,GUANAJUATO,2,SAN LUIS DE LA PAZ,40,TIERRA BLANCA,2781,B,156,4,0,109,8,0,155,432,1,16,449,604
11,GUANAJUATO,2,SAN LUIS DE LA PAZ,40,TIERRA BLANCA,2781,C01,146,3,0,143,7,0,146,445,0,13,458,603
11,GUANAJUATO,2,SAN LUIS DE LA PAZ,40,TIERRA BLANCA,2781,C02,138,3,0,157,5,0,118,421,0,14,435,603
11,GUANAJUATO,2,SAN LUIS DE LA PAZ,40,TIERRA BLANCA,2782,B,62,4,0,101,10,0,36,213,0,7,220,356
11,GUANAJUATO,2,SAN LUIS DE LA PAZ,40,TIERRA BLANCA,2783,B,182,6,0,184,8,0,100,480,0,13,493,671
11,GUANAJUATO,2,SAN LUIS DE LA PAZ,40,TIERRA BLANCA,2783,C01,198,2,0,206,5,0,94,505,0,9,514,670
11,GUANAJUATO,2,SAN LUIS DE LA PAZ,40,TIERRA BLANCA,2783,C02,170,3,0,217,5,0,102,497,0,9,506,670
11,GUANAJUATO,2,SAN LUIS DE LA PAZ,40,TIERRA BLANCA,2784,B,178,2,0,82,6,0,109,377,0,11,388,520
11,GUANAJUATO,2,SAN LUIS DE LA PAZ,40,TIERRA BLANCA,2784,C01,169,1,0,106,3,0,79,358,0,7,365,520
11,GUANAJUATO,2,SAN LUIS DE LA PAZ,40,TIERRA BLANCA,2784,C02,160,4,0,121,7,0,77,369,0,15,384,520
11,GUANAJUATO,2,SAN LUIS DE LA PAZ,40,TIERRA BLANCA,2785,B,198,4,0,129,8,0,98,437,0,11,448,597
11,GUANAJUATO,2,SAN LUIS DE LA PAZ,40,TIERRA BLANCA,2785,C01,238,4,0,114,15,0,84,455,0,8,463,597
11,GUANAJUATO,2,SAN LUIS DE LA PAZ,40,TIERRA BLANCA,2785,C02,131,5,0,130,14,0,133,413,0,12,425,596
11,GUANAJUATO,2,SAN LUIS DE LA PAZ,40,TIERRA BLANCA,2785,C03,170,4,0,143,5,0,109,431,0,9,440,596
11,GUANAJUATO,2,SAN LUIS DE LA PAZ,40,TIERRA BLANCA,2786,B,34,9,0,23,1,0,1,68,0,1,69,111
11,GUANAJUATO,2,SAN LUIS DE LA PAZ,40,TIERRA BLANCA,2787,B,232,2,0,203,3,0,24,464,0,17,481,652
11,GUANAJUATO,2,SAN LUIS DE LA PAZ,40,TIERRA BLANCA,2789,B,67,0,0,57,1,0,3,128,0,1,129,166
11,GUANAJUATO,20,YURIRIA,41,URIANGATO,0,VA41,0,0,0,1,0,0,0,1,0,0,1,1
11,GUANAJUATO,20,YURIRIA,41,URIANGATO,2790,B,27,69,6,185,0,9,110,413,0,13,426,728
11,GUANAJUATO,20,YURIRIA,41,URIANGATO,2790,C01,15,65,1,164,0,7,110,368,0,13,381,728
11,GUANAJUATO,20,YURIRIA,41,URIANGATO,2790,C02,28,70,2,181,0,7,108,401,0,10,411,727
11,GUANAJUATO,20,YURIRIA,41,URIANGATO,2790,C03,30,69,2,165,0,3,93,371,0,17,388,727
11,GUANAJUATO,20,YURIRIA,41,URIANGATO,2790,C04,27,73,4,146,0,10,107,372,0,18,390,727
11,GUANAJUATO,20,YURIRIA,41,URIANGATO,2790,C05,28,74,1,175,0,7,105,390,0,11,401,727
11,GUANAJUATO,20,YURIRIA,41,URIANGATO,2791,B,21,88,2,162,0,6,79,364,0,11,375,675
11,GUANAJUATO,20,YURIRIA,41,URIANGATO,2791,C01,54,105,0,151,0,9,86,409,0,9,418,674
11,GUANAJUATO,20,YURIRIA,41,URIANGATO,2791,C02,27,68,5,172,0,7,69,355,0,9,364,674
11,GUANAJUATO,20,YURIRIA,41,URIANGATO,2791,C03,25,102,2,164,0,12,80,390,0,7,397,674
11,GUANAJUATO,20,YURIRIA,41,URIANGATO,2791,C04,17,98,4,155,0,5,62,347,0,10,357,674
11,GUANAJUATO,20,YURIRIA,41,URIANGATO,2791,C05,32,95,0,136,0,3,72,343,0,10,353,674
11,GUANAJUATO,20,YURIRIA,41,URIANGATO,2791,C06,20,94,1,166,0,9,83,379,0,10,389,674
11,GUANAJUATO,20,YURIRIA,41,URIANGATO,2791,C07,20,81,1,168,0,0,76,351,0,9,360,674
11,GUANAJUATO,20,YURIRIA,41,URIANGATO,2791,C08,25,94,1,142,0,9,63,342,0,12,354,674
11,GUANAJUATO,20,YURIRIA,41,URIANGATO,2792,B,35,73,3,136,0,9,60,317,0,10,327,574
11,GUANAJUATO,20,YURIRIA,41,URIANGATO,2792,C01,26,81,0,126,0,7,53,297,0,8,305,574
11,GUANAJUATO,20,YURIRIA,41,URIANGATO,2792,C02,28,74,3,143,0,9,52,313,0,10,323,574
11,GUANAJUATO,20,YURIRIA,41,URIANGATO,2793,B,52,92,2,171,0,10,66,401,0,10,411,697
11,GUANAJUATO,20,YURIRIA,41,URIANGATO,2793,C01,54,72,1,159,0,9,77,378,0,11,389,697
11,GUANAJUATO,20,YURIRIA,41,URIANGATO,2793,C02,43,125,3,183,0,7,57,425,1,6,432,696
11,GUANAJUATO,20,YURIRIA,41,URIANGATO,2793,C03,47,96,4,191,0,14,53,415,0,8,423,696
11,GUANAJUATO,20,YURIRIA,41,URIANGATO,2794,B,31,60,4,183,0,2,62,348,0,15,363,624
11,GUANAJUATO,20,YURIRIA,41,URIANGATO,2794,C01,28,44,2,213,0,9,69,367,1,5,373,623
11,GUANAJUATO,20,YURIRIA,41,URIANGATO,2794,C02,22,48,1,207,0,4,43,328,0,13,341,623
11,GUANAJUATO,20,YURIRIA,41,URIANGATO,2794,C03,28,81,3,186,0,6,39,350,0,14,364,623
11,GUANAJUATO,20,YURIRIA,41,URIANGATO,2794,S01,11,14,0,31,0,4,22,82,0,5,87,0
11,GUANAJUATO,20,YURIRIA,41,URIANGATO,2795,B,9,30,0,243,0,5,31,319,0,23,342,607
11,GUANAJUATO,20,YURIRIA,41,URIANGATO,2795,C01,5,41,1,233,0,4,23,310,0,16,326,607
11,GUANAJUATO,20,YURIRIA,41,URIANGATO,2795,C02,10,41,1,205,0,0,23,281,0,7,288,606
11,GUANAJUATO,20,YURIRIA,41,URIANGATO,2796,B,41,82,1,136,0,6,44,316,0,7,323,508
11,GUANAJUATO,20,YURIRIA,41,URIANGATO,2796,C01,51,79,0,99,0,5,50,291,0,6,297,508
11,GUANAJUATO,20,YURIRIA,41,URIANGATO,2797,B,26,84,3,134,0,15,119,386,1,13,400,750
11,GUANAJUATO,20,YURIRIA,41,URIANGATO,2797,C01,19,84,4,148,0,13,128,399,0,14,413,750
11,GUANAJUATO,20,YURIRIA,41,URIANGATO,2798,B,27,33,2,156,0,3,93,321,0,11,332,652
11,GUANAJUATO,20,YURIRIA,41,URIANGATO,2798,C01,29,40,2,154,0,10,99,337,0,12,349,652
11,GUANAJUATO,20,YURIRIA,41,URIANGATO,2798,C02,24,54,4,159,0,7,73,325,0,14,339,652
11,GUANAJUATO,20,YURIRIA,41,URIANGATO,2799,B,28,77,5,185,0,16,77,399,1,12,412,731
11,GUANAJUATO,20,YURIRIA,41,URIANGATO,2799,C01,35,107,4,156,0,12,92,411,0,13,424,731
11,GUANAJUATO,20,YURIRIA,41,URIANGATO,2799,C02,35,81,4,183,0,10,99,419,0,12,431,730
11,GUANAJUATO,20,YURIRIA,41,URIANGATO,2800,B,46,99,5,151,0,6,83,395,0,16,411,737
11,GUANAJUATO,20,YURIRIA,41,URIANGATO,2800,C01,39,94,2,200,0,3,98,442,0,16,458,736
11,GUANAJUATO,20,YURIRIA,41,URIANGATO,2801,B,73,77,4,123,0,8,89,380,0,8,388,655
11,GUANAJUATO,20,YURIRIA,41,URIANGATO,2801,C01,54,96,2,135,0,10,88,394,0,9,403,654
11,GUANAJUATO,20,YURIRIA,41,URIANGATO,2802,B,42,73,0,152,0,3,53,328,1,10,339,568
11,GUANAJUATO,20,YURIRIA,41,URIANGATO,2802,C01,39,83,2,168,0,6,47,355,0,5,360,568
11,GUANAJUATO,20,YURIRIA,41,URIANGATO,2802,C02,56,91,5,132,0,3,57,351,0,14,365,567
11,GUANAJUATO,20,YURIRIA,41,URIANGATO,2803,B,44,68,2,151,0,5,71,346,0,13,359,582
11,GUANAJUATO,20,YURIRIA,41,URIANGATO,2803,C01,44,82,5,137,0,4,53,328,0,3,331,581
11,GUANAJUATO,20,YURIRIA,41,URIANGATO,2804,B,41,73,2,138,0,1,52,310,0,19,329,564
11,GUANAJUATO,20,YURIRIA,41,URIANGATO,2804,C01,37,57,1,165,0,4,46,310,0,6,316,564
11,GUANAJUATO,20,YURIRIA,41,URIANGATO,2804,C02,45,76,0,151,0,3,48,328,0,8,336,564
11,GUANAJUATO,20,YURIRIA,41,URIANGATO,2805,B,13,67,1,210,0,7,66,372,0,15,387,743
11,GUANAJUATO,20,YURIRIA,41,URIANGATO,2805,C01,19,82,1,184,0,6,80,374,0,17,391,743
11,GUANAJUATO,20,YURIRIA,41,URIANGATO,2806,B,55,81,4,111,0,2,49,306,0,13,319,534
11,GUANAJUATO,20,YURIRIA,41,URIANGATO,2806,C01,69,87,4,103,0,4,57,335,0,9,344,533
11,GUANAJUATO,20,YURIRIA,41,URIANGATO,2807,B,50,72,4,167,0,11,74,382,0,13,395,709
11,GUANAJUATO,20,YURIRIA,41,URIANGATO,2807,C01,38,44,3,198,0,7,92,388,0,15,403,709
11,GUANAJUATO,20,YURIRIA,41,URIANGATO,2807,C02,43,86,3,161,0,20,65,386,4,19,409,709
11,GUANAJUATO,20,YURIRIA,41,URIANGATO,2807,C03,56,82,2,176,0,10,85,416,0,7,423,709
11,GUANAJUATO,20,YURIRIA,41,URIANGATO,2807,C04,50,63,0,181,0,7,87,394,0,14,408,709
11,GUANAJUATO,20,YURIRIA,41,URIANGATO,2808,B,42,41,3,137,0,12,92,330,0,11,341,670
11,GUANAJUATO,20,YURIRIA,41,URIANGATO,2808,C01,32,40,3,125,0,13,87,303,0,16,319,670
11,GUANAJUATO,20,YURIRIA,41,URIANGATO,2808,C02,51,55,2,149,0,14,84,358,0,17,375,669
11,GUANAJUATO,20,YURIRIA,41,URIANGATO,2809,B,42,48,0,142,0,13,88,339,1,20,360,686
11,GUANAJUATO,20,YURIRIA,41,URIANGATO,2809,C01,46,46,6,149,0,16,100,367,0,14,381,685
11,GUANAJUATO,20,YURIRIA,41,URIANGATO,2809,C02,53,58,3,140,0,11,92,362,0,22,384,685
11,GUANAJUATO,20,YURIRIA,41,URIANGATO,2809,C03,37,52,2,113,0,14,109,337,0,17,354,685
11,GUANAJUATO,20,YURIRIA,41,URIANGATO,2809,C04,47,52,3,140,0,12,84,346,0,13,359,685
11,GUANAJUATO,20,YURIRIA,41,URIANGATO,2809,C05,57,49,3,126,0,17,97,353,0,13,366,685
11,GUANAJUATO,20,YURIRIA,41,URIANGATO,2809,C06,39,47,2,145,0,15,90,344,0,12,356,685
11,GUANAJUATO,20,YURIRIA,41,URIANGATO,2809,C07,47,48,3,152,0,16,79,347,0,16,363,685
11,GUANAJUATO,20,YURIRIA,41,URIANGATO,2810,B,13,37,0,187,0,3,39,284,0,12,296,536
11,GUANAJUATO,20,YURIRIA,41,URIANGATO,2810,C01,19,55,1,162,0,1,39,278,0,10,288,536
11,GUANAJUATO,20,YURIRIA,41,URIANGATO,2810,E01,28,64,0,218,0,7,81,402,0,15,417,681
11,GUANAJUATO,20,YURIRIA,41,URIANGATO,2811,B,10,21,0,95,0,3,33,163,0,3,166,422
11,GUANAJUATO,20,YURIRIA,41,URIANGATO,2811,C01,4,11,1,117,0,4,28,165,0,9,174,422
11,GUANAJUATO,20,YURIRIA,41,URIANGATO,2812,B,28,50,2,273,0,3,22,383,0,19,402,744
11,GUANAJUATO,20,YURIRIA,41,URIANGATO,2812,E01,4,9,0,113,0,2,6,134,0,4,138,267
11,GUANAJUATO,20,YURIRIA,41,URIANGATO,2813,B,17,25,4,193,0,2,45,291,0,13,304,582
11,GUANAJUATO,20,YURIRIA,41,URIANGATO,2813,C01,21,38,2,136,0,8,46,254,0,11,265,581
11,GUANAJUATO,20,YURIRIA,41,URIANGATO,2813,C02,14,25,2,146,0,6,41,238,0,17,255,581
11,GUANAJUATO,20,YURIRIA,41,URIANGATO,2814,B,13,30,1,97,0,5,68,215,0,14,229,638
11,GUANAJUATO,20,YURIRIA,41,URIANGATO,2814,C01,11,15,4,69,0,3,67,172,0,11,183,637
11,GUANAJUATO,20,YURIRIA,41,URIANGATO,2815,B,12,5,2,42,0,6,25,93,0,16,109,417
11,GUANAJUATO,20,YURIRIA,41,URIANGATO,2815,C01,10,2,1,30,0,3,35,82,0,12,94,416
11,GUANAJUATO,20,YURIRIA,42,VALLE DE SANTIAGO,0,VA42,1,1,0,0,0,0,3,5,0,0,5,5
11,GUANAJUATO,19,VALLE DE SANTIAGO,42,VALLE DE SANTIAGO,2816,B,120,4,0,19,2,18,150,320,0,10,330,546
11,GUANAJUATO,19,VALLE DE SANTIAGO,42,VALLE DE SANTIAGO,2816,C01,114,5,2,11,3,22,139,299,0,11,310,545
11,GUANAJUATO,19,VALLE DE SANTIAGO,42,VALLE DE SANTIAGO,2816,C02,138,8,1,18,2,22,142,334,0,11,345,545
11,GUANAJUATO,19,VALLE DE SANTIAGO,42,VALLE DE SANTIAGO,2816,E01,82,4,1,19,6,20,153,287,2,14,303,589
11,GUANAJUATO,19,VALLE DE SANTIAGO,42,VALLE DE SANTIAGO,2816,E01C01,69,2,2,21,1,16,175,287,0,12,299,588
11,GUANAJUATO,19,VALLE DE SANTIAGO,42,VALLE DE SANTIAGO,2816,E02,91,6,1,23,7,20,207,356,0,8,364,646
11,GUANAJUATO,19,VALLE DE SANTIAGO,42,VALLE DE SANTIAGO,2816,E02C01,90,2,2,29,15,14,220,378,0,10,388,646
11,GUANAJUATO,19,VALLE DE SANTIAGO,42,VALLE DE SANTIAGO,2816,E02C02,107,1,3,20,7,11,196,347,0,15,362,646
11,GUANAJUATO,19,VALLE DE SANTIAGO,42,VALLE DE SANTIAGO,2816,E02C03,106,6,0,25,1,16,201,357,0,8,365,645
11,GUANAJUATO,19,VALLE DE SANTIAGO,42,VALLE DE SANTIAGO,2816,E02C04,115,4,2,33,7,19,203,387,0,7,394,645
11,GUANAJUATO,20,YURIRIA,42,VALLE DE SANTIAGO,2817,B,125,3,3,19,3,18,228,403,0,6,409,703
11,GUANAJUATO,20,YURIRIA,42,VALLE DE SANTIAGO,2817,C01,110,5,1,19,4,13,213,368,0,21,389,702
11,GUANAJUATO,20,YURIRIA,42,VALLE DE SANTIAGO,2818,B,95,4,0,15,5,17,198,339,0,10,349,581
11,GUANAJUATO,20,YURIRIA,42,VALLE DE SANTIAGO,2818,C01,99,1,0,8,7,18,180,315,0,19,334,580
11,GUANAJUATO,20,YURIRIA,42,VALLE DE SANTIAGO,2819,B,94,6,1,12,2,35,147,305,1,8,314,507
11,GUANAJUATO,20,YURIRIA,42,VALLE DE SANTIAGO,2819,C01,116,6,5,15,6,32,131,313,0,9,322,507
11,GUANAJUATO,20,YURIRIA,42,VALLE DE SANTIAGO,2819,E01,151,2,2,27,2,34,256,479,0,12,491,736
11,GUANAJUATO,20,YURIRIA,42,VALLE DE SANTIAGO,2819,E01C01,115,2,1,32,3,22,246,423,0,16,439,736
11,GUANAJUATO,20,YURIRIA,42,VALLE DE SANTIAGO,2820,B,125,1,3,10,6,22,102,269,0,3,272,377
11,GUANAJUATO,20,YURIRIA,42,VALLE DE SANTIAGO,2820,C01,127,2,3,7,4,24,85,256,0,7,263,376
11,GUANAJUATO,20,YURIRIA,42,VALLE DE SANTIAGO,2821,B,134,9,5,11,6,18,131,317,0,8,325,510
11,GUANAJUATO,20,YURIRIA,42,VALLE DE SANTIAGO,2821,C01,149,3,3,15,3,18,141,335,0,10,345,510
11,GUANAJUATO,20,YURIRIA,42,VALLE DE SANTIAGO,2822,B,81,2,0,24,1,13,136,261,0,9,270,433
11,GUANAJUATO,20,YURIRIA,42,VALLE DE SANTIAGO,2822,C01,83,2,0,33,3,15,152,290,0,10,300,433
11,GUANAJUATO,20,YURIRIA,42,VALLE DE SANTIAGO,2823,B,150,8,4,14,5,24,190,395,0,3,398,659
11,GUANAJUATO,20,YURIRIA,42,VALLE DE SANTIAGO,2823,C01,146,7,2,21,4,31,198,411,0,12,423,659
11,GUANAJUATO,20,YURIRIA,42,VALLE DE SANTIAGO,2824,B,83,1,0,26,10,14,158,294,0,9,303,522
11,GUANAJUATO,20,YURIRIA,42,VALLE DE SANTIAGO,2824,C01,64,0,1,21,4,16,158,265,0,10,275,522
11,GUANAJUATO,20,YURIRIA,42,VALLE DE SANTIAGO,2824,C02,85,4,3,25,1,15,159,296,0,1,297,522
11,GUANAJUATO,20,YURIRIA,42,VALLE DE SANTIAGO,2825,B,104,4,2,11,6,15,160,309,0,4,313,536
11,GUANAJUATO,20,YURIRIA,42,VALLE DE SANTIAGO,2825,C01,91,2,4,8,6,12,157,288,0,9,297,535
11,GUANAJUATO,20,YURIRIA,42,VALLE DE SANTIAGO,2825,C02,80,2,1,21,9,17,140,271,0,16,287,535
11,GUANAJUATO,19,VALLE DE SANTIAGO,42,VALLE DE SANTIAGO,2826,B,109,7,2,20,5,16,200,359,0,12,371,678
11,GUANAJUATO,19,VALLE DE SANTIAGO,42,VALLE DE SANTIAGO,2826,C01,109,4,4,31,16,20,209,397,0,14,411,677
11,GUANAJUATO,19,VALLE DE SANTIAGO,42,VALLE DE SANTIAGO,2827,B,61,5,1,8,1,8,174,260,0,10,270,627
11,GUANAJUATO,19,VALLE DE SANTIAGO,42,VALLE DE SANTIAGO,2827,C01,63,3,3,20,4,9,184,290,0,16,306,626
11,GUANAJUATO,19,VALLE DE SANTIAGO,42,VALLE DE SANTIAGO,2827,C02,53,4,0,18,4,9,170,259,0,13,272,626
11,GUANAJUATO,19,VALLE DE SANTIAGO,42,VALLE DE SANTIAGO,2828,B,63,1,4,12,4,14,163,263,0,11,274,519
11,GUANAJUATO,19,VALLE DE SANTIAGO,42,VALLE DE SANTIAGO,2828,C01,60,3,0,15,3,8,177,268,0,11,279,519
11,GUANAJUATO,19,VALLE DE SANTIAGO,42,VALLE DE SANTIAGO,2828,C02,72,2,2,14,4,13,175,282,0,14,296,519
11,GUANAJUATO,19,VALLE DE SANTIAGO,42,VALLE DE SANTIAGO,2829,B,125,6,1,41,7,13,218,415,0,16,431,672
11,GUANAJUATO,19,VALLE DE SANTIAGO,42,VALLE DE SANTIAGO,2829,C01,126,8,1,26,3,10,203,378,0,17,395,672
11,GUANAJUATO,19,VALLE DE SANTIAGO,42,VALLE DE SANTIAGO,2830,B,104,7,2,26,2,18,202,369,0,13,382,651
11,GUANAJUATO,19,VALLE DE SANTIAGO,42,VALLE DE SANTIAGO,2830,C01,113,2,2,25,2,20,183,353,0,21,374,650
11,GUANAJUATO,19,VALLE DE SANTIAGO,42,VALLE DE SANTIAGO,2831,B,128,0,2,21,9,17,203,380,0,21,401,668
11,GUANAJUATO,19,VALLE DE SANTIAGO,42,VALLE DE SANTIAGO,2831,C01,109,4,2,30,4,14,191,360,0,14,374,668
11,GUANAJUATO,20,YURIRIA,42,VALLE DE SANTIAGO,2832,B,145,6,1,10,3,20,129,320,0,11,331,524
11,GUANAJUATO,20,YURIRIA,42,VALLE DE SANTIAGO,2832,C01,133,3,1,13,8,17,142,320,0,14,334,523
11,GUANAJUATO,20,YURIRIA,42,VALLE DE SANTIAGO,2833,B,125,4,1,14,2,20,145,317,0,8,325,491
11,GUANAJUATO,20,YURIRIA,42,VALLE DE SANTIAGO,2833,C01,149,9,2,8,3,10,143,329,0,9,338,490
11,GUANAJUATO,20,YURIRIA,42,VALLE DE SANTIAGO,2833,S01,37,2,0,8,4,6,85,143,0,4,147,0
11,GUANAJUATO,20,YURIRIA,42,VALLE DE SANTIAGO,2834,B,155,6,0,28,4,16,148,361,0,9,370,513
11,GUANAJUATO,20,YURIRIA,42,VALLE DE SANTIAGO,2834,C01,137,2,2,25,4,10,150,332,1,8,341,512
11,GUANAJUATO,20,YURIRIA,42,VALLE DE SANTIAGO,2835,B,108,8,0,30,4,24,187,364,0,9,373,628
11,GUANAJUATO,20,YURIRIA,42,VALLE DE SANTIAGO,2835,C01,117,10,0,55,4,11,172,372,0,10,382,628
11,GUANAJUATO,20,YURIRIA,42,VALLE DE SANTIAGO,2835,C02,122,7,1,30,5,15,163,345,0,12,357,628
11,GUANAJUATO,20,YURIRIA,42,VALLE DE SANTIAGO,2835,C03,97,7,2,43,3,17,195,369,0,9,378,627
11,GUANAJUATO,20,YURIRIA,42,VALLE DE SANTIAGO,2836,B,97,3,1,11,5,16,141,279,0,14,293,551
11,GUANAJUATO,20,YURIRIA,42,VALLE DE SANTIAGO,2836,C01,103,2,1,12,3,11,145,285,0,8,293,551
11,GUANAJUATO,19,VALLE DE SANTIAGO,42,VALLE DE SANTIAGO,2837,B,106,6,0,24,2,13,139,293,0,8,301,580
11,GUANAJUATO,19,VALLE DE SANTIAGO,42,VALLE DE SANTIAGO,2837,C01,109,2,1,13,4,11,159,306,0,17,323,579
11,GUANAJUATO,19,VALLE DE SANTIAGO,42,VALLE DE SANTIAGO,2838,B,89,2,1,26,3,17,148,287,0,5,292,549
11,GUANAJUATO,19,VALLE DE SANTIAGO,42,VALLE DE SANTIAGO,2838,C01,71,1,2,45,1,15,175,312,0,19,331,548
11,GUANAJUATO,19,VALLE DE SANTIAGO,42,VALLE DE SANTIAGO,2838,C02,65,4,1,24,0,16,164,277,0,19,296,548
11,GUANAJUATO,19,VALLE DE SANTIAGO,42,VALLE DE SANTIAGO,2839,B,89,6,1,22,2,19,221,364,0,29,393,750
11,GUANAJUATO,19,VALLE DE SANTIAGO,42,VALLE DE SANTIAGO,2839,C01,86,5,2,31,6,15,204,352,0,20,372,750
11,GUANAJUATO,19,VALLE DE SANTIAGO,42,VALLE DE SANTIAGO,2840,B,107,3,1,24,6,12,195,350,2,11,363,708
11,GUANAJUATO,19,VALLE DE SANTIAGO,42,VALLE DE SANTIAGO,2840,C01,91,4,2,16,1,7,201,326,0,12,338,707
11,GUANAJUATO,19,VALLE DE SANTIAGO,42,VALLE DE SANTIAGO,2841,B,62,2,5,30,6,12,171,288,0,9,297,744
11,GUANAJUATO,19,VALLE DE SANTIAGO,42,VALLE DE SANTIAGO,2841,C01,64,3,3,32,0,8,166,279,0,8,287,743
11,GUANAJUATO,19,VALLE DE SANTIAGO,42,VALLE DE SANTIAGO,2841,C02,68,1,0,22,1,15,161,269,0,16,285,743
11,GUANAJUATO,19,VALLE DE SANTIAGO,42,VALLE DE SANTIAGO,2841,C03,49,1,0,19,3,21,148,241,0,4,245,743
11,GUANAJUATO,19,VALLE DE SANTIAGO,42,VALLE DE SANTIAGO,2841,C04,70,2,1,39,5,15,151,287,0,12,299,743
11,GUANAJUATO,19,VALLE DE SANTIAGO,42,VALLE DE SANTIAGO,2842,B,60,1,1,27,0,13,180,284,0,7,291,737
11,GUANAJUATO,19,VALLE DE SANTIAGO,42,VALLE DE SANTIAGO,2842,C01,80,6,0,26,3,15,209,340,0,11,351,737
11,GUANAJUATO,19,VALLE DE SANTIAGO,42,VALLE DE SANTIAGO,2842,C02,87,4,1,24,3,3,192,315,0,10,325,736
11,GUANAJUATO,19,VALLE DE SANTIAGO,42,VALLE DE SANTIAGO,2843,B,71,6,3,19,3,21,167,292,0,13,305,663
11,GUANAJUATO,19,VALLE DE SANTIAGO,42,VALLE DE SANTIAGO,2843,C01,66,3,0,15,4,10,144,243,1,12,256,663
11,GUANAJUATO,19,VALLE DE SANTIAGO,42,VALLE DE SANTIAGO,2843,C02,49,3,0,14,1,11,174,255,0,12,267,662
11,GUANAJUATO,19,VALLE DE SANTIAGO,42,VALLE DE SANTIAGO,2843,C03,62,3,3,12,3,9,186,278,0,22,300,662
11,GUANAJUATO,19,VALLE DE SANTIAGO,42,VALLE DE SANTIAGO,2844,B,52,4,3,20,3,7,199,291,0,11,302,650
11,GUANAJUATO,19,VALLE DE SANTIAGO,42,VALLE DE SANTIAGO,2844,C01,59,0,4,26,4,11,188,293,0,21,314,650
11,GUANAJUATO,19,VALLE DE SANTIAGO,42,VALLE DE SANTIAGO,2844,C02,61,3,1,20,3,11,186,292,0,19,311,649
11,GUANAJUATO,19,VALLE DE SANTIAGO,42,VALLE DE SANTIAGO,2845,B,95,4,3,18,2,18,157,304,0,16,320,676
11,GUANAJUATO,19,VALLE DE SANTIAGO,42,VALLE DE SANTIAGO,2845,C01,82,2,0,19,1,14,137,256,0,22,278,676
11,GUANAJUATO,19,VALLE DE SANTIAGO,42,VALLE DE SANTIAGO,2846,B,49,2,1,16,2,13,110,194,0,8,202,510
11,GUANAJUATO,19,VALLE DE SANTIAGO,42,VALLE DE SANTIAGO,2846,C01,63,3,5,14,4,4,101,194,0,13,207,510
11,GUANAJUATO,19,VALLE DE SANTIAGO,42,VALLE DE SANTIAGO,2846,C02,64,2,1,17,3,10,115,213,0,12,225,510
11,GUANAJUATO,19,VALLE DE SANTIAGO,42,VALLE DE SANTIAGO,2847,B,65,1,2,23,5,8,180,288,0,23,311,722
11,GUANAJUATO,19,VALLE DE SANTIAGO,42,VALLE DE SANTIAGO,2847,C01,56,3,0,18,6,7,212,304,0,11,315,722
11,GUANAJUATO,19,VALLE DE SANTIAGO,42,VALLE DE SANTIAGO,2847,C02,53,3,1,23,3,6,176,265,0,26,291,722
11,GUANAJUATO,19,VALLE DE SANTIAGO,42,VALLE DE SANTIAGO,2847,C03,62,5,2,21,4,13,176,283,0,18,301,722
11,GUANAJUATO,19,VALLE DE SANTIAGO,42,VALLE DE SANTIAGO,2848,B,111,3,2,12,3,15,84,231,0,18,249,531
11,GUANAJUATO,19,VALLE DE SANTIAGO,42,VALLE DE SANTIAGO,2848,C01,96,4,2,6,8,11,98,227,0,16,243,531
11,GUANAJUATO,19,VALLE DE SANTIAGO,42,VALLE DE SANTIAGO,2848,C02,112,6,7,4,12,10,81,235,0,20,255,530
11,GUANAJUATO,19,VALLE DE SANTIAGO,42,VALLE DE SANTIAGO,2849,B,92,1,4,13,9,10,118,249,0,16,265,645
11,GUANAJUATO,19,VALLE DE SANTIAGO,42,VALLE DE SANTIAGO,2849,E01,105,6,1,8,7,6,55,193,0,11,204,431
11,GUANAJUATO,19,VALLE DE SANTIAGO,42,VALLE DE SANTIAGO,2850,B,28,0,3,8,5,16,134,195,0,14,209,394
11,GUANAJUATO,19,VALLE DE SANTIAGO,42,VALLE DE SANTIAGO,2850,C01,21,4,0,8,7,12,126,178,0,18,196,393
11,GUANAJUATO,19,VALLE DE SANTIAGO,42,VALLE DE SANTIAGO,2850,E01,71,1,2,10,9,5,149,248,0,17,265,487
11,GUANAJUATO,19,VALLE DE SANTIAGO,42,VALLE DE SANTIAGO,2850,E02,27,2,3,8,3,3,46,93,0,8,101,293
11,GUANAJUATO,19,VALLE DE SANTIAGO,42,VALLE DE SANTIAGO,2851,B,43,0,3,8,2,7,154,221,0,23,244,604
11,GUANAJUATO,19,VALLE DE SANTIAGO,42,VALLE DE SANTIAGO,2851,C01,46,1,4,8,5,4,149,217,0,28,245,603
11,GUANAJUATO,19,VALLE DE SANTIAGO,42,VALLE DE SANTIAGO,2852,B,87,0,3,14,3,15,98,223,0,12,235,504
11,GUANAJUATO,19,VALLE DE SANTIAGO,42,VALLE DE SANTIAGO,2852,C01,62,2,2,8,6,4,93,179,0,17,196,504
11,GUANAJUATO,19,VALLE DE SANTIAGO,42,VALLE DE SANTIAGO,2852,E01,43,2,3,11,8,11,133,211,0,18,229,522
11,GUANAJUATO,19,VALLE DE SANTIAGO,42,VALLE DE SANTIAGO,2852,E02,27,2,0,0,6,2,80,119,0,17,136,225
11,GUANAJUATO,19,VALLE DE SANTIAGO,42,VALLE DE SANTIAGO,2853,B,50,6,0,22,9,7,119,214,0,17,231,538
11,GUANAJUATO,19,VALLE DE SANTIAGO,42,VALLE DE SANTIAGO,2853,C01,56,1,2,15,1,8,166,250,0,18,268,538
11,GUANAJUATO,20,YURIRIA,42,VALLE DE SANTIAGO,2854,B,58,3,4,3,14,5,120,213,0,14,227,566
11,GUANAJUATO,20,YURIRIA,42,VALLE DE SANTIAGO,2855,B,89,7,2,14,3,13,144,272,0,26,298,593
11,GUANAJUATO,20,YURIRIA,42,VALLE DE SANTIAGO,2855,C01,78,5,0,13,3,10,170,285,0,17,302,593
11,GUANAJUATO,20,YURIRIA,42,VALLE DE SANTIAGO,2855,C02,75,2,3,16,4,9,207,322,0,12,334,592
11,GUANAJUATO,20,YURIRIA,42,VALLE DE SANTIAGO,2856,B,75,2,3,16,4,9,207,322,0,12,334,689
11,GUANAJUATO,20,YURIRIA,42,VALLE DE SANTIAGO,2856,C01,63,0,0,9,6,8,183,270,0,19,289,688
11,GUANAJUATO,19,VALLE DE SANTIAGO,42,VALLE DE SANTIAGO,2857,B,51,2,1,6,6,9,110,186,0,12,198,545
11,GUANAJUATO,19,VALLE DE SANTIAGO,42,VALLE DE SANTIAGO,2857,C01,54,6,2,15,13,5,111,207,0,14,221,544
11,GUANAJUATO,19,VALLE DE SANTIAGO,42,VALLE DE SANTIAGO,2858,B,37,3,2,3,1,0,117,163,0,15,178,477
11,GUANAJUATO,19,VALLE DE SANTIAGO,42,VALLE DE SANTIAGO,2858,C01,41,2,2,8,5,1,79,139,0,4,143,476
11,GUANAJUATO,19,VALLE DE SANTIAGO,42,VALLE DE SANTIAGO,2859,B,65,3,1,7,2,8,116,202,0,13,215,471
11,GUANAJUATO,19,VALLE DE SANTIAGO,42,VALLE DE SANTIAGO,2859,C01,58,1,2,5,6,3,92,168,0,5,173,471
11,GUANAJUATO,19,VALLE DE SANTIAGO,42,VALLE DE SANTIAGO,2861,B,63,0,3,13,13,12,147,255,0,9,264,568
11,GUANAJUATO,19,VALLE DE SANTIAGO,42,VALLE DE SANTIAGO,2861,C01,73,3,5,8,6,3,156,255,0,9,264,567
11,GUANAJUATO,19,VALLE DE SANTIAGO,42,VALLE DE SANTIAGO,2861,E01,27,0,1,8,2,2,109,149,0,16,165,307
11,GUANAJUATO,20,YURIRIA,42,VALLE DE SANTIAGO,2862,B,61,0,3,15,5,6,126,218,0,17,235,513
11,GUANAJUATO,20,YURIRIA,42,VALLE DE SANTIAGO,2862,C01,57,2,3,18,5,11,154,250,0,19,269,512
11,GUANAJUATO,20,YURIRIA,42,VALLE DE SANTIAGO,2862,C02,69,1,0,11,6,10,148,247,0,17,264,512
11,GUANAJUATO,19,VALLE DE SANTIAGO,42,VALLE DE SANTIAGO,2863,B,70,3,3,7,5,5,107,205,0,19,224,655
11,GUANAJUATO,19,VALLE DE SANTIAGO,42,VALLE DE SANTIAGO,2863,E01,76,6,5,9,6,11,178,293,0,18,311,720
11,GUANAJUATO,19,VALLE DE SANTIAGO,42,VALLE DE SANTIAGO,2863,E02,76,4,2,9,3,4,146,246,0,11,257,584
11,GUANAJUATO,19,VALLE DE SANTIAGO,42,VALLE DE SANTIAGO,2864,B,52,7,5,9,16,9,158,259,0,21,280,622
11,GUANAJUATO,19,VALLE DE SANTIAGO,42,VALLE DE SANTIAGO,2864,C01,44,4,8,9,6,12,145,229,0,15,244,621
11,GUANAJUATO,19,VALLE DE SANTIAGO,42,VALLE DE SANTIAGO,2864,C02,40,3,2,8,1,15,155,227,0,22,249,621
11,GUANAJUATO,19,VALLE DE SANTIAGO,42,VALLE DE SANTIAGO,2865,B,61,2,2,5,3,8,145,227,0,14,241,582
11,GUANAJUATO,19,VALLE DE SANTIAGO,42,VALLE DE SANTIAGO,2865,C01,68,7,3,7,5,7,130,230,0,14,244,582
11,GUANAJUATO,19,VALLE DE SANTIAGO,42,VALLE DE SANTIAGO,2866,B,93,3,0,7,1,11,185,303,0,10,313,723
11,GUANAJUATO,19,VALLE DE SANTIAGO,42,VALLE DE SANTIAGO,2866,C01,102,6,1,8,2,5,154,282,0,12,294,723
11,GUANAJUATO,19,VALLE DE SANTIAGO,42,VALLE DE SANTIAGO,2867,B,90,6,3,5,3,3,124,237,0,12,249,623
11,GUANAJUATO,19,VALLE DE SANTIAGO,42,VALLE DE SANTIAGO,2867,C01,73,5,2,6,8,12,129,237,0,20,257,623
11,GUANAJUATO,19,VALLE DE SANTIAGO,42,VALLE DE SANTIAGO,2867,C02,91,7,4,14,2,5,125,251,0,12,263,623
11,GUANAJUATO,19,VALLE DE SANTIAGO,42,VALLE DE SANTIAGO,2867,C03,66,4,0,13,3,8,124,220,0,14,234,623
11,GUANAJUATO,19,VALLE DE SANTIAGO,42,VALLE DE SANTIAGO,2867,C04,90,2,0,8,4,10,107,225,0,14,239,622
11,GUANAJUATO,20,YURIRIA,42,VALLE DE SANTIAGO,2868,B,67,1,10,12,4,17,237,350,0,15,365,687
11,GUANAJUATO,20,YURIRIA,42,VALLE DE SANTIAGO,2868,C01,52,4,4,12,4,11,271,360,0,19,379,687
11,GUANAJUATO,20,YURIRIA,42,VALLE DE SANTIAGO,2868,C02,65,3,5,21,6,12,239,353,0,14,367,686
11,GUANAJUATO,20,YURIRIA,42,VALLE DE SANTIAGO,2869,B,45,2,2,9,5,16,198,278,0,14,292,465
11,GUANAJUATO,20,YURIRIA,42,VALLE DE SANTIAGO,2869,C01,45,4,2,11,2,8,206,279,0,14,293,464
11,GUANAJUATO,20,YURIRIA,42,VALLE DE SANTIAGO,2869,E01,101,4,1,12,4,10,216,352,0,24,376,750
11,GUANAJUATO,19,VALLE DE SANTIAGO,42,VALLE DE SANTIAGO,2870,B,75,4,1,8,1,5,85,180,0,7,187,515
11,GUANAJUATO,19,VALLE DE SANTIAGO,42,VALLE DE SANTIAGO,2870,E01,39,0,2,7,6,5,140,199,0,15,214,386
11,GUANAJUATO,19,VALLE DE SANTIAGO,42,VALLE DE SANTIAGO,2870,E01C01,55,1,2,9,3,6,124,202,0,13,215,386
11,GUANAJUATO,19,VALLE DE SANTIAGO,42,VALLE DE SANTIAGO,2870,E02,123,4,3,3,7,8,100,251,0,11,262,572
11,GUANAJUATO,19,VALLE DE SANTIAGO,42,VALLE DE SANTIAGO,2871,B,28,2,1,11,3,4,162,213,0,15,228,504
11,GUANAJUATO,19,VALLE DE SANTIAGO,42,VALLE DE SANTIAGO,2871,C01,35,3,2,8,5,9,169,234,0,22,256,504
11,GUANAJUATO,19,VALLE DE SANTIAGO,42,VALLE DE SANTIAGO,2871,E01,48,1,2,7,6,18,76,163,0,9,172,379
11,GUANAJUATO,19,VALLE DE SANTIAGO,42,VALLE DE SANTIAGO,2871,E01C01,49,1,3,9,4,9,69,147,0,8,155,379
11,GUANAJUATO,19,VALLE DE SANTIAGO,42,VALLE DE SANTIAGO,2872,B,75,6,6,18,7,24,208,348,0,18,366,623
11,GUANAJUATO,19,VALLE DE SANTIAGO,42,VALLE DE SANTIAGO,2872,C01,57,5,2,13,7,9,212,309,0,24,333,622
11,GUANAJUATO,19,VALLE DE SANTIAGO,42,VALLE DE SANTIAGO,2872,E01,96,1,2,17,3,16,172,309,0,20,329,695
11,GUANAJUATO,19,VALLE DE SANTIAGO,42,VALLE DE SANTIAGO,2873,B,76,2,2,7,11,4,186,290,0,16,306,548
11,GUANAJUATO,19,VALLE DE SANTIAGO,42,VALLE DE SANTIAGO,2873,C01,45,0,4,6,16,11,191,275,0,15,290,547
11,GUANAJUATO,19,VALLE DE SANTIAGO,42,VALLE DE SANTIAGO,2873,C02,67,1,1,8,11,5,177,272,0,13,285,547
11,GUANAJUATO,19,VALLE DE SANTIAGO,42,VALLE DE SANTIAGO,2874,B,69,0,2,10,4,5,187,277,0,8,285,506
11,GUANAJUATO,19,VALLE DE SANTIAGO,42,VALLE DE SANTIAGO,2874,C01,85,0,4,3,4,9,130,235,0,0,235,505
11,GUANAJUATO,19,VALLE DE SANTIAGO,42,VALLE DE SANTIAGO,2874,C02,85,2,6,4,4,4,143,249,0,17,266,505
11,GUANAJUATO,19,VALLE DE SANTIAGO,42,VALLE DE SANTIAGO,2875,B,136,7,2,11,5,4,129,296,0,16,312,488
11,GUANAJUATO,19,VALLE DE SANTIAGO,42,VALLE DE SANTIAGO,2875,C01,132,1,2,10,3,8,121,281,0,13,294,488
11,GUANAJUATO,19,VALLE DE SANTIAGO,42,VALLE DE SANTIAGO,2875,E01,101,2,3,4,1,19,86,220,0,8,228,468
11,GUANAJUATO,19,VALLE DE SANTIAGO,42,VALLE DE SANTIAGO,2875,E01C01,113,2,5,11,4,10,96,241,0,8,249,467
11,GUANAJUATO,19,VALLE DE SANTIAGO,42,VALLE DE SANTIAGO,2876,B,36,1,4,12,4,3,114,176,0,12,188,479
11,GUANAJUATO,19,VALLE DE SANTIAGO,42,VALLE DE SANTIAGO,2876,C01,42,1,2,5,4,5,104,164,0,10,174,479
11,GUANAJUATO,19,VALLE DE SANTIAGO,42,VALLE DE SANTIAGO,2876,E01,30,6,5,0,2,3,65,115,0,9,124,497
11,GUANAJUATO,19,VALLE DE SANTIAGO,42,VALLE DE SANTIAGO,2876,E01C01,51,7,3,6,2,5,65,139,0,7,146,497
11,GUANAJUATO,19,VALLE DE SANTIAGO,42,VALLE DE SANTIAGO,2876,E02,61,5,2,9,2,0,57,137,0,11,148,445
11,GUANAJUATO,20,YURIRIA,42,VALLE DE SANTIAGO,2877,B,76,4,5,11,4,10,181,294,0,15,309,586
11,GUANAJUATO,20,YURIRIA,42,VALLE DE SANTIAGO,2877,C01,96,3,3,15,3,9,192,329,0,17,346,585
11,GUANAJUATO,20,YURIRIA,42,VALLE DE SANTIAGO,2877,E01,40,3,2,9,2,8,184,248,0,6,254,442
11,GUANAJUATO,20,YURIRIA,42,VALLE DE SANTIAGO,2877,E01C01,43,1,0,6,3,7,141,201,0,16,217,441
11,GUANAJUATO,20,YURIRIA,42,VALLE DE SANTIAGO,2878,B,95,3,3,3,3,3,39,150,0,8,158,540
11,GUANAJUATO,20,YURIRIA,42,VALLE DE SANTIAGO,2878,C01,68,6,2,3,6,3,49,139,0,8,147,540
11,GUANAJUATO,20,YURIRIA,42,VALLE DE SANTIAGO,2878,C02,70,3,0,4,6,4,44,132,0,6,138,539
11,GUANAJUATO,20,YURIRIA,42,VALLE DE SANTIAGO,2878,E01,84,5,2,14,12,10,92,220,0,17,237,548
11,GUANAJUATO,19,VALLE DE SANTIAGO,42,VALLE DE SANTIAGO,2879,B,64,5,7,12,3,9,130,231,0,13,244,529
11,GUANAJUATO,19,VALLE DE SANTIAGO,42,VALLE DE SANTIAGO,2879,E01,108,5,2,15,4,9,146,291,0,19,310,681
11,GUANAJUATO,19,VALLE DE SANTIAGO,42,VALLE DE SANTIAGO,2880,B,114,7,6,23,3,21,73,249,0,11,260,687
11,GUANAJUATO,19,VALLE DE SANTIAGO,42,VALLE DE SANTIAGO,2880,E01,51,1,0,5,5,12,93,171,0,6,177,415
11,GUANAJUATO,19,VALLE DE SANTIAGO,42,VALLE DE SANTIAGO,2880,E01C01,84,2,3,8,6,14,69,189,0,5,194,414
11,GUANAJUATO,19,VALLE DE SANTIAGO,42,VALLE DE SANTIAGO,2881,B,75,1,3,12,12,9,134,247,0,13,260,576
11,GUANAJUATO,19,VALLE DE SANTIAGO,42,VALLE DE SANTIAGO,2881,C01,97,4,3,7,6,6,159,283,0,12,295,576
11,GUANAJUATO,20,YURIRIA,42,VALLE DE SANTIAGO,2882,B,83,4,2,8,2,9,92,201,0,6,207,572
11,GUANAJUATO,20,YURIRIA,42,VALLE DE SANTIAGO,2882,C01,67,3,4,10,2,10,151,248,0,15,263,571
11,GUANAJUATO,20,YURIRIA,42,VALLE DE SANTIAGO,2882,C02,81,0,0,9,1,7,87,190,0,7,197,571
11,GUANAJUATO,20,YURIRIA,42,VALLE DE SANTIAGO,2883,B,92,1,3,8,5,12,164,289,0,28,317,733
11,GUANAJUATO,20,YURIRIA,42,VALLE DE SANTIAGO,2883,C01,88,3,2,6,10,17,165,292,0,26,318,733
11,GUANAJUATO,19,VALLE DE SANTIAGO,42,VALLE DE SANTIAGO,2884,B,53,5,2,14,5,16,104,199,0,18,217,523
11,GUANAJUATO,19,VALLE DE SANTIAGO,42,VALLE DE SANTIAGO,2884,C01,45,2,6,22,10,12,64,162,0,9,171,522
11,GUANAJUATO,19,VALLE DE SANTIAGO,42,VALLE DE SANTIAGO,2885,B,40,2,5,6,5,10,124,192,0,14,206,501
11,GUANAJUATO,19,VALLE DE SANTIAGO,42,VALLE DE SANTIAGO,2885,C01,51,0,3,9,8,6,104,181,0,18,199,500
11,GUANAJUATO,20,YURIRIA,42,VALLE DE SANTIAGO,2886,B,92,3,6,13,7,0,89,211,0,17,228,727
11,GUANAJUATO,20,YURIRIA,42,VALLE DE SANTIAGO,2886,E01,36,1,4,5,4,7,64,122,0,4,126,312
11,GUANAJUATO,20,YURIRIA,42,VALLE DE SANTIAGO,2887,B,111,1,0,10,7,10,149,292,0,16,308,748
11,GUANAJUATO,20,YURIRIA,42,VALLE DE SANTIAGO,2887,E01,49,3,4,23,9,6,103,199,0,17,216,502
11,GUANAJUATO,19,VALLE DE SANTIAGO,42,VALLE DE SANTIAGO,2888,B,57,5,4,4,1,5,55,132,0,6,138,437
11,GUANAJUATO,19,VALLE DE SANTIAGO,42,VALLE DE SANTIAGO,2888,C01,51,3,2,7,5,4,73,147,0,7,154,437
11,GUANAJUATO,19,VALLE DE SANTIAGO,42,VALLE DE SANTIAGO,2888,E01,175,6,4,17,6,7,127,347,0,17,364,603
11,GUANAJUATO,19,VALLE DE SANTIAGO,42,VALLE DE SANTIAGO,2889,B,53,3,2,8,3,6,64,140,0,14,154,572
11,GUANAJUATO,19,VALLE DE SANTIAGO,42,VALLE DE SANTIAGO,2889,C01,60,5,6,6,3,5,53,140,0,9,149,572
11,GUANAJUATO,20,YURIRIA,42,VALLE DE SANTIAGO,2890,B,26,1,3,8,5,4,112,159,0,12,171,609
11,GUANAJUATO,20,YURIRIA,42,VALLE DE SANTIAGO,2890,E01,35,0,0,5,8,8,103,159,0,15,174,376
11,GUANAJUATO,20,YURIRIA,42,VALLE DE SANTIAGO,2890,E02,59,3,0,1,8,2,94,167,0,5,172,350
11,GUANAJUATO,19,VALLE DE SANTIAGO,42,VALLE DE SANTIAGO,3272,B,94,1,1,7,4,4,188,299,0,8,307,671
11,GUANAJUATO,19,VALLE DE SANTIAGO,42,VALLE DE SANTIAGO,3273,B,43,1,2,5,6,10,125,192,0,12,204,432
11,GUANAJUATO,19,VALLE DE SANTIAGO,42,VALLE DE SANTIAGO,3273,C01,46,1,4,5,0,4,145,205,0,9,214,432
11,GUANAJUATO,19,VALLE DE SANTIAGO,42,VALLE DE SANTIAGO,3274,B,65,4,2,7,8,14,189,289,0,12,301,588
11,GUANAJUATO,19,VALLE DE SANTIAGO,42,VALLE DE SANTIAGO,3274,C01,77,6,4,11,6,13,199,322,0,12,334,588
11,GUANAJUATO,19,VALLE DE SANTIAGO,42,VALLE DE SANTIAGO,3274,C02,71,11,1,8,4,14,175,286,0,6,292,588
11,GUANAJUATO,2,SAN LUIS DE LA PAZ,43,VICTORIA,2891,B,171,27,2,1,16,0,240,459,0,11,470,587
11,GUANAJUATO,2,SAN LUIS DE LA PAZ,43,VICTORIA,2891,C01,162,24,6,2,21,0,230,447,1,12,460,586
11,GUANAJUATO,2,SAN LUIS DE LA PAZ,43,VICTORIA,2891,C02,150,35,3,2,16,0,216,425,0,12,437,586
11,GUANAJUATO,2,SAN LUIS DE LA PAZ,43,VICTORIA,2892,B,170,26,6,2,39,0,282,530,0,14,544,749
11,GUANAJUATO,2,SAN LUIS DE LA PAZ,43,VICTORIA,2892,C01,158,8,5,8,33,0,294,513,0,13,526,748
11,GUANAJUATO,2,SAN LUIS DE LA PAZ,43,VICTORIA,2892,C02,152,16,8,2,32,0,298,511,0,12,523,748
11,GUANAJUATO,2,SAN LUIS DE LA PAZ,43,VICTORIA,2893,B,13,3,0,0,3,0,63,83,0,6,89,154
11,GUANAJUATO,2,SAN LUIS DE LA PAZ,43,VICTORIA,2894,B,64,3,2,5,15,0,119,211,0,14,225,469
11,GUANAJUATO,2,SAN LUIS DE LA PAZ,43,VICTORIA,2895,B,151,8,4,7,18,0,130,323,0,18,341,571
11,GUANAJUATO,2,SAN LUIS DE LA PAZ,43,VICTORIA,2896,B,9,6,3,4,1,0,49,72,0,2,74,167
11,GUANAJUATO,2,SAN LUIS DE LA PAZ,43,VICTORIA,2897,B,141,15,2,4,16,0,153,334,0,20,354,654
11,GUANAJUATO,2,SAN LUIS DE LA PAZ,43,VICTORIA,2898,B,79,12,7,8,17,0,74,203,0,15,218,496
11,GUANAJUATO,2,SAN LUIS DE LA PAZ,43,VICTORIA,2899,B,104,2,1,3,8,0,182,304,0,17,321,510
11,GUANAJUATO,2,SAN LUIS DE LA PAZ,43,VICTORIA,2899,C01,90,8,2,5,11,0,170,290,0,15,305,510
11,GUANAJUATO,2,SAN LUIS DE LA PAZ,43,VICTORIA,2899,E01,65,21,5,1,9,0,105,209,0,16,225,392
11,GUANAJUATO,2,SAN LUIS DE LA PAZ,43,VICTORIA,2899,E01C01,59,7,1,5,16,0,135,226,0,16,242,392
11,GUANAJUATO,2,SAN LUIS DE LA PAZ,43,VICTORIA,2900,B,77,1,2,5,23,0,215,325,0,11,336,547
11,GUANAJUATO,2,SAN LUIS DE LA PAZ,43,VICTORIA,2900,C01,82,7,4,7,20,0,213,335,0,14,349,546
11,GUANAJUATO,2,SAN LUIS DE LA PAZ,43,VICTORIA,2900,C02,97,10,1,7,23,0,206,346,0,14,360,546
11,GUANAJUATO,2,SAN LUIS DE LA PAZ,43,VICTORIA,2901,B,88,4,1,4,22,0,108,229,0,12,241,380
11,GUANAJUATO,2,SAN LUIS DE LA PAZ,43,VICTORIA,2901,C01,92,7,0,1,26,0,129,258,0,12,270,380
11,GUANAJUATO,2,SAN LUIS DE LA PAZ,43,VICTORIA,2902,B,126,6,7,2,16,0,192,351,0,12,363,597
11,GUANAJUATO,2,SAN LUIS DE LA PAZ,43,VICTORIA,2902,C01,119,5,3,11,13,0,189,347,0,23,370,596
11,GUANAJUATO,2,SAN LUIS DE LA PAZ,43,VICTORIA,2903,B,106,29,2,6,21,0,275,447,0,24,471,749
11,GUANAJUATO,2,SAN LUIS DE LA PAZ,43,VICTORIA,2903,C01,102,17,7,8,15,0,292,447,0,20,467,749
11,GUANAJUATO,2,SAN LUIS DE LA PAZ,43,VICTORIA,2903,C02,95,8,5,4,23,0,299,435,0,26,461,748
11,GUANAJUATO,2,SAN LUIS DE LA PAZ,43,VICTORIA,2904,B,76,15,4,5,18,0,214,335,0,11,346,473
11,GUANAJUATO,2,SAN LUIS DE LA PAZ,43,VICTORIA,2904,C01,77,13,6,2,19,0,203,322,0,14,336,472
11,GUANAJUATO,2,SAN LUIS DE LA PAZ,43,VICTORIA,2905,B,133,4,7,5,36,0,315,502,0,12,514,713
11,GUANAJUATO,2,SAN LUIS DE LA PAZ,43,VICTORIA,2905,C01,117,7,0,7,36,0,287,459,0,15,474,713
11,GUANAJUATO,13,CORTAZAR,44,VILLAGRAN,2906,B,27,107,0,2,18,34,165,353,0,15,368,607
11,GUANAJUATO,13,CORTAZAR,44,VILLAGRAN,2906,C01,19,147,0,4,16,31,150,367,0,12,379,606
11,GUANAJUATO,13,CORTAZAR,44,VILLAGRAN,2906,C02,22,157,0,1,16,23,158,377,0,8,385,606
11,GUANAJUATO,13,CORTAZAR,44,VILLAGRAN,2906,C03,29,62,0,3,5,15,161,275,0,7,282,606
11,GUANAJUATO,13,CORTAZAR,44,VILLAGRAN,2906,C04,20,134,0,1,16,31,174,376,0,8,384,606
11,GUANAJUATO,13,CORTAZAR,44,VILLAGRAN,2908,B,18,144,0,1,18,26,187,394,0,7,401,713
11,GUANAJUATO,13,CORTAZAR,44,VILLAGRAN,2908,C01,22,139,0,5,19,25,198,408,0,6,414,712
11,GUANAJUATO,13,CORTAZAR,44,VILLAGRAN,2908,C02,27,159,0,4,12,22,165,389,0,11,400,712
11,GUANAJUATO,13,CORTAZAR,44,VILLAGRAN,2908,C03,22,136,0,4,16,22,157,357,0,6,363,712
11,GUANAJUATO,13,CORTAZAR,44,VILLAGRAN,2908,C04,30,125,0,4,16,21,197,393,0,7,400,712
11,GUANAJUATO,13,CORTAZAR,44,VILLAGRAN,2908,C05,20,162,0,5,14,28,186,415,0,8,423,712
11,GUANAJUATO,13,CORTAZAR,44,VILLAGRAN,2908,C06,20,141,0,1,18,21,161,362,0,9,371,712
11,GUANAJUATO,13,CORTAZAR,44,VILLAGRAN,2908,C07,31,153,0,1,13,29,155,382,0,7,389,712
11,GUANAJUATO,13,CORTAZAR,44,VILLAGRAN,2908,C08,21,158,0,3,10,21,167,380,0,9,389,712
11,GUANAJUATO,13,CORTAZAR,44,VILLAGRAN,2909,B,18,143,0,1,17,28,175,382,0,11,393,605
11,GUANAJUATO,13,CORTAZAR,44,VILLAGRAN,2909,C01,19,137,0,3,11,24,185,379,0,22,401,604
11,GUANAJUATO,13,CORTAZAR,44,VILLAGRAN,2910,B,19,176,0,3,19,24,200,441,0,17,458,658
11,GUANAJUATO,13,CORTAZAR,44,VILLAGRAN,2910,C01,42,177,0,0,11,15,175,420,0,22,442,657
11,GUANAJUATO,13,CORTAZAR,44,VILLAGRAN,2911,B,28,143,0,4,15,26,173,389,0,6,395,600
11,GUANAJUATO,13,CORTAZAR,44,VILLAGRAN,2911,C01,15,168,0,0,16,27,160,386,0,11,397,599
11,GUANAJUATO,13,CORTAZAR,44,VILLAGRAN,2911,C02,25,153,0,2,13,31,159,383,0,16,399,599
11,GUANAJUATO,13,CORTAZAR,44,VILLAGRAN,2911,C03,21,160,0,0,10,21,161,373,0,13,386,599
11,GUANAJUATO,13,CORTAZAR,44,VILLAGRAN,2912,B,12,186,0,2,13,6,142,361,0,4,365,539
11,GUANAJUATO,13,CORTAZAR,44,VILLAGRAN,2912,C01,29,133,0,3,12,15,167,359,0,13,372,538
11,GUANAJUATO,13,CORTAZAR,44,VILLAGRAN,2913,B,37,134,0,3,9,34,172,389,0,10,399,578
11,GUANAJUATO,13,CORTAZAR,44,VILLAGRAN,2913,C01,25,134,0,5,19,37,158,378,0,17,395,578
11,GUANAJUATO,13,CORTAZAR,44,VILLAGRAN,2914,B,15,161,0,1,16,32,154,379,0,9,388,645
11,GUANAJUATO,13,CORTAZAR,44,VILLAGRAN,2914,C01,29,133,0,1,12,28,213,416,0,0,416,644
11,GUANAJUATO,13,CORTAZAR,44,VILLAGRAN,2914,C02,13,161,0,1,5,27,187,394,0,13,407,644
11,GUANAJUATO,13,CORTAZAR,44,VILLAGRAN,2915,B,31,149,0,7,16,13,134,350,0,7,357,451
11,GUANAJUATO,13,CORTAZAR,44,VILLAGRAN,2915,C01,19,141,0,1,11,28,128,328,0,14,342,451
11,GUANAJUATO,13,CORTAZAR,44,VILLAGRAN,2916,B,32,127,0,1,11,24,124,319,0,7,326,417
11,GUANAJUATO,13,CORTAZAR,44,VILLAGRAN,2916,C01,40,120,0,1,18,18,103,300,0,8,308,417
11,GUANAJUATO,13,CORTAZAR,44,VILLAGRAN,2917,B,36,236,0,1,16,16,152,457,1,16,474,703
11,GUANAJUATO,13,CORTAZAR,44,VILLAGRAN,2918,B,44,143,0,1,15,18,140,361,0,12,373,619
11,GUANAJUATO,13,CORTAZAR,44,VILLAGRAN,2918,C01,33,155,0,0,15,37,160,400,0,16,416,618
11,GUANAJUATO,13,CORTAZAR,44,VILLAGRAN,2918,C02,46,117,0,1,13,19,150,346,0,14,360,618
11,GUANAJUATO,13,CORTAZAR,44,VILLAGRAN,2919,B,30,119,0,1,11,21,88,270,0,12,282,419
11,GUANAJUATO,13,CORTAZAR,44,VILLAGRAN,2919,C01,40,121,0,4,15,13,103,296,0,12,308,418
11,GUANAJUATO,13,CORTAZAR,44,VILLAGRAN,2919,S01,10,61,0,2,8,14,70,165,0,8,173,0
11,GUANAJUATO,13,CORTAZAR,44,VILLAGRAN,2920,B,28,126,0,4,12,10,114,294,0,12,306,514
11,GUANAJUATO,13,CORTAZAR,44,VILLAGRAN,2920,C01,20,130,0,5,4,12,96,267,0,10,277,514
11,GUANAJUATO,13,CORTAZAR,44,VILLAGRAN,2921,B,4,232,0,10,5,7,134,392,0,14,406,671
11,GUANAJUATO,13,CORTAZAR,44,VILLAGRAN,2921,C01,9,208,0,6,2,7,148,380,0,12,392,671
11,GUANAJUATO,13,CORTAZAR,44,VILLAGRAN,2921,C02,7,181,0,5,4,8,165,370,0,22,392,671
11,GUANAJUATO,13,CORTAZAR,44,VILLAGRAN,2922,B,18,131,0,9,9,13,113,293,0,10,303,507
11,GUANAJUATO,13,CORTAZAR,44,VILLAGRAN,2922,C01,18,163,0,3,5,10,92,291,0,10,301,506
11,GUANAJUATO,13,CORTAZAR,44,VILLAGRAN,2922,C02,10,107,0,6,8,19,143,293,0,13,306,506
11,GUANAJUATO,13,CORTAZAR,44,VILLAGRAN,2923,B,30,149,0,16,2,16,100,313,0,11,324,598
11,GUANAJUATO,13,CORTAZAR,44,VILLAGRAN,2923,C01,26,151,0,8,8,22,119,334,0,14,348,598
11,GUANAJUATO,13,CORTAZAR,44,VILLAGRAN,2923,C02,30,167,0,4,8,20,101,330,0,17,347,598
11,GUANAJUATO,13,CORTAZAR,44,VILLAGRAN,2924,B,14,196,0,8,4,3,86,311,0,8,319,506
11,GUANAJUATO,13,CORTAZAR,44,VILLAGRAN,2924,C01,16,185,0,8,6,13,100,328,0,18,346,506
11,GUANAJUATO,13,CORTAZAR,44,VILLAGRAN,2924,C02,12,191,0,4,8,10,91,316,0,13,329,505
11,GUANAJUATO,13,CORTAZAR,44,VILLAGRAN,2925,B,20,128,0,2,12,25,150,337,0,5,342,638
11,GUANAJUATO,13,CORTAZAR,44,VILLAGRAN,2925,C01,17,151,0,2,11,20,133,334,0,9,343,637
11,GUANAJUATO,13,CORTAZAR,44,VILLAGRAN,2925,C02,17,151,0,2,11,20,133,334,0,9,343,637
11,GUANAJUATO,13,CORTAZAR,44,VILLAGRAN,2925,C03,18,155,0,0,12,18,187,390,0,8,398,637
11,GUANAJUATO,13,CORTAZAR,44,VILLAGRAN,2926,B,35,56,0,7,4,9,162,273,0,18,291,723
11,GUANAJUATO,13,CORTAZAR,44,VILLAGRAN,2926,C01,41,76,0,8,3,16,187,331,0,12,343,723
11,GUANAJUATO,13,CORTAZAR,44,VILLAGRAN,2926,C02,40,56,0,9,5,18,179,307,0,18,325,722
11,GUANAJUATO,13,CORTAZAR,44,VILLAGRAN,2926,C03,29,62,0,3,5,15,161,275,0,7,282,722
11,GUANAJUATO,13,CORTAZAR,44,VILLAGRAN,2927,B,67,150,0,8,9,23,174,431,0,21,452,705
11,GUANAJUATO,13,CORTAZAR,44,VILLAGRAN,2927,C01,78,106,0,4,7,20,191,406,1,17,424,705
11,GUANAJUATO,13,CORTAZAR,44,VILLAGRAN,2927,C02,60,137,0,3,2,26,204,432,0,27,459,704
11,GUANAJUATO,13,CORTAZAR,44,VILLAGRAN,2928,B,67,101,0,1,3,14,142,328,0,21,349,548
11,GUANAJUATO,13,CORTAZAR,44,VILLAGRAN,2928,C01,33,78,0,4,2,6,205,328,0,18,346,548
11,GUANAJUATO,13,CORTAZAR,44,VILLAGRAN,2929,B,49,116,0,5,5,24,159,358,0,22,380,613
11,GUANAJUATO,13,CORTAZAR,44,VILLAGRAN,2929,C01,49,121,0,5,7,12,153,347,0,19,366,613
11,GUANAJUATO,13,CORTAZAR,44,VILLAGRAN,2929,C02,47,130,0,103,11,23,154,468,0,24,492,613
11,GUANAJUATO,13,CORTAZAR,44,VILLAGRAN,2929,C03,52,104,0,2,6,21,175,360,0,14,374,613
11,GUANAJUATO,13,CORTAZAR,44,VILLAGRAN,2929,C04,72,119,0,3,4,29,137,364,0,11,375,612
11,GUANAJUATO,13,CORTAZAR,44,VILLAGRAN,2930,B,70,125,0,0,0,21,157,373,0,14,387,596
11,GUANAJUATO,13,CORTAZAR,44,VILLAGRAN,2930,C01,80,80,0,2,5,21,161,349,0,20,369,596
11,GUANAJUATO,13,CORTAZAR,44,VILLAGRAN,2931,B,70,125,0,0,0,21,157,373,0,14,387,502
11,GUANAJUATO,13,CORTAZAR,44,VILLAGRAN,2931,C01,49,96,0,5,7,15,106,278,0,10,288,501
11,GUANAJUATO,13,CORTAZAR,44,VILLAGRAN,2932,B,85,135,0,2,0,16,128,366,0,12,378,717
11,GUANAJUATO,13,CORTAZAR,44,VILLAGRAN,2932,C01,84,107,0,2,7,21,174,395,0,18,413,716
11,GUANAJUATO,13,CORTAZAR,44,VILLAGRAN,2933,B,30,84,0,4,4,8,189,319,0,13,332,578
11,GUANAJUATO,13,CORTAZAR,44,VILLAGRAN,2933,C01,13,125,0,7,4,14,152,315,0,9,324,577
11,GUANAJUATO,13,CORTAZAR,44,VILLAGRAN,3202,B,24,106,0,1,13,34,134,312,0,7,319,569
11,GUANAJUATO,13,CORTAZAR,44,VILLAGRAN,3202,C01,22,98,0,3,9,21,122,275,0,6,281,568
11,GUANAJUATO,13,CORTAZAR,44,VILLAGRAN,3202,C02,29,115,0,1,9,35,129,318,0,4,322,568
11,GUANAJUATO,13,CORTAZAR,44,VILLAGRAN,3203,B,28,140,0,4,10,30,124,336,0,10,346,613
11,GUANAJUATO,13,CORTAZAR,44,VILLAGRAN,3203,C01,28,129,0,5,18,24,179,383,0,12,395,613
11,GUANAJUATO,2,SAN LUIS DE LA PAZ,45,XICHU,0,VA43,0,0,0,1,0,0,1,2,0,0,2,2
11,GUANAJUATO,2,SAN LUIS DE LA PAZ,45,XICHU,2934,B,57,1,139,1,2,0,81,281,0,13,294,448
11,GUANAJUATO,2,SAN LUIS DE LA PAZ,45,XICHU,2935,B,70,1,270,4,3,0,117,465,0,28,493,713
11,GUANAJUATO,2,SAN LUIS DE LA PAZ,45,XICHU,2935,C01,88,4,254,2,7,0,120,475,0,16,491,713
11,GUANAJUATO,2,SAN LUIS DE LA PAZ,45,XICHU,2935,E01,32,0,126,3,8,0,64,233,0,15,248,353
11,GUANAJUATO,2,SAN LUIS DE LA PAZ,45,XICHU,2936,B,59,0,105,1,2,0,51,218,0,12,230,335
11,GUANAJUATO,2,SAN LUIS DE LA PAZ,45,XICHU,2937,B,9,1,48,1,1,0,24,84,0,3,87,145
11,GUANAJUATO,2,SAN LUIS DE LA PAZ,45,XICHU,2937,E01,29,1,111,1,5,0,20,167,0,8,175,302
11,GUANAJUATO,2,SAN LUIS DE LA PAZ,45,XICHU,2938,B,30,0,30,0,5,0,111,176,0,14,190,308
11,GUANAJUATO,2,SAN LUIS DE LA PAZ,45,XICHU,2938,E01,6,2,49,0,0,0,14,71,0,0,71,103
11,GUANAJUATO,2,SAN LUIS DE LA PAZ,45,XICHU,2939,B,67,1,132,1,2,0,30,233,0,12,245,350
11,GUANAJUATO,2,SAN LUIS DE LA PAZ,45,XICHU,2940,B,65,0,279,4,1,0,120,469,0,10,479,699
11,GUANAJUATO,2,SAN LUIS DE LA PAZ,45,XICHU,2940,E01,73,3,149,2,2,0,53,282,0,14,296,429
11,GUANAJUATO,2,SAN LUIS DE LA PAZ,45,XICHU,2941,B,18,1,107,2,4,0,56,188,0,10,198,308
11,GUANAJUATO,2,SAN LUIS DE LA PAZ,45,XICHU,2941,E01,21,0,24,1,2,0,8,56,0,0,56,90
11,GUANAJUATO,2,SAN LUIS DE LA PAZ,45,XICHU,2942,B,27,1,147,7,2,0,50,234,0,9,243,356
11,GUANAJUATO,2,SAN LUIS DE LA PAZ,45,XICHU,2942,E01,48,2,186,3,7,0,68,314,0,9,323,585
11,GUANAJUATO,2,SAN LUIS DE LA PAZ,45,XICHU,2943,B,52,3,122,4,5,0,69,255,0,14,269,384
11,GUANAJUATO,2,SAN LUIS DE LA PAZ,45,XICHU,2943,E01,56,3,74,4,4,0,100,241,0,10,251,412
11,GUANAJUATO,2,SAN LUIS DE LA PAZ,45,XICHU,2944,B,49,3,181,5,7,0,187,432,0,19,451,737
11,GUANAJUATO,2,SAN LUIS DE LA PAZ,45,XICHU,2945,B,45,8,43,6,20,0,88,210,0,11,221,295
11,GUANAJUATO,2,SAN LUIS DE LA PAZ,45,XICHU,2945,E01,28,1,26,2,5,0,33,95,0,6,101,145
11,GUANAJUATO,2,SAN LUIS DE LA PAZ,45,XICHU,2946,B,49,2,112,4,4,0,96,267,0,17,284,434
11,GUANAJUATO,2,SAN LUIS DE LA PAZ,45,XICHU,2948,B,61,1,87,5,3,0,79,236,0,11,247,369
11,GUANAJUATO,20,YURIRIA,46,YURIRIA,0,VA44,0,0,0,1,0,0,1,2,0,1,3,3
11,GUANAJUATO,20,YURIRIA,46,YURIRIA,2949,B,113,7,1,121,13,70,29,355,0,15,370,587
11,GUANAJUATO,20,YURIRIA,46,YURIRIA,2949,C01,109,7,3,133,9,45,23,332,0,11,343,587
11,GUANAJUATO,20,YURIRIA,46,YURIRIA,2949,C02,104,1,2,141,2,45,21,320,0,13,333,586
11,GUANAJUATO,20,YURIRIA,46,YURIRIA,2949,C03,108,7,2,133,6,35,29,321,0,14,335,586
11,GUANAJUATO,20,YURIRIA,46,YURIRIA,2950,B,118,9,2,84,6,25,30,275,0,4,279,478
11,GUANAJUATO,20,YURIRIA,46,YURIRIA,2950,C01,108,14,1,123,1,15,36,302,0,11,313,478
11,GUANAJUATO,20,YURIRIA,46,YURIRIA,2951,B,113,7,1,128,2,27,25,307,0,4,311,484
11,GUANAJUATO,20,YURIRIA,46,YURIRIA,2951,C01,125,14,3,109,2,23,25,306,0,7,313,484
11,GUANAJUATO,20,YURIRIA,46,YURIRIA,2952,B,89,13,5,121,4,42,31,309,0,7,316,549
11,GUANAJUATO,20,YURIRIA,46,YURIRIA,2952,C01,105,12,3,114,4,38,36,314,1,9,324,549
11,GUANAJUATO,20,YURIRIA,46,YURIRIA,2953,B,113,10,2,166,3,38,43,378,0,25,403,727
11,GUANAJUATO,20,YURIRIA,46,YURIRIA,2954,B,116,15,3,120,5,30,41,333,0,9,342,525
11,GUANAJUATO,20,YURIRIA,46,YURIRIA,2954,C01,121,12,5,100,2,43,26,316,0,11,327,525
11,GUANAJUATO,20,YURIRIA,46,YURIRIA,2955,B,102,9,12,104,10,47,30,317,0,12,329,538
11,GUANAJUATO,20,YURIRIA,46,YURIRIA,2955,C01,121,10,17,102,3,33,26,315,0,11,326,537
11,GUANAJUATO,20,YURIRIA,46,YURIRIA,2956,B,135,10,7,129,7,48,46,384,0,13,397,688
11,GUANAJUATO,20,YURIRIA,46,YURIRIA,2956,C01,124,8,16,95,8,72,37,366,0,21,387,688
11,GUANAJUATO,20,YURIRIA,46,YURIRIA,2957,B,161,19,7,136,4,67,37,434,0,12,446,696
11,GUANAJUATO,20,YURIRIA,46,YURIRIA,2958,B,122,8,2,137,2,42,45,363,0,16,379,669
11,GUANAJUATO,20,YURIRIA,46,YURIRIA,2958,C01,96,15,0,133,6,62,52,366,0,22,388,669
11,GUANAJUATO,20,YURIRIA,46,YURIRIA,2959,B,102,6,5,137,5,67,40,364,0,18,382,653
11,GUANAJUATO,20,YURIRIA,46,YURIRIA,2959,C01,110,9,8,117,4,73,41,365,0,15,380,653
11,GUANAJUATO,20,YURIRIA,46,YURIRIA,2959,C02,115,11,3,146,4,46,31,363,0,20,383,653
11,GUANAJUATO,20,YURIRIA,46,YURIRIA,2959,C03,93,9,5,147,3,58,30,345,0,14,359,653
11,GUANAJUATO,20,YURIRIA,46,YURIRIA,2959,C04,102,1,5,127,3,62,31,334,0,12,346,653
11,GUANAJUATO,20,YURIRIA,46,YURIRIA,2959,C05,138,4,6,136,7,57,25,376,0,14,390,653
11,GUANAJUATO,20,YURIRIA,46,YURIRIA,2959,C06,105,9,4,126,3,61,29,339,0,12,351,652
11,GUANAJUATO,20,YURIRIA,46,YURIRIA,2960,B,74,8,5,122,4,43,33,290,0,12,302,585
11,GUANAJUATO,20,YURIRIA,46,YURIRIA,2960,C01,82,8,2,125,5,50,17,292,0,14,306,585
11,GUANAJUATO,20,YURIRIA,46,YURIRIA,2960,C02,68,10,4,139,6,51,33,313,0,12,325,584
11,GUANAJUATO,20,YURIRIA,46,YURIRIA,2961,B,82,9,1,122,2,35,50,303,0,17,320,503
11,GUANAJUATO,20,YURIRIA,46,YURIRIA,2961,C01,97,10,7,87,5,32,50,292,0,7,299,503
11,GUANAJUATO,20,YURIRIA,46,YURIRIA,2962,B,120,10,2,99,4,44,27,309,1,11,321,585
11,GUANAJUATO,20,YURIRIA,46,YURIRIA,2962,C01,95,24,3,103,1,59,25,314,0,12,326,585
11,GUANAJUATO,20,YURIRIA,46,YURIRIA,2962,C02,89,8,10,122,5,63,37,334,0,8,342,585
11,GUANAJUATO,20,YURIRIA,46,YURIRIA,2962,C03,89,16,3,119,1,58,45,334,0,18,352,585
11,GUANAJUATO,20,YURIRIA,46,YURIRIA,2963,B,153,13,7,135,3,70,35,420,0,18,438,738
11,GUANAJUATO,20,YURIRIA,46,YURIRIA,2963,C01,170,21,9,159,6,50,23,443,0,14,457,738
11,GUANAJUATO,20,YURIRIA,46,YURIRIA,2964,B,99,3,0,90,2,2,62,261,0,16,277,510
11,GUANAJUATO,20,YURIRIA,46,YURIRIA,2964,C01,106,3,1,91,5,5,66,277,0,12,289,509
11,GUANAJUATO,20,YURIRIA,46,YURIRIA,2964,C02,94,1,2,83,3,8,66,259,0,8,267,509
11,GUANAJUATO,20,YURIRIA,46,YURIRIA,2965,B,78,1,2,232,6,4,81,405,0,20,425,736
11,GUANAJUATO,20,YURIRIA,46,YURIRIA,2965,C01,82,2,3,253,6,3,73,423,0,22,445,736
11,GUANAJUATO,20,YURIRIA,46,YURIRIA,2966,B,88,6,1,88,1,13,28,228,0,12,240,564
11,GUANAJUATO,20,YURIRIA,46,YURIRIA,2966,C01,88,9,2,100,6,7,23,241,0,9,250,563
11,GUANAJUATO,20,YURIRIA,46,YURIRIA,2967,B,45,6,1,60,2,4,9,130,0,8,138,410
11,GUANAJUATO,20,YURIRIA,46,YURIRIA,2967,C01,60,7,1,63,3,5,9,151,0,11,162,409
11,GUANAJUATO,20,YURIRIA,46,YURIRIA,2968,B,43,11,1,39,3,3,18,118,0,9,127,387
11,GUANAJUATO,20,YURIRIA,46,YURIRIA,2968,C01,25,1,1,40,3,10,28,109,0,6,115,387
11,GUANAJUATO,20,YURIRIA,46,YURIRIA,2969,B,62,2,0,88,2,6,27,191,0,33,224,676
11,GUANAJUATO,20,YURIRIA,46,YURIRIA,2969,C01,62,16,0,70,1,8,20,179,0,22,201,676
11,GUANAJUATO,20,YURIRIA,46,YURIRIA,2970,B,57,5,0,209,0,8,13,292,0,20,312,724
11,GUANAJUATO,20,YURIRIA,46,YURIRIA,2971,B,31,14,1,114,0,9,23,192,0,9,201,428
11,GUANAJUATO,20,YURIRIA,46,YURIRIA,2971,C01,49,1,0,102,1,15,20,191,0,16,207,428
11,GUANAJUATO,20,YURIRIA,46,YURIRIA,2972,B,37,25,0,52,1,9,7,134,0,5,139,491
11,GUANAJUATO,20,YURIRIA,46,YURIRIA,2972,C01,60,12,1,79,1,2,3,161,0,9,170,490
11,GUANAJUATO,20,YURIRIA,46,YURIRIA,2973,B,37,0,2,57,1,9,32,140,0,7,147,385
11,GUANAJUATO,20,YURIRIA,46,YURIRIA,2973,C01,33,2,0,99,2,7,17,160,0,17,177,384
11,GUANAJUATO,20,YURIRIA,46,YURIRIA,2974,B,51,7,1,93,5,11,18,187,0,8,195,400
11,GUANAJUATO,20,YURIRIA,46,YURIRIA,2974,C01,75,8,1,80,4,4,26,199,0,3,202,399
11,GUANAJUATO,20,YURIRIA,46,YURIRIA,2975,B,92,15,2,128,27,10,30,312,0,24,336,660
11,GUANAJUATO,20,YURIRIA,46,YURIRIA,2975,C01,114,11,10,100,49,7,44,339,0,37,376,659
11,GUANAJUATO,20,YURIRIA,46,YURIRIA,2976,B,66,1,1,57,3,25,47,202,0,12,214,503
11,GUANAJUATO,20,YURIRIA,46,YURIRIA,2977,B,89,7,0,79,1,35,65,282,0,19,301,601
11,GUANAJUATO,20,YURIRIA,46,YURIRIA,2978,B,67,5,2,105,2,20,66,268,0,18,286,578
11,GUANAJUATO,20,YURIRIA,46,YURIRIA,2979,B,90,8,1,101,6,30,61,299,0,17,316,705
11,GUANAJUATO,20,YURIRIA,46,YURIRIA,2980,B,93,6,0,43,5,14,40,205,0,8,213,497
11,GUANAJUATO,20,YURIRIA,46,YURIRIA,2980,C01,110,4,0,44,2,10,44,216,0,7,223,497
11,GUANAJUATO,20,YURIRIA,46,YURIRIA,2981,B,45,10,2,83,5,19,14,181,0,14,195,419
11,GUANAJUATO,20,YURIRIA,46,YURIRIA,2981,C01,51,11,1,74,9,14,17,178,0,14,192,418
11,GUANAJUATO,20,YURIRIA,46,YURIRIA,2982,B,56,7,1,90,3,13,17,191,0,14,205,587
11,GUANAJUATO,20,YURIRIA,46,YURIRIA,2983,B,108,9,2,122,8,5,32,290,0,21,311,671
11,GUANAJUATO,20,YURIRIA,46,YURIRIA,2983,C01,92,7,2,114,16,12,23,273,0,20,293,671
11,GUANAJUATO,20,YURIRIA,46,YURIRIA,2984,B,70,14,1,121,5,42,19,279,0,21,300,578
11,GUANAJUATO,20,YURIRIA,46,YURIRIA,2984,C01,93,24,1,128,2,28,16,294,0,14,308,577
11,GUANAJUATO,20,YURIRIA,46,YURIRIA,2984,C02,89,2,1,167,2,18,14,296,0,15,311,577
11,GUANAJUATO,20,YURIRIA,46,YURIRIA,2984,C03,103,20,3,116,2,25,24,296,0,16,312,577
11,GUANAJUATO,20,YURIRIA,46,YURIRIA,2985,B,49,17,1,84,2,9,18,183,0,25,208,577
11,GUANAJUATO,20,YURIRIA,46,YURIRIA,2986,B,90,16,3,71,3,9,36,231,0,28,259,629
11,GUANAJUATO,20,YURIRIA,46,YURIRIA,2986,C01,110,5,2,26,8,14,46,215,0,21,236,629
11,GUANAJUATO,20,YURIRIA,46,YURIRIA,2987,B,42,5,1,50,3,11,40,152,0,13,165,492
11,GUANAJUATO,20,YURIRIA,46,YURIRIA,2987,C01,38,7,1,72,5,13,35,173,0,13,186,491
11,GUANAJUATO,20,YURIRIA,46,YURIRIA,2988,B,92,14,0,43,2,14,20,185,0,10,195,481
11,GUANAJUATO,20,YURIRIA,46,YURIRIA,2989,B,48,0,0,14,3,10,34,109,0,3,112,253
11,GUANAJUATO,20,YURIRIA,46,YURIRIA,2990,B,30,17,1,62,3,17,20,152,0,16,168,485
11,GUANAJUATO,20,YURIRIA,46,YURIRIA,2990,C01,27,7,3,97,1,17,26,181,0,10,191,484
11,GUANAJUATO,20,YURIRIA,46,YURIRIA,2991,B,48,7,0,58,1,3,18,136,0,21,157,476
11,GUANAJUATO,20,YURIRIA,46,YURIRIA,2991,C01,45,2,2,78,4,6,22,159,0,10,169,475
11,GUANAJUATO,20,YURIRIA,46,YURIRIA,2992,B,102,4,0,80,6,9,33,239,0,17,256,667
11,GUANAJUATO,20,YURIRIA,46,YURIRIA,2992,C01,135,5,1,64,4,9,31,252,0,13,265,666
11,GUANAJUATO,20,YURIRIA,46,YURIRIA,2993,B,22,24,2,86,2,18,13,167,0,26,193,569
11,GUANAJUATO,20,YURIRIA,46,YURIRIA,2993,C01,26,25,1,94,1,18,34,200,0,13,213,569
11,GUANAJUATO,20,YURIRIA,46,YURIRIA,2993,C02,22,17,0,88,2,26,31,188,0,16,204,568
11,GUANAJUATO,20,YURIRIA,46,YURIRIA,2994,B,30,23,2,53,3,25,45,183,0,19,202,503
11,GUANAJUATO,20,YURIRIA,46,YURIRIA,2994,C01,31,17,1,67,0,25,31,174,0,11,185,502
11,GUANAJUATO,20,YURIRIA,46,YURIRIA,2994,C02,41,28,1,50,1,32,30,183,0,11,194,502
11,GUANAJUATO,20,YURIRIA,46,YURIRIA,2995,B,131,9,0,75,4,7,23,252,0,12,264,716
11,GUANAJUATO,20,YURIRIA,46,YURIRIA,2996,B,104,24,1,34,3,26,16,208,0,11,219,518
11,GUANAJUATO,20,YURIRIA,46,YURIRIA,2996,C01,99,21,1,35,3,18,17,196,0,9,205,517
11,GUANAJUATO,20,YURIRIA,46,YURIRIA,2997,B,53,12,1,76,7,34,17,204,0,9,213,544
11,GUANAJUATO,20,YURIRIA,46,YURIRIA,2997,C01,40,13,0,82,0,19,26,180,0,14,194,544
11,GUANAJUATO,20,YURIRIA,46,YURIRIA,2997,C02,56,12,4,93,2,21,33,224,0,14,238,544
11,GUANAJUATO,20,YURIRIA,46,YURIRIA,2998,B,68,27,1,74,2,13,50,237,0,23,260,518
11,GUANAJUATO,20,YURIRIA,46,YURIRIA,2998,C01,75,18,1,89,5,9,37,237,0,18,255,517
11,GUANAJUATO,20,YURIRIA,46,YURIRIA,2998,C02,78,12,1,79,3,12,39,225,0,19,244,517
11,GUANAJUATO,20,YURIRIA,46,YURIRIA,2999,B,88,38,3,104,4,21,42,303,0,11,314,663
11,GUANAJUATO,20,YURIRIA,46,YURIRIA,2999,C01,93,27,1,89,8,16,54,290,0,17,307,663
11,GUANAJUATO,20,YURIRIA,46,YURIRIA,3000,B,68,41,0,77,3,13,31,234,0,13,247,553
11,GUANAJUATO,20,YURIRIA,46,YURIRIA,3000,C01,72,33,1,73,5,14,51,252,0,4,256,553
11,GUANAJUATO,20,YURIRIA,46,YURIRIA,3000,C02,51,22,1,56,2,16,38,189,0,22,211,553
11,GUANAJUATO,20,YURIRIA,46,YURIRIA,3001,B,42,29,1,84,1,15,41,216,0,21,237,554
11,GUANAJUATO,20,YURIRIA,46,YURIRIA,3001,C01,59,28,0,89,0,15,31,223,0,18,241,554
11,GUANAJUATO,20,YURIRIA,46,YURIRIA,3001,C02,79,27,2,80,1,16,38,245,0,17,262,553
11,GUANAJUATO,20,YURIRIA,46,YURIRIA,3002,B,50,14,0,43,5,33,23,169,0,14,183,473
11,GUANAJUATO,20,YURIRIA,46,YURIRIA,3002,C01,64,20,0,46,3,35,20,192,0,2,194,473
11,GUANAJUATO,20,YURIRIA,46,YURIRIA,3003,B,40,6,1,65,7,9,23,151,0,8,159,411
11,GUANAJUATO,20,YURIRIA,46,YURIRIA,3003,C01,34,1,0,69,4,9,17,135,0,10,145,411
11,GUANAJUATO,20,YURIRIA,46,YURIRIA,3004,B,59,29,1,16,9,4,29,149,0,12,161,402
11,GUANAJUATO,20,YURIRIA,46,YURIRIA,3004,C01,76,29,1,16,4,8,31,165,0,10,175,401
11,GUANAJUATO,20,YURIRIA,46,YURIRIA,3005,B,56,8,1,66,1,43,13,189,0,18,207,441
11,GUANAJUATO,20,YURIRIA,46,YURIRIA,3005,C01,51,9,0,61,5,35,17,179,0,14,193,440
