ID_ESTADO,NOMBRE_ESTADO,ID_DISTRITO_LOCAL,CABECERA_DISTRITAL_LOCAL,ID_MUNICIPIO,MUNICIPIO,SECCION,TIPO_DE_CASILLA,PAN,PRI,PRD,PVEM,PT,MC,MORENA,PES,RSP,FXM,NUM_VOTOS_VALIDOS,NUM_VOTOS_NULOS,TOTAL_VOTOS,LISTA_NOMINAL,,,,,,,,,,,,,,,,,,,,,
11,GUANAJUATO,1,DOLORES HIDALGO,14,DOLORES HIDALGO CUNA DE LA INDEPENDENCIA NACIONAL,752,B,104,31,1,7,3,1,21,14,1,30,317,6,323,696,,,,,,,,,,,,,,,,,,,,,
11,GUANAJUATO,1,DOLORES HIDALGO,14,DOLORES HIDALGO CUNA DE LA INDEPENDENCIA NACIONAL,752,C01,119,25,0,2,1,1,11,2,4,26,292,15,307,696,,,,,,,,,,,,,,,,,,,,,
11,GUANAJUATO,1,DOLORES HIDALGO,14,DOLORES HIDALGO CUNA DE LA INDEPENDENCIA NACIONAL,752,C02,87,43,0,10,2,2,12,6,5,26,280,8,288,696,,,,,,,,,,,,,,,,,,,,,
11,GUANAJUATO,1,DOLORES HIDALGO,14,DOLORES HIDALGO CUNA DE LA INDEPENDENCIA NACIONAL,752,C03,125,38,0,10,1,1,13,5,0,18,310,16,326,695,,,,,,,,,,,,,,,,,,,,,
11,GUANAJUATO,1,DOLORES HIDALGO,14,DOLORES HIDALGO CUNA DE LA INDEPENDENCIA NACIONAL,753,B,125,34,3,9,7,6,17,9,3,20,321,11,332,702,,,,,,,,,,,,,,,,,,,,,
11,GUANAJUATO,1,DOLORES HIDALGO,14,DOLORES HIDALGO CUNA DE LA INDEPENDENCIA NACIONAL,753,C01,112,39,0,15,5,4,25,6,10,17,327,12,339,702,,,,,,,,,,,,,,,,,,,,,
11,GUANAJUATO,1,DOLORES HIDALGO,14,DOLORES HIDALGO CUNA DE LA INDEPENDENCIA NACIONAL,753,C02,108,39,1,13,2,4,29,6,6,32,325,16,341,702,,,,,,,,,,,,,,,,,,,,,
11,GUANAJUATO,1,DOLORES HIDALGO,14,DOLORES HIDALGO CUNA DE LA INDEPENDENCIA NACIONAL,753,C03,103,40,0,16,1,3,13,8,7,17,293,12,305,701,,,,,,,,,,,,,,,,,,,,,
11,GUANAJUATO,1,DOLORES HIDALGO,14,DOLORES HIDALGO CUNA DE LA INDEPENDENCIA NACIONAL,753,C04,111,39,2,12,2,3,27,3,6,18,304,11,316,701,,,,,,,,,,,,,,,,,,,,,
11,GUANAJUATO,1,DOLORES HIDALGO,14,DOLORES HIDALGO CUNA DE LA INDEPENDENCIA NACIONAL,754,B,131,55,1,15,6,0,17,6,7,30,349,10,359,742,,,,,,,,,,,,,,,,,,,,,
11,GUANAJUATO,1,DOLORES HIDALGO,14,DOLORES HIDALGO CUNA DE LA INDEPENDENCIA NACIONAL,754,C01,118,74,0,12,6,3,27,8,4,31,373,5,378,741,,,,,,,,,,,,,,,,,,,,,
11,GUANAJUATO,1,DOLORES HIDALGO,14,DOLORES HIDALGO CUNA DE LA INDEPENDENCIA NACIONAL,754,S01,52,61,0,2,6,9,10,0,2,22,214,8,222,0,,,,,,,,,,,,,,,,,,,,,
11,GUANAJUATO,1,DOLORES HIDALGO,14,DOLORES HIDALGO CUNA DE LA INDEPENDENCIA NACIONAL,755,B,115,33,0,14,2,2,18,10,6,20,334,15,349,744,,,,,,,,,,,,,,,,,,,,,
11,GUANAJUATO,1,DOLORES HIDALGO,14,DOLORES HIDALGO CUNA DE LA INDEPENDENCIA NACIONAL,755,C01,130,44,1,4,1,4,18,9,12,22,355,7,362,744,,,,,,,,,,,,,,,,,,,,,
11,GUANAJUATO,1,DOLORES HIDALGO,14,DOLORES HIDALGO CUNA DE LA INDEPENDENCIA NACIONAL,755,C02,89,40,2,2,2,2,22,3,5,16,286,11,297,744,,,,,,,,,,,,,,,,,,,,,
11,GUANAJUATO,1,DOLORES HIDALGO,14,DOLORES HIDALGO CUNA DE LA INDEPENDENCIA NACIONAL,755,C03,119,25,0,10,1,3,13,9,5,21,331,11,342,744,,,,,,,,,,,,,,,,,,,,,
11,GUANAJUATO,1,DOLORES HIDALGO,14,DOLORES HIDALGO CUNA DE LA INDEPENDENCIA NACIONAL,756,B,129,29,2,11,3,6,22,6,5,13,301,8,309,630,,,,,,,,,,,,,,,,,,,,,
11,GUANAJUATO,1,DOLORES HIDALGO,14,DOLORES HIDALGO CUNA DE LA INDEPENDENCIA NACIONAL,756,C01,144,39,1,20,6,1,13,6,4,13,323,5,328,630,,,,,,,,,,,,,,,,,,,,,
11,GUANAJUATO,1,DOLORES HIDALGO,14,DOLORES HIDALGO CUNA DE LA INDEPENDENCIA NACIONAL,756,C02,117,37,0,14,7,11,12,3,6,13,283,14,297,630,,,,,,,,,,,,,,,,,,,,,
11,GUANAJUATO,1,DOLORES HIDALGO,14,DOLORES HIDALGO CUNA DE LA INDEPENDENCIA NACIONAL,756,C03,118,35,1,19,5,3,15,6,8,15,295,8,303,629,,,,,,,,,,,,,,,,,,,,,
11,GUANAJUATO,1,DOLORES HIDALGO,14,DOLORES HIDALGO CUNA DE LA INDEPENDENCIA NACIONAL,757,B,96,20,1,10,2,0,16,5,15,15,239,8,247,392,,,,,,,,,,,,,,,,,,,,,
11,GUANAJUATO,1,DOLORES HIDALGO,14,DOLORES HIDALGO CUNA DE LA INDEPENDENCIA NACIONAL,757,C01,93,36,0,4,1,0,18,7,6,14,235,4,240,392,,,,,,,,,,,,,,,,,,,,,
11,GUANAJUATO,1,DOLORES HIDALGO,14,DOLORES HIDALGO CUNA DE LA INDEPENDENCIA NACIONAL,758,B,112,49,0,10,1,5,19,19,7,24,342,17,359,691,,,,,,,,,,,,,,,,,,,,,
11,GUANAJUATO,1,DOLORES HIDALGO,14,DOLORES HIDALGO CUNA DE LA INDEPENDENCIA NACIONAL,758,C01,121,34,2,9,3,4,15,25,2,22,334,15,349,691,,,,,,,,,,,,,,,,,,,,,
11,GUANAJUATO,1,DOLORES HIDALGO,14,DOLORES HIDALGO CUNA DE LA INDEPENDENCIA NACIONAL,759,B,145,45,1,11,1,5,25,7,5,22,357,2,360,665,,,,,,,,,,,,,,,,,,,,,
11,GUANAJUATO,1,DOLORES HIDALGO,14,DOLORES HIDALGO CUNA DE LA INDEPENDENCIA NACIONAL,759,C01,123,46,0,11,7,3,25,7,2,36,355,10,367,665,,,,,,,,,,,,,,,,,,,,,
11,GUANAJUATO,1,DOLORES HIDALGO,14,DOLORES HIDALGO CUNA DE LA INDEPENDENCIA NACIONAL,759,C02,122,43,1,5,3,3,21,20,6,24,320,5,325,665,,,,,,,,,,,,,,,,,,,,,
11,GUANAJUATO,1,DOLORES HIDALGO,14,DOLORES HIDALGO CUNA DE LA INDEPENDENCIA NACIONAL,759,C03,144,42,0,12,2,4,14,10,1,27,355,7,362,664,,,,,,,,,,,,,,,,,,,,,
11,GUANAJUATO,1,DOLORES HIDALGO,14,DOLORES HIDALGO CUNA DE LA INDEPENDENCIA NACIONAL,760,B,125,32,1,5,8,7,23,9,8,22,328,22,351,661,,,,,,,,,,,,,,,,,,,,,
11,GUANAJUATO,1,DOLORES HIDALGO,14,DOLORES HIDALGO CUNA DE LA INDEPENDENCIA NACIONAL,760,C01,135,25,1,9,7,6,22,21,7,25,346,9,355,661,,,,,,,,,,,,,,,,,,,,,
11,GUANAJUATO,1,DOLORES HIDALGO,14,DOLORES HIDALGO CUNA DE LA INDEPENDENCIA NACIONAL,760,C02,122,30,1,17,3,3,19,7,1,27,315,15,330,661,,,,,,,,,,,,,,,,,,,,,
11,GUANAJUATO,1,DOLORES HIDALGO,14,DOLORES HIDALGO CUNA DE LA INDEPENDENCIA NACIONAL,760,C03,130,29,2,6,3,4,31,6,1,15,305,5,310,660,,,,,,,,,,,,,,,,,,,,,
11,GUANAJUATO,1,DOLORES HIDALGO,14,DOLORES HIDALGO CUNA DE LA INDEPENDENCIA NACIONAL,760,C04,107,23,2,6,2,8,26,4,3,27,293,8,302,660,,,,,,,,,,,,,,,,,,,,,
11,GUANAJUATO,1,DOLORES HIDALGO,14,DOLORES HIDALGO CUNA DE LA INDEPENDENCIA NACIONAL,760,C05,134,41,2,8,3,3,25,9,6,25,329,3,332,660,,,,,,,,,,,,,,,,,,,,,
11,GUANAJUATO,1,DOLORES HIDALGO,14,DOLORES HIDALGO CUNA DE LA INDEPENDENCIA NACIONAL,760,C06,148,38,1,6,1,7,32,9,3,24,347,7,354,660,,,,,,,,,,,,,,,,,,,,,
11,GUANAJUATO,1,DOLORES HIDALGO,14,DOLORES HIDALGO CUNA DE LA INDEPENDENCIA NACIONAL,760,C07,147,40,2,13,5,4,16,8,3,16,337,5,342,660,,,,,,,,,,,,,,,,,,,,,
11,GUANAJUATO,1,DOLORES HIDALGO,14,DOLORES HIDALGO CUNA DE LA INDEPENDENCIA NACIONAL,776,B,73,64,2,2,1,1,11,8,3,11,230,6,236,491,,,,,,,,,,,,,,,,,,,,,
11,GUANAJUATO,1,DOLORES HIDALGO,14,DOLORES HIDALGO CUNA DE LA INDEPENDENCIA NACIONAL,776,C01,78,42,0,9,7,1,12,11,4,7,226,11,237,490,,,,,,,,,,,,,,,,,,,,,
11,GUANAJUATO,1,DOLORES HIDALGO,14,DOLORES HIDALGO CUNA DE LA INDEPENDENCIA NACIONAL,777,B,50,41,1,7,5,1,10,6,0,10,227,10,237,568,,,,,,,,,,,,,,,,,,,,,
11,GUANAJUATO,1,DOLORES HIDALGO,14,DOLORES HIDALGO CUNA DE LA INDEPENDENCIA NACIONAL,777,C01,47,36,0,6,2,3,4,2,1,15,218,11,229,567,,,,,,,,,,,,,,,,,,,,,
11,GUANAJUATO,1,DOLORES HIDALGO,14,DOLORES HIDALGO CUNA DE LA INDEPENDENCIA NACIONAL,778,B,55,67,6,28,2,4,32,12,2,42,320,2,322,624,,,,,,,,,,,,,,,,,,,,,
11,GUANAJUATO,1,DOLORES HIDALGO,14,DOLORES HIDALGO CUNA DE LA INDEPENDENCIA NACIONAL,778,C01,63,70,1,20,2,2,10,9,2,18,250,9,259,623,,,,,,,,,,,,,,,,,,,,,
11,GUANAJUATO,1,DOLORES HIDALGO,14,DOLORES HIDALGO CUNA DE LA INDEPENDENCIA NACIONAL,778,C02,83,86,1,9,3,1,6,4,3,12,286,14,300,623,,,,,,,,,,,,,,,,,,,,,
11,GUANAJUATO,1,DOLORES HIDALGO,14,DOLORES HIDALGO CUNA DE LA INDEPENDENCIA NACIONAL,779,B,60,125,3,3,4,1,6,1,3,7,304,13,317,604,,,,,,,,,,,,,,,,,,,,,
11,GUANAJUATO,1,DOLORES HIDALGO,14,DOLORES HIDALGO CUNA DE LA INDEPENDENCIA NACIONAL,779,E01,44,20,3,2,1,3,6,6,2,6,114,6,120,208,,,,,,,,,,,,,,,,,,,,,
11,GUANAJUATO,1,DOLORES HIDALGO,14,DOLORES HIDALGO CUNA DE LA INDEPENDENCIA NACIONAL,780,B,94,63,3,6,5,3,8,1,0,17,263,9,272,658,,,,,,,,,,,,,,,,,,,,,
11,GUANAJUATO,1,DOLORES HIDALGO,14,DOLORES HIDALGO CUNA DE LA INDEPENDENCIA NACIONAL,780,C01,58,67,3,9,2,6,9,4,1,26,241,13,254,658,,,,,,,,,,,,,,,,,,,,,
11,GUANAJUATO,1,DOLORES HIDALGO,14,DOLORES HIDALGO CUNA DE LA INDEPENDENCIA NACIONAL,781,B,97,76,2,5,4,3,5,4,1,4,275,10,285,543,,,,,,,,,,,,,,,,,,,,,
11,GUANAJUATO,1,DOLORES HIDALGO,14,DOLORES HIDALGO CUNA DE LA INDEPENDENCIA NACIONAL,781,C01,67,61,2,7,1,6,5,1,1,12,214,2,216,542,,,,,,,,,,,,,,,,,,,,,
11,GUANAJUATO,1,DOLORES HIDALGO,14,DOLORES HIDALGO CUNA DE LA INDEPENDENCIA NACIONAL,781,C02,76,53,1,7,1,3,6,2,2,13,228,7,235,542,,,,,,,,,,,,,,,,,,,,,
11,GUANAJUATO,1,DOLORES HIDALGO,14,DOLORES HIDALGO CUNA DE LA INDEPENDENCIA NACIONAL,782,B,69,55,8,18,5,11,7,5,0,10,229,6,235,522,,,,,,,,,,,,,,,,,,,,,
11,GUANAJUATO,1,DOLORES HIDALGO,14,DOLORES HIDALGO CUNA DE LA INDEPENDENCIA NACIONAL,782,C01,45,53,1,9,3,4,12,0,1,15,212,13,225,522,,,,,,,,,,,,,,,,,,,,,
11,GUANAJUATO,1,DOLORES HIDALGO,14,DOLORES HIDALGO CUNA DE LA INDEPENDENCIA NACIONAL,783,B,41,55,4,2,2,1,7,2,1,8,161,9,170,400,,,,,,,,,,,,,,,,,,,,,
11,GUANAJUATO,1,DOLORES HIDALGO,14,DOLORES HIDALGO CUNA DE LA INDEPENDENCIA NACIONAL,783,C01,42,72,3,9,4,1,3,3,1,3,190,4,194,399,,,,,,,,,,,,,,,,,,,,,
11,GUANAJUATO,1,DOLORES HIDALGO,14,DOLORES HIDALGO CUNA DE LA INDEPENDENCIA NACIONAL,784,B,68,55,0,5,2,2,16,5,2,7,290,15,305,617,,,,,,,,,,,,,,,,,,,,,
11,GUANAJUATO,1,DOLORES HIDALGO,14,DOLORES HIDALGO CUNA DE LA INDEPENDENCIA NACIONAL,784,C01,72,46,4,3,1,0,10,3,2,11,256,11,267,616,,,,,,,,,,,,,,,,,,,,,
11,GUANAJUATO,1,DOLORES HIDALGO,14,DOLORES HIDALGO CUNA DE LA INDEPENDENCIA NACIONAL,785,B,35,106,1,15,1,1,7,6,1,3,239,7,246,649,,,,,,,,,,,,,,,,,,,,,
11,GUANAJUATO,1,DOLORES HIDALGO,14,DOLORES HIDALGO CUNA DE LA INDEPENDENCIA NACIONAL,785,C01,27,94,1,16,0,2,7,2,3,15,265,5,270,649,,,,,,,,,,,,,,,,,,,,,
11,GUANAJUATO,1,DOLORES HIDALGO,14,DOLORES HIDALGO CUNA DE LA INDEPENDENCIA NACIONAL,786,B,51,57,2,9,2,2,4,5,1,11,189,12,201,517,,,,,,,,,,,,,,,,,,,,,
11,GUANAJUATO,1,DOLORES HIDALGO,14,DOLORES HIDALGO CUNA DE LA INDEPENDENCIA NACIONAL,786,C01,55,58,0,11,2,7,6,0,0,14,187,18,205,516,,,,,,,,,,,,,,,,,,,,,
11,GUANAJUATO,1,DOLORES HIDALGO,14,DOLORES HIDALGO CUNA DE LA INDEPENDENCIA NACIONAL,787,B,77,48,3,20,3,4,10,3,1,27,224,10,234,495,,,,,,,,,,,,,,,,,,,,,
11,GUANAJUATO,1,DOLORES HIDALGO,14,DOLORES HIDALGO CUNA DE LA INDEPENDENCIA NACIONAL,787,C01,59,49,0,11,3,1,5,2,1,24,191,6,197,495,,,,,,,,,,,,,,,,,,,,,
11,GUANAJUATO,1,DOLORES HIDALGO,14,DOLORES HIDALGO CUNA DE LA INDEPENDENCIA NACIONAL,788,B,68,62,0,8,1,0,13,5,1,4,226,8,234,476,,,,,,,,,,,,,,,,,,,,,
11,GUANAJUATO,1,DOLORES HIDALGO,14,DOLORES HIDALGO CUNA DE LA INDEPENDENCIA NACIONAL,788,C01,98,54,0,6,3,3,8,5,0,8,254,0,254,476,,,,,,,,,,,,,,,,,,,,,
11,GUANAJUATO,1,DOLORES HIDALGO,14,DOLORES HIDALGO CUNA DE LA INDEPENDENCIA NACIONAL,789,B,96,54,2,3,2,2,8,0,2,5,242,9,251,584,,,,,,,,,,,,,,,,,,,,,
11,GUANAJUATO,1,DOLORES HIDALGO,14,DOLORES HIDALGO CUNA DE LA INDEPENDENCIA NACIONAL,790,B,109,20,3,14,3,6,16,5,17,17,297,7,304,730,,,,,,,,,,,,,,,,,,,,,
11,GUANAJUATO,1,DOLORES HIDALGO,14,DOLORES HIDALGO CUNA DE LA INDEPENDENCIA NACIONAL,790,C01,106,44,3,16,0,2,10,2,1,11,258,20,278,730,,,,,,,,,,,,,,,,,,,,,
11,GUANAJUATO,1,DOLORES HIDALGO,14,DOLORES HIDALGO CUNA DE LA INDEPENDENCIA NACIONAL,790,C02,105,36,2,15,1,9,5,4,8,16,281,9,290,730,,,,,,,,,,,,,,,,,,,,,
11,GUANAJUATO,1,DOLORES HIDALGO,14,DOLORES HIDALGO CUNA DE LA INDEPENDENCIA NACIONAL,791,B,102,51,0,17,1,2,10,3,1,8,264,14,278,670,,,,,,,,,,,,,,,,,,,,,
11,GUANAJUATO,1,DOLORES HIDALGO,14,DOLORES HIDALGO CUNA DE LA INDEPENDENCIA NACIONAL,791,C01,106,36,1,29,1,3,9,4,0,12,266,7,273,669,,,,,,,,,,,,,,,,,,,,,
11,GUANAJUATO,1,DOLORES HIDALGO,14,DOLORES HIDALGO CUNA DE LA INDEPENDENCIA NACIONAL,792,B,56,51,3,15,0,6,10,6,2,21,243,16,259,581,,,,,,,,,,,,,,,,,,,,,
11,GUANAJUATO,1,DOLORES HIDALGO,14,DOLORES HIDALGO CUNA DE LA INDEPENDENCIA NACIONAL,792,C01,56,67,6,21,1,0,6,11,4,7,245,11,256,581,,,,,,,,,,,,,,,,,,,,,
11,GUANAJUATO,1,DOLORES HIDALGO,14,DOLORES HIDALGO CUNA DE LA INDEPENDENCIA NACIONAL,792,C02,69,46,1,14,1,6,13,7,3,15,249,11,260,581,,,,,,,,,,,,,,,,,,,,,
11,GUANAJUATO,1,DOLORES HIDALGO,14,DOLORES HIDALGO CUNA DE LA INDEPENDENCIA NACIONAL,793,B,85,90,0,4,2,5,26,1,0,17,312,6,318,656,,,,,,,,,,,,,,,,,,,,,
11,GUANAJUATO,1,DOLORES HIDALGO,14,DOLORES HIDALGO CUNA DE LA INDEPENDENCIA NACIONAL,793,C01,68,101,0,10,1,3,17,4,0,21,289,13,302,656,,,,,,,,,,,,,,,,,,,,,
11,GUANAJUATO,1,DOLORES HIDALGO,14,DOLORES HIDALGO CUNA DE LA INDEPENDENCIA NACIONAL,793,C02,91,118,0,3,3,0,10,2,0,7,318,4,323,656,,,,,,,,,,,,,,,,,,,,,
11,GUANAJUATO,1,DOLORES HIDALGO,14,DOLORES HIDALGO CUNA DE LA INDEPENDENCIA NACIONAL,794,B,63,59,1,14,2,5,7,5,1,21,266,12,278,729,,,,,,,,,,,,,,,,,,,,,
11,GUANAJUATO,1,DOLORES HIDALGO,14,DOLORES HIDALGO CUNA DE LA INDEPENDENCIA NACIONAL,794,C01,57,54,2,6,1,3,6,4,1,12,237,7,244,729,,,,,,,,,,,,,,,,,,,,,
11,GUANAJUATO,1,DOLORES HIDALGO,14,DOLORES HIDALGO CUNA DE LA INDEPENDENCIA NACIONAL,795,B,103,49,2,11,1,2,13,3,1,5,290,11,301,676,,,,,,,,,,,,,,,,,,,,,
11,GUANAJUATO,1,DOLORES HIDALGO,14,DOLORES HIDALGO CUNA DE LA INDEPENDENCIA NACIONAL,795,E01,43,65,1,5,3,3,8,1,0,42,224,8,232,471,,,,,,,,,,,,,,,,,,,,,
11,GUANAJUATO,1,DOLORES HIDALGO,14,DOLORES HIDALGO CUNA DE LA INDEPENDENCIA NACIONAL,796,B,91,70,0,10,4,3,11,3,1,16,276,10,286,662,,,,,,,,,,,,,,,,,,,,,
11,GUANAJUATO,1,DOLORES HIDALGO,14,DOLORES HIDALGO CUNA DE LA INDEPENDENCIA NACIONAL,796,C01,83,34,2,4,3,3,1,3,0,22,217,12,229,662,,,,,,,,,,,,,,,,,,,,,
11,GUANAJUATO,1,DOLORES HIDALGO,14,DOLORES HIDALGO CUNA DE LA INDEPENDENCIA NACIONAL,797,B,67,59,0,9,1,2,14,5,1,12,257,12,269,691,,,,,,,,,,,,,,,,,,,,,
11,GUANAJUATO,1,DOLORES HIDALGO,14,DOLORES HIDALGO CUNA DE LA INDEPENDENCIA NACIONAL,797,C01,74,55,0,7,1,2,20,6,3,14,272,9,281,691,,,,,,,,,,,,,,,,,,,,,
11,GUANAJUATO,1,DOLORES HIDALGO,14,DOLORES HIDALGO CUNA DE LA INDEPENDENCIA NACIONAL,797,E01,73,43,0,16,1,4,14,7,6,8,234,13,247,475,,,,,,,,,,,,,,,,,,,,,
11,GUANAJUATO,1,DOLORES HIDALGO,14,DOLORES HIDALGO CUNA DE LA INDEPENDENCIA NACIONAL,797,C02,69,66,1,10,2,2,14,8,1,13,285,13,298,690,,,,,,,,,,,,,,,,,,,,,
11,GUANAJUATO,1,DOLORES HIDALGO,14,DOLORES HIDALGO CUNA DE LA INDEPENDENCIA NACIONAL,798,B,81,57,0,2,0,1,6,0,0,15,197,3,200,404,,,,,,,,,,,,,,,,,,,,,
11,GUANAJUATO,1,DOLORES HIDALGO,14,DOLORES HIDALGO CUNA DE LA INDEPENDENCIA NACIONAL,798,C01,66,83,1,4,0,0,6,0,0,7,193,6,199,403,,,,,,,,,,,,,,,,,,,,,
11,GUANAJUATO,1,DOLORES HIDALGO,14,DOLORES HIDALGO CUNA DE LA INDEPENDENCIA NACIONAL,798,E01,75,26,0,2,0,2,3,0,0,5,140,8,148,357,,,,,,,,,,,,,,,,,,,,,
11,GUANAJUATO,1,DOLORES HIDALGO,14,DOLORES HIDALGO CUNA DE LA INDEPENDENCIA NACIONAL,803,B,137,42,2,6,1,2,2,5,0,5,255,8,263,538,,,,,,,,,,,,,,,,,,,,,
11,GUANAJUATO,1,DOLORES HIDALGO,14,DOLORES HIDALGO CUNA DE LA INDEPENDENCIA NACIONAL,803,C01,137,31,1,15,1,5,13,7,1,10,288,10,298,538,,,,,,,,,,,,,,,,,,,,,
11,GUANAJUATO,1,DOLORES HIDALGO,14,DOLORES HIDALGO CUNA DE LA INDEPENDENCIA NACIONAL,803,E01,107,57,2,4,0,6,17,1,1,19,263,12,275,564,,,,,,,,,,,,,,,,,,,,,
11,GUANAJUATO,1,DOLORES HIDALGO,14,DOLORES HIDALGO CUNA DE LA INDEPENDENCIA NACIONAL,804,B,87,39,0,3,0,6,15,5,2,10,228,4,232,583,,,,,,,,,,,,,,,,,,,,,
11,GUANAJUATO,1,DOLORES HIDALGO,14,DOLORES HIDALGO CUNA DE LA INDEPENDENCIA NACIONAL,804,C01,72,43,1,7,1,6,15,5,2,10,205,8,215,582,,,,,,,,,,,,,,,,,,,,,
11,GUANAJUATO,1,DOLORES HIDALGO,14,DOLORES HIDALGO CUNA DE LA INDEPENDENCIA NACIONAL,804,E01,58,28,1,7,0,9,7,21,0,21,201,2,203,459,,,,,,,,,,,,,,,,,,,,,
11,GUANAJUATO,1,DOLORES HIDALGO,14,DOLORES HIDALGO CUNA DE LA INDEPENDENCIA NACIONAL,804,E01C01,56,35,0,6,3,13,5,20,2,26,203,13,216,459,,,,,,,,,,,,,,,,,,,,,
11,GUANAJUATO,1,DOLORES HIDALGO,14,DOLORES HIDALGO CUNA DE LA INDEPENDENCIA NACIONAL,807,B,81,47,2,1,1,2,12,3,2,3,211,8,219,602,,,,,,,,,,,,,,,,,,,,,
11,GUANAJUATO,1,DOLORES HIDALGO,14,DOLORES HIDALGO CUNA DE LA INDEPENDENCIA NACIONAL,807,C01,90,41,2,3,3,4,16,2,3,5,217,7,224,602,,,,,,,,,,,,,,,,,,,,,
11,GUANAJUATO,1,DOLORES HIDALGO,14,DOLORES HIDALGO CUNA DE LA INDEPENDENCIA NACIONAL,807,E01,94,40,1,3,1,0,3,4,1,4,201,8,209,455,,,,,,,,,,,,,,,,,,,,,
11,GUANAJUATO,1,DOLORES HIDALGO,14,DOLORES HIDALGO CUNA DE LA INDEPENDENCIA NACIONAL,808,B,103,36,1,11,3,2,4,13,0,6,270,5,276,601,,,,,,,,,,,,,,,,,,,,,
11,GUANAJUATO,1,DOLORES HIDALGO,14,DOLORES HIDALGO CUNA DE LA INDEPENDENCIA NACIONAL,808,C01,133,29,0,5,0,3,13,5,0,2,262,8,270,601,,,,,,,,,,,,,,,,,,,,,
11,GUANAJUATO,1,DOLORES HIDALGO,14,DOLORES HIDALGO CUNA DE LA INDEPENDENCIA NACIONAL,808,E01,133,18,2,4,1,2,8,1,3,3,242,7,249,538,,,,,,,,,,,,,,,,,,,,,
11,GUANAJUATO,1,DOLORES HIDALGO,14,DOLORES HIDALGO CUNA DE LA INDEPENDENCIA NACIONAL,808,E01C01,121,23,0,8,3,0,15,0,0,4,234,7,241,538,,,,,,,,,,,,,,,,,,,,,
11,GUANAJUATO,1,DOLORES HIDALGO,22,OCAMPO,1894,B,54,109,2,32,6,35,17,,,,297,8,305,487,,,,,,,,,,,,,,,,,,,,,
11,GUANAJUATO,1,DOLORES HIDALGO,22,OCAMPO,1894,C01,47,101,2,42,0,32,11,,,,276,3,279,487,,,,,,,,,,,,,,,,,,,,,
11,GUANAJUATO,1,DOLORES HIDALGO,22,OCAMPO,1895,B,59,151,0,57,3,70,16,,,,441,17,458,736,,,,,,,,,,,,,,,,,,,,,
11,GUANAJUATO,1,DOLORES HIDALGO,22,OCAMPO,1895,C01,37,158,2,48,7,68,16,,,,395,12,407,736,,,,,,,,,,,,,,,,,,,,,
11,GUANAJUATO,1,DOLORES HIDALGO,22,OCAMPO,1895,C02,49,178,0,48,1,73,17,,,,435,7,442,736,,,,,,,,,,,,,,,,,,,,,
11,GUANAJUATO,1,DOLORES HIDALGO,22,OCAMPO,1896,B,30,172,0,40,1,37,13,,,,347,5,352,613,,,,,,,,,,,,,,,,,,,,,
11,GUANAJUATO,1,DOLORES HIDALGO,22,OCAMPO,1896,C01,52,150,0,44,1,47,15,,,,361,10,371,612,,,,,,,,,,,,,,,,,,,,,
11,GUANAJUATO,1,DOLORES HIDALGO,22,OCAMPO,1897,B,37,116,0,28,2,32,11,,,,338,6,344,570,,,,,,,,,,,,,,,,,,,,,
11,GUANAJUATO,1,DOLORES HIDALGO,22,OCAMPO,1897,C01,33,121,1,37,1,23,8,,,,345,4,349,570,,,,,,,,,,,,,,,,,,,,,
11,GUANAJUATO,1,DOLORES HIDALGO,22,OCAMPO,1897,C02,37,118,0,27,3,32,8,,,,355,7,362,570,,,,,,,,,,,,,,,,,,,,,
11,GUANAJUATO,1,DOLORES HIDALGO,22,OCAMPO,1898,B,10,89,0,5,1,11,46,,,,193,7,200,264,,,,,,,,,,,,,,,,,,,,,
11,GUANAJUATO,1,DOLORES HIDALGO,22,OCAMPO,1899,B,33,49,1,50,4,16,21,,,,196,7,203,453,,,,,,,,,,,,,,,,,,,,,
11,GUANAJUATO,1,DOLORES HIDALGO,22,OCAMPO,1899,C01,18,39,0,35,6,18,10,,,,149,11,160,452,,,,,,,,,,,,,,,,,,,,,
11,GUANAJUATO,1,DOLORES HIDALGO,22,OCAMPO,1900,B,6,59,1,40,2,7,34,,,,198,6,204,371,,,,,,,,,,,,,,,,,,,,,
11,GUANAJUATO,1,DOLORES HIDALGO,22,OCAMPO,1901,B,21,181,0,50,5,14,6,,,,318,4,322,540,,,,,,,,,,,,,,,,,,,,,
11,GUANAJUATO,1,DOLORES HIDALGO,22,OCAMPO,1901,C01,24,169,0,65,2,16,13,,,,318,7,325,539,,,,,,,,,,,,,,,,,,,,,
11,GUANAJUATO,1,DOLORES HIDALGO,22,OCAMPO,1901,E01,27,54,1,7,2,29,28,,,,227,15,242,348,,,,,,,,,,,,,,,,,,,,,
11,GUANAJUATO,1,DOLORES HIDALGO,22,OCAMPO,1901,C02,23,184,1,42,1,19,14,,,,328,3,331,539,,,,,,,,,,,,,,,,,,,,,
11,GUANAJUATO,1,DOLORES HIDALGO,22,OCAMPO,1902,B,31,51,0,16,5,12,10,,,,172,1,173,251,,,,,,,,,,,,,,,,,,,,,
11,GUANAJUATO,1,DOLORES HIDALGO,22,OCAMPO,1903,B,16,90,1,45,7,21,10,,,,234,6,240,456,,,,,,,,,,,,,,,,,,,,,
11,GUANAJUATO,1,DOLORES HIDALGO,22,OCAMPO,1903,C01,13,85,1,46,6,10,11,,,,206,5,211,455,,,,,,,,,,,,,,,,,,,,,
11,GUANAJUATO,1,DOLORES HIDALGO,22,OCAMPO,1904,B,21,94,1,24,4,19,16,,,,216,6,222,443,,,,,,,,,,,,,,,,,,,,,
11,GUANAJUATO,1,DOLORES HIDALGO,22,OCAMPO,1904,C01,32,107,0,13,4,12,14,,,,212,1,213,442,,,,,,,,,,,,,,,,,,,,,
11,GUANAJUATO,1,DOLORES HIDALGO,22,OCAMPO,1905,B,26,94,0,68,12,20,41,,,,291,3,294,522,,,,,,,,,,,,,,,,,,,,,
11,GUANAJUATO,1,DOLORES HIDALGO,22,OCAMPO,1905,C01,43,87,2,38,4,23,34,,,,263,8,271,521,,,,,,,,,,,,,,,,,,,,,
11,GUANAJUATO,1,DOLORES HIDALGO,22,OCAMPO,1906,B,36,90,0,33,59,25,19,,,,276,5,281,534,,,,,,,,,,,,,,,,,,,,,
11,GUANAJUATO,1,DOLORES HIDALGO,22,OCAMPO,1906,C01,42,105,3,44,49,17,12,,,,291,4,295,534,,,,,,,,,,,,,,,,,,,,,
11,GUANAJUATO,1,DOLORES HIDALGO,22,OCAMPO,1907,B,20,44,2,33,139,11,11,,,,267,4,271,493,,,,,,,,,,,,,,,,,,,,,
11,GUANAJUATO,1,DOLORES HIDALGO,22,OCAMPO,1907,C01,15,30,3,24,167,2,4,,,,248,8,256,492,,,,,,,,,,,,,,,,,,,,,
11,GUANAJUATO,1,DOLORES HIDALGO,22,OCAMPO,1908,B,14,15,3,27,116,12,7,,,,197,3,200,434,,,,,,,,,,,,,,,,,,,,,
11,GUANAJUATO,1,DOLORES HIDALGO,22,OCAMPO,1908,C01,13,24,2,32,113,6,9,,,,202,0,202,433,,,,,,,,,,,,,,,,,,,,,
11,GUANAJUATO,1,DOLORES HIDALGO,22,OCAMPO,1909,B,47,92,0,20,3,23,16,,,,238,7,245,352,,,,,,,,,,,,,,,,,,,,,
11,GUANAJUATO,1,DOLORES HIDALGO,22,OCAMPO,1910,B,55,97,2,28,2,21,32,,,,267,7,274,510,,,,,,,,,,,,,,,,,,,,,
11,GUANAJUATO,1,DOLORES HIDALGO,22,OCAMPO,1910,C01,58,106,1,28,2,13,6,,,,248,5,253,510,,,,,,,,,,,,,,,,,,,,,
11,GUANAJUATO,1,DOLORES HIDALGO,22,OCAMPO,1910,C02,55,109,2,21,5,21,14,,,,254,10,264,509,,,,,,,,,,,,,,,,,,,,,
11,GUANAJUATO,1,DOLORES HIDALGO,22,OCAMPO,1911,B,54,134,13,37,11,35,45,,,,342,11,353,629,,,,,,,,,,,,,,,,,,,,,
11,GUANAJUATO,1,DOLORES HIDALGO,22,OCAMPO,1911,C01,56,131,13,46,9,29,43,,,,357,6,363,628,,,,,,,,,,,,,,,,,,,,,
11,GUANAJUATO,1,DOLORES HIDALGO,29,SAN DIEGO DE LA UNION,2347,B,120,14,3,8,18,10,16,,142,0,399,7,406,736,,,,,,,,,,,,,,,,,,,,,
11,GUANAJUATO,1,DOLORES HIDALGO,29,SAN DIEGO DE LA UNION,2347,C01,126,11,2,7,20,9,15,,154,0,414,13,427,735,,,,,,,,,,,,,,,,,,,,,
11,GUANAJUATO,1,DOLORES HIDALGO,29,SAN DIEGO DE LA UNION,2348,B,89,10,7,7,11,7,9,,91,4,283,7,290,553,,,,,,,,,,,,,,,,,,,,,
11,GUANAJUATO,1,DOLORES HIDALGO,29,SAN DIEGO DE LA UNION,2348,C01,83,14,3,6,27,1,10,,84,1,290,6,296,552,,,,,,,,,,,,,,,,,,,,,
11,GUANAJUATO,1,DOLORES HIDALGO,29,SAN DIEGO DE LA UNION,2348,C02,100,9,1,10,12,3,6,,65,0,256,9,265,552,,,,,,,,,,,,,,,,,,,,,
11,GUANAJUATO,1,DOLORES HIDALGO,29,SAN DIEGO DE LA UNION,2349,B,104,9,1,9,20,4,19,,128,2,340,9,349,640,,,,,,,,,,,,,,,,,,,,,
11,GUANAJUATO,1,DOLORES HIDALGO,29,SAN DIEGO DE LA UNION,2349,C01,113,13,1,8,16,3,8,,118,0,336,10,347,639,,,,,,,,,,,,,,,,,,,,,
11,GUANAJUATO,1,DOLORES HIDALGO,29,SAN DIEGO DE LA UNION,2350,B,126,16,0,10,17,2,18,,150,3,407,7,414,724,,,,,,,,,,,,,,,,,,,,,
11,GUANAJUATO,1,DOLORES HIDALGO,29,SAN DIEGO DE LA UNION,2350,C01,120,20,1,10,26,2,11,,168,1,416,18,434,724,,,,,,,,,,,,,,,,,,,,,
11,GUANAJUATO,1,DOLORES HIDALGO,29,SAN DIEGO DE LA UNION,2351,B,29,12,0,2,26,0,5,,119,0,200,7,207,405,,,,,,,,,,,,,,,,,,,,,
11,GUANAJUATO,1,DOLORES HIDALGO,29,SAN DIEGO DE LA UNION,2351,C01,39,14,1,4,20,1,9,,121,3,226,1,227,405,,,,,,,,,,,,,,,,,,,,,
11,GUANAJUATO,1,DOLORES HIDALGO,29,SAN DIEGO DE LA UNION,2352,B,92,32,2,19,36,1,14,,124,9,366,8,374,642,,,,,,,,,,,,,,,,,,,,,
11,GUANAJUATO,1,DOLORES HIDALGO,29,SAN DIEGO DE LA UNION,2352,C01,78,15,3,3,50,1,10,,149,5,351,6,359,642,,,,,,,,,,,,,,,,,,,,,
11,GUANAJUATO,1,DOLORES HIDALGO,29,SAN DIEGO DE LA UNION,2353,B,45,10,1,4,38,5,5,,96,1,234,7,241,376,,,,,,,,,,,,,,,,,,,,,
11,GUANAJUATO,1,DOLORES HIDALGO,29,SAN DIEGO DE LA UNION,2353,C01,56,9,1,5,25,2,6,,104,1,231,5,236,375,,,,,,,,,,,,,,,,,,,,,
11,GUANAJUATO,1,DOLORES HIDALGO,29,SAN DIEGO DE LA UNION,2354,B,91,10,2,4,20,0,21,,124,0,280,9,289,523,,,,,,,,,,,,,,,,,,,,,
11,GUANAJUATO,1,DOLORES HIDALGO,29,SAN DIEGO DE LA UNION,2354,C01,77,12,0,2,29,0,20,,147,0,295,7,302,523,,,,,,,,,,,,,,,,,,,,,
11,GUANAJUATO,1,DOLORES HIDALGO,29,SAN DIEGO DE LA UNION,2355,B,74,11,0,13,17,7,12,,51,0,206,3,209,357,,,,,,,,,,,,,,,,,,,,,
11,GUANAJUATO,1,DOLORES HIDALGO,29,SAN DIEGO DE LA UNION,2356,B,142,6,3,6,43,10,2,,83,2,309,11,320,574,,,,,,,,,,,,,,,,,,,,,
11,GUANAJUATO,1,DOLORES HIDALGO,29,SAN DIEGO DE LA UNION,2356,C01,142,9,1,13,29,14,5,,104,1,330,17,347,574,,,,,,,,,,,,,,,,,,,,,
11,GUANAJUATO,1,DOLORES HIDALGO,29,SAN DIEGO DE LA UNION,2356,C02,92,10,1,13,57,8,10,,116,0,318,7,325,573,,,,,,,,,,,,,,,,,,,,,
11,GUANAJUATO,1,DOLORES HIDALGO,29,SAN DIEGO DE LA UNION,2356,C03,130,9,0,9,42,14,12,,96,1,326,7,333,573,,,,,,,,,,,,,,,,,,,,,
11,GUANAJUATO,1,DOLORES HIDALGO,29,SAN DIEGO DE LA UNION,2357,B,98,8,0,34,24,3,9,,18,0,201,3,204,389,,,,,,,,,,,,,,,,,,,,,
11,GUANAJUATO,1,DOLORES HIDALGO,29,SAN DIEGO DE LA UNION,2358,B,125,14,5,6,23,0,12,,216,1,424,5,429,674,,,,,,,,,,,,,,,,,,,,,
11,GUANAJUATO,1,DOLORES HIDALGO,29,SAN DIEGO DE LA UNION,2358,C01,125,20,2,8,33,5,11,,174,2,399,8,407,674,,,,,,,,,,,,,,,,,,,,,
11,GUANAJUATO,1,DOLORES HIDALGO,29,SAN DIEGO DE LA UNION,2358,C02,122,27,2,15,23,4,9,,195,2,423,7,430,674,,,,,,,,,,,,,,,,,,,,,
11,GUANAJUATO,1,DOLORES HIDALGO,29,SAN DIEGO DE LA UNION,2359,B,83,8,2,10,15,1,15,,140,0,308,5,313,649,,,,,,,,,,,,,,,,,,,,,
11,GUANAJUATO,1,DOLORES HIDALGO,29,SAN DIEGO DE LA UNION,2359,C01,126,7,1,11,15,5,9,,116,0,323,6,329,648,,,,,,,,,,,,,,,,,,,,,
11,GUANAJUATO,1,DOLORES HIDALGO,29,SAN DIEGO DE LA UNION,2360,B,77,12,3,12,27,1,7,,101,1,263,5,268,615,,,,,,,,,,,,,,,,,,,,,
11,GUANAJUATO,1,DOLORES HIDALGO,29,SAN DIEGO DE LA UNION,2360,C01,78,8,0,8,42,3,17,,74,0,247,10,257,615,,,,,,,,,,,,,,,,,,,,,
11,GUANAJUATO,1,DOLORES HIDALGO,29,SAN DIEGO DE LA UNION,2361,B,74,14,0,16,36,0,13,,68,0,227,2,230,419,,,,,,,,,,,,,,,,,,,,,
11,GUANAJUATO,1,DOLORES HIDALGO,29,SAN DIEGO DE LA UNION,2361,C01,61,6,0,15,39,3,11,,61,2,209,3,212,418,,,,,,,,,,,,,,,,,,,,,
11,GUANAJUATO,1,DOLORES HIDALGO,29,SAN DIEGO DE LA UNION,2362,B,35,9,1,8,6,0,5,,49,3,120,11,131,243,,,,,,,,,,,,,,,,,,,,,
11,GUANAJUATO,1,DOLORES HIDALGO,29,SAN DIEGO DE LA UNION,2363,B,60,10,2,15,17,1,6,,124,1,242,7,250,416,,,,,,,,,,,,,,,,,,,,,
11,GUANAJUATO,1,DOLORES HIDALGO,29,SAN DIEGO DE LA UNION,2363,C01,35,10,1,24,14,1,5,,121,3,221,7,228,416,,,,,,,,,,,,,,,,,,,,,
11,GUANAJUATO,1,DOLORES HIDALGO,29,SAN DIEGO DE LA UNION,2364,B,58,2,1,19,24,3,4,,127,0,244,7,251,430,,,,,,,,,,,,,,,,,,,,,
11,GUANAJUATO,1,DOLORES HIDALGO,29,SAN DIEGO DE LA UNION,2364,C01,48,8,2,17,26,3,6,,146,0,270,4,274,429,,,,,,,,,,,,,,,,,,,,,
11,GUANAJUATO,1,DOLORES HIDALGO,29,SAN DIEGO DE LA UNION,2365,B,76,14,1,7,11,2,15,,49,0,183,10,193,526,,,,,,,,,,,,,,,,,,,,,
11,GUANAJUATO,1,DOLORES HIDALGO,29,SAN DIEGO DE LA UNION,2365,C01,81,11,5,12,5,1,6,,63,0,189,6,195,525,,,,,,,,,,,,,,,,,,,,,
11,GUANAJUATO,1,DOLORES HIDALGO,29,SAN DIEGO DE LA UNION,2366,B,124,8,1,14,21,2,3,,65,1,240,11,251,612,,,,,,,,,,,,,,,,,,,,,
11,GUANAJUATO,1,DOLORES HIDALGO,29,SAN DIEGO DE LA UNION,2367,B,77,5,1,5,15,4,9,,128,8,266,9,275,507,,,,,,,,,,,,,,,,,,,,,
11,GUANAJUATO,1,DOLORES HIDALGO,29,SAN DIEGO DE LA UNION,2368,B,63,4,0,16,13,2,21,,52,1,262,11,273,639,,,,,,,,,,,,,,,,,,,,,
11,GUANAJUATO,1,DOLORES HIDALGO,29,SAN DIEGO DE LA UNION,2368,C01,81,4,5,6,33,2,4,,64,0,293,11,304,638,,,,,,,,,,,,,,,,,,,,,
11,GUANAJUATO,1,DOLORES HIDALGO,29,SAN DIEGO DE LA UNION,2369,B,103,11,1,6,13,4,13,,60,0,220,13,233,507,,,,,,,,,,,,,,,,,,,,,
11,GUANAJUATO,1,DOLORES HIDALGO,29,SAN DIEGO DE LA UNION,2369,E01,71,20,2,13,45,3,28,,78,0,265,7,272,608,,,,,,,,,,,,,,,,,,,,,
11,GUANAJUATO,1,DOLORES HIDALGO,29,SAN DIEGO DE LA UNION,2370,B,135,1,1,7,22,1,14,,14,0,196,6,202,520,,,,,,,,,,,,,,,,,,,,,
11,GUANAJUATO,1,DOLORES HIDALGO,29,SAN DIEGO DE LA UNION,2371,B,98,20,3,12,28,3,3,,169,1,351,11,362,678,,,,,,,,,,,,,,,,,,,,,
11,GUANAJUATO,1,DOLORES HIDALGO,29,SAN DIEGO DE LA UNION,2371,C01,69,20,2,13,24,4,4,,175,0,328,19,347,678,,,,,,,,,,,,,,,,,,,,,
11,GUANAJUATO,1,DOLORES HIDALGO,29,SAN DIEGO DE LA UNION,2372,B,61,15,0,7,11,2,21,,156,0,280,14,294,611,,,,,,,,,,,,,,,,,,,,,
11,GUANAJUATO,1,DOLORES HIDALGO,29,SAN DIEGO DE LA UNION,2373,B,79,13,1,16,23,5,11,,94,2,257,7,264,546,,,,,,,,,,,,,,,,,,,,,
11,GUANAJUATO,1,DOLORES HIDALGO,29,SAN DIEGO DE LA UNION,2373,C01,67,13,2,10,38,4,7,,87,0,241,15,256,546,,,,,,,,,,,,,,,,,,,,,
11,GUANAJUATO,1,DOLORES HIDALGO,29,SAN DIEGO DE LA UNION,2374,B,112,14,4,4,15,2,5,,75,1,241,12,253,570,,,,,,,,,,,,,,,,,,,,,
11,GUANAJUATO,1,DOLORES HIDALGO,29,SAN DIEGO DE LA UNION,2374,C01,83,22,5,7,22,5,6,,73,1,230,12,242,570,,,,,,,,,,,,,,,,,,,,,
11,GUANAJUATO,1,DOLORES HIDALGO,30,SAN FELIPE,2375,B,157,15,3,39,4,2,36,5,,,298,9,307,747,,,,,,,,,,,,,,,,,,,,,
11,GUANAJUATO,1,DOLORES HIDALGO,30,SAN FELIPE,2375,C01,139,18,2,50,4,2,37,4,,,287,8,295,746,,,,,,,,,,,,,,,,,,,,,
11,GUANAJUATO,1,DOLORES HIDALGO,30,SAN FELIPE,2376,B,124,14,11,60,8,1,40,5,,,289,5,294,589,,,,,,,,,,,,,,,,,,,,,
11,GUANAJUATO,1,DOLORES HIDALGO,30,SAN FELIPE,2376,C01,96,21,4,66,6,1,32,5,,,257,6,263,588,,,,,,,,,,,,,,,,,,,,,
11,GUANAJUATO,1,DOLORES HIDALGO,30,SAN FELIPE,2377,B,122,22,8,50,0,2,22,4,,,262,6,268,644,,,,,,,,,,,,,,,,,,,,,
11,GUANAJUATO,1,DOLORES HIDALGO,30,SAN FELIPE,2377,C01,147,17,8,51,2,0,29,2,,,273,4,278,644,,,,,,,,,,,,,,,,,,,,,
11,GUANAJUATO,1,DOLORES HIDALGO,30,SAN FELIPE,2377,C02,93,15,13,55,7,3,26,3,,,241,4,246,643,,,,,,,,,,,,,,,,,,,,,
11,GUANAJUATO,1,DOLORES HIDALGO,30,SAN FELIPE,2378,B,135,28,9,47,3,0,46,2,,,307,6,314,635,,,,,,,,,,,,,,,,,,,,,
11,GUANAJUATO,1,DOLORES HIDALGO,30,SAN FELIPE,2378,C01,146,13,1,42,5,1,27,0,,,254,4,258,634,,,,,,,,,,,,,,,,,,,,,
11,GUANAJUATO,1,DOLORES HIDALGO,30,SAN FELIPE,2379,B,106,10,7,39,2,0,29,0,,,233,7,240,579,,,,,,,,,,,,,,,,,,,,,
11,GUANAJUATO,1,DOLORES HIDALGO,30,SAN FELIPE,2379,C01,114,12,0,37,4,1,35,3,,,252,13,266,579,,,,,,,,,,,,,,,,,,,,,
11,GUANAJUATO,1,DOLORES HIDALGO,30,SAN FELIPE,2379,C02,110,13,4,39,11,2,30,4,,,244,8,252,578,,,,,,,,,,,,,,,,,,,,,
11,GUANAJUATO,1,DOLORES HIDALGO,30,SAN FELIPE,2379,C03,110,19,3,38,6,3,34,2,,,251,6,257,578,,,,,,,,,,,,,,,,,,,,,
11,GUANAJUATO,1,DOLORES HIDALGO,30,SAN FELIPE,2380,B,159,10,4,38,8,0,40,3,,,308,7,315,638,,,,,,,,,,,,,,,,,,,,,
11,GUANAJUATO,1,DOLORES HIDALGO,30,SAN FELIPE,2380,C01,139,19,3,46,8,1,24,0,,,270,8,278,638,,,,,,,,,,,,,,,,,,,,,
11,GUANAJUATO,1,DOLORES HIDALGO,30,SAN FELIPE,2381,B,109,20,2,60,6,4,33,0,,,260,6,267,480,,,,,,,,,,,,,,,,,,,,,
11,GUANAJUATO,1,DOLORES HIDALGO,30,SAN FELIPE,2381,C01,124,22,8,42,6,0,17,6,,,253,8,263,479,,,,,,,,,,,,,,,,,,,,,
11,GUANAJUATO,1,DOLORES HIDALGO,30,SAN FELIPE,2381,S01,85,10,6,59,7,0,13,5,,,198,11,209,0,,,,,,,,,,,,,,,,,,,,,
11,GUANAJUATO,1,DOLORES HIDALGO,30,SAN FELIPE,2382,B,174,24,4,56,2,1,47,5,,,364,7,371,728,,,,,,,,,,,,,,,,,,,,,
11,GUANAJUATO,1,DOLORES HIDALGO,30,SAN FELIPE,2382,C01,146,19,3,49,2,0,29,7,,,305,12,317,728,,,,,,,,,,,,,,,,,,,,,
11,GUANAJUATO,1,DOLORES HIDALGO,30,SAN FELIPE,2382,C02,123,24,4,57,2,2,36,1,,,312,8,320,728,,,,,,,,,,,,,,,,,,,,,
11,GUANAJUATO,1,DOLORES HIDALGO,30,SAN FELIPE,2383,B,156,10,2,57,6,2,40,4,,,302,11,313,591,,,,,,,,,,,,,,,,,,,,,
11,GUANAJUATO,1,DOLORES HIDALGO,30,SAN FELIPE,2383,C01,164,12,3,63,5,1,31,3,,,306,6,312,590,,,,,,,,,,,,,,,,,,,,,
11,GUANAJUATO,1,DOLORES HIDALGO,30,SAN FELIPE,2384,B,96,31,3,49,9,1,20,2,,,241,5,246,466,,,,,,,,,,,,,,,,,,,,,
11,GUANAJUATO,1,DOLORES HIDALGO,30,SAN FELIPE,2384,C01,97,19,4,39,17,3,19,1,,,227,7,234,465,,,,,,,,,,,,,,,,,,,,,
11,GUANAJUATO,1,DOLORES HIDALGO,30,SAN FELIPE,2385,B,143,10,1,70,3,4,41,6,,,322,5,327,724,,,,,,,,,,,,,,,,,,,,,
11,GUANAJUATO,1,DOLORES HIDALGO,30,SAN FELIPE,2385,C01,105,21,8,45,11,4,62,0,,,304,8,313,724,,,,,,,,,,,,,,,,,,,,,
11,GUANAJUATO,1,DOLORES HIDALGO,30,SAN FELIPE,2385,C02,103,14,3,55,5,4,28,6,,,257,7,264,724,,,,,,,,,,,,,,,,,,,,,
11,GUANAJUATO,1,DOLORES HIDALGO,30,SAN FELIPE,2385,C03,109,16,1,69,8,1,33,7,,,270,4,274,724,,,,,,,,,,,,,,,,,,,,,
11,GUANAJUATO,1,DOLORES HIDALGO,30,SAN FELIPE,2385,C04,141,12,3,68,5,1,29,9,,,296,6,302,724,,,,,,,,,,,,,,,,,,,,,
11,GUANAJUATO,1,DOLORES HIDALGO,30,SAN FELIPE,2386,B,135,23,1,53,9,1,35,2,,,283,7,290,607,,,,,,,,,,,,,,,,,,,,,
11,GUANAJUATO,1,DOLORES HIDALGO,30,SAN FELIPE,2386,C01,115,24,8,42,9,2,26,6,,,249,5,254,606,,,,,,,,,,,,,,,,,,,,,
11,GUANAJUATO,1,DOLORES HIDALGO,30,SAN FELIPE,2387,B,123,17,5,55,2,1,20,5,,,259,5,264,534,,,,,,,,,,,,,,,,,,,,,
11,GUANAJUATO,1,DOLORES HIDALGO,30,SAN FELIPE,2387,C01,127,8,2,63,0,2,28,4,,,260,8,268,533,,,,,,,,,,,,,,,,,,,,,
11,GUANAJUATO,1,DOLORES HIDALGO,30,SAN FELIPE,2388,B,141,13,5,73,6,2,41,9,,,323,10,333,661,,,,,,,,,,,,,,,,,,,,,
11,GUANAJUATO,1,DOLORES HIDALGO,30,SAN FELIPE,2388,C01,133,14,3,65,6,4,35,3,,,289,4,293,660,,,,,,,,,,,,,,,,,,,,,
11,GUANAJUATO,1,DOLORES HIDALGO,30,SAN FELIPE,2388,C02,150,15,8,71,4,5,40,4,,,324,8,332,660,,,,,,,,,,,,,,,,,,,,,
11,GUANAJUATO,1,DOLORES HIDALGO,30,SAN FELIPE,2389,B,126,19,5,43,3,3,33,8,,,277,6,283,667,,,,,,,,,,,,,,,,,,,,,
11,GUANAJUATO,1,DOLORES HIDALGO,30,SAN FELIPE,2389,C01,124,12,5,40,8,2,31,8,,,266,4,270,667,,,,,,,,,,,,,,,,,,,,,
11,GUANAJUATO,1,DOLORES HIDALGO,30,SAN FELIPE,2389,C02,117,24,4,40,5,2,32,9,,,259,6,266,666,,,,,,,,,,,,,,,,,,,,,
11,GUANAJUATO,1,DOLORES HIDALGO,30,SAN FELIPE,2390,B,119,13,0,102,6,2,12,0,,,269,5,274,685,,,,,,,,,,,,,,,,,,,,,
11,GUANAJUATO,1,DOLORES HIDALGO,30,SAN FELIPE,2390,C01,112,7,0,122,2,1,31,0,,,290,7,297,685,,,,,,,,,,,,,,,,,,,,,
11,GUANAJUATO,1,DOLORES HIDALGO,30,SAN FELIPE,2390,C02,123,10,2,101,0,3,16,1,,,280,7,287,685,,,,,,,,,,,,,,,,,,,,,
11,GUANAJUATO,1,DOLORES HIDALGO,30,SAN FELIPE,2390,C03,111,15,1,129,9,3,19,2,,,304,5,309,684,,,,,,,,,,,,,,,,,,,,,
11,GUANAJUATO,1,DOLORES HIDALGO,30,SAN FELIPE,2391,B,124,5,1,228,2,4,22,1,,,422,8,430,696,,,,,,,,,,,,,,,,,,,,,
11,GUANAJUATO,1,DOLORES HIDALGO,30,SAN FELIPE,2392,B,67,7,0,105,0,0,5,0,,,217,4,221,656,,,,,,,,,,,,,,,,,,,,,
11,GUANAJUATO,1,DOLORES HIDALGO,30,SAN FELIPE,2392,C01,75,6,0,156,0,0,3,0,,,248,3,251,655,,,,,,,,,,,,,,,,,,,,,
11,GUANAJUATO,1,DOLORES HIDALGO,30,SAN FELIPE,2392,C02,86,0,0,190,0,0,3,3,,,308,3,311,655,,,,,,,,,,,,,,,,,,,,,
11,GUANAJUATO,1,DOLORES HIDALGO,30,SAN FELIPE,2393,B,94,3,1,154,0,1,12,6,,,277,6,283,487,,,,,,,,,,,,,,,,,,,,,
11,GUANAJUATO,1,DOLORES HIDALGO,30,SAN FELIPE,2393,C01,102,13,0,131,0,1,6,17,,,273,7,280,487,,,,,,,,,,,,,,,,,,,,,
11,GUANAJUATO,1,DOLORES HIDALGO,30,SAN FELIPE,2394,B,112,6,0,162,0,2,11,7,,,311,9,320,566,,,,,,,,,,,,,,,,,,,,,
11,GUANAJUATO,1,DOLORES HIDALGO,30,SAN FELIPE,2394,C01,83,6,0,188,0,0,12,8,,,305,5,310,566,,,,,,,,,,,,,,,,,,,,,
11,GUANAJUATO,1,DOLORES HIDALGO,30,SAN FELIPE,2395,B,62,53,1,51,0,2,18,7,,,199,4,203,426,,,,,,,,,,,,,,,,,,,,,
11,GUANAJUATO,1,DOLORES HIDALGO,30,SAN FELIPE,2395,C01,78,43,1,40,1,0,7,3,,,186,8,194,426,,,,,,,,,,,,,,,,,,,,,
11,GUANAJUATO,1,DOLORES HIDALGO,30,SAN FELIPE,2396,B,88,10,1,56,3,3,9,1,,,195,13,208,439,,,,,,,,,,,,,,,,,,,,,
11,GUANAJUATO,1,DOLORES HIDALGO,30,SAN FELIPE,2396,C01,82,14,0,63,7,4,22,1,,,231,11,242,439,,,,,,,,,,,,,,,,,,,,,
11,GUANAJUATO,1,DOLORES HIDALGO,30,SAN FELIPE,2397,B,80,5,2,80,1,1,11,3,,,185,5,190,432,,,,,,,,,,,,,,,,,,,,,
11,GUANAJUATO,1,DOLORES HIDALGO,30,SAN FELIPE,2397,C01,114,16,4,71,0,2,8,0,,,221,9,230,431,,,,,,,,,,,,,,,,,,,,,
11,GUANAJUATO,1,DOLORES HIDALGO,30,SAN FELIPE,2398,B,52,9,0,172,3,2,4,5,,,255,6,261,601,,,,,,,,,,,,,,,,,,,,,
11,GUANAJUATO,1,DOLORES HIDALGO,30,SAN FELIPE,2398,C01,65,10,1,151,3,1,11,8,,,254,7,261,600,,,,,,,,,,,,,,,,,,,,,
11,GUANAJUATO,1,DOLORES HIDALGO,30,SAN FELIPE,2398,C02,56,11,1,167,2,3,5,4,,,258,6,264,600,,,,,,,,,,,,,,,,,,,,,
11,GUANAJUATO,1,DOLORES HIDALGO,30,SAN FELIPE,2399,B,119,10,5,105,1,0,17,8,,,276,4,280,713,,,,,,,,,,,,,,,,,,,,,
11,GUANAJUATO,1,DOLORES HIDALGO,30,SAN FELIPE,2399,C01,120,7,6,98,1,0,26,12,,,277,2,279,713,,,,,,,,,,,,,,,,,,,,,
11,GUANAJUATO,1,DOLORES HIDALGO,30,SAN FELIPE,2399,C02,113,8,8,105,0,2,35,11,,,286,7,293,713,,,,,,,,,,,,,,,,,,,,,
11,GUANAJUATO,1,DOLORES HIDALGO,30,SAN FELIPE,2400,B,94,5,1,144,0,1,11,2,,,263,9,272,564,,,,,,,,,,,,,,,,,,,,,
11,GUANAJUATO,1,DOLORES HIDALGO,30,SAN FELIPE,2400,C01,110,9,0,106,0,3,9,1,,,249,4,253,563,,,,,,,,,,,,,,,,,,,,,
11,GUANAJUATO,1,DOLORES HIDALGO,30,SAN FELIPE,2401,B,156,7,1,138,1,1,4,0,,,333,8,341,656,,,,,,,,,,,,,,,,,,,,,
11,GUANAJUATO,1,DOLORES HIDALGO,30,SAN FELIPE,2401,C01,196,2,0,133,0,4,8,0,,,368,11,379,656,,,,,,,,,,,,,,,,,,,,,
11,GUANAJUATO,1,DOLORES HIDALGO,30,SAN FELIPE,2402,B,100,15,1,129,1,1,11,3,,,305,13,318,730,,,,,,,,,,,,,,,,,,,,,
11,GUANAJUATO,1,DOLORES HIDALGO,30,SAN FELIPE,2403,B,80,46,2,116,6,6,14,4,,,281,5,286,672,,,,,,,,,,,,,,,,,,,,,
11,GUANAJUATO,1,DOLORES HIDALGO,30,SAN FELIPE,2404,B,66,17,0,168,1,0,3,2,,,259,6,265,545,,,,,,,,,,,,,,,,,,,,,
11,GUANAJUATO,1,DOLORES HIDALGO,30,SAN FELIPE,2405,B,59,3,0,216,0,0,4,1,,,285,2,288,577,,,,,,,,,,,,,,,,,,,,,
11,GUANAJUATO,1,DOLORES HIDALGO,30,SAN FELIPE,2405,C01,83,2,0,196,0,1,4,3,,,298,2,300,577,,,,,,,,,,,,,,,,,,,,,
11,GUANAJUATO,1,DOLORES HIDALGO,30,SAN FELIPE,2405,C02,91,4,0,151,0,1,3,2,,,261,7,271,577,,,,,,,,,,,,,,,,,,,,,
11,GUANAJUATO,1,DOLORES HIDALGO,30,SAN FELIPE,2406,B,84,8,0,172,2,0,10,2,,,301,9,310,705,,,,,,,,,,,,,,,,,,,,,
11,GUANAJUATO,1,DOLORES HIDALGO,30,SAN FELIPE,2406,C01,68,7,0,149,4,1,16,4,,,279,16,295,704,,,,,,,,,,,,,,,,,,,,,
11,GUANAJUATO,1,DOLORES HIDALGO,30,SAN FELIPE,2407,B,42,6,0,152,0,1,8,1,,,212,4,216,557,,,,,,,,,,,,,,,,,,,,,
11,GUANAJUATO,1,DOLORES HIDALGO,30,SAN FELIPE,2407,C01,40,15,0,178,0,0,2,0,,,238,0,238,557,,,,,,,,,,,,,,,,,,,,,
11,GUANAJUATO,1,DOLORES HIDALGO,30,SAN FELIPE,2407,C02,42,21,0,149,0,0,3,0,,,220,5,226,557,,,,,,,,,,,,,,,,,,,,,
11,GUANAJUATO,1,DOLORES HIDALGO,30,SAN FELIPE,2408,B,42,1,0,91,2,0,5,1,,,179,4,183,517,,,,,,,,,,,,,,,,,,,,,
11,GUANAJUATO,1,DOLORES HIDALGO,30,SAN FELIPE,2408,C01,39,10,0,127,0,1,5,0,,,210,4,214,516,,,,,,,,,,,,,,,,,,,,,
11,GUANAJUATO,1,DOLORES HIDALGO,30,SAN FELIPE,2408,C02,48,4,0,131,1,0,4,5,,,225,2,227,516,,,,,,,,,,,,,,,,,,,,,
11,GUANAJUATO,1,DOLORES HIDALGO,30,SAN FELIPE,2409,B,47,14,1,260,0,0,6,3,,,336,15,351,707,,,,,,,,,,,,,,,,,,,,,
11,GUANAJUATO,1,DOLORES HIDALGO,30,SAN FELIPE,2409,C01,52,11,0,262,0,0,7,0,,,334,5,339,707,,,,,,,,,,,,,,,,,,,,,
11,GUANAJUATO,1,DOLORES HIDALGO,30,SAN FELIPE,2409,C02,66,5,0,235,0,0,7,2,,,315,7,322,707,,,,,,,,,,,,,,,,,,,,,
11,GUANAJUATO,1,DOLORES HIDALGO,30,SAN FELIPE,2410,B,56,4,2,78,1,0,12,0,,,193,2,197,413,,,,,,,,,,,,,,,,,,,,,
11,GUANAJUATO,1,DOLORES HIDALGO,30,SAN FELIPE,2410,C01,50,4,2,59,1,0,9,1,,,143,3,146,412,,,,,,,,,,,,,,,,,,,,,
11,GUANAJUATO,1,DOLORES HIDALGO,30,SAN FELIPE,2411,B,27,15,1,121,1,0,1,0,,,174,3,177,452,,,,,,,,,,,,,,,,,,,,,
11,GUANAJUATO,1,DOLORES HIDALGO,30,SAN FELIPE,2411,C01,33,10,0,97,2,0,1,0,,,156,4,160,452,,,,,,,,,,,,,,,,,,,,,
11,GUANAJUATO,1,DOLORES HIDALGO,30,SAN FELIPE,2412,B,91,16,0,43,1,2,15,5,,,181,7,188,479,,,,,,,,,,,,,,,,,,,,,
11,GUANAJUATO,1,DOLORES HIDALGO,30,SAN FELIPE,2412,C01,82,12,6,58,1,1,31,6,,,201,3,204,478,,,,,,,,,,,,,,,,,,,,,
11,GUANAJUATO,1,DOLORES HIDALGO,30,SAN FELIPE,2413,B,139,4,0,38,2,1,21,8,,,264,10,274,729,,,,,,,,,,,,,,,,,,,,,
11,GUANAJUATO,1,DOLORES HIDALGO,30,SAN FELIPE,2413,C01,127,3,3,34,2,1,18,8,,,239,8,247,728,,,,,,,,,,,,,,,,,,,,,
11,GUANAJUATO,1,DOLORES HIDALGO,30,SAN FELIPE,2413,C02,157,6,3,36,6,4,17,13,,,279,6,285,728,,,,,,,,,,,,,,,,,,,,,
11,GUANAJUATO,1,DOLORES HIDALGO,30,SAN FELIPE,2414,B,68,16,1,136,1,2,24,3,,,281,8,289,649,,,,,,,,,,,,,,,,,,,,,
11,GUANAJUATO,1,DOLORES HIDALGO,30,SAN FELIPE,2414,C01,34,17,2,167,4,0,30,2,,,286,6,292,648,,,,,,,,,,,,,,,,,,,,,
11,GUANAJUATO,1,DOLORES HIDALGO,30,SAN FELIPE,2414,C02,77,20,0,155,1,0,20,1,,,284,7,291,648,,,,,,,,,,,,,,,,,,,,,
11,GUANAJUATO,1,DOLORES HIDALGO,30,SAN FELIPE,2415,B,49,31,1,120,2,0,25,2,,,249,10,259,640,,,,,,,,,,,,,,,,,,,,,
11,GUANAJUATO,1,DOLORES HIDALGO,30,SAN FELIPE,2415,C01,54,24,0,109,0,0,26,3,,,237,9,246,639,,,,,,,,,,,,,,,,,,,,,
11,GUANAJUATO,1,DOLORES HIDALGO,30,SAN FELIPE,2416,B,45,10,0,132,1,1,12,1,,,208,5,213,610,,,,,,,,,,,,,,,,,,,,,
11,GUANAJUATO,1,DOLORES HIDALGO,30,SAN FELIPE,2417,B,66,11,0,39,0,0,12,4,,,151,4,156,507,,,,,,,,,,,,,,,,,,,,,
11,GUANAJUATO,1,DOLORES HIDALGO,30,SAN FELIPE,2417,C01,59,15,0,29,0,3,13,5,,,135,12,147,507,,,,,,,,,,,,,,,,,,,,,
11,GUANAJUATO,1,DOLORES HIDALGO,30,SAN FELIPE,2417,C02,72,6,0,35,2,0,5,4,,,140,5,145,506,,,,,,,,,,,,,,,,,,,,,
11,GUANAJUATO,1,DOLORES HIDALGO,30,SAN FELIPE,2418,B,167,12,4,28,5,1,35,4,,,271,5,276,585,,,,,,,,,,,,,,,,,,,,,
11,GUANAJUATO,1,DOLORES HIDALGO,30,SAN FELIPE,2419,B,54,12,1,77,1,2,11,3,,,169,6,175,532,,,,,,,,,,,,,,,,,,,,,
11,GUANAJUATO,1,DOLORES HIDALGO,30,SAN FELIPE,2420,B,79,15,0,184,7,0,9,1,,,299,9,308,684,,,,,,,,,,,,,,,,,,,,,
11,GUANAJUATO,1,DOLORES HIDALGO,30,SAN FELIPE,2420,C01,84,5,1,194,3,1,11,1,,,314,5,320,683,,,,,,,,,,,,,,,,,,,,,
11,GUANAJUATO,1,DOLORES HIDALGO,30,SAN FELIPE,2421,B,116,16,0,66,2,2,16,5,,,227,7,234,591,,,,,,,,,,,,,,,,,,,,,
11,GUANAJUATO,1,DOLORES HIDALGO,30,SAN FELIPE,2421,C01,122,8,1,72,0,5,10,4,,,236,8,244,590,,,,,,,,,,,,,,,,,,,,,
11,GUANAJUATO,1,DOLORES HIDALGO,30,SAN FELIPE,2422,B,104,12,3,82,6,3,32,4,,,286,9,295,639,,,,,,,,,,,,,,,,,,,,,
11,GUANAJUATO,1,DOLORES HIDALGO,30,SAN FELIPE,2422,C01,103,9,3,65,7,1,20,5,,,239,4,243,639,,,,,,,,,,,,,,,,,,,,,
11,GUANAJUATO,1,DOLORES HIDALGO,30,SAN FELIPE,2423,B,76,18,2,78,3,1,16,4,,,208,8,216,430,,,,,,,,,,,,,,,,,,,,,
11,GUANAJUATO,1,DOLORES HIDALGO,30,SAN FELIPE,2423,C01,75,13,1,63,6,3,14,1,,,193,5,198,430,,,,,,,,,,,,,,,,,,,,,
11,GUANAJUATO,1,DOLORES HIDALGO,30,SAN FELIPE,2424,B,53,24,2,58,8,3,22,2,,,181,8,189,474,,,,,,,,,,,,,,,,,,,,,
11,GUANAJUATO,1,DOLORES HIDALGO,30,SAN FELIPE,2424,C01,54,8,0,63,8,2,14,0,,,159,9,168,474,,,,,,,,,,,,,,,,,,,,,
11,GUANAJUATO,1,DOLORES HIDALGO,30,SAN FELIPE,2425,B,109,13,0,103,1,2,6,2,,,243,17,260,543,,,,,,,,,,,,,,,,,,,,,
11,GUANAJUATO,1,DOLORES HIDALGO,30,SAN FELIPE,2425,C01,121,14,1,104,0,3,0,2,,,252,7,259,543,,,,,,,,,,,,,,,,,,,,,
11,GUANAJUATO,1,DOLORES HIDALGO,30,SAN FELIPE,2426,B,147,10,2,68,3,1,9,1,,,252,4,256,508,,,,,,,,,,,,,,,,,,,,,
11,GUANAJUATO,1,DOLORES HIDALGO,30,SAN FELIPE,2426,C01,96,15,1,84,6,2,6,5,,,235,6,241,507,,,,,,,,,,,,,,,,,,,,,
11,GUANAJUATO,1,DOLORES HIDALGO,30,SAN FELIPE,2427,B,65,6,0,92,1,1,9,8,,,200,7,207,560,,,,,,,,,,,,,,,,,,,,,
11,GUANAJUATO,1,DOLORES HIDALGO,30,SAN FELIPE,2427,C01,81,9,0,95,3,3,15,10,,,242,11,253,560,,,,,,,,,,,,,,,,,,,,,
11,GUANAJUATO,1,DOLORES HIDALGO,30,SAN FELIPE,2428,B,52,7,0,147,0,0,6,7,,,230,14,244,433,,,,,,,,,,,,,,,,,,,,,
11,GUANAJUATO,1,DOLORES HIDALGO,30,SAN FELIPE,2429,B,79,4,0,87,3,1,25,1,,,210,13,223,474,,,,,,,,,,,,,,,,,,,,,
11,GUANAJUATO,1,DOLORES HIDALGO,30,SAN FELIPE,2429,C01,49,13,0,130,0,1,14,1,,,219,16,235,473,,,,,,,,,,,,,,,,,,,,,
11,GUANAJUATO,1,DOLORES HIDALGO,30,SAN FELIPE,2430,B,123,5,1,77,1,1,12,9,,,232,10,242,462,,,,,,,,,,,,,,,,,,,,,
11,GUANAJUATO,1,DOLORES HIDALGO,30,SAN FELIPE,2431,B,60,6,0,96,1,0,5,0,,,176,0,176,438,,,,,,,,,,,,,,,,,,,,,
11,GUANAJUATO,1,DOLORES HIDALGO,30,SAN FELIPE,2431,C01,56,11,2,70,1,0,8,0,,,156,8,164,437,,,,,,,,,,,,,,,,,,,,,
11,GUANAJUATO,1,DOLORES HIDALGO,30,SAN FELIPE,2432,B,69,1,0,86,1,3,7,6,,,176,4,180,390,,,,,,,,,,,,,,,,,,,,,
11,GUANAJUATO,1,DOLORES HIDALGO,30,SAN FELIPE,2432,C01,70,7,0,98,0,2,6,1,,,188,6,194,390,,,,,,,,,,,,,,,,,,,,,
11,GUANAJUATO,1,DOLORES HIDALGO,30,SAN FELIPE,2433,B,55,1,0,115,3,0,14,2,,,196,7,203,408,,,,,,,,,,,,,,,,,,,,,
11,GUANAJUATO,1,DOLORES HIDALGO,30,SAN FELIPE,2433,C01,42,1,4,110,3,1,16,1,,,184,8,192,408,,,,,,,,,,,,,,,,,,,,,
11,GUANAJUATO,1,DOLORES HIDALGO,30,SAN FELIPE,2434,B,49,10,0,98,2,2,16,9,,,187,9,196,410,,,,,,,,,,,,,,,,,,,,,
11,GUANAJUATO,1,DOLORES HIDALGO,30,SAN FELIPE,2434,C01,57,11,1,93,0,0,22,12,,,198,14,212,409,,,,,,,,,,,,,,,,,,,,,
11,GUANAJUATO,1,DOLORES HIDALGO,30,SAN FELIPE,2435,B,68,7,1,68,2,2,0,4,,,166,13,179,447,,,,,,,,,,,,,,,,,,,,,
11,GUANAJUATO,1,DOLORES HIDALGO,30,SAN FELIPE,2435,C01,75,5,0,61,1,1,3,11,,,163,8,171,447,,,,,,,,,,,,,,,,,,,,,
11,GUANAJUATO,1,DOLORES HIDALGO,30,SAN FELIPE,2436,B,90,14,0,149,2,1,11,1,,,271,3,274,480,,,,,,,,,,,,,,,,,,,,,
11,GUANAJUATO,1,DOLORES HIDALGO,30,SAN FELIPE,2436,C01,89,13,0,120,1,3,11,0,,,239,8,247,479,,,,,,,,,,,,,,,,,,,,,
11,GUANAJUATO,1,DOLORES HIDALGO,30,SAN FELIPE,2437,B,70,6,3,214,2,2,32,15,,,348,26,374,712,,,,,,,,,,,,,,,,,,,,,
11,GUANAJUATO,1,DOLORES HIDALGO,30,SAN FELIPE,2438,B,49,8,1,113,3,0,9,0,,,187,3,190,402,,,,,,,,,,,,,,,,,,,,,
11,GUANAJUATO,1,DOLORES HIDALGO,30,SAN FELIPE,2438,C01,59,6,7,124,1,0,8,5,,,215,7,222,402,,,,,,,,,,,,,,,,,,,,,
11,GUANAJUATO,1,DOLORES HIDALGO,30,SAN FELIPE,2439,B,90,21,0,141,2,0,4,19,,,284,7,291,608,,,,,,,,,,,,,,,,,,,,,
11,GUANAJUATO,1,DOLORES HIDALGO,30,SAN FELIPE,2439,C01,84,16,0,162,1,2,5,9,,,286,11,297,607,,,,,,,,,,,,,,,,,,,,,
11,GUANAJUATO,1,DOLORES HIDALGO,30,SAN FELIPE,2440,B,54,4,1,142,5,0,11,5,,,236,7,243,482,,,,,,,,,,,,,,,,,,,,,
11,GUANAJUATO,1,DOLORES HIDALGO,30,SAN FELIPE,2440,C01,71,6,1,146,7,2,7,1,,,248,10,258,482,,,,,,,,,,,,,,,,,,,,,
11,GUANAJUATO,1,DOLORES HIDALGO,30,SAN FELIPE,2441,B,53,12,1,129,1,0,10,2,,,215,10,225,551,,,,,,,,,,,,,,,,,,,,,
11,GUANAJUATO,1,DOLORES HIDALGO,30,SAN FELIPE,2441,C01,55,10,11,113,3,1,10,1,,,212,9,221,551,,,,,,,,,,,,,,,,,,,,,
11,GUANAJUATO,1,DOLORES HIDALGO,30,SAN FELIPE,2442,B,119,23,2,100,2,3,12,5,,,269,9,278,602,,,,,,,,,,,,,,,,,,,,,
11,GUANAJUATO,1,DOLORES HIDALGO,30,SAN FELIPE,2443,B,84,16,0,134,2,3,4,8,,,265,9,274,599,,,,,,,,,,,,,,,,,,,,,
11,GUANAJUATO,1,DOLORES HIDALGO,30,SAN FELIPE,2444,B,125,16,3,100,1,1,22,7,,,291,15,306,657,,,,,,,,,,,,,,,,,,,,,
11,GUANAJUATO,1,DOLORES HIDALGO,30,SAN FELIPE,2445,B,106,4,0,119,2,0,6,13,,,256,11,267,491,,,,,,,,,,,,,,,,,,,,,
11,GUANAJUATO,2,SAN LUIS DE LA PAZ,6,ATARJEA,331,B,188,2,2,27,,,86,,,,305,6,311,382,,,,,,,,,,,,,,,,,,,,,
11,GUANAJUATO,2,SAN LUIS DE LA PAZ,6,ATARJEA,331,C01,202,5,5,15,,,87,,,,314,10,324,382,,,,,,,,,,,,,,,,,,,,,
11,GUANAJUATO,2,SAN LUIS DE LA PAZ,6,ATARJEA,332,B,95,0,1,2,,,60,,,,158,5,163,209,,,,,,,,,,,,,,,,,,,,,
11,GUANAJUATO,2,SAN LUIS DE LA PAZ,6,ATARJEA,332,E01,213,4,1,34,,,101,,,,353,14,367,440,,,,,,,,,,,,,,,,,,,,,
11,GUANAJUATO,2,SAN LUIS DE LA PAZ,6,ATARJEA,332,E02,55,1,3,3,,,61,,,,123,5,128,167,,,,,,,,,,,,,,,,,,,,,
11,GUANAJUATO,2,SAN LUIS DE LA PAZ,6,ATARJEA,333,B,83,2,2,3,,,61,,,,151,2,153,179,,,,,,,,,,,,,,,,,,,,,
11,GUANAJUATO,2,SAN LUIS DE LA PAZ,6,ATARJEA,333,E01,218,9,7,9,,,130,,,,373,12,385,466,,,,,,,,,,,,,,,,,,,,,
11,GUANAJUATO,2,SAN LUIS DE LA PAZ,6,ATARJEA,333,E01C01,192,4,1,21,,,126,,,,344,9,353,466,,,,,,,,,,,,,,,,,,,,,
11,GUANAJUATO,2,SAN LUIS DE LA PAZ,6,ATARJEA,334,B,344,4,1,18,,,182,,,,549,26,575,714,,,,,,,,,,,,,,,,,,,,,
11,GUANAJUATO,2,SAN LUIS DE LA PAZ,6,ATARJEA,335,B,167,3,5,7,,,231,,,,413,15,429,539,,,,,,,,,,,,,,,,,,,,,
11,GUANAJUATO,2,SAN LUIS DE LA PAZ,6,ATARJEA,335,C01,142,6,5,10,,,231,,,,394,9,403,539,,,,,,,,,,,,,,,,,,,,,
11,GUANAJUATO,2,SAN LUIS DE LA PAZ,13,DOCTOR MORA,740,B,133,1,16,37,,,153,54,8,26,429,9,438,632,,,,,,,,,,,,,,,,,,,,,
11,GUANAJUATO,2,SAN LUIS DE LA PAZ,13,DOCTOR MORA,740,C01,111,2,9,44,,,147,54,3,37,408,5,413,632,,,,,,,,,,,,,,,,,,,,,
11,GUANAJUATO,2,SAN LUIS DE LA PAZ,13,DOCTOR MORA,740,C02,105,1,10,29,,,169,56,7,46,424,6,430,632,,,,,,,,,,,,,,,,,,,,,
11,GUANAJUATO,2,SAN LUIS DE LA PAZ,13,DOCTOR MORA,740,C03,104,0,19,34,,,155,47,7,48,415,4,419,632,,,,,,,,,,,,,,,,,,,,,
11,GUANAJUATO,2,SAN LUIS DE LA PAZ,13,DOCTOR MORA,741,B,97,2,30,50,,,119,24,5,5,334,8,342,598,,,,,,,,,,,,,,,,,,,,,
11,GUANAJUATO,2,SAN LUIS DE LA PAZ,13,DOCTOR MORA,741,C01,98,1,24,39,,,134,20,4,33,358,6,364,598,,,,,,,,,,,,,,,,,,,,,
11,GUANAJUATO,2,SAN LUIS DE LA PAZ,13,DOCTOR MORA,741,C02,101,3,9,57,,,126,23,13,29,362,9,371,598,,,,,,,,,,,,,,,,,,,,,
11,GUANAJUATO,2,SAN LUIS DE LA PAZ,13,DOCTOR MORA,741,C03,82,2,14,30,,,138,38,9,42,355,6,361,597,,,,,,,,,,,,,,,,,,,,,
11,GUANAJUATO,2,SAN LUIS DE LA PAZ,13,DOCTOR MORA,742,B,80,1,48,18,,,87,118,12,26,392,14,407,691,,,,,,,,,,,,,,,,,,,,,
11,GUANAJUATO,2,SAN LUIS DE LA PAZ,13,DOCTOR MORA,742,C01,53,0,30,17,,,122,77,0,20,319,15,334,691,,,,,,,,,,,,,,,,,,,,,
11,GUANAJUATO,2,SAN LUIS DE LA PAZ,13,DOCTOR MORA,743,B,85,3,11,10,,,142,47,8,25,332,19,351,608,,,,,,,,,,,,,,,,,,,,,
11,GUANAJUATO,2,SAN LUIS DE LA PAZ,13,DOCTOR MORA,744,B,41,1,45,23,,,67,27,4,16,224,9,233,389,,,,,,,,,,,,,,,,,,,,,
11,GUANAJUATO,2,SAN LUIS DE LA PAZ,13,DOCTOR MORA,744,C01,42,2,36,20,,,86,30,2,17,235,10,245,389,,,,,,,,,,,,,,,,,,,,,
11,GUANAJUATO,2,SAN LUIS DE LA PAZ,13,DOCTOR MORA,745,B,59,2,41,20,,,74,49,5,9,260,11,271,414,,,,,,,,,,,,,,,,,,,,,
11,GUANAJUATO,2,SAN LUIS DE LA PAZ,13,DOCTOR MORA,745,C01,53,1,21,19,,,58,45,6,14,220,11,231,413,,,,,,,,,,,,,,,,,,,,,
11,GUANAJUATO,2,SAN LUIS DE LA PAZ,13,DOCTOR MORA,746,B,70,2,31,51,,,122,61,12,19,368,10,378,640,,,,,,,,,,,,,,,,,,,,,
11,GUANAJUATO,2,SAN LUIS DE LA PAZ,13,DOCTOR MORA,746,C01,93,2,24,34,,,121,74,9,20,377,8,385,639,,,,,,,,,,,,,,,,,,,,,
11,GUANAJUATO,2,SAN LUIS DE LA PAZ,13,DOCTOR MORA,747,B,90,1,12,41,,,135,55,12,29,378,9,387,749,,,,,,,,,,,,,,,,,,,,,
11,GUANAJUATO,2,SAN LUIS DE LA PAZ,13,DOCTOR MORA,747,C01,129,1,8,51,,,105,45,11,38,389,12,401,749,,,,,,,,,,,,,,,,,,,,,
11,GUANAJUATO,2,SAN LUIS DE LA PAZ,13,DOCTOR MORA,747,C02,115,1,9,43,,,135,57,12,30,403,3,406,749,,,,,,,,,,,,,,,,,,,,,
11,GUANAJUATO,2,SAN LUIS DE LA PAZ,13,DOCTOR MORA,747,C03,140,1,14,24,,,114,49,28,27,399,9,408,749,,,,,,,,,,,,,,,,,,,,,
11,GUANAJUATO,2,SAN LUIS DE LA PAZ,13,DOCTOR MORA,748,B,110,1,9,28,,,53,45,6,30,284,4,288,585,,,,,,,,,,,,,,,,,,,,,
11,GUANAJUATO,2,SAN LUIS DE LA PAZ,13,DOCTOR MORA,748,C01,133,2,6,34,,,63,28,6,18,290,4,294,585,,,,,,,,,,,,,,,,,,,,,
11,GUANAJUATO,2,SAN LUIS DE LA PAZ,13,DOCTOR MORA,748,C02,112,2,6,28,,,70,44,7,36,308,6,314,585,,,,,,,,,,,,,,,,,,,,,
11,GUANAJUATO,2,SAN LUIS DE LA PAZ,13,DOCTOR MORA,748,C03,88,2,6,22,,,66,61,8,42,296,5,301,584,,,,,,,,,,,,,,,,,,,,,
11,GUANAJUATO,2,SAN LUIS DE LA PAZ,13,DOCTOR MORA,749,B,77,2,25,34,,,90,28,9,18,286,11,297,585,,,,,,,,,,,,,,,,,,,,,
11,GUANAJUATO,2,SAN LUIS DE LA PAZ,13,DOCTOR MORA,749,C01,92,3,33,19,,,72,22,2,25,269,7,276,585,,,,,,,,,,,,,,,,,,,,,
11,GUANAJUATO,2,SAN LUIS DE LA PAZ,13,DOCTOR MORA,749,C02,91,7,14,15,,,92,30,9,24,286,7,293,584,,,,,,,,,,,,,,,,,,,,,
11,GUANAJUATO,2,SAN LUIS DE LA PAZ,13,DOCTOR MORA,750,B,104,3,24,19,,,83,58,6,19,319,8,327,610,,,,,,,,,,,,,,,,,,,,,
11,GUANAJUATO,2,SAN LUIS DE LA PAZ,13,DOCTOR MORA,750,C01,91,2,21,26,,,82,6,6,7,241,6,247,610,,,,,,,,,,,,,,,,,,,,,
11,GUANAJUATO,2,SAN LUIS DE LA PAZ,13,DOCTOR MORA,751,B,87,2,5,20,,,124,67,11,22,339,8,347,556,,,,,,,,,,,,,,,,,,,,,
11,GUANAJUATO,2,SAN LUIS DE LA PAZ,13,DOCTOR MORA,751,C01,90,3,5,16,,,100,44,8,36,303,7,310,556,,,,,,,,,,,,,,,,,,,,,
11,GUANAJUATO,2,SAN LUIS DE LA PAZ,32,SAN JOSE ITURBIDE,2505,B,68,10,6,16,39,95,22,20,,4,337,6,343,744,,,,,,,,,,,,,,,,,,,,,
11,GUANAJUATO,2,SAN LUIS DE LA PAZ,32,SAN JOSE ITURBIDE,2505,C01,70,4,9,11,32,76,31,25,,0,322,3,325,744,,,,,,,,,,,,,,,,,,,,,
11,GUANAJUATO,2,SAN LUIS DE LA PAZ,32,SAN JOSE ITURBIDE,2505,C02,62,6,4,21,24,70,31,14,,5,291,5,296,744,,,,,,,,,,,,,,,,,,,,,
11,GUANAJUATO,2,SAN LUIS DE LA PAZ,32,SAN JOSE ITURBIDE,2505,C03,72,16,7,17,46,89,28,14,,4,353,8,361,743,,,,,,,,,,,,,,,,,,,,,
11,GUANAJUATO,2,SAN LUIS DE LA PAZ,32,SAN JOSE ITURBIDE,2506,B,67,15,12,16,35,64,29,25,,5,313,8,321,691,,,,,,,,,,,,,,,,,,,,,
11,GUANAJUATO,2,SAN LUIS DE LA PAZ,32,SAN JOSE ITURBIDE,2506,C01,62,14,14,5,40,65,28,15,,2,287,11,299,691,,,,,,,,,,,,,,,,,,,,,
11,GUANAJUATO,2,SAN LUIS DE LA PAZ,32,SAN JOSE ITURBIDE,2506,C02,67,10,18,6,33,50,25,13,,3,270,9,280,691,,,,,,,,,,,,,,,,,,,,,
11,GUANAJUATO,2,SAN LUIS DE LA PAZ,32,SAN JOSE ITURBIDE,2506,C03,63,18,16,15,43,58,20,21,,4,280,7,287,691,,,,,,,,,,,,,,,,,,,,,
11,GUANAJUATO,2,SAN LUIS DE LA PAZ,32,SAN JOSE ITURBIDE,2506,C04,67,16,8,6,25,58,23,20,,6,275,0,275,691,,,,,,,,,,,,,,,,,,,,,
11,GUANAJUATO,2,SAN LUIS DE LA PAZ,32,SAN JOSE ITURBIDE,2506,C05,62,6,12,9,37,60,23,20,,5,278,7,285,691,,,,,,,,,,,,,,,,,,,,,
11,GUANAJUATO,2,SAN LUIS DE LA PAZ,32,SAN JOSE ITURBIDE,2506,C06,57,10,11,8,24,59,14,21,,5,262,7,269,690,,,,,,,,,,,,,,,,,,,,,
11,GUANAJUATO,2,SAN LUIS DE LA PAZ,32,SAN JOSE ITURBIDE,2506,C07,62,17,10,15,41,51,19,22,,5,305,9,314,690,,,,,,,,,,,,,,,,,,,,,
11,GUANAJUATO,2,SAN LUIS DE LA PAZ,32,SAN JOSE ITURBIDE,2507,B,70,17,11,12,62,74,23,14,,1,319,14,333,719,,,,,,,,,,,,,,,,,,,,,
11,GUANAJUATO,2,SAN LUIS DE LA PAZ,32,SAN JOSE ITURBIDE,2507,C01,66,11,14,6,52,58,21,17,,3,310,7,317,719,,,,,,,,,,,,,,,,,,,,,
11,GUANAJUATO,2,SAN LUIS DE LA PAZ,32,SAN JOSE ITURBIDE,2507,S01,8,6,3,2,2,7,7,1,,1,51,2,53,0,,,,,,,,,,,,,,,,,,,,,
11,GUANAJUATO,2,SAN LUIS DE LA PAZ,32,SAN JOSE ITURBIDE,2507,C02,75,10,8,16,61,66,33,18,,3,332,13,345,719,,,,,,,,,,,,,,,,,,,,,
11,GUANAJUATO,2,SAN LUIS DE LA PAZ,32,SAN JOSE ITURBIDE,2507,C03,67,11,16,12,60,86,30,8,,10,339,9,348,719,,,,,,,,,,,,,,,,,,,,,
11,GUANAJUATO,2,SAN LUIS DE LA PAZ,32,SAN JOSE ITURBIDE,2508,B,64,11,2,10,52,104,22,5,,6,337,4,341,606,,,,,,,,,,,,,,,,,,,,,
11,GUANAJUATO,2,SAN LUIS DE LA PAZ,32,SAN JOSE ITURBIDE,2508,C01,79,8,4,10,43,96,34,3,,5,325,9,334,606,,,,,,,,,,,,,,,,,,,,,
11,GUANAJUATO,2,SAN LUIS DE LA PAZ,32,SAN JOSE ITURBIDE,2509,B,32,2,5,7,23,72,13,12,,8,214,8,222,483,,,,,,,,,,,,,,,,,,,,,
11,GUANAJUATO,2,SAN LUIS DE LA PAZ,32,SAN JOSE ITURBIDE,2509,C01,42,10,3,6,37,44,10,9,,4,216,7,223,483,,,,,,,,,,,,,,,,,,,,,
11,GUANAJUATO,2,SAN LUIS DE LA PAZ,32,SAN JOSE ITURBIDE,2510,B,44,4,8,22,32,65,16,11,,7,254,8,262,552,,,,,,,,,,,,,,,,,,,,,
11,GUANAJUATO,2,SAN LUIS DE LA PAZ,32,SAN JOSE ITURBIDE,2510,C01,53,6,8,17,24,79,31,5,,10,273,6,279,551,,,,,,,,,,,,,,,,,,,,,
11,GUANAJUATO,2,SAN LUIS DE LA PAZ,32,SAN JOSE ITURBIDE,2510,C02,53,7,4,19,20,55,14,6,,11,233,10,243,551,,,,,,,,,,,,,,,,,,,,,
11,GUANAJUATO,2,SAN LUIS DE LA PAZ,32,SAN JOSE ITURBIDE,2511,B,59,6,4,2,47,78,13,7,,2,248,5,253,412,,,,,,,,,,,,,,,,,,,,,
11,GUANAJUATO,2,SAN LUIS DE LA PAZ,32,SAN JOSE ITURBIDE,2511,C01,55,7,5,5,43,73,14,3,,5,252,1,253,411,,,,,,,,,,,,,,,,,,,,,
11,GUANAJUATO,2,SAN LUIS DE LA PAZ,32,SAN JOSE ITURBIDE,2512,B,81,4,7,5,33,71,17,24,,6,299,11,310,607,,,,,,,,,,,,,,,,,,,,,
11,GUANAJUATO,2,SAN LUIS DE LA PAZ,32,SAN JOSE ITURBIDE,2512,C01,74,12,8,4,46,54,14,17,,0,267,6,273,606,,,,,,,,,,,,,,,,,,,,,
11,GUANAJUATO,2,SAN LUIS DE LA PAZ,32,SAN JOSE ITURBIDE,2512,C02,62,8,12,5,32,65,23,24,,7,281,6,287,606,,,,,,,,,,,,,,,,,,,,,
11,GUANAJUATO,2,SAN LUIS DE LA PAZ,32,SAN JOSE ITURBIDE,2513,B,79,4,9,7,46,88,15,10,,6,305,9,314,610,,,,,,,,,,,,,,,,,,,,,
11,GUANAJUATO,2,SAN LUIS DE LA PAZ,32,SAN JOSE ITURBIDE,2513,C01,66,16,10,6,39,55,21,4,,8,262,3,265,609,,,,,,,,,,,,,,,,,,,,,
11,GUANAJUATO,2,SAN LUIS DE LA PAZ,32,SAN JOSE ITURBIDE,2513,C02,87,14,8,8,39,66,9,4,,0,272,11,283,609,,,,,,,,,,,,,,,,,,,,,
11,GUANAJUATO,2,SAN LUIS DE LA PAZ,32,SAN JOSE ITURBIDE,2514,B,77,7,7,11,29,57,25,15,,9,300,7,307,642,,,,,,,,,,,,,,,,,,,,,
11,GUANAJUATO,2,SAN LUIS DE LA PAZ,32,SAN JOSE ITURBIDE,2514,C01,72,18,5,14,44,74,44,7,,5,331,6,337,642,,,,,,,,,,,,,,,,,,,,,
11,GUANAJUATO,2,SAN LUIS DE LA PAZ,32,SAN JOSE ITURBIDE,2514,C02,66,4,4,12,23,67,37,9,,7,275,3,278,642,,,,,,,,,,,,,,,,,,,,,
11,GUANAJUATO,2,SAN LUIS DE LA PAZ,32,SAN JOSE ITURBIDE,2514,C03,65,14,5,7,41,72,26,11,,6,299,14,313,642,,,,,,,,,,,,,,,,,,,,,
11,GUANAJUATO,2,SAN LUIS DE LA PAZ,32,SAN JOSE ITURBIDE,2514,C04,78,10,3,10,33,90,30,14,,6,316,7,323,642,,,,,,,,,,,,,,,,,,,,,
11,GUANAJUATO,2,SAN LUIS DE LA PAZ,32,SAN JOSE ITURBIDE,2514,C05,67,10,9,10,41,107,18,22,,5,330,9,339,641,,,,,,,,,,,,,,,,,,,,,
11,GUANAJUATO,2,SAN LUIS DE LA PAZ,32,SAN JOSE ITURBIDE,2515,B,102,8,1,21,11,57,29,7,,3,279,6,285,623,,,,,,,,,,,,,,,,,,,,,
11,GUANAJUATO,2,SAN LUIS DE LA PAZ,32,SAN JOSE ITURBIDE,2515,C01,108,11,3,21,9,69,20,7,,0,303,10,313,622,,,,,,,,,,,,,,,,,,,,,
11,GUANAJUATO,2,SAN LUIS DE LA PAZ,32,SAN JOSE ITURBIDE,2515,C02,79,7,3,25,2,82,26,3,,3,273,7,280,622,,,,,,,,,,,,,,,,,,,,,
11,GUANAJUATO,2,SAN LUIS DE LA PAZ,32,SAN JOSE ITURBIDE,2516,B,58,15,2,28,5,41,30,3,,3,242,10,254,729,,,,,,,,,,,,,,,,,,,,,
11,GUANAJUATO,2,SAN LUIS DE LA PAZ,32,SAN JOSE ITURBIDE,2516,C01,65,17,5,30,6,33,51,7,,0,277,12,289,728,,,,,,,,,,,,,,,,,,,,,
11,GUANAJUATO,2,SAN LUIS DE LA PAZ,32,SAN JOSE ITURBIDE,2517,B,46,6,3,48,5,34,22,8,,0,185,8,193,471,,,,,,,,,,,,,,,,,,,,,
11,GUANAJUATO,2,SAN LUIS DE LA PAZ,32,SAN JOSE ITURBIDE,2517,C01,69,4,1,24,9,43,25,6,,7,215,8,223,471,,,,,,,,,,,,,,,,,,,,,
11,GUANAJUATO,2,SAN LUIS DE LA PAZ,32,SAN JOSE ITURBIDE,2518,B,13,9,4,19,29,15,10,5,,3,114,1,115,265,,,,,,,,,,,,,,,,,,,,,
11,GUANAJUATO,2,SAN LUIS DE LA PAZ,32,SAN JOSE ITURBIDE,2519,B,66,31,9,12,67,29,17,8,,1,272,14,286,647,,,,,,,,,,,,,,,,,,,,,
11,GUANAJUATO,2,SAN LUIS DE LA PAZ,32,SAN JOSE ITURBIDE,2519,C01,46,16,15,20,81,22,13,13,,2,255,16,271,647,,,,,,,,,,,,,,,,,,,,,
11,GUANAJUATO,2,SAN LUIS DE LA PAZ,32,SAN JOSE ITURBIDE,2520,B,51,15,5,20,22,59,15,8,,4,243,4,247,692,,,,,,,,,,,,,,,,,,,,,
11,GUANAJUATO,2,SAN LUIS DE LA PAZ,32,SAN JOSE ITURBIDE,2520,C01,62,11,2,12,17,56,18,10,,3,247,0,247,691,,,,,,,,,,,,,,,,,,,,,
11,GUANAJUATO,2,SAN LUIS DE LA PAZ,32,SAN JOSE ITURBIDE,2521,B,29,13,18,15,36,17,18,7,,3,172,9,181,460,,,,,,,,,,,,,,,,,,,,,
11,GUANAJUATO,2,SAN LUIS DE LA PAZ,32,SAN JOSE ITURBIDE,2521,C01,26,12,14,5,42,42,16,12,,1,187,11,198,460,,,,,,,,,,,,,,,,,,,,,
11,GUANAJUATO,2,SAN LUIS DE LA PAZ,32,SAN JOSE ITURBIDE,2522,B,86,14,6,9,23,28,8,4,,3,210,9,219,570,,,,,,,,,,,,,,,,,,,,,
11,GUANAJUATO,2,SAN LUIS DE LA PAZ,32,SAN JOSE ITURBIDE,2522,C01,73,20,8,14,34,31,7,15,,8,233,7,240,570,,,,,,,,,,,,,,,,,,,,,
11,GUANAJUATO,2,SAN LUIS DE LA PAZ,32,SAN JOSE ITURBIDE,2523,B,66,26,7,12,31,44,22,12,,3,303,11,314,739,,,,,,,,,,,,,,,,,,,,,
11,GUANAJUATO,2,SAN LUIS DE LA PAZ,32,SAN JOSE ITURBIDE,2523,C01,89,12,5,17,19,59,23,4,,4,290,12,302,739,,,,,,,,,,,,,,,,,,,,,
11,GUANAJUATO,2,SAN LUIS DE LA PAZ,32,SAN JOSE ITURBIDE,2523,C02,90,27,10,20,21,41,37,5,,3,286,12,298,738,,,,,,,,,,,,,,,,,,,,,
11,GUANAJUATO,2,SAN LUIS DE LA PAZ,32,SAN JOSE ITURBIDE,2524,B,36,12,11,17,12,42,15,14,,4,230,11,241,675,,,,,,,,,,,,,,,,,,,,,
11,GUANAJUATO,2,SAN LUIS DE LA PAZ,32,SAN JOSE ITURBIDE,2524,C01,39,13,4,27,15,41,18,11,,3,239,8,247,675,,,,,,,,,,,,,,,,,,,,,ANULADA
11,GUANAJUATO,2,SAN LUIS DE LA PAZ,32,SAN JOSE ITURBIDE,2524,C02,84,17,10,27,16,53,18,18,,1,303,8,311,674,,,,,,,,,,,,,,,,,,,,,
11,GUANAJUATO,2,SAN LUIS DE LA PAZ,32,SAN JOSE ITURBIDE,2525,B,59,14,7,11,13,20,23,4,,1,174,6,180,491,,,,,,,,,,,,,,,,,,,,,
11,GUANAJUATO,2,SAN LUIS DE LA PAZ,32,SAN JOSE ITURBIDE,2525,C01,51,14,5,7,5,19,22,7,,7,171,5,176,491,,,,,,,,,,,,,,,,,,,,,
11,GUANAJUATO,2,SAN LUIS DE LA PAZ,32,SAN JOSE ITURBIDE,2526,B,40,48,1,21,14,29,16,11,,2,209,0,209,586,,,,,,,,,,,,,,,,,,,,,
11,GUANAJUATO,2,SAN LUIS DE LA PAZ,32,SAN JOSE ITURBIDE,2526,C01,32,41,2,21,18,31,16,9,,0,201,5,206,585,,,,,,,,,,,,,,,,,,,,,
11,GUANAJUATO,2,SAN LUIS DE LA PAZ,32,SAN JOSE ITURBIDE,2527,B,50,6,15,9,18,41,20,8,,7,202,11,213,584,,,,,,,,,,,,,,,,,,,,,
11,GUANAJUATO,2,SAN LUIS DE LA PAZ,32,SAN JOSE ITURBIDE,2527,C01,47,8,14,7,23,19,13,8,,2,160,0,160,584,,,,,,,,,,,,,,,,,,,,,
11,GUANAJUATO,2,SAN LUIS DE LA PAZ,32,SAN JOSE ITURBIDE,2527,C02,38,8,18,4,28,43,17,9,,4,216,9,225,583,,,,,,,,,,,,,,,,,,,,,
11,GUANAJUATO,2,SAN LUIS DE LA PAZ,32,SAN JOSE ITURBIDE,2528,B,62,14,14,4,149,38,28,5,,3,341,9,350,670,,,,,,,,,,,,,,,,,,,,,
11,GUANAJUATO,2,SAN LUIS DE LA PAZ,32,SAN JOSE ITURBIDE,2528,C01,42,11,11,10,138,16,24,11,,4,286,9,295,670,,,,,,,,,,,,,,,,,,,,,
11,GUANAJUATO,2,SAN LUIS DE LA PAZ,32,SAN JOSE ITURBIDE,2528,C02,37,6,26,8,121,14,23,18,,5,281,9,290,670,,,,,,,,,,,,,,,,,,,,,
11,GUANAJUATO,2,SAN LUIS DE LA PAZ,32,SAN JOSE ITURBIDE,2529,B,36,17,20,6,170,24,17,5,,1,342,4,346,660,,,,,,,,,,,,,,,,,,,,,
11,GUANAJUATO,2,SAN LUIS DE LA PAZ,32,SAN JOSE ITURBIDE,2529,C01,32,5,13,8,137,16,19,9,,11,289,10,299,660,,,,,,,,,,,,,,,,,,,,,
11,GUANAJUATO,2,SAN LUIS DE LA PAZ,32,SAN JOSE ITURBIDE,2530,B,78,23,25,51,23,55,26,27,,1,338,8,346,749,,,,,,,,,,,,,,,,,,,,,
11,GUANAJUATO,2,SAN LUIS DE LA PAZ,32,SAN JOSE ITURBIDE,2530,C01,59,28,27,56,36,75,13,16,,1,344,15,359,748,,,,,,,,,,,,,,,,,,,,,
11,GUANAJUATO,2,SAN LUIS DE LA PAZ,32,SAN JOSE ITURBIDE,2531,B,59,14,11,21,45,40,14,44,,3,279,15,294,647,,,,,,,,,,,,,,,,,,,,,
11,GUANAJUATO,2,SAN LUIS DE LA PAZ,32,SAN JOSE ITURBIDE,2531,C01,46,19,17,12,59,35,25,44,,4,306,10,316,647,,,,,,,,,,,,,,,,,,,,,
11,GUANAJUATO,2,SAN LUIS DE LA PAZ,32,SAN JOSE ITURBIDE,2531,C02,32,7,8,23,67,32,40,48,,1,298,13,311,647,,,,,,,,,,,,,,,,,,,,,
11,GUANAJUATO,2,SAN LUIS DE LA PAZ,32,SAN JOSE ITURBIDE,2532,B,48,49,9,12,22,70,16,10,,3,290,9,299,674,,,,,,,,,,,,,,,,,,,,,
11,GUANAJUATO,2,SAN LUIS DE LA PAZ,32,SAN JOSE ITURBIDE,2532,C01,55,44,7,19,19,58,21,11,,6,293,8,301,674,,,,,,,,,,,,,,,,,,,,,
11,GUANAJUATO,2,SAN LUIS DE LA PAZ,32,SAN JOSE ITURBIDE,2532,C02,58,38,10,8,25,48,25,9,,4,262,12,274,673,,,,,,,,,,,,,,,,,,,,,
11,GUANAJUATO,2,SAN LUIS DE LA PAZ,32,SAN JOSE ITURBIDE,2533,B,59,9,7,11,22,38,21,6,,3,204,14,218,488,,,,,,,,,,,,,,,,,,,,,
11,GUANAJUATO,2,SAN LUIS DE LA PAZ,32,SAN JOSE ITURBIDE,2533,C01,50,20,7,10,26,47,16,5,,1,213,11,224,488,,,,,,,,,,,,,,,,,,,,,
11,GUANAJUATO,2,SAN LUIS DE LA PAZ,32,SAN JOSE ITURBIDE,2534,B,32,35,3,5,48,45,4,1,,1,199,0,199,588,,,,,,,,,,,,,,,,,,,,,
11,GUANAJUATO,2,SAN LUIS DE LA PAZ,32,SAN JOSE ITURBIDE,2534,C01,43,32,3,7,24,56,1,1,,0,215,7,223,588,,,,,,,,,,,,,,,,,,,,,
11,GUANAJUATO,2,SAN LUIS DE LA PAZ,32,SAN JOSE ITURBIDE,2535,B,63,15,2,7,20,53,20,15,,9,238,2,240,590,,,,,,,,,,,,,,,,,,,,,
11,GUANAJUATO,2,SAN LUIS DE LA PAZ,32,SAN JOSE ITURBIDE,2535,C01,46,7,5,13,18,61,13,7,,4,221,9,230,590,,,,,,,,,,,,,,,,,,,,,
11,GUANAJUATO,2,SAN LUIS DE LA PAZ,32,SAN JOSE ITURBIDE,2535,C02,53,13,10,24,22,51,18,10,,4,246,4,250,590,,,,,,,,,,,,,,,,,,,,,
11,GUANAJUATO,2,SAN LUIS DE LA PAZ,32,SAN JOSE ITURBIDE,2535,C03,38,9,3,12,10,63,25,11,,7,211,12,223,590,,,,,,,,,,,,,,,,,,,,,
11,GUANAJUATO,2,SAN LUIS DE LA PAZ,32,SAN JOSE ITURBIDE,2536,B,43,23,7,20,13,47,11,11,,8,224,10,234,726,,,,,,,,,,,,,,,,,,,,,
11,GUANAJUATO,2,SAN LUIS DE LA PAZ,32,SAN JOSE ITURBIDE,2536,C01,38,28,3,12,38,44,15,7,,16,251,12,263,725,,,,,,,,,,,,,,,,,,,,,
11,GUANAJUATO,2,SAN LUIS DE LA PAZ,32,SAN JOSE ITURBIDE,2537,B,44,12,5,21,24,52,18,6,,2,212,7,219,532,,,,,,,,,,,,,,,,,,,,,
11,GUANAJUATO,2,SAN LUIS DE LA PAZ,32,SAN JOSE ITURBIDE,2537,C01,54,13,6,12,26,47,12,7,,3,215,7,222,532,,,,,,,,,,,,,,,,,,,,,
11,GUANAJUATO,2,SAN LUIS DE LA PAZ,32,SAN JOSE ITURBIDE,2537,C02,54,12,17,11,28,50,15,9,,4,229,9,238,531,,,,,,,,,,,,,,,,,,,,,
11,GUANAJUATO,2,SAN LUIS DE LA PAZ,32,SAN JOSE ITURBIDE,2538,B,47,12,4,7,52,15,27,11,,3,198,6,204,523,,,,,,,,,,,,,,,,,,,,,
11,GUANAJUATO,2,SAN LUIS DE LA PAZ,32,SAN JOSE ITURBIDE,2538,C01,58,21,6,9,47,15,12,5,,1,200,11,211,523,,,,,,,,,,,,,,,,,,,,,
11,GUANAJUATO,2,SAN LUIS DE LA PAZ,32,SAN JOSE ITURBIDE,2539,B,25,11,3,11,7,35,8,2,,2,151,3,154,376,,,,,,,,,,,,,,,,,,,,,
11,GUANAJUATO,2,SAN LUIS DE LA PAZ,32,SAN JOSE ITURBIDE,2539,C01,17,23,0,12,13,35,11,4,,2,146,4,150,376,,,,,,,,,,,,,,,,,,,,,
11,GUANAJUATO,2,SAN LUIS DE LA PAZ,32,SAN JOSE ITURBIDE,2540,B,54,13,0,30,11,19,15,5,,1,192,6,198,562,,,,,,,,,,,,,,,,,,,,,
11,GUANAJUATO,2,SAN LUIS DE LA PAZ,32,SAN JOSE ITURBIDE,2540,C01,50,18,2,41,7,22,26,4,,2,205,4,209,561,,,,,,,,,,,,,,,,,,,,,
11,GUANAJUATO,2,SAN LUIS DE LA PAZ,32,SAN JOSE ITURBIDE,2541,B,82,12,6,9,44,33,12,6,,0,214,0,214,601,,,,,,,,,,,,,,,,,,,,,ANULADA
11,GUANAJUATO,2,SAN LUIS DE LA PAZ,32,SAN JOSE ITURBIDE,2541,C01,83,7,2,5,62,18,15,6,,4,210,12,222,601,,,,,,,,,,,,,,,,,,,,,ANULADA
11,GUANAJUATO,2,SAN LUIS DE LA PAZ,32,SAN JOSE ITURBIDE,2542,B,69,11,7,11,13,16,19,4,,0,160,9,169,581,,,,,,,,,,,,,,,,,,,,,
11,GUANAJUATO,2,SAN LUIS DE LA PAZ,32,SAN JOSE ITURBIDE,2542,C01,82,25,4,12,13,14,14,10,,1,183,4,187,581,,,,,,,,,,,,,,,,,,,,,
11,GUANAJUATO,2,SAN LUIS DE LA PAZ,32,SAN JOSE ITURBIDE,2542,C02,64,20,5,11,23,11,22,3,,1,174,3,177,580,,,,,,,,,,,,,,,,,,,,,
11,GUANAJUATO,2,SAN LUIS DE LA PAZ,33,SAN LUIS DE LA PAZ,2543,B,46,110,1,16,4,6,22,3,15,3,249,11,260,567,,,,,,,,,,,,,,,,,,,,,
11,GUANAJUATO,2,SAN LUIS DE LA PAZ,33,SAN LUIS DE LA PAZ,2543,C01,52,116,8,8,9,2,20,2,18,3,260,11,271,567,,,,,,,,,,,,,,,,,,,,,
11,GUANAJUATO,2,SAN LUIS DE LA PAZ,33,SAN LUIS DE LA PAZ,2543,C02,38,144,6,9,2,0,16,1,15,4,264,15,279,567,,,,,,,,,,,,,,,,,,,,,
11,GUANAJUATO,2,SAN LUIS DE LA PAZ,33,SAN LUIS DE LA PAZ,2544,B,72,120,9,5,2,1,34,3,10,4,279,7,286,664,,,,,,,,,,,,,,,,,,,,,
11,GUANAJUATO,2,SAN LUIS DE LA PAZ,33,SAN LUIS DE LA PAZ,2544,C01,52,126,2,5,2,3,26,2,12,3,263,14,277,664,,,,,,,,,,,,,,,,,,,,,
11,GUANAJUATO,2,SAN LUIS DE LA PAZ,33,SAN LUIS DE LA PAZ,2544,C02,47,107,7,4,2,0,26,1,17,3,243,20,264,664,,,,,,,,,,,,,,,,,,,,,
11,GUANAJUATO,2,SAN LUIS DE LA PAZ,33,SAN LUIS DE LA PAZ,2544,C03,40,92,7,11,2,4,32,3,15,3,228,6,234,663,,,,,,,,,,,,,,,,,,,,,
11,GUANAJUATO,2,SAN LUIS DE LA PAZ,33,SAN LUIS DE LA PAZ,2545,B,62,148,9,5,3,2,17,1,20,2,288,19,307,742,,,,,,,,,,,,,,,,,,,,,
11,GUANAJUATO,2,SAN LUIS DE LA PAZ,33,SAN LUIS DE LA PAZ,2545,C01,47,157,17,8,9,1,18,2,14,6,298,8,308,742,,,,,,,,,,,,,,,,,,,,,
11,GUANAJUATO,2,SAN LUIS DE LA PAZ,33,SAN LUIS DE LA PAZ,2545,C02,43,163,19,4,6,3,20,1,5,3,287,11,298,742,,,,,,,,,,,,,,,,,,,,,
11,GUANAJUATO,2,SAN LUIS DE LA PAZ,33,SAN LUIS DE LA PAZ,2545,C03,52,172,10,7,6,3,26,1,8,2,307,10,317,742,,,,,,,,,,,,,,,,,,,,,
11,GUANAJUATO,2,SAN LUIS DE LA PAZ,33,SAN LUIS DE LA PAZ,2546,B,69,138,11,6,1,3,24,2,18,5,300,9,309,566,,,,,,,,,,,,,,,,,,,,,
11,GUANAJUATO,2,SAN LUIS DE LA PAZ,33,SAN LUIS DE LA PAZ,2546,C01,80,119,8,6,5,3,13,0,16,2,276,5,282,565,,,,,,,,,,,,,,,,,,,,,
11,GUANAJUATO,2,SAN LUIS DE LA PAZ,33,SAN LUIS DE LA PAZ,2547,B,90,159,23,3,1,4,22,1,4,4,345,7,352,628,,,,,,,,,,,,,,,,,,,,,
11,GUANAJUATO,2,SAN LUIS DE LA PAZ,33,SAN LUIS DE LA PAZ,2547,S01,31,79,7,1,5,2,14,0,8,2,154,10,164,0,,,,,,,,,,,,,,,,,,,,,
11,GUANAJUATO,2,SAN LUIS DE LA PAZ,33,SAN LUIS DE LA PAZ,2548,B,62,120,5,4,17,1,29,3,18,5,276,11,290,587,,,,,,,,,,,,,,,,,,,,,
11,GUANAJUATO,2,SAN LUIS DE LA PAZ,33,SAN LUIS DE LA PAZ,2548,C01,63,118,4,7,6,1,20,3,12,12,278,7,286,587,,,,,,,,,,,,,,,,,,,,,
11,GUANAJUATO,2,SAN LUIS DE LA PAZ,33,SAN LUIS DE LA PAZ,2548,C02,71,139,8,7,7,2,22,4,23,5,310,10,320,587,,,,,,,,,,,,,,,,,,,,,
11,GUANAJUATO,2,SAN LUIS DE LA PAZ,33,SAN LUIS DE LA PAZ,2549,B,53,149,12,6,0,5,22,2,15,2,280,12,292,673,,,,,,,,,,,,,,,,,,,,,
11,GUANAJUATO,2,SAN LUIS DE LA PAZ,33,SAN LUIS DE LA PAZ,2549,C01,54,138,9,11,2,3,31,2,14,3,290,9,299,673,,,,,,,,,,,,,,,,,,,,,
11,GUANAJUATO,2,SAN LUIS DE LA PAZ,33,SAN LUIS DE LA PAZ,2549,C02,48,124,16,10,5,1,20,3,6,1,246,13,259,672,,,,,,,,,,,,,,,,,,,,,
11,GUANAJUATO,2,SAN LUIS DE LA PAZ,33,SAN LUIS DE LA PAZ,2550,B,49,160,3,4,0,2,34,2,11,3,282,10,292,605,,,,,,,,,,,,,,,,,,,,,
11,GUANAJUATO,2,SAN LUIS DE LA PAZ,33,SAN LUIS DE LA PAZ,2550,C01,57,147,3,7,4,3,27,5,12,6,288,9,297,605,,,,,,,,,,,,,,,,,,,,,
11,GUANAJUATO,2,SAN LUIS DE LA PAZ,33,SAN LUIS DE LA PAZ,2550,C02,56,140,7,9,1,0,29,3,5,4,282,8,290,604,,,,,,,,,,,,,,,,,,,,,
11,GUANAJUATO,2,SAN LUIS DE LA PAZ,33,SAN LUIS DE LA PAZ,2551,B,45,150,8,4,2,5,18,1,9,4,260,11,271,732,,,,,,,,,,,,,,,,,,,,,
11,GUANAJUATO,2,SAN LUIS DE LA PAZ,33,SAN LUIS DE LA PAZ,2551,C01,54,152,7,11,6,2,22,5,14,2,288,10,298,732,,,,,,,,,,,,,,,,,,,,,
11,GUANAJUATO,2,SAN LUIS DE LA PAZ,33,SAN LUIS DE LA PAZ,2551,C02,56,157,5,6,2,2,22,2,12,6,286,9,295,732,,,,,,,,,,,,,,,,,,,,,
11,GUANAJUATO,2,SAN LUIS DE LA PAZ,33,SAN LUIS DE LA PAZ,2551,C03,57,136,4,9,4,2,28,2,11,3,271,8,279,731,,,,,,,,,,,,,,,,,,,,,
11,GUANAJUATO,2,SAN LUIS DE LA PAZ,33,SAN LUIS DE LA PAZ,2551,C04,67,160,5,6,7,2,25,2,20,5,315,3,318,731,,,,,,,,,,,,,,,,,,,,,
11,GUANAJUATO,2,SAN LUIS DE LA PAZ,33,SAN LUIS DE LA PAZ,2551,C05,35,158,6,6,4,3,24,3,13,9,277,8,285,731,,,,,,,,,,,,,,,,,,,,,
11,GUANAJUATO,2,SAN LUIS DE LA PAZ,33,SAN LUIS DE LA PAZ,2551,C06,68,137,11,7,1,2,33,1,19,3,296,9,305,731,,,,,,,,,,,,,,,,,,,,,
11,GUANAJUATO,2,SAN LUIS DE LA PAZ,33,SAN LUIS DE LA PAZ,2552,B,47,113,8,3,5,5,28,3,10,1,236,9,245,514,,,,,,,,,,,,,,,,,,,,,
11,GUANAJUATO,2,SAN LUIS DE LA PAZ,33,SAN LUIS DE LA PAZ,2552,C01,40,119,6,5,5,4,32,0,15,5,245,7,254,514,,,,,,,,,,,,,,,,,,,,,
11,GUANAJUATO,2,SAN LUIS DE LA PAZ,33,SAN LUIS DE LA PAZ,2552,C02,49,99,6,7,1,2,15,3,14,2,219,11,230,513,,,,,,,,,,,,,,,,,,,,,
11,GUANAJUATO,2,SAN LUIS DE LA PAZ,33,SAN LUIS DE LA PAZ,2553,B,70,165,14,9,2,4,40,3,33,4,360,10,370,709,,,,,,,,,,,,,,,,,,,,,
11,GUANAJUATO,2,SAN LUIS DE LA PAZ,33,SAN LUIS DE LA PAZ,2553,C01,86,160,7,7,2,3,24,5,16,5,338,13,351,709,,,,,,,,,,,,,,,,,,,,,
11,GUANAJUATO,2,SAN LUIS DE LA PAZ,33,SAN LUIS DE LA PAZ,2554,B,93,179,10,6,5,1,23,3,29,5,377,9,387,655,,,,,,,,,,,,,,,,,,,,,
11,GUANAJUATO,2,SAN LUIS DE LA PAZ,33,SAN LUIS DE LA PAZ,2554,C01,98,152,16,3,3,1,32,2,18,2,358,12,370,655,,,,,,,,,,,,,,,,,,,,,
11,GUANAJUATO,2,SAN LUIS DE LA PAZ,33,SAN LUIS DE LA PAZ,2555,B,79,170,19,11,3,5,24,6,17,8,356,11,367,657,,,,,,,,,,,,,,,,,,,,,
11,GUANAJUATO,2,SAN LUIS DE LA PAZ,33,SAN LUIS DE LA PAZ,2556,B,56,138,11,4,2,2,26,1,16,1,272,7,279,622,,,,,,,,,,,,,,,,,,,,,
11,GUANAJUATO,2,SAN LUIS DE LA PAZ,33,SAN LUIS DE LA PAZ,2556,C01,51,130,6,5,6,4,32,3,21,4,284,6,290,621,,,,,,,,,,,,,,,,,,,,,
11,GUANAJUATO,2,SAN LUIS DE LA PAZ,33,SAN LUIS DE LA PAZ,2556,C02,47,147,9,5,8,2,26,2,12,5,277,18,297,621,,,,,,,,,,,,,,,,,,,,,
11,GUANAJUATO,2,SAN LUIS DE LA PAZ,33,SAN LUIS DE LA PAZ,2556,C03,73,132,6,7,8,1,33,1,16,3,293,8,301,621,,,,,,,,,,,,,,,,,,,,,
11,GUANAJUATO,2,SAN LUIS DE LA PAZ,33,SAN LUIS DE LA PAZ,2557,B,76,117,10,3,6,4,20,1,34,4,285,9,294,613,,,,,,,,,,,,,,,,,,,,,
11,GUANAJUATO,2,SAN LUIS DE LA PAZ,33,SAN LUIS DE LA PAZ,2557,C01,77,131,12,7,2,0,26,0,26,11,305,9,314,613,,,,,,,,,,,,,,,,,,,,,
11,GUANAJUATO,2,SAN LUIS DE LA PAZ,33,SAN LUIS DE LA PAZ,2557,C02,63,137,8,9,5,3,15,3,23,4,284,4,289,613,,,,,,,,,,,,,,,,,,,,,
11,GUANAJUATO,2,SAN LUIS DE LA PAZ,33,SAN LUIS DE LA PAZ,2557,C03,75,107,4,6,0,2,19,3,29,8,276,13,290,612,,,,,,,,,,,,,,,,,,,,,
11,GUANAJUATO,2,SAN LUIS DE LA PAZ,33,SAN LUIS DE LA PAZ,2558,B,46,115,9,10,6,3,24,2,9,0,239,18,257,616,,,,,,,,,,,,,,,,,,,,,
11,GUANAJUATO,2,SAN LUIS DE LA PAZ,33,SAN LUIS DE LA PAZ,2558,C01,53,129,6,2,6,1,16,4,20,3,258,12,270,616,,,,,,,,,,,,,,,,,,,,,
11,GUANAJUATO,2,SAN LUIS DE LA PAZ,33,SAN LUIS DE LA PAZ,2558,C02,55,124,6,3,2,3,26,3,15,4,259,15,274,615,,,,,,,,,,,,,,,,,,,,,
11,GUANAJUATO,2,SAN LUIS DE LA PAZ,33,SAN LUIS DE LA PAZ,2558,C03,37,94,11,8,3,4,19,2,24,2,223,24,247,615,,,,,,,,,,,,,,,,,,,,,
11,GUANAJUATO,2,SAN LUIS DE LA PAZ,33,SAN LUIS DE LA PAZ,2559,B,39,101,4,3,2,2,20,3,8,5,197,12,209,506,,,,,,,,,,,,,,,,,,,,,
11,GUANAJUATO,2,SAN LUIS DE LA PAZ,33,SAN LUIS DE LA PAZ,2559,C01,60,95,5,1,1,1,23,6,13,3,227,15,243,506,,,,,,,,,,,,,,,,,,,,,
11,GUANAJUATO,2,SAN LUIS DE LA PAZ,33,SAN LUIS DE LA PAZ,2559,C02,48,114,7,2,1,2,17,4,11,4,232,5,238,506,,,,,,,,,,,,,,,,,,,,,
11,GUANAJUATO,2,SAN LUIS DE LA PAZ,33,SAN LUIS DE LA PAZ,2560,B,62,166,11,8,2,7,51,1,20,9,365,14,379,709,,,,,,,,,,,,,,,,,,,,,
11,GUANAJUATO,2,SAN LUIS DE LA PAZ,33,SAN LUIS DE LA PAZ,2560,C01,70,140,9,1,2,9,25,3,13,5,309,6,315,709,,,,,,,,,,,,,,,,,,,,,
11,GUANAJUATO,2,SAN LUIS DE LA PAZ,33,SAN LUIS DE LA PAZ,2560,C02,64,143,8,7,6,6,25,1,15,8,305,15,320,709,,,,,,,,,,,,,,,,,,,,,
11,GUANAJUATO,2,SAN LUIS DE LA PAZ,33,SAN LUIS DE LA PAZ,2560,C03,69,150,20,5,6,6,36,3,24,12,357,12,370,708,,,,,,,,,,,,,,,,,,,,,
11,GUANAJUATO,2,SAN LUIS DE LA PAZ,33,SAN LUIS DE LA PAZ,2561,B,48,95,11,3,5,3,32,3,4,1,217,5,222,631,,,,,,,,,,,,,,,,,,,,,
11,GUANAJUATO,2,SAN LUIS DE LA PAZ,33,SAN LUIS DE LA PAZ,2561,C01,33,104,7,4,5,0,25,1,12,7,218,10,228,631,,,,,,,,,,,,,,,,,,,,,
11,GUANAJUATO,2,SAN LUIS DE LA PAZ,33,SAN LUIS DE LA PAZ,2561,C02,28,105,9,5,3,2,25,2,8,1,197,9,206,631,,,,,,,,,,,,,,,,,,,,,
11,GUANAJUATO,2,SAN LUIS DE LA PAZ,33,SAN LUIS DE LA PAZ,2561,C03,34,115,6,17,8,2,26,1,15,2,235,6,241,631,,,,,,,,,,,,,,,,,,,,,
11,GUANAJUATO,2,SAN LUIS DE LA PAZ,33,SAN LUIS DE LA PAZ,2561,C04,38,102,5,7,2,0,22,1,7,3,202,14,216,631,,,,,,,,,,,,,,,,,,,,,
11,GUANAJUATO,2,SAN LUIS DE LA PAZ,33,SAN LUIS DE LA PAZ,2563,B,29,51,3,6,2,0,7,0,0,1,102,13,115,327,,,,,,,,,,,,,,,,,,,,,
11,GUANAJUATO,2,SAN LUIS DE LA PAZ,33,SAN LUIS DE LA PAZ,2564,B,10,27,2,0,0,2,24,0,0,0,66,2,68,130,,,,,,,,,,,,,,,,,,,,,
11,GUANAJUATO,2,SAN LUIS DE LA PAZ,33,SAN LUIS DE LA PAZ,2566,B,11,63,1,1,5,1,9,0,1,1,95,12,107,195,,,,,,,,,,,,,,,,,,,,,
11,GUANAJUATO,2,SAN LUIS DE LA PAZ,33,SAN LUIS DE LA PAZ,2568,B,11,54,2,9,2,0,8,0,1,4,94,7,101,179,,,,,,,,,,,,,,,,,,,,,
11,GUANAJUATO,2,SAN LUIS DE LA PAZ,33,SAN LUIS DE LA PAZ,2569,B,44,165,2,9,4,1,15,8,6,9,265,15,280,530,,,,,,,,,,,,,,,,,,,,,
11,GUANAJUATO,2,SAN LUIS DE LA PAZ,33,SAN LUIS DE LA PAZ,2570,B,17,46,1,1,3,0,1,1,0,0,71,5,76,149,,,,,,,,,,,,,,,,,,,,,
11,GUANAJUATO,2,SAN LUIS DE LA PAZ,33,SAN LUIS DE LA PAZ,2571,B,25,136,18,8,4,2,18,3,8,1,224,7,231,656,,,,,,,,,,,,,,,,,,,,,
11,GUANAJUATO,2,SAN LUIS DE LA PAZ,33,SAN LUIS DE LA PAZ,2572,B,41,160,7,9,2,1,6,8,2,0,241,13,254,569,,,,,,,,,,,,,,,,,,,,,
11,GUANAJUATO,2,SAN LUIS DE LA PAZ,33,SAN LUIS DE LA PAZ,2572,C01,47,115,10,4,2,4,14,1,1,1,205,16,221,569,,,,,,,,,,,,,,,,,,,,,
11,GUANAJUATO,2,SAN LUIS DE LA PAZ,33,SAN LUIS DE LA PAZ,2573,B,58,63,6,18,2,2,13,0,1,6,179,9,188,599,,,,,,,,,,,,,,,,,,,,,
11,GUANAJUATO,2,SAN LUIS DE LA PAZ,33,SAN LUIS DE LA PAZ,2573,C01,72,73,6,10,5,4,17,0,1,0,196,10,207,599,,,,,,,,,,,,,,,,,,,,,
11,GUANAJUATO,2,SAN LUIS DE LA PAZ,33,SAN LUIS DE LA PAZ,2573,C02,65,99,0,13,3,2,15,0,5,0,211,6,217,599,,,,,,,,,,,,,,,,,,,,,
11,GUANAJUATO,2,SAN LUIS DE LA PAZ,33,SAN LUIS DE LA PAZ,2574,B,61,114,4,45,2,1,13,2,5,3,255,8,263,611,,,,,,,,,,,,,,,,,,,,,
11,GUANAJUATO,2,SAN LUIS DE LA PAZ,33,SAN LUIS DE LA PAZ,2574,C01,69,105,6,45,3,0,11,4,9,8,267,5,272,611,,,,,,,,,,,,,,,,,,,,,
11,GUANAJUATO,2,SAN LUIS DE LA PAZ,33,SAN LUIS DE LA PAZ,2574,C02,82,132,2,23,1,1,10,6,6,3,268,8,276,611,,,,,,,,,,,,,,,,,,,,,
11,GUANAJUATO,2,SAN LUIS DE LA PAZ,33,SAN LUIS DE LA PAZ,2575,B,43,185,4,9,12,5,8,3,3,0,280,23,303,616,,,,,,,,,,,,,,,,,,,,,
11,GUANAJUATO,2,SAN LUIS DE LA PAZ,33,SAN LUIS DE LA PAZ,2576,B,45,161,10,10,15,3,13,2,1,3,272,13,285,724,,,,,,,,,,,,,,,,,,,,,
11,GUANAJUATO,2,SAN LUIS DE LA PAZ,33,SAN LUIS DE LA PAZ,2577,B,22,111,2,3,1,3,9,0,1,0,156,7,163,404,,,,,,,,,,,,,,,,,,,,,
11,GUANAJUATO,2,SAN LUIS DE LA PAZ,33,SAN LUIS DE LA PAZ,2577,C01,12,108,3,0,2,1,9,0,1,0,139,7,146,404,,,,,,,,,,,,,,,,,,,,,
11,GUANAJUATO,2,SAN LUIS DE LA PAZ,33,SAN LUIS DE LA PAZ,2578,B,47,159,2,3,2,4,10,0,1,0,231,4,235,553,,,,,,,,,,,,,,,,,,,,,
11,GUANAJUATO,2,SAN LUIS DE LA PAZ,33,SAN LUIS DE LA PAZ,2578,E01,9,39,1,1,0,1,7,0,1,0,59,2,61,186,,,,,,,,,,,,,,,,,,,,,
11,GUANAJUATO,2,SAN LUIS DE LA PAZ,33,SAN LUIS DE LA PAZ,2579,B,52,144,9,14,1,3,14,2,8,5,258,6,264,644,,,,,,,,,,,,,,,,,,,,,
11,GUANAJUATO,2,SAN LUIS DE LA PAZ,33,SAN LUIS DE LA PAZ,2579,C01,62,135,5,7,5,2,20,0,6,6,256,7,263,644,,,,,,,,,,,,,,,,,,,,,
11,GUANAJUATO,2,SAN LUIS DE LA PAZ,33,SAN LUIS DE LA PAZ,2579,C02,90,129,7,8,2,1,29,3,6,4,291,12,303,643,,,,,,,,,,,,,,,,,,,,,
11,GUANAJUATO,2,SAN LUIS DE LA PAZ,33,SAN LUIS DE LA PAZ,2580,B,16,77,5,11,7,0,9,0,4,1,140,10,150,271,,,,,,,,,,,,,,,,,,,,,
11,GUANAJUATO,2,SAN LUIS DE LA PAZ,33,SAN LUIS DE LA PAZ,2581,B,99,104,8,5,3,0,27,2,3,4,258,3,261,685,,,,,,,,,,,,,,,,,,,,,
11,GUANAJUATO,2,SAN LUIS DE LA PAZ,33,SAN LUIS DE LA PAZ,2581,C01,95,108,7,13,4,3,15,0,6,1,257,14,271,685,,,,,,,,,,,,,,,,,,,,,
11,GUANAJUATO,2,SAN LUIS DE LA PAZ,33,SAN LUIS DE LA PAZ,2581,C02,72,106,8,4,2,2,18,1,7,1,227,12,239,685,,,,,,,,,,,,,,,,,,,,,
11,GUANAJUATO,2,SAN LUIS DE LA PAZ,33,SAN LUIS DE LA PAZ,2581,C03,76,121,2,6,2,0,15,1,5,7,241,8,249,685,,,,,,,,,,,,,,,,,,,,,
11,GUANAJUATO,2,SAN LUIS DE LA PAZ,33,SAN LUIS DE LA PAZ,2582,B,67,171,7,3,11,1,16,0,0,0,281,10,291,736,,,,,,,,,,,,,,,,,,,,,
11,GUANAJUATO,2,SAN LUIS DE LA PAZ,33,SAN LUIS DE LA PAZ,2582,C01,49,152,3,4,7,0,20,0,3,0,250,10,260,736,,,,,,,,,,,,,,,,,,,,,
11,GUANAJUATO,2,SAN LUIS DE LA PAZ,33,SAN LUIS DE LA PAZ,2583,B,55,116,5,5,8,1,20,0,1,9,224,12,236,624,,,,,,,,,,,,,,,,,,,,,
11,GUANAJUATO,2,SAN LUIS DE LA PAZ,33,SAN LUIS DE LA PAZ,2583,C01,47,153,11,8,4,3,12,1,2,9,251,7,258,623,,,,,,,,,,,,,,,,,,,,,
11,GUANAJUATO,2,SAN LUIS DE LA PAZ,33,SAN LUIS DE LA PAZ,2584,B,94,120,0,1,2,3,14,0,1,5,244,15,259,605,,,,,,,,,,,,,,,,,,,,,
11,GUANAJUATO,2,SAN LUIS DE LA PAZ,33,SAN LUIS DE LA PAZ,2584,C01,76,114,0,5,0,2,14,1,1,1,214,6,220,605,,,,,,,,,,,,,,,,,,,,,
11,GUANAJUATO,2,SAN LUIS DE LA PAZ,33,SAN LUIS DE LA PAZ,2584,C02,76,133,2,7,2,2,20,1,1,1,247,4,251,605,,,,,,,,,,,,,,,,,,,,,
11,GUANAJUATO,2,SAN LUIS DE LA PAZ,33,SAN LUIS DE LA PAZ,2585,B,22,110,10,12,6,2,21,2,9,1,206,9,215,528,,,,,,,,,,,,,,,,,,,,,
11,GUANAJUATO,2,SAN LUIS DE LA PAZ,33,SAN LUIS DE LA PAZ,2585,C01,30,92,16,7,4,1,33,1,3,1,201,6,207,527,,,,,,,,,,,,,,,,,,,,,
11,GUANAJUATO,2,SAN LUIS DE LA PAZ,33,SAN LUIS DE LA PAZ,2585,C02,41,121,17,4,6,2,14,0,6,0,217,11,228,527,,,,,,,,,,,,,,,,,,,,,
11,GUANAJUATO,2,SAN LUIS DE LA PAZ,33,SAN LUIS DE LA PAZ,2586,B,60,93,9,6,5,1,26,8,14,2,236,28,264,695,,,,,,,,,,,,,,,,,,,,,
11,GUANAJUATO,2,SAN LUIS DE LA PAZ,33,SAN LUIS DE LA PAZ,2586,C01,70,70,9,8,7,5,26,17,12,4,236,7,243,694,,,,,,,,,,,,,,,,,,,,,
11,GUANAJUATO,2,SAN LUIS DE LA PAZ,33,SAN LUIS DE LA PAZ,2586,C02,57,92,10,7,2,0,20,12,5,4,216,17,233,694,,,,,,,,,,,,,,,,,,,,,
11,GUANAJUATO,2,SAN LUIS DE LA PAZ,33,SAN LUIS DE LA PAZ,2587,B,45,77,8,3,9,1,24,10,9,2,204,8,216,712,,,,,,,,,,,,,,,,,,,,,
11,GUANAJUATO,2,SAN LUIS DE LA PAZ,33,SAN LUIS DE LA PAZ,2587,C01,35,58,6,5,1,3,11,5,9,4,161,13,174,712,,,,,,,,,,,,,,,,,,,,,
11,GUANAJUATO,2,SAN LUIS DE LA PAZ,33,SAN LUIS DE LA PAZ,2587,C02,70,58,5,7,3,4,19,9,7,1,192,6,198,712,,,,,,,,,,,,,,,,,,,,,
11,GUANAJUATO,2,SAN LUIS DE LA PAZ,33,SAN LUIS DE LA PAZ,2587,C03,56,61,12,7,3,5,25,9,3,3,198,8,206,712,,,,,,,,,,,,,,,,,,,,,
11,GUANAJUATO,2,SAN LUIS DE LA PAZ,33,SAN LUIS DE LA PAZ,2587,C04,55,80,7,2,4,5,21,6,6,3,199,10,209,712,,,,,,,,,,,,,,,,,,,,,
11,GUANAJUATO,2,SAN LUIS DE LA PAZ,33,SAN LUIS DE LA PAZ,2587,C05,43,111,6,6,4,3,17,6,7,2,210,12,222,712,,,,,,,,,,,,,,,,,,,,,
11,GUANAJUATO,2,SAN LUIS DE LA PAZ,33,SAN LUIS DE LA PAZ,2587,C06,59,84,5,4,3,1,25,9,5,2,214,6,220,711,,,,,,,,,,,,,,,,,,,,,
11,GUANAJUATO,2,SAN LUIS DE LA PAZ,33,SAN LUIS DE LA PAZ,2587,C07,48,86,7,3,3,1,22,18,12,5,212,7,219,711,,,,,,,,,,,,,,,,,,,,,
11,GUANAJUATO,2,SAN LUIS DE LA PAZ,33,SAN LUIS DE LA PAZ,2588,B,48,110,8,8,8,0,13,2,13,8,230,6,236,705,,,,,,,,,,,,,,,,,,,,,
11,GUANAJUATO,2,SAN LUIS DE LA PAZ,33,SAN LUIS DE LA PAZ,2588,C01,34,100,8,6,4,1,28,1,10,6,208,18,227,705,,,,,,,,,,,,,,,,,,,,,
11,GUANAJUATO,2,SAN LUIS DE LA PAZ,33,SAN LUIS DE LA PAZ,2588,C02,36,99,7,6,4,0,24,3,15,1,210,7,218,705,,,,,,,,,,,,,,,,,,,,,
11,GUANAJUATO,2,SAN LUIS DE LA PAZ,33,SAN LUIS DE LA PAZ,2588,C03,45,98,5,8,3,3,22,1,10,6,214,16,230,705,,,,,,,,,,,,,,,,,,,,,
11,GUANAJUATO,2,SAN LUIS DE LA PAZ,33,SAN LUIS DE LA PAZ,2589,B,41,136,4,4,2,2,17,1,2,0,220,4,224,569,,,,,,,,,,,,,,,,,,,,,
11,GUANAJUATO,2,SAN LUIS DE LA PAZ,33,SAN LUIS DE LA PAZ,2589,C01,22,172,5,5,4,3,11,1,1,2,231,6,237,569,,,,,,,,,,,,,,,,,,,,,
11,GUANAJUATO,2,SAN LUIS DE LA PAZ,33,SAN LUIS DE LA PAZ,2589,C02,26,176,1,4,2,10,9,7,2,0,240,3,243,568,,,,,,,,,,,,,,,,,,,,,
11,GUANAJUATO,2,SAN LUIS DE LA PAZ,33,SAN LUIS DE LA PAZ,2590,B,39,152,2,7,4,5,24,1,6,1,245,11,256,513,,,,,,,,,,,,,,,,,,,,,
11,GUANAJUATO,2,SAN LUIS DE LA PAZ,33,SAN LUIS DE LA PAZ,2590,C01,50,88,6,4,2,0,16,2,11,0,181,5,186,513,,,,,,,,,,,,,,,,,,,,,
11,GUANAJUATO,2,SAN LUIS DE LA PAZ,33,SAN LUIS DE LA PAZ,2590,C02,50,143,9,2,0,6,11,0,2,0,227,12,239,512,,,,,,,,,,,,,,,,,,,,,
11,GUANAJUATO,2,SAN LUIS DE LA PAZ,33,SAN LUIS DE LA PAZ,2591,B,27,167,15,3,2,1,36,3,6,2,286,13,299,619,,,,,,,,,,,,,,,,,,,,,
11,GUANAJUATO,2,SAN LUIS DE LA PAZ,33,SAN LUIS DE LA PAZ,2591,C01,54,158,6,3,7,2,27,1,5,5,287,19,306,618,,,,,,,,,,,,,,,,,,,,,
11,GUANAJUATO,2,SAN LUIS DE LA PAZ,33,SAN LUIS DE LA PAZ,2592,B,45,159,6,9,4,6,32,1,7,6,289,16,305,645,,,,,,,,,,,,,,,,,,,,,
11,GUANAJUATO,2,SAN LUIS DE LA PAZ,33,SAN LUIS DE LA PAZ,2592,C01,40,173,3,7,2,4,20,3,9,8,280,13,293,644,,,,,,,,,,,,,,,,,,,,,
11,GUANAJUATO,2,SAN LUIS DE LA PAZ,33,SAN LUIS DE LA PAZ,2593,B,45,148,3,6,6,1,41,2,15,6,279,18,297,686,,,,,,,,,,,,,,,,,,,,,
11,GUANAJUATO,2,SAN LUIS DE LA PAZ,33,SAN LUIS DE LA PAZ,2593,E01,168,109,13,6,5,1,29,0,1,1,341,9,350,635,,,,,,,,,,,,,,,,,,,,,
11,GUANAJUATO,2,SAN LUIS DE LA PAZ,33,SAN LUIS DE LA PAZ,2594,B,35,139,1,3,3,3,7,2,1,4,202,7,209,534,,,,,,,,,,,,,,,,,,,,,
11,GUANAJUATO,2,SAN LUIS DE LA PAZ,33,SAN LUIS DE LA PAZ,2594,C01,32,123,5,3,3,0,10,6,1,4,196,4,200,534,,,,,,,,,,,,,,,,,,,,,
11,GUANAJUATO,2,SAN LUIS DE LA PAZ,33,SAN LUIS DE LA PAZ,2595,B,61,144,8,4,4,2,5,2,2,2,241,20,261,664,,,,,,,,,,,,,,,,,,,,,
11,GUANAJUATO,2,SAN LUIS DE LA PAZ,33,SAN LUIS DE LA PAZ,2595,C01,74,140,3,9,3,0,12,3,1,2,252,8,260,664,,,,,,,,,,,,,,,,,,,,,
11,GUANAJUATO,2,SAN LUIS DE LA PAZ,33,SAN LUIS DE LA PAZ,2595,C02,56,132,7,4,2,1,9,1,1,2,224,7,231,663,,,,,,,,,,,,,,,,,,,,,
11,GUANAJUATO,2,SAN LUIS DE LA PAZ,33,SAN LUIS DE LA PAZ,2596,B,71,96,4,3,2,0,11,1,2,6,198,9,207,608,,,,,,,,,,,,,,,,,,,,,
11,GUANAJUATO,2,SAN LUIS DE LA PAZ,33,SAN LUIS DE LA PAZ,2597,B,66,105,5,4,3,0,14,0,1,3,206,11,217,701,,,,,,,,,,,,,,,,,,,,,
11,GUANAJUATO,2,SAN LUIS DE LA PAZ,33,SAN LUIS DE LA PAZ,2597,C01,127,118,0,5,1,0,6,0,3,10,273,8,281,701,,,,,,,,,,,,,,,,,,,,,
11,GUANAJUATO,2,SAN LUIS DE LA PAZ,33,SAN LUIS DE LA PAZ,2598,B,67,120,8,8,3,1,19,0,6,0,242,10,252,624,,,,,,,,,,,,,,,,,,,,,
11,GUANAJUATO,2,SAN LUIS DE LA PAZ,33,SAN LUIS DE LA PAZ,2598,C01,89,110,2,3,0,0,13,3,3,1,228,10,238,623,,,,,,,,,,,,,,,,,,,,,
11,GUANAJUATO,2,SAN LUIS DE LA PAZ,33,SAN LUIS DE LA PAZ,2598,C02,71,112,7,5,2,0,13,0,8,3,222,3,225,623,,,,,,,,,,,,,,,,,,,,,
11,GUANAJUATO,2,SAN LUIS DE LA PAZ,33,SAN LUIS DE LA PAZ,2598,C03,57,147,4,4,2,8,8,2,8,2,247,8,255,623,,,,,,,,,,,,,,,,,,,,,
11,GUANAJUATO,2,SAN LUIS DE LA PAZ,33,SAN LUIS DE LA PAZ,2599,B,30,141,3,1,3,1,27,0,4,1,215,7,222,653,,,,,,,,,,,,,,,,,,,,,
11,GUANAJUATO,2,SAN LUIS DE LA PAZ,33,SAN LUIS DE LA PAZ,2599,C01,33,132,3,6,3,2,39,1,0,2,225,5,230,653,,,,,,,,,,,,,,,,,,,,,
11,GUANAJUATO,2,SAN LUIS DE LA PAZ,33,SAN LUIS DE LA PAZ,2599,C02,30,137,4,3,0,2,40,1,5,2,226,6,232,653,,,,,,,,,,,,,,,,,,,,,
11,GUANAJUATO,2,SAN LUIS DE LA PAZ,33,SAN LUIS DE LA PAZ,2600,B,38,136,12,7,3,3,19,0,3,1,234,14,248,714,,,,,,,,,,,,,,,,,,,,,
11,GUANAJUATO,2,SAN LUIS DE LA PAZ,33,SAN LUIS DE LA PAZ,2600,C01,36,126,8,9,5,5,25,1,2,3,230,15,245,713,,,,,,,,,,,,,,,,,,,,,
11,GUANAJUATO,2,SAN LUIS DE LA PAZ,33,SAN LUIS DE LA PAZ,2601,B,22,138,4,2,0,3,25,0,1,0,201,8,209,579,,,,,,,,,,,,,,,,,,,,,
11,GUANAJUATO,2,SAN LUIS DE LA PAZ,33,SAN LUIS DE LA PAZ,2601,C01,34,106,5,3,2,1,24,2,2,0,182,0,182,578,,,,,,,,,,,,,,,,,,,,,
11,GUANAJUATO,2,SAN LUIS DE LA PAZ,33,SAN LUIS DE LA PAZ,2601,C02,26,94,1,3,0,3,21,3,3,0,154,6,160,578,,,,,,,,,,,,,,,,,,,,,
11,GUANAJUATO,2,SAN LUIS DE LA PAZ,33,SAN LUIS DE LA PAZ,2601,C03,21,110,4,0,1,1,14,1,1,0,160,5,165,578,,,,,,,,,,,,,,,,,,,,,
11,GUANAJUATO,2,SAN LUIS DE LA PAZ,33,SAN LUIS DE LA PAZ,2602,B,52,69,4,2,2,2,45,0,5,1,184,6,190,638,,,,,,,,,,,,,,,,,,,,,
11,GUANAJUATO,2,SAN LUIS DE LA PAZ,33,SAN LUIS DE LA PAZ,2602,C01,46,97,6,4,0,4,48,2,10,2,219,13,232,638,,,,,,,,,,,,,,,,,,,,,
11,GUANAJUATO,2,SAN LUIS DE LA PAZ,33,SAN LUIS DE LA PAZ,2602,C02,56,77,5,4,0,0,63,0,3,5,215,8,223,638,,,,,,,,,,,,,,,,,,,,,
11,GUANAJUATO,2,SAN LUIS DE LA PAZ,33,SAN LUIS DE LA PAZ,2602,C03,39,84,8,6,1,3,45,1,3,1,192,14,206,638,,,,,,,,,,,,,,,,,,,,,
11,GUANAJUATO,2,SAN LUIS DE LA PAZ,34,SANTA CATARINA,2603,B,148,140,4,3,,,94,6,,,398,8,406,601,,,,,,,,,,,,,,,,,,,,,
11,GUANAJUATO,2,SAN LUIS DE LA PAZ,34,SANTA CATARINA,2603,C01,153,132,6,10,,,94,4,,,403,10,413,600,,,,,,,,,,,,,,,,,,,,,
11,GUANAJUATO,2,SAN LUIS DE LA PAZ,34,SANTA CATARINA,2603,C02,141,139,0,10,,,89,3,,,383,5,389,600,,,,,,,,,,,,,,,,,,,,,
11,GUANAJUATO,2,SAN LUIS DE LA PAZ,34,SANTA CATARINA,2604,B,138,130,7,12,,,59,3,,,354,11,365,543,,,,,,,,,,,,,,,,,,,,,
11,GUANAJUATO,2,SAN LUIS DE LA PAZ,34,SANTA CATARINA,2604,C01,138,149,15,9,,,69,2,,,386,5,391,543,,,,,,,,,,,,,,,,,,,,,
11,GUANAJUATO,2,SAN LUIS DE LA PAZ,34,SANTA CATARINA,2604,C02,169,111,8,10,,,76,4,,,382,5,387,542,,,,,,,,,,,,,,,,,,,,,
11,GUANAJUATO,2,SAN LUIS DE LA PAZ,34,SANTA CATARINA,2605,B,246,88,2,8,,,29,3,,,377,5,382,574,,,,,,,,,,,,,,,,,,,,,
11,GUANAJUATO,2,SAN LUIS DE LA PAZ,34,SANTA CATARINA,2605,E01,50,59,2,4,,,8,4,,,128,1,129,186,,,,,,,,,,,,,,,,,,,,,
11,GUANAJUATO,2,SAN LUIS DE LA PAZ,34,SANTA CATARINA,2606,B,69,68,1,5,,,19,0,,,165,2,167,216,,,,,,,,,,,,,,,,,,,,,
11,GUANAJUATO,2,SAN LUIS DE LA PAZ,34,SANTA CATARINA,2607,B,58,57,12,4,,,66,7,,,208,4,212,283,,,,,,,,,,,,,,,,,,,,,
11,GUANAJUATO,2,SAN LUIS DE LA PAZ,40,TIERRA BLANCA,2778,B,68,119,146,,6,,53,48,,,440,9,450,648,,,,,,,,,,,,,,,,,,,,,
11,GUANAJUATO,2,SAN LUIS DE LA PAZ,40,TIERRA BLANCA,2778,C01,72,137,123,,1,,35,60,,,428,9,437,648,,,,,,,,,,,,,,,,,,,,,
11,GUANAJUATO,2,SAN LUIS DE LA PAZ,40,TIERRA BLANCA,2778,C02,57,123,163,,7,,36,43,,,429,8,437,647,,,,,,,,,,,,,,,,,,,,,
11,GUANAJUATO,2,SAN LUIS DE LA PAZ,40,TIERRA BLANCA,2778,C03,66,103,160,,2,,47,48,,,426,6,432,647,,,,,,,,,,,,,,,,,,,,,
11,GUANAJUATO,2,SAN LUIS DE LA PAZ,40,TIERRA BLANCA,2779,B,35,69,44,,1,,27,59,,,235,5,241,341,,,,,,,,,,,,,,,,,,,,,
11,GUANAJUATO,2,SAN LUIS DE LA PAZ,40,TIERRA BLANCA,2779,E01,99,60,100,,8,,139,31,,,437,16,453,597,,,,,,,,,,,,,,,,,,,,,
11,GUANAJUATO,2,SAN LUIS DE LA PAZ,40,TIERRA BLANCA,2779,E01C01,103,53,108,,8,,109,40,,,421,22,443,596,,,,,,,,,,,,,,,,,,,,,
11,GUANAJUATO,2,SAN LUIS DE LA PAZ,40,TIERRA BLANCA,2780,B,108,173,139,,7,,70,87,,,584,9,593,859,,,,,,,,,,,,,,,,,,,,,
11,GUANAJUATO,2,SAN LUIS DE LA PAZ,40,TIERRA BLANCA,2780,C01,95,106,153,,4,,59,80,,,497,8,505,745,,,,,,,,,,,,,,,,,,,,,
11,GUANAJUATO,2,SAN LUIS DE LA PAZ,40,TIERRA BLANCA,2781,B,75,39,218,,25,,52,7,,,416,9,425,581,,,,,,,,,,,,,,,,,,,,,
11,GUANAJUATO,2,SAN LUIS DE LA PAZ,40,TIERRA BLANCA,2781,C01,61,39,209,,24,,53,14,,,400,13,414,580,,,,,,,,,,,,,,,,,,,,,
11,GUANAJUATO,2,SAN LUIS DE LA PAZ,40,TIERRA BLANCA,2781,C02,76,19,178,,13,,78,6,,,370,6,376,580,,,,,,,,,,,,,,,,,,,,,
11,GUANAJUATO,2,SAN LUIS DE LA PAZ,40,TIERRA BLANCA,2782,B,30,49,37,,2,,50,13,,,181,7,188,327,,,,,,,,,,,,,,,,,,,,,
11,GUANAJUATO,2,SAN LUIS DE LA PAZ,40,TIERRA BLANCA,2783,B,74,30,124,,13,,196,5,,,442,13,455,638,,,,,,,,,,,,,,,,,,,,,
11,GUANAJUATO,2,SAN LUIS DE LA PAZ,40,TIERRA BLANCA,2783,C01,58,44,118,,19,,186,10,,,435,26,461,637,,,,,,,,,,,,,,,,,,,,,
11,GUANAJUATO,2,SAN LUIS DE LA PAZ,40,TIERRA BLANCA,2783,C02,79,38,97,,9,,190,15,,,428,19,447,637,,,,,,,,,,,,,,,,,,,,,
11,GUANAJUATO,2,SAN LUIS DE LA PAZ,40,TIERRA BLANCA,2784,B,127,125,131,,9,,65,22,,,479,13,492,731,,,,,,,,,,,,,,,,,,,,,
11,GUANAJUATO,2,SAN LUIS DE LA PAZ,40,TIERRA BLANCA,2784,C01,128,134,92,,3,,65,25,,,447,13,460,731,,,,,,,,,,,,,,,,,,,,,
11,GUANAJUATO,2,SAN LUIS DE LA PAZ,40,TIERRA BLANCA,2785,B,97,92,240,,20,,75,11,,,535,26,561,742,,,,,,,,,,,,,,,,,,,,,
11,GUANAJUATO,2,SAN LUIS DE LA PAZ,40,TIERRA BLANCA,2785,C01,85,89,254,,41,,72,13,,,554,9,564,742,,,,,,,,,,,,,,,,,,,,,
11,GUANAJUATO,2,SAN LUIS DE LA PAZ,40,TIERRA BLANCA,2785,C02,113,64,247,,10,,69,21,,,524,10,534,742,,,,,,,,,,,,,,,,,,,,,
11,GUANAJUATO,2,SAN LUIS DE LA PAZ,40,TIERRA BLANCA,2787,B,43,157,142,,26,,39,29,,,436,10,446,642,,,,,,,,,,,,,,,,,,,,,
11,GUANAJUATO,2,SAN LUIS DE LA PAZ,40,TIERRA BLANCA,2789,B,29,26,41,,1,,3,9,,,109,6,115,158,,,,,,,,,,,,,,,,,,,,,
11,GUANAJUATO,2,SAN LUIS DE LA PAZ,43,VICTORIA,2891,B,189,78,,0,40,1,,8,12,,413,12,425,562,,,,,,,,,,,,,,,,,,,,,
11,GUANAJUATO,2,SAN LUIS DE LA PAZ,43,VICTORIA,2891,C01,182,77,,0,38,1,,1,10,,416,8,424,561,,,,,,,,,,,,,,,,,,,,,
11,GUANAJUATO,2,SAN LUIS DE LA PAZ,43,VICTORIA,2891,C02,160,104,,1,36,1,,0,15,,392,8,400,561,,,,,,,,,,,,,,,,,,,,,
11,GUANAJUATO,2,SAN LUIS DE LA PAZ,43,VICTORIA,2892,B,198,78,,3,35,3,,7,22,,441,19,460,707,,,,,,,,,,,,,,,,,,,,,
11,GUANAJUATO,2,SAN LUIS DE LA PAZ,43,VICTORIA,2892,C01,192,92,,1,37,2,,1,11,,445,13,458,707,,,,,,,,,,,,,,,,,,,,,
11,GUANAJUATO,2,SAN LUIS DE LA PAZ,43,VICTORIA,2892,C02,172,79,,3,43,0,,0,19,,429,22,452,706,,,,,,,,,,,,,,,,,,,,,
11,GUANAJUATO,2,SAN LUIS DE LA PAZ,43,VICTORIA,2893,B,43,12,,1,21,0,,1,3,,93,13,106,180,,,,,,,,,,,,,,,,,,,,,
11,GUANAJUATO,2,SAN LUIS DE LA PAZ,43,VICTORIA,2894,B,99,22,,4,89,1,,2,10,,251,15,266,527,,,,,,,,,,,,,,,,,,,,,
11,GUANAJUATO,2,SAN LUIS DE LA PAZ,43,VICTORIA,2895,B,162,36,,4,131,0,,0,2,,347,5,352,578,,,,,,,,,,,,,,,,,,,,,
11,GUANAJUATO,2,SAN LUIS DE LA PAZ,43,VICTORIA,2896,B,12,44,,0,12,1,,1,2,,77,3,80,181,,,,,,,,,,,,,,,,,,,,,
11,GUANAJUATO,2,SAN LUIS DE LA PAZ,43,VICTORIA,2897,B,120,61,,5,58,2,,2,9,,328,13,341,672,,,,,,,,,,,,,,,,,,,,,
11,GUANAJUATO,2,SAN LUIS DE LA PAZ,43,VICTORIA,2898,B,86,60,,4,34,0,,1,11,,225,9,234,511,,,,,,,,,,,,,,,,,,,,,
11,GUANAJUATO,2,SAN LUIS DE LA PAZ,43,VICTORIA,2899,B,91,72,,1,13,0,,6,15,,237,11,248,468,,,,,,,,,,,,,,,,,,,,,
11,GUANAJUATO,2,SAN LUIS DE LA PAZ,43,VICTORIA,2899,C01,95,62,,3,31,0,,3,25,,254,12,266,467,,,,,,,,,,,,,,,,,,,,,
11,GUANAJUATO,2,SAN LUIS DE LA PAZ,43,VICTORIA,2899,E01,78,63,,0,21,1,,1,23,,200,16,216,379,,,,,,,,,,,,,,,,,,,,,
11,GUANAJUATO,2,SAN LUIS DE LA PAZ,43,VICTORIA,2899,E01C01,74,83,,2,24,1,,5,24,,225,9,234,378,,,,,,,,,,,,,,,,,,,,,
11,GUANAJUATO,2,SAN LUIS DE LA PAZ,43,VICTORIA,2900,B,98,103,,0,27,1,,1,21,,270,19,289,525,,,,,,,,,,,,,,,,,,,,,
11,GUANAJUATO,2,SAN LUIS DE LA PAZ,43,VICTORIA,2900,C01,96,147,,2,12,0,,1,22,,316,16,332,524,,,,,,,,,,,,,,,,,,,,,
11,GUANAJUATO,2,SAN LUIS DE LA PAZ,43,VICTORIA,2900,C02,97,178,,2,21,1,,1,13,,328,9,337,524,,,,,,,,,,,,,,,,,,,,,
11,GUANAJUATO,2,SAN LUIS DE LA PAZ,43,VICTORIA,2901,B,242,43,,1,120,2,,2,11,,459,6,465,733,,,,,,,,,,,,,,,,,,,,,
11,GUANAJUATO,2,SAN LUIS DE LA PAZ,43,VICTORIA,2902,B,161,63,,5,16,1,,1,21,,343,14,357,587,,,,,,,,,,,,,,,,,,,,,
11,GUANAJUATO,2,SAN LUIS DE LA PAZ,43,VICTORIA,2902,C01,171,79,,0,32,1,,0,11,,343,12,355,586,,,,,,,,,,,,,,,,,,,,,
11,GUANAJUATO,2,SAN LUIS DE LA PAZ,43,VICTORIA,2903,B,148,127,,2,50,0,,1,22,,408,20,428,695,,,,,,,,,,,,,,,,,,,,,
11,GUANAJUATO,2,SAN LUIS DE LA PAZ,43,VICTORIA,2903,C01,113,147,,1,39,1,,3,18,,388,18,406,695,,,,,,,,,,,,,,,,,,,,,
11,GUANAJUATO,2,SAN LUIS DE LA PAZ,43,VICTORIA,2903,C02,108,136,,1,36,0,,0,25,,385,12,397,695,,,,,,,,,,,,,,,,,,,,,
11,GUANAJUATO,2,SAN LUIS DE LA PAZ,43,VICTORIA,2904,B,103,78,,0,56,2,,3,13,,304,14,318,454,,,,,,,,,,,,,,,,,,,,,
11,GUANAJUATO,2,SAN LUIS DE LA PAZ,43,VICTORIA,2904,C01,90,65,,0,53,1,,1,16,,301,19,320,453,,,,,,,,,,,,,,,,,,,,,
11,GUANAJUATO,2,SAN LUIS DE LA PAZ,43,VICTORIA,2905,B,131,104,,1,61,0,,1,9,,418,20,438,676,,,,,,,,,,,,,,,,,,,,,
11,GUANAJUATO,2,SAN LUIS DE LA PAZ,43,VICTORIA,2905,C01,123,81,,0,79,0,,0,7,,414,7,421,676,,,,,,,,,,,,,,,,,,,,,
11,GUANAJUATO,2,SAN LUIS DE LA PAZ,45,XICHU,2934,B,103,11,151,,,1,11,,2,,279,9,288,428,,,,,,,,,,,,,,,,,,,,,
11,GUANAJUATO,2,SAN LUIS DE LA PAZ,45,XICHU,2935,B,186,8,216,,,4,41,,2,,457,9,467,675,,,,,,,,,,,,,,,,,,,,,
11,GUANAJUATO,2,SAN LUIS DE LA PAZ,45,XICHU,2935,C01,195,9,208,,,0,40,,6,,458,8,466,674,,,,,,,,,,,,,,,,,,,,,
11,GUANAJUATO,2,SAN LUIS DE LA PAZ,45,XICHU,2935,E01,96,2,128,,,0,9,,5,,240,5,245,322,,,,,,,,,,,,,,,,,,,,,
11,GUANAJUATO,2,SAN LUIS DE LA PAZ,45,XICHU,2936,B,119,4,95,,,1,15,,1,,235,5,240,326,,,,,,,,,,,,,,,,,,,,,
11,GUANAJUATO,2,SAN LUIS DE LA PAZ,45,XICHU,2937,B,30,1,48,,,1,9,,1,,90,2,92,143,,,,,,,,,,,,,,,,,,,,,
11,GUANAJUATO,2,SAN LUIS DE LA PAZ,45,XICHU,2937,E01,122,2,44,,,0,17,,3,,188,0,188,308,,,,,,,,,,,,,,,,,,,,,
11,GUANAJUATO,2,SAN LUIS DE LA PAZ,45,XICHU,2938,B,84,1,88,,,1,29,,3,,206,8,214,310,,,,,,,,,,,,,,,,,,,,,
11,GUANAJUATO,2,SAN LUIS DE LA PAZ,45,XICHU,2938,E01,38,1,36,,,0,2,,0,,77,0,77,98,,,,,,,,,,,,,,,,,,,,,
11,GUANAJUATO,2,SAN LUIS DE LA PAZ,45,XICHU,2939,B,129,1,102,,,0,9,,0,,241,5,246,333,,,,,,,,,,,,,,,,,,,,,
11,GUANAJUATO,2,SAN LUIS DE LA PAZ,45,XICHU,2940,B,251,1,213,,,0,9,,2,,476,8,484,650,,,,,,,,,,,,,,,,,,,,,
11,GUANAJUATO,2,SAN LUIS DE LA PAZ,45,XICHU,2940,E01,164,1,136,,,1,3,,0,,305,2,307,413,,,,,,,,,,,,,,,,,,,,,
11,GUANAJUATO,2,SAN LUIS DE LA PAZ,45,XICHU,2941,B,48,1,102,,,0,26,,6,,183,3,186,274,,,,,,,,,,,,,,,,,,,,,
11,GUANAJUATO,2,SAN LUIS DE LA PAZ,45,XICHU,2941,E01,23,1,32,,,0,6,,6,,68,2,70,91,,,,,,,,,,,,,,,,,,,,,
11,GUANAJUATO,2,SAN LUIS DE LA PAZ,45,XICHU,2942,B,99,1,137,,,0,9,,2,,248,1,249,351,,,,,,,,,,,,,,,,,,,,,
11,GUANAJUATO,2,SAN LUIS DE LA PAZ,45,XICHU,2942,E01,147,3,216,,,2,2,,0,,370,6,376,589,,,,,,,,,,,,,,,,,,,,,
11,GUANAJUATO,2,SAN LUIS DE LA PAZ,45,XICHU,2943,B,103,3,158,,,1,8,,3,,276,9,285,385,,,,,,,,,,,,,,,,,,,,,
11,GUANAJUATO,2,SAN LUIS DE LA PAZ,45,XICHU,2943,E01,123,15,83,,,0,32,,5,,258,7,265,397,,,,,,,,,,,,,,,,,,,,,
11,GUANAJUATO,2,SAN LUIS DE LA PAZ,45,XICHU,2944,B,152,10,180,,,2,69,,11,,424,10,434,719,,,,,,,,,,,,,,,,,,,,,
11,GUANAJUATO,2,SAN LUIS DE LA PAZ,45,XICHU,2945,B,95,29,78,,,0,12,,1,,215,8,223,289,,,,,,,,,,,,,,,,,,,,,
11,GUANAJUATO,2,SAN LUIS DE LA PAZ,45,XICHU,2945,E01,30,1,60,,,0,1,,3,,95,1,96,132,,,,,,,,,,,,,,,,,,,,,
11,GUANAJUATO,2,SAN LUIS DE LA PAZ,45,XICHU,2946,B,106,1,170,,,9,20,,2,,308,5,313,440,,,,,,,,,,,,,,,,,,,,,
11,GUANAJUATO,2,SAN LUIS DE LA PAZ,45,XICHU,2948,B,156,2,99,,,0,10,,1,,268,4,272,364,,,,,,,,,,,,,,,,,,,,,
11,GUANAJUATO,3,LEON,20,LEON,1261,B,127,21,3,8,3,7,40,2,6,3,221,4,225,663,,,,,,,,,,,,,,,,,,,,,
11,GUANAJUATO,3,LEON,20,LEON,1261,C01,131,26,1,9,1,3,53,1,1,1,229,4,233,663,,,,,,,,,,,,,,,,,,,,,
11,GUANAJUATO,3,LEON,20,LEON,1261,C02,120,21,1,7,1,7,38,2,0,1,199,7,206,662,,,,,,,,,,,,,,,,,,,,,
11,GUANAJUATO,3,LEON,20,LEON,1261,C03,127,17,4,8,4,13,50,0,2,2,228,7,236,662,,,,,,,,,,,,,,,,,,,,,
11,GUANAJUATO,3,LEON,20,LEON,1261,C04,105,29,3,16,1,10,53,1,0,0,221,7,228,662,,,,,,,,,,,,,,,,,,,,,
11,GUANAJUATO,3,LEON,20,LEON,1261,C05,154,19,3,9,2,5,38,1,0,0,233,4,237,662,,,,,,,,,,,,,,,,,,,,,
11,GUANAJUATO,3,LEON,20,LEON,1261,C06,127,25,2,13,4,6,40,6,0,2,229,1,230,662,,,,,,,,,,,,,,,,,,,,,
11,GUANAJUATO,3,LEON,20,LEON,1262,B,115,18,2,6,4,4,33,0,0,2,184,1,186,698,,,,,,,,,,,,,,,,,,,,,
11,GUANAJUATO,3,LEON,20,LEON,1262,C01,136,19,2,6,0,7,33,1,0,0,207,5,212,697,,,,,,,,,,,,,,,,,,,,,
11,GUANAJUATO,3,LEON,20,LEON,1263,B,171,10,2,1,2,5,37,3,1,1,234,11,245,569,,,,,,,,,,,,,,,,,,,,,
11,GUANAJUATO,3,LEON,20,LEON,1263,C01,141,22,2,2,1,2,54,1,1,0,226,7,233,568,,,,,,,,,,,,,,,,,,,,,
11,GUANAJUATO,3,LEON,20,LEON,1264,B,167,22,1,4,1,30,2,0,0,0,227,3,230,688,,,,,,,,,,,,,,,,,,,,,
11,GUANAJUATO,3,LEON,20,LEON,1264,C01,145,21,0,3,2,5,35,1,1,0,214,11,225,687,,,,,,,,,,,,,,,,,,,,,
11,GUANAJUATO,3,LEON,20,LEON,1265,B,138,23,0,8,1,9,49,4,2,0,236,6,242,635,,,,,,,,,,,,,,,,,,,,,
11,GUANAJUATO,3,LEON,20,LEON,1265,C01,131,26,2,10,0,5,49,2,0,0,226,3,229,635,,,,,,,,,,,,,,,,,,,,,
11,GUANAJUATO,3,LEON,20,LEON,1265,C02,109,28,1,9,0,3,56,4,0,0,211,9,220,634,,,,,,,,,,,,,,,,,,,,,
11,GUANAJUATO,3,LEON,20,LEON,1265,C03,116,25,0,9,2,4,44,6,0,0,209,7,216,634,,,,,,,,,,,,,,,,,,,,,
11,GUANAJUATO,3,LEON,20,LEON,1265,C04,126,18,1,8,1,5,46,1,0,1,208,6,214,634,,,,,,,,,,,,,,,,,,,,,
11,GUANAJUATO,3,LEON,20,LEON,1265,C05,116,13,2,5,2,6,64,0,1,1,212,8,220,634,,,,,,,,,,,,,,,,,,,,,
11,GUANAJUATO,3,LEON,20,LEON,1266,B,125,26,3,9,0,10,76,1,4,1,255,6,261,710,,,,,,,,,,,,,,,,,,,,,
11,GUANAJUATO,3,LEON,20,LEON,1266,C01,110,11,4,8,0,5,75,4,2,2,223,7,231,710,,,,,,,,,,,,,,,,,,,,,
11,GUANAJUATO,3,LEON,20,LEON,1266,C02,123,20,1,14,0,8,89,2,3,2,263,5,268,710,,,,,,,,,,,,,,,,,,,,,
11,GUANAJUATO,3,LEON,20,LEON,1266,C03,122,16,0,8,2,9,73,1,1,1,233,8,241,709,,,,,,,,,,,,,,,,,,,,,
11,GUANAJUATO,3,LEON,20,LEON,1267,B,157,22,3,16,1,10,65,4,0,2,280,5,285,692,,,,,,,,,,,,,,,,,,,,,
11,GUANAJUATO,3,LEON,20,LEON,1267,C01,156,10,2,20,3,5,70,1,2,0,270,7,277,692,,,,,,,,,,,,,,,,,,,,,
11,GUANAJUATO,3,LEON,20,LEON,1267,C02,172,17,0,13,0,14,58,1,1,2,280,6,286,692,,,,,,,,,,,,,,,,,,,,,
11,GUANAJUATO,3,LEON,20,LEON,1267,C03,167,14,1,12,2,8,63,0,0,2,270,3,273,691,,,,,,,,,,,,,,,,,,,,,
11,GUANAJUATO,3,LEON,20,LEON,1267,C04,162,21,3,10,1,7,60,0,2,3,271,8,279,691,,,,,,,,,,,,,,,,,,,,,
11,GUANAJUATO,3,LEON,20,LEON,1267,C05,138,17,1,17,1,9,77,0,0,1,264,2,266,691,,,,,,,,,,,,,,,,,,,,,
11,GUANAJUATO,3,LEON,20,LEON,1267,C06,189,14,0,12,1,11,57,0,2,1,288,5,293,691,,,,,,,,,,,,,,,,,,,,,
11,GUANAJUATO,3,LEON,20,LEON,1268,B,189,11,5,8,2,14,57,4,2,5,303,2,305,690,,,,,,,,,,,,,,,,,,,,,
11,GUANAJUATO,3,LEON,20,LEON,1268,C01,153,19,0,11,0,14,56,2,4,2,265,0,265,690,,,,,,,,,,,,,,,,,,,,,
11,GUANAJUATO,3,LEON,20,LEON,1268,C02,176,20,0,7,0,11,59,1,1,3,279,5,284,690,,,,,,,,,,,,,,,,,,,,,
11,GUANAJUATO,3,LEON,20,LEON,1268,C03,183,13,4,16,1,7,45,2,2,2,278,3,281,690,,,,,,,,,,,,,,,,,,,,,
11,GUANAJUATO,3,LEON,20,LEON,1268,C04,172,18,3,9,3,11,51,3,1,1,275,5,280,690,,,,,,,,,,,,,,,,,,,,,
11,GUANAJUATO,3,LEON,20,LEON,1268,C05,162,15,4,7,3,11,68,0,3,1,277,5,282,690,,,,,,,,,,,,,,,,,,,,,
11,GUANAJUATO,3,LEON,20,LEON,1269,B,181,21,1,13,3,10,49,2,4,0,286,9,296,712,,,,,,,,,,,,,,,,,,,,,
11,GUANAJUATO,3,LEON,20,LEON,1269,C01,192,26,6,13,3,15,45,3,3,0,307,6,313,712,,,,,,,,,,,,,,,,,,,,,
11,GUANAJUATO,3,LEON,20,LEON,1269,C02,183,15,2,11,2,11,66,1,1,1,297,5,302,711,,,,,,,,,,,,,,,,,,,,,
11,GUANAJUATO,3,LEON,20,LEON,1269,C03,191,17,3,10,2,8,56,2,1,1,291,4,295,711,,,,,,,,,,,,,,,,,,,,,
11,GUANAJUATO,3,LEON,20,LEON,1269,C04,172,17,0,10,2,13,44,0,2,2,265,5,270,711,,,,,,,,,,,,,,,,,,,,,
11,GUANAJUATO,3,LEON,20,LEON,1269,C05,190,24,0,9,1,9,38,3,2,3,280,6,287,711,,,,,,,,,,,,,,,,,,,,,
11,GUANAJUATO,3,LEON,20,LEON,1269,C06,156,21,1,12,4,16,40,0,0,1,259,1,260,711,,,,,,,,,,,,,,,,,,,,,
11,GUANAJUATO,3,LEON,20,LEON,1269,C07,191,18,1,2,3,5,53,2,2,2,284,5,289,711,,,,,,,,,,,,,,,,,,,,,
11,GUANAJUATO,3,LEON,20,LEON,1270,B,116,13,3,9,3,16,71,3,2,0,240,11,251,551,,,,,,,,,,,,,,,,,,,,,
11,GUANAJUATO,3,LEON,20,LEON,1270,C01,90,17,3,18,1,17,59,2,3,3,216,3,219,550,,,,,,,,,,,,,,,,,,,,,
11,GUANAJUATO,3,LEON,20,LEON,1270,C02,89,13,3,5,3,13,69,3,1,3,202,10,212,550,,,,,,,,,,,,,,,,,,,,,
11,GUANAJUATO,3,LEON,20,LEON,1271,B,151,28,3,10,4,8,84,4,1,0,294,7,301,737,,,,,,,,,,,,,,,,,,,,,
11,GUANAJUATO,3,LEON,20,LEON,1271,C01,148,38,8,12,2,7,78,4,4,1,306,3,309,736,,,,,,,,,,,,,,,,,,,,,
11,GUANAJUATO,3,LEON,20,LEON,1272,B,95,13,5,21,3,16,55,2,1,0,211,2,213,607,,,,,,,,,,,,,,,,,,,,,
11,GUANAJUATO,3,LEON,20,LEON,1272,C01,123,14,3,15,2,14,55,1,2,1,233,0,233,606,,,,,,,,,,,,,,,,,,,,,
11,GUANAJUATO,3,LEON,20,LEON,1272,C02,123,28,3,28,4,9,61,2,3,0,262,5,267,606,,,,,,,,,,,,,,,,,,,,,
11,GUANAJUATO,3,LEON,20,LEON,1273,B,95,9,0,14,1,11,44,2,2,3,184,6,190,505,,,,,,,,,,,,,,,,,,,,,
11,GUANAJUATO,3,LEON,20,LEON,1273,C01,94,24,5,9,1,6,43,1,1,0,188,3,191,505,,,,,,,,,,,,,,,,,,,,,
11,GUANAJUATO,3,LEON,20,LEON,1273,C02,76,20,3,12,3,7,65,2,0,1,192,1,194,505,,,,,,,,,,,,,,,,,,,,,
11,GUANAJUATO,3,LEON,20,LEON,1274,B,286,22,7,11,0,16,71,1,0,0,420,5,425,674,,,,,,,,,,,,,,,,,,,,,
11,GUANAJUATO,3,LEON,20,LEON,1274,C01,280,9,1,6,5,20,70,0,0,0,394,3,397,674,,,,,,,,,,,,,,,,,,,,,
11,GUANAJUATO,3,LEON,20,LEON,1274,C02,280,19,3,9,3,20,77,0,2,0,418,8,426,674,,,,,,,,,,,,,,,,,,,,,
11,GUANAJUATO,3,LEON,20,LEON,1274,C03,264,22,5,8,2,19,66,3,0,3,394,4,398,674,,,,,,,,,,,,,,,,,,,,,
11,GUANAJUATO,3,LEON,20,LEON,1278,B,254,22,5,9,1,33,59,3,1,1,393,4,397,742,,,,,,,,,,,,,,,,,,,,,
11,GUANAJUATO,3,LEON,20,LEON,1278,C01,264,17,1,11,1,15,72,0,0,1,392,4,396,742,,,,,,,,,,,,,,,,,,,,,
11,GUANAJUATO,3,LEON,20,LEON,1278,C02,265,26,0,4,5,16,61,2,0,0,390,4,394,742,,,,,,,,,,,,,,,,,,,,,
11,GUANAJUATO,3,LEON,20,LEON,1278,C03,288,21,3,4,1,14,45,4,0,0,383,4,387,742,,,,,,,,,,,,,,,,,,,,,
11,GUANAJUATO,3,LEON,20,LEON,1278,C04,255,22,2,7,1,21,76,2,1,2,395,5,401,741,,,,,,,,,,,,,,,,,,,,,
11,GUANAJUATO,3,LEON,20,LEON,1278,C05,253,20,1,18,4,16,48,1,1,5,372,3,375,741,,,,,,,,,,,,,,,,,,,,,
11,GUANAJUATO,3,LEON,20,LEON,1278,C06,260,13,3,10,3,23,63,3,2,2,388,4,392,741,,,,,,,,,,,,,,,,,,,,,
11,GUANAJUATO,3,LEON,20,LEON,1278,C07,303,22,3,5,2,17,53,2,3,1,414,8,422,741,,,,,,,,,,,,,,,,,,,,,
11,GUANAJUATO,3,LEON,20,LEON,1278,C08,289,17,3,13,3,16,59,0,1,0,403,3,406,741,,,,,,,,,,,,,,,,,,,,,
11,GUANAJUATO,3,LEON,20,LEON,1278,C09,253,28,1,9,3,0,89,1,0,1,386,6,392,741,,,,,,,,,,,,,,,,,,,,,
11,GUANAJUATO,3,LEON,20,LEON,1278,C10,260,20,1,9,4,20,70,3,2,1,390,2,392,741,,,,,,,,,,,,,,,,,,,,,
11,GUANAJUATO,3,LEON,20,LEON,1279,B,261,21,5,7,1,20,59,4,0,2,382,8,391,654,,,,,,,,,,,,,,,,,,,,,
11,GUANAJUATO,3,LEON,20,LEON,1279,C01,259,17,5,9,4,25,70,1,1,0,393,7,400,654,,,,,,,,,,,,,,,,,,,,,
11,GUANAJUATO,3,LEON,20,LEON,1279,C02,203,23,3,8,2,21,59,6,0,1,330,6,336,654,,,,,,,,,,,,,,,,,,,,,
11,GUANAJUATO,3,LEON,20,LEON,1279,C03,264,18,5,11,0,18,61,4,1,3,388,6,394,654,,,,,,,,,,,,,,,,,,,,,
11,GUANAJUATO,3,LEON,20,LEON,1279,C04,249,20,2,6,1,14,89,4,1,0,388,6,395,653,,,,,,,,,,,,,,,,,,,,,
11,GUANAJUATO,3,LEON,20,LEON,1280,B,167,26,1,22,1,17,61,0,1,2,301,5,306,674,,,,,,,,,,,,,,,,,,,,,
11,GUANAJUATO,3,LEON,20,LEON,1280,C01,124,20,2,9,4,18,60,4,1,1,245,1,246,674,,,,,,,,,,,,,,,,,,,,,
11,GUANAJUATO,3,LEON,20,LEON,1281,B,346,16,5,7,2,21,50,1,0,1,452,6,458,681,,,,,,,,,,,,,,,,,,,,,
11,GUANAJUATO,3,LEON,20,LEON,1281,C01,310,34,5,5,6,12,34,1,0,3,412,7,420,681,,,,,,,,,,,,,,,,,,,,,
11,GUANAJUATO,3,LEON,20,LEON,1281,C02,344,24,2,5,5,15,40,3,4,1,447,3,450,681,,,,,,,,,,,,,,,,,,,,,
11,GUANAJUATO,3,LEON,20,LEON,1282,B,445,26,0,1,1,23,30,0,0,0,526,0,526,726,,,,,,,,,,,,,,,,,,,,,
11,GUANAJUATO,3,LEON,20,LEON,1282,C01,420,25,4,7,4,20,28,0,0,1,509,1,510,726,,,,,,,,,,,,,,,,,,,,,
11,GUANAJUATO,3,LEON,20,LEON,1282,E01,254,12,1,3,3,6,28,0,1,1,312,6,318,563,,,,,,,,,,,,,,,,,,,,,
11,GUANAJUATO,3,LEON,20,LEON,1282,E01C01,248,22,1,7,0,10,21,1,2,1,313,3,316,563,,,,,,,,,,,,,,,,,,,,,
11,GUANAJUATO,3,LEON,20,LEON,1282,E01C02,226,20,1,9,4,11,39,1,2,2,317,5,322,563,,,,,,,,,,,,,,,,,,,,,
11,GUANAJUATO,3,LEON,20,LEON,1282,S01,14,6,0,0,0,6,11,0,0,0,37,0,37,0,,,,,,,,,,,,,,,,,,,,,
11,GUANAJUATO,3,LEON,20,LEON,1282,C02,426,19,1,7,2,15,28,0,0,0,500,3,504,726,,,,,,,,,,,,,,,,,,,,,
11,GUANAJUATO,3,LEON,20,LEON,1282,C03,428,21,0,7,3,26,36,0,0,0,522,2,524,726,,,,,,,,,,,,,,,,,,,,,
11,GUANAJUATO,3,LEON,20,LEON,1282,C04,436,22,0,4,1,21,27,1,0,0,514,2,517,726,,,,,,,,,,,,,,,,,,,,,
11,GUANAJUATO,3,LEON,20,LEON,1282,C05,430,16,2,5,0,18,27,0,0,0,499,0,499,726,,,,,,,,,,,,,,,,,,,,,
11,GUANAJUATO,3,LEON,20,LEON,1282,C06,450,32,0,7,2,20,24,0,0,0,535,3,538,726,,,,,,,,,,,,,,,,,,,,,
11,GUANAJUATO,3,LEON,20,LEON,1282,C07,460,22,4,1,0,19,28,0,0,0,535,0,535,725,,,,,,,,,,,,,,,,,,,,,
11,GUANAJUATO,3,LEON,20,LEON,1282,C08,452,17,2,4,0,17,31,0,0,0,524,1,525,725,,,,,,,,,,,,,,,,,,,,,
11,GUANAJUATO,3,LEON,20,LEON,1282,C09,435,33,4,5,1,20,36,0,0,1,535,2,537,725,,,,,,,,,,,,,,,,,,,,,
11,GUANAJUATO,3,LEON,20,LEON,1283,B,364,23,3,13,3,17,60,1,1,3,490,2,494,733,,,,,,,,,,,,,,,,,,,,,
11,GUANAJUATO,3,LEON,20,LEON,1283,C01,306,28,4,7,2,27,70,2,0,1,449,5,456,732,,,,,,,,,,,,,,,,,,,,,
11,GUANAJUATO,3,LEON,20,LEON,1283,C02,314,30,6,13,3,14,60,2,1,4,449,6,455,732,,,,,,,,,,,,,,,,,,,,,
11,GUANAJUATO,3,LEON,20,LEON,1283,C03,330,24,5,4,4,13,60,1,0,2,446,8,454,732,,,,,,,,,,,,,,,,,,,,,
11,GUANAJUATO,3,LEON,20,LEON,1283,C04,320,24,4,12,0,17,52,3,1,2,438,3,442,732,,,,,,,,,,,,,,,,,,,,,
11,GUANAJUATO,3,LEON,20,LEON,1283,C05,323,27,1,10,2,11,65,0,1,1,448,9,458,732,,,,,,,,,,,,,,,,,,,,,
11,GUANAJUATO,3,LEON,20,LEON,1286,B,283,23,2,15,2,15,71,2,2,2,418,2,420,691,,,,,,,,,,,,,,,,,,,,,
11,GUANAJUATO,3,LEON,20,LEON,1286,C01,275,29,3,6,2,17,54,3,2,0,393,8,401,690,,,,,,,,,,,,,,,,,,,,,
11,GUANAJUATO,3,LEON,20,LEON,1286,C02,221,28,5,11,3,11,66,0,1,3,354,8,362,690,,,,,,,,,,,,,,,,,,,,,
11,GUANAJUATO,3,LEON,20,LEON,1287,B,241,17,4,3,0,19,68,2,0,3,360,4,364,608,,,,,,,,,,,,,,,,,,,,,
11,GUANAJUATO,3,LEON,20,LEON,1287,C01,241,28,0,10,2,13,66,3,0,1,369,2,371,608,,,,,,,,,,,,,,,,,,,,,
11,GUANAJUATO,3,LEON,20,LEON,1287,C02,214,25,6,11,4,16,59,2,1,3,345,4,349,607,,,,,,,,,,,,,,,,,,,,,
11,GUANAJUATO,3,LEON,20,LEON,1287,C03,200,17,3,9,1,17,67,1,0,4,321,4,325,607,,,,,,,,,,,,,,,,,,,,,
11,GUANAJUATO,3,LEON,20,LEON,1288,B,223,18,3,12,2,12,82,1,2,8,365,8,373,692,,,,,,,,,,,,,,,,,,,,,
11,GUANAJUATO,3,LEON,20,LEON,1288,C01,245,17,0,9,0,10,74,1,3,3,364,11,375,691,,,,,,,,,,,,,,,,,,,,,
11,GUANAJUATO,3,LEON,20,LEON,1289,B,145,26,4,8,3,14,53,4,0,2,263,5,269,611,,,,,,,,,,,,,,,,,,,,,
11,GUANAJUATO,3,LEON,20,LEON,1289,C01,136,21,1,2,0,9,67,1,0,1,240,8,248,610,,,,,,,,,,,,,,,,,,,,,
11,GUANAJUATO,3,LEON,20,LEON,1289,C02,126,20,2,6,1,10,55,2,1,2,225,9,234,610,,,,,,,,,,,,,,,,,,,,,
11,GUANAJUATO,3,LEON,20,LEON,1290,B,234,15,3,5,5,7,26,1,1,6,304,4,308,510,,,,,,,,,,,,,,,,,,,,,
11,GUANAJUATO,3,LEON,20,LEON,1291,B,234,17,2,10,4,12,25,0,0,1,305,5,310,494,,,,,,,,,,,,,,,,,,,,,
11,GUANAJUATO,3,LEON,20,LEON,1292,B,244,19,1,11,3,9,51,2,1,1,345,4,349,666,,,,,,,,,,,,,,,,,,,,,
11,GUANAJUATO,3,LEON,20,LEON,1292,C01,214,26,3,12,1,14,58,1,1,3,336,5,341,666,,,,,,,,,,,,,,,,,,,,,
11,GUANAJUATO,3,LEON,20,LEON,1292,C02,209,19,3,13,2,13,51,0,0,4,319,1,320,666,,,,,,,,,,,,,,,,,,,,,
11,GUANAJUATO,3,LEON,20,LEON,1293,B,165,19,2,5,2,10,79,1,2,0,286,0,286,596,,,,,,,,,,,,,,,,,,,,,
11,GUANAJUATO,3,LEON,20,LEON,1293,C01,174,17,2,11,1,8,69,0,2,0,292,9,301,595,,,,,,,,,,,,,,,,,,,,,
11,GUANAJUATO,3,LEON,20,LEON,1294,B,134,17,3,12,0,10,69,3,2,4,256,3,259,536,,,,,,,,,,,,,,,,,,,,,
11,GUANAJUATO,3,LEON,20,LEON,1294,C01,143,20,4,11,0,6,73,0,6,0,265,6,273,536,,,,,,,,,,,,,,,,,,,,,
11,GUANAJUATO,3,LEON,20,LEON,1295,B,163,16,0,15,0,11,90,2,0,3,309,5,314,605,,,,,,,,,,,,,,,,,,,,,
11,GUANAJUATO,3,LEON,20,LEON,1295,C01,189,19,1,14,1,17,72,2,0,2,325,7,332,605,,,,,,,,,,,,,,,,,,,,,
11,GUANAJUATO,3,LEON,20,LEON,1302,B,112,10,1,16,2,2,47,0,1,0,193,3,196,497,,,,,,,,,,,,,,,,,,,,,
11,GUANAJUATO,3,LEON,20,LEON,1302,C01,113,7,1,11,1,0,60,0,3,1,198,10,208,496,,,,,,,,,,,,,,,,,,,,,
11,GUANAJUATO,3,LEON,20,LEON,1303,B,148,22,5,15,5,6,68,0,1,3,276,8,284,555,,,,,,,,,,,,,,,,,,,,,
11,GUANAJUATO,3,LEON,20,LEON,1303,C01,141,19,1,17,0,13,72,1,0,2,266,5,271,555,,,,,,,,,,,,,,,,,,,,,
11,GUANAJUATO,3,LEON,20,LEON,1304,B,273,21,6,8,3,15,58,0,0,2,390,2,392,742,,,,,,,,,,,,,,,,,,,,,
11,GUANAJUATO,3,LEON,20,LEON,1304,C01,287,32,1,8,4,17,77,0,0,0,430,4,434,742,,,,,,,,,,,,,,,,,,,,,
11,GUANAJUATO,3,LEON,20,LEON,1304,C02,300,19,4,6,2,18,56,2,1,2,414,2,416,742,,,,,,,,,,,,,,,,,,,,,
11,GUANAJUATO,3,LEON,20,LEON,1304,C03,311,25,2,9,1,21,63,0,0,2,437,6,443,742,,,,,,,,,,,,,,,,,,,,,
11,GUANAJUATO,3,LEON,20,LEON,1304,C04,272,20,5,15,3,18,53,3,2,0,395,3,398,742,,,,,,,,,,,,,,,,,,,,,
11,GUANAJUATO,3,LEON,20,LEON,1304,C05,288,21,1,11,6,23,45,0,0,3,405,5,412,742,,,,,,,,,,,,,,,,,,,,,
11,GUANAJUATO,3,LEON,20,LEON,1304,C06,305,21,5,11,1,20,76,1,0,2,445,6,454,741,,,,,,,,,,,,,,,,,,,,,
11,GUANAJUATO,3,LEON,20,LEON,1304,C07,281,21,3,10,2,16,79,0,2,2,417,7,424,741,,,,,,,,,,,,,,,,,,,,,
11,GUANAJUATO,3,LEON,20,LEON,1304,C08,286,26,5,11,0,14,67,3,0,0,415,5,420,741,,,,,,,,,,,,,,,,,,,,,
11,GUANAJUATO,3,LEON,20,LEON,1304,C09,335,25,4,8,2,17,59,1,2,3,459,2,462,741,,,,,,,,,,,,,,,,,,,,,
11,GUANAJUATO,3,LEON,20,LEON,1305,B,114,18,2,10,0,7,56,3,3,3,219,6,225,442,,,,,,,,,,,,,,,,,,,,,
11,GUANAJUATO,3,LEON,20,LEON,1305,C01,111,17,0,12,4,7,46,3,4,3,208,3,211,442,,,,,,,,,,,,,,,,,,,,,
11,GUANAJUATO,3,LEON,20,LEON,1312,B,164,22,3,10,6,11,75,1,0,0,296,4,301,555,,,,,,,,,,,,,,,,,,,,,
11,GUANAJUATO,3,LEON,20,LEON,1312,C01,149,15,3,5,2,6,65,1,2,2,257,5,262,555,,,,,,,,,,,,,,,,,,,,,
11,GUANAJUATO,3,LEON,20,LEON,1312,C02,129,15,2,8,3,8,77,3,2,2,254,6,261,555,,,,,,,,,,,,,,,,,,,,,
11,GUANAJUATO,3,LEON,20,LEON,1313,B,232,17,4,7,0,12,37,0,0,0,309,1,310,451,,,,,,,,,,,,,,,,,,,,,
11,GUANAJUATO,3,LEON,20,LEON,1313,C01,242,22,4,3,0,14,28,1,0,0,314,4,318,451,,,,,,,,,,,,,,,,,,,,,
11,GUANAJUATO,3,LEON,20,LEON,1314,B,344,18,2,7,3,17,56,0,2,2,457,5,462,649,,,,,,,,,,,,,,,,,,,,,
11,GUANAJUATO,3,LEON,20,LEON,1314,C01,328,20,0,4,0,21,43,0,1,2,424,4,428,648,,,,,,,,,,,,,,,,,,,,,
11,GUANAJUATO,3,LEON,20,LEON,1315,B,156,16,1,6,2,8,42,1,2,1,237,3,240,429,,,,,,,,,,,,,,,,,,,,,
11,GUANAJUATO,3,LEON,20,LEON,1315,C01,152,19,2,6,2,10,54,2,1,1,250,6,256,429,,,,,,,,,,,,,,,,,,,,,
11,GUANAJUATO,3,LEON,20,LEON,1316,B,175,12,4,7,4,9,81,0,0,0,293,9,302,572,,,,,,,,,,,,,,,,,,,,,
11,GUANAJUATO,3,LEON,20,LEON,1316,C01,184,7,5,4,0,9,82,2,2,1,300,5,305,571,,,,,,,,,,,,,,,,,,,,,
11,GUANAJUATO,3,LEON,20,LEON,1317,B,144,19,7,10,2,5,66,3,0,9,266,8,275,549,,,,,,,,,,,,,,,,,,,,,
11,GUANAJUATO,3,LEON,20,LEON,1317,C01,162,18,2,6,4,10,62,2,2,6,281,5,288,549,,,,,,,,,,,,,,,,,,,,,
11,GUANAJUATO,3,LEON,20,LEON,1327,B,262,34,5,4,0,12,52,1,1,0,377,5,382,565,,,,,,,,,,,,,,,,,,,,,
11,GUANAJUATO,3,LEON,20,LEON,1328,B,187,23,3,3,4,16,44,0,1,3,287,8,295,475,,,,,,,,,,,,,,,,,,,,,
11,GUANAJUATO,3,LEON,20,LEON,1328,C01,171,16,3,6,0,15,55,3,1,1,273,6,279,475,,,,,,,,,,,,,,,,,,,,,
11,GUANAJUATO,3,LEON,20,LEON,1329,B,185,9,3,7,0,8,45,0,0,1,260,3,264,441,,,,,,,,,,,,,,,,,,,,,
11,GUANAJUATO,3,LEON,20,LEON,1329,C01,201,4,1,5,0,5,48,0,0,1,265,4,269,441,,,,,,,,,,,,,,,,,,,,,
11,GUANAJUATO,3,LEON,20,LEON,1470,B,72,14,2,3,0,1,10,0,1,0,103,5,108,199,,,,,,,,,,,,,,,,,,,,,
11,GUANAJUATO,3,LEON,20,LEON,1471,B,38,15,0,1,1,0,8,1,0,0,64,0,64,130,,,,,,,,,,,,,,,,,,,,,
11,GUANAJUATO,3,LEON,20,LEON,1472,B,78,12,0,6,0,1,5,0,0,0,102,3,105,262,,,,,,,,,,,,,,,,,,,,,
11,GUANAJUATO,3,LEON,20,LEON,1472,E01,64,3,0,2,0,2,3,0,0,0,75,2,77,163,,,,,,,,,,,,,,,,,,,,,
11,GUANAJUATO,3,LEON,20,LEON,1473,B,301,22,1,2,1,10,15,2,1,1,356,3,361,608,,,,,,,,,,,,,,,,,,,,,
11,GUANAJUATO,3,LEON,20,LEON,1473,C01,322,32,1,2,4,12,11,0,3,1,389,4,393,607,,,,,,,,,,,,,,,,,,,,,
11,GUANAJUATO,3,LEON,20,LEON,1473,C02,233,65,0,6,3,9,15,1,0,0,333,6,339,607,,,,,,,,,,,,,,,,,,,,,
11,GUANAJUATO,3,LEON,20,LEON,1473,C03,259,37,1,3,6,5,11,1,1,3,327,7,334,607,,,,,,,,,,,,,,,,,,,,,
11,GUANAJUATO,3,LEON,20,LEON,1478,B,158,15,2,4,4,11,18,1,1,1,216,6,222,425,,,,,,,,,,,,,,,,,,,,,
11,GUANAJUATO,3,LEON,20,LEON,1478,C01,207,25,3,5,1,4,3,0,0,2,250,2,252,425,,,,,,,,,,,,,,,,,,,,,
11,GUANAJUATO,3,LEON,20,LEON,1480,B,168,38,0,12,0,10,49,2,3,1,285,3,288,621,,,,,,,,,,,,,,,,,,,,,
11,GUANAJUATO,3,LEON,20,LEON,1480,C01,143,23,0,17,1,6,33,3,0,2,232,5,237,621,,,,,,,,,,,,,,,,,,,,,
11,GUANAJUATO,3,LEON,20,LEON,1480,C02,153,60,1,19,1,10,43,2,1,1,292,5,297,621,,,,,,,,,,,,,,,,,,,,,
11,GUANAJUATO,3,LEON,20,LEON,1480,C03,135,31,2,11,2,13,51,0,2,0,248,6,254,621,,,,,,,,,,,,,,,,,,,,,
11,GUANAJUATO,3,LEON,20,LEON,1674,B,199,18,2,10,0,11,91,4,1,1,340,5,347,644,,,,,,,,,,,,,,,,,,,,,
11,GUANAJUATO,3,LEON,20,LEON,1674,C01,180,10,5,13,2,16,75,3,1,3,315,4,319,644,,,,,,,,,,,,,,,,,,,,,
11,GUANAJUATO,3,LEON,20,LEON,1674,C02,206,9,4,9,0,11,67,1,1,4,318,7,325,644,,,,,,,,,,,,,,,,,,,,,
11,GUANAJUATO,3,LEON,20,LEON,1674,C03,211,14,1,17,1,17,66,2,0,1,334,8,342,643,,,,,,,,,,,,,,,,,,,,,
11,GUANAJUATO,3,LEON,20,LEON,1674,C04,185,13,5,8,0,7,83,2,1,1,313,9,322,643,,,,,,,,,,,,,,,,,,,,,
11,GUANAJUATO,3,LEON,20,LEON,1675,B,193,18,2,11,5,13,56,2,3,0,308,5,313,635,,,,,,,,,,,,,,,,,,,,,
11,GUANAJUATO,3,LEON,20,LEON,1675,C01,185,16,2,12,1,13,61,0,1,2,295,4,300,635,,,,,,,,,,,,,,,,,,,,,
11,GUANAJUATO,3,LEON,20,LEON,1675,C02,170,19,1,9,3,15,57,3,2,2,283,6,289,634,,,,,,,,,,,,,,,,,,,,,
11,GUANAJUATO,3,LEON,20,LEON,1675,C03,197,12,4,11,1,16,71,3,0,0,325,6,331,634,,,,,,,,,,,,,,,,,,,,,
11,GUANAJUATO,3,LEON,20,LEON,1675,C04,198,15,5,13,2,12,67,3,1,1,323,3,326,634,,,,,,,,,,,,,,,,,,,,,
11,GUANAJUATO,3,LEON,20,LEON,1675,C05,182,15,1,11,4,14,67,2,3,0,303,5,308,634,,,,,,,,,,,,,,,,,,,,,
11,GUANAJUATO,3,LEON,20,LEON,1676,B,190,16,4,9,2,20,70,1,3,3,328,3,331,641,,,,,,,,,,,,,,,,,,,,,
11,GUANAJUATO,3,LEON,20,LEON,1676,C01,218,13,2,8,2,19,59,1,2,0,330,3,333,640,,,,,,,,,,,,,,,,,,,,,
11,GUANAJUATO,3,LEON,20,LEON,1677,B,130,18,3,13,0,3,53,4,2,3,232,4,236,711,,,,,,,,,,,,,,,,,,,,,
11,GUANAJUATO,3,LEON,20,LEON,1677,C01,162,13,1,10,4,6,75,2,1,0,276,1,277,711,,,,,,,,,,,,,,,,,,,,,
11,GUANAJUATO,3,LEON,20,LEON,1677,C02,131,21,5,9,2,11,75,2,1,0,259,5,264,711,,,,,,,,,,,,,,,,,,,,,
11,GUANAJUATO,3,LEON,20,LEON,1677,C03,116,19,3,12,0,8,65,4,1,1,232,7,239,711,,,,,,,,,,,,,,,,,,,,,
11,GUANAJUATO,3,LEON,20,LEON,1677,C04,141,16,0,11,2,12,65,0,2,0,252,9,261,711,,,,,,,,,,,,,,,,,,,,,
11,GUANAJUATO,3,LEON,20,LEON,1677,C05,128,11,5,15,1,9,66,0,0,1,239,4,243,711,,,,,,,,,,,,,,,,,,,,,
11,GUANAJUATO,3,LEON,20,LEON,1678,B,181,16,0,5,3,8,45,2,0,0,262,2,264,432,,,,,,,,,,,,,,,,,,,,,
11,GUANAJUATO,3,LEON,20,LEON,1678,C01,167,15,0,6,2,5,46,1,0,0,243,3,247,431,,,,,,,,,,,,,,,,,,,,,
11,GUANAJUATO,3,LEON,20,LEON,1679,B,218,19,1,8,0,8,53,0,1,0,310,3,313,504,,,,,,,,,,,,,,,,,,,,,
11,GUANAJUATO,3,LEON,20,LEON,1679,C01,214,20,3,6,0,7,55,2,2,1,314,9,323,503,,,,,,,,,,,,,,,,,,,,,
11,GUANAJUATO,3,LEON,20,LEON,1680,B,203,13,2,15,4,16,61,3,0,2,321,4,325,568,,,,,,,,,,,,,,,,,,,,,
11,GUANAJUATO,3,LEON,20,LEON,1680,C01,197,11,2,9,4,14,70,0,2,1,315,6,321,567,,,,,,,,,,,,,,,,,,,,,
11,GUANAJUATO,3,LEON,20,LEON,1681,B,290,32,4,6,0,24,63,0,0,2,421,4,425,716,,,,,,,,,,,,,,,,,,,,,
11,GUANAJUATO,3,LEON,20,LEON,1681,C01,275,21,2,16,3,21,43,0,3,0,385,3,388,716,,,,,,,,,,,,,,,,,,,,,
11,GUANAJUATO,3,LEON,20,LEON,1681,C02,324,13,2,10,1,15,51,0,0,0,419,7,426,715,,,,,,,,,,,,,,,,,,,,,
11,GUANAJUATO,3,LEON,20,LEON,1681,C03,303,18,0,7,1,14,51,0,0,1,399,0,399,715,,,,,,,,,,,,,,,,,,,,,
11,GUANAJUATO,3,LEON,20,LEON,1681,C04,304,20,1,8,3,21,51,1,1,1,412,4,416,715,,,,,,,,,,,,,,,,,,,,,
11,GUANAJUATO,3,LEON,20,LEON,1681,C05,287,16,4,8,1,18,48,0,0,0,384,5,389,715,,,,,,,,,,,,,,,,,,,,,
11,GUANAJUATO,3,LEON,20,LEON,1681,C06,268,12,1,10,1,24,57,2,0,0,375,4,379,715,,,,,,,,,,,,,,,,,,,,,
11,GUANAJUATO,3,LEON,20,LEON,1681,C07,290,20,1,8,0,19,50,2,0,0,391,4,395,715,,,,,,,,,,,,,,,,,,,,,
11,GUANAJUATO,3,LEON,20,LEON,1681,C08,277,19,1,10,5,19,50,0,5,0,389,5,394,715,,,,,,,,,,,,,,,,,,,,,
11,GUANAJUATO,3,LEON,20,LEON,1681,C09,282,11,1,3,3,15,52,1,1,2,372,15,387,715,,,,,,,,,,,,,,,,,,,,,
11,GUANAJUATO,3,LEON,20,LEON,1681,C10,301,9,2,15,1,21,36,2,0,1,391,7,398,715,,,,,,,,,,,,,,,,,,,,,
11,GUANAJUATO,3,LEON,20,LEON,1681,C11,268,24,4,3,3,3,22,3,1,0,382,36,421,715,,,,,,,,,,,,,,,,,,,,,
11,GUANAJUATO,3,LEON,20,LEON,1681,C12,286,20,4,7,1,18,48,1,1,2,390,5,395,715,,,,,,,,,,,,,,,,,,,,,
11,GUANAJUATO,3,LEON,20,LEON,1682,B,233,15,1,7,2,16,47,1,0,1,325,7,332,574,,,,,,,,,,,,,,,,,,,,,
11,GUANAJUATO,3,LEON,20,LEON,1682,C01,235,26,1,5,1,6,49,3,3,0,335,7,342,574,,,,,,,,,,,,,,,,,,,,,
11,GUANAJUATO,3,LEON,20,LEON,1683,B,187,13,2,5,2,11,59,1,3,1,286,6,292,451,,,,,,,,,,,,,,,,,,,,,
11,GUANAJUATO,3,LEON,20,LEON,1683,C01,173,16,5,4,3,5,52,1,1,3,268,5,273,450,,,,,,,,,,,,,,,,,,,,,
11,GUANAJUATO,3,LEON,20,LEON,1684,B,209,32,3,19,0,21,79,2,0,3,370,6,377,733,,,,,,,,,,,,,,,,,,,,,
11,GUANAJUATO,3,LEON,20,LEON,1685,B,114,13,2,2,0,15,52,1,0,0,203,5,208,380,,,,,,,,,,,,,,,,,,,,,
11,GUANAJUATO,3,LEON,20,LEON,1685,C01,132,9,0,3,0,11,41,0,0,0,199,4,203,379,,,,,,,,,,,,,,,,,,,,,
11,GUANAJUATO,3,LEON,20,LEON,1686,B,172,10,3,5,1,8,52,0,1,1,256,5,261,445,,,,,,,,,,,,,,,,,,,,,
11,GUANAJUATO,3,LEON,20,LEON,1686,C01,133,15,1,6,1,9,60,1,3,3,237,7,244,445,,,,,,,,,,,,,,,,,,,,,
11,GUANAJUATO,3,LEON,20,LEON,1687,B,547,24,1,3,5,13,9,0,0,0,603,1,605,747,,,,,,,,,,,,,,,,,,,,,
11,GUANAJUATO,3,LEON,20,LEON,1687,C01,564,23,0,3,4,20,17,0,0,0,632,1,634,746,,,,,,,,,,,,,,,,,,,,,
11,GUANAJUATO,3,LEON,20,LEON,1687,C02,511,30,0,1,0,18,8,0,0,0,568,0,568,746,,,,,,,,,,,,,,,,,,,,,
11,GUANAJUATO,3,LEON,20,LEON,1687,C03,553,20,1,6,0,9,15,1,0,0,605,1,606,746,,,,,,,,,,,,,,,,,,,,,
11,GUANAJUATO,3,LEON,20,LEON,1687,C04,555,25,1,1,0,21,21,0,0,0,624,0,624,746,,,,,,,,,,,,,,,,,,,,,
11,GUANAJUATO,3,LEON,20,LEON,1688,B,121,14,0,13,2,8,49,2,3,0,212,6,218,407,,,,,,,,,,,,,,,,,,,,,
11,GUANAJUATO,3,LEON,20,LEON,1688,C01,122,12,3,6,0,11,69,1,0,2,228,2,230,407,,,,,,,,,,,,,,,,,,,,,
11,GUANAJUATO,3,LEON,20,LEON,1689,B,246,22,6,8,2,24,73,0,0,2,384,6,390,599,,,,,,,,,,,,,,,,,,,,,
11,GUANAJUATO,3,LEON,20,LEON,1689,C01,238,20,0,9,4,9,89,1,0,1,374,7,381,598,,,,,,,,,,,,,,,,,,,,,
11,GUANAJUATO,3,LEON,20,LEON,1690,B,176,23,8,11,4,13,80,3,1,1,323,5,328,576,,,,,,,,,,,,,,,,,,,,,
11,GUANAJUATO,3,LEON,20,LEON,1690,C01,189,16,0,12,3,14,87,0,4,3,328,8,337,576,,,,,,,,,,,,,,,,,,,,,
11,GUANAJUATO,3,LEON,20,LEON,1690,C02,155,23,0,15,1,17,80,1,3,2,301,5,306,575,,,,,,,,,,,,,,,,,,,,,
11,GUANAJUATO,3,LEON,20,LEON,1691,B,170,16,2,9,2,13,114,4,4,2,341,3,344,677,,,,,,,,,,,,,,,,,,,,,
11,GUANAJUATO,3,LEON,20,LEON,1691,C01,197,26,2,9,3,10,103,1,2,0,356,4,360,677,,,,,,,,,,,,,,,,,,,,,
11,GUANAJUATO,3,LEON,20,LEON,1692,B,186,24,2,8,5,8,62,2,0,1,298,2,300,506,,,,,,,,,,,,,,,,,,,,,
11,GUANAJUATO,3,LEON,20,LEON,1692,C01,167,22,2,8,1,17,57,1,0,2,280,6,286,505,,,,,,,,,,,,,,,,,,,,,
11,GUANAJUATO,3,LEON,20,LEON,1692,C02,155,13,3,7,2,10,57,0,0,3,251,4,255,505,,,,,,,,,,,,,,,,,,,,,
11,GUANAJUATO,3,LEON,20,LEON,1693,B,283,22,0,10,2,14,66,0,1,2,404,8,412,638,,,,,,,,,,,,,,,,,,,,,
11,GUANAJUATO,3,LEON,20,LEON,1693,C01,300,17,5,15,2,22,57,2,1,2,423,5,428,637,,,,,,,,,,,,,,,,,,,,,
11,GUANAJUATO,3,LEON,20,LEON,1694,B,366,17,1,7,1,23,17,0,2,2,438,4,445,606,,,,,,,,,,,,,,,,,,,,,
11,GUANAJUATO,3,LEON,20,LEON,1694,C01,381,17,1,4,1,18,21,1,0,1,445,2,447,605,,,,,,,,,,,,,,,,,,,,,
11,GUANAJUATO,3,LEON,20,LEON,1694,C02,386,13,1,2,2,17,24,1,0,0,447,0,447,605,,,,,,,,,,,,,,,,,,,,,
11,GUANAJUATO,3,LEON,20,LEON,1694,C03,375,20,0,6,1,16,31,0,0,2,452,1,453,605,,,,,,,,,,,,,,,,,,,,,
11,GUANAJUATO,3,LEON,20,LEON,1695,B,345,15,4,9,4,27,50,0,1,0,456,2,458,654,,,,,,,,,,,,,,,,,,,,,
11,GUANAJUATO,3,LEON,20,LEON,1695,C01,335,7,1,16,1,17,52,0,0,2,437,1,438,654,,,,,,,,,,,,,,,,,,,,,
11,GUANAJUATO,3,LEON,20,LEON,1695,C02,314,22,4,7,1,24,52,0,0,4,430,2,432,653,,,,,,,,,,,,,,,,,,,,,
11,GUANAJUATO,3,LEON,20,LEON,1695,C03,316,20,0,5,1,10,44,0,0,1,397,8,405,653,,,,,,,,,,,,,,,,,,,,,
11,GUANAJUATO,3,LEON,20,LEON,1696,B,182,21,1,5,3,14,54,0,0,1,284,5,289,579,,,,,,,,,,,,,,,,,,,,,
11,GUANAJUATO,3,LEON,20,LEON,1696,C01,187,12,3,8,2,15,56,0,2,6,293,7,300,578,,,,,,,,,,,,,,,,,,,,,
11,GUANAJUATO,3,LEON,20,LEON,1696,C02,177,16,2,6,2,4,77,3,0,1,290,5,295,578,,,,,,,,,,,,,,,,,,,,,
11,GUANAJUATO,3,LEON,20,LEON,1697,B,298,22,7,2,1,15,50,3,0,0,401,7,409,632,,,,,,,,,,,,,,,,,,,,,
11,GUANAJUATO,3,LEON,20,LEON,1697,C01,362,21,3,3,5,16,43,1,1,3,460,2,462,632,,,,,,,,,,,,,,,,,,,,,
11,GUANAJUATO,3,LEON,20,LEON,1697,C02,343,16,3,3,1,21,41,0,0,1,430,5,436,631,,,,,,,,,,,,,,,,,,,,,
11,GUANAJUATO,3,LEON,20,LEON,1697,C03,320,32,4,3,1,12,53,3,1,2,434,3,437,631,,,,,,,,,,,,,,,,,,,,,
11,GUANAJUATO,3,LEON,20,LEON,1697,C04,321,18,2,7,6,22,50,1,1,2,434,1,435,631,,,,,,,,,,,,,,,,,,,,,
11,GUANAJUATO,3,LEON,20,LEON,1698,B,293,8,1,2,0,7,35,0,0,0,346,1,349,428,,,,,,,,,,,,,,,,,,,,,
11,GUANAJUATO,3,LEON,20,LEON,1698,C01,298,9,0,7,0,13,20,0,0,0,347,1,348,428,,,,,,,,,,,,,,,,,,,,,
11,GUANAJUATO,3,LEON,20,LEON,1699,B,212,12,2,1,0,12,22,0,1,0,262,5,267,376,,,,,,,,,,,,,,,,,,,,,
11,GUANAJUATO,3,LEON,20,LEON,1699,C01,199,17,1,4,1,8,21,0,1,1,253,0,253,375,,,,,,,,,,,,,,,,,,,,,
11,GUANAJUATO,3,LEON,20,LEON,1700,B,354,29,0,9,4,12,36,0,1,2,449,13,462,722,,,,,,,,,,,,,,,,,,,,,
11,GUANAJUATO,3,LEON,20,LEON,1700,C01,338,28,1,9,1,19,48,1,1,1,448,5,453,721,,,,,,,,,,,,,,,,,,,,,
11,GUANAJUATO,3,LEON,20,LEON,1701,B,196,20,0,9,0,10,50,0,2,2,290,3,293,518,,,,,,,,,,,,,,,,,,,,,
11,GUANAJUATO,3,LEON,20,LEON,1701,C01,203,20,6,9,0,16,45,0,2,0,301,5,306,517,,,,,,,,,,,,,,,,,,,,,
11,GUANAJUATO,3,LEON,20,LEON,1702,B,487,20,1,5,2,17,26,0,1,0,560,1,562,732,,,,,,,,,,,,,,,,,,,,,
11,GUANAJUATO,3,LEON,20,LEON,1702,C01,503,17,0,1,1,30,20,1,2,0,576,2,578,732,,,,,,,,,,,,,,,,,,,,,
11,GUANAJUATO,3,LEON,20,LEON,1703,B,116,8,1,1,0,5,6,0,0,0,137,1,139,232,,,,,,,,,,,,,,,,,,,,,
11,GUANAJUATO,3,LEON,20,LEON,1704,B,275,17,1,2,0,11,11,0,0,0,318,2,321,408,,,,,,,,,,,,,,,,,,,,,
11,GUANAJUATO,3,LEON,20,LEON,1704,C01,276,15,5,2,0,11,23,0,1,0,333,4,337,407,,,,,,,,,,,,,,,,,,,,,
11,GUANAJUATO,3,LEON,20,LEON,1705,B,274,22,1,5,1,8,27,0,0,0,339,3,342,451,,,,,,,,,,,,,,,,,,,,,
11,GUANAJUATO,3,LEON,20,LEON,1705,C01,273,13,2,3,0,14,28,0,0,0,333,0,334,450,,,,,,,,,,,,,,,,,,,,,
11,GUANAJUATO,3,LEON,20,LEON,1706,B,149,15,3,5,4,17,59,1,0,2,256,10,267,553,,,,,,,,,,,,,,,,,,,,,
11,GUANAJUATO,3,LEON,20,LEON,1706,C01,184,20,1,2,2,5,58,2,0,0,275,5,280,553,,,,,,,,,,,,,,,,,,,,,
11,GUANAJUATO,3,LEON,20,LEON,1708,B,313,21,2,4,2,6,34,1,0,2,386,3,389,522,,,,,,,,,,,,,,,,,,,,,
11,GUANAJUATO,3,LEON,20,LEON,1708,C01,331,13,1,6,0,12,31,0,0,2,398,6,404,521,,,,,,,,,,,,,,,,,,,,,
11,GUANAJUATO,3,LEON,20,LEON,1711,B,461,15,0,3,4,36,23,0,0,0,542,0,542,730,,,,,,,,,,,,,,,,,,,,,
11,GUANAJUATO,3,LEON,20,LEON,1711,C01,493,21,2,6,1,12,17,0,0,1,555,0,555,729,,,,,,,,,,,,,,,,,,,,,
11,GUANAJUATO,3,LEON,20,LEON,1711,C02,470,23,2,4,1,19,20,1,0,1,544,2,546,729,,,,,,,,,,,,,,,,,,,,,
11,GUANAJUATO,3,LEON,20,LEON,1711,C03,457,23,2,5,2,33,20,0,1,0,543,1,545,729,,,,,,,,,,,,,,,,,,,,,
11,GUANAJUATO,3,LEON,20,LEON,1711,C04,447,16,1,2,2,14,39,0,0,2,524,3,527,729,,,,,,,,,,,,,,,,,,,,,
11,GUANAJUATO,3,LEON,20,LEON,1711,C05,433,24,0,5,4,17,29,1,0,1,514,4,518,729,,,,,,,,,,,,,,,,,,,,,
11,GUANAJUATO,3,LEON,20,LEON,1711,C06,442,24,1,6,3,19,30,2,0,0,527,4,531,729,,,,,,,,,,,,,,,,,,,,,
11,GUANAJUATO,3,LEON,20,LEON,1712,B,214,19,3,1,0,16,21,0,0,1,278,4,282,455,,,,,,,,,,,,,,,,,,,,,
11,GUANAJUATO,3,LEON,20,LEON,1713,B,240,26,0,2,2,8,26,0,0,1,307,1,308,405,,,,,,,,,,,,,,,,,,,,,
11,GUANAJUATO,3,LEON,20,LEON,1713,C01,232,20,0,2,0,11,25,0,0,2,294,2,296,404,,,,,,,,,,,,,,,,,,,,,
11,GUANAJUATO,3,LEON,20,LEON,1714,B,279,16,3,1,1,6,15,0,0,0,321,0,321,432,,,,,,,,,,,,,,,,,,,,,
11,GUANAJUATO,3,LEON,20,LEON,1714,C01,275,14,1,6,1,15,13,0,0,0,326,3,329,432,,,,,,,,,,,,,,,,,,,,,
11,GUANAJUATO,3,LEON,20,LEON,3155,B,330,21,1,3,0,18,24,1,0,0,399,1,400,565,,,,,,,,,,,,,,,,,,,,,
11,GUANAJUATO,3,LEON,20,LEON,3155,C01,323,15,3,5,0,18,28,1,0,1,396,4,400,564,,,,,,,,,,,,,,,,,,,,,
11,GUANAJUATO,3,LEON,20,LEON,3155,C02,336,13,2,2,1,2,20,1,0,0,378,2,380,564,,,,,,,,,,,,,,,,,,,,,
11,GUANAJUATO,3,LEON,20,LEON,3156,B,147,22,1,2,0,16,38,0,3,2,232,6,238,690,,,,,,,,,,,,,,,,,,,,,
11,GUANAJUATO,3,LEON,20,LEON,3157,B,217,10,2,7,1,12,39,3,0,3,294,3,297,718,,,,,,,,,,,,,,,,,,,,,
11,GUANAJUATO,3,LEON,20,LEON,3157,C01,222,15,3,8,1,11,28,2,0,1,293,2,296,718,,,,,,,,,,,,,,,,,,,,,
11,GUANAJUATO,3,LEON,20,LEON,3157,C02,206,15,3,3,1,20,52,2,1,2,308,1,309,717,,,,,,,,,,,,,,,,,,,,,
11,GUANAJUATO,3,LEON,20,LEON,3157,C03,215,13,2,8,0,9,43,1,3,2,296,1,297,717,,,,,,,,,,,,,,,,,,,,,
11,GUANAJUATO,3,LEON,20,LEON,3158,B,51,6,0,6,0,6,33,0,3,0,105,0,105,583,,,,,,,,,,,,,,,,,,,,,
11,GUANAJUATO,3,LEON,20,LEON,3158,C01,52,12,1,7,2,2,31,2,0,0,113,1,115,583,,,,,,,,,,,,,,,,,,,,,
11,GUANAJUATO,3,LEON,20,LEON,3158,C02,61,13,3,3,1,1,37,0,1,0,121,1,122,582,,,,,,,,,,,,,,,,,,,,,
11,GUANAJUATO,3,LEON,20,LEON,3159,B,52,9,2,1,0,2,22,2,0,0,90,4,94,559,,,,,,,,,,,,,,,,,,,,,
11,GUANAJUATO,3,LEON,20,LEON,3159,C01,58,12,1,4,0,6,33,1,0,3,118,1,119,559,,,,,,,,,,,,,,,,,,,,,
11,GUANAJUATO,3,LEON,20,LEON,3159,C02,45,8,0,7,1,5,48,3,0,1,118,5,123,558,,,,,,,,,,,,,,,,,,,,,
11,GUANAJUATO,3,LEON,20,LEON,3160,B,99,9,0,12,3,10,66,1,2,3,207,7,215,744,,,,,,,,,,,,,,,,,,,,,
11,GUANAJUATO,3,LEON,20,LEON,3160,C01,99,15,2,5,2,5,63,3,2,1,202,1,203,743,,,,,,,,,,,,,,,,,,,,,
11,GUANAJUATO,3,LEON,20,LEON,3160,C02,92,14,1,10,3,8,68,1,0,2,200,2,204,743,,,,,,,,,,,,,,,,,,,,,
11,GUANAJUATO,3,LEON,20,LEON,3160,C03,93,14,1,10,0,2,77,1,0,2,201,0,201,743,,,,,,,,,,,,,,,,,,,,,
11,GUANAJUATO,3,LEON,20,LEON,3161,B,105,11,1,9,3,12,57,0,0,1,200,2,202,563,,,,,,,,,,,,,,,,,,,,,
11,GUANAJUATO,3,LEON,20,LEON,3161,C01,100,7,3,13,2,8,48,5,0,3,191,3,194,563,,,,,,,,,,,,,,,,,,,,,
11,GUANAJUATO,3,LEON,20,LEON,3161,C02,95,9,1,9,4,8,42,1,1,1,171,5,176,563,,,,,,,,,,,,,,,,,,,,,
11,GUANAJUATO,3,LEON,20,LEON,3161,C03,93,8,1,7,0,8,47,0,1,1,167,13,180,563,,,,,,,,,,,,,,,,,,,,,
11,GUANAJUATO,3,LEON,20,LEON,3162,B,249,12,4,8,3,23,74,4,1,1,381,1,382,734,,,,,,,,,,,,,,,,,,,,,
11,GUANAJUATO,3,LEON,20,LEON,3162,C01,238,28,2,8,2,11,71,5,0,3,369,5,374,734,,,,,,,,,,,,,,,,,,,,,
11,GUANAJUATO,3,LEON,20,LEON,3162,C02,249,18,4,6,1,19,77,1,0,3,379,4,383,733,,,,,,,,,,,,,,,,,,,,,
11,GUANAJUATO,3,LEON,20,LEON,3163,B,65,9,0,6,2,4,45,2,1,1,137,3,141,581,,,,,,,,,,,,,,,,,,,,,
11,GUANAJUATO,3,LEON,20,LEON,3163,C01,61,9,2,8,1,2,44,0,0,1,130,3,134,581,,,,,,,,,,,,,,,,,,,,,
11,GUANAJUATO,3,LEON,20,LEON,3163,C02,53,11,0,3,1,3,34,2,1,0,110,2,112,581,,,,,,,,,,,,,,,,,,,,,
11,GUANAJUATO,3,LEON,20,LEON,3163,C03,66,4,1,7,0,3,30,2,0,0,116,1,117,580,,,,,,,,,,,,,,,,,,,,,
11,GUANAJUATO,3,LEON,20,LEON,3164,B,133,21,3,12,4,17,68,2,1,2,265,3,269,719,,,,,,,,,,,,,,,,,,,,,
11,GUANAJUATO,3,LEON,20,LEON,3164,C01,129,9,1,10,4,16,72,4,3,1,251,6,257,719,,,,,,,,,,,,,,,,,,,,,
11,GUANAJUATO,3,LEON,20,LEON,3164,C02,138,23,2,6,1,13,76,2,1,3,271,2,273,719,,,,,,,,,,,,,,,,,,,,,
11,GUANAJUATO,3,LEON,20,LEON,3165,B,113,10,1,15,5,10,65,0,0,1,221,3,224,539,,,,,,,,,,,,,,,,,,,,,
11,GUANAJUATO,3,LEON,20,LEON,3165,C01,113,10,0,7,0,9,53,0,1,1,196,1,197,538,,,,,,,,,,,,,,,,,,,,,
11,GUANAJUATO,3,LEON,20,LEON,3165,C02,110,20,2,7,0,8,49,0,0,0,198,4,203,538,,,,,,,,,,,,,,,,,,,,,
11,GUANAJUATO,3,LEON,20,LEON,3166,B,107,24,2,5,2,6,55,2,0,3,206,6,212,662,,,,,,,,,,,,,,,,,,,,,
11,GUANAJUATO,3,LEON,20,LEON,3166,C01,149,16,2,5,0,9,36,5,0,3,225,8,233,662,,,,,,,,,,,,,,,,,,,,,
11,GUANAJUATO,3,LEON,20,LEON,3167,B,137,17,0,15,3,10,64,2,1,1,252,10,262,726,,,,,,,,,,,,,,,,,,,,,
11,GUANAJUATO,3,LEON,20,LEON,3167,C01,158,25,1,8,2,11,62,3,4,0,276,5,281,726,,,,,,,,,,,,,,,,,,,,,
11,GUANAJUATO,3,LEON,20,LEON,3168,B,169,14,2,11,22,10,55,1,2,3,290,7,297,746,,,,,,,,,,,,,,,,,,,,,
11,GUANAJUATO,3,LEON,20,LEON,3168,C01,159,18,1,10,2,11,61,8,2,1,273,6,279,746,,,,,,,,,,,,,,,,,,,,,
11,GUANAJUATO,3,LEON,20,LEON,3168,C02,146,37,2,5,0,16,64,6,1,2,282,0,289,746,,,,,,,,,,,,,,,,,,,,,
11,GUANAJUATO,4,LEON,20,LEON,1275,B,121,16,3,10,2,8,55,0,1,0,217,4,221,705,,,,,,,,,,,,,,,,,,,,,
11,GUANAJUATO,4,LEON,20,LEON,1275,C01,119,19,2,14,1,11,48,2,1,0,220,7,227,705,,,,,,,,,,,,,,,,,,,,,
11,GUANAJUATO,4,LEON,20,LEON,1275,C02,129,23,4,10,1,3,27,2,0,1,200,1,201,705,,,,,,,,,,,,,,,,,,,,,
11,GUANAJUATO,4,LEON,20,LEON,1276,B,115,23,1,13,3,8,27,2,1,3,197,7,204,723,,,,,,,,,,,,,,,,,,,,,
11,GUANAJUATO,4,LEON,20,LEON,1276,C01,101,24,3,7,1,10,29,1,0,0,176,3,179,723,,,,,,,,,,,,,,,,,,,,,
11,GUANAJUATO,4,LEON,20,LEON,1276,C02,103,29,1,12,1,11,46,2,1,1,209,8,217,723,,,,,,,,,,,,,,,,,,,,,
11,GUANAJUATO,4,LEON,20,LEON,1276,C03,135,25,1,15,1,2,45,3,2,1,233,7,240,723,,,,,,,,,,,,,,,,,,,,,
11,GUANAJUATO,4,LEON,20,LEON,1276,C04,105,18,1,18,0,11,43,2,2,1,205,3,208,722,,,,,,,,,,,,,,,,,,,,,
11,GUANAJUATO,4,LEON,20,LEON,1276,C05,118,28,3,11,1,5,44,2,1,1,216,9,225,722,,,,,,,,,,,,,,,,,,,,,
11,GUANAJUATO,4,LEON,20,LEON,1276,C06,110,24,3,15,0,10,34,1,0,0,199,13,212,722,,,,,,,,,,,,,,,,,,,,,
11,GUANAJUATO,4,LEON,20,LEON,1276,C07,121,20,3,10,7,7,43,2,2,2,217,4,221,722,,,,,,,,,,,,,,,,,,,,,
11,GUANAJUATO,4,LEON,20,LEON,1276,C08,121,17,2,12,1,14,44,0,0,1,212,9,221,722,,,,,,,,,,,,,,,,,,,,,
11,GUANAJUATO,4,LEON,20,LEON,1277,B,180,26,1,9,3,12,62,2,0,0,300,5,305,731,,,,,,,,,,,,,,,,,,,,,
11,GUANAJUATO,4,LEON,20,LEON,1277,C01,173,22,0,13,3,23,66,1,1,1,305,4,310,731,,,,,,,,,,,,,,,,,,,,,
11,GUANAJUATO,4,LEON,20,LEON,1277,C02,171,23,1,19,1,17,45,1,0,0,280,3,283,730,,,,,,,,,,,,,,,,,,,,,
11,GUANAJUATO,4,LEON,20,LEON,1277,C03,154,28,3,20,4,9,44,1,0,0,268,4,274,730,,,,,,,,,,,,,,,,,,,,,
11,GUANAJUATO,4,LEON,20,LEON,1277,C04,180,25,3,15,5,9,44,1,2,2,290,6,296,730,,,,,,,,,,,,,,,,,,,,,
11,GUANAJUATO,4,LEON,20,LEON,1277,C05,164,21,1,18,1,6,72,2,1,2,290,8,298,730,,,,,,,,,,,,,,,,,,,,,
11,GUANAJUATO,4,LEON,20,LEON,1284,B,172,23,0,9,2,11,66,3,0,3,295,9,304,719,,,,,,,,,,,,,,,,,,,,,
11,GUANAJUATO,4,LEON,20,LEON,1284,C01,192,25,4,16,4,12,68,4,1,1,332,4,336,719,,,,,,,,,,,,,,,,,,,,,
11,GUANAJUATO,4,LEON,20,LEON,1284,C02,204,12,7,11,0,12,72,1,2,2,334,7,342,719,,,,,,,,,,,,,,,,,,,,,
11,GUANAJUATO,4,LEON,20,LEON,1284,C03,207,20,2,3,0,25,60,0,2,1,327,5,332,719,,,,,,,,,,,,,,,,,,,,,
11,GUANAJUATO,4,LEON,20,LEON,1284,C04,189,19,5,11,3,12,58,6,0,1,308,6,314,719,,,,,,,,,,,,,,,,,,,,,
11,GUANAJUATO,4,LEON,20,LEON,1284,C05,195,13,1,6,0,18,74,5,0,2,318,8,326,718,,,,,,,,,,,,,,,,,,,,,
11,GUANAJUATO,4,LEON,20,LEON,1284,C06,200,13,5,10,3,9,64,4,1,1,315,4,319,718,,,,,,,,,,,,,,,,,,,,,
11,GUANAJUATO,4,LEON,20,LEON,1284,C07,221,19,5,7,1,11,61,2,1,0,334,3,338,718,,,,,,,,,,,,,,,,,,,,,
11,GUANAJUATO,4,LEON,20,LEON,1284,C08,173,17,3,7,3,15,65,1,1,1,290,5,295,718,,,,,,,,,,,,,,,,,,,,,
11,GUANAJUATO,4,LEON,20,LEON,1284,C09,210,18,1,6,3,6,71,4,1,0,324,1,325,718,,,,,,,,,,,,,,,,,,,,,
11,GUANAJUATO,4,LEON,20,LEON,1284,C10,172,17,1,10,1,19,66,4,4,2,298,4,306,718,,,,,,,,,,,,,,,,,,,,,
11,GUANAJUATO,4,LEON,20,LEON,1285,B,290,16,1,5,4,13,61,1,1,0,397,5,403,730,,,,,,,,,,,,,,,,,,,,,
11,GUANAJUATO,4,LEON,20,LEON,1285,C01,287,14,2,6,1,20,67,0,0,0,400,5,405,730,,,,,,,,,,,,,,,,,,,,,
11,GUANAJUATO,4,LEON,20,LEON,1285,C02,290,18,8,4,1,18,79,1,2,4,436,8,444,730,,,,,,,,,,,,,,,,,,,,,
11,GUANAJUATO,4,LEON,20,LEON,1285,C03,291,15,4,11,6,16,61,1,0,1,410,6,416,730,,,,,,,,,,,,,,,,,,,,,
11,GUANAJUATO,4,LEON,20,LEON,1285,C04,261,74,3,8,8,18,87,2,0,1,465,9,474,729,,,,,,,,,,,,,,,,,,,,,
11,GUANAJUATO,4,LEON,20,LEON,1285,C05,292,20,4,7,0,22,57,0,0,2,408,1,409,729,,,,,,,,,,,,,,,,,,,,,
11,GUANAJUATO,4,LEON,20,LEON,1285,C06,265,20,4,6,4,17,64,2,1,2,386,4,390,729,,,,,,,,,,,,,,,,,,,,,
11,GUANAJUATO,4,LEON,20,LEON,1285,C07,292,19,0,9,2,13,65,0,0,3,408,4,412,729,,,,,,,,,,,,,,,,,,,,,
11,GUANAJUATO,4,LEON,20,LEON,1285,C08,264,24,2,12,3,14,71,1,1,1,399,5,404,729,,,,,,,,,,,,,,,,,,,,,
11,GUANAJUATO,4,LEON,20,LEON,1285,C09,283,20,2,9,2,19,77,0,3,1,416,9,425,729,,,,,,,,,,,,,,,,,,,,,
11,GUANAJUATO,4,LEON,20,LEON,1285,C10,285,17,5,11,5,23,79,2,2,2,438,0,438,729,,,,,,,,,,,,,,,,,,,,,
11,GUANAJUATO,4,LEON,20,LEON,1296,B,127,18,5,8,0,8,42,2,3,2,219,3,222,421,,,,,,,,,,,,,,,,,,,,,
11,GUANAJUATO,4,LEON,20,LEON,1296,C01,154,20,0,7,0,9,30,0,2,1,224,3,227,421,,,,,,,,,,,,,,,,,,,,,
11,GUANAJUATO,4,LEON,20,LEON,1297,B,130,15,4,14,0,2,66,0,0,0,232,4,236,677,,,,,,,,,,,,,,,,,,,,,
11,GUANAJUATO,4,LEON,20,LEON,1297,C01,115,7,3,13,3,15,56,2,1,0,218,5,223,677,,,,,,,,,,,,,,,,,,,,,
11,GUANAJUATO,4,LEON,20,LEON,1297,C02,127,16,2,15,2,14,60,1,0,1,239,13,252,676,,,,,,,,,,,,,,,,,,,,,
11,GUANAJUATO,4,LEON,20,LEON,1297,C03,120,13,5,16,1,7,62,2,0,0,229,3,232,676,,,,,,,,,,,,,,,,,,,,,
11,GUANAJUATO,4,LEON,20,LEON,1297,C04,132,16,1,9,1,10,53,0,2,1,227,4,231,676,,,,,,,,,,,,,,,,,,,,,
11,GUANAJUATO,4,LEON,20,LEON,1297,C05,121,16,0,12,4,5,79,1,1,0,242,9,251,676,,,,,,,,,,,,,,,,,,,,,
11,GUANAJUATO,4,LEON,20,LEON,1297,C06,129,27,2,13,5,6,65,2,1,2,254,6,260,676,,,,,,,,,,,,,,,,,,,,,
11,GUANAJUATO,4,LEON,20,LEON,1297,C07,127,12,3,10,6,3,75,2,1,2,241,5,246,676,,,,,,,,,,,,,,,,,,,,,
11,GUANAJUATO,4,LEON,20,LEON,1297,C08,120,25,3,7,1,6,52,1,2,1,220,7,227,676,,,,,,,,,,,,,,,,,,,,,
11,GUANAJUATO,4,LEON,20,LEON,1298,B,189,19,4,14,2,8,69,1,2,1,311,4,315,695,,,,,,,,,,,,,,,,,,,,,
11,GUANAJUATO,4,LEON,20,LEON,1298,C01,201,17,1,10,0,9,74,2,1,1,317,9,326,694,,,,,,,,,,,,,,,,,,,,,
11,GUANAJUATO,4,LEON,20,LEON,1298,C02,138,14,3,6,0,5,95,1,2,2,269,20,289,694,,,,,,,,,,,,,,,,,,,,,
11,GUANAJUATO,4,LEON,20,LEON,1298,C03,119,28,1,13,1,9,76,1,1,2,253,5,258,694,,,,,,,,,,,,,,,,,,,,,
11,GUANAJUATO,4,LEON,20,LEON,1298,C04,179,20,3,11,1,11,70,1,1,2,302,5,307,694,,,,,,,,,,,,,,,,,,,,,
11,GUANAJUATO,4,LEON,20,LEON,1299,B,123,13,1,7,2,6,58,2,0,1,216,5,221,425,,,,,,,,,,,,,,,,,,,,,
11,GUANAJUATO,4,LEON,20,LEON,1299,C01,130,10,2,8,1,11,52,2,0,0,218,6,224,424,,,,,,,,,,,,,,,,,,,,,
11,GUANAJUATO,4,LEON,20,LEON,1300,B,194,16,3,12,2,5,76,3,0,1,314,7,321,512,,,,,,,,,,,,,,,,,,,,,
11,GUANAJUATO,4,LEON,20,LEON,1300,C01,198,18,2,9,1,11,49,2,3,3,296,2,298,512,,,,,,,,,,,,,,,,,,,,,
11,GUANAJUATO,4,LEON,20,LEON,1300,C02,201,10,4,4,0,13,57,0,1,0,300,3,304,511,,,,,,,,,,,,,,,,,,,,,
11,GUANAJUATO,4,LEON,20,LEON,1301,B,217,10,5,14,2,9,80,4,1,6,354,9,365,716,,,,,,,,,,,,,,,,,,,,,
11,GUANAJUATO,4,LEON,20,LEON,1301,C01,231,19,1,7,0,13,66,1,0,3,353,3,356,716,,,,,,,,,,,,,,,,,,,,,
11,GUANAJUATO,4,LEON,20,LEON,1306,B,164,19,2,9,1,6,81,3,1,3,292,3,295,658,,,,,,,,,,,,,,,,,,,,,
11,GUANAJUATO,4,LEON,20,LEON,1306,C01,169,21,1,8,0,9,86,1,0,2,299,5,304,658,,,,,,,,,,,,,,,,,,,,,
11,GUANAJUATO,4,LEON,20,LEON,1307,B,182,25,1,9,0,7,79,2,0,2,307,4,312,601,,,,,,,,,,,,,,,,,,,,,
11,GUANAJUATO,4,LEON,20,LEON,1307,C01,174,27,0,13,3,11,55,1,1,2,287,10,297,601,,,,,,,,,,,,,,,,,,,,,
11,GUANAJUATO,4,LEON,20,LEON,1308,B,136,15,2,15,2,11,65,0,1,0,250,7,257,716,,,,,,,,,,,,,,,,,,,,,
11,GUANAJUATO,4,LEON,20,LEON,1308,C01,112,26,1,13,1,12,72,3,1,2,247,7,254,715,,,,,,,,,,,,,,,,,,,,,
11,GUANAJUATO,4,LEON,20,LEON,1308,C02,136,25,4,20,2,6,66,2,0,2,268,4,272,715,,,,,,,,,,,,,,,,,,,,,
11,GUANAJUATO,4,LEON,20,LEON,1308,C03,155,12,2,10,0,9,63,2,2,2,257,5,262,715,,,,,,,,,,,,,,,,,,,,,
11,GUANAJUATO,4,LEON,20,LEON,1308,C04,134,26,1,14,4,14,64,2,3,0,265,8,273,715,,,,,,,,,,,,,,,,,,,,,
11,GUANAJUATO,4,LEON,20,LEON,1308,C05,155,12,3,13,2,13,74,1,1,2,278,6,284,715,,,,,,,,,,,,,,,,,,,,,
11,GUANAJUATO,4,LEON,20,LEON,1309,B,104,9,0,6,1,6,61,0,3,0,192,9,201,652,,,,,,,,,,,,,,,,,,,,,
11,GUANAJUATO,4,LEON,20,LEON,1309,C01,114,10,2,12,3,6,65,0,1,3,217,6,223,652,,,,,,,,,,,,,,,,,,,,,
11,GUANAJUATO,4,LEON,20,LEON,1309,C02,117,13,1,14,3,9,67,2,0,0,230,6,236,652,,,,,,,,,,,,,,,,,,,,,
11,GUANAJUATO,4,LEON,20,LEON,1309,C03,104,22,1,10,2,8,56,4,2,2,215,3,218,652,,,,,,,,,,,,,,,,,,,,,
11,GUANAJUATO,4,LEON,20,LEON,1309,C04,124,21,1,9,1,7,52,2,0,0,217,7,224,651,,,,,,,,,,,,,,,,,,,,,
11,GUANAJUATO,4,LEON,20,LEON,1310,B,166,9,4,3,1,7,80,4,3,1,283,10,293,609,,,,,,,,,,,,,,,,,,,,,
11,GUANAJUATO,4,LEON,20,LEON,1310,C01,155,19,3,9,1,7,48,2,0,1,248,3,251,609,,,,,,,,,,,,,,,,,,,,,
11,GUANAJUATO,4,LEON,20,LEON,1310,C02,166,11,7,8,6,9,63,1,0,1,272,4,276,608,,,,,,,,,,,,,,,,,,,,,
11,GUANAJUATO,4,LEON,20,LEON,1310,C03,141,11,2,8,3,9,64,1,1,1,244,8,252,608,,,,,,,,,,,,,,,,,,,,,
11,GUANAJUATO,4,LEON,20,LEON,1311,B,276,23,3,7,5,9,94,2,2,5,439,11,450,723,,,,,,,,,,,,,,,,,,,,,
11,GUANAJUATO,4,LEON,20,LEON,1322,B,134,12,2,10,2,7,66,1,2,3,244,4,248,685,,,,,,,,,,,,,,,,,,,,,
11,GUANAJUATO,4,LEON,20,LEON,1322,C01,113,15,1,14,2,8,74,6,4,2,241,5,246,684,,,,,,,,,,,,,,,,,,,,,
11,GUANAJUATO,4,LEON,20,LEON,1322,C02,123,14,0,8,0,10,53,2,2,5,220,9,229,684,,,,,,,,,,,,,,,,,,,,,
11,GUANAJUATO,4,LEON,20,LEON,1322,C03,120,9,1,6,2,5,69,1,2,5,221,6,227,684,,,,,,,,,,,,,,,,,,,,,
11,GUANAJUATO,4,LEON,20,LEON,1322,C04,133,20,3,16,3,4,70,0,0,0,252,3,255,684,,,,,,,,,,,,,,,,,,,,,
11,GUANAJUATO,4,LEON,20,LEON,1322,C05,127,11,4,10,1,5,68,1,0,2,229,5,234,684,,,,,,,,,,,,,,,,,,,,,
11,GUANAJUATO,4,LEON,20,LEON,1322,C06,126,14,4,12,1,7,66,0,0,4,235,7,242,684,,,,,,,,,,,,,,,,,,,,,
11,GUANAJUATO,4,LEON,20,LEON,1322,C07,119,20,0,12,4,6,61,1,0,1,224,10,234,684,,,,,,,,,,,,,,,,,,,,,
11,GUANAJUATO,4,LEON,20,LEON,1343,B,265,14,1,9,1,16,54,1,3,0,368,0,368,614,,,,,,,,,,,,,,,,,,,,,
11,GUANAJUATO,4,LEON,20,LEON,1343,C01,264,19,2,12,2,18,48,0,1,1,369,6,375,613,,,,,,,,,,,,,,,,,,,,,
11,GUANAJUATO,4,LEON,20,LEON,1343,C02,260,16,3,7,2,14,64,0,1,2,372,4,376,613,,,,,,,,,,,,,,,,,,,,,
11,GUANAJUATO,4,LEON,20,LEON,1343,C03,276,17,0,8,4,19,65,0,1,3,397,6,403,613,,,,,,,,,,,,,,,,,,,,,
11,GUANAJUATO,4,LEON,20,LEON,1367,B,198,9,4,9,4,13,73,3,2,6,327,5,333,671,,,,,,,,,,,,,,,,,,,,,
11,GUANAJUATO,4,LEON,20,LEON,1367,C01,191,23,4,12,1,9,84,2,1,1,334,3,337,670,,,,,,,,,,,,,,,,,,,,,
11,GUANAJUATO,4,LEON,20,LEON,1367,C02,200,19,1,10,3,9,85,4,2,1,336,4,340,670,,,,,,,,,,,,,,,,,,,,,
11,GUANAJUATO,4,LEON,20,LEON,1390,B,130,11,2,0,5,7,86,3,1,0,249,9,258,681,,,,,,,,,,,,,,,,,,,,,
11,GUANAJUATO,4,LEON,20,LEON,1390,C01,131,19,2,7,2,7,83,2,1,1,257,5,262,680,,,,,,,,,,,,,,,,,,,,,
11,GUANAJUATO,4,LEON,20,LEON,1390,C02,155,17,3,11,2,12,96,1,0,3,303,9,312,680,,,,,,,,,,,,,,,,,,,,,
11,GUANAJUATO,4,LEON,20,LEON,1391,B,383,12,3,3,1,36,59,3,2,0,505,3,508,749,,,,,,,,,,,,,,,,,,,,,
11,GUANAJUATO,4,LEON,20,LEON,1391,C01,376,17,1,7,3,39,56,0,1,2,507,2,509,749,,,,,,,,,,,,,,,,,,,,,
11,GUANAJUATO,4,LEON,20,LEON,1391,C02,380,8,1,6,0,29,43,2,1,1,473,6,479,748,,,,,,,,,,,,,,,,,,,,,
11,GUANAJUATO,4,LEON,20,LEON,1391,C03,398,12,4,2,6,40,53,0,0,0,518,3,522,748,,,,,,,,,,,,,,,,,,,,,
11,GUANAJUATO,4,LEON,20,LEON,1391,C04,405,11,2,1,1,19,58,1,0,0,499,7,506,748,,,,,,,,,,,,,,,,,,,,,
11,GUANAJUATO,4,LEON,20,LEON,1391,C05,361,13,2,9,2,24,64,1,0,2,481,1,482,748,,,,,,,,,,,,,,,,,,,,,
11,GUANAJUATO,4,LEON,20,LEON,1393,B,147,16,0,12,2,4,97,2,4,6,290,7,297,592,,,,,,,,,,,,,,,,,,,,,
11,GUANAJUATO,4,LEON,20,LEON,1393,C01,142,22,1,7,0,6,94,3,3,4,283,15,298,592,,,,,,,,,,,,,,,,,,,,,
11,GUANAJUATO,4,LEON,20,LEON,1412,B,199,12,3,6,1,8,74,1,1,1,310,5,315,614,,,,,,,,,,,,,,,,,,,,,
11,GUANAJUATO,4,LEON,20,LEON,1412,C01,193,22,2,6,2,17,74,2,4,1,327,4,331,613,,,,,,,,,,,,,,,,,,,,,
11,GUANAJUATO,4,LEON,20,LEON,1413,B,140,20,2,6,0,7,60,1,2,2,240,4,244,497,,,,,,,,,,,,,,,,,,,,,
11,GUANAJUATO,4,LEON,20,LEON,1413,C01,154,17,2,5,0,5,76,1,0,6,268,4,272,496,,,,,,,,,,,,,,,,,,,,,
11,GUANAJUATO,4,LEON,20,LEON,1474,B,80,22,1,13,1,1,26,0,0,3,148,8,156,401,,,,,,,,,,,,,,,,,,,,,
11,GUANAJUATO,4,LEON,20,LEON,1474,C01,102,17,0,0,0,0,10,3,1,7,140,2,142,401,,,,,,,,,,,,,,,,,,,,,
11,GUANAJUATO,4,LEON,20,LEON,1475,B,141,37,1,7,1,11,11,1,0,2,212,5,217,452,,,,,,,,,,,,,,,,,,,,,
11,GUANAJUATO,4,LEON,20,LEON,1476,B,114,12,0,2,0,0,4,1,0,0,133,2,135,349,,,,,,,,,,,,,,,,,,,,,
11,GUANAJUATO,4,LEON,20,LEON,1479,B,109,26,0,9,1,7,21,1,2,0,176,9,185,577,,,,,,,,,,,,,,,,,,,,,
11,GUANAJUATO,4,LEON,20,LEON,1479,C01,117,17,0,9,2,4,33,4,3,1,192,5,197,577,,,,,,,,,,,,,,,,,,,,,
11,GUANAJUATO,4,LEON,20,LEON,1479,C02,123,23,2,13,4,3,28,1,1,2,202,5,208,577,,,,,,,,,,,,,,,,,,,,,
11,GUANAJUATO,4,LEON,20,LEON,1479,C03,106,24,0,4,6,6,34,3,1,1,186,6,192,577,,,,,,,,,,,,,,,,,,,,,
11,GUANAJUATO,4,LEON,20,LEON,1481,B,271,11,2,9,3,18,69,3,1,3,401,6,407,738,,,,,,,,,,,,,,,,,,,,,
11,GUANAJUATO,4,LEON,20,LEON,1481,C01,297,17,5,11,1,24,68,0,0,2,432,6,439,738,,,,,,,,,,,,,,,,,,,,,
11,GUANAJUATO,4,LEON,20,LEON,1481,E01,178,40,2,9,1,7,37,1,1,0,279,4,283,746,,,,,,,,,,,,,,,,,,,,,
11,GUANAJUATO,4,LEON,20,LEON,1481,C02,272,21,3,10,1,20,73,6,0,0,419,1,420,738,,,,,,,,,,,,,,,,,,,,,
11,GUANAJUATO,4,LEON,20,LEON,1481,C03,253,17,3,11,0,20,76,1,2,0,388,1,389,737,,,,,,,,,,,,,,,,,,,,,
11,GUANAJUATO,4,LEON,20,LEON,1481,C04,263,19,2,10,3,19,89,3,0,2,417,10,427,737,,,,,,,,,,,,,,,,,,,,,
11,GUANAJUATO,4,LEON,20,LEON,1482,B,140,110,0,3,1,2,21,1,2,0,280,10,290,635,,,,,,,,,,,,,,,,,,,,,
11,GUANAJUATO,4,LEON,20,LEON,1482,E01,49,20,0,1,0,1,9,1,0,1,83,8,91,174,,,,,,,,,,,,,,,,,,,,,
11,GUANAJUATO,4,LEON,20,LEON,1485,B,79,21,0,3,1,5,77,1,3,1,198,8,206,723,,,,,,,,,,,,,,,,,,,,,
11,GUANAJUATO,4,LEON,20,LEON,1485,C01,104,16,1,6,2,8,58,1,1,0,201,7,208,723,,,,,,,,,,,,,,,,,,,,,
11,GUANAJUATO,4,LEON,20,LEON,1485,C02,108,23,1,8,2,6,53,0,0,1,208,3,211,723,,,,,,,,,,,,,,,,,,,,,
11,GUANAJUATO,4,LEON,20,LEON,1485,C03,91,20,1,12,1,5,58,1,1,0,195,4,199,723,,,,,,,,,,,,,,,,,,,,,
11,GUANAJUATO,4,LEON,20,LEON,1485,C04,97,17,2,10,2,7,48,1,0,1,189,8,197,722,,,,,,,,,,,,,,,,,,,,,
11,GUANAJUATO,4,LEON,20,LEON,1486,B,65,7,1,4,0,1,24,2,2,3,110,5,115,388,,,,,,,,,,,,,,,,,,,,,
11,GUANAJUATO,4,LEON,20,LEON,1486,C01,83,7,0,6,1,4,19,0,3,1,126,6,132,388,,,,,,,,,,,,,,,,,,,,,
11,GUANAJUATO,4,LEON,20,LEON,1487,B,165,24,3,13,3,7,37,2,2,0,260,3,263,745,,,,,,,,,,,,,,,,,,,,,
11,GUANAJUATO,4,LEON,20,LEON,1487,C01,186,18,6,7,2,9,50,1,1,2,286,0,287,745,,,,,,,,,,,,,,,,,,,,,
11,GUANAJUATO,4,LEON,20,LEON,1487,C02,197,15,3,8,0,8,67,0,1,0,303,4,307,745,,,,,,,,,,,,,,,,,,,,,
11,GUANAJUATO,4,LEON,20,LEON,1487,C03,161,28,3,12,2,6,36,1,0,3,254,7,262,744,,,,,,,,,,,,,,,,,,,,,
11,GUANAJUATO,4,LEON,20,LEON,1487,C04,175,24,3,5,3,12,62,5,2,3,297,7,304,744,,,,,,,,,,,,,,,,,,,,,
11,GUANAJUATO,4,LEON,20,LEON,1487,C05,178,15,2,6,0,6,56,3,0,0,270,5,275,744,,,,,,,,,,,,,,,,,,,,,
11,GUANAJUATO,4,LEON,20,LEON,1488,B,67,8,1,9,0,4,41,1,0,0,135,4,139,544,,,,,,,,,,,,,,,,,,,,,
11,GUANAJUATO,4,LEON,20,LEON,1488,C01,74,10,1,5,1,1,68,1,1,0,163,6,169,544,,,,,,,,,,,,,,,,,,,,,
11,GUANAJUATO,4,LEON,20,LEON,1488,C02,86,7,0,4,1,6,35,0,4,0,143,5,148,544,,,,,,,,,,,,,,,,,,,,,
11,GUANAJUATO,4,LEON,20,LEON,1489,B,116,11,0,15,2,8,63,3,1,1,221,2,223,704,,,,,,,,,,,,,,,,,,,,,
11,GUANAJUATO,4,LEON,20,LEON,1489,C01,108,12,2,10,1,12,40,3,3,0,191,4,195,704,,,,,,,,,,,,,,,,,,,,,
11,GUANAJUATO,4,LEON,20,LEON,1489,C02,114,16,1,5,0,10,36,3,0,2,191,6,197,704,,,,,,,,,,,,,,,,,,,,,
11,GUANAJUATO,4,LEON,20,LEON,1489,C03,114,16,2,8,1,10,61,3,0,1,218,6,224,704,,,,,,,,,,,,,,,,,,,,,
11,GUANAJUATO,4,LEON,20,LEON,1489,C04,113,14,1,10,0,7,62,2,0,2,215,12,227,704,,,,,,,,,,,,,,,,,,,,,
11,GUANAJUATO,4,LEON,20,LEON,1489,C05,106,21,0,7,2,8,54,1,4,2,207,4,211,703,,,,,,,,,,,,,,,,,,,,,
11,GUANAJUATO,4,LEON,20,LEON,1489,C06,104,13,0,5,1,7,59,1,0,0,197,0,197,703,,,,,,,,,,,,,,,,,,,,,
11,GUANAJUATO,4,LEON,20,LEON,1489,C07,106,9,1,8,1,6,49,2,0,0,185,13,198,703,,,,,,,,,,,,,,,,,,,,,
11,GUANAJUATO,4,LEON,20,LEON,1489,C08,128,13,1,14,2,5,60,0,1,1,228,5,233,703,,,,,,,,,,,,,,,,,,,,,
11,GUANAJUATO,4,LEON,20,LEON,1495,B,214,12,0,7,1,16,48,1,1,0,305,4,309,702,,,,,,,,,,,,,,,,,,,,,
11,GUANAJUATO,4,LEON,20,LEON,1495,C01,231,19,1,8,1,17,58,0,0,1,338,1,341,702,,,,,,,,,,,,,,,,,,,,,
11,GUANAJUATO,4,LEON,20,LEON,1495,E01,139,16,3,7,0,5,56,1,0,1,231,0,231,658,,,,,,,,,,,,,,,,,,,,,
11,GUANAJUATO,4,LEON,20,LEON,1495,E01C01,134,11,1,14,1,5,70,3,0,2,243,6,249,657,,,,,,,,,,,,,,,,,,,,,
11,GUANAJUATO,4,LEON,20,LEON,1495,E01C02,133,18,2,7,5,9,65,5,0,1,246,0,246,657,,,,,,,,,,,,,,,,,,,,,
11,GUANAJUATO,4,LEON,20,LEON,1495,E01C03,136,11,0,9,1,7,60,1,0,0,225,6,231,657,,,,,,,,,,,,,,,,,,,,,
11,GUANAJUATO,4,LEON,20,LEON,1495,C02,242,0,4,5,0,17,61,2,0,0,334,2,336,702,,,,,,,,,,,,,,,,,,,,,
11,GUANAJUATO,4,LEON,20,LEON,1495,C03,224,15,1,11,2,15,38,0,0,6,313,5,319,702,,,,,,,,,,,,,,,,,,,,,
11,GUANAJUATO,4,LEON,20,LEON,1495,C04,273,14,0,9,1,12,34,1,1,1,349,2,351,702,,,,,,,,,,,,,,,,,,,,,
11,GUANAJUATO,4,LEON,20,LEON,1495,C05,236,12,2,11,3,21,43,2,1,2,335,4,340,702,,,,,,,,,,,,,,,,,,,,,
11,GUANAJUATO,4,LEON,20,LEON,1495,C06,254,12,4,2,2,22,47,1,2,2,349,4,354,702,,,,,,,,,,,,,,,,,,,,,
11,GUANAJUATO,4,LEON,20,LEON,1495,C07,234,13,2,4,1,17,45,0,0,4,324,3,327,702,,,,,,,,,,,,,,,,,,,,,
11,GUANAJUATO,4,LEON,20,LEON,1495,C08,192,14,2,10,2,12,59,0,0,0,291,2,293,701,,,,,,,,,,,,,,,,,,,,,
11,GUANAJUATO,4,LEON,20,LEON,1495,C09,259,11,1,12,2,20,52,1,0,0,359,3,362,701,,,,,,,,,,,,,,,,,,,,,
11,GUANAJUATO,4,LEON,20,LEON,1495,C10,225,14,0,6,1,10,37,0,0,2,297,1,299,701,,,,,,,,,,,,,,,,,,,,,
11,GUANAJUATO,4,LEON,20,LEON,1497,B,109,52,4,10,1,1,60,1,1,4,243,8,251,606,,,,,,,,,,,,,,,,,,,,,
11,GUANAJUATO,4,LEON,20,LEON,1497,C01,103,51,2,6,0,1,52,4,0,6,225,4,229,606,,,,,,,,,,,,,,,,,,,,,
11,GUANAJUATO,4,LEON,20,LEON,1497,C02,91,39,1,3,1,2,36,0,2,3,179,0,179,606,,,,,,,,,,,,,,,,,,,,,
11,GUANAJUATO,4,LEON,20,LEON,1497,C03,77,69,1,5,2,4,34,1,1,2,197,2,199,606,,,,,,,,,,,,,,,,,,,,,
11,GUANAJUATO,4,LEON,20,LEON,1498,B,97,24,3,0,0,2,60,4,2,2,197,5,202,508,,,,,,,,,,,,,,,,,,,,,
11,GUANAJUATO,4,LEON,20,LEON,1498,C01,119,27,2,2,2,0,50,1,1,1,206,2,208,508,,,,,,,,,,,,,,,,,,,,,
11,GUANAJUATO,4,LEON,20,LEON,1499,B,149,23,4,6,0,5,78,0,5,3,275,9,284,722,,,,,,,,,,,,,,,,,,,,,
11,GUANAJUATO,4,LEON,20,LEON,1499,C01,162,15,2,3,1,2,71,4,0,2,265,9,274,722,,,,,,,,,,,,,,,,,,,,,
11,GUANAJUATO,4,LEON,20,LEON,1503,B,180,35,2,4,1,1,37,0,3,0,263,15,278,690,,,,,,,,,,,,,,,,,,,,,
11,GUANAJUATO,4,LEON,20,LEON,1504,B,113,23,1,3,0,2,37,3,2,1,186,8,194,655,,,,,,,,,,,,,,,,,,,,,
11,GUANAJUATO,4,LEON,20,LEON,1504,C01,101,27,1,2,3,1,33,0,4,3,175,4,179,654,,,,,,,,,,,,,,,,,,,,,
11,GUANAJUATO,4,LEON,20,LEON,1504,C02,126,24,2,8,1,3,21,2,1,2,190,13,203,654,,,,,,,,,,,,,,,,,,,,,
11,GUANAJUATO,4,LEON,20,LEON,1504,C03,122,25,2,3,1,2,31,3,0,0,190,10,200,654,,,,,,,,,,,,,,,,,,,,,
11,GUANAJUATO,4,LEON,20,LEON,1504,C04,116,31,1,4,0,2,27,2,0,0,184,8,192,654,,,,,,,,,,,,,,,,,,,,,
11,GUANAJUATO,4,LEON,20,LEON,1505,B,93,28,3,8,1,2,35,0,1,1,172,4,176,575,,,,,,,,,,,,,,,,,,,,,
11,GUANAJUATO,4,LEON,20,LEON,1505,C01,95,24,1,3,0,2,44,2,0,0,172,4,176,574,,,,,,,,,,,,,,,,,,,,,
11,GUANAJUATO,4,LEON,20,LEON,1506,B,89,38,2,2,3,0,68,4,0,1,209,7,216,657,,,,,,,,,,,,,,,,,,,,,
11,GUANAJUATO,4,LEON,20,LEON,1506,C01,86,24,2,5,0,2,28,1,2,0,152,7,159,657,,,,,,,,,,,,,,,,,,,,,
11,GUANAJUATO,4,LEON,20,LEON,1506,C02,82,23,0,2,4,3,36,4,2,1,159,7,166,656,,,,,,,,,,,,,,,,,,,,,
11,GUANAJUATO,4,LEON,20,LEON,1508,B,147,13,2,6,2,7,57,2,0,0,238,1,239,710,,,,,,,,,,,,,,,,,,,,,
11,GUANAJUATO,4,LEON,20,LEON,1508,C01,132,10,2,9,0,13,74,1,4,2,251,5,256,710,,,,,,,,,,,,,,,,,,,,,
11,GUANAJUATO,4,LEON,20,LEON,1508,C02,138,14,2,2,1,9,47,1,1,5,223,2,225,710,,,,,,,,,,,,,,,,,,,,,
11,GUANAJUATO,4,LEON,20,LEON,1508,C03,138,22,2,5,0,8,63,2,2,2,246,4,252,710,,,,,,,,,,,,,,,,,,,,,
11,GUANAJUATO,4,LEON,20,LEON,1508,C04,131,19,1,4,2,7,57,1,1,1,225,4,229,710,,,,,,,,,,,,,,,,,,,,,
11,GUANAJUATO,4,LEON,20,LEON,1508,C05,154,7,5,8,0,5,63,2,1,0,248,2,250,710,,,,,,,,,,,,,,,,,,,,,
11,GUANAJUATO,4,LEON,20,LEON,1508,C06,139,23,1,9,3,7,60,0,1,0,244,1,245,710,,,,,,,,,,,,,,,,,,,,,
11,GUANAJUATO,4,LEON,20,LEON,1508,C07,124,16,2,8,2,10,55,1,3,1,226,0,226,710,,,,,,,,,,,,,,,,,,,,,
11,GUANAJUATO,4,LEON,20,LEON,1508,C08,143,29,2,4,0,8,51,2,1,2,246,4,250,710,,,,,,,,,,,,,,,,,,,,,
11,GUANAJUATO,4,LEON,20,LEON,1509,B,77,28,0,4,2,2,51,0,3,2,172,4,176,514,,,,,,,,,,,,,,,,,,,,,
11,GUANAJUATO,4,LEON,20,LEON,1509,C01,114,24,0,1,1,3,41,4,1,0,190,1,191,514,,,,,,,,,,,,,,,,,,,,,
11,GUANAJUATO,4,LEON,20,LEON,1509,E01,120,30,1,8,3,2,30,1,1,0,196,2,198,641,,,,,,,,,,,,,,,,,,,,,
11,GUANAJUATO,4,LEON,20,LEON,1509,E01C01,88,42,3,10,2,0,33,0,0,0,180,5,185,640,,,,,,,,,,,,,,,,,,,,,
11,GUANAJUATO,4,LEON,20,LEON,1509,E01C02,89,42,1,8,1,3,34,2,2,0,183,3,186,640,,,,,,,,,,,,,,,,,,,,,
11,GUANAJUATO,4,LEON,20,LEON,1509,C02,87,34,0,6,0,4,45,1,1,0,178,6,184,514,,,,,,,,,,,,,,,,,,,,,
11,GUANAJUATO,4,LEON,20,LEON,1510,B,130,13,1,2,1,8,63,0,0,0,223,2,225,669,,,,,,,,,,,,,,,,,,,,,
11,GUANAJUATO,4,LEON,20,LEON,1510,C01,111,22,2,5,3,9,54,1,2,1,211,5,216,669,,,,,,,,,,,,,,,,,,,,,
11,GUANAJUATO,4,LEON,20,LEON,1510,C02,132,20,1,5,1,9,49,0,1,0,220,3,223,669,,,,,,,,,,,,,,,,,,,,,
11,GUANAJUATO,4,LEON,20,LEON,1510,C03,113,19,2,4,1,11,52,2,0,0,205,5,210,669,,,,,,,,,,,,,,,,,,,,,
11,GUANAJUATO,4,LEON,20,LEON,1510,C04,112,17,0,7,1,12,61,2,2,0,217,4,221,669,,,,,,,,,,,,,,,,,,,,,
11,GUANAJUATO,4,LEON,20,LEON,1510,C05,142,16,3,9,2,4,64,1,0,1,245,1,247,669,,,,,,,,,,,,,,,,,,,,,
11,GUANAJUATO,4,LEON,20,LEON,1510,C06,123,15,1,4,1,9,57,1,3,1,216,2,219,669,,,,,,,,,,,,,,,,,,,,,
11,GUANAJUATO,4,LEON,20,LEON,1510,C07,141,33,5,2,1,13,67,2,0,2,266,3,269,668,,,,,,,,,,,,,,,,,,,,,
11,GUANAJUATO,4,LEON,20,LEON,1510,C08,131,21,0,11,2,20,69,0,3,3,261,2,263,668,,,,,,,,,,,,,,,,,,,,,
11,GUANAJUATO,4,LEON,20,LEON,1512,B,151,38,0,6,0,3,33,0,0,0,231,7,238,749,,,,,,,,,,,,,,,,,,,,,
11,GUANAJUATO,4,LEON,20,LEON,1512,C01,162,31,1,10,2,2,32,1,1,1,243,8,251,748,,,,,,,,,,,,,,,,,,,,,
11,GUANAJUATO,4,LEON,20,LEON,1513,B,254,26,3,1,2,17,45,0,1,0,351,9,361,709,,,,,,,,,,,,,,,,,,,,,
11,GUANAJUATO,4,LEON,20,LEON,1513,C01,251,16,1,6,1,10,45,1,0,1,333,7,340,709,,,,,,,,,,,,,,,,,,,,,
11,GUANAJUATO,4,LEON,20,LEON,1654,B,136,12,1,7,2,1,46,3,1,1,210,6,216,577,,,,,,,,,,,,,,,,,,,,,
11,GUANAJUATO,4,LEON,20,LEON,1654,C01,172,20,2,1,0,3,46,0,0,0,244,6,250,577,,,,,,,,,,,,,,,,,,,,,
11,GUANAJUATO,4,LEON,20,LEON,1654,C02,171,11,0,1,0,4,41,1,1,0,231,10,241,577,,,,,,,,,,,,,,,,,,,,,
11,GUANAJUATO,4,LEON,20,LEON,1660,B,76,21,2,19,2,1,78,3,2,2,208,12,220,654,,,,,,,,,,,,,,,,,,,,,
11,GUANAJUATO,4,LEON,20,LEON,1660,C01,105,20,0,21,2,3,70,2,0,3,226,5,231,653,,,,,,,,,,,,,,,,,,,,,
11,GUANAJUATO,4,LEON,20,LEON,1661,B,68,20,2,3,3,2,39,0,0,0,140,1,141,566,,,,,,,,,,,,,,,,,,,,,
11,GUANAJUATO,4,LEON,20,LEON,1661,C01,76,15,3,8,4,6,44,6,4,2,171,6,177,566,,,,,,,,,,,,,,,,,,,,,
11,GUANAJUATO,4,LEON,20,LEON,1661,C02,80,17,0,6,0,3,60,0,1,2,171,2,173,566,,,,,,,,,,,,,,,,,,,,,
11,GUANAJUATO,4,LEON,20,LEON,1661,C03,65,7,1,5,0,6,39,2,1,2,129,3,132,566,,,,,,,,,,,,,,,,,,,,,
11,GUANAJUATO,4,LEON,20,LEON,3031,B,107,15,1,7,0,7,61,3,3,0,207,5,212,656,,,,,,,,,,,,,,,,,,,,,
11,GUANAJUATO,4,LEON,20,LEON,3032,B,338,11,1,2,0,18,19,0,1,2,393,1,395,531,,,,,,,,,,,,,,,,,,,,,
11,GUANAJUATO,4,LEON,20,LEON,3033,B,159,15,0,8,3,6,51,1,0,0,244,6,250,676,,,,,,,,,,,,,,,,,,,,,
11,GUANAJUATO,4,LEON,20,LEON,3034,B,126,5,4,7,2,6,53,3,0,2,209,10,219,514,,,,,,,,,,,,,,,,,,,,,
11,GUANAJUATO,4,LEON,20,LEON,3034,C01,131,11,0,4,0,9,53,1,0,3,216,9,225,513,,,,,,,,,,,,,,,,,,,,,
11,GUANAJUATO,4,LEON,20,LEON,3035,B,90,12,1,6,1,5,89,5,0,0,210,9,219,529,,,,,,,,,,,,,,,,,,,,,
11,GUANAJUATO,4,LEON,20,LEON,3036,B,276,25,6,18,3,26,72,1,2,1,441,5,446,578,,,,,,,,,,,,,,,,,,,,,
11,GUANAJUATO,4,LEON,20,LEON,3037,B,286,13,0,1,1,29,15,0,0,0,345,7,352,420,,,,,,,,,,,,,,,,,,,,,
11,GUANAJUATO,4,LEON,20,LEON,3038,B,123,14,4,8,4,13,52,1,2,2,224,2,226,438,,,,,,,,,,,,,,,,,,,,,
11,GUANAJUATO,4,LEON,20,LEON,3038,C01,133,10,1,5,14,51,2,0,0,0,217,3,220,437,,,,,,,,,,,,,,,,,,,,,
11,GUANAJUATO,4,LEON,20,LEON,3039,B,159,11,1,9,2,9,60,1,2,4,260,0,260,468,,,,,,,,,,,,,,,,,,,,,
11,GUANAJUATO,4,LEON,20,LEON,3039,C01,185,12,2,6,0,12,64,2,2,0,287,0,287,468,,,,,,,,,,,,,,,,,,,,,
11,GUANAJUATO,4,LEON,20,LEON,3040,B,185,17,3,8,2,12,88,0,0,0,322,4,329,615,,,,,,,,,,,,,,,,,,,,,
11,GUANAJUATO,4,LEON,20,LEON,3041,B,210,10,2,6,4,20,64,0,1,4,327,7,334,485,,,,,,,,,,,,,,,,,,,,,
11,GUANAJUATO,4,LEON,20,LEON,3044,B,294,18,0,3,0,22,48,2,0,2,391,3,394,623,,,,,,,,,,,,,,,,,,,,,
11,GUANAJUATO,4,LEON,20,LEON,3046,B,304,20,3,8,3,16,56,3,1,2,421,4,425,701,,,,,,,,,,,,,,,,,,,,,
11,GUANAJUATO,4,LEON,20,LEON,3047,B,293,20,6,6,2,12,63,3,3,0,410,5,415,631,,,,,,,,,,,,,,,,,,,,,
11,GUANAJUATO,4,LEON,20,LEON,3051,B,159,13,4,8,1,13,99,0,1,3,320,6,326,569,,,,,,,,,,,,,,,,,,,,,
11,GUANAJUATO,4,LEON,20,LEON,3071,B,84,14,2,8,3,6,51,2,3,0,173,6,179,549,,,,,,,,,,,,,,,,,,,,,
11,GUANAJUATO,4,LEON,20,LEON,3071,C01,78,13,0,11,0,3,50,2,3,1,162,5,167,548,,,,,,,,,,,,,,,,,,,,,
11,GUANAJUATO,4,LEON,20,LEON,3072,B,111,28,0,15,0,0,44,0,0,0,198,0,198,673,,,,,,,,,,,,,,,,,,,,,
11,GUANAJUATO,4,LEON,20,LEON,3073,B,80,10,0,6,0,6,50,0,1,0,153,4,157,596,,,,,,,,,,,,,,,,,,,,,
11,GUANAJUATO,4,LEON,20,LEON,3073,C01,70,16,0,4,1,10,39,1,1,2,145,3,148,596,,,,,,,,,,,,,,,,,,,,,
11,GUANAJUATO,4,LEON,20,LEON,3074,B,85,13,1,13,0,5,43,0,0,0,161,2,163,579,,,,,,,,,,,,,,,,,,,,,
11,GUANAJUATO,4,LEON,20,LEON,3074,C01,84,14,0,9,1,6,46,1,1,0,163,0,163,578,,,,,,,,,,,,,,,,,,,,,
11,GUANAJUATO,4,LEON,20,LEON,3075,B,110,12,0,11,0,1,48,1,1,1,185,0,185,639,,,,,,,,,,,,,,,,,,,,,
11,GUANAJUATO,4,LEON,20,LEON,3076,B,98,8,4,9,0,3,42,2,1,1,171,1,173,542,,,,,,,,,,,,,,,,,,,,,
11,GUANAJUATO,4,LEON,20,LEON,3076,C01,77,6,2,13,4,7,48,0,1,1,159,2,163,541,,,,,,,,,,,,,,,,,,,,,
11,GUANAJUATO,4,LEON,20,LEON,3077,B,70,14,2,6,0,2,52,0,0,0,146,1,148,489,,,,,,,,,,,,,,,,,,,,,
11,GUANAJUATO,4,LEON,20,LEON,3077,C01,87,9,0,15,1,4,49,4,1,0,171,5,176,489,,,,,,,,,,,,,,,,,,,,,
11,GUANAJUATO,4,LEON,20,LEON,3078,B,83,9,0,4,0,0,38,1,0,1,136,3,139,395,,,,,,,,,,,,,,,,,,,,,
11,GUANAJUATO,4,LEON,20,LEON,3078,C01,71,14,0,5,0,1,29,2,0,1,125,3,128,395,,,,,,,,,,,,,,,,,,,,,
11,GUANAJUATO,4,LEON,20,LEON,3079,B,135,14,2,8,6,7,50,1,0,1,225,3,228,482,,,,,,,,,,,,,,,,,,,,,
11,GUANAJUATO,4,LEON,20,LEON,3079,C01,147,9,1,9,2,10,41,2,0,1,224,4,228,482,,,,,,,,,,,,,,,,,,,,,
11,GUANAJUATO,4,LEON,20,LEON,3080,B,80,7,0,6,0,7,41,1,1,3,150,0,150,392,,,,,,,,,,,,,,,,,,,,,
11,GUANAJUATO,4,LEON,20,LEON,3080,C01,71,10,3,2,2,7,44,0,0,0,139,3,142,391,,,,,,,,,,,,,,,,,,,,,
11,GUANAJUATO,4,LEON,20,LEON,3081,B,117,13,5,6,1,10,59,3,1,0,215,5,220,564,,,,,,,,,,,,,,,,,,,,,
11,GUANAJUATO,4,LEON,20,LEON,3081,C01,117,8,0,7,2,6,64,4,0,0,209,2,212,563,,,,,,,,,,,,,,,,,,,,,
11,GUANAJUATO,4,LEON,20,LEON,3082,B,134,16,3,9,0,9,63,5,0,0,242,3,245,745,,,,,,,,,,,,,,,,,,,,,
11,GUANAJUATO,4,LEON,20,LEON,3083,B,124,22,3,8,0,9,63,1,0,0,232,5,237,719,,,,,,,,,,,,,,,,,,,,,
11,GUANAJUATO,4,LEON,20,LEON,3084,B,65,12,0,7,0,7,53,2,0,1,147,7,154,404,,,,,,,,,,,,,,,,,,,,,
11,GUANAJUATO,4,LEON,20,LEON,3084,C01,59,7,1,3,3,5,58,1,0,1,138,4,142,403,,,,,,,,,,,,,,,,,,,,,
11,GUANAJUATO,4,LEON,20,LEON,3085,B,112,11,3,7,6,11,63,4,0,1,219,11,230,723,,,,,,,,,,,,,,,,,,,,,
11,GUANAJUATO,4,LEON,20,LEON,3086,B,61,13,2,8,1,9,46,3,0,1,146,3,149,484,,,,,,,,,,,,,,,,,,,,,
11,GUANAJUATO,4,LEON,20,LEON,3086,C01,76,8,3,5,1,8,35,4,0,0,141,2,143,484,,,,,,,,,,,,,,,,,,,,,
11,GUANAJUATO,4,LEON,20,LEON,3087,B,83,6,1,4,2,5,36,1,1,2,142,1,143,405,,,,,,,,,,,,,,,,,,,,,
11,GUANAJUATO,4,LEON,20,LEON,3087,C01,77,7,0,3,1,8,37,0,0,3,138,4,142,405,,,,,,,,,,,,,,,,,,,,,
11,GUANAJUATO,4,LEON,20,LEON,3088,B,103,14,3,5,0,10,122,3,2,2,265,6,271,705,,,,,,,,,,,,,,,,,,,,,
11,GUANAJUATO,4,LEON,20,LEON,3089,B,74,5,2,11,0,3,49,2,1,0,149,4,153,418,,,,,,,,,,,,,,,,,,,,,
11,GUANAJUATO,4,LEON,20,LEON,3089,C01,79,10,3,5,3,4,31,2,1,1,139,1,140,418,,,,,,,,,,,,,,,,,,,,,
11,GUANAJUATO,4,LEON,20,LEON,3090,B,74,5,1,5,1,2,46,3,0,2,140,2,142,431,,,,,,,,,,,,,,,,,,,,,
11,GUANAJUATO,4,LEON,20,LEON,3090,C01,60,7,1,6,1,5,43,0,0,0,124,0,124,431,,,,,,,,,,,,,,,,,,,,,
11,GUANAJUATO,4,LEON,20,LEON,3091,B,56,8,0,6,2,10,52,3,2,1,143,2,145,411,,,,,,,,,,,,,,,,,,,,,
11,GUANAJUATO,4,LEON,20,LEON,3091,C01,43,9,0,4,1,7,55,0,4,0,124,5,129,411,,,,,,,,,,,,,,,,,,,,,
11,GUANAJUATO,4,LEON,20,LEON,3092,B,76,7,1,5,0,8,86,1,0,0,184,1,185,484,,,,,,,,,,,,,,,,,,,,,
11,GUANAJUATO,4,LEON,20,LEON,3092,C01,92,13,1,14,1,11,57,2,0,4,195,5,200,483,,,,,,,,,,,,,,,,,,,,,
11,GUANAJUATO,4,LEON,20,LEON,3093,B,67,4,2,3,1,4,45,2,0,0,129,2,131,426,,,,,,,,,,,,,,,,,,,,,
11,GUANAJUATO,4,LEON,20,LEON,3093,C01,61,9,3,3,0,5,59,8,0,1,151,4,155,426,,,,,,,,,,,,,,,,,,,,,
11,GUANAJUATO,4,LEON,20,LEON,3094,B,111,7,5,11,1,10,73,0,1,1,220,5,225,672,,,,,,,,,,,,,,,,,,,,,
11,GUANAJUATO,4,LEON,20,LEON,3095,B,55,5,1,11,0,4,39,2,1,0,118,2,120,419,,,,,,,,,,,,,,,,,,,,,
11,GUANAJUATO,4,LEON,20,LEON,3095,C01,52,11,1,6,0,4,56,4,1,0,136,5,141,418,,,,,,,,,,,,,,,,,,,,,
11,GUANAJUATO,4,LEON,20,LEON,3096,B,101,7,0,3,2,7,55,2,0,3,180,2,182,421,,,,,,,,,,,,,,,,,,,,,
11,GUANAJUATO,4,LEON,20,LEON,3096,C01,76,12,0,12,3,2,54,2,0,2,164,2,166,420,,,,,,,,,,,,,,,,,,,,,
11,GUANAJUATO,4,LEON,20,LEON,3097,B,79,8,0,9,0,6,66,3,3,2,176,2,178,624,,,,,,,,,,,,,,,,,,,,,
11,GUANAJUATO,4,LEON,20,LEON,3098,B,116,6,1,7,0,6,85,2,0,3,228,5,233,698,,,,,,,,,,,,,,,,,,,,,
11,GUANAJUATO,4,LEON,20,LEON,3099,B,64,15,0,5,0,6,40,2,0,0,132,3,135,399,,,,,,,,,,,,,,,,,,,,,
11,GUANAJUATO,4,LEON,20,LEON,3099,C01,57,8,0,9,1,1,36,1,0,2,116,4,120,398,,,,,,,,,,,,,,,,,,,,,
11,GUANAJUATO,4,LEON,20,LEON,3100,B,81,9,0,4,0,5,28,1,0,1,132,1,133,425,,,,,,,,,,,,,,,,,,,,,
11,GUANAJUATO,4,LEON,20,LEON,3100,C01,65,5,0,1,3,4,40,2,1,2,123,3,126,425,,,,,,,,,,,,,,,,,,,,,
11,GUANAJUATO,4,LEON,20,LEON,3101,B,110,10,3,12,1,5,77,1,1,0,221,7,228,637,,,,,,,,,,,,,,,,,,,,,
11,GUANAJUATO,4,LEON,20,LEON,3131,B,171,15,2,9,2,10,64,0,0,2,279,3,283,523,,,,,,,,,,,,,,,,,,,,,
11,GUANAJUATO,4,LEON,20,LEON,3131,C01,166,15,1,2,0,12,49,3,1,1,253,2,256,523,,,,,,,,,,,,,,,,,,,,,
11,GUANAJUATO,4,LEON,20,LEON,3131,C02,164,15,1,5,0,16,56,1,0,3,265,4,271,523,,,,,,,,,,,,,,,,,,,,,
11,GUANAJUATO,4,LEON,20,LEON,3133,B,84,11,1,1,2,4,49,1,2,3,158,4,162,600,,,,,,,,,,,,,,,,,,,,,
11,GUANAJUATO,4,LEON,20,LEON,3133,C01,100,6,0,3,2,4,45,1,1,2,166,1,167,600,,,,,,,,,,,,,,,,,,,,,
11,GUANAJUATO,4,LEON,20,LEON,3134,B,111,21,0,5,1,6,64,2,1,4,216,0,216,733,,,,,,,,,,,,,,,,,,,,,
11,GUANAJUATO,4,LEON,20,LEON,3134,C01,112,9,3,6,2,11,84,0,0,0,228,11,239,732,,,,,,,,,,,,,,,,,,,,,
11,GUANAJUATO,4,LEON,20,LEON,3135,B,104,19,1,4,3,11,49,0,1,3,199,6,205,646,,,,,,,,,,,,,,,,,,,,,
11,GUANAJUATO,4,LEON,20,LEON,3135,C01,114,10,1,3,0,3,56,2,2,1,194,1,195,646,,,,,,,,,,,,,,,,,,,,,
11,GUANAJUATO,4,LEON,20,LEON,3135,C02,122,13,1,9,2,12,48,2,2,0,214,1,215,645,,,,,,,,,,,,,,,,,,,,,
11,GUANAJUATO,4,LEON,20,LEON,3136,B,137,14,1,4,0,13,49,0,1,3,223,7,230,535,,,,,,,,,,,,,,,,,,,,,
11,GUANAJUATO,4,LEON,20,LEON,3136,C01,157,20,13,8,2,12,39,1,1,0,255,0,255,535,,,,,,,,,,,,,,,,,,,,,
11,GUANAJUATO,4,LEON,20,LEON,3137,B,100,10,3,4,3,6,47,1,0,1,177,2,179,621,,,,,,,,,,,,,,,,,,,,,
11,GUANAJUATO,4,LEON,20,LEON,3137,C01,92,11,1,4,1,6,47,1,1,0,167,4,171,621,,,,,,,,,,,,,,,,,,,,,
11,GUANAJUATO,4,LEON,20,LEON,3138,B,117,4,3,5,2,7,91,0,7,2,239,3,242,595,,,,,,,,,,,,,,,,,,,,,
11,GUANAJUATO,4,LEON,20,LEON,3138,C01,111,11,2,8,2,9,77,2,3,2,230,3,233,594,,,,,,,,,,,,,,,,,,,,,
11,GUANAJUATO,4,LEON,20,LEON,3139,B,102,17,1,11,3,6,92,2,1,1,238,5,243,637,,,,,,,,,,,,,,,,,,,,,
11,GUANAJUATO,4,LEON,20,LEON,3139,C01,93,10,1,2,1,10,82,1,1,2,205,3,208,636,,,,,,,,,,,,,,,,,,,,,
11,GUANAJUATO,4,LEON,20,LEON,3140,B,95,8,3,3,1,2,60,0,0,0,174,2,176,581,,,,,,,,,,,,,,,,,,,,,
11,GUANAJUATO,4,LEON,20,LEON,3140,C01,102,4,2,6,1,12,63,2,0,0,193,0,193,580,,,,,,,,,,,,,,,,,,,,,
11,GUANAJUATO,4,LEON,20,LEON,3140,C02,101,12,0,5,0,3,59,1,1,1,183,0,183,580,,,,,,,,,,,,,,,,,,,,,
11,GUANAJUATO,4,LEON,20,LEON,3141,B,88,13,0,3,0,9,71,2,1,1,190,16,206,731,,,,,,,,,,,,,,,,,,,,,
11,GUANAJUATO,4,LEON,20,LEON,3141,C01,80,4,0,7,1,7,76,1,1,1,179,3,182,731,,,,,,,,,,,,,,,,,,,,,
11,GUANAJUATO,4,LEON,20,LEON,3142,B,115,14,4,7,1,11,80,1,0,0,236,1,237,665,,,,,,,,,,,,,,,,,,,,,
11,GUANAJUATO,4,LEON,20,LEON,3142,C01,103,14,1,3,0,8,76,2,0,1,210,3,213,665,,,,,,,,,,,,,,,,,,,,,
11,GUANAJUATO,4,LEON,20,LEON,3142,C02,122,7,3,8,1,7,75,2,0,1,226,6,232,665,,,,,,,,,,,,,,,,,,,,,
11,GUANAJUATO,4,LEON,20,LEON,3149,B,145,11,3,7,1,11,61,2,0,1,249,5,254,554,,,,,,,,,,,,,,,,,,,,,
11,GUANAJUATO,4,LEON,20,LEON,3149,C01,103,17,2,5,2,15,85,3,1,2,238,2,240,554,,,,,,,,,,,,,,,,,,,,,
11,GUANAJUATO,4,LEON,20,LEON,3150,B,81,4,0,4,2,5,34,0,0,0,132,1,133,563,,,,,,,,,,,,,,,,,,,,,
11,GUANAJUATO,4,LEON,20,LEON,3150,C01,87,5,1,3,0,9,42,3,0,0,154,1,155,563,,,,,,,,,,,,,,,,,,,,,
11,GUANAJUATO,4,LEON,20,LEON,3150,C02,62,4,2,2,1,7,44,1,0,0,124,5,129,563,,,,,,,,,,,,,,,,,,,,,
11,GUANAJUATO,4,LEON,20,LEON,3151,B,120,18,3,11,3,12,81,0,0,0,250,0,250,715,,,,,,,,,,,,,,,,,,,,,
11,GUANAJUATO,4,LEON,20,LEON,3151,C01,131,15,4,10,1,6,88,1,2,1,260,5,267,715,,,,,,,,,,,,,,,,,,,,,
11,GUANAJUATO,4,LEON,20,LEON,3152,B,62,6,0,2,2,5,54,0,0,7,141,3,144,567,,,,,,,,,,,,,,,,,,,,,
11,GUANAJUATO,4,LEON,20,LEON,3152,C01,62,5,2,4,2,1,63,1,1,0,141,1,142,566,,,,,,,,,,,,,,,,,,,,,
11,GUANAJUATO,4,LEON,20,LEON,3153,B,85,11,3,6,0,10,69,1,1,2,189,0,189,696,,,,,,,,,,,,,,,,,,,,,
11,GUANAJUATO,4,LEON,20,LEON,3153,C01,91,4,2,5,0,10,53,0,0,0,165,11,181,696,,,,,,,,,,,,,,,,,,,,,
11,GUANAJUATO,4,LEON,20,LEON,3154,B,66,7,1,9,2,5,50,1,2,0,145,1,147,599,,,,,,,,,,,,,,,,,,,,,
11,GUANAJUATO,4,LEON,20,LEON,3154,C01,56,9,1,8,1,5,56,0,0,3,140,3,143,599,,,,,,,,,,,,,,,,,,,,,
11,GUANAJUATO,4,LEON,20,LEON,3154,C02,75,5,0,4,0,8,53,2,0,0,148,2,150,598,,,,,,,,,,,,,,,,,,,,,
11,GUANAJUATO,4,LEON,20,LEON,3154,C03,70,10,2,8,0,7,64,1,1,0,166,0,166,598,,,,,,,,,,,,,,,,,,,,,
11,GUANAJUATO,5,LEON,20,LEON,1464,B,193,25,0,9,2,3,48,5,0,4,289,9,298,693,,,,,,,,,,,,,,,,,,,,,
11,GUANAJUATO,5,LEON,20,LEON,1465,B,85,32,1,3,3,4,44,1,1,2,177,4,181,492,,,,,,,,,,,,,,,,,,,,,
11,GUANAJUATO,5,LEON,20,LEON,1465,C01,102,17,2,7,1,7,6,4,2,0,149,6,155,492,,,,,,,,,,,,,,,,,,,,,
11,GUANAJUATO,5,LEON,20,LEON,1466,B,246,32,5,4,4,8,60,3,1,2,366,4,370,648,,,,,,,,,,,,,,,,,,,,,
11,GUANAJUATO,5,LEON,20,LEON,1467,B,148,19,3,7,1,15,39,2,0,2,237,4,241,402,,,,,,,,,,,,,,,,,,,,,
11,GUANAJUATO,5,LEON,20,LEON,1467,C01,161,11,0,4,3,5,45,2,1,1,234,2,238,402,,,,,,,,,,,,,,,,,,,,,
11,GUANAJUATO,5,LEON,20,LEON,1483,B,103,10,1,13,0,5,57,5,0,1,197,3,200,749,,,,,,,,,,,,,,,,,,,,,
11,GUANAJUATO,5,LEON,20,LEON,1483,C01,85,16,3,0,0,11,62,9,1,2,191,7,199,749,,,,,,,,,,,,,,,,,,,,,
11,GUANAJUATO,5,LEON,20,LEON,1483,C02,102,13,3,13,1,8,28,9,1,1,181,0,181,749,,,,,,,,,,,,,,,,,,,,,
11,GUANAJUATO,5,LEON,20,LEON,1483,C03,94,19,3,11,1,4,50,4,1,1,189,7,196,748,,,,,,,,,,,,,,,,,,,,,
11,GUANAJUATO,5,LEON,20,LEON,1483,C04,90,15,3,10,2,2,43,5,0,1,172,7,179,748,,,,,,,,,,,,,,,,,,,,,
11,GUANAJUATO,5,LEON,20,LEON,1483,C05,98,14,1,12,1,10,43,9,0,1,190,4,194,748,,,,,,,,,,,,,,,,,,,,,
11,GUANAJUATO,5,LEON,20,LEON,1483,C06,94,11,2,9,0,8,44,10,1,2,182,5,187,748,,,,,,,,,,,,,,,,,,,,,
11,GUANAJUATO,5,LEON,20,LEON,1483,C07,104,14,3,2,2,4,56,6,3,1,196,4,200,748,,,,,,,,,,,,,,,,,,,,,
11,GUANAJUATO,5,LEON,20,LEON,1484,B,99,7,0,10,1,6,46,5,0,2,177,1,178,730,,,,,,,,,,,,,,,,,,,,,
11,GUANAJUATO,5,LEON,20,LEON,1484,C01,72,12,1,10,1,6,64,1,1,1,171,2,174,730,,,,,,,,,,,,,,,,,,,,,
11,GUANAJUATO,5,LEON,20,LEON,1484,E01,28,7,0,2,0,2,9,1,0,0,49,2,51,98,,,,,,,,,,,,,,,,,,,,,
11,GUANAJUATO,5,LEON,20,LEON,1484,C02,85,12,1,7,1,6,57,1,0,3,175,4,179,729,,,,,,,,,,,,,,,,,,,,,
11,GUANAJUATO,5,LEON,20,LEON,1484,C03,73,8,1,7,1,5,57,5,1,1,159,3,162,729,,,,,,,,,,,,,,,,,,,,,
11,GUANAJUATO,5,LEON,20,LEON,1484,C04,86,4,1,7,0,6,47,2,0,2,155,5,160,729,,,,,,,,,,,,,,,,,,,,,
11,GUANAJUATO,5,LEON,20,LEON,1484,C05,88,12,0,8,1,6,50,3,1,3,174,2,176,729,,,,,,,,,,,,,,,,,,,,,
11,GUANAJUATO,5,LEON,20,LEON,1484,C06,72,13,2,7,0,4,66,1,1,1,170,3,173,729,,,,,,,,,,,,,,,,,,,,,
11,GUANAJUATO,5,LEON,20,LEON,1484,C07,95,11,0,6,0,8,35,2,1,1,160,3,164,729,,,,,,,,,,,,,,,,,,,,,
11,GUANAJUATO,5,LEON,20,LEON,1484,C08,73,13,2,8,2,7,49,4,0,1,159,2,161,729,,,,,,,,,,,,,,,,,,,,,
11,GUANAJUATO,5,LEON,20,LEON,1490,B,86,17,2,7,3,10,53,2,0,0,180,2,182,707,,,,,,,,,,,,,,,,,,,,,
11,GUANAJUATO,5,LEON,20,LEON,1490,C01,137,19,2,5,2,5,47,3,0,3,224,2,226,706,,,,,,,,,,,,,,,,,,,,,
11,GUANAJUATO,5,LEON,20,LEON,1490,E01,141,12,1,3,3,9,86,2,1,4,265,4,269,681,,,,,,,,,,,,,,,,,,,,,
11,GUANAJUATO,5,LEON,20,LEON,1490,E01C01,160,18,2,7,0,8,62,2,1,0,263,3,266,681,,,,,,,,,,,,,,,,,,,,,
11,GUANAJUATO,5,LEON,20,LEON,1490,E01C02,160,11,4,9,0,8,62,0,1,2,261,8,269,680,,,,,,,,,,,,,,,,,,,,,
11,GUANAJUATO,5,LEON,20,LEON,1490,E01C03,148,18,1,7,6,12,61,1,1,3,260,4,264,680,,,,,,,,,,,,,,,,,,,,,
11,GUANAJUATO,5,LEON,20,LEON,1490,E01C04,141,23,2,4,2,1,60,2,2,0,239,4,243,680,,,,,,,,,,,,,,,,,,,,,
11,GUANAJUATO,5,LEON,20,LEON,1490,E01C05,147,20,2,11,0,9,79,3,0,1,272,6,279,680,,,,,,,,,,,,,,,,,,,,,
11,GUANAJUATO,5,LEON,20,LEON,1490,E01C06,124,25,2,4,2,7,70,0,0,0,236,3,239,680,,,,,,,,,,,,,,,,,,,,,
11,GUANAJUATO,5,LEON,20,LEON,1490,E01C07,151,7,3,4,2,12,75,4,1,1,263,2,265,680,,,,,,,,,,,,,,,,,,,,,
11,GUANAJUATO,5,LEON,20,LEON,1490,C02,102,14,4,10,4,9,59,5,0,1,208,2,210,706,,,,,,,,,,,,,,,,,,,,,
11,GUANAJUATO,5,LEON,20,LEON,1490,C03,103,17,2,5,2,5,52,2,3,2,197,0,203,706,,,,,,,,,,,,,,,,,,,,,
11,GUANAJUATO,5,LEON,20,LEON,1490,C04,129,12,3,6,2,7,45,2,0,0,207,1,208,706,,,,,,,,,,,,,,,,,,,,,
11,GUANAJUATO,5,LEON,20,LEON,1490,C05,105,23,0,9,2,6,44,2,0,0,194,2,196,706,,,,,,,,,,,,,,,,,,,,,
11,GUANAJUATO,5,LEON,20,LEON,1490,C06,111,22,4,8,0,10,56,3,2,0,218,2,220,706,,,,,,,,,,,,,,,,,,,,,
11,GUANAJUATO,5,LEON,20,LEON,1490,C07,98,14,1,9,0,11,52,2,1,2,191,4,195,706,,,,,,,,,,,,,,,,,,,,,
11,GUANAJUATO,5,LEON,20,LEON,1490,C08,106,22,2,8,1,3,46,3,2,1,194,4,198,706,,,,,,,,,,,,,,,,,,,,,
11,GUANAJUATO,5,LEON,20,LEON,1490,C09,106,19,0,6,0,6,56,2,1,1,199,4,203,706,,,,,,,,,,,,,,,,,,,,,
11,GUANAJUATO,5,LEON,20,LEON,1490,C10,102,21,0,8,2,5,57,4,1,2,203,1,204,706,,,,,,,,,,,,,,,,,,,,,
11,GUANAJUATO,5,LEON,20,LEON,1490,C11,116,14,1,8,1,9,63,2,2,1,217,3,220,706,,,,,,,,,,,,,,,,,,,,,
11,GUANAJUATO,5,LEON,20,LEON,1490,C12,95,19,3,7,2,6,70,3,1,2,208,5,213,706,,,,,,,,,,,,,,,,,,,,,
11,GUANAJUATO,5,LEON,20,LEON,1490,C13,94,12,2,6,2,9,48,3,1,1,180,2,182,706,,,,,,,,,,,,,,,,,,,,,
11,GUANAJUATO,5,LEON,20,LEON,1490,C14,106,13,1,7,1,9,50,3,1,1,192,3,195,706,,,,,,,,,,,,,,,,,,,,,
11,GUANAJUATO,5,LEON,20,LEON,1490,C15,107,14,2,9,3,6,52,0,0,0,195,4,199,706,,,,,,,,,,,,,,,,,,,,,
11,GUANAJUATO,5,LEON,20,LEON,1491,B,63,29,0,12,1,7,51,12,1,0,177,10,187,653,,,,,,,,,,,,,,,,,,,,,
11,GUANAJUATO,5,LEON,20,LEON,1491,C01,93,13,4,11,1,6,44,2,0,1,176,3,179,653,,,,,,,,,,,,,,,,,,,,,
11,GUANAJUATO,5,LEON,20,LEON,1491,C02,116,17,1,12,2,5,55,3,0,0,212,2,215,653,,,,,,,,,,,,,,,,,,,,,
11,GUANAJUATO,5,LEON,20,LEON,1491,C03,84,15,1,10,1,8,49,4,0,0,172,3,175,653,,,,,,,,,,,,,,,,,,,,,
11,GUANAJUATO,5,LEON,20,LEON,1491,C04,83,14,1,12,0,7,52,2,0,1,176,4,180,653,,,,,,,,,,,,,,,,,,,,,
11,GUANAJUATO,5,LEON,20,LEON,1491,C05,81,27,1,5,3,6,45,6,0,1,175,3,178,653,,,,,,,,,,,,,,,,,,,,,
11,GUANAJUATO,5,LEON,20,LEON,1491,C06,87,22,2,8,3,5,44,4,3,1,182,3,185,652,,,,,,,,,,,,,,,,,,,,,
11,GUANAJUATO,5,LEON,20,LEON,1492,B,91,18,3,3,2,10,59,5,3,1,199,2,202,710,,,,,,,,,,,,,,,,,,,,,
11,GUANAJUATO,5,LEON,20,LEON,1492,C01,93,21,0,4,2,5,73,4,2,1,207,1,208,709,,,,,,,,,,,,,,,,,,,,,
11,GUANAJUATO,5,LEON,20,LEON,1492,C02,79,19,3,11,2,9,50,6,1,4,187,7,194,709,,,,,,,,,,,,,,,,,,,,,
11,GUANAJUATO,5,LEON,20,LEON,1492,C03,92,15,0,8,1,4,60,4,0,1,186,6,192,709,,,,,,,,,,,,,,,,,,,,,
11,GUANAJUATO,5,LEON,20,LEON,1492,C04,103,12,2,6,1,12,51,6,0,2,199,3,202,709,,,,,,,,,,,,,,,,,,,,,
11,GUANAJUATO,5,LEON,20,LEON,1492,C05,85,19,1,10,1,6,54,4,2,2,184,7,191,709,,,,,,,,,,,,,,,,,,,,,
11,GUANAJUATO,5,LEON,20,LEON,1492,C06,96,5,3,7,3,2,70,8,2,3,201,6,207,709,,,,,,,,,,,,,,,,,,,,,
11,GUANAJUATO,5,LEON,20,LEON,1492,C07,95,18,1,4,0,7,54,11,1,2,193,3,196,709,,,,,,,,,,,,,,,,,,,,,
11,GUANAJUATO,5,LEON,20,LEON,1493,B,75,19,1,9,1,3,63,5,0,0,177,0,177,683,,,,,,,,,,,,,,,,,,,,,
11,GUANAJUATO,5,LEON,20,LEON,1493,C01,82,16,0,14,5,7,50,4,0,2,200,5,206,683,,,,,,,,,,,,,,,,,,,,,
11,GUANAJUATO,5,LEON,20,LEON,1493,E01,86,18,1,12,1,7,71,1,0,2,199,3,202,593,,,,,,,,,,,,,,,,,,,,,
11,GUANAJUATO,5,LEON,20,LEON,1493,E01C01,81,9,2,7,3,4,37,1,0,0,145,3,148,592,,,,,,,,,,,,,,,,,,,,,
11,GUANAJUATO,5,LEON,20,LEON,1493,E01C02,89,14,2,8,1,6,55,3,0,0,182,5,187,592,,,,,,,,,,,,,,,,,,,,,
11,GUANAJUATO,5,LEON,20,LEON,1493,C02,81,14,1,14,2,4,59,5,2,2,185,4,189,683,,,,,,,,,,,,,,,,,,,,,
11,GUANAJUATO,5,LEON,20,LEON,1493,C03,83,8,0,13,0,8,59,1,1,2,175,2,177,682,,,,,,,,,,,,,,,,,,,,,
11,GUANAJUATO,5,LEON,20,LEON,1493,C04,78,15,3,6,3,3,62,3,2,3,179,6,186,682,,,,,,,,,,,,,,,,,,,,,
11,GUANAJUATO,5,LEON,20,LEON,1493,C05,75,18,0,15,0,0,55,1,0,0,170,0,170,682,,,,,,,,,,,,,,,,,,,,,
11,GUANAJUATO,5,LEON,20,LEON,1493,C06,73,18,0,7,0,3,58,1,0,0,163,1,164,682,,,,,,,,,,,,,,,,,,,,,
11,GUANAJUATO,5,LEON,20,LEON,1494,B,70,23,4,6,2,5,53,7,0,2,173,1,174,740,,,,,,,,,,,,,,,,,,,,,
11,GUANAJUATO,5,LEON,20,LEON,1494,C01,92,14,1,7,0,9,83,7,0,0,214,4,218,739,,,,,,,,,,,,,,,,,,,,,
11,GUANAJUATO,5,LEON,20,LEON,1494,C02,74,16,1,4,1,5,76,7,2,1,187,4,191,739,,,,,,,,,,,,,,,,,,,,,
11,GUANAJUATO,5,LEON,20,LEON,1494,C03,98,11,2,4,1,6,38,7,0,0,168,4,172,739,,,,,,,,,,,,,,,,,,,,,
11,GUANAJUATO,5,LEON,20,LEON,1494,C04,96,20,3,6,3,10,52,5,0,0,198,5,203,739,,,,,,,,,,,,,,,,,,,,,
11,GUANAJUATO,5,LEON,20,LEON,1494,C05,105,14,0,10,0,2,62,5,3,3,204,2,206,739,,,,,,,,,,,,,,,,,,,,,
11,GUANAJUATO,5,LEON,20,LEON,1494,C06,102,22,1,7,1,13,59,5,3,2,215,3,221,739,,,,,,,,,,,,,,,,,,,,,
11,GUANAJUATO,5,LEON,20,LEON,1494,C07,97,21,1,13,0,6,56,4,0,2,200,6,206,739,,,,,,,,,,,,,,,,,,,,,
11,GUANAJUATO,5,LEON,20,LEON,1494,C08,103,17,1,1,1,6,49,6,0,0,187,5,192,739,,,,,,,,,,,,,,,,,,,,,
11,GUANAJUATO,5,LEON,20,LEON,1494,C09,76,22,1,9,2,5,50,2,1,0,171,5,176,739,,,,,,,,,,,,,,,,,,,,,
11,GUANAJUATO,5,LEON,20,LEON,1494,C10,98,12,2,11,1,6,45,4,2,4,187,4,191,739,,,,,,,,,,,,,,,,,,,,,
11,GUANAJUATO,5,LEON,20,LEON,1494,C11,74,37,1,11,5,9,67,3,2,1,212,3,215,739,,,,,,,,,,,,,,,,,,,,,
11,GUANAJUATO,5,LEON,20,LEON,1721,B,178,21,1,5,6,5,55,2,0,0,276,4,280,628,,,,,,,,,,,,,,,,,,,,,
11,GUANAJUATO,5,LEON,20,LEON,1721,C01,171,30,2,7,0,6,62,1,0,1,281,7,288,627,,,,,,,,,,,,,,,,,,,,,
11,GUANAJUATO,5,LEON,20,LEON,1722,B,171,21,5,7,4,12,99,0,1,0,325,7,332,672,,,,,,,,,,,,,,,,,,,,,
11,GUANAJUATO,5,LEON,20,LEON,1722,C01,150,18,3,8,3,9,98,3,1,2,297,5,303,672,,,,,,,,,,,,,,,,,,,,,
11,GUANAJUATO,5,LEON,20,LEON,1723,B,204,28,7,6,3,11,52,3,1,0,320,6,326,535,,,,,,,,,,,,,,,,,,,,,
11,GUANAJUATO,5,LEON,20,LEON,1723,C01,209,28,1,10,0,12,75,1,2,3,344,4,348,534,,,,,,,,,,,,,,,,,,,,,
11,GUANAJUATO,5,LEON,20,LEON,1724,B,175,14,2,11,2,10,54,1,2,2,275,2,277,500,,,,,,,,,,,,,,,,,,,,,
11,GUANAJUATO,5,LEON,20,LEON,1724,C01,160,17,5,9,2,9,58,1,3,2,267,4,271,500,,,,,,,,,,,,,,,,,,,,,
11,GUANAJUATO,5,LEON,20,LEON,1731,B,124,18,3,6,2,9,89,3,1,3,261,8,270,544,,,,,,,,,,,,,,,,,,,,,
11,GUANAJUATO,5,LEON,20,LEON,1731,C01,149,15,5,12,3,12,77,1,1,1,276,7,283,544,,,,,,,,,,,,,,,,,,,,,
11,GUANAJUATO,5,LEON,20,LEON,1731,C02,116,12,0,12,0,8,92,5,1,0,249,3,252,544,,,,,,,,,,,,,,,,,,,,,
11,GUANAJUATO,5,LEON,20,LEON,1732,B,149,26,3,11,4,7,70,2,0,2,274,5,279,655,,,,,,,,,,,,,,,,,,,,,
11,GUANAJUATO,5,LEON,20,LEON,1732,C01,142,23,2,15,2,4,51,2,0,1,242,9,251,654,,,,,,,,,,,,,,,,,,,,,
11,GUANAJUATO,5,LEON,20,LEON,1732,C02,143,31,3,12,5,11,58,3,2,1,271,7,278,654,,,,,,,,,,,,,,,,,,,,,
11,GUANAJUATO,5,LEON,20,LEON,1733,B,127,26,4,12,0,19,71,4,0,4,269,6,275,616,,,,,,,,,,,,,,,,,,,,,
11,GUANAJUATO,5,LEON,20,LEON,1733,C01,117,23,4,9,2,7,70,4,0,1,241,9,250,615,,,,,,,,,,,,,,,,,,,,,
11,GUANAJUATO,5,LEON,20,LEON,1733,C02,161,15,1,5,4,13,60,0,2,7,269,7,277,615,,,,,,,,,,,,,,,,,,,,,
11,GUANAJUATO,5,LEON,20,LEON,1734,B,185,16,2,12,1,16,66,4,2,3,307,4,311,681,,,,,,,,,,,,,,,,,,,,,
11,GUANAJUATO,5,LEON,20,LEON,1734,C01,192,19,5,15,3,9,9,5,1,2,261,6,267,681,,,,,,,,,,,,,,,,,,,,,
11,GUANAJUATO,5,LEON,20,LEON,1739,B,171,23,2,8,2,14,61,3,0,1,289,6,295,587,,,,,,,,,,,,,,,,,,,,,
11,GUANAJUATO,5,LEON,20,LEON,1739,C01,155,13,1,3,1,15,83,0,2,5,282,7,289,587,,,,,,,,,,,,,,,,,,,,,
11,GUANAJUATO,5,LEON,20,LEON,1741,B,131,13,2,13,1,5,76,1,0,1,247,8,255,723,,,,,,,,,,,,,,,,,,,,,
11,GUANAJUATO,5,LEON,20,LEON,1741,C01,145,19,2,10,3,12,47,2,1,5,247,3,250,723,,,,,,,,,,,,,,,,,,,,,
11,GUANAJUATO,5,LEON,20,LEON,1741,C02,171,11,3,12,3,5,57,2,2,1,267,6,273,722,,,,,,,,,,,,,,,,,,,,,
11,GUANAJUATO,5,LEON,20,LEON,1741,C03,146,14,5,8,2,15,64,4,2,3,265,2,267,722,,,,,,,,,,,,,,,,,,,,,
11,GUANAJUATO,5,LEON,20,LEON,1741,C04,133,14,0,13,1,8,57,2,0,0,230,9,239,722,,,,,,,,,,,,,,,,,,,,,
11,GUANAJUATO,5,LEON,20,LEON,1742,B,133,21,3,10,0,11,58,2,1,4,243,3,246,556,,,,,,,,,,,,,,,,,,,,,
11,GUANAJUATO,5,LEON,20,LEON,1742,C01,144,16,6,7,0,15,48,3,0,4,245,2,248,556,,,,,,,,,,,,,,,,,,,,,
11,GUANAJUATO,5,LEON,20,LEON,1747,B,134,16,4,7,4,7,64,1,3,1,244,7,251,657,,,,,,,,,,,,,,,,,,,,,
11,GUANAJUATO,5,LEON,20,LEON,1747,C01,129,40,0,10,1,10,72,6,1,1,276,7,283,657,,,,,,,,,,,,,,,,,,,,,
11,GUANAJUATO,5,LEON,20,LEON,1747,C02,149,15,3,11,1,15,59,2,0,0,256,5,261,656,,,,,,,,,,,,,,,,,,,,,
11,GUANAJUATO,5,LEON,20,LEON,1747,C03,157,26,3,11,1,14,62,2,0,0,279,8,287,656,,,,,,,,,,,,,,,,,,,,,
11,GUANAJUATO,5,LEON,20,LEON,1747,C04,148,19,0,6,3,7,54,1,0,3,245,4,249,656,,,,,,,,,,,,,,,,,,,,,
11,GUANAJUATO,5,LEON,20,LEON,1748,B,181,28,1,8,1,11,73,4,4,2,314,9,323,621,,,,,,,,,,,,,,,,,,,,,
11,GUANAJUATO,5,LEON,20,LEON,1748,C01,182,20,3,14,0,10,71,2,1,3,306,4,310,621,,,,,,,,,,,,,,,,,,,,,
11,GUANAJUATO,5,LEON,20,LEON,1750,B,128,29,0,13,2,6,47,1,2,0,230,9,239,591,,,,,,,,,,,,,,,,,,,,,
11,GUANAJUATO,5,LEON,20,LEON,1750,C01,131,15,2,5,0,8,72,1,1,2,238,2,240,590,,,,,,,,,,,,,,,,,,,,,
11,GUANAJUATO,5,LEON,20,LEON,1751,B,140,31,2,15,1,10,83,4,2,5,295,2,297,712,,,,,,,,,,,,,,,,,,,,,
11,GUANAJUATO,5,LEON,20,LEON,1751,C01,159,32,2,7,6,14,70,2,5,2,301,7,308,711,,,,,,,,,,,,,,,,,,,,,
11,GUANAJUATO,5,LEON,20,LEON,1752,B,170,19,3,7,4,11,79,0,1,1,295,5,300,668,,,,,,,,,,,,,,,,,,,,,
11,GUANAJUATO,5,LEON,20,LEON,1752,C01,182,27,1,5,3,10,81,1,1,1,313,5,318,667,,,,,,,,,,,,,,,,,,,,,
11,GUANAJUATO,5,LEON,20,LEON,1753,B,158,13,0,5,1,14,62,3,3,4,264,7,271,536,,,,,,,,,,,,,,,,,,,,,
11,GUANAJUATO,5,LEON,20,LEON,1753,C01,174,17,1,5,2,7,37,2,1,2,251,6,257,536,,,,,,,,,,,,,,,,,,,,,
11,GUANAJUATO,5,LEON,20,LEON,1753,C02,161,10,0,9,1,6,62,5,1,2,257,6,263,535,,,,,,,,,,,,,,,,,,,,,
11,GUANAJUATO,5,LEON,20,LEON,1754,B,175,25,7,7,1,6,89,4,1,2,318,10,328,679,,,,,,,,,,,,,,,,,,,,,
11,GUANAJUATO,5,LEON,20,LEON,1754,C01,197,22,2,6,1,11,59,4,2,2,311,14,326,679,,,,,,,,,,,,,,,,,,,,,
11,GUANAJUATO,5,LEON,20,LEON,1765,B,142,24,2,5,1,10,95,6,1,4,291,9,300,663,,,,,,,,,,,,,,,,,,,,,
11,GUANAJUATO,5,LEON,20,LEON,1765,C01,192,20,2,12,3,6,69,1,2,0,308,0,308,662,,,,,,,,,,,,,,,,,,,,,
11,GUANAJUATO,5,LEON,20,LEON,1767,B,163,20,6,9,3,11,86,8,1,3,310,3,313,605,,,,,,,,,,,,,,,,,,,,,
11,GUANAJUATO,5,LEON,20,LEON,1767,C01,167,19,4,9,3,12,75,3,3,4,300,8,308,604,,,,,,,,,,,,,,,,,,,,,
11,GUANAJUATO,5,LEON,20,LEON,1768,B,108,27,2,9,1,2,57,1,1,2,215,6,221,572,,,,,,,,,,,,,,,,,,,,,
11,GUANAJUATO,5,LEON,20,LEON,1768,C01,97,24,0,6,2,8,59,1,2,1,202,7,209,572,,,,,,,,,,,,,,,,,,,,,
11,GUANAJUATO,5,LEON,20,LEON,1768,C02,91,37,3,7,1,8,54,1,1,0,203,6,209,571,,,,,,,,,,,,,,,,,,,,,
11,GUANAJUATO,5,LEON,20,LEON,1769,B,148,44,2,13,3,7,80,3,0,1,304,4,308,684,,,,,,,,,,,,,,,,,,,,,
11,GUANAJUATO,5,LEON,20,LEON,1769,C01,147,46,0,16,0,17,72,0,0,0,300,7,307,684,,,,,,,,,,,,,,,,,,,,,
11,GUANAJUATO,5,LEON,20,LEON,1770,B,203,31,3,11,4,14,70,3,3,6,353,11,364,749,,,,,,,,,,,,,,,,,,,,,
11,GUANAJUATO,5,LEON,20,LEON,1770,C01,224,29,3,10,4,4,79,3,0,8,364,14,378,748,,,,,,,,,,,,,,,,,,,,,
11,GUANAJUATO,5,LEON,20,LEON,1771,B,152,23,4,6,2,6,57,2,0,3,257,0,257,540,,,,,,,,,,,,,,,,,,,,,
11,GUANAJUATO,5,LEON,20,LEON,1771,C01,197,21,3,4,2,9,60,4,0,4,305,1,306,539,,,,,,,,,,,,,,,,,,,,,
11,GUANAJUATO,5,LEON,20,LEON,1773,B,228,26,4,8,4,15,58,4,1,0,349,5,354,646,,,,,,,,,,,,,,,,,,,,,
11,GUANAJUATO,5,LEON,20,LEON,1773,C01,232,31,6,5,1,9,50,2,1,1,341,9,350,645,,,,,,,,,,,,,,,,,,,,,
11,GUANAJUATO,5,LEON,20,LEON,1773,C02,184,20,3,6,2,16,57,4,0,4,297,7,304,645,,,,,,,,,,,,,,,,,,,,,
11,GUANAJUATO,5,LEON,20,LEON,1774,B,163,31,7,16,0,8,59,5,0,3,292,10,302,662,,,,,,,,,,,,,,,,,,,,,
11,GUANAJUATO,5,LEON,20,LEON,1774,C01,187,43,2,7,4,11,81,2,2,2,346,9,355,662,,,,,,,,,,,,,,,,,,,,,
11,GUANAJUATO,5,LEON,20,LEON,1775,B,183,15,1,9,2,4,75,5,1,0,295,3,298,584,,,,,,,,,,,,,,,,,,,,,
11,GUANAJUATO,5,LEON,20,LEON,1775,C01,158,19,1,11,1,8,57,2,3,5,269,6,275,584,,,,,,,,,,,,,,,,,,,,,
11,GUANAJUATO,5,LEON,20,LEON,1782,B,188,18,2,12,2,10,44,3,1,2,287,6,294,608,,,,,,,,,,,,,,,,,,,,,
11,GUANAJUATO,5,LEON,20,LEON,1782,C01,152,19,0,7,3,4,49,0,1,0,235,5,240,608,,,,,,,,,,,,,,,,,,,,,
11,GUANAJUATO,5,LEON,20,LEON,1783,B,166,17,4,3,1,4,36,2,0,0,236,5,241,479,,,,,,,,,,,,,,,,,,,,,
11,GUANAJUATO,5,LEON,20,LEON,1783,C01,147,12,2,5,2,5,43,0,2,1,219,9,228,478,,,,,,,,,,,,,,,,,,,,,
11,GUANAJUATO,5,LEON,20,LEON,1784,B,115,19,4,5,1,6,44,0,1,2,198,2,200,453,,,,,,,,,,,,,,,,,,,,,
11,GUANAJUATO,5,LEON,20,LEON,1784,C01,120,21,5,5,2,10,45,1,2,1,214,0,214,453,,,,,,,,,,,,,,,,,,,,,
11,GUANAJUATO,5,LEON,20,LEON,1787,B,197,23,4,11,4,7,60,0,2,0,310,10,320,688,,,,,,,,,,,,,,,,,,,,,
11,GUANAJUATO,5,LEON,20,LEON,1787,C01,188,22,3,5,2,7,85,3,0,1,319,6,325,688,,,,,,,,,,,,,,,,,,,,,
11,GUANAJUATO,5,LEON,20,LEON,1787,C02,219,18,2,8,1,10,51,2,0,1,315,5,320,688,,,,,,,,,,,,,,,,,,,,,
11,GUANAJUATO,5,LEON,20,LEON,1787,C03,185,24,4,6,0,8,80,3,1,0,314,6,320,688,,,,,,,,,,,,,,,,,,,,,
11,GUANAJUATO,5,LEON,20,LEON,1787,C04,174,26,2,10,4,8,61,3,1,3,296,11,309,687,,,,,,,,,,,,,,,,,,,,,
11,GUANAJUATO,5,LEON,20,LEON,1794,B,209,20,6,10,1,6,60,5,1,3,324,7,331,695,,,,,,,,,,,,,,,,,,,,,
11,GUANAJUATO,5,LEON,20,LEON,1794,C01,191,22,3,14,2,16,78,0,2,1,332,8,341,695,,,,,,,,,,,,,,,,,,,,,
11,GUANAJUATO,5,LEON,20,LEON,1794,C02,219,14,4,6,1,9,86,3,1,1,345,6,351,695,,,,,,,,,,,,,,,,,,,,,
11,GUANAJUATO,5,LEON,20,LEON,1794,C03,211,21,3,8,2,17,63,3,1,3,339,5,344,694,,,,,,,,,,,,,,,,,,,,,
11,GUANAJUATO,5,LEON,20,LEON,1794,C04,205,18,4,8,2,8,73,1,3,1,327,6,333,694,,,,,,,,,,,,,,,,,,,,,
11,GUANAJUATO,5,LEON,20,LEON,1794,C05,201,13,3,5,0,9,62,1,1,4,304,3,307,694,,,,,,,,,,,,,,,,,,,,,
11,GUANAJUATO,5,LEON,20,LEON,1794,C06,220,11,1,11,0,17,65,2,2,2,332,3,335,694,,,,,,,,,,,,,,,,,,,,,
11,GUANAJUATO,5,LEON,20,LEON,1794,C07,213,16,7,10,3,14,58,1,0,2,327,5,332,694,,,,,,,,,,,,,,,,,,,,,
11,GUANAJUATO,5,LEON,20,LEON,1794,C08,191,19,4,11,2,8,69,2,1,2,313,4,318,694,,,,,,,,,,,,,,,,,,,,,
11,GUANAJUATO,5,LEON,20,LEON,1794,C09,222,17,3,12,0,11,68,1,1,2,340,3,343,694,,,,,,,,,,,,,,,,,,,,,
11,GUANAJUATO,5,LEON,20,LEON,1795,B,157,27,4,17,0,9,61,2,1,1,280,6,286,604,,,,,,,,,,,,,,,,,,,,,
11,GUANAJUATO,5,LEON,20,LEON,1795,C01,168,18,4,21,1,5,63,2,0,0,283,11,294,603,,,,,,,,,,,,,,,,,,,,,
11,GUANAJUATO,5,LEON,20,LEON,1796,B,163,10,4,5,5,5,62,2,1,2,266,4,270,623,,,,,,,,,,,,,,,,,,,,,
11,GUANAJUATO,5,LEON,20,LEON,1796,C01,172,16,5,4,3,11,55,3,1,1,275,5,280,623,,,,,,,,,,,,,,,,,,,,,
11,GUANAJUATO,5,LEON,20,LEON,1797,B,128,18,3,3,2,13,76,4,1,2,252,13,265,513,,,,,,,,,,,,,,,,,,,,,
11,GUANAJUATO,5,LEON,20,LEON,1797,C01,138,14,2,10,2,8,57,3,1,1,240,7,247,513,,,,,,,,,,,,,,,,,,,,,
11,GUANAJUATO,5,LEON,20,LEON,1803,B,123,22,2,7,3,9,61,1,1,3,235,10,245,542,,,,,,,,,,,,,,,,,,,,,
11,GUANAJUATO,5,LEON,20,LEON,1803,C01,156,27,4,7,5,7,64,3,0,2,277,5,282,541,,,,,,,,,,,,,,,,,,,,,
11,GUANAJUATO,5,LEON,20,LEON,1803,C02,139,16,4,3,5,10,63,0,1,2,245,5,250,541,,,,,,,,,,,,,,,,,,,,,
11,GUANAJUATO,5,LEON,20,LEON,1807,B,103,14,0,8,0,10,48,4,2,0,190,6,196,447,,,,,,,,,,,,,,,,,,,,,
11,GUANAJUATO,5,LEON,20,LEON,1807,C01,90,13,1,4,0,3,50,1,4,1,168,4,172,446,,,,,,,,,,,,,,,,,,,,,
11,GUANAJUATO,5,LEON,20,LEON,1808,B,116,20,2,9,3,6,63,3,2,2,229,2,231,637,,,,,,,,,,,,,,,,,,,,,
11,GUANAJUATO,5,LEON,20,LEON,1809,B,208,27,18,7,1,15,65,0,0,2,343,5,348,729,,,,,,,,,,,,,,,,,,,,,
11,GUANAJUATO,5,LEON,20,LEON,1809,C01,185,26,7,13,7,14,58,8,0,3,322,6,328,729,,,,,,,,,,,,,,,,,,,,,
11,GUANAJUATO,5,LEON,20,LEON,1809,E01,186,14,1,14,2,16,68,2,1,5,312,5,317,633,,,,,,,,,,,,,,,,,,,,,
11,GUANAJUATO,5,LEON,20,LEON,1809,E01C01,206,19,1,9,3,12,64,3,0,3,323,6,329,633,,,,,,,,,,,,,,,,,,,,,
11,GUANAJUATO,5,LEON,20,LEON,1809,E01C02,200,12,5,5,2,16,67,6,0,0,316,5,321,632,,,,,,,,,,,,,,,,,,,,,
11,GUANAJUATO,5,LEON,20,LEON,1809,C02,170,27,12,7,0,13,80,4,0,2,318,3,321,729,,,,,,,,,,,,,,,,,,,,,
11,GUANAJUATO,5,LEON,20,LEON,1809,C03,190,21,8,7,3,12,66,1,0,2,312,3,316,728,,,,,,,,,,,,,,,,,,,,,
11,GUANAJUATO,5,LEON,20,LEON,1809,C04,216,23,9,14,5,12,72,2,0,2,359,7,366,728,,,,,,,,,,,,,,,,,,,,,
11,GUANAJUATO,5,LEON,20,LEON,1810,B,113,26,4,10,4,9,76,1,1,0,247,8,255,598,,,,,,,,,,,,,,,,,,,,,
11,GUANAJUATO,5,LEON,20,LEON,1810,C01,109,9,5,11,1,7,44,2,1,1,196,6,202,598,,,,,,,,,,,,,,,,,,,,,
11,GUANAJUATO,5,LEON,20,LEON,1813,B,373,16,4,4,2,18,26,1,1,1,446,2,448,636,,,,,,,,,,,,,,,,,,,,,
11,GUANAJUATO,5,LEON,20,LEON,1813,C01,372,28,0,3,3,17,36,0,0,0,460,6,466,635,,,,,,,,,,,,,,,,,,,,,
11,GUANAJUATO,5,LEON,20,LEON,1813,C02,363,14,2,2,1,20,32,0,0,1,436,3,439,635,,,,,,,,,,,,,,,,,,,,,
11,GUANAJUATO,5,LEON,20,LEON,1814,B,120,17,3,10,3,2,59,1,0,2,223,6,229,537,,,,,,,,,,,,,,,,,,,,,
11,GUANAJUATO,5,LEON,20,LEON,1814,C01,133,13,1,7,0,6,43,1,1,1,210,4,214,537,,,,,,,,,,,,,,,,,,,,,
11,GUANAJUATO,5,LEON,20,LEON,1814,C02,130,15,1,7,3,5,66,4,1,2,240,6,246,536,,,,,,,,,,,,,,,,,,,,,
11,GUANAJUATO,5,LEON,20,LEON,1818,B,115,19,5,16,3,9,78,4,0,1,252,6,258,608,,,,,,,,,,,,,,,,,,,,,
11,GUANAJUATO,5,LEON,20,LEON,1818,C01,115,18,4,4,1,8,60,2,2,1,222,4,228,607,,,,,,,,,,,,,,,,,,,,,
11,GUANAJUATO,5,LEON,20,LEON,1823,B,161,16,4,10,2,11,56,1,0,1,263,4,267,684,,,,,,,,,,,,,,,,,,,,,
11,GUANAJUATO,5,LEON,20,LEON,1823,C01,167,26,7,10,0,6,77,3,0,0,300,4,304,684,,,,,,,,,,,,,,,,,,,,,
11,GUANAJUATO,5,LEON,20,LEON,1824,B,108,28,6,8,1,6,62,2,0,1,224,5,229,519,,,,,,,,,,,,,,,,,,,,,
11,GUANAJUATO,5,LEON,20,LEON,1824,C01,129,22,4,5,2,7,55,3,2,1,232,6,238,519,,,,,,,,,,,,,,,,,,,,,
11,GUANAJUATO,5,LEON,20,LEON,1827,B,202,25,3,6,2,15,64,0,2,1,324,2,327,505,,,,,,,,,,,,,,,,,,,,,
11,GUANAJUATO,5,LEON,20,LEON,1827,C01,219,20,0,3,0,11,45,0,0,0,303,4,307,505,,,,,,,,,,,,,,,,,,,,,
11,GUANAJUATO,5,LEON,20,LEON,1827,C02,204,19,4,6,1,6,62,0,1,1,308,12,320,504,,,,,,,,,,,,,,,,,,,,,
11,GUANAJUATO,5,LEON,20,LEON,1828,B,117,16,1,5,4,1,42,1,0,1,189,4,193,635,,,,,,,,,,,,,,,,,,,,,
11,GUANAJUATO,5,LEON,20,LEON,1828,C01,122,28,4,8,1,10,47,4,2,3,231,9,240,634,,,,,,,,,,,,,,,,,,,,,
11,GUANAJUATO,5,LEON,20,LEON,1832,B,129,14,5,7,1,9,49,1,2,3,221,0,221,526,,,,,,,,,,,,,,,,,,,,,
11,GUANAJUATO,5,LEON,20,LEON,1832,C01,95,20,3,11,2,9,53,3,1,5,204,6,210,526,,,,,,,,,,,,,,,,,,,,,
11,GUANAJUATO,5,LEON,20,LEON,1832,C02,127,8,4,8,2,10,67,2,1,3,236,7,243,525,,,,,,,,,,,,,,,,,,,,,
11,GUANAJUATO,5,LEON,20,LEON,1833,B,108,28,3,10,6,3,60,4,3,3,228,4,232,569,,,,,,,,,,,,,,,,,,,,,
11,GUANAJUATO,5,LEON,20,LEON,1833,C01,105,12,0,13,0,5,47,0,1,2,188,11,199,568,,,,,,,,,,,,,,,,,,,,,
11,GUANAJUATO,5,LEON,20,LEON,1834,B,138,11,3,11,1,2,52,0,1,2,224,3,227,570,,,,,,,,,,,,,,,,,,,,,
11,GUANAJUATO,5,LEON,20,LEON,1834,C01,123,16,2,13,3,8,60,0,1,3,231,2,233,569,,,,,,,,,,,,,,,,,,,,,
11,GUANAJUATO,5,LEON,20,LEON,1835,B,101,18,3,10,3,8,72,3,2,0,220,7,227,564,,,,,,,,,,,,,,,,,,,,,
11,GUANAJUATO,5,LEON,20,LEON,1835,C01,115,8,1,12,3,2,57,0,0,2,201,5,206,564,,,,,,,,,,,,,,,,,,,,,
11,GUANAJUATO,5,LEON,20,LEON,1836,B,107,14,3,10,0,10,47,2,2,1,198,3,201,454,,,,,,,,,,,,,,,,,,,,,
11,GUANAJUATO,5,LEON,20,LEON,1836,C01,108,19,0,8,2,8,50,3,1,2,203,3,206,453,,,,,,,,,,,,,,,,,,,,,
11,GUANAJUATO,5,LEON,20,LEON,1838,B,175,17,3,6,5,10,79,3,4,2,307,2,309,595,,,,,,,,,,,,,,,,,,,,,
11,GUANAJUATO,5,LEON,20,LEON,1838,C01,160,22,1,10,1,10,85,4,3,4,305,7,312,594,,,,,,,,,,,,,,,,,,,,,
11,GUANAJUATO,5,LEON,20,LEON,1839,B,205,12,4,7,2,10,70,4,3,1,320,6,326,668,,,,,,,,,,,,,,,,,,,,,
11,GUANAJUATO,5,LEON,20,LEON,1839,C01,190,20,5,7,2,4,88,0,2,5,324,4,328,667,,,,,,,,,,,,,,,,,,,,,
11,GUANAJUATO,5,LEON,20,LEON,1840,B,157,19,0,9,1,5,67,3,1,2,272,1,273,619,,,,,,,,,,,,,,,,,,,,,
11,GUANAJUATO,5,LEON,20,LEON,1840,C01,174,13,4,14,3,3,59,1,1,1,276,6,282,619,,,,,,,,,,,,,,,,,,,,,
11,GUANAJUATO,5,LEON,20,LEON,1841,B,153,9,2,11,3,9,51,2,0,2,243,8,251,663,,,,,,,,,,,,,,,,,,,,,
11,GUANAJUATO,5,LEON,20,LEON,1841,C01,152,21,0,17,5,14,85,1,4,7,307,6,313,662,,,,,,,,,,,,,,,,,,,,,
11,GUANAJUATO,5,LEON,20,LEON,1846,B,172,20,2,5,2,5,58,2,1,1,270,5,275,624,,,,,,,,,,,,,,,,,,,,,
11,GUANAJUATO,5,LEON,20,LEON,1846,C01,171,11,1,8,0,17,56,2,1,1,274,5,279,624,,,,,,,,,,,,,,,,,,,,,
11,GUANAJUATO,5,LEON,20,LEON,1846,C02,166,17,3,7,0,23,60,4,1,1,283,3,286,623,,,,,,,,,,,,,,,,,,,,,
11,GUANAJUATO,5,LEON,20,LEON,1846,C03,204,13,3,11,2,24,59,4,1,1,328,3,332,623,,,,,,,,,,,,,,,,,,,,,
11,GUANAJUATO,5,LEON,20,LEON,1846,C04,185,12,2,10,1,9,58,0,0,3,280,7,287,623,,,,,,,,,,,,,,,,,,,,,
11,GUANAJUATO,5,LEON,20,LEON,1847,B,215,18,7,11,0,13,64,2,0,4,338,5,343,722,,,,,,,,,,,,,,,,,,,,,
11,GUANAJUATO,5,LEON,20,LEON,1847,C01,219,22,6,5,3,15,67,0,2,9,353,4,357,722,,,,,,,,,,,,,,,,,,,,,
11,GUANAJUATO,5,LEON,20,LEON,1847,C02,218,25,7,14,2,14,59,1,1,1,345,5,350,722,,,,,,,,,,,,,,,,,,,,,
11,GUANAJUATO,5,LEON,20,LEON,1847,C03,243,25,0,9,5,9,83,5,1,1,386,1,387,722,,,,,,,,,,,,,,,,,,,,,
11,GUANAJUATO,5,LEON,20,LEON,1847,C04,210,15,3,14,2,9,75,3,1,3,336,11,347,722,,,,,,,,,,,,,,,,,,,,,
11,GUANAJUATO,5,LEON,20,LEON,1850,B,112,17,1,7,5,11,55,3,1,2,215,4,219,488,,,,,,,,,,,,,,,,,,,,,
11,GUANAJUATO,5,LEON,20,LEON,1850,C01,106,9,2,6,3,8,60,1,4,10,210,3,214,487,,,,,,,,,,,,,,,,,,,,,
11,GUANAJUATO,5,LEON,20,LEON,1854,B,161,23,5,12,2,12,75,2,1,3,300,7,307,619,,,,,,,,,,,,,,,,,,,,,
11,GUANAJUATO,5,LEON,20,LEON,1854,C01,158,19,2,9,2,11,77,2,1,1,284,0,284,619,,,,,,,,,,,,,,,,,,,,,
11,GUANAJUATO,5,LEON,20,LEON,1855,B,150,12,1,11,3,2,60,3,0,3,248,10,258,587,,,,,,,,,,,,,,,,,,,,,
11,GUANAJUATO,5,LEON,20,LEON,1855,C01,155,14,2,7,3,4,59,3,6,0,256,3,259,586,,,,,,,,,,,,,,,,,,,,,
11,GUANAJUATO,5,LEON,20,LEON,1857,B,165,15,3,14,0,10,55,0,2,0,265,5,270,647,,,,,,,,,,,,,,,,,,,,,
11,GUANAJUATO,5,LEON,20,LEON,1857,C01,189,10,1,12,1,12,67,0,1,1,296,3,299,647,,,,,,,,,,,,,,,,,,,,,
11,GUANAJUATO,5,LEON,20,LEON,1857,C02,166,17,3,13,4,1,67,1,1,5,279,6,285,646,,,,,,,,,,,,,,,,,,,,,
11,GUANAJUATO,5,LEON,20,LEON,1858,B,194,9,4,10,2,18,111,1,2,3,354,12,366,716,,,,,,,,,,,,,,,,,,,,,
11,GUANAJUATO,5,LEON,20,LEON,1858,C01,151,24,7,11,2,15,106,3,1,1,322,7,329,716,,,,,,,,,,,,,,,,,,,,,
11,GUANAJUATO,5,LEON,20,LEON,3006,B,150,43,2,7,4,12,56,3,1,0,280,10,290,686,,,,,,,,,,,,,,,,,,,,,
11,GUANAJUATO,5,LEON,20,LEON,3006,C01,148,39,3,5,2,6,80,2,0,1,288,3,291,685,,,,,,,,,,,,,,,,,,,,,
11,GUANAJUATO,5,LEON,20,LEON,3007,B,214,12,2,8,2,11,54,0,2,1,311,2,313,528,,,,,,,,,,,,,,,,,,,,,
11,GUANAJUATO,5,LEON,20,LEON,3007,C01,206,20,2,5,1,14,52,1,1,1,307,6,313,528,,,,,,,,,,,,,,,,,,,,,
11,GUANAJUATO,5,LEON,20,LEON,3007,C02,188,18,2,8,1,15,55,2,1,1,291,5,297,527,,,,,,,,,,,,,,,,,,,,,
11,GUANAJUATO,5,LEON,20,LEON,3008,B,93,9,1,9,0,3,47,1,1,1,166,2,168,444,,,,,,,,,,,,,,,,,,,,,
11,GUANAJUATO,5,LEON,20,LEON,3008,C01,89,11,1,11,0,5,56,2,0,2,177,3,181,444,,,,,,,,,,,,,,,,,,,,,
11,GUANAJUATO,5,LEON,20,LEON,3009,B,138,8,3,6,4,12,53,3,2,3,235,1,236,576,,,,,,,,,,,,,,,,,,,,,
11,GUANAJUATO,5,LEON,20,LEON,3009,C01,130,9,3,4,1,7,73,1,0,0,228,0,228,575,,,,,,,,,,,,,,,,,,,,,
11,GUANAJUATO,5,LEON,20,LEON,3010,B,219,18,5,7,5,15,93,2,0,3,369,5,375,701,,,,,,,,,,,,,,,,,,,,,
11,GUANAJUATO,5,LEON,20,LEON,3010,C01,230,12,2,8,1,8,72,4,2,2,343,3,347,701,,,,,,,,,,,,,,,,,,,,,
11,GUANAJUATO,5,LEON,20,LEON,3011,B,131,29,3,16,5,13,81,4,0,6,290,7,297,663,,,,,,,,,,,,,,,,,,,,,
11,GUANAJUATO,5,LEON,20,LEON,3011,C01,123,32,1,13,1,8,77,4,0,2,268,7,275,663,,,,,,,,,,,,,,,,,,,,,
11,GUANAJUATO,5,LEON,20,LEON,3012,B,130,13,3,2,2,3,67,2,1,4,231,8,239,583,,,,,,,,,,,,,,,,,,,,,
11,GUANAJUATO,5,LEON,20,LEON,3012,C01,151,6,5,9,1,15,77,1,2,4,275,3,278,582,,,,,,,,,,,,,,,,,,,,,
11,GUANAJUATO,5,LEON,20,LEON,3013,B,165,19,4,14,3,7,60,2,2,7,285,5,290,612,,,,,,,,,,,,,,,,,,,,,
11,GUANAJUATO,5,LEON,20,LEON,3013,C01,159,12,6,10,3,8,58,7,1,0,267,3,270,612,,,,,,,,,,,,,,,,,,,,,
11,GUANAJUATO,5,LEON,20,LEON,3014,B,143,11,1,13,1,7,79,5,2,1,268,3,271,640,,,,,,,,,,,,,,,,,,,,,
11,GUANAJUATO,5,LEON,20,LEON,3014,C01,129,19,3,5,4,8,87,8,0,3,272,6,278,639,,,,,,,,,,,,,,,,,,,,,
11,GUANAJUATO,5,LEON,20,LEON,3015,B,236,8,4,8,0,15,62,1,0,5,343,4,347,707,,,,,,,,,,,,,,,,,,,,,
11,GUANAJUATO,5,LEON,20,LEON,3015,C01,184,10,4,10,1,14,77,1,1,3,309,8,317,707,,,,,,,,,,,,,,,,,,,,,
11,GUANAJUATO,5,LEON,20,LEON,3015,E01,108,13,1,7,2,4,58,3,0,1,199,4,203,663,,,,,,,,,,,,,,,,,,,,,
11,GUANAJUATO,5,LEON,20,LEON,3015,E01C01,107,12,4,7,3,9,53,2,1,7,209,3,212,663,,,,,,,,,,,,,,,,,,,,,
11,GUANAJUATO,5,LEON,20,LEON,3015,E01C02,107,12,1,12,1,8,72,2,2,4,226,3,229,663,,,,,,,,,,,,,,,,,,,,,
11,GUANAJUATO,5,LEON,20,LEON,3015,E01C03,116,10,2,7,0,6,59,2,3,3,212,7,219,663,,,,,,,,,,,,,,,,,,,,,
11,GUANAJUATO,5,LEON,20,LEON,3015,C02,220,25,0,14,0,14,82,1,1,3,364,5,369,707,,,,,,,,,,,,,,,,,,,,,
11,GUANAJUATO,5,LEON,20,LEON,3015,C03,234,18,3,10,2,14,66,3,1,3,357,3,360,707,,,,,,,,,,,,,,,,,,,,,
11,GUANAJUATO,5,LEON,20,LEON,3015,C04,230,22,1,5,2,19,67,0,1,0,348,6,354,707,,,,,,,,,,,,,,,,,,,,,
11,GUANAJUATO,5,LEON,20,LEON,3015,C05,205,21,1,12,1,17,71,1,0,1,330,7,337,706,,,,,,,,,,,,,,,,,,,,,
11,GUANAJUATO,5,LEON,20,LEON,3016,B,49,27,3,14,2,7,44,4,1,1,152,2,154,544,,,,,,,,,,,,,,,,,,,,,
11,GUANAJUATO,5,LEON,20,LEON,3016,C01,52,20,2,9,1,4,36,4,2,1,131,5,136,543,,,,,,,,,,,,,,,,,,,,,
11,GUANAJUATO,5,LEON,20,LEON,3017,B,122,20,1,14,0,6,74,4,3,7,255,8,263,568,,,,,,,,,,,,,,,,,,,,,
11,GUANAJUATO,5,LEON,20,LEON,3017,C01,136,12,3,8,3,8,84,3,2,4,267,6,273,568,,,,,,,,,,,,,,,,,,,,,
11,GUANAJUATO,5,LEON,20,LEON,3018,B,120,7,5,9,1,12,60,1,0,2,217,5,223,473,,,,,,,,,,,,,,,,,,,,,
11,GUANAJUATO,5,LEON,20,LEON,3018,C01,118,23,3,15,2,9,37,0,0,2,211,3,216,473,,,,,,,,,,,,,,,,,,,,,
11,GUANAJUATO,5,LEON,20,LEON,3019,B,152,14,2,12,4,11,66,4,5,7,279,7,286,631,,,,,,,,,,,,,,,,,,,,,
11,GUANAJUATO,5,LEON,20,LEON,3019,C01,151,15,3,11,0,12,60,4,5,0,261,5,267,631,,,,,,,,,,,,,,,,,,,,,
11,GUANAJUATO,5,LEON,20,LEON,3020,B,194,20,3,14,2,16,63,3,1,5,326,8,335,700,,,,,,,,,,,,,,,,,,,,,
11,GUANAJUATO,5,LEON,20,LEON,3020,C01,188,18,5,7,2,8,88,2,2,4,325,10,335,699,,,,,,,,,,,,,,,,,,,,,
11,GUANAJUATO,5,LEON,20,LEON,3021,B,104,15,1,4,3,14,54,1,0,2,203,4,207,433,,,,,,,,,,,,,,,,,,,,,
11,GUANAJUATO,5,LEON,20,LEON,3021,C01,85,15,0,7,1,10,55,1,0,6,182,4,186,433,,,,,,,,,,,,,,,,,,,,,
11,GUANAJUATO,5,LEON,20,LEON,3022,B,91,14,1,8,1,2,53,1,1,18,192,3,195,468,,,,,,,,,,,,,,,,,,,,,
11,GUANAJUATO,5,LEON,20,LEON,3022,C01,81,15,2,8,1,4,61,2,0,9,184,3,187,467,,,,,,,,,,,,,,,,,,,,,
11,GUANAJUATO,5,LEON,20,LEON,3023,B,88,14,0,11,4,12,47,4,0,6,188,2,190,549,,,,,,,,,,,,,,,,,,,,,
11,GUANAJUATO,5,LEON,20,LEON,3023,C01,71,16,1,7,2,9,56,2,1,3,169,6,175,548,,,,,,,,,,,,,,,,,,,,,
11,GUANAJUATO,5,LEON,20,LEON,3024,B,137,21,2,7,0,10,84,3,0,2,268,7,276,643,,,,,,,,,,,,,,,,,,,,,
11,GUANAJUATO,5,LEON,20,LEON,3024,C01,159,17,4,13,0,12,85,3,0,5,305,10,315,643,,,,,,,,,,,,,,,,,,,,,
11,GUANAJUATO,5,LEON,20,LEON,3025,B,101,25,1,10,1,4,43,3,1,2,193,6,199,467,,,,,,,,,,,,,,,,,,,,,
11,GUANAJUATO,5,LEON,20,LEON,3025,C01,88,10,3,10,3,11,42,0,1,1,170,2,172,466,,,,,,,,,,,,,,,,,,,,,
11,GUANAJUATO,5,LEON,20,LEON,3026,B,144,23,5,7,3,10,82,3,0,2,285,9,294,634,,,,,,,,,,,,,,,,,,,,,
11,GUANAJUATO,5,LEON,20,LEON,3026,C01,150,14,3,16,1,9,68,4,0,3,278,6,284,633,,,,,,,,,,,,,,,,,,,,,
11,GUANAJUATO,5,LEON,20,LEON,3027,B,177,20,2,5,1,6,64,4,0,1,284,5,289,636,,,,,,,,,,,,,,,,,,,,,
11,GUANAJUATO,5,LEON,20,LEON,3027,C01,175,17,2,1,1,5,72,5,2,5,288,4,292,636,,,,,,,,,,,,,,,,,,,,,
11,GUANAJUATO,5,LEON,20,LEON,3028,B,101,27,0,9,1,6,52,1,4,4,206,4,210,522,,,,,,,,,,,,,,,,,,,,,
11,GUANAJUATO,5,LEON,20,LEON,3028,C01,96,23,3,7,2,7,67,1,0,5,213,4,217,522,,,,,,,,,,,,,,,,,,,,,
11,GUANAJUATO,5,LEON,20,LEON,3029,B,143,25,0,7,1,9,83,4,1,3,278,5,283,656,,,,,,,,,,,,,,,,,,,,,
11,GUANAJUATO,5,LEON,20,LEON,3029,C01,138,26,2,12,3,8,73,6,1,3,273,6,279,656,,,,,,,,,,,,,,,,,,,,,
11,GUANAJUATO,5,LEON,20,LEON,3030,B,116,20,0,11,2,10,101,1,1,3,270,5,276,617,,,,,,,,,,,,,,,,,,,,,
11,GUANAJUATO,5,LEON,20,LEON,3030,C01,105,15,3,10,3,11,58,4,5,1,218,5,224,616,,,,,,,,,,,,,,,,,,,,,
11,GUANAJUATO,6,LEON,20,LEON,1468,B,107,25,1,3,3,6,62,3,2,0,215,0,215,617,,,,,,,,,,,,,,,,,,,,,
11,GUANAJUATO,6,LEON,20,LEON,1468,C01,127,15,1,11,0,4,51,1,1,0,213,8,221,617,,,,,,,,,,,,,,,,,,,,,
11,GUANAJUATO,6,LEON,20,LEON,1468,C02,112,21,0,8,2,9,40,2,0,0,195,4,199,617,,,,,,,,,,,,,,,,,,,,,
11,GUANAJUATO,6,LEON,20,LEON,1469,B,118,11,5,2,1,3,4,1,0,3,149,3,152,423,,,,,,,,,,,,,,,,,,,,,
11,GUANAJUATO,6,LEON,20,LEON,1469,C01,122,15,1,6,1,2,28,1,0,0,178,1,179,423,,,,,,,,,,,,,,,,,,,,,
11,GUANAJUATO,6,LEON,20,LEON,1501,B,93,13,2,16,1,6,54,0,0,2,189,8,197,744,,,,,,,,,,,,,,,,,,,,,
11,GUANAJUATO,6,LEON,20,LEON,1501,C01,86,23,1,18,3,6,59,4,1,1,203,7,210,744,,,,,,,,,,,,,,,,,,,,,
11,GUANAJUATO,6,LEON,20,LEON,1501,C02,95,11,3,12,4,8,56,3,2,2,198,3,201,743,,,,,,,,,,,,,,,,,,,,,
11,GUANAJUATO,6,LEON,20,LEON,1501,C03,93,19,2,4,1,9,46,3,3,0,181,4,185,743,,,,,,,,,,,,,,,,,,,,,
11,GUANAJUATO,6,LEON,20,LEON,1501,C04,75,30,0,12,2,10,53,0,1,4,188,8,196,743,,,,,,,,,,,,,,,,,,,,,
11,GUANAJUATO,6,LEON,20,LEON,1502,B,81,15,1,5,1,5,58,0,1,1,170,2,172,681,,,,,,,,,,,,,,,,,,,,,
11,GUANAJUATO,6,LEON,20,LEON,1502,C01,70,22,2,6,2,3,58,2,0,0,166,3,169,681,,,,,,,,,,,,,,,,,,,,,
11,GUANAJUATO,6,LEON,20,LEON,1502,E01,91,18,0,0,4,5,59,2,0,1,180,10,190,701,,,,,,,,,,,,,,,,,,,,,
11,GUANAJUATO,6,LEON,20,LEON,1502,E01C01,81,28,1,14,1,7,49,0,4,2,188,3,191,701,,,,,,,,,,,,,,,,,,,,,
11,GUANAJUATO,6,LEON,20,LEON,1502,E01C02,80,19,3,12,9,40,2,4,0,0,170,9,179,701,,,,,,,,,,,,,,,,,,,,,
11,GUANAJUATO,6,LEON,20,LEON,1502,E01C03,66,20,4,18,0,8,45,0,3,1,165,3,168,701,,,,,,,,,,,,,,,,,,,,,
11,GUANAJUATO,6,LEON,20,LEON,1502,C02,66,23,1,13,0,5,51,0,0,1,160,5,166,681,,,,,,,,,,,,,,,,,,,,,
11,GUANAJUATO,6,LEON,20,LEON,1502,C03,76,8,1,7,0,5,42,0,0,0,142,1,144,681,,,,,,,,,,,,,,,,,,,,,
11,GUANAJUATO,6,LEON,20,LEON,1502,C04,76,12,3,8,0,5,44,0,3,2,153,2,155,681,,,,,,,,,,,,,,,,,,,,,
11,GUANAJUATO,6,LEON,20,LEON,1507,B,145,8,0,9,0,5,23,4,1,0,197,4,201,659,,,,,,,,,,,,,,,,,,,,,
11,GUANAJUATO,6,LEON,20,LEON,1507,C01,153,26,0,12,2,3,31,5,0,0,233,4,237,659,,,,,,,,,,,,,,,,,,,,,
11,GUANAJUATO,6,LEON,20,LEON,1511,B,148,19,2,1,1,2,72,1,1,1,248,5,253,699,,,,,,,,,,,,,,,,,,,,,
11,GUANAJUATO,6,LEON,20,LEON,1511,C01,141,9,3,8,1,4,43,1,1,0,212,3,215,698,,,,,,,,,,,,,,,,,,,,,
11,GUANAJUATO,6,LEON,20,LEON,1522,B,248,29,5,3,1,21,75,0,0,3,387,8,395,750,,,,,,,,,,,,,,,,,,,,,
11,GUANAJUATO,6,LEON,20,LEON,1523,B,208,22,2,13,1,16,74,0,0,3,340,9,350,674,,,,,,,,,,,,,,,,,,,,,
11,GUANAJUATO,6,LEON,20,LEON,1524,B,231,12,4,6,1,14,75,0,1,2,347,7,355,647,,,,,,,,,,,,,,,,,,,,,
11,GUANAJUATO,6,LEON,20,LEON,1534,B,190,14,6,5,1,10,52,1,0,1,282,8,290,442,,,,,,,,,,,,,,,,,,,,,
11,GUANAJUATO,6,LEON,20,LEON,1534,C01,208,12,1,4,5,4,37,5,2,2,283,4,287,442,,,,,,,,,,,,,,,,,,,,,
11,GUANAJUATO,6,LEON,20,LEON,1535,B,210,23,2,2,0,13,47,0,0,2,299,5,304,403,,,,,,,,,,,,,,,,,,,,,
11,GUANAJUATO,6,LEON,20,LEON,1535,C01,224,15,1,2,1,8,40,0,1,1,295,5,300,403,,,,,,,,,,,,,,,,,,,,,
11,GUANAJUATO,6,LEON,20,LEON,1536,B,257,30,5,16,0,17,83,0,4,2,416,7,423,727,,,,,,,,,,,,,,,,,,,,,
11,GUANAJUATO,6,LEON,20,LEON,1537,B,174,12,2,7,3,3,65,0,0,3,273,4,277,554,,,,,,,,,,,,,,,,,,,,,
11,GUANAJUATO,6,LEON,20,LEON,1537,C01,161,13,4,5,0,12,55,0,0,1,253,5,258,553,,,,,,,,,,,,,,,,,,,,,
11,GUANAJUATO,6,LEON,20,LEON,1538,B,170,11,2,7,1,7,75,1,1,3,278,4,282,568,,,,,,,,,,,,,,,,,,,,,
11,GUANAJUATO,6,LEON,20,LEON,1538,C01,177,20,3,12,1,12,57,3,0,0,288,3,292,568,,,,,,,,,,,,,,,,,,,,,
11,GUANAJUATO,6,LEON,20,LEON,1539,B,127,21,0,10,1,3,80,0,1,0,244,7,251,535,,,,,,,,,,,,,,,,,,,,,
11,GUANAJUATO,6,LEON,20,LEON,1539,C01,127,16,0,9,1,8,92,0,0,2,256,4,261,534,,,,,,,,,,,,,,,,,,,,,
11,GUANAJUATO,6,LEON,20,LEON,1540,B,116,8,4,3,1,7,50,0,1,2,193,4,197,378,,,,,,,,,,,,,,,,,,,,,
11,GUANAJUATO,6,LEON,20,LEON,1540,C01,95,12,2,9,3,7,45,0,1,1,179,8,187,377,,,,,,,,,,,,,,,,,,,,,
11,GUANAJUATO,6,LEON,20,LEON,1541,B,168,27,3,12,3,10,40,7,2,3,278,5,283,538,,,,,,,,,,,,,,,,,,,,,
11,GUANAJUATO,6,LEON,20,LEON,1542,B,152,25,0,5,1,11,51,1,0,2,249,7,256,465,,,,,,,,,,,,,,,,,,,,,
11,GUANAJUATO,6,LEON,20,LEON,1543,B,147,25,2,5,1,8,40,0,0,0,228,4,232,384,,,,,,,,,,,,,,,,,,,,,
11,GUANAJUATO,6,LEON,20,LEON,1543,C01,118,28,3,6,0,8,48,1,1,0,214,3,217,384,,,,,,,,,,,,,,,,,,,,,
11,GUANAJUATO,6,LEON,20,LEON,1544,B,259,24,3,3,1,15,32,1,0,2,344,5,349,544,,,,,,,,,,,,,,,,,,,,,
11,GUANAJUATO,6,LEON,20,LEON,1545,B,161,15,2,0,2,8,33,0,0,1,224,3,227,397,,,,,,,,,,,,,,,,,,,,,
11,GUANAJUATO,6,LEON,20,LEON,1545,C01,176,25,1,4,1,5,27,2,0,1,243,1,245,396,,,,,,,,,,,,,,,,,,,,,
11,GUANAJUATO,6,LEON,20,LEON,1546,B,139,21,2,4,1,5,62,2,3,6,248,8,256,505,,,,,,,,,,,,,,,,,,,,,
11,GUANAJUATO,6,LEON,20,LEON,1546,C01,141,10,5,3,2,5,62,1,0,2,234,2,236,505,,,,,,,,,,,,,,,,,,,,,
11,GUANAJUATO,6,LEON,20,LEON,1547,B,244,21,2,10,1,9,80,2,4,5,380,2,382,662,,,,,,,,,,,,,,,,,,,,,
11,GUANAJUATO,6,LEON,20,LEON,1547,C01,256,9,3,8,4,7,84,3,0,4,383,6,389,661,,,,,,,,,,,,,,,,,,,,,
11,GUANAJUATO,6,LEON,20,LEON,1548,B,273,31,3,8,2,16,54,0,1,1,390,6,396,568,,,,,,,,,,,,,,,,,,,,,
11,GUANAJUATO,6,LEON,20,LEON,1548,C01,277,27,1,6,0,3,50,1,2,0,370,9,379,568,,,,,,,,,,,,,,,,,,,,,
11,GUANAJUATO,6,LEON,20,LEON,1549,B,214,30,6,8,1,9,96,3,1,3,371,11,382,700,,,,,,,,,,,,,,,,,,,,,
11,GUANAJUATO,6,LEON,20,LEON,1550,B,211,29,5,7,6,12,84,0,0,2,358,4,363,704,,,,,,,,,,,,,,,,,,,,,
11,GUANAJUATO,6,LEON,20,LEON,1551,B,135,20,6,6,2,5,69,2,0,1,247,6,253,480,,,,,,,,,,,,,,,,,,,,,
11,GUANAJUATO,6,LEON,20,LEON,1552,B,155,29,1,10,2,10,72,3,0,1,285,9,294,616,,,,,,,,,,,,,,,,,,,,,
11,GUANAJUATO,6,LEON,20,LEON,1552,C01,101,28,3,12,2,6,88,2,1,0,247,4,251,615,,,,,,,,,,,,,,,,,,,,,
11,GUANAJUATO,6,LEON,20,LEON,1553,B,136,10,1,7,2,9,64,4,1,2,238,9,247,553,,,,,,,,,,,,,,,,,,,,,
11,GUANAJUATO,6,LEON,20,LEON,1553,C01,121,17,2,3,2,5,61,1,1,3,218,3,221,552,,,,,,,,,,,,,,,,,,,,,
11,GUANAJUATO,6,LEON,20,LEON,1554,B,122,32,5,6,2,12,101,2,1,0,286,7,296,566,,,,,,,,,,,,,,,,,,,,,
11,GUANAJUATO,6,LEON,20,LEON,1554,C01,141,22,3,10,3,12,80,1,2,4,279,6,286,566,,,,,,,,,,,,,,,,,,,,,
11,GUANAJUATO,6,LEON,20,LEON,1555,B,107,18,4,6,1,16,72,3,1,1,229,7,236,528,,,,,,,,,,,,,,,,,,,,,
11,GUANAJUATO,6,LEON,20,LEON,1555,C01,109,15,3,8,0,8,90,1,1,3,238,0,238,528,,,,,,,,,,,,,,,,,,,,,
11,GUANAJUATO,6,LEON,20,LEON,1556,B,127,34,2,4,2,5,19,3,1,1,198,2,200,536,,,,,,,,,,,,,,,,,,,,,
11,GUANAJUATO,6,LEON,20,LEON,1556,C01,105,16,4,6,2,8,85,2,0,2,230,2,232,536,,,,,,,,,,,,,,,,,,,,,
11,GUANAJUATO,6,LEON,20,LEON,1557,B,117,25,6,15,3,7,90,2,0,2,271,4,275,530,,,,,,,,,,,,,,,,,,,,,
11,GUANAJUATO,6,LEON,20,LEON,1557,C01,122,17,3,9,2,9,100,1,3,2,271,9,280,530,,,,,,,,,,,,,,,,,,,,,
11,GUANAJUATO,6,LEON,20,LEON,1568,B,115,16,0,5,1,9,64,2,3,2,220,4,225,419,,,,,,,,,,,,,,,,,,,,,
11,GUANAJUATO,6,LEON,20,LEON,1568,C01,108,15,2,3,1,6,60,2,0,1,199,7,206,419,,,,,,,,,,,,,,,,,,,,,
11,GUANAJUATO,6,LEON,20,LEON,1569,B,112,21,2,10,1,4,85,1,0,1,238,7,245,488,,,,,,,,,,,,,,,,,,,,,
11,GUANAJUATO,6,LEON,20,LEON,1569,C01,112,21,4,4,0,10,85,0,0,1,239,4,243,487,,,,,,,,,,,,,,,,,,,,,
11,GUANAJUATO,6,LEON,20,LEON,1570,B,279,15,1,6,1,13,36,1,0,3,356,8,364,589,,,,,,,,,,,,,,,,,,,,,
11,GUANAJUATO,6,LEON,20,LEON,1570,C01,309,12,1,9,1,12,46,0,0,2,395,7,403,588,,,,,,,,,,,,,,,,,,,,,
11,GUANAJUATO,6,LEON,20,LEON,1570,S01,138,12,4,6,2,7,62,1,2,1,237,4,241,0,,,,,,,,,,,,,,,,,,,,,
11,GUANAJUATO,6,LEON,20,LEON,1571,B,142,23,1,9,1,1,78,0,1,4,263,3,266,590,,,,,,,,,,,,,,,,,,,,,
11,GUANAJUATO,6,LEON,20,LEON,1572,B,168,19,3,5,1,11,90,1,1,1,300,1,301,607,,,,,,,,,,,,,,,,,,,,,
11,GUANAJUATO,6,LEON,20,LEON,1573,B,136,29,2,9,4,7,46,1,0,4,239,5,244,500,,,,,,,,,,,,,,,,,,,,,
11,GUANAJUATO,6,LEON,20,LEON,1574,B,160,17,0,6,0,6,61,2,2,2,256,8,264,532,,,,,,,,,,,,,,,,,,,,,
11,GUANAJUATO,6,LEON,20,LEON,1574,C01,177,13,1,2,0,3,59,1,2,6,264,2,266,532,,,,,,,,,,,,,,,,,,,,,
11,GUANAJUATO,6,LEON,20,LEON,1575,B,148,16,0,9,1,6,67,1,1,1,252,6,259,453,,,,,,,,,,,,,,,,,,,,,
11,GUANAJUATO,6,LEON,20,LEON,1575,C01,140,17,2,6,1,9,60,3,0,5,243,6,249,452,,,,,,,,,,,,,,,,,,,,,
11,GUANAJUATO,6,LEON,20,LEON,1576,B,287,22,2,13,1,17,55,0,1,0,400,12,412,672,,,,,,,,,,,,,,,,,,,,,
11,GUANAJUATO,6,LEON,20,LEON,1577,B,118,14,1,7,1,8,88,2,0,1,243,6,249,512,,,,,,,,,,,,,,,,,,,,,
11,GUANAJUATO,6,LEON,20,LEON,1577,C01,135,21,3,4,3,10,79,2,2,1,261,4,265,512,,,,,,,,,,,,,,,,,,,,,
11,GUANAJUATO,6,LEON,20,LEON,1578,B,193,29,4,5,0,10,79,1,2,4,329,5,334,658,,,,,,,,,,,,,,,,,,,,,
11,GUANAJUATO,6,LEON,20,LEON,1579,B,126,37,2,14,0,6,63,0,4,2,259,5,264,595,,,,,,,,,,,,,,,,,,,,,
11,GUANAJUATO,6,LEON,20,LEON,1580,B,172,24,1,6,2,10,76,1,7,2,306,5,311,579,,,,,,,,,,,,,,,,,,,,,
11,GUANAJUATO,6,LEON,20,LEON,1591,B,164,26,3,7,0,9,94,2,2,2,314,6,320,735,,,,,,,,,,,,,,,,,,,,,
11,GUANAJUATO,6,LEON,20,LEON,1591,C01,143,41,4,13,2,12,67,0,0,3,289,9,298,734,,,,,,,,,,,,,,,,,,,,,
11,GUANAJUATO,6,LEON,20,LEON,1591,C02,126,33,3,5,1,13,84,1,2,0,269,5,274,734,,,,,,,,,,,,,,,,,,,,,
11,GUANAJUATO,6,LEON,20,LEON,1592,B,128,21,5,4,3,5,100,0,3,3,277,12,289,650,,,,,,,,,,,,,,,,,,,,,
11,GUANAJUATO,6,LEON,20,LEON,1592,C01,138,21,2,3,2,10,97,0,1,3,281,7,288,650,,,,,,,,,,,,,,,,,,,,,
11,GUANAJUATO,6,LEON,20,LEON,1593,B,163,17,4,11,3,10,110,1,1,5,330,10,340,729,,,,,,,,,,,,,,,,,,,,,
11,GUANAJUATO,6,LEON,20,LEON,1593,C01,139,24,2,14,3,13,96,3,1,2,301,7,308,729,,,,,,,,,,,,,,,,,,,,,
11,GUANAJUATO,6,LEON,20,LEON,1594,B,191,18,6,13,0,3,89,2,0,0,325,4,330,628,,,,,,,,,,,,,,,,,,,,,
11,GUANAJUATO,6,LEON,20,LEON,1594,C01,159,35,3,8,2,8,99,3,3,4,327,10,337,627,,,,,,,,,,,,,,,,,,,,,
11,GUANAJUATO,6,LEON,20,LEON,1595,B,84,20,2,6,2,5,78,1,0,4,203,8,211,533,,,,,,,,,,,,,,,,,,,,,
11,GUANAJUATO,6,LEON,20,LEON,1595,C01,145,21,1,4,1,7,80,3,0,1,265,6,271,533,,,,,,,,,,,,,,,,,,,,,
11,GUANAJUATO,6,LEON,20,LEON,1596,B,179,30,4,4,1,11,58,4,3,1,296,3,299,532,,,,,,,,,,,,,,,,,,,,,
11,GUANAJUATO,6,LEON,20,LEON,1596,C01,130,21,3,10,2,13,96,0,1,1,281,5,286,531,,,,,,,,,,,,,,,,,,,,,
11,GUANAJUATO,6,LEON,20,LEON,1597,B,158,31,2,4,0,9,104,3,1,1,316,7,323,627,,,,,,,,,,,,,,,,,,,,,
11,GUANAJUATO,6,LEON,20,LEON,1598,B,115,18,2,6,1,3,86,3,0,3,239,4,243,480,,,,,,,,,,,,,,,,,,,,,
11,GUANAJUATO,6,LEON,20,LEON,1598,C01,138,12,4,6,1,11,58,5,1,3,239,6,245,480,,,,,,,,,,,,,,,,,,,,,
11,GUANAJUATO,6,LEON,20,LEON,1599,B,92,11,3,3,0,6,53,0,2,1,171,13,184,413,,,,,,,,,,,,,,,,,,,,,
11,GUANAJUATO,6,LEON,20,LEON,1599,C01,87,20,0,4,1,10,61,1,0,2,187,2,190,412,,,,,,,,,,,,,,,,,,,,,
11,GUANAJUATO,6,LEON,20,LEON,1600,B,134,16,0,5,0,9,63,2,2,2,233,3,236,552,,,,,,,,,,,,,,,,,,,,,
11,GUANAJUATO,6,LEON,20,LEON,1600,C01,126,20,1,8,2,7,69,2,1,0,239,7,251,552,,,,,,,,,,,,,,,,,,,,,
11,GUANAJUATO,6,LEON,20,LEON,1601,B,132,18,2,9,5,5,64,4,1,3,249,3,252,538,,,,,,,,,,,,,,,,,,,,,
11,GUANAJUATO,6,LEON,20,LEON,1601,C01,130,20,0,8,3,4,68,7,1,0,243,6,249,538,,,,,,,,,,,,,,,,,,,,,
11,GUANAJUATO,6,LEON,20,LEON,1602,B,103,24,1,8,1,6,88,2,2,1,240,8,248,615,,,,,,,,,,,,,,,,,,,,,
11,GUANAJUATO,6,LEON,20,LEON,1603,B,177,7,4,8,0,9,83,3,2,0,297,5,302,648,,,,,,,,,,,,,,,,,,,,,
11,GUANAJUATO,6,LEON,20,LEON,1603,C01,160,16,6,10,2,6,76,9,0,0,287,8,295,648,,,,,,,,,,,,,,,,,,,,,
11,GUANAJUATO,6,LEON,20,LEON,1604,B,233,22,4,5,1,16,63,1,2,3,357,0,357,640,,,,,,,,,,,,,,,,,,,,,
11,GUANAJUATO,6,LEON,20,LEON,1604,C01,201,12,0,9,3,20,69,2,0,1,326,1,328,640,,,,,,,,,,,,,,,,,,,,,
11,GUANAJUATO,6,LEON,20,LEON,1604,C02,193,16,3,11,1,11,79,3,0,0,319,5,324,640,,,,,,,,,,,,,,,,,,,,,
11,GUANAJUATO,6,LEON,20,LEON,1604,C03,208,14,2,12,5,12,64,4,1,3,326,8,334,640,,,,,,,,,,,,,,,,,,,,,
11,GUANAJUATO,6,LEON,20,LEON,1604,C04,187,20,5,9,4,10,63,3,1,5,313,6,319,640,,,,,,,,,,,,,,,,,,,,,
11,GUANAJUATO,6,LEON,20,LEON,1605,B,152,14,2,11,3,11,85,1,3,6,291,5,297,687,,,,,,,,,,,,,,,,,,,,,
11,GUANAJUATO,6,LEON,20,LEON,1605,C01,152,28,1,16,5,16,85,3,0,2,311,2,313,687,,,,,,,,,,,,,,,,,,,,,
11,GUANAJUATO,6,LEON,20,LEON,1606,B,134,24,1,5,2,10,54,2,3,2,240,3,244,512,,,,,,,,,,,,,,,,,,,,,
11,GUANAJUATO,6,LEON,20,LEON,1606,C01,117,26,2,4,1,5,66,1,3,1,226,3,229,512,,,,,,,,,,,,,,,,,,,,,
11,GUANAJUATO,6,LEON,20,LEON,1607,B,191,33,4,4,0,8,95,2,4,2,346,9,355,657,,,,,,,,,,,,,,,,,,,,,
11,GUANAJUATO,6,LEON,20,LEON,1608,B,126,15,2,11,2,6,52,1,2,3,223,9,232,519,,,,,,,,,,,,,,,,,,,,,
11,GUANAJUATO,6,LEON,20,LEON,1608,C01,120,18,1,11,0,2,52,7,1,5,218,4,222,518,,,,,,,,,,,,,,,,,,,,,
11,GUANAJUATO,6,LEON,20,LEON,1609,B,191,16,5,11,0,11,91,3,1,1,331,5,336,686,,,,,,,,,,,,,,,,,,,,,
11,GUANAJUATO,6,LEON,20,LEON,1609,C01,176,16,2,12,0,15,72,3,2,0,301,2,303,686,,,,,,,,,,,,,,,,,,,,,
11,GUANAJUATO,6,LEON,20,LEON,1610,B,138,13,4,5,3,6,65,1,1,3,242,3,245,583,,,,,,,,,,,,,,,,,,,,,
11,GUANAJUATO,6,LEON,20,LEON,1610,C01,125,20,3,8,1,8,71,4,0,3,244,1,245,583,,,,,,,,,,,,,,,,,,,,,
11,GUANAJUATO,6,LEON,20,LEON,1611,B,111,25,13,14,1,9,67,2,2,2,246,7,253,641,,,,,,,,,,,,,,,,,,,,,
11,GUANAJUATO,6,LEON,20,LEON,1611,C01,96,26,4,8,1,8,89,1,1,7,241,5,246,641,,,,,,,,,,,,,,,,,,,,,
11,GUANAJUATO,6,LEON,20,LEON,1611,C02,101,18,0,10,0,6,13,2,0,4,155,4,159,640,,,,,,,,,,,,,,,,,,,,,
11,GUANAJUATO,6,LEON,20,LEON,1612,B,96,21,2,11,2,4,41,3,2,0,184,5,190,514,,,,,,,,,,,,,,,,,,,,,
11,GUANAJUATO,6,LEON,20,LEON,1612,C01,76,16,1,8,3,3,67,3,0,0,181,4,185,514,,,,,,,,,,,,,,,,,,,,,
11,GUANAJUATO,6,LEON,20,LEON,1612,C02,101,18,0,10,0,6,73,2,0,4,215,4,219,513,,,,,,,,,,,,,,,,,,,,,
11,GUANAJUATO,6,LEON,20,LEON,1613,B,212,13,3,13,2,18,83,5,1,0,352,8,361,726,,,,,,,,,,,,,,,,,,,,,
11,GUANAJUATO,6,LEON,20,LEON,1613,C01,221,29,5,10,3,13,67,1,1,2,357,6,363,726,,,,,,,,,,,,,,,,,,,,,
11,GUANAJUATO,6,LEON,20,LEON,1613,C02,231,19,3,6,4,20,92,2,0,3,385,2,387,726,,,,,,,,,,,,,,,,,,,,,
11,GUANAJUATO,6,LEON,20,LEON,1613,C03,214,23,2,18,1,14,64,0,2,8,348,6,354,726,,,,,,,,,,,,,,,,,,,,,
11,GUANAJUATO,6,LEON,20,LEON,1613,C04,190,21,6,13,1,15,89,4,1,2,347,2,349,725,,,,,,,,,,,,,,,,,,,,,
11,GUANAJUATO,6,LEON,20,LEON,1613,C05,215,21,4,8,0,8,77,1,2,1,344,7,351,725,,,,,,,,,,,,,,,,,,,,,
11,GUANAJUATO,6,LEON,20,LEON,1613,C06,210,23,3,10,2,13,91,5,1,2,365,4,369,725,,,,,,,,,,,,,,,,,,,,,
11,GUANAJUATO,6,LEON,20,LEON,1613,C07,216,30,3,10,5,13,85,1,1,4,371,7,378,725,,,,,,,,,,,,,,,,,,,,,
11,GUANAJUATO,6,LEON,20,LEON,1613,C08,222,71,0,9,1,16,71,3,2,3,409,3,413,725,,,,,,,,,,,,,,,,,,,,,
11,GUANAJUATO,6,LEON,20,LEON,1622,B,187,21,4,10,2,10,90,8,0,0,336,4,340,725,,,,,,,,,,,,,,,,,,,,,
11,GUANAJUATO,6,LEON,20,LEON,1623,B,132,32,3,16,3,11,82,0,1,1,284,5,289,632,,,,,,,,,,,,,,,,,,,,,
11,GUANAJUATO,6,LEON,20,LEON,1623,C01,106,13,2,10,0,12,75,1,2,3,227,9,236,632,,,,,,,,,,,,,,,,,,,,,
11,GUANAJUATO,6,LEON,20,LEON,1624,B,141,16,4,5,2,6,60,1,0,0,237,2,239,480,,,,,,,,,,,,,,,,,,,,,
11,GUANAJUATO,6,LEON,20,LEON,1624,C01,104,25,1,5,1,5,68,2,1,2,217,3,220,480,,,,,,,,,,,,,,,,,,,,,
11,GUANAJUATO,6,LEON,20,LEON,1625,B,85,9,3,3,3,6,69,0,3,2,183,1,184,566,,,,,,,,,,,,,,,,,,,,,
11,GUANAJUATO,6,LEON,20,LEON,1625,C01,93,14,2,5,0,5,56,0,0,1,177,3,180,566,,,,,,,,,,,,,,,,,,,,,
11,GUANAJUATO,6,LEON,20,LEON,1625,C02,101,8,1,3,3,6,65,0,0,2,195,3,199,565,,,,,,,,,,,,,,,,,,,,,
11,GUANAJUATO,6,LEON,20,LEON,1626,B,164,10,2,7,2,13,62,3,2,0,269,6,275,564,,,,,,,,,,,,,,,,,,,,,
11,GUANAJUATO,6,LEON,20,LEON,1626,C01,183,9,3,9,7,10,47,0,2,2,273,2,275,564,,,,,,,,,,,,,,,,,,,,,
11,GUANAJUATO,6,LEON,20,LEON,1626,C02,188,15,4,18,2,17,57,5,1,1,315,2,317,563,,,,,,,,,,,,,,,,,,,,,
11,GUANAJUATO,6,LEON,20,LEON,1626,C03,175,13,3,9,2,6,73,1,0,3,285,6,291,563,,,,,,,,,,,,,,,,,,,,,
11,GUANAJUATO,6,LEON,20,LEON,1627,B,118,23,2,5,3,1,49,8,0,0,212,4,216,612,,,,,,,,,,,,,,,,,,,,,
11,GUANAJUATO,6,LEON,20,LEON,1627,C01,107,18,0,8,1,7,47,1,1,2,196,7,203,612,,,,,,,,,,,,,,,,,,,,,
11,GUANAJUATO,6,LEON,20,LEON,1627,C02,119,19,0,5,3,11,56,1,2,1,222,4,226,612,,,,,,,,,,,,,,,,,,,,,
11,GUANAJUATO,6,LEON,20,LEON,1627,C03,138,17,1,6,0,6,49,4,2,1,225,4,229,612,,,,,,,,,,,,,,,,,,,,,
11,GUANAJUATO,6,LEON,20,LEON,1627,C04,137,23,2,1,2,9,60,1,0,5,242,3,245,611,,,,,,,,,,,,,,,,,,,,,
11,GUANAJUATO,6,LEON,20,LEON,1628,B,110,19,1,11,3,12,58,0,2,0,218,4,222,509,,,,,,,,,,,,,,,,,,,,,
11,GUANAJUATO,6,LEON,20,LEON,1628,C01,93,14,2,4,2,7,82,0,0,1,207,3,210,508,,,,,,,,,,,,,,,,,,,,,
11,GUANAJUATO,6,LEON,20,LEON,1629,B,125,27,2,5,1,10,78,1,3,6,259,8,267,685,,,,,,,,,,,,,,,,,,,,,
11,GUANAJUATO,6,LEON,20,LEON,1629,C01,120,25,6,6,0,13,72,3,0,3,248,3,251,685,,,,,,,,,,,,,,,,,,,,,
11,GUANAJUATO,6,LEON,20,LEON,1629,C02,120,12,1,7,2,14,91,3,0,1,254,2,256,684,,,,,,,,,,,,,,,,,,,,,
11,GUANAJUATO,6,LEON,20,LEON,1636,B,117,14,3,6,1,9,55,1,0,1,211,4,215,539,,,,,,,,,,,,,,,,,,,,,
11,GUANAJUATO,6,LEON,20,LEON,1636,C01,106,9,1,12,2,5,55,1,2,0,193,0,193,539,,,,,,,,,,,,,,,,,,,,,
11,GUANAJUATO,6,LEON,20,LEON,1637,B,127,12,1,1,3,8,84,0,2,2,243,7,250,629,,,,,,,,,,,,,,,,,,,,,
11,GUANAJUATO,6,LEON,20,LEON,1637,C01,100,13,1,3,0,7,95,1,2,1,225,6,231,629,,,,,,,,,,,,,,,,,,,,,
11,GUANAJUATO,6,LEON,20,LEON,1638,B,86,22,3,4,1,11,95,1,2,3,230,3,233,536,,,,,,,,,,,,,,,,,,,,,
11,GUANAJUATO,6,LEON,20,LEON,1638,C01,65,28,1,5,1,9,81,0,0,0,194,4,198,536,,,,,,,,,,,,,,,,,,,,,
11,GUANAJUATO,6,LEON,20,LEON,1639,B,129,25,1,13,3,8,105,1,3,1,292,5,297,694,,,,,,,,,,,,,,,,,,,,,
11,GUANAJUATO,6,LEON,20,LEON,1639,C01,145,25,4,6,3,5,77,0,1,6,276,11,287,694,,,,,,,,,,,,,,,,,,,,,
11,GUANAJUATO,6,LEON,20,LEON,1640,B,63,9,0,3,3,6,53,10,2,2,161,4,165,639,,,,,,,,,,,,,,,,,,,,,
11,GUANAJUATO,6,LEON,20,LEON,1640,C01,71,7,4,4,4,2,59,2,0,3,158,3,161,639,,,,,,,,,,,,,,,,,,,,,
11,GUANAJUATO,6,LEON,20,LEON,1644,B,120,13,6,14,2,8,68,1,3,1,239,4,243,697,,,,,,,,,,,,,,,,,,,,,
11,GUANAJUATO,6,LEON,20,LEON,1644,C01,105,14,1,13,2,12,55,1,2,2,211,2,213,697,,,,,,,,,,,,,,,,,,,,,
11,GUANAJUATO,6,LEON,20,LEON,1644,C02,110,11,1,12,3,11,84,2,1,2,244,4,248,697,,,,,,,,,,,,,,,,,,,,,
11,GUANAJUATO,6,LEON,20,LEON,1644,C03,120,16,3,13,1,4,64,2,3,0,230,6,236,697,,,,,,,,,,,,,,,,,,,,,
11,GUANAJUATO,6,LEON,20,LEON,1644,C04,126,20,0,16,4,5,74,0,1,1,251,2,253,697,,,,,,,,,,,,,,,,,,,,,
11,GUANAJUATO,6,LEON,20,LEON,1644,C05,115,10,0,7,2,5,54,3,0,3,202,5,207,696,,,,,,,,,,,,,,,,,,,,,
11,GUANAJUATO,6,LEON,20,LEON,1644,C06,119,12,2,13,1,11,62,1,2,1,225,3,228,696,,,,,,,,,,,,,,,,,,,,,
11,GUANAJUATO,6,LEON,20,LEON,1644,C07,124,18,2,13,2,6,64,2,1,2,234,2,236,696,,,,,,,,,,,,,,,,,,,,,
11,GUANAJUATO,6,LEON,20,LEON,1644,C08,92,18,2,7,0,6,83,3,0,0,217,8,225,696,,,,,,,,,,,,,,,,,,,,,
11,GUANAJUATO,6,LEON,20,LEON,1644,C09,101,12,1,14,3,9,65,2,3,0,213,4,218,696,,,,,,,,,,,,,,,,,,,,,
11,GUANAJUATO,6,LEON,20,LEON,1645,B,112,13,4,6,0,8,65,2,1,3,214,2,216,711,,,,,,,,,,,,,,,,,,,,,
11,GUANAJUATO,6,LEON,20,LEON,1645,C01,133,27,4,4,1,6,54,0,1,1,233,7,240,711,,,,,,,,,,,,,,,,,,,,,
11,GUANAJUATO,6,LEON,20,LEON,1645,C02,108,19,1,10,4,8,70,2,0,1,227,5,232,711,,,,,,,,,,,,,,,,,,,,,
11,GUANAJUATO,6,LEON,20,LEON,1645,C03,130,14,1,9,2,0,74,2,1,1,238,3,241,710,,,,,,,,,,,,,,,,,,,,,
11,GUANAJUATO,6,LEON,20,LEON,1645,C04,129,11,3,9,3,4,55,5,0,0,221,5,226,710,,,,,,,,,,,,,,,,,,,,,
11,GUANAJUATO,6,LEON,20,LEON,1646,B,93,14,1,7,2,13,55,1,3,3,194,0,194,631,,,,,,,,,,,,,,,,,,,,,
11,GUANAJUATO,6,LEON,20,LEON,1646,C01,93,18,1,7,2,6,66,2,1,3,200,2,202,631,,,,,,,,,,,,,,,,,,,,,
11,GUANAJUATO,6,LEON,20,LEON,1646,C02,89,17,2,7,4,7,68,4,0,2,202,3,207,631,,,,,,,,,,,,,,,,,,,,,
11,GUANAJUATO,6,LEON,20,LEON,1646,C03,112,14,3,7,5,6,53,3,1,1,207,8,215,631,,,,,,,,,,,,,,,,,,,,,
11,GUANAJUATO,6,LEON,20,LEON,1646,C04,102,13,5,3,3,7,67,5,1,2,210,7,218,631,,,,,,,,,,,,,,,,,,,,,
11,GUANAJUATO,6,LEON,20,LEON,1646,C05,107,17,1,1,2,5,61,2,0,0,198,5,203,630,,,,,,,,,,,,,,,,,,,,,
11,GUANAJUATO,6,LEON,20,LEON,1648,B,147,23,2,6,3,6,64,0,2,0,255,5,260,729,,,,,,,,,,,,,,,,,,,,,
11,GUANAJUATO,6,LEON,20,LEON,1649,B,112,26,3,5,4,8,54,3,1,4,224,6,230,574,,,,,,,,,,,,,,,,,,,,,
11,GUANAJUATO,6,LEON,20,LEON,1649,C01,85,28,2,3,2,4,57,1,1,3,189,3,192,574,,,,,,,,,,,,,,,,,,,,,
11,GUANAJUATO,6,LEON,20,LEON,1649,C02,90,37,2,5,0,2,45,0,7,2,191,7,198,574,,,,,,,,,,,,,,,,,,,,,
11,GUANAJUATO,6,LEON,20,LEON,1649,C03,113,31,1,8,1,7,58,2,0,6,229,2,231,573,,,,,,,,,,,,,,,,,,,,,
11,GUANAJUATO,6,LEON,20,LEON,1650,B,125,32,2,4,2,5,81,0,3,2,258,5,263,663,,,,,,,,,,,,,,,,,,,,,
11,GUANAJUATO,6,LEON,20,LEON,1650,C01,95,35,1,9,3,8,80,1,2,2,240,1,241,662,,,,,,,,,,,,,,,,,,,,,
11,GUANAJUATO,6,LEON,20,LEON,1650,C02,98,44,1,12,0,6,60,1,1,11,236,5,241,662,,,,,,,,,,,,,,,,,,,,,
11,GUANAJUATO,6,LEON,20,LEON,1651,B,129,20,3,9,3,2,48,1,1,2,219,7,226,719,,,,,,,,,,,,,,,,,,,,,
11,GUANAJUATO,6,LEON,20,LEON,1651,C01,127,16,1,3,2,8,44,2,0,0,204,3,207,719,,,,,,,,,,,,,,,,,,,,,
11,GUANAJUATO,6,LEON,20,LEON,1651,C02,150,24,1,4,0,3,49,2,2,1,236,8,244,718,,,,,,,,,,,,,,,,,,,,,
11,GUANAJUATO,6,LEON,20,LEON,1651,C03,125,17,0,5,2,4,65,0,2,1,224,2,226,718,,,,,,,,,,,,,,,,,,,,,
11,GUANAJUATO,6,LEON,20,LEON,1652,B,84,40,1,9,1,4,38,3,1,1,183,11,194,660,,,,,,,,,,,,,,,,,,,,,
11,GUANAJUATO,6,LEON,20,LEON,1652,C01,99,40,0,9,0,2,46,1,1,0,198,10,208,660,,,,,,,,,,,,,,,,,,,,,
11,GUANAJUATO,6,LEON,20,LEON,1652,C02,88,20,1,8,0,4,24,2,4,0,151,7,158,660,,,,,,,,,,,,,,,,,,,,,
11,GUANAJUATO,6,LEON,20,LEON,1652,C03,76,15,0,10,2,7,59,1,2,0,172,4,176,660,,,,,,,,,,,,,,,,,,,,,
11,GUANAJUATO,6,LEON,20,LEON,1652,C04,51,52,1,3,0,2,46,0,0,0,156,4,160,660,,,,,,,,,,,,,,,,,,,,,
11,GUANAJUATO,6,LEON,20,LEON,1652,C05,116,21,4,7,1,7,0,4,2,1,163,8,171,660,,,,,,,,,,,,,,,,,,,,,
11,GUANAJUATO,6,LEON,20,LEON,1652,C06,77,32,1,0,2,3,34,2,3,1,157,9,166,660,,,,,,,,,,,,,,,,,,,,,
11,GUANAJUATO,6,LEON,20,LEON,1652,C07,81,21,0,4,3,5,48,0,0,0,162,5,168,659,,,,,,,,,,,,,,,,,,,,,
11,GUANAJUATO,6,LEON,20,LEON,1653,B,202,7,3,4,2,13,54,3,0,1,292,11,303,688,,,,,,,,,,,,,,,,,,,,,
11,GUANAJUATO,6,LEON,20,LEON,1653,C01,217,11,1,5,0,20,36,1,0,1,296,1,297,688,,,,,,,,,,,,,,,,,,,,,
11,GUANAJUATO,6,LEON,20,LEON,1653,C02,208,15,9,3,1,15,48,0,0,0,300,4,304,688,,,,,,,,,,,,,,,,,,,,,
11,GUANAJUATO,6,LEON,20,LEON,1653,C03,216,17,4,8,1,7,45,1,0,2,301,3,304,688,,,,,,,,,,,,,,,,,,,,,
11,GUANAJUATO,6,LEON,20,LEON,1653,C04,238,14,3,11,3,8,31,0,1,0,309,4,313,688,,,,,,,,,,,,,,,,,,,,,
11,GUANAJUATO,6,LEON,20,LEON,1653,C05,196,14,3,3,0,10,50,2,1,0,281,4,285,687,,,,,,,,,,,,,,,,,,,,,
11,GUANAJUATO,6,LEON,20,LEON,1653,C06,226,7,2,7,0,12,45,3,1,2,306,7,313,687,,,,,,,,,,,,,,,,,,,,,
11,GUANAJUATO,6,LEON,20,LEON,1655,B,147,39,1,2,0,10,70,2,0,4,284,1,285,710,,,,,,,,,,,,,,,,,,,,,
11,GUANAJUATO,6,LEON,20,LEON,1655,C01,159,29,5,0,1,11,56,2,3,3,276,5,281,710,,,,,,,,,,,,,,,,,,,,,
11,GUANAJUATO,6,LEON,20,LEON,1655,C02,139,16,2,4,0,3,62,1,1,0,240,7,247,709,,,,,,,,,,,,,,,,,,,,,
11,GUANAJUATO,6,LEON,20,LEON,1656,B,134,29,3,3,1,3,38,0,0,1,214,4,218,533,,,,,,,,,,,,,,,,,,,,,
11,GUANAJUATO,6,LEON,20,LEON,1656,C01,118,29,2,1,0,4,40,0,0,0,195,7,202,532,,,,,,,,,,,,,,,,,,,,,
11,GUANAJUATO,6,LEON,20,LEON,1657,B,119,37,3,8,2,2,40,2,0,1,215,5,220,561,,,,,,,,,,,,,,,,,,,,,
11,GUANAJUATO,6,LEON,20,LEON,1657,C01,112,26,1,3,2,1,37,1,0,2,186,4,190,560,,,,,,,,,,,,,,,,,,,,,
11,GUANAJUATO,6,LEON,20,LEON,1657,C02,134,20,0,7,3,4,30,2,2,0,203,6,209,560,,,,,,,,,,,,,,,,,,,,,
11,GUANAJUATO,6,LEON,20,LEON,1658,B,94,22,1,8,1,5,73,0,3,4,216,6,222,695,,,,,,,,,,,,,,,,,,,,,
11,GUANAJUATO,6,LEON,20,LEON,1658,C01,134,35,5,5,2,5,64,4,1,1,257,8,265,695,,,,,,,,,,,,,,,,,,,,,
11,GUANAJUATO,6,LEON,20,LEON,1658,C02,109,17,3,6,0,3,58,1,3,2,205,4,209,695,,,,,,,,,,,,,,,,,,,,,
11,GUANAJUATO,6,LEON,20,LEON,1658,C03,116,13,0,6,3,7,67,2,3,0,220,4,224,695,,,,,,,,,,,,,,,,,,,,,
11,GUANAJUATO,6,LEON,20,LEON,1658,C04,100,32,0,1,2,3,76,1,5,2,222,0,222,694,,,,,,,,,,,,,,,,,,,,,
11,GUANAJUATO,6,LEON,20,LEON,1658,C05,118,18,2,8,0,2,72,1,4,2,228,2,230,694,,,,,,,,,,,,,,,,,,,,,
11,GUANAJUATO,6,LEON,20,LEON,1658,C06,127,25,1,6,2,4,46,2,0,1,214,5,219,694,,,,,,,,,,,,,,,,,,,,,
11,GUANAJUATO,6,LEON,20,LEON,1658,C07,117,25,0,7,4,7,69,0,2,1,235,4,239,694,,,,,,,,,,,,,,,,,,,,,
11,GUANAJUATO,6,LEON,20,LEON,1659,B,89,22,2,3,2,4,39,1,0,1,163,1,164,528,,,,,,,,,,,,,,,,,,,,,
11,GUANAJUATO,6,LEON,20,LEON,1659,C01,103,12,2,2,1,2,64,1,0,2,189,11,200,528,,,,,,,,,,,,,,,,,,,,,
11,GUANAJUATO,6,LEON,20,LEON,1659,C02,121,24,4,2,2,7,32,0,2,0,196,4,200,527,,,,,,,,,,,,,,,,,,,,,
11,GUANAJUATO,6,LEON,20,LEON,1662,B,123,21,12,8,1,1,24,1,4,1,197,9,206,650,,,,,,,,,,,,,,,,,,,,,
11,GUANAJUATO,6,LEON,20,LEON,1662,C01,121,34,5,5,1,4,43,2,2,2,220,4,225,649,,,,,,,,,,,,,,,,,,,,,
11,GUANAJUATO,6,LEON,20,LEON,1662,C02,127,44,9,5,2,2,32,0,2,1,226,4,230,649,,,,,,,,,,,,,,,,,,,,,
11,GUANAJUATO,6,LEON,20,LEON,1662,C03,118,21,7,5,0,6,44,1,2,1,207,5,212,649,,,,,,,,,,,,,,,,,,,,,
11,GUANAJUATO,6,LEON,20,LEON,1663,B,181,32,0,8,0,6,47,2,0,0,277,13,290,706,,,,,,,,,,,,,,,,,,,,,
11,GUANAJUATO,6,LEON,20,LEON,1663,C01,209,13,2,4,3,2,42,0,1,0,276,12,288,705,,,,,,,,,,,,,,,,,,,,,
11,GUANAJUATO,6,LEON,20,LEON,1663,C02,183,36,2,8,0,3,61,0,2,2,297,6,303,705,,,,,,,,,,,,,,,,,,,,,
11,GUANAJUATO,6,LEON,20,LEON,1664,B,118,24,76,7,1,5,30,0,0,1,264,6,271,714,,,,,,,,,,,,,,,,,,,,,
11,GUANAJUATO,6,LEON,20,LEON,1664,C01,145,21,80,5,0,3,26,3,2,1,287,6,293,714,,,,,,,,,,,,,,,,,,,,,
11,GUANAJUATO,6,LEON,20,LEON,1664,C02,138,22,74,2,1,1,47,0,1,2,288,8,296,714,,,,,,,,,,,,,,,,,,,,,
11,GUANAJUATO,6,LEON,20,LEON,1664,C03,100,20,59,2,2,4,28,1,0,1,219,4,223,714,,,,,,,,,,,,,,,,,,,,,
11,GUANAJUATO,6,LEON,20,LEON,1665,B,112,10,1,3,0,6,39,2,0,1,175,3,178,635,,,,,,,,,,,,,,,,,,,,,
11,GUANAJUATO,6,LEON,20,LEON,1665,C01,99,21,1,2,0,4,41,1,1,1,175,4,179,635,,,,,,,,,,,,,,,,,,,,,
11,GUANAJUATO,6,LEON,20,LEON,1665,C02,86,34,3,3,2,2,35,2,1,0,168,3,171,634,,,,,,,,,,,,,,,,,,,,,
11,GUANAJUATO,6,LEON,20,LEON,1665,C03,113,22,3,1,1,2,55,3,0,0,202,5,207,634,,,,,,,,,,,,,,,,,,,,,
11,GUANAJUATO,6,LEON,20,LEON,1665,C04,128,17,2,4,2,6,38,3,1,0,204,2,206,634,,,,,,,,,,,,,,,,,,,,,
11,GUANAJUATO,6,LEON,20,LEON,1666,B,203,24,1,9,0,6,82,1,1,1,329,5,334,709,,,,,,,,,,,,,,,,,,,,,
11,GUANAJUATO,6,LEON,20,LEON,1667,B,150,41,3,4,0,2,91,0,1,0,292,4,296,718,,,,,,,,,,,,,,,,,,,,,
11,GUANAJUATO,6,LEON,20,LEON,1667,C01,136,41,3,4,1,7,116,0,0,0,313,4,317,718,,,,,,,,,,,,,,,,,,,,,
11,GUANAJUATO,6,LEON,20,LEON,1667,C02,171,29,2,2,0,4,92,4,3,2,312,4,316,718,,,,,,,,,,,,,,,,,,,,,
11,GUANAJUATO,6,LEON,20,LEON,1667,C03,174,37,3,3,3,2,65,2,2,0,294,7,305,717,,,,,,,,,,,,,,,,,,,,,
11,GUANAJUATO,6,LEON,20,LEON,1668,B,112,19,1,7,0,3,48,1,0,1,195,3,198,616,,,,,,,,,,,,,,,,,,,,,
11,GUANAJUATO,6,LEON,20,LEON,1668,C01,92,19,7,7,4,1,60,2,2,0,198,3,201,616,,,,,,,,,,,,,,,,,,,,,
11,GUANAJUATO,6,LEON,20,LEON,1668,C02,90,24,4,11,0,2,66,2,0,0,201,1,202,616,,,,,,,,,,,,,,,,,,,,,
11,GUANAJUATO,6,LEON,20,LEON,1669,B,86,14,9,8,3,10,47,1,2,1,186,0,186,702,,,,,,,,,,,,,,,,,,,,,
11,GUANAJUATO,6,LEON,20,LEON,1669,C01,116,10,5,1,1,6,52,4,0,1,197,5,202,701,,,,,,,,,,,,,,,,,,,,,
11,GUANAJUATO,6,LEON,20,LEON,1669,C02,100,18,2,6,0,6,51,1,0,0,185,6,191,701,,,,,,,,,,,,,,,,,,,,,
11,GUANAJUATO,6,LEON,20,LEON,1670,B,105,15,0,5,4,6,88,5,1,6,237,3,240,701,,,,,,,,,,,,,,,,,,,,,
11,GUANAJUATO,6,LEON,20,LEON,1670,C01,97,25,1,5,1,5,90,2,3,1,231,7,238,700,,,,,,,,,,,,,,,,,,,,,
11,GUANAJUATO,6,LEON,20,LEON,1671,B,111,13,2,2,2,3,58,4,1,1,198,7,205,644,,,,,,,,,,,,,,,,,,,,,
11,GUANAJUATO,6,LEON,20,LEON,1671,C01,83,28,0,4,1,5,75,3,1,0,201,8,209,643,,,,,,,,,,,,,,,,,,,,,
11,GUANAJUATO,6,LEON,20,LEON,1672,B,150,18,2,4,3,5,50,3,2,3,245,5,250,637,,,,,,,,,,,,,,,,,,,,,
11,GUANAJUATO,6,LEON,20,LEON,1672,C01,135,18,3,13,3,9,77,2,3,2,267,5,272,636,,,,,,,,,,,,,,,,,,,,,
11,GUANAJUATO,6,LEON,20,LEON,1672,C02,140,21,1,8,3,7,81,2,0,1,266,5,271,636,,,,,,,,,,,,,,,,,,,,,
11,GUANAJUATO,6,LEON,20,LEON,1673,B,119,18,0,12,0,3,55,0,3,0,211,1,213,460,,,,,,,,,,,,,,,,,,,,,
11,GUANAJUATO,6,LEON,20,LEON,1673,C01,112,18,0,3,1,3,49,0,1,2,191,10,201,459,,,,,,,,,,,,,,,,,,,,,
11,GUANAJUATO,6,LEON,20,LEON,1816,B,257,14,8,2,0,8,25,1,0,2,318,1,319,438,,,,,,,,,,,,,,,,,,,,,
11,GUANAJUATO,6,LEON,20,LEON,1816,C01,272,16,4,5,1,10,26,0,0,0,335,5,340,438,,,,,,,,,,,,,,,,,,,,,
11,GUANAJUATO,6,LEON,20,LEON,1817,B,207,16,0,6,0,6,46,1,2,0,285,6,291,526,,,,,,,,,,,,,,,,,,,,,
11,GUANAJUATO,6,LEON,20,LEON,1817,C01,186,20,1,5,1,9,48,1,1,1,276,10,286,525,,,,,,,,,,,,,,,,,,,,,
11,GUANAJUATO,6,LEON,20,LEON,1825,B,150,10,1,5,1,15,40,2,0,2,232,6,239,420,,,,,,,,,,,,,,,,,,,,,
11,GUANAJUATO,6,LEON,20,LEON,1825,C01,106,28,2,8,0,7,55,1,1,2,212,4,216,420,,,,,,,,,,,,,,,,,,,,,
11,GUANAJUATO,6,LEON,20,LEON,1826,B,231,22,3,4,4,11,58,1,1,1,337,4,341,616,,,,,,,,,,,,,,,,,,,,,
11,GUANAJUATO,6,LEON,20,LEON,1826,C01,242,15,5,8,2,7,73,4,1,2,359,1,360,616,,,,,,,,,,,,,,,,,,,,,
11,GUANAJUATO,6,LEON,20,LEON,1829,B,230,18,12,1,0,5,43,0,0,1,312,5,318,501,,,,,,,,,,,,,,,,,,,,,
11,GUANAJUATO,6,LEON,20,LEON,1829,C01,207,26,2,8,0,8,45,0,0,1,298,6,304,501,,,,,,,,,,,,,,,,,,,,,
11,GUANAJUATO,6,LEON,20,LEON,1830,B,123,16,2,7,3,8,67,2,0,1,230,3,233,418,,,,,,,,,,,,,,,,,,,,,
11,GUANAJUATO,6,LEON,20,LEON,1830,C01,125,17,1,8,2,7,50,2,1,1,216,5,221,417,,,,,,,,,,,,,,,,,,,,,
11,GUANAJUATO,6,LEON,20,LEON,1831,B,188,26,1,3,1,7,45,3,4,2,289,12,301,503,,,,,,,,,,,,,,,,,,,,,
11,GUANAJUATO,6,LEON,20,LEON,1831,C01,183,21,2,12,6,7,61,3,2,1,307,5,312,503,,,,,,,,,,,,,,,,,,,,,
11,GUANAJUATO,6,LEON,20,LEON,1837,B,170,25,2,6,3,8,59,2,0,2,279,9,288,566,,,,,,,,,,,,,,,,,,,,,
11,GUANAJUATO,6,LEON,20,LEON,1837,C01,213,26,2,5,4,9,54,1,6,5,326,5,331,566,,,,,,,,,,,,,,,,,,,,,
11,GUANAJUATO,6,LEON,20,LEON,1842,B,155,14,4,6,0,9,104,2,1,3,303,8,311,666,,,,,,,,,,,,,,,,,,,,,
11,GUANAJUATO,6,LEON,20,LEON,1842,C01,156,17,4,13,1,15,79,1,1,3,291,0,291,666,,,,,,,,,,,,,,,,,,,,,
11,GUANAJUATO,6,LEON,20,LEON,1843,B,175,24,2,5,3,5,85,1,0,0,301,8,309,669,,,,,,,,,,,,,,,,,,,,,
11,GUANAJUATO,6,LEON,20,LEON,1844,B,223,32,2,12,7,10,107,0,1,3,400,6,406,748,,,,,,,,,,,,,,,,,,,,,
11,GUANAJUATO,6,LEON,20,LEON,1845,B,177,17,0,1,0,5,51,3,0,1,257,5,262,489,,,,,,,,,,,,,,,,,,,,,
11,GUANAJUATO,6,LEON,20,LEON,1845,C01,152,21,3,1,2,7,47,0,0,0,238,7,245,488,,,,,,,,,,,,,,,,,,,,,
11,GUANAJUATO,6,LEON,20,LEON,1848,B,119,13,7,9,1,2,81,1,1,1,239,4,243,510,,,,,,,,,,,,,,,,,,,,,
11,GUANAJUATO,6,LEON,20,LEON,1848,C01,121,16,4,14,1,11,69,1,1,1,241,4,245,510,,,,,,,,,,,,,,,,,,,,,
11,GUANAJUATO,6,LEON,20,LEON,1849,B,165,19,6,7,4,12,72,0,3,5,296,7,304,567,,,,,,,,,,,,,,,,,,,,,
11,GUANAJUATO,6,LEON,20,LEON,1849,C01,174,22,1,10,0,6,60,3,2,1,281,14,295,567,,,,,,,,,,,,,,,,,,,,,
11,GUANAJUATO,6,LEON,20,LEON,1851,B,140,20,1,5,0,10,59,2,1,1,241,9,250,586,,,,,,,,,,,,,,,,,,,,,
11,GUANAJUATO,6,LEON,20,LEON,1851,C01,147,16,0,17,0,5,70,1,3,6,266,5,271,586,,,,,,,,,,,,,,,,,,,,,
11,GUANAJUATO,6,LEON,20,LEON,1852,B,210,18,3,1,1,8,67,1,0,1,311,3,314,488,,,,,,,,,,,,,,,,,,,,,
11,GUANAJUATO,6,LEON,20,LEON,1852,C01,171,24,3,10,6,10,70,0,2,9,306,6,313,488,,,,,,,,,,,,,,,,,,,,,
11,GUANAJUATO,6,LEON,20,LEON,1853,B,172,17,0,7,4,4,54,0,1,7,267,6,273,527,,,,,,,,,,,,,,,,,,,,,
11,GUANAJUATO,6,LEON,20,LEON,1853,C01,161,8,0,7,2,6,65,3,1,10,263,4,267,526,,,,,,,,,,,,,,,,,,,,,
11,GUANAJUATO,6,LEON,20,LEON,1856,B,168,16,3,6,3,11,94,2,2,2,313,6,319,713,,,,,,,,,,,,,,,,,,,,,
11,GUANAJUATO,6,LEON,20,LEON,1856,C01,201,10,4,10,2,14,78,0,4,0,329,9,338,713,,,,,,,,,,,,,,,,,,,,,
11,GUANAJUATO,7,LEON,20,LEON,1318,B,118,14,2,5,1,7,67,0,0,1,219,2,221,383,,,,,,,,,,,,,,,,,,,,,
11,GUANAJUATO,7,LEON,20,LEON,1318,C01,110,17,1,7,1,12,73,0,0,1,224,3,227,382,,,,,,,,,,,,,,,,,,,,,
11,GUANAJUATO,7,LEON,20,LEON,1319,B,129,12,1,12,0,7,80,3,0,3,252,6,258,490,,,,,,,,,,,,,,,,,,,,,
11,GUANAJUATO,7,LEON,20,LEON,1319,C01,125,15,2,13,2,11,76,1,2,2,254,3,257,490,,,,,,,,,,,,,,,,,,,,,
11,GUANAJUATO,7,LEON,20,LEON,1320,B,141,14,1,8,1,6,48,0,1,2,223,2,225,505,,,,,,,,,,,,,,,,,,,,,
11,GUANAJUATO,7,LEON,20,LEON,1320,C01,125,10,1,15,3,3,60,2,0,1,220,4,224,505,,,,,,,,,,,,,,,,,,,,,
11,GUANAJUATO,7,LEON,20,LEON,1320,C02,126,13,0,14,2,9,47,1,1,0,216,5,222,504,,,,,,,,,,,,,,,,,,,,,
11,GUANAJUATO,7,LEON,20,LEON,1321,B,123,12,2,18,2,14,59,2,2,2,240,4,244,540,,,,,,,,,,,,,,,,,,,,,
11,GUANAJUATO,7,LEON,20,LEON,1321,C01,120,18,1,14,3,7,60,2,1,0,226,7,233,540,,,,,,,,,,,,,,,,,,,,,
11,GUANAJUATO,7,LEON,20,LEON,1323,B,131,19,3,14,4,11,66,0,1,2,252,8,260,673,,,,,,,,,,,,,,,,,,,,,
11,GUANAJUATO,7,LEON,20,LEON,1323,C01,110,28,1,11,3,10,72,2,1,3,242,10,252,673,,,,,,,,,,,,,,,,,,,,,
11,GUANAJUATO,7,LEON,20,LEON,1323,C02,133,17,3,10,6,5,57,2,0,2,235,7,242,673,,,,,,,,,,,,,,,,,,,,,
11,GUANAJUATO,7,LEON,20,LEON,1323,C03,139,22,1,13,4,16,55,3,2,1,257,8,265,673,,,,,,,,,,,,,,,,,,,,,
11,GUANAJUATO,7,LEON,20,LEON,1324,B,156,20,3,8,0,5,81,4,1,4,282,4,286,658,,,,,,,,,,,,,,,,,,,,,
11,GUANAJUATO,7,LEON,20,LEON,1324,C01,130,18,1,18,2,9,101,2,1,3,289,9,298,658,,,,,,,,,,,,,,,,,,,,,
11,GUANAJUATO,7,LEON,20,LEON,1325,B,109,12,4,8,4,7,77,2,0,0,226,2,228,574,,,,,,,,,,,,,,,,,,,,,
11,GUANAJUATO,7,LEON,20,LEON,1325,C01,129,18,1,6,1,3,53,2,3,2,221,3,224,573,,,,,,,,,,,,,,,,,,,,,
11,GUANAJUATO,7,LEON,20,LEON,1326,B,131,17,3,8,1,3,73,1,2,0,247,5,252,558,,,,,,,,,,,,,,,,,,,,,
11,GUANAJUATO,7,LEON,20,LEON,1326,C01,111,21,1,18,2,6,50,0,1,1,214,4,218,557,,,,,,,,,,,,,,,,,,,,,
11,GUANAJUATO,7,LEON,20,LEON,1330,B,199,17,5,8,3,12,92,3,2,1,344,8,352,697,,,,,,,,,,,,,,,,,,,,,
11,GUANAJUATO,7,LEON,20,LEON,1330,C01,207,16,2,15,3,14,60,4,0,3,327,7,334,696,,,,,,,,,,,,,,,,,,,,,
11,GUANAJUATO,7,LEON,20,LEON,1331,B,213,18,6,8,2,12,79,2,2,2,347,1,350,658,,,,,,,,,,,,,,,,,,,,,
11,GUANAJUATO,7,LEON,20,LEON,1331,C01,237,17,6,9,5,16,58,2,2,2,363,7,370,658,,,,,,,,,,,,,,,,,,,,,
11,GUANAJUATO,7,LEON,20,LEON,1332,B,162,21,2,16,1,7,56,1,0,2,270,6,276,639,,,,,,,,,,,,,,,,,,,,,
11,GUANAJUATO,7,LEON,20,LEON,1332,C01,186,18,2,13,4,16,58,3,0,2,305,11,316,639,,,,,,,,,,,,,,,,,,,,,
11,GUANAJUATO,7,LEON,20,LEON,1333,B,129,14,1,8,2,11,70,0,1,1,237,9,246,606,,,,,,,,,,,,,,,,,,,,,
11,GUANAJUATO,7,LEON,20,LEON,1333,C01,108,23,0,3,0,16,59,2,0,3,216,8,224,606,,,,,,,,,,,,,,,,,,,,,
11,GUANAJUATO,7,LEON,20,LEON,1333,C02,130,24,2,8,1,2,56,3,0,0,233,3,237,605,,,,,,,,,,,,,,,,,,,,,
11,GUANAJUATO,7,LEON,20,LEON,1334,B,104,19,0,5,2,2,77,2,1,4,219,4,223,610,,,,,,,,,,,,,,,,,,,,,
11,GUANAJUATO,7,LEON,20,LEON,1334,C01,120,15,0,7,0,7,51,1,1,2,204,7,211,609,,,,,,,,,,,,,,,,,,,,,
11,GUANAJUATO,7,LEON,20,LEON,1334,C02,127,10,0,15,0,9,67,3,0,0,231,4,236,609,,,,,,,,,,,,,,,,,,,,,
11,GUANAJUATO,7,LEON,20,LEON,1335,B,107,14,3,13,0,6,64,3,2,3,217,7,224,573,,,,,,,,,,,,,,,,,,,,,
11,GUANAJUATO,7,LEON,20,LEON,1335,C01,105,15,1,3,5,7,64,2,1,1,208,4,212,573,,,,,,,,,,,,,,,,,,,,,
11,GUANAJUATO,7,LEON,20,LEON,1335,C02,104,19,0,13,1,7,61,2,2,3,212,3,215,573,,,,,,,,,,,,,,,,,,,,,
11,GUANAJUATO,7,LEON,20,LEON,1336,B,117,21,1,6,1,8,66,1,0,1,222,9,231,586,,,,,,,,,,,,,,,,,,,,,
11,GUANAJUATO,7,LEON,20,LEON,1336,C01,107,26,3,3,3,3,59,3,6,1,215,8,223,585,,,,,,,,,,,,,,,,,,,,,
11,GUANAJUATO,7,LEON,20,LEON,1337,B,246,10,7,7,1,9,50,4,0,0,341,2,343,680,,,,,,,,,,,,,,,,,,,,,
11,GUANAJUATO,7,LEON,20,LEON,1337,C01,270,19,3,9,4,17,50,0,0,0,375,3,378,680,,,,,,,,,,,,,,,,,,,,,
11,GUANAJUATO,7,LEON,20,LEON,1337,C02,265,23,1,3,3,20,52,4,1,2,375,8,383,680,,,,,,,,,,,,,,,,,,,,,
11,GUANAJUATO,7,LEON,20,LEON,1337,C03,239,24,1,13,3,18,65,1,0,1,368,8,376,680,,,,,,,,,,,,,,,,,,,,,
11,GUANAJUATO,7,LEON,20,LEON,1337,C04,250,19,3,9,2,20,46,0,1,2,355,6,361,680,,,,,,,,,,,,,,,,,,,,,
11,GUANAJUATO,7,LEON,20,LEON,1338,B,130,15,0,5,1,10,47,0,0,0,208,4,212,400,,,,,,,,,,,,,,,,,,,,,
11,GUANAJUATO,7,LEON,20,LEON,1338,C01,120,7,3,7,1,7,42,3,0,3,194,7,201,399,,,,,,,,,,,,,,,,,,,,,
11,GUANAJUATO,7,LEON,20,LEON,1339,B,124,14,0,9,2,6,82,1,1,2,244,4,248,540,,,,,,,,,,,,,,,,,,,,,
11,GUANAJUATO,7,LEON,20,LEON,1339,C01,146,19,3,6,1,8,59,3,1,1,250,5,255,539,,,,,,,,,,,,,,,,,,,,,
11,GUANAJUATO,7,LEON,20,LEON,1340,B,152,22,5,10,1,5,73,7,1,1,282,10,292,607,,,,,,,,,,,,,,,,,,,,,
11,GUANAJUATO,7,LEON,20,LEON,1340,C01,166,20,2,6,1,13,66,5,1,1,282,6,288,607,,,,,,,,,,,,,,,,,,,,,
11,GUANAJUATO,7,LEON,20,LEON,1341,B,178,15,1,6,2,2,67,1,2,4,283,9,294,597,,,,,,,,,,,,,,,,,,,,,
11,GUANAJUATO,7,LEON,20,LEON,1341,C01,193,13,1,9,2,18,68,6,3,5,323,10,335,597,,,,,,,,,,,,,,,,,,,,,
11,GUANAJUATO,7,LEON,20,LEON,1342,B,211,18,2,4,2,4,71,5,2,5,325,6,332,630,,,,,,,,,,,,,,,,,,,,,
11,GUANAJUATO,7,LEON,20,LEON,1342,C01,200,12,4,9,0,7,66,2,2,2,306,11,317,629,,,,,,,,,,,,,,,,,,,,,
11,GUANAJUATO,7,LEON,20,LEON,1344,B,164,30,2,17,3,6,53,1,4,3,284,5,289,584,,,,,,,,,,,,,,,,,,,,,
11,GUANAJUATO,7,LEON,20,LEON,1344,C01,167,31,3,19,2,8,58,3,1,0,299,6,305,584,,,,,,,,,,,,,,,,,,,,,
11,GUANAJUATO,7,LEON,20,LEON,1345,B,130,20,0,9,2,6,46,0,0,1,216,2,218,463,,,,,,,,,,,,,,,,,,,,,
11,GUANAJUATO,7,LEON,20,LEON,1345,C01,123,6,1,10,1,10,52,0,0,3,206,5,211,463,,,,,,,,,,,,,,,,,,,,,
11,GUANAJUATO,7,LEON,20,LEON,1346,B,119,17,0,6,1,11,77,1,0,2,234,4,239,498,,,,,,,,,,,,,,,,,,,,,
11,GUANAJUATO,7,LEON,20,LEON,1346,C01,121,18,3,11,4,11,63,0,2,1,234,10,245,497,,,,,,,,,,,,,,,,,,,,,
11,GUANAJUATO,7,LEON,20,LEON,1347,B,145,28,1,4,3,6,72,5,1,1,269,6,275,643,,,,,,,,,,,,,,,,,,,,,
11,GUANAJUATO,7,LEON,20,LEON,1347,C01,128,21,2,8,2,11,72,4,3,3,259,8,267,643,,,,,,,,,,,,,,,,,,,,,
11,GUANAJUATO,7,LEON,20,LEON,1348,B,126,48,0,9,4,5,98,0,1,0,295,12,307,687,,,,,,,,,,,,,,,,,,,,,
11,GUANAJUATO,7,LEON,20,LEON,1348,C01,130,18,0,11,3,9,97,2,1,3,278,8,286,687,,,,,,,,,,,,,,,,,,,,,
11,GUANAJUATO,7,LEON,20,LEON,1349,B,238,19,2,7,1,19,68,0,0,1,358,4,362,732,,,,,,,,,,,,,,,,,,,,,
11,GUANAJUATO,7,LEON,20,LEON,1349,C01,247,20,13,7,1,10,91,2,0,1,397,5,403,732,,,,,,,,,,,,,,,,,,,,,
11,GUANAJUATO,7,LEON,20,LEON,1349,C02,247,21,2,6,2,15,80,1,1,1,381,3,384,732,,,,,,,,,,,,,,,,,,,,,
11,GUANAJUATO,7,LEON,20,LEON,1349,C03,270,21,4,5,4,18,88,1,0,3,417,7,424,732,,,,,,,,,,,,,,,,,,,,,
11,GUANAJUATO,7,LEON,20,LEON,1349,C04,284,17,3,10,3,21,70,1,4,2,416,3,419,731,,,,,,,,,,,,,,,,,,,,,
11,GUANAJUATO,7,LEON,20,LEON,1349,C05,239,21,3,12,0,20,74,1,0,3,377,6,384,731,,,,,,,,,,,,,,,,,,,,,
11,GUANAJUATO,7,LEON,20,LEON,1350,B,147,22,1,9,2,12,74,2,0,0,269,4,273,538,,,,,,,,,,,,,,,,,,,,,
11,GUANAJUATO,7,LEON,20,LEON,1350,C01,156,29,3,6,0,8,95,1,1,2,301,6,307,538,,,,,,,,,,,,,,,,,,,,,
11,GUANAJUATO,7,LEON,20,LEON,1351,B,178,21,4,8,2,16,80,4,2,3,323,5,328,615,,,,,,,,,,,,,,,,,,,,,
11,GUANAJUATO,7,LEON,20,LEON,1351,C01,213,22,4,9,1,18,51,0,2,6,329,11,341,615,,,,,,,,,,,,,,,,,,,,,
11,GUANAJUATO,7,LEON,20,LEON,1352,B,217,17,4,13,2,10,100,2,1,1,374,2,377,674,,,,,,,,,,,,,,,,,,,,,
11,GUANAJUATO,7,LEON,20,LEON,1352,C01,207,9,5,8,4,7,86,4,1,4,337,5,342,673,,,,,,,,,,,,,,,,,,,,,
11,GUANAJUATO,7,LEON,20,LEON,1353,B,165,17,0,9,3,10,53,1,1,1,261,3,264,536,,,,,,,,,,,,,,,,,,,,,
11,GUANAJUATO,7,LEON,20,LEON,1353,C01,162,25,0,7,0,7,61,5,3,0,271,4,276,535,,,,,,,,,,,,,,,,,,,,,
11,GUANAJUATO,7,LEON,20,LEON,1354,B,185,13,3,4,1,5,64,1,2,1,280,5,285,562,,,,,,,,,,,,,,,,,,,,,
11,GUANAJUATO,7,LEON,20,LEON,1354,C01,161,17,1,5,5,10,56,2,0,2,263,7,270,561,,,,,,,,,,,,,,,,,,,,,
11,GUANAJUATO,7,LEON,20,LEON,1355,B,183,10,2,6,8,10,61,2,3,0,288,4,292,538,,,,,,,,,,,,,,,,,,,,,
11,GUANAJUATO,7,LEON,20,LEON,1355,C01,146,19,1,7,1,7,55,1,1,2,242,3,245,537,,,,,,,,,,,,,,,,,,,,,
11,GUANAJUATO,7,LEON,20,LEON,1356,B,220,14,2,9,0,13,73,4,2,4,344,9,353,643,,,,,,,,,,,,,,,,,,,,,
11,GUANAJUATO,7,LEON,20,LEON,1356,C01,229,17,3,8,2,9,88,2,0,3,368,6,374,643,,,,,,,,,,,,,,,,,,,,,
11,GUANAJUATO,7,LEON,20,LEON,1357,B,136,17,0,3,2,7,54,0,1,1,222,6,228,491,,,,,,,,,,,,,,,,,,,,,
11,GUANAJUATO,7,LEON,20,LEON,1357,C01,143,11,2,4,0,9,75,1,1,0,247,8,255,490,,,,,,,,,,,,,,,,,,,,,
11,GUANAJUATO,7,LEON,20,LEON,1358,B,126,14,0,4,3,5,65,2,1,2,224,3,228,443,,,,,,,,,,,,,,,,,,,,,
11,GUANAJUATO,7,LEON,20,LEON,1358,C01,141,9,2,7,0,8,53,2,0,4,230,7,237,443,,,,,,,,,,,,,,,,,,,,,
11,GUANAJUATO,7,LEON,20,LEON,1359,B,113,9,1,3,0,6,54,2,0,1,191,5,196,431,,,,,,,,,,,,,,,,,,,,,
11,GUANAJUATO,7,LEON,20,LEON,1359,C01,123,7,2,4,2,7,57,0,2,1,206,3,209,431,,,,,,,,,,,,,,,,,,,,,
11,GUANAJUATO,7,LEON,20,LEON,1360,B,136,15,0,12,1,13,74,1,0,2,255,0,255,533,,,,,,,,,,,,,,,,,,,,,
11,GUANAJUATO,7,LEON,20,LEON,1360,C01,142,24,2,6,0,5,79,0,1,1,266,2,268,533,,,,,,,,,,,,,,,,,,,,,
11,GUANAJUATO,7,LEON,20,LEON,1361,B,193,15,2,11,3,16,63,5,1,3,316,0,316,501,,,,,,,,,,,,,,,,,,,,,
11,GUANAJUATO,7,LEON,20,LEON,1361,C01,186,18,2,8,2,7,69,1,1,3,303,4,307,501,,,,,,,,,,,,,,,,,,,,,
11,GUANAJUATO,7,LEON,20,LEON,1362,B,158,15,3,9,1,5,77,2,2,3,275,7,283,601,,,,,,,,,,,,,,,,,,,,,
11,GUANAJUATO,7,LEON,20,LEON,1362,C01,168,12,1,16,0,2,79,1,2,0,287,5,292,601,,,,,,,,,,,,,,,,,,,,,
11,GUANAJUATO,7,LEON,20,LEON,1363,B,201,22,2,10,2,6,102,1,1,1,350,4,354,656,,,,,,,,,,,,,,,,,,,,,
11,GUANAJUATO,7,LEON,20,LEON,1363,C01,193,18,5,3,1,10,97,1,4,1,336,4,341,656,,,,,,,,,,,,,,,,,,,,,
11,GUANAJUATO,7,LEON,20,LEON,1364,B,116,21,1,10,1,8,56,1,1,0,222,3,227,527,,,,,,,,,,,,,,,,,,,,,
11,GUANAJUATO,7,LEON,20,LEON,1364,C01,81,23,0,10,3,9,52,3,3,0,185,2,187,527,,,,,,,,,,,,,,,,,,,,,
11,GUANAJUATO,7,LEON,20,LEON,1364,C02,100,15,0,11,3,5,53,3,1,2,195,8,203,526,,,,,,,,,,,,,,,,,,,,,
11,GUANAJUATO,7,LEON,20,LEON,1365,B,239,16,3,11,6,11,72,0,0,1,362,4,367,699,,,,,,,,,,,,,,,,,,,,,
11,GUANAJUATO,7,LEON,20,LEON,1365,C01,245,20,4,6,1,15,70,0,0,2,367,5,372,699,,,,,,,,,,,,,,,,,,,,,
11,GUANAJUATO,7,LEON,20,LEON,1365,C02,270,19,2,4,0,20,55,1,1,4,378,9,387,699,,,,,,,,,,,,,,,,,,,,,
11,GUANAJUATO,7,LEON,20,LEON,1365,C03,255,13,2,6,0,18,72,3,1,7,380,6,386,699,,,,,,,,,,,,,,,,,,,,,
11,GUANAJUATO,7,LEON,20,LEON,1365,C04,226,14,7,5,2,8,66,1,0,0,335,1,336,699,,,,,,,,,,,,,,,,,,,,,
11,GUANAJUATO,7,LEON,20,LEON,1365,C05,287,24,3,5,3,21,76,2,0,1,426,2,429,699,,,,,,,,,,,,,,,,,,,,,
11,GUANAJUATO,7,LEON,20,LEON,1365,C06,282,23,1,7,4,14,59,2,0,0,398,4,402,698,,,,,,,,,,,,,,,,,,,,,
11,GUANAJUATO,7,LEON,20,LEON,1365,C07,250,9,3,7,4,19,66,2,0,0,366,9,377,698,,,,,,,,,,,,,,,,,,,,,
11,GUANAJUATO,7,LEON,20,LEON,1365,C08,231,13,9,6,2,13,71,0,0,1,350,3,355,698,,,,,,,,,,,,,,,,,,,,,
11,GUANAJUATO,7,LEON,20,LEON,1366,B,140,7,1,4,3,4,60,1,1,4,228,4,232,523,,,,,,,,,,,,,,,,,,,,,
11,GUANAJUATO,7,LEON,20,LEON,1366,C01,122,17,4,8,2,11,60,1,0,1,228,3,231,522,,,,,,,,,,,,,,,,,,,,,
11,GUANAJUATO,7,LEON,20,LEON,1368,B,132,22,2,6,3,12,36,1,1,1,217,3,220,419,,,,,,,,,,,,,,,,,,,,,
11,GUANAJUATO,7,LEON,20,LEON,1368,C01,114,13,0,6,1,9,35,1,0,0,180,5,185,418,,,,,,,,,,,,,,,,,,,,,
11,GUANAJUATO,7,LEON,20,LEON,1369,B,183,31,8,7,3,15,74,2,3,1,328,12,340,746,,,,,,,,,,,,,,,,,,,,,
11,GUANAJUATO,7,LEON,20,LEON,1369,C01,177,32,2,7,1,14,68,2,1,2,309,1,310,746,,,,,,,,,,,,,,,,,,,,,
11,GUANAJUATO,7,LEON,20,LEON,1370,B,208,22,5,11,1,21,115,0,2,3,391,8,400,723,,,,,,,,,,,,,,,,,,,,,
11,GUANAJUATO,7,LEON,20,LEON,1370,C01,202,19,2,8,0,17,112,0,0,3,365,3,368,723,,,,,,,,,,,,,,,,,,,,,
11,GUANAJUATO,7,LEON,20,LEON,1371,B,138,9,0,6,2,4,50,0,0,2,214,5,219,406,,,,,,,,,,,,,,,,,,,,,
11,GUANAJUATO,7,LEON,20,LEON,1371,C01,122,7,1,14,2,5,41,0,0,0,194,4,199,405,,,,,,,,,,,,,,,,,,,,,
11,GUANAJUATO,7,LEON,20,LEON,1372,B,174,14,5,14,2,4,83,0,1,0,299,4,303,643,,,,,,,,,,,,,,,,,,,,,
11,GUANAJUATO,7,LEON,20,LEON,1372,C01,184,24,0,15,0,6,74,4,1,1,311,0,311,642,,,,,,,,,,,,,,,,,,,,,
11,GUANAJUATO,7,LEON,20,LEON,1373,B,213,33,0,19,0,12,72,2,1,1,354,8,363,723,,,,,,,,,,,,,,,,,,,,,
11,GUANAJUATO,7,LEON,20,LEON,1374,B,116,18,1,7,1,9,65,3,0,0,223,8,231,432,,,,,,,,,,,,,,,,,,,,,
11,GUANAJUATO,7,LEON,20,LEON,1374,C01,152,9,2,4,1,10,55,0,1,0,237,4,241,432,,,,,,,,,,,,,,,,,,,,,
11,GUANAJUATO,7,LEON,20,LEON,1375,B,177,22,2,4,0,5,99,0,1,0,312,11,323,637,,,,,,,,,,,,,,,,,,,,,
11,GUANAJUATO,7,LEON,20,LEON,1376,B,134,22,2,15,1,10,55,4,1,4,249,8,257,546,,,,,,,,,,,,,,,,,,,,,
11,GUANAJUATO,7,LEON,20,LEON,1377,B,195,32,3,10,0,10,91,2,0,3,347,7,354,660,,,,,,,,,,,,,,,,,,,,,
11,GUANAJUATO,7,LEON,20,LEON,1378,B,196,15,1,27,0,7,91,3,0,4,347,6,353,659,,,,,,,,,,,,,,,,,,,,,
11,GUANAJUATO,7,LEON,20,LEON,1379,B,116,12,3,6,0,3,45,0,5,0,191,2,195,411,,,,,,,,,,,,,,,,,,,,,
11,GUANAJUATO,7,LEON,20,LEON,1379,C01,105,9,1,5,0,3,53,0,2,0,183,3,186,410,,,,,,,,,,,,,,,,,,,,,
11,GUANAJUATO,7,LEON,20,LEON,1380,B,121,14,0,11,0,5,54,2,1,1,210,2,212,385,,,,,,,,,,,,,,,,,,,,,
11,GUANAJUATO,7,LEON,20,LEON,1381,B,98,19,4,16,1,5,85,0,1,0,230,6,236,485,,,,,,,,,,,,,,,,,,,,,
11,GUANAJUATO,7,LEON,20,LEON,1382,B,97,14,1,28,2,6,60,2,3,1,216,1,217,473,,,,,,,,,,,,,,,,,,,,,
11,GUANAJUATO,7,LEON,20,LEON,1382,C01,110,14,1,15,2,3,78,0,3,5,231,4,235,472,,,,,,,,,,,,,,,,,,,,,
11,GUANAJUATO,7,LEON,20,LEON,1383,B,194,16,4,17,4,5,60,1,0,1,306,5,312,555,,,,,,,,,,,,,,,,,,,,,
11,GUANAJUATO,7,LEON,20,LEON,1384,B,213,15,2,11,4,11,104,1,3,3,370,10,380,707,,,,,,,,,,,,,,,,,,,,,
11,GUANAJUATO,7,LEON,20,LEON,1385,B,212,17,2,11,3,10,99,0,1,2,364,7,371,691,,,,,,,,,,,,,,,,,,,,,
11,GUANAJUATO,7,LEON,20,LEON,1385,C01,234,16,4,6,1,15,79,1,1,2,366,4,370,691,,,,,,,,,,,,,,,,,,,,,
11,GUANAJUATO,7,LEON,20,LEON,1386,B,105,10,4,6,4,4,4,1,3,3,150,4,154,434,,,,,,,,,,,,,,,,,,,,,
11,GUANAJUATO,7,LEON,20,LEON,1386,C01,126,10,2,11,2,10,60,0,1,0,226,2,228,433,,,,,,,,,,,,,,,,,,,,,
11,GUANAJUATO,7,LEON,20,LEON,1387,B,127,21,5,5,2,10,59,4,1,1,235,4,239,519,,,,,,,,,,,,,,,,,,,,,
11,GUANAJUATO,7,LEON,20,LEON,1387,C01,153,17,1,3,0,11,60,0,2,2,251,3,255,518,,,,,,,,,,,,,,,,,,,,,
11,GUANAJUATO,7,LEON,20,LEON,1387,C02,154,13,4,3,0,15,70,2,2,5,270,6,277,518,,,,,,,,,,,,,,,,,,,,,
11,GUANAJUATO,7,LEON,20,LEON,1388,B,132,28,1,14,3,9,70,2,2,2,266,9,275,610,,,,,,,,,,,,,,,,,,,,,
11,GUANAJUATO,7,LEON,20,LEON,1388,C01,120,27,5,10,1,10,77,6,2,5,266,5,271,609,,,,,,,,,,,,,,,,,,,,,
11,GUANAJUATO,7,LEON,20,LEON,1389,B,149,16,2,16,2,11,76,2,1,2,280,1,281,599,,,,,,,,,,,,,,,,,,,,,
11,GUANAJUATO,7,LEON,20,LEON,1389,C01,153,13,2,14,2,8,57,1,3,1,254,5,259,599,,,,,,,,,,,,,,,,,,,,,
11,GUANAJUATO,7,LEON,20,LEON,1394,B,323,22,3,9,6,12,60,3,0,1,442,8,450,664,,,,,,,,,,,,,,,,,,,,,
11,GUANAJUATO,7,LEON,20,LEON,1394,C01,320,24,1,8,0,10,57,7,3,1,434,3,438,664,,,,,,,,,,,,,,,,,,,,,
11,GUANAJUATO,7,LEON,20,LEON,1395,B,150,27,3,11,2,10,81,5,3,2,295,5,300,670,,,,,,,,,,,,,,,,,,,,,
11,GUANAJUATO,7,LEON,20,LEON,1395,C01,177,24,2,6,3,10,74,10,0,2,312,4,316,670,,,,,,,,,,,,,,,,,,,,,
11,GUANAJUATO,7,LEON,20,LEON,1396,B,161,25,1,8,3,3,81,3,2,1,289,6,295,653,,,,,,,,,,,,,,,,,,,,,
11,GUANAJUATO,7,LEON,20,LEON,1396,C01,148,15,0,10,2,9,73,2,3,1,268,3,271,653,,,,,,,,,,,,,,,,,,,,,
11,GUANAJUATO,7,LEON,20,LEON,1396,C02,165,17,2,13,3,11,68,3,1,0,290,8,298,653,,,,,,,,,,,,,,,,,,,,,
11,GUANAJUATO,7,LEON,20,LEON,1397,B,165,13,3,9,0,8,70,2,5,3,280,11,291,622,,,,,,,,,,,,,,,,,,,,,
11,GUANAJUATO,7,LEON,20,LEON,1397,C01,164,14,1,8,2,5,73,2,2,1,274,3,277,621,,,,,,,,,,,,,,,,,,,,,
11,GUANAJUATO,7,LEON,20,LEON,1398,B,153,10,1,8,3,8,69,1,0,0,256,4,260,488,,,,,,,,,,,,,,,,,,,,,
11,GUANAJUATO,7,LEON,20,LEON,1398,C01,136,17,2,10,4,8,72,1,1,1,253,2,255,488,,,,,,,,,,,,,,,,,,,,,
11,GUANAJUATO,7,LEON,20,LEON,1399,B,176,12,3,7,1,7,40,0,1,1,251,4,255,395,,,,,,,,,,,,,,,,,,,,,
11,GUANAJUATO,7,LEON,20,LEON,1400,B,295,31,2,10,5,11,76,6,2,0,441,7,450,728,,,,,,,,,,,,,,,,,,,,,
11,GUANAJUATO,7,LEON,20,LEON,1401,B,217,19,3,4,0,5,38,1,0,0,288,9,297,471,,,,,,,,,,,,,,,,,,,,,
11,GUANAJUATO,7,LEON,20,LEON,1402,B,175,16,2,6,4,6,49,1,1,0,261,4,265,419,,,,,,,,,,,,,,,,,,,,,
11,GUANAJUATO,7,LEON,20,LEON,1403,B,105,11,0,14,3,2,70,1,1,2,211,2,213,438,,,,,,,,,,,,,,,,,,,,,
11,GUANAJUATO,7,LEON,20,LEON,1404,B,174,43,4,16,3,11,73,5,2,2,338,7,345,725,,,,,,,,,,,,,,,,,,,,,
11,GUANAJUATO,7,LEON,20,LEON,1405,B,186,24,2,18,1,12,83,1,0,3,332,2,334,736,,,,,,,,,,,,,,,,,,,,,
11,GUANAJUATO,7,LEON,20,LEON,1406,B,141,9,1,12,1,4,25,4,0,1,200,4,204,374,,,,,,,,,,,,,,,,,,,,,
11,GUANAJUATO,7,LEON,20,LEON,1407,B,180,26,2,13,3,16,79,0,1,0,325,11,336,676,,,,,,,,,,,,,,,,,,,,,
11,GUANAJUATO,7,LEON,20,LEON,1408,B,143,9,0,6,0,14,49,1,1,1,227,5,232,465,,,,,,,,,,,,,,,,,,,,,
11,GUANAJUATO,7,LEON,20,LEON,1408,C01,149,16,4,4,1,8,54,1,0,0,239,3,243,465,,,,,,,,,,,,,,,,,,,,,
11,GUANAJUATO,7,LEON,20,LEON,1409,B,145,19,2,13,4,12,84,3,0,0,283,9,292,575,,,,,,,,,,,,,,,,,,,,,
11,GUANAJUATO,7,LEON,20,LEON,1409,C01,187,22,5,9,7,5,75,3,0,2,315,7,322,575,,,,,,,,,,,,,,,,,,,,,
11,GUANAJUATO,7,LEON,20,LEON,1410,B,133,12,2,9,0,4,47,0,4,0,213,8,221,463,,,,,,,,,,,,,,,,,,,,,
11,GUANAJUATO,7,LEON,20,LEON,1410,C01,112,17,1,2,2,3,62,1,3,1,204,7,211,463,,,,,,,,,,,,,,,,,,,,,
11,GUANAJUATO,7,LEON,20,LEON,1411,B,142,19,6,10,0,7,85,1,0,0,271,3,274,620,,,,,,,,,,,,,,,,,,,,,
11,GUANAJUATO,7,LEON,20,LEON,1411,C01,158,19,3,5,3,3,89,0,0,1,284,9,293,620,,,,,,,,,,,,,,,,,,,,,
11,GUANAJUATO,7,LEON,20,LEON,1414,B,227,10,1,5,2,19,92,1,3,1,363,10,373,747,,,,,,,,,,,,,,,,,,,,,
11,GUANAJUATO,7,LEON,20,LEON,1414,C01,213,16,2,10,2,14,86,4,3,1,354,6,360,747,,,,,,,,,,,,,,,,,,,,,
11,GUANAJUATO,7,LEON,20,LEON,1414,C02,214,18,1,15,0,17,70,1,1,3,343,2,345,747,,,,,,,,,,,,,,,,,,,,,
11,GUANAJUATO,7,LEON,20,LEON,1414,C03,215,14,4,16,2,17,84,1,1,1,358,6,364,747,,,,,,,,,,,,,,,,,,,,,
11,GUANAJUATO,7,LEON,20,LEON,1415,B,231,27,3,8,4,23,55,5,1,3,366,5,373,608,,,,,,,,,,,,,,,,,,,,,
11,GUANAJUATO,7,LEON,20,LEON,1415,C01,241,19,3,4,3,11,55,4,0,3,344,3,347,607,,,,,,,,,,,,,,,,,,,,,
11,GUANAJUATO,7,LEON,20,LEON,1415,C02,223,24,4,11,0,15,55,4,0,1,344,4,348,607,,,,,,,,,,,,,,,,,,,,,
11,GUANAJUATO,7,LEON,20,LEON,1415,C03,224,19,0,8,4,18,86,3,0,1,369,5,374,607,,,,,,,,,,,,,,,,,,,,,
11,GUANAJUATO,7,LEON,20,LEON,1416,B,154,4,5,13,1,8,74,0,0,1,263,9,272,478,,,,,,,,,,,,,,,,,,,,,
11,GUANAJUATO,7,LEON,20,LEON,1416,C01,166,20,3,5,1,7,46,0,1,0,251,6,257,478,,,,,,,,,,,,,,,,,,,,,
11,GUANAJUATO,7,LEON,20,LEON,1417,B,242,16,5,10,2,10,69,3,0,1,360,6,366,738,,,,,,,,,,,,,,,,,,,,,
11,GUANAJUATO,7,LEON,20,LEON,1418,B,259,25,1,15,4,12,93,1,0,1,413,5,419,690,,,,,,,,,,,,,,,,,,,,,
11,GUANAJUATO,7,LEON,20,LEON,1419,B,145,14,1,12,0,3,35,1,0,0,213,3,217,370,,,,,,,,,,,,,,,,,,,,,
11,GUANAJUATO,7,LEON,20,LEON,1420,B,131,20,1,3,0,9,51,6,1,0,225,5,230,496,,,,,,,,,,,,,,,,,,,,,
11,GUANAJUATO,7,LEON,20,LEON,1421,B,277,18,2,12,4,10,72,4,2,1,404,0,404,702,,,,,,,,,,,,,,,,,,,,,
11,GUANAJUATO,7,LEON,20,LEON,1422,B,214,15,1,6,2,5,37,4,0,2,286,4,290,424,,,,,,,,,,,,,,,,,,,,,
11,GUANAJUATO,7,LEON,20,LEON,1423,B,125,14,2,2,0,4,32,1,1,2,183,4,187,308,,,,,,,,,,,,,,,,,,,,,
11,GUANAJUATO,7,LEON,20,LEON,1424,B,157,14,2,4,1,14,53,3,0,1,249,5,254,533,,,,,,,,,,,,,,,,,,,,,
11,GUANAJUATO,7,LEON,20,LEON,1425,B,193,26,1,9,1,5,39,1,2,2,280,2,282,552,,,,,,,,,,,,,,,,,,,,,
11,GUANAJUATO,7,LEON,20,LEON,1426,B,150,27,0,3,1,10,39,7,7,1,247,4,251,478,,,,,,,,,,,,,,,,,,,,,
11,GUANAJUATO,7,LEON,20,LEON,1427,B,229,12,1,11,1,7,51,2,1,2,319,6,325,518,,,,,,,,,,,,,,,,,,,,,
11,GUANAJUATO,7,LEON,20,LEON,1428,B,261,33,5,10,0,11,55,0,0,1,379,5,384,685,,,,,,,,,,,,,,,,,,,,,
11,GUANAJUATO,7,LEON,20,LEON,1429,B,102,19,2,8,0,9,63,0,1,1,205,6,211,394,,,,,,,,,,,,,,,,,,,,,
11,GUANAJUATO,7,LEON,20,LEON,1430,B,184,15,6,8,2,2,42,2,1,2,268,6,277,540,,,,,,,,,,,,,,,,,,,,,
11,GUANAJUATO,7,LEON,20,LEON,1431,B,159,18,1,4,0,6,28,0,0,1,218,4,222,348,,,,,,,,,,,,,,,,,,,,,
11,GUANAJUATO,7,LEON,20,LEON,1432,B,120,8,2,5,0,2,57,0,1,1,196,0,196,362,,,,,,,,,,,,,,,,,,,,,
11,GUANAJUATO,7,LEON,20,LEON,1433,B,147,17,2,8,1,11,62,0,1,2,254,4,258,481,,,,,,,,,,,,,,,,,,,,,
11,GUANAJUATO,7,LEON,20,LEON,1434,B,124,27,5,6,1,6,69,1,1,1,244,8,252,472,,,,,,,,,,,,,,,,,,,,,
11,GUANAJUATO,7,LEON,20,LEON,1435,B,134,15,0,6,2,8,66,1,2,1,238,8,246,634,,,,,,,,,,,,,,,,,,,,,
11,GUANAJUATO,7,LEON,20,LEON,1439,B,277,20,2,4,0,17,37,0,0,0,359,6,367,486,,,,,,,,,,,,,,,,,,,,,
11,GUANAJUATO,7,LEON,20,LEON,1439,C01,243,18,2,3,1,14,48,0,0,0,329,5,334,485,,,,,,,,,,,,,,,,,,,,,
11,GUANAJUATO,7,LEON,20,LEON,1440,B,205,17,1,2,2,20,37,2,0,0,287,7,294,444,,,,,,,,,,,,,,,,,,,,,
11,GUANAJUATO,7,LEON,20,LEON,1440,C01,226,13,1,4,3,9,41,0,0,3,301,6,307,443,,,,,,,,,,,,,,,,,,,,,
11,GUANAJUATO,7,LEON,20,LEON,1441,B,117,15,3,4,1,8,43,5,1,2,201,6,207,355,,,,,,,,,,,,,,,,,,,,,
11,GUANAJUATO,7,LEON,20,LEON,1442,B,135,23,0,3,6,11,51,0,2,0,232,8,240,441,,,,,,,,,,,,,,,,,,,,,
11,GUANAJUATO,7,LEON,20,LEON,1443,B,143,22,3,8,1,7,53,0,1,1,241,2,243,411,,,,,,,,,,,,,,,,,,,,,
11,GUANAJUATO,7,LEON,20,LEON,1444,B,155,27,5,4,1,15,45,1,1,4,261,1,262,398,,,,,,,,,,,,,,,,,,,,,
11,GUANAJUATO,7,LEON,20,LEON,1445,B,98,9,1,0,1,9,37,0,1,0,156,2,158,265,,,,,,,,,,,,,,,,,,,,,
11,GUANAJUATO,7,LEON,20,LEON,1446,B,188,28,0,6,1,5,51,2,0,0,282,7,289,411,,,,,,,,,,,,,,,,,,,,,
11,GUANAJUATO,7,LEON,20,LEON,1447,B,179,29,6,7,0,5,46,4,1,1,281,6,288,466,,,,,,,,,,,,,,,,,,,,,
11,GUANAJUATO,7,LEON,20,LEON,1448,B,165,23,2,13,6,10,53,2,0,2,281,2,283,488,,,,,,,,,,,,,,,,,,,,,
11,GUANAJUATO,7,LEON,20,LEON,1449,B,96,24,2,3,1,2,38,2,1,0,170,5,175,419,,,,,,,,,,,,,,,,,,,,,
11,GUANAJUATO,7,LEON,20,LEON,1454,B,139,8,1,7,2,3,38,0,1,0,200,0,201,343,,,,,,,,,,,,,,,,,,,,,
11,GUANAJUATO,7,LEON,20,LEON,1455,B,117,9,2,5,1,2,58,3,0,4,205,4,209,376,,,,,,,,,,,,,,,,,,,,,
11,GUANAJUATO,7,LEON,20,LEON,1456,B,241,30,3,10,1,17,57,1,4,2,367,7,376,563,,,,,,,,,,,,,,,,,,,,,
11,GUANAJUATO,7,LEON,20,LEON,1457,B,135,5,1,3,0,8,29,0,1,0,185,4,189,325,,,,,,,,,,,,,,,,,,,,,
11,GUANAJUATO,7,LEON,20,LEON,1458,B,112,25,1,3,4,12,31,2,1,1,192,6,198,344,,,,,,,,,,,,,,,,,,,,,
11,GUANAJUATO,7,LEON,20,LEON,1459,B,222,24,5,8,1,14,50,0,1,3,329,7,336,577,,,,,,,,,,,,,,,,,,,,,
11,GUANAJUATO,7,LEON,20,LEON,1460,B,298,25,5,3,1,7,74,1,1,2,418,5,423,554,,,,,,,,,,,,,,,,,,,,,
11,GUANAJUATO,7,LEON,20,LEON,1461,B,168,21,0,5,1,9,54,1,4,3,268,5,273,453,,,,,,,,,,,,,,,,,,,,,
11,GUANAJUATO,7,LEON,20,LEON,1461,C01,161,11,0,5,5,4,55,1,0,5,248,4,252,452,,,,,,,,,,,,,,,,,,,,,
11,GUANAJUATO,7,LEON,20,LEON,1462,B,170,36,2,7,0,13,41,1,1,3,276,5,281,445,,,,,,,,,,,,,,,,,,,,,
11,GUANAJUATO,7,LEON,20,LEON,1463,B,254,15,2,9,1,9,57,0,0,1,354,4,358,675,,,,,,,,,,,,,,,,,,,,,
11,GUANAJUATO,7,LEON,20,LEON,1514,B,244,18,2,3,5,27,32,0,1,1,335,4,339,474,,,,,,,,,,,,,,,,,,,,,
11,GUANAJUATO,7,LEON,20,LEON,1515,B,345,25,6,2,2,12,36,1,0,1,431,0,432,633,,,,,,,,,,,,,,,,,,,,,
11,GUANAJUATO,7,LEON,20,LEON,1516,B,221,21,3,3,2,18,24,0,0,1,294,4,298,436,,,,,,,,,,,,,,,,,,,,,
11,GUANAJUATO,7,LEON,20,LEON,1516,C01,264,17,2,3,1,17,30,0,1,0,336,2,338,435,,,,,,,,,,,,,,,,,,,,,
11,GUANAJUATO,7,LEON,20,LEON,1517,B,258,15,1,2,0,20,33,2,0,0,333,3,336,445,,,,,,,,,,,,,,,,,,,,,
11,GUANAJUATO,7,LEON,20,LEON,1517,C01,265,20,3,0,0,20,29,0,0,3,343,0,343,444,,,,,,,,,,,,,,,,,,,,,
11,GUANAJUATO,7,LEON,20,LEON,1518,B,249,16,6,7,0,17,97,3,5,3,405,8,413,716,,,,,,,,,,,,,,,,,,,,,
11,GUANAJUATO,7,LEON,20,LEON,1518,C01,199,6,1,4,2,14,100,2,2,0,333,9,342,715,,,,,,,,,,,,,,,,,,,,,
11,GUANAJUATO,7,LEON,20,LEON,1518,S01,159,11,2,6,6,14,81,0,0,0,281,9,290,0,,,,,,,,,,,,,,,,,,,,,
11,GUANAJUATO,7,LEON,20,LEON,1519,B,241,14,1,2,0,14,25,0,0,0,299,1,300,396,,,,,,,,,,,,,,,,,,,,,
11,GUANAJUATO,7,LEON,20,LEON,1519,C01,239,16,4,3,1,11,32,0,0,0,306,0,306,396,,,,,,,,,,,,,,,,,,,,,
11,GUANAJUATO,7,LEON,20,LEON,1520,B,283,13,0,3,1,12,12,1,0,2,327,1,328,407,,,,,,,,,,,,,,,,,,,,,
11,GUANAJUATO,7,LEON,20,LEON,1521,B,236,14,3,9,1,10,34,2,1,1,312,6,318,445,,,,,,,,,,,,,,,,,,,,,
11,GUANAJUATO,7,LEON,20,LEON,1525,B,137,12,2,7,3,6,39,3,0,2,213,11,224,388,,,,,,,,,,,,,,,,,,,,,
11,GUANAJUATO,7,LEON,20,LEON,1525,C01,115,21,1,8,0,8,59,2,0,3,219,6,225,387,,,,,,,,,,,,,,,,,,,,,
11,GUANAJUATO,7,LEON,20,LEON,1526,B,176,10,2,5,2,22,50,0,3,2,275,2,277,456,,,,,,,,,,,,,,,,,,,,,
11,GUANAJUATO,7,LEON,20,LEON,1526,C01,178,20,0,10,1,13,43,1,0,1,269,3,272,455,,,,,,,,,,,,,,,,,,,,,
11,GUANAJUATO,7,LEON,20,LEON,1527,B,319,20,3,2,2,19,45,0,0,0,411,6,418,556,,,,,,,,,,,,,,,,,,,,,
11,GUANAJUATO,7,LEON,20,LEON,1528,B,410,25,4,3,1,12,42,0,0,1,499,10,509,671,,,,,,,,,,,,,,,,,,,,,
11,GUANAJUATO,7,LEON,20,LEON,1529,B,244,18,0,7,3,14,40,0,1,0,327,2,329,423,,,,,,,,,,,,,,,,,,,,,
11,GUANAJUATO,7,LEON,20,LEON,1529,C01,235,15,5,3,2,11,29,0,0,0,301,2,303,422,,,,,,,,,,,,,,,,,,,,,
11,GUANAJUATO,7,LEON,20,LEON,1530,B,178,11,4,10,4,9,72,4,0,2,296,19,315,604,,,,,,,,,,,,,,,,,,,,,
11,GUANAJUATO,7,LEON,20,LEON,1530,C01,173,12,1,4,3,5,89,3,1,3,296,8,304,603,,,,,,,,,,,,,,,,,,,,,
11,GUANAJUATO,7,LEON,20,LEON,1707,B,218,23,4,8,1,11,66,2,1,0,337,13,351,578,,,,,,,,,,,,,,,,,,,,,
11,GUANAJUATO,7,LEON,20,LEON,1709,B,196,13,3,8,2,14,90,1,0,3,330,4,334,687,,,,,,,,,,,,,,,,,,,,,
11,GUANAJUATO,7,LEON,20,LEON,1709,C01,176,12,5,9,1,17,92,3,3,0,319,10,329,687,,,,,,,,,,,,,,,,,,,,,
11,GUANAJUATO,7,LEON,20,LEON,1710,B,189,15,3,9,1,5,52,0,0,1,278,5,283,454,,,,,,,,,,,,,,,,,,,,,
11,GUANAJUATO,7,LEON,20,LEON,1710,C01,192,29,0,8,1,8,54,1,1,0,298,3,303,454,,,,,,,,,,,,,,,,,,,,,
11,GUANAJUATO,7,LEON,20,LEON,1715,B,227,19,1,4,1,19,30,0,0,2,303,3,306,400,,,,,,,,,,,,,,,,,,,,,
11,GUANAJUATO,7,LEON,20,LEON,1715,C01,222,21,0,4,1,10,35,0,0,0,295,2,297,399,,,,,,,,,,,,,,,,,,,,,
11,GUANAJUATO,7,LEON,20,LEON,1716,B,217,11,2,3,1,7,34,0,0,2,277,5,282,384,,,,,,,,,,,,,,,,,,,,,
11,GUANAJUATO,7,LEON,20,LEON,1716,C01,221,9,3,6,0,8,21,0,1,1,271,0,271,383,,,,,,,,,,,,,,,,,,,,,
11,GUANAJUATO,7,LEON,20,LEON,1717,B,413,38,3,3,1,23,37,2,1,3,524,3,527,731,,,,,,,,,,,,,,,,,,,,,
11,GUANAJUATO,7,LEON,20,LEON,1718,B,169,13,6,5,4,16,63,2,3,2,287,3,290,563,,,,,,,,,,,,,,,,,,,,,
11,GUANAJUATO,7,LEON,20,LEON,1718,C01,169,13,6,5,4,11,55,2,1,2,269,11,280,563,,,,,,,,,,,,,,,,,,,,,
11,GUANAJUATO,7,LEON,20,LEON,1719,B,225,8,3,13,1,8,82,1,3,3,349,3,352,684,,,,,,,,,,,,,,,,,,,,,
11,GUANAJUATO,7,LEON,20,LEON,1719,C01,191,16,3,10,0,13,75,2,0,6,319,11,330,683,,,,,,,,,,,,,,,,,,,,,
11,GUANAJUATO,7,LEON,20,LEON,1720,B,169,26,0,10,2,6,48,1,1,2,268,4,272,509,,,,,,,,,,,,,,,,,,,,,
11,GUANAJUATO,7,LEON,20,LEON,1720,C01,135,10,1,10,0,6,56,0,2,0,222,4,226,508,,,,,,,,,,,,,,,,,,,,,
11,GUANAJUATO,7,LEON,20,LEON,1725,B,192,9,0,8,3,15,43,0,2,0,272,1,273,505,,,,,,,,,,,,,,,,,,,,,
11,GUANAJUATO,7,LEON,20,LEON,1726,B,151,18,2,7,3,7,54,4,0,0,246,3,249,479,,,,,,,,,,,,,,,,,,,,,
11,GUANAJUATO,7,LEON,20,LEON,1726,C01,131,18,0,13,0,8,64,1,0,0,237,8,246,479,,,,,,,,,,,,,,,,,,,,,
11,GUANAJUATO,7,LEON,20,LEON,1727,B,160,29,3,11,2,5,41,2,1,1,256,5,261,549,,,,,,,,,,,,,,,,,,,,,
11,GUANAJUATO,7,LEON,20,LEON,1727,C01,149,20,4,11,2,8,56,2,1,1,255,8,263,549,,,,,,,,,,,,,,,,,,,,,
11,GUANAJUATO,7,LEON,20,LEON,1728,B,343,24,2,4,1,6,30,0,0,0,410,4,414,558,,,,,,,,,,,,,,,,,,,,,
11,GUANAJUATO,7,LEON,20,LEON,1729,B,174,19,4,4,2,16,30,1,2,1,255,7,262,447,,,,,,,,,,,,,,,,,,,,,
11,GUANAJUATO,7,LEON,20,LEON,1729,C01,177,12,0,2,1,9,36,1,0,2,241,4,245,446,,,,,,,,,,,,,,,,,,,,,
11,GUANAJUATO,7,LEON,20,LEON,1729,S01,150,14,1,4,1,10,57,2,0,2,243,1,244,0,,,,,,,,,,,,,,,,,,,,,
11,GUANAJUATO,7,LEON,20,LEON,1730,B,133,17,2,9,0,4,46,1,0,3,216,5,222,435,,,,,,,,,,,,,,,,,,,,,
11,GUANAJUATO,7,LEON,20,LEON,1730,C01,151,7,1,8,0,5,50,2,0,1,225,0,225,435,,,,,,,,,,,,,,,,,,,,,
11,GUANAJUATO,7,LEON,20,LEON,1735,B,131,17,4,10,1,12,56,0,0,2,238,3,242,521,,,,,,,,,,,,,,,,,,,,,
11,GUANAJUATO,7,LEON,20,LEON,1735,C01,116,16,5,10,1,9,80,1,0,2,241,3,244,520,,,,,,,,,,,,,,,,,,,,,
11,GUANAJUATO,7,LEON,20,LEON,1736,B,94,16,2,7,3,11,37,1,1,4,180,6,186,391,,,,,,,,,,,,,,,,,,,,,
11,GUANAJUATO,7,LEON,20,LEON,1736,C01,96,13,1,20,1,6,52,0,0,0,193,7,200,390,,,,,,,,,,,,,,,,,,,,,
11,GUANAJUATO,7,LEON,20,LEON,1737,B,108,8,2,18,0,6,42,3,0,1,190,2,192,469,,,,,,,,,,,,,,,,,,,,,
11,GUANAJUATO,7,LEON,20,LEON,1737,C01,116,10,2,16,0,10,27,4,1,0,188,6,194,469,,,,,,,,,,,,,,,,,,,,,
11,GUANAJUATO,7,LEON,20,LEON,1738,B,155,30,1,17,0,10,99,1,3,2,323,6,329,643,,,,,,,,,,,,,,,,,,,,,
11,GUANAJUATO,7,LEON,20,LEON,1740,B,167,16,1,5,1,7,48,1,0,2,249,0,249,446,,,,,,,,,,,,,,,,,,,,,
11,GUANAJUATO,7,LEON,20,LEON,1740,C01,133,5,3,8,3,14,66,0,0,1,235,5,240,445,,,,,,,,,,,,,,,,,,,,,
11,GUANAJUATO,7,LEON,20,LEON,1743,B,191,23,2,17,3,8,46,0,0,1,293,1,294,534,,,,,,,,,,,,,,,,,,,,,
11,GUANAJUATO,7,LEON,20,LEON,1744,B,165,10,2,5,1,8,50,1,0,2,246,4,253,426,,,,,,,,,,,,,,,,,,,,,
11,GUANAJUATO,7,LEON,20,LEON,1744,C01,177,18,1,6,1,6,44,4,1,3,265,3,268,426,,,,,,,,,,,,,,,,,,,,,
11,GUANAJUATO,7,LEON,20,LEON,1745,B,169,25,1,15,2,9,85,0,0,5,315,12,327,719,,,,,,,,,,,,,,,,,,,,,
11,GUANAJUATO,7,LEON,20,LEON,1745,C01,199,37,2,9,4,8,88,1,2,0,350,5,355,719,,,,,,,,,,,,,,,,,,,,,
11,GUANAJUATO,7,LEON,20,LEON,1746,B,128,18,2,13,2,5,46,1,2,0,217,2,219,501,,,,,,,,,,,,,,,,,,,,,
11,GUANAJUATO,7,LEON,20,LEON,1746,C01,145,22,0,9,0,5,52,0,0,0,238,6,244,500,,,,,,,,,,,,,,,,,,,,,
11,GUANAJUATO,7,LEON,20,LEON,1749,B,134,32,1,13,3,13,53,0,1,0,250,2,252,540,,,,,,,,,,,,,,,,,,,,,
11,GUANAJUATO,7,LEON,20,LEON,1749,C01,138,21,2,4,5,9,63,2,0,2,251,5,256,540,,,,,,,,,,,,,,,,,,,,,
11,GUANAJUATO,7,LEON,20,LEON,1755,B,198,13,4,11,2,12,49,1,1,1,294,9,306,508,,,,,,,,,,,,,,,,,,,,,
11,GUANAJUATO,7,LEON,20,LEON,1755,C01,189,20,3,4,1,5,53,0,0,4,279,2,282,508,,,,,,,,,,,,,,,,,,,,,
11,GUANAJUATO,7,LEON,20,LEON,1756,B,152,13,0,8,1,2,56,0,0,2,238,6,244,407,,,,,,,,,,,,,,,,,,,,,
11,GUANAJUATO,7,LEON,20,LEON,1756,C01,136,13,0,7,2,4,72,3,1,2,241,2,244,407,,,,,,,,,,,,,,,,,,,,,
11,GUANAJUATO,7,LEON,20,LEON,1757,B,166,7,3,5,2,14,62,0,0,2,263,3,270,453,,,,,,,,,,,,,,,,,,,,,
11,GUANAJUATO,7,LEON,20,LEON,1758,B,205,21,3,10,2,10,35,1,0,1,292,4,297,445,,,,,,,,,,,,,,,,,,,,,
11,GUANAJUATO,7,LEON,20,LEON,1758,C01,174,16,1,12,1,9,45,0,0,1,261,2,265,444,,,,,,,,,,,,,,,,,,,,,
11,GUANAJUATO,7,LEON,20,LEON,1759,B,204,21,3,8,1,6,71,3,2,1,325,4,329,665,,,,,,,,,,,,,,,,,,,,,
11,GUANAJUATO,7,LEON,20,LEON,1759,C01,211,15,1,11,4,9,77,0,0,0,330,9,339,664,,,,,,,,,,,,,,,,,,,,,
11,GUANAJUATO,7,LEON,20,LEON,1760,B,212,21,1,10,2,11,67,3,2,3,335,5,340,630,,,,,,,,,,,,,,,,,,,,,
11,GUANAJUATO,7,LEON,20,LEON,1760,C01,214,17,3,12,3,17,62,1,0,0,330,6,336,630,,,,,,,,,,,,,,,,,,,,,
11,GUANAJUATO,7,LEON,20,LEON,1761,B,147,21,3,5,1,7,43,1,2,0,233,0,234,406,,,,,,,,,,,,,,,,,,,,,
11,GUANAJUATO,7,LEON,20,LEON,1761,C01,150,19,0,7,1,9,40,2,0,0,230,2,232,405,,,,,,,,,,,,,,,,,,,,,
11,GUANAJUATO,7,LEON,20,LEON,1762,B,122,10,0,5,1,11,44,2,0,0,196,3,199,382,,,,,,,,,,,,,,,,,,,,,
11,GUANAJUATO,7,LEON,20,LEON,1762,C01,145,11,2,4,3,7,43,3,3,2,223,6,229,381,,,,,,,,,,,,,,,,,,,,,
11,GUANAJUATO,7,LEON,20,LEON,1763,B,159,14,3,10,0,7,44,0,0,1,244,6,250,388,,,,,,,,,,,,,,,,,,,,,
11,GUANAJUATO,7,LEON,20,LEON,1763,C01,160,10,2,4,1,1,43,1,1,0,223,10,233,387,,,,,,,,,,,,,,,,,,,,,
11,GUANAJUATO,7,LEON,20,LEON,1764,B,198,20,3,6,2,14,57,1,0,3,304,7,311,503,,,,,,,,,,,,,,,,,,,,,
11,GUANAJUATO,7,LEON,20,LEON,1764,C01,187,20,1,8,0,12,47,0,1,1,280,8,288,503,,,,,,,,,,,,,,,,,,,,,
11,GUANAJUATO,7,LEON,20,LEON,1766,B,180,13,5,7,1,11,73,5,0,0,302,10,313,671,,,,,,,,,,,,,,,,,,,,,
11,GUANAJUATO,7,LEON,20,LEON,1766,C01,174,20,1,9,1,10,57,1,2,0,275,4,279,670,,,,,,,,,,,,,,,,,,,,,
11,GUANAJUATO,7,LEON,20,LEON,1772,B,132,18,0,6,1,4,38,0,0,0,200,5,205,385,,,,,,,,,,,,,,,,,,,,,
11,GUANAJUATO,7,LEON,20,LEON,1772,C01,114,11,1,4,1,7,28,1,0,0,167,4,171,384,,,,,,,,,,,,,,,,,,,,,
11,GUANAJUATO,7,LEON,20,LEON,1776,B,200,17,3,9,2,10,57,2,0,3,306,5,311,719,,,,,,,,,,,,,,,,,,,,,
11,GUANAJUATO,7,LEON,20,LEON,1777,B,128,11,0,6,1,12,47,1,0,1,207,4,211,380,,,,,,,,,,,,,,,,,,,,,
11,GUANAJUATO,7,LEON,20,LEON,1777,C01,150,12,0,2,1,6,41,1,1,0,215,4,220,380,,,,,,,,,,,,,,,,,,,,,
11,GUANAJUATO,7,LEON,20,LEON,1778,B,211,29,4,11,1,13,82,2,0,2,358,9,367,672,,,,,,,,,,,,,,,,,,,,,
11,GUANAJUATO,7,LEON,20,LEON,1779,B,147,14,1,7,3,16,72,3,0,0,264,6,271,494,,,,,,,,,,,,,,,,,,,,,
11,GUANAJUATO,7,LEON,20,LEON,1779,C01,132,14,1,8,1,12,44,4,2,7,229,6,235,493,,,,,,,,,,,,,,,,,,,,,
11,GUANAJUATO,7,LEON,20,LEON,1780,B,154,28,3,7,1,8,89,2,1,0,295,1,296,608,,,,,,,,,,,,,,,,,,,,,
11,GUANAJUATO,7,LEON,20,LEON,1780,C01,161,15,2,13,2,6,80,1,2,3,286,10,296,607,,,,,,,,,,,,,,,,,,,,,
11,GUANAJUATO,7,LEON,20,LEON,1781,B,139,12,2,7,1,8,49,1,2,1,226,3,229,518,,,,,,,,,,,,,,,,,,,,,
11,GUANAJUATO,7,LEON,20,LEON,1781,C01,118,22,1,8,7,9,70,1,4,3,245,4,249,517,,,,,,,,,,,,,,,,,,,,,
11,GUANAJUATO,7,LEON,20,LEON,1785,B,115,14,1,8,1,10,51,0,0,4,206,6,212,486,,,,,,,,,,,,,,,,,,,,,
11,GUANAJUATO,7,LEON,20,LEON,1785,C01,123,16,0,4,2,9,44,0,1,3,205,5,210,486,,,,,,,,,,,,,,,,,,,,,
11,GUANAJUATO,7,LEON,20,LEON,1786,B,213,23,4,5,3,9,50,2,1,1,314,7,321,589,,,,,,,,,,,,,,,,,,,,,
11,GUANAJUATO,7,LEON,20,LEON,1786,C01,179,23,6,8,1,7,61,1,2,4,292,3,295,589,,,,,,,,,,,,,,,,,,,,,
11,GUANAJUATO,7,LEON,20,LEON,1788,B,170,16,3,11,0,13,74,2,4,1,297,6,303,511,,,,,,,,,,,,,,,,,,,,,
11,GUANAJUATO,7,LEON,20,LEON,1789,B,140,10,1,11,2,12,47,1,1,2,229,8,238,469,,,,,,,,,,,,,,,,,,,,,
11,GUANAJUATO,7,LEON,20,LEON,1789,C01,156,19,3,8,5,5,42,1,2,2,246,4,250,468,,,,,,,,,,,,,,,,,,,,,
11,GUANAJUATO,7,LEON,20,LEON,1790,B,126,19,2,3,0,7,51,1,2,2,214,4,218,497,,,,,,,,,,,,,,,,,,,,,
11,GUANAJUATO,7,LEON,20,LEON,1790,C01,146,22,1,8,0,12,56,0,0,1,248,5,254,496,,,,,,,,,,,,,,,,,,,,,
11,GUANAJUATO,7,LEON,20,LEON,1791,B,139,29,4,11,3,8,80,3,0,3,282,0,282,574,,,,,,,,,,,,,,,,,,,,,
11,GUANAJUATO,7,LEON,20,LEON,1791,C01,144,17,6,9,5,11,64,4,0,4,266,3,269,573,,,,,,,,,,,,,,,,,,,,,
11,GUANAJUATO,7,LEON,20,LEON,1792,B,147,33,4,17,5,15,83,3,3,2,314,16,332,639,,,,,,,,,,,,,,,,,,,,,
11,GUANAJUATO,7,LEON,20,LEON,1792,C01,136,17,1,18,4,7,71,1,2,1,262,7,271,639,,,,,,,,,,,,,,,,,,,,,
11,GUANAJUATO,7,LEON,20,LEON,1793,B,126,16,0,12,1,3,69,0,0,0,229,5,234,483,,,,,,,,,,,,,,,,,,,,,
11,GUANAJUATO,7,LEON,20,LEON,1793,C01,99,22,1,20,0,6,32,1,1,0,184,1,185,483,,,,,,,,,,,,,,,,,,,,,
11,GUANAJUATO,7,LEON,20,LEON,1798,B,207,19,2,22,2,13,80,0,1,0,348,13,361,687,,,,,,,,,,,,,,,,,,,,,
11,GUANAJUATO,7,LEON,20,LEON,1799,B,148,19,3,21,1,13,77,0,1,4,290,6,296,529,,,,,,,,,,,,,,,,,,,,,
11,GUANAJUATO,7,LEON,20,LEON,1800,B,148,23,2,1,1,7,54,1,0,3,242,2,244,492,,,,,,,,,,,,,,,,,,,,,
11,GUANAJUATO,7,LEON,20,LEON,1800,C01,155,26,4,5,0,2,52,1,2,3,252,9,261,492,,,,,,,,,,,,,,,,,,,,,
11,GUANAJUATO,7,LEON,20,LEON,1801,B,204,26,1,19,5,8,89,0,3,1,361,13,375,737,,,,,,,,,,,,,,,,,,,,,
11,GUANAJUATO,7,LEON,20,LEON,1802,B,256,12,1,5,0,21,71,0,0,6,374,6,380,653,,,,,,,,,,,,,,,,,,,,,
11,GUANAJUATO,7,LEON,20,LEON,1802,C01,278,20,3,6,2,10,55,3,0,1,380,8,389,653,,,,,,,,,,,,,,,,,,,,,
11,GUANAJUATO,7,LEON,20,LEON,1804,B,294,13,5,5,2,10,65,1,0,2,398,0,400,634,,,,,,,,,,,,,,,,,,,,,
11,GUANAJUATO,7,LEON,20,LEON,1805,B,408,36,4,3,5,12,28,0,0,0,497,9,506,724,,,,,,,,,,,,,,,,,,,,,
11,GUANAJUATO,7,LEON,20,LEON,1806,B,131,22,1,5,1,4,30,1,0,1,196,4,201,426,,,,,,,,,,,,,,,,,,,,,
11,GUANAJUATO,7,LEON,20,LEON,1806,C01,122,26,2,8,0,8,36,1,0,0,204,1,205,426,,,,,,,,,,,,,,,,,,,,,
11,GUANAJUATO,7,LEON,20,LEON,1811,B,153,15,2,3,0,8,40,1,2,1,225,3,228,399,,,,,,,,,,,,,,,,,,,,,
11,GUANAJUATO,7,LEON,20,LEON,1811,C01,177,13,2,1,0,11,29,0,0,0,235,4,239,399,,,,,,,,,,,,,,,,,,,,,
11,GUANAJUATO,7,LEON,20,LEON,1812,B,109,31,5,6,1,5,67,1,4,3,234,2,236,584,,,,,,,,,,,,,,,,,,,,,
11,GUANAJUATO,7,LEON,20,LEON,1815,B,195,11,1,6,0,3,45,0,0,1,263,2,265,497,,,,,,,,,,,,,,,,,,,,,
11,GUANAJUATO,7,LEON,20,LEON,1819,B,127,21,1,6,2,6,63,2,1,3,234,5,239,543,,,,,,,,,,,,,,,,,,,,,
11,GUANAJUATO,7,LEON,20,LEON,1820,B,141,12,3,2,1,13,82,1,2,0,258,5,263,610,,,,,,,,,,,,,,,,,,,,,
11,GUANAJUATO,7,LEON,20,LEON,1821,B,183,18,2,12,2,6,79,1,1,3,309,4,313,643,,,,,,,,,,,,,,,,,,,,,
11,GUANAJUATO,8,GUANAJUATO,14,DOLORES HIDALGO CUNA DE LA INDEPENDENCIA NACIONAL,761,B,115,31,2,15,2,4,23,5,4,38,331,12,343,595,,,,,,,,,,,,,,,,,,,,,
11,GUANAJUATO,8,GUANAJUATO,14,DOLORES HIDALGO CUNA DE LA INDEPENDENCIA NACIONAL,761,C01,108,39,4,15,3,1,24,4,6,29,322,14,337,595,,,,,,,,,,,,,,,,,,,,,
11,GUANAJUATO,8,GUANAJUATO,14,DOLORES HIDALGO CUNA DE LA INDEPENDENCIA NACIONAL,762,B,126,30,0,11,0,3,25,9,5,25,318,7,325,601,,,,,,,,,,,,,,,,,,,,,
11,GUANAJUATO,8,GUANAJUATO,14,DOLORES HIDALGO CUNA DE LA INDEPENDENCIA NACIONAL,762,C01,124,35,1,5,3,1,16,5,5,26,307,9,317,600,,,,,,,,,,,,,,,,,,,,,
11,GUANAJUATO,8,GUANAJUATO,14,DOLORES HIDALGO CUNA DE LA INDEPENDENCIA NACIONAL,763,B,137,35,1,9,0,2,10,1,4,10,255,6,263,419,,,,,,,,,,,,,,,,,,,,,
11,GUANAJUATO,8,GUANAJUATO,14,DOLORES HIDALGO CUNA DE LA INDEPENDENCIA NACIONAL,763,C01,117,44,1,9,1,1,8,5,2,10,256,1,257,418,,,,,,,,,,,,,,,,,,,,,
11,GUANAJUATO,8,GUANAJUATO,14,DOLORES HIDALGO CUNA DE LA INDEPENDENCIA NACIONAL,764,B,109,15,1,21,4,2,15,2,2,17,280,5,285,527,,,,,,,,,,,,,,,,,,,,,
11,GUANAJUATO,8,GUANAJUATO,14,DOLORES HIDALGO CUNA DE LA INDEPENDENCIA NACIONAL,764,C01,101,27,0,19,3,7,11,5,4,12,289,2,291,527,,,,,,,,,,,,,,,,,,,,,
11,GUANAJUATO,8,GUANAJUATO,14,DOLORES HIDALGO CUNA DE LA INDEPENDENCIA NACIONAL,765,B,138,32,2,14,3,9,19,17,2,22,349,12,361,744,,,,,,,,,,,,,,,,,,,,,
11,GUANAJUATO,8,GUANAJUATO,14,DOLORES HIDALGO CUNA DE LA INDEPENDENCIA NACIONAL,765,C01,149,36,0,13,8,3,30,14,3,21,384,0,384,744,,,,,,,,,,,,,,,,,,,,,
11,GUANAJUATO,8,GUANAJUATO,14,DOLORES HIDALGO CUNA DE LA INDEPENDENCIA NACIONAL,765,C02,143,51,4,7,4,4,26,5,4,27,383,18,401,744,,,,,,,,,,,,,,,,,,,,,
11,GUANAJUATO,8,GUANAJUATO,14,DOLORES HIDALGO CUNA DE LA INDEPENDENCIA NACIONAL,766,B,64,34,3,4,2,4,8,1,1,8,240,11,251,632,,,,,,,,,,,,,,,,,,,,,
11,GUANAJUATO,8,GUANAJUATO,14,DOLORES HIDALGO CUNA DE LA INDEPENDENCIA NACIONAL,766,C01,68,6,3,4,0,3,2,19,1,11,242,8,250,632,,,,,,,,,,,,,,,,,,,,,
11,GUANAJUATO,8,GUANAJUATO,14,DOLORES HIDALGO CUNA DE LA INDEPENDENCIA NACIONAL,766,C02,67,19,4,5,2,3,9,7,1,7,242,13,255,632,,,,,,,,,,,,,,,,,,,,,
11,GUANAJUATO,8,GUANAJUATO,14,DOLORES HIDALGO CUNA DE LA INDEPENDENCIA NACIONAL,766,C03,69,22,1,3,1,3,5,15,1,13,256,10,266,632,,,,,,,,,,,,,,,,,,,,,
11,GUANAJUATO,8,GUANAJUATO,14,DOLORES HIDALGO CUNA DE LA INDEPENDENCIA NACIONAL,766,C04,74,31,4,7,1,6,10,7,4,7,267,14,281,631,,,,,,,,,,,,,,,,,,,,,
11,GUANAJUATO,8,GUANAJUATO,14,DOLORES HIDALGO CUNA DE LA INDEPENDENCIA NACIONAL,767,B,102,32,0,7,2,6,6,4,2,12,336,4,340,705,,,,,,,,,,,,,,,,,,,,,
11,GUANAJUATO,8,GUANAJUATO,14,DOLORES HIDALGO CUNA DE LA INDEPENDENCIA NACIONAL,767,C01,72,29,1,5,1,2,6,13,2,12,306,15,321,705,,,,,,,,,,,,,,,,,,,,,
11,GUANAJUATO,8,GUANAJUATO,14,DOLORES HIDALGO CUNA DE LA INDEPENDENCIA NACIONAL,767,C02,90,25,2,4,1,3,13,6,1,12,305,8,313,705,,,,,,,,,,,,,,,,,,,,,
11,GUANAJUATO,8,GUANAJUATO,14,DOLORES HIDALGO CUNA DE LA INDEPENDENCIA NACIONAL,768,B,94,21,0,7,2,5,6,8,1,10,265,15,280,571,,,,,,,,,,,,,,,,,,,,,
11,GUANAJUATO,8,GUANAJUATO,14,DOLORES HIDALGO CUNA DE LA INDEPENDENCIA NACIONAL,768,C01,64,32,0,5,3,3,15,5,2,18,259,14,273,571,,,,,,,,,,,,,,,,,,,,,
11,GUANAJUATO,8,GUANAJUATO,14,DOLORES HIDALGO CUNA DE LA INDEPENDENCIA NACIONAL,768,C02,88,23,0,4,1,3,10,6,5,14,290,7,297,571,,,,,,,,,,,,,,,,,,,,,
11,GUANAJUATO,8,GUANAJUATO,14,DOLORES HIDALGO CUNA DE LA INDEPENDENCIA NACIONAL,769,B,131,27,1,4,3,3,20,8,3,12,302,11,313,573,,,,,,,,,,,,,,,,,,,,,
11,GUANAJUATO,8,GUANAJUATO,14,DOLORES HIDALGO CUNA DE LA INDEPENDENCIA NACIONAL,769,C01,115,32,0,5,4,4,16,7,2,18,295,15,310,573,,,,,,,,,,,,,,,,,,,,,
11,GUANAJUATO,8,GUANAJUATO,14,DOLORES HIDALGO CUNA DE LA INDEPENDENCIA NACIONAL,770,B,160,59,2,19,2,4,26,7,4,19,362,5,367,702,,,,,,,,,,,,,,,,,,,,,
11,GUANAJUATO,8,GUANAJUATO,14,DOLORES HIDALGO CUNA DE LA INDEPENDENCIA NACIONAL,770,C01,135,61,1,12,4,7,21,19,3,20,380,8,388,702,,,,,,,,,,,,,,,,,,,,,
11,GUANAJUATO,8,GUANAJUATO,14,DOLORES HIDALGO CUNA DE LA INDEPENDENCIA NACIONAL,771,B,83,37,1,8,0,4,18,6,2,25,255,5,260,571,,,,,,,,,,,,,,,,,,,,,
11,GUANAJUATO,8,GUANAJUATO,14,DOLORES HIDALGO CUNA DE LA INDEPENDENCIA NACIONAL,771,C01,87,59,1,7,3,3,19,5,3,12,254,5,259,570,,,,,,,,,,,,,,,,,,,,,
11,GUANAJUATO,8,GUANAJUATO,14,DOLORES HIDALGO CUNA DE LA INDEPENDENCIA NACIONAL,772,B,102,36,14,13,3,5,20,6,4,30,320,13,333,738,,,,,,,,,,,,,,,,,,,,,
11,GUANAJUATO,8,GUANAJUATO,14,DOLORES HIDALGO CUNA DE LA INDEPENDENCIA NACIONAL,772,C01,102,31,11,10,3,4,12,6,2,26,285,17,302,738,,,,,,,,,,,,,,,,,,,,,
11,GUANAJUATO,8,GUANAJUATO,14,DOLORES HIDALGO CUNA DE LA INDEPENDENCIA NACIONAL,772,C02,104,41,7,8,2,3,23,8,2,13,292,13,305,738,,,,,,,,,,,,,,,,,,,,,
11,GUANAJUATO,8,GUANAJUATO,14,DOLORES HIDALGO CUNA DE LA INDEPENDENCIA NACIONAL,772,C03,96,57,18,8,3,6,8,4,2,19,313,10,324,738,,,,,,,,,,,,,,,,,,,,,
11,GUANAJUATO,8,GUANAJUATO,14,DOLORES HIDALGO CUNA DE LA INDEPENDENCIA NACIONAL,773,B,120,49,1,26,1,2,23,7,3,19,354,10,367,625,,,,,,,,,,,,,,,,,,,,,
11,GUANAJUATO,8,GUANAJUATO,14,DOLORES HIDALGO CUNA DE LA INDEPENDENCIA NACIONAL,773,C01,132,44,0,19,8,3,24,6,4,17,349,13,362,625,,,,,,,,,,,,,,,,,,,,,
11,GUANAJUATO,8,GUANAJUATO,14,DOLORES HIDALGO CUNA DE LA INDEPENDENCIA NACIONAL,774,B,102,25,2,10,3,4,21,4,1,20,299,21,321,746,,,,,,,,,,,,,,,,,,,,,
11,GUANAJUATO,8,GUANAJUATO,14,DOLORES HIDALGO CUNA DE LA INDEPENDENCIA NACIONAL,774,C01,99,26,0,13,4,7,24,4,2,30,329,10,339,745,,,,,,,,,,,,,,,,,,,,,
11,GUANAJUATO,8,GUANAJUATO,14,DOLORES HIDALGO CUNA DE LA INDEPENDENCIA NACIONAL,774,C02,99,23,1,9,5,2,15,7,4,24,290,11,301,745,,,,,,,,,,,,,,,,,,,,,
11,GUANAJUATO,8,GUANAJUATO,14,DOLORES HIDALGO CUNA DE LA INDEPENDENCIA NACIONAL,774,C03,88,34,0,12,8,1,22,9,5,24,302,3,305,745,,,,,,,,,,,,,,,,,,,,,
11,GUANAJUATO,8,GUANAJUATO,14,DOLORES HIDALGO CUNA DE LA INDEPENDENCIA NACIONAL,774,C04,118,30,3,6,4,5,19,7,2,14,305,4,309,745,,,,,,,,,,,,,,,,,,,,,
11,GUANAJUATO,8,GUANAJUATO,14,DOLORES HIDALGO CUNA DE LA INDEPENDENCIA NACIONAL,774,C05,113,39,0,23,5,6,18,8,1,25,343,7,350,745,,,,,,,,,,,,,,,,,,,,,
11,GUANAJUATO,8,GUANAJUATO,14,DOLORES HIDALGO CUNA DE LA INDEPENDENCIA NACIONAL,775,B,105,38,2,6,2,7,16,6,0,19,325,11,336,689,,,,,,,,,,,,,,,,,,,,,
11,GUANAJUATO,8,GUANAJUATO,14,DOLORES HIDALGO CUNA DE LA INDEPENDENCIA NACIONAL,775,C01,110,29,0,13,7,2,12,8,1,31,305,6,311,689,,,,,,,,,,,,,,,,,,,,,
11,GUANAJUATO,8,GUANAJUATO,14,DOLORES HIDALGO CUNA DE LA INDEPENDENCIA NACIONAL,775,C02,97,22,3,16,4,7,23,6,2,16,306,10,316,689,,,,,,,,,,,,,,,,,,,,,
11,GUANAJUATO,8,GUANAJUATO,14,DOLORES HIDALGO CUNA DE LA INDEPENDENCIA NACIONAL,775,C03,114,28,1,13,3,1,22,5,6,23,315,13,328,689,,,,,,,,,,,,,,,,,,,,,
11,GUANAJUATO,8,GUANAJUATO,14,DOLORES HIDALGO CUNA DE LA INDEPENDENCIA NACIONAL,775,C04,113,35,1,11,2,5,15,4,4,21,291,10,301,689,,,,,,,,,,,,,,,,,,,,,
11,GUANAJUATO,8,GUANAJUATO,14,DOLORES HIDALGO CUNA DE LA INDEPENDENCIA NACIONAL,775,C05,105,33,0,6,1,5,13,11,5,14,302,6,308,689,,,,,,,,,,,,,,,,,,,,,
11,GUANAJUATO,8,GUANAJUATO,14,DOLORES HIDALGO CUNA DE LA INDEPENDENCIA NACIONAL,775,C06,104,29,0,15,3,5,9,3,5,24,283,8,291,689,,,,,,,,,,,,,,,,,,,,,
11,GUANAJUATO,8,GUANAJUATO,14,DOLORES HIDALGO CUNA DE LA INDEPENDENCIA NACIONAL,775,C07,109,32,2,15,3,7,16,10,0,15,317,2,319,688,,,,,,,,,,,,,,,,,,,,,
11,GUANAJUATO,8,GUANAJUATO,14,DOLORES HIDALGO CUNA DE LA INDEPENDENCIA NACIONAL,799,B,65,91,0,10,4,11,22,8,2,13,275,16,291,611,,,,,,,,,,,,,,,,,,,,,
11,GUANAJUATO,8,GUANAJUATO,14,DOLORES HIDALGO CUNA DE LA INDEPENDENCIA NACIONAL,800,B,62,74,3,9,1,5,6,7,1,14,269,17,286,723,,,,,,,,,,,,,,,,,,,,,
11,GUANAJUATO,8,GUANAJUATO,14,DOLORES HIDALGO CUNA DE LA INDEPENDENCIA NACIONAL,801,B,97,36,1,16,4,6,8,8,3,16,304,11,315,625,,,,,,,,,,,,,,,,,,,,,
11,GUANAJUATO,8,GUANAJUATO,14,DOLORES HIDALGO CUNA DE LA INDEPENDENCIA NACIONAL,801,E01,58,45,2,3,6,0,11,6,1,8,177,4,181,401,,,,,,,,,,,,,,,,,,,,,
11,GUANAJUATO,8,GUANAJUATO,14,DOLORES HIDALGO CUNA DE LA INDEPENDENCIA NACIONAL,801,E01C01,50,50,0,4,1,1,8,0,0,10,161,11,172,400,,,,,,,,,,,,,,,,,,,,,
11,GUANAJUATO,8,GUANAJUATO,14,DOLORES HIDALGO CUNA DE LA INDEPENDENCIA NACIONAL,801,E02,31,57,6,5,2,1,5,10,0,9,180,8,188,408,,,,,,,,,,,,,,,,,,,,,
11,GUANAJUATO,8,GUANAJUATO,14,DOLORES HIDALGO CUNA DE LA INDEPENDENCIA NACIONAL,802,B,82,52,5,11,4,8,8,7,0,19,284,13,297,737,,,,,,,,,,,,,,,,,,,,,
11,GUANAJUATO,8,GUANAJUATO,14,DOLORES HIDALGO CUNA DE LA INDEPENDENCIA NACIONAL,802,C01,73,34,1,8,2,6,15,8,4,18,268,20,288,737,,,,,,,,,,,,,,,,,,,,,
11,GUANAJUATO,8,GUANAJUATO,14,DOLORES HIDALGO CUNA DE LA INDEPENDENCIA NACIONAL,802,C02,114,36,6,12,0,9,13,5,2,21,304,7,311,736,,,,,,,,,,,,,,,,,,,,,
11,GUANAJUATO,8,GUANAJUATO,14,DOLORES HIDALGO CUNA DE LA INDEPENDENCIA NACIONAL,805,B,91,26,0,4,3,7,7,5,1,9,244,6,250,719,,,,,,,,,,,,,,,,,,,,,
11,GUANAJUATO,8,GUANAJUATO,14,DOLORES HIDALGO CUNA DE LA INDEPENDENCIA NACIONAL,805,C01,75,27,0,6,1,6,16,7,3,5,242,14,256,719,,,,,,,,,,,,,,,,,,,,,
11,GUANAJUATO,8,GUANAJUATO,14,DOLORES HIDALGO CUNA DE LA INDEPENDENCIA NACIONAL,805,C02,80,33,1,6,0,5,12,8,2,13,250,12,262,719,,,,,,,,,,,,,,,,,,,,,
11,GUANAJUATO,8,GUANAJUATO,14,DOLORES HIDALGO CUNA DE LA INDEPENDENCIA NACIONAL,806,B,70,22,2,7,4,7,8,5,0,7,209,14,223,500,,,,,,,,,,,,,,,,,,,,,
11,GUANAJUATO,8,GUANAJUATO,14,DOLORES HIDALGO CUNA DE LA INDEPENDENCIA NACIONAL,806,C01,55,27,3,10,3,7,5,1,2,7,189,9,198,499,,,,,,,,,,,,,,,,,,,,,
11,GUANAJUATO,8,GUANAJUATO,14,DOLORES HIDALGO CUNA DE LA INDEPENDENCIA NACIONAL,809,B,93,58,2,5,3,71,15,13,2,10,304,7,311,682,,,,,,,,,,,,,,,,,,,,,
11,GUANAJUATO,8,GUANAJUATO,14,DOLORES HIDALGO CUNA DE LA INDEPENDENCIA NACIONAL,809,C01,93,57,3,10,0,81,20,4,0,10,303,21,324,682,,,,,,,,,,,,,,,,,,,,,
11,GUANAJUATO,8,GUANAJUATO,14,DOLORES HIDALGO CUNA DE LA INDEPENDENCIA NACIONAL,809,E01,91,19,2,8,2,11,7,6,0,7,173,2,175,410,,,,,,,,,,,,,,,,,,,,,
11,GUANAJUATO,8,GUANAJUATO,14,DOLORES HIDALGO CUNA DE LA INDEPENDENCIA NACIONAL,809,E01C01,90,15,1,7,0,22,8,4,1,11,186,8,194,409,,,,,,,,,,,,,,,,,,,,,
11,GUANAJUATO,8,GUANAJUATO,14,DOLORES HIDALGO CUNA DE LA INDEPENDENCIA NACIONAL,810,B,57,82,0,16,1,7,6,2,2,25,241,8,249,578,,,,,,,,,,,,,,,,,,,,,
11,GUANAJUATO,8,GUANAJUATO,14,DOLORES HIDALGO CUNA DE LA INDEPENDENCIA NACIONAL,810,C01,81,86,1,7,0,3,6,4,0,24,249,12,261,577,,,,,,,,,,,,,,,,,,,,,
11,GUANAJUATO,8,GUANAJUATO,14,DOLORES HIDALGO CUNA DE LA INDEPENDENCIA NACIONAL,811,B,106,73,0,9,3,3,7,3,3,22,274,17,291,654,,,,,,,,,,,,,,,,,,,,,
11,GUANAJUATO,8,GUANAJUATO,14,DOLORES HIDALGO CUNA DE LA INDEPENDENCIA NACIONAL,811,C01,100,74,0,12,2,1,14,2,1,34,299,6,305,654,,,,,,,,,,,,,,,,,,,,,
11,GUANAJUATO,8,GUANAJUATO,14,DOLORES HIDALGO CUNA DE LA INDEPENDENCIA NACIONAL,811,C02,81,106,0,8,2,2,13,6,1,21,282,15,298,654,,,,,,,,,,,,,,,,,,,,,
11,GUANAJUATO,8,GUANAJUATO,14,DOLORES HIDALGO CUNA DE LA INDEPENDENCIA NACIONAL,812,B,24,35,0,3,0,0,2,0,0,4,94,0,94,276,,,,,,,,,,,,,,,,,,,,,
11,GUANAJUATO,8,GUANAJUATO,14,DOLORES HIDALGO CUNA DE LA INDEPENDENCIA NACIONAL,813,B,51,28,2,6,1,2,6,1,0,11,196,10,206,475,,,,,,,,,,,,,,,,,,,,,
11,GUANAJUATO,8,GUANAJUATO,14,DOLORES HIDALGO CUNA DE LA INDEPENDENCIA NACIONAL,813,C01,57,31,3,11,4,2,2,3,1,17,201,13,214,475,,,,,,,,,,,,,,,,,,,,,
11,GUANAJUATO,8,GUANAJUATO,14,DOLORES HIDALGO CUNA DE LA INDEPENDENCIA NACIONAL,813,E01,32,47,0,5,0,3,0,0,0,21,134,4,138,286,,,,,,,,,,,,,,,,,,,,,
11,GUANAJUATO,8,GUANAJUATO,14,DOLORES HIDALGO CUNA DE LA INDEPENDENCIA NACIONAL,814,B,117,40,1,17,3,11,6,10,3,51,295,17,312,702,,,,,,,,,,,,,,,,,,,,,
11,GUANAJUATO,8,GUANAJUATO,14,DOLORES HIDALGO CUNA DE LA INDEPENDENCIA NACIONAL,815,B,78,26,0,7,3,6,2,5,1,18,205,4,209,538,,,,,,,,,,,,,,,,,,,,,
11,GUANAJUATO,8,GUANAJUATO,14,DOLORES HIDALGO CUNA DE LA INDEPENDENCIA NACIONAL,815,C01,78,32,0,7,4,4,6,5,3,7,221,16,237,538,,,,,,,,,,,,,,,,,,,,,
11,GUANAJUATO,8,GUANAJUATO,14,DOLORES HIDALGO CUNA DE LA INDEPENDENCIA NACIONAL,816,B,51,23,0,11,3,1,5,5,1,34,228,12,240,397,,,,,,,,,,,,,,,,,,,,,
11,GUANAJUATO,8,GUANAJUATO,14,DOLORES HIDALGO CUNA DE LA INDEPENDENCIA NACIONAL,816,E01,71,30,1,11,2,1,0,10,1,13,222,4,226,625,,,,,,,,,,,,,,,,,,,,,
11,GUANAJUATO,8,GUANAJUATO,14,DOLORES HIDALGO CUNA DE LA INDEPENDENCIA NACIONAL,817,B,45,55,3,4,4,6,1,3,1,8,198,0,198,545,,,,,,,,,,,,,,,,,,,,,
11,GUANAJUATO,8,GUANAJUATO,14,DOLORES HIDALGO CUNA DE LA INDEPENDENCIA NACIONAL,817,C01,56,57,2,3,1,3,4,5,0,15,217,7,224,544,,,,,,,,,,,,,,,,,,,,,
11,GUANAJUATO,8,GUANAJUATO,14,DOLORES HIDALGO CUNA DE LA INDEPENDENCIA NACIONAL,818,B,129,21,0,11,1,2,3,2,2,13,239,12,251,558,,,,,,,,,,,,,,,,,,,,,
11,GUANAJUATO,8,GUANAJUATO,14,DOLORES HIDALGO CUNA DE LA INDEPENDENCIA NACIONAL,818,C01,105,32,2,11,1,0,5,2,1,29,241,10,251,557,,,,,,,,,,,,,,,,,,,,,
11,GUANAJUATO,8,GUANAJUATO,14,DOLORES HIDALGO CUNA DE LA INDEPENDENCIA NACIONAL,818,C02,131,26,0,17,1,4,4,2,1,21,244,15,259,557,,,,,,,,,,,,,,,,,,,,,
11,GUANAJUATO,8,GUANAJUATO,14,DOLORES HIDALGO CUNA DE LA INDEPENDENCIA NACIONAL,819,B,54,26,4,6,0,1,6,3,2,6,263,18,281,666,,,,,,,,,,,,,,,,,,,,,
11,GUANAJUATO,8,GUANAJUATO,14,DOLORES HIDALGO CUNA DE LA INDEPENDENCIA NACIONAL,820,B,43,82,3,6,0,3,6,0,1,1,190,7,197,584,,,,,,,,,,,,,,,,,,,,,
11,GUANAJUATO,8,GUANAJUATO,14,DOLORES HIDALGO CUNA DE LA INDEPENDENCIA NACIONAL,820,C01,34,86,1,4,1,3,12,1,1,2,174,17,191,583,,,,,,,,,,,,,,,,,,,,,
11,GUANAJUATO,8,GUANAJUATO,14,DOLORES HIDALGO CUNA DE LA INDEPENDENCIA NACIONAL,821,B,141,41,0,8,8,5,15,4,1,15,367,13,380,729,,,,,,,,,,,,,,,,,,,,,
11,GUANAJUATO,8,GUANAJUATO,14,DOLORES HIDALGO CUNA DE LA INDEPENDENCIA NACIONAL,821,C01,160,54,3,8,4,3,15,3,1,7,326,16,342,728,,,,,,,,,,,,,,,,,,,,,
11,GUANAJUATO,8,GUANAJUATO,14,DOLORES HIDALGO CUNA DE LA INDEPENDENCIA NACIONAL,822,B,54,52,0,7,1,2,12,0,1,1,190,23,213,582,,,,,,,,,,,,,,,,,,,,,
11,GUANAJUATO,8,GUANAJUATO,14,DOLORES HIDALGO CUNA DE LA INDEPENDENCIA NACIONAL,822,C01,79,70,2,6,1,1,9,3,2,5,248,15,263,582,,,,,,,,,,,,,,,,,,,,,
11,GUANAJUATO,8,GUANAJUATO,15,GUANAJUATO,823,B,170,48,3,3,3,27,29,2,10,0,299,5,304,534,,,,,,,,,,,,,,,,,,,,,
11,GUANAJUATO,8,GUANAJUATO,15,GUANAJUATO,823,C01,148,34,3,5,0,36,47,1,2,7,296,12,310,534,,,,,,,,,,,,,,,,,,,,,
11,GUANAJUATO,8,GUANAJUATO,15,GUANAJUATO,824,B,124,26,7,13,3,14,60,0,3,31,286,5,293,663,,,,,,,,,,,,,,,,,,,,,
11,GUANAJUATO,8,GUANAJUATO,15,GUANAJUATO,824,C01,127,22,6,17,1,23,51,2,10,29,293,12,305,662,,,,,,,,,,,,,,,,,,,,,
11,GUANAJUATO,8,GUANAJUATO,15,GUANAJUATO,825,B,133,35,4,4,0,21,45,2,5,10,265,10,275,581,,,,,,,,,,,,,,,,,,,,,
11,GUANAJUATO,8,GUANAJUATO,15,GUANAJUATO,825,C01,129,22,4,12,4,18,35,1,1,8,240,6,246,580,,,,,,,,,,,,,,,,,,,,,
11,GUANAJUATO,8,GUANAJUATO,15,GUANAJUATO,826,B,87,19,2,7,1,15,44,0,1,18,198,13,211,493,,,,,,,,,,,,,,,,,,,,,
11,GUANAJUATO,8,GUANAJUATO,15,GUANAJUATO,826,C01,76,20,3,11,3,20,41,3,4,22,204,7,211,492,,,,,,,,,,,,,,,,,,,,,
11,GUANAJUATO,8,GUANAJUATO,15,GUANAJUATO,827,B,85,36,8,6,1,37,38,2,2,14,233,3,236,679,,,,,,,,,,,,,,,,,,,,,
11,GUANAJUATO,8,GUANAJUATO,15,GUANAJUATO,827,C01,117,32,3,8,2,29,35,2,1,17,250,10,260,679,,,,,,,,,,,,,,,,,,,,,
11,GUANAJUATO,8,GUANAJUATO,15,GUANAJUATO,828,B,91,28,6,8,1,50,38,1,2,24,254,11,265,644,,,,,,,,,,,,,,,,,,,,,
11,GUANAJUATO,8,GUANAJUATO,15,GUANAJUATO,828,C01,92,42,6,7,2,25,31,0,2,14,225,3,228,643,,,,,,,,,,,,,,,,,,,,,
11,GUANAJUATO,8,GUANAJUATO,15,GUANAJUATO,828,C02,88,47,9,13,1,40,33,1,2,21,318,11,329,643,,,,,,,,,,,,,,,,,,,,,
11,GUANAJUATO,8,GUANAJUATO,15,GUANAJUATO,829,B,91,33,1,3,3,25,36,1,4,12,217,11,228,505,,,,,,,,,,,,,,,,,,,,,
11,GUANAJUATO,8,GUANAJUATO,15,GUANAJUATO,829,C01,81,64,8,10,1,21,38,4,2,13,248,7,256,505,,,,,,,,,,,,,,,,,,,,,
11,GUANAJUATO,8,GUANAJUATO,15,GUANAJUATO,830,B,72,30,5,9,4,14,49,0,0,26,210,9,219,545,,,,,,,,,,,,,,,,,,,,,
11,GUANAJUATO,8,GUANAJUATO,15,GUANAJUATO,830,C01,102,30,7,11,1,12,36,3,4,17,230,5,235,544,,,,,,,,,,,,,,,,,,,,,
11,GUANAJUATO,8,GUANAJUATO,15,GUANAJUATO,831,B,87,30,9,4,9,14,33,1,2,27,223,9,232,709,,,,,,,,,,,,,,,,,,,,,
11,GUANAJUATO,8,GUANAJUATO,15,GUANAJUATO,831,C01,103,27,6,19,2,22,28,1,3,34,252,8,260,709,,,,,,,,,,,,,,,,,,,,,
11,GUANAJUATO,8,GUANAJUATO,15,GUANAJUATO,832,B,119,27,7,9,2,21,36,0,4,28,261,8,269,673,,,,,,,,,,,,,,,,,,,,,
11,GUANAJUATO,8,GUANAJUATO,15,GUANAJUATO,832,C01,112,45,8,13,2,20,38,2,3,19,271,14,285,673,,,,,,,,,,,,,,,,,,,,,
11,GUANAJUATO,8,GUANAJUATO,15,GUANAJUATO,833,B,135,49,11,12,2,26,46,1,7,36,339,10,349,694,,,,,,,,,,,,,,,,,,,,,
11,GUANAJUATO,8,GUANAJUATO,15,GUANAJUATO,834,B,118,30,3,11,2,29,46,3,1,35,281,7,288,598,,,,,,,,,,,,,,,,,,,,,
11,GUANAJUATO,8,GUANAJUATO,15,GUANAJUATO,834,C01,98,34,4,10,5,15,43,3,3,30,250,9,259,598,,,,,,,,,,,,,,,,,,,,,
11,GUANAJUATO,8,GUANAJUATO,15,GUANAJUATO,835,B,115,40,8,11,2,16,42,5,3,21,269,4,274,653,,,,,,,,,,,,,,,,,,,,,
11,GUANAJUATO,8,GUANAJUATO,15,GUANAJUATO,835,C01,112,33,8,11,3,26,55,1,5,25,286,9,295,653,,,,,,,,,,,,,,,,,,,,,
11,GUANAJUATO,8,GUANAJUATO,15,GUANAJUATO,836,B,53,35,3,6,1,17,28,3,6,42,205,8,213,585,,,,,,,,,,,,,,,,,,,,,
11,GUANAJUATO,8,GUANAJUATO,15,GUANAJUATO,836,C01,78,21,6,8,0,19,24,0,2,32,196,3,199,585,,,,,,,,,,,,,,,,,,,,,
11,GUANAJUATO,8,GUANAJUATO,15,GUANAJUATO,836,C02,74,17,7,7,1,24,32,2,0,32,197,7,204,584,,,,,,,,,,,,,,,,,,,,,
11,GUANAJUATO,8,GUANAJUATO,15,GUANAJUATO,837,B,81,48,2,11,7,17,26,3,1,21,219,7,226,630,,,,,,,,,,,,,,,,,,,,,
11,GUANAJUATO,8,GUANAJUATO,15,GUANAJUATO,837,C01,98,34,5,6,1,20,41,1,1,32,242,9,251,629,,,,,,,,,,,,,,,,,,,,,
11,GUANAJUATO,8,GUANAJUATO,15,GUANAJUATO,838,B,73,33,2,13,1,18,25,0,2,21,192,5,198,498,,,,,,,,,,,,,,,,,,,,,
11,GUANAJUATO,8,GUANAJUATO,15,GUANAJUATO,838,C01,80,37,2,11,1,16,49,2,3,12,217,7,224,498,,,,,,,,,,,,,,,,,,,,,
11,GUANAJUATO,8,GUANAJUATO,15,GUANAJUATO,839,B,108,20,3,10,0,24,45,3,8,16,242,8,251,549,,,,,,,,,,,,,,,,,,,,,
11,GUANAJUATO,8,GUANAJUATO,15,GUANAJUATO,840,B,73,31,5,6,2,13,43,0,6,6,190,5,195,294,,,,,,,,,,,,,,,,,,,,,
11,GUANAJUATO,8,GUANAJUATO,15,GUANAJUATO,841,B,97,33,4,5,0,20,34,0,3,9,214,7,221,478,,,,,,,,,,,,,,,,,,,,,
11,GUANAJUATO,8,GUANAJUATO,15,GUANAJUATO,841,C01,77,30,6,5,3,12,42,2,8,5,233,4,237,478,,,,,,,,,,,,,,,,,,,,,
11,GUANAJUATO,8,GUANAJUATO,15,GUANAJUATO,842,B,82,34,1,8,4,26,30,0,3,19,213,5,218,398,,,,,,,,,,,,,,,,,,,,,
11,GUANAJUATO,8,GUANAJUATO,15,GUANAJUATO,842,C01,59,39,3,5,0,18,23,0,4,9,162,5,167,398,,,,,,,,,,,,,,,,,,,,,
11,GUANAJUATO,8,GUANAJUATO,15,GUANAJUATO,843,B,122,59,5,9,3,22,46,2,9,9,295,7,303,541,,,,,,,,,,,,,,,,,,,,,
11,GUANAJUATO,8,GUANAJUATO,15,GUANAJUATO,844,B,94,40,4,7,3,11,54,1,4,21,245,6,251,496,,,,,,,,,,,,,,,,,,,,,
11,GUANAJUATO,8,GUANAJUATO,15,GUANAJUATO,844,C01,98,46,17,9,2,22,44,0,2,13,258,6,264,495,,,,,,,,,,,,,,,,,,,,,
11,GUANAJUATO,8,GUANAJUATO,15,GUANAJUATO,845,B,119,33,4,4,0,20,25,0,2,14,228,7,235,514,,,,,,,,,,,,,,,,,,,,,
11,GUANAJUATO,8,GUANAJUATO,15,GUANAJUATO,845,C01,95,53,9,7,2,28,22,2,0,13,242,6,250,514,,,,,,,,,,,,,,,,,,,,,
11,GUANAJUATO,8,GUANAJUATO,15,GUANAJUATO,845,C02,110,47,5,12,0,16,40,2,2,22,261,3,264,514,,,,,,,,,,,,,,,,,,,,,
11,GUANAJUATO,8,GUANAJUATO,15,GUANAJUATO,846,B,104,36,8,5,0,22,40,1,1,13,233,2,235,497,,,,,,,,,,,,,,,,,,,,,
11,GUANAJUATO,8,GUANAJUATO,15,GUANAJUATO,846,C01,101,48,10,5,1,22,35,1,2,10,237,0,237,496,,,,,,,,,,,,,,,,,,,,,
11,GUANAJUATO,8,GUANAJUATO,15,GUANAJUATO,847,B,143,39,8,12,1,42,50,7,6,30,344,16,360,717,,,,,,,,,,,,,,,,,,,,,
11,GUANAJUATO,8,GUANAJUATO,15,GUANAJUATO,848,B,70,33,1,10,0,17,24,3,14,5,181,3,184,342,,,,,,,,,,,,,,,,,,,,,
11,GUANAJUATO,8,GUANAJUATO,15,GUANAJUATO,849,B,67,17,2,3,1,13,19,0,4,6,135,4,139,260,,,,,,,,,,,,,,,,,,,,,
11,GUANAJUATO,8,GUANAJUATO,15,GUANAJUATO,850,B,160,49,8,6,3,40,54,1,3,26,420,11,431,736,,,,,,,,,,,,,,,,,,,,,
11,GUANAJUATO,8,GUANAJUATO,15,GUANAJUATO,851,B,129,45,8,10,2,27,31,3,4,17,277,6,283,544,,,,,,,,,,,,,,,,,,,,,
11,GUANAJUATO,8,GUANAJUATO,15,GUANAJUATO,851,C01,114,38,9,8,1,30,41,1,5,11,266,6,272,544,,,,,,,,,,,,,,,,,,,,,
11,GUANAJUATO,8,GUANAJUATO,15,GUANAJUATO,852,B,106,29,4,11,3,14,23,0,3,34,238,7,246,484,,,,,,,,,,,,,,,,,,,,,
11,GUANAJUATO,8,GUANAJUATO,15,GUANAJUATO,852,C01,98,28,6,8,3,7,38,3,9,13,220,6,226,484,,,,,,,,,,,,,,,,,,,,,
11,GUANAJUATO,8,GUANAJUATO,15,GUANAJUATO,853,B,106,24,3,10,2,15,30,1,0,20,216,1,217,715,,,,,,,,,,,,,,,,,,,,,
11,GUANAJUATO,8,GUANAJUATO,15,GUANAJUATO,853,C01,93,19,7,11,1,20,24,0,2,23,201,5,207,715,,,,,,,,,,,,,,,,,,,,,
11,GUANAJUATO,8,GUANAJUATO,15,GUANAJUATO,853,C02,73,33,1,13,4,19,33,0,1,18,203,4,207,715,,,,,,,,,,,,,,,,,,,,,
11,GUANAJUATO,8,GUANAJUATO,15,GUANAJUATO,853,C03,84,30,7,8,4,19,28,2,1,26,215,6,221,715,,,,,,,,,,,,,,,,,,,,,
11,GUANAJUATO,8,GUANAJUATO,15,GUANAJUATO,853,C04,92,51,2,6,2,12,31,1,4,20,225,7,232,715,,,,,,,,,,,,,,,,,,,,,
11,GUANAJUATO,8,GUANAJUATO,15,GUANAJUATO,853,C05,81,33,6,5,7,11,28,2,6,19,200,0,200,715,,,,,,,,,,,,,,,,,,,,,
11,GUANAJUATO,8,GUANAJUATO,15,GUANAJUATO,853,C06,94,40,4,13,3,19,33,3,4,15,232,5,237,714,,,,,,,,,,,,,,,,,,,,,
11,GUANAJUATO,8,GUANAJUATO,15,GUANAJUATO,854,B,117,48,6,8,4,31,23,3,0,43,292,8,300,738,,,,,,,,,,,,,,,,,,,,,
11,GUANAJUATO,8,GUANAJUATO,15,GUANAJUATO,854,C01,126,39,8,21,4,24,52,5,0,30,319,11,330,738,,,,,,,,,,,,,,,,,,,,,
11,GUANAJUATO,8,GUANAJUATO,15,GUANAJUATO,854,C02,82,47,3,4,2,20,28,3,0,52,250,18,268,737,,,,,,,,,,,,,,,,,,,,,
11,GUANAJUATO,8,GUANAJUATO,15,GUANAJUATO,855,B,105,42,5,7,0,24,22,1,3,19,234,7,241,559,,,,,,,,,,,,,,,,,,,,,
11,GUANAJUATO,8,GUANAJUATO,15,GUANAJUATO,855,C01,94,41,3,14,2,13,30,1,12,30,246,6,252,559,,,,,,,,,,,,,,,,,,,,,
11,GUANAJUATO,8,GUANAJUATO,15,GUANAJUATO,856,B,112,42,4,10,1,29,26,1,5,19,254,2,256,526,,,,,,,,,,,,,,,,,,,,,
11,GUANAJUATO,8,GUANAJUATO,15,GUANAJUATO,857,B,125,66,3,7,0,24,35,1,4,6,276,6,282,520,,,,,,,,,,,,,,,,,,,,,
11,GUANAJUATO,8,GUANAJUATO,15,GUANAJUATO,857,C01,92,23,5,2,4,15,35,1,2,15,201,8,210,520,,,,,,,,,,,,,,,,,,,,,
11,GUANAJUATO,8,GUANAJUATO,15,GUANAJUATO,857,C02,98,47,2,12,5,22,48,2,4,14,256,4,260,519,,,,,,,,,,,,,,,,,,,,,
11,GUANAJUATO,8,GUANAJUATO,15,GUANAJUATO,858,B,85,17,2,5,4,10,42,0,3,8,195,3,198,391,,,,,,,,,,,,,,,,,,,,,
11,GUANAJUATO,8,GUANAJUATO,15,GUANAJUATO,858,C01,61,32,3,6,0,11,28,1,0,21,175,5,180,390,,,,,,,,,,,,,,,,,,,,,
11,GUANAJUATO,8,GUANAJUATO,15,GUANAJUATO,859,B,80,32,4,6,1,26,29,1,3,13,201,10,211,372,,,,,,,,,,,,,,,,,,,,,
11,GUANAJUATO,8,GUANAJUATO,15,GUANAJUATO,860,B,112,35,5,11,6,38,44,3,5,28,291,6,298,571,,,,,,,,,,,,,,,,,,,,,
11,GUANAJUATO,8,GUANAJUATO,15,GUANAJUATO,861,B,115,32,7,10,2,15,37,4,1,15,243,7,250,496,,,,,,,,,,,,,,,,,,,,,
11,GUANAJUATO,8,GUANAJUATO,15,GUANAJUATO,861,C01,87,33,8,17,5,30,36,1,4,22,250,8,258,496,,,,,,,,,,,,,,,,,,,,,
11,GUANAJUATO,8,GUANAJUATO,15,GUANAJUATO,862,B,104,47,10,15,8,27,39,2,4,16,285,6,292,542,,,,,,,,,,,,,,,,,,,,,
11,GUANAJUATO,8,GUANAJUATO,15,GUANAJUATO,862,C01,112,36,11,12,2,37,55,1,3,21,293,10,303,541,,,,,,,,,,,,,,,,,,,,,
11,GUANAJUATO,8,GUANAJUATO,15,GUANAJUATO,863,B,114,34,2,3,3,28,20,0,5,7,221,7,228,435,,,,,,,,,,,,,,,,,,,,,
11,GUANAJUATO,8,GUANAJUATO,15,GUANAJUATO,863,C01,127,24,2,6,1,21,30,0,2,4,226,4,231,435,,,,,,,,,,,,,,,,,,,,,
11,GUANAJUATO,8,GUANAJUATO,15,GUANAJUATO,864,B,103,35,8,9,2,36,38,1,4,9,249,7,256,433,,,,,,,,,,,,,,,,,,,,,
11,GUANAJUATO,8,GUANAJUATO,15,GUANAJUATO,864,C01,98,33,4,5,2,21,40,1,5,10,225,6,231,433,,,,,,,,,,,,,,,,,,,,,
11,GUANAJUATO,8,GUANAJUATO,15,GUANAJUATO,865,B,130,25,9,4,8,16,30,0,2,17,248,4,253,542,,,,,,,,,,,,,,,,,,,,,
11,GUANAJUATO,8,GUANAJUATO,15,GUANAJUATO,865,C01,96,43,7,7,1,13,32,2,4,17,230,9,239,542,,,,,,,,,,,,,,,,,,,,,
11,GUANAJUATO,8,GUANAJUATO,15,GUANAJUATO,865,C02,122,30,10,6,2,12,37,3,7,17,249,11,260,542,,,,,,,,,,,,,,,,,,,,,
11,GUANAJUATO,8,GUANAJUATO,15,GUANAJUATO,866,B,82,36,8,8,1,14,32,0,9,30,226,10,236,652,,,,,,,,,,,,,,,,,,,,,
11,GUANAJUATO,8,GUANAJUATO,15,GUANAJUATO,866,C01,107,27,2,11,0,11,31,0,3,20,217,8,225,652,,,,,,,,,,,,,,,,,,,,,
11,GUANAJUATO,8,GUANAJUATO,15,GUANAJUATO,866,C02,82,42,4,15,0,13,39,2,1,13,212,8,221,651,,,,,,,,,,,,,,,,,,,,,
11,GUANAJUATO,8,GUANAJUATO,15,GUANAJUATO,867,B,154,48,6,26,1,30,46,3,4,7,328,6,334,500,,,,,,,,,,,,,,,,,,,,,
11,GUANAJUATO,8,GUANAJUATO,15,GUANAJUATO,867,C01,187,36,5,16,2,29,43,1,1,10,337,11,349,500,,,,,,,,,,,,,,,,,,,,,
11,GUANAJUATO,8,GUANAJUATO,15,GUANAJUATO,868,B,124,46,11,11,3,12,45,3,1,22,291,9,300,628,,,,,,,,,,,,,,,,,,,,,
11,GUANAJUATO,8,GUANAJUATO,15,GUANAJUATO,869,B,90,30,8,8,1,21,35,7,2,15,223,5,228,612,,,,,,,,,,,,,,,,,,,,,
11,GUANAJUATO,8,GUANAJUATO,15,GUANAJUATO,869,C01,69,37,6,8,1,36,40,1,2,17,224,6,230,611,,,,,,,,,,,,,,,,,,,,,
11,GUANAJUATO,8,GUANAJUATO,15,GUANAJUATO,870,B,84,44,4,7,2,14,21,0,1,27,209,10,219,650,,,,,,,,,,,,,,,,,,,,,
11,GUANAJUATO,8,GUANAJUATO,15,GUANAJUATO,870,C01,97,27,7,6,2,13,35,2,1,19,217,9,226,649,,,,,,,,,,,,,,,,,,,,,
11,GUANAJUATO,8,GUANAJUATO,15,GUANAJUATO,871,B,131,38,2,9,2,20,37,3,3,11,260,10,271,511,,,,,,,,,,,,,,,,,,,,,
11,GUANAJUATO,8,GUANAJUATO,15,GUANAJUATO,871,C01,142,31,1,11,4,32,36,2,4,9,274,8,285,511,,,,,,,,,,,,,,,,,,,,,
11,GUANAJUATO,8,GUANAJUATO,15,GUANAJUATO,872,B,138,63,2,10,1,17,57,0,2,21,319,10,329,712,,,,,,,,,,,,,,,,,,,,,
11,GUANAJUATO,8,GUANAJUATO,15,GUANAJUATO,872,C01,144,52,4,9,1,38,54,2,6,22,340,16,356,712,,,,,,,,,,,,,,,,,,,,,
11,GUANAJUATO,8,GUANAJUATO,15,GUANAJUATO,873,B,149,53,7,5,2,23,37,1,7,21,316,12,328,714,,,,,,,,,,,,,,,,,,,,,
11,GUANAJUATO,8,GUANAJUATO,15,GUANAJUATO,873,C01,143,38,13,12,4,22,48,3,3,37,387,15,403,714,,,,,,,,,,,,,,,,,,,,,
11,GUANAJUATO,8,GUANAJUATO,15,GUANAJUATO,873,C02,152,58,9,6,5,30,44,3,3,28,352,8,360,713,,,,,,,,,,,,,,,,,,,,,
11,GUANAJUATO,8,GUANAJUATO,15,GUANAJUATO,874,B,185,54,12,13,4,33,32,1,7,15,360,6,367,595,,,,,,,,,,,,,,,,,,,,,
11,GUANAJUATO,8,GUANAJUATO,15,GUANAJUATO,874,C01,204,43,5,8,5,36,34,1,7,4,361,4,368,595,,,,,,,,,,,,,,,,,,,,,
11,GUANAJUATO,8,GUANAJUATO,15,GUANAJUATO,874,C02,199,59,5,11,1,47,36,0,11,14,386,7,393,595,,,,,,,,,,,,,,,,,,,,,
11,GUANAJUATO,8,GUANAJUATO,15,GUANAJUATO,875,B,126,20,3,4,1,17,33,1,4,8,219,7,227,706,,,,,,,,,,,,,,,,,,,,,
11,GUANAJUATO,8,GUANAJUATO,15,GUANAJUATO,875,C01,116,12,1,16,1,18,41,2,3,15,230,9,239,706,,,,,,,,,,,,,,,,,,,,,
11,GUANAJUATO,8,GUANAJUATO,15,GUANAJUATO,875,C02,135,25,14,8,1,22,32,3,6,17,269,6,275,706,,,,,,,,,,,,,,,,,,,,,
11,GUANAJUATO,8,GUANAJUATO,15,GUANAJUATO,875,C03,115,32,0,14,0,22,36,0,0,9,228,1,229,706,,,,,,,,,,,,,,,,,,,,,
11,GUANAJUATO,8,GUANAJUATO,15,GUANAJUATO,876,B,99,27,6,6,2,24,38,1,3,18,226,5,231,682,,,,,,,,,,,,,,,,,,,,,
11,GUANAJUATO,8,GUANAJUATO,15,GUANAJUATO,876,C01,114,20,2,7,2,17,35,1,2,10,211,8,219,681,,,,,,,,,,,,,,,,,,,,,
11,GUANAJUATO,8,GUANAJUATO,15,GUANAJUATO,876,C02,97,30,4,13,2,22,36,3,3,13,226,6,232,681,,,,,,,,,,,,,,,,,,,,,
11,GUANAJUATO,8,GUANAJUATO,15,GUANAJUATO,876,C03,112,26,7,3,0,17,40,0,2,19,228,7,235,681,,,,,,,,,,,,,,,,,,,,,
11,GUANAJUATO,8,GUANAJUATO,15,GUANAJUATO,876,C04,105,35,6,8,1,15,51,2,2,17,248,7,255,681,,,,,,,,,,,,,,,,,,,,,
11,GUANAJUATO,8,GUANAJUATO,15,GUANAJUATO,877,B,143,53,6,8,7,24,23,2,3,19,353,4,357,649,,,,,,,,,,,,,,,,,,,,,
11,GUANAJUATO,8,GUANAJUATO,15,GUANAJUATO,877,C01,115,34,11,9,2,15,38,3,3,12,249,3,252,649,,,,,,,,,,,,,,,,,,,,,
11,GUANAJUATO,8,GUANAJUATO,15,GUANAJUATO,879,B,222,48,4,17,1,36,51,1,11,12,422,12,434,714,,,,,,,,,,,,,,,,,,,,,
11,GUANAJUATO,8,GUANAJUATO,15,GUANAJUATO,879,C01,208,49,2,11,2,48,60,2,5,20,414,4,418,714,,,,,,,,,,,,,,,,,,,,,
11,GUANAJUATO,8,GUANAJUATO,15,GUANAJUATO,879,C02,194,59,4,18,3,37,66,2,11,18,423,16,440,714,,,,,,,,,,,,,,,,,,,,,
11,GUANAJUATO,8,GUANAJUATO,15,GUANAJUATO,880,B,130,57,3,4,0,3,2,1,4,1,206,7,213,589,,,,,,,,,,,,,,,,,,,,,
11,GUANAJUATO,8,GUANAJUATO,15,GUANAJUATO,881,B,102,14,1,0,1,2,6,0,0,0,126,0,126,439,,,,,,,,,,,,,,,,,,,,,
11,GUANAJUATO,8,GUANAJUATO,15,GUANAJUATO,882,B,106,28,1,1,1,1,8,1,0,2,152,5,157,333,,,,,,,,,,,,,,,,,,,,,
11,GUANAJUATO,8,GUANAJUATO,15,GUANAJUATO,883,B,74,24,0,1,0,2,14,1,0,1,118,5,123,432,,,,,,,,,,,,,,,,,,,,,
11,GUANAJUATO,8,GUANAJUATO,15,GUANAJUATO,883,C01,59,22,1,1,4,12,10,1,3,0,113,6,119,432,,,,,,,,,,,,,,,,,,,,,
11,GUANAJUATO,8,GUANAJUATO,15,GUANAJUATO,884,B,57,15,0,0,1,2,11,0,0,0,86,3,89,232,,,,,,,,,,,,,,,,,,,,,
11,GUANAJUATO,8,GUANAJUATO,15,GUANAJUATO,885,B,195,8,1,5,1,1,59,2,1,0,279,3,282,695,,,,,,,,,,,,,,,,,,,,,
11,GUANAJUATO,8,GUANAJUATO,15,GUANAJUATO,885,E01,53,8,1,1,0,0,36,2,0,1,105,4,109,225,,,,,,,,,,,,,,,,,,,,,
11,GUANAJUATO,8,GUANAJUATO,15,GUANAJUATO,886,B,148,4,0,1,0,0,15,1,0,0,170,0,170,379,,,,,,,,,,,,,,,,,,,,,
11,GUANAJUATO,8,GUANAJUATO,15,GUANAJUATO,887,B,166,40,0,1,2,8,37,6,0,0,264,6,270,651,,,,,,,,,,,,,,,,,,,,,
11,GUANAJUATO,8,GUANAJUATO,15,GUANAJUATO,887,C01,146,30,1,5,3,8,45,4,1,0,245,6,251,650,,,,,,,,,,,,,,,,,,,,,
11,GUANAJUATO,8,GUANAJUATO,15,GUANAJUATO,888,B,142,15,2,3,2,4,62,1,2,5,240,7,247,720,,,,,,,,,,,,,,,,,,,,,
11,GUANAJUATO,8,GUANAJUATO,15,GUANAJUATO,888,C01,145,20,3,8,2,6,50,1,2,5,246,7,253,720,,,,,,,,,,,,,,,,,,,,,
11,GUANAJUATO,8,GUANAJUATO,15,GUANAJUATO,889,B,151,33,7,3,4,10,25,2,1,3,240,13,253,645,,,,,,,,,,,,,,,,,,,,,
11,GUANAJUATO,8,GUANAJUATO,15,GUANAJUATO,889,C01,204,28,3,10,1,1,27,1,1,3,280,10,290,644,,,,,,,,,,,,,,,,,,,,,
11,GUANAJUATO,8,GUANAJUATO,15,GUANAJUATO,890,B,70,16,3,4,3,4,22,1,7,0,130,5,135,518,,,,,,,,,,,,,,,,,,,,,
11,GUANAJUATO,8,GUANAJUATO,15,GUANAJUATO,890,C01,73,20,2,8,3,5,21,0,1,4,139,11,150,518,,,,,,,,,,,,,,,,,,,,,
11,GUANAJUATO,8,GUANAJUATO,15,GUANAJUATO,890,E01,165,19,0,5,0,1,6,0,0,0,196,13,209,477,,,,,,,,,,,,,,,,,,,,,
11,GUANAJUATO,8,GUANAJUATO,15,GUANAJUATO,891,B,112,16,1,2,0,5,7,0,1,3,150,0,150,329,,,,,,,,,,,,,,,,,,,,,
11,GUANAJUATO,8,GUANAJUATO,15,GUANAJUATO,892,B,47,3,0,2,0,2,2,0,0,0,56,0,56,94,,,,,,,,,,,,,,,,,,,,,
11,GUANAJUATO,8,GUANAJUATO,15,GUANAJUATO,893,B,129,19,1,12,4,6,27,1,0,2,205,22,227,693,,,,,,,,,,,,,,,,,,,,,
11,GUANAJUATO,8,GUANAJUATO,15,GUANAJUATO,894,B,108,20,3,3,2,3,16,2,0,7,167,6,173,526,,,,,,,,,,,,,,,,,,,,,
11,GUANAJUATO,8,GUANAJUATO,15,GUANAJUATO,894,C01,91,25,5,4,3,2,22,2,0,0,157,7,164,525,,,,,,,,,,,,,,,,,,,,,
11,GUANAJUATO,8,GUANAJUATO,15,GUANAJUATO,895,B,117,12,4,3,1,12,29,2,2,9,192,2,194,516,,,,,,,,,,,,,,,,,,,,,
11,GUANAJUATO,8,GUANAJUATO,15,GUANAJUATO,895,C01,127,10,2,1,3,10,13,0,1,4,174,2,176,515,,,,,,,,,,,,,,,,,,,,,
11,GUANAJUATO,8,GUANAJUATO,15,GUANAJUATO,895,C02,106,22,6,5,3,5,28,1,2,0,180,4,185,515,,,,,,,,,,,,,,,,,,,,,
11,GUANAJUATO,8,GUANAJUATO,15,GUANAJUATO,896,B,105,53,1,5,4,10,45,2,4,9,250,6,256,730,,,,,,,,,,,,,,,,,,,,,
11,GUANAJUATO,8,GUANAJUATO,15,GUANAJUATO,896,C01,115,40,5,11,1,16,49,3,1,11,257,9,266,730,,,,,,,,,,,,,,,,,,,,,
11,GUANAJUATO,8,GUANAJUATO,15,GUANAJUATO,896,C02,123,48,2,8,2,17,30,3,1,3,244,11,255,730,,,,,,,,,,,,,,,,,,,,,
11,GUANAJUATO,8,GUANAJUATO,15,GUANAJUATO,896,C03,121,57,2,11,2,27,30,4,1,7,272,7,279,730,,,,,,,,,,,,,,,,,,,,,
11,GUANAJUATO,8,GUANAJUATO,15,GUANAJUATO,896,C04,135,33,6,10,4,15,33,2,1,6,294,10,304,729,,,,,,,,,,,,,,,,,,,,,
11,GUANAJUATO,8,GUANAJUATO,15,GUANAJUATO,897,B,135,58,1,5,2,19,50,3,3,20,302,4,306,697,,,,,,,,,,,,,,,,,,,,,
11,GUANAJUATO,8,GUANAJUATO,15,GUANAJUATO,897,C01,136,38,6,4,3,24,58,2,3,17,296,6,302,697,,,,,,,,,,,,,,,,,,,,,
11,GUANAJUATO,8,GUANAJUATO,15,GUANAJUATO,897,C02,95,37,3,3,4,23,37,1,1,17,224,6,230,697,,,,,,,,,,,,,,,,,,,,,
11,GUANAJUATO,8,GUANAJUATO,15,GUANAJUATO,898,B,97,19,6,2,3,13,53,6,1,10,212,6,218,572,,,,,,,,,,,,,,,,,,,,,
11,GUANAJUATO,8,GUANAJUATO,15,GUANAJUATO,898,C01,97,28,3,0,1,23,45,2,2,12,218,7,225,572,,,,,,,,,,,,,,,,,,,,,
11,GUANAJUATO,8,GUANAJUATO,15,GUANAJUATO,898,C02,86,29,2,4,0,14,44,2,0,14,200,7,207,571,,,,,,,,,,,,,,,,,,,,,
11,GUANAJUATO,8,GUANAJUATO,15,GUANAJUATO,899,B,99,25,2,5,3,16,52,4,1,6,216,7,223,632,,,,,,,,,,,,,,,,,,,,,
11,GUANAJUATO,8,GUANAJUATO,15,GUANAJUATO,899,C01,78,22,3,8,2,16,53,1,2,24,212,11,223,632,,,,,,,,,,,,,,,,,,,,,
11,GUANAJUATO,8,GUANAJUATO,15,GUANAJUATO,899,E01,45,13,2,9,1,9,30,1,0,2,113,6,119,419,,,,,,,,,,,,,,,,,,,,,
11,GUANAJUATO,8,GUANAJUATO,15,GUANAJUATO,899,E01C01,71,16,0,9,0,12,23,0,1,4,139,5,144,419,,,,,,,,,,,,,,,,,,,,,
11,GUANAJUATO,8,GUANAJUATO,15,GUANAJUATO,899,C02,119,28,5,2,4,20,34,1,0,19,235,5,240,632,,,,,,,,,,,,,,,,,,,,,
11,GUANAJUATO,8,GUANAJUATO,15,GUANAJUATO,899,C03,98,30,2,2,4,13,66,3,1,20,244,8,252,631,,,,,,,,,,,,,,,,,,,,,
11,GUANAJUATO,8,GUANAJUATO,15,GUANAJUATO,900,B,190,27,7,14,3,29,37,3,5,6,335,3,338,700,,,,,,,,,,,,,,,,,,,,,
11,GUANAJUATO,8,GUANAJUATO,15,GUANAJUATO,900,C01,188,44,3,14,5,24,39,2,8,4,339,6,346,699,,,,,,,,,,,,,,,,,,,,,
11,GUANAJUATO,8,GUANAJUATO,15,GUANAJUATO,900,C02,170,41,5,16,2,16,31,0,4,10,313,9,322,699,,,,,,,,,,,,,,,,,,,,,
11,GUANAJUATO,8,GUANAJUATO,15,GUANAJUATO,900,C03,154,34,5,10,2,27,48,2,4,14,312,12,324,699,,,,,,,,,,,,,,,,,,,,,
11,GUANAJUATO,8,GUANAJUATO,15,GUANAJUATO,900,C04,209,35,4,17,3,22,34,5,6,10,355,8,363,699,,,,,,,,,,,,,,,,,,,,,
11,GUANAJUATO,8,GUANAJUATO,15,GUANAJUATO,901,B,132,32,3,10,4,10,41,0,3,9,247,5,252,666,,,,,,,,,,,,,,,,,,,,,
11,GUANAJUATO,8,GUANAJUATO,15,GUANAJUATO,901,C01,108,32,2,5,7,15,23,0,6,6,210,16,226,666,,,,,,,,,,,,,,,,,,,,,
11,GUANAJUATO,8,GUANAJUATO,15,GUANAJUATO,901,C02,100,38,4,4,4,9,38,0,1,3,203,10,213,666,,,,,,,,,,,,,,,,,,,,,
11,GUANAJUATO,8,GUANAJUATO,15,GUANAJUATO,902,B,141,29,1,7,4,13,44,1,8,1,258,9,267,648,,,,,,,,,,,,,,,,,,,,,
11,GUANAJUATO,8,GUANAJUATO,15,GUANAJUATO,902,C01,128,33,6,8,0,9,20,2,3,4,220,9,230,647,,,,,,,,,,,,,,,,,,,,,
11,GUANAJUATO,8,GUANAJUATO,15,GUANAJUATO,902,C02,136,31,2,9,2,12,40,1,2,2,240,10,250,647,,,,,,,,,,,,,,,,,,,,,
11,GUANAJUATO,8,GUANAJUATO,15,GUANAJUATO,902,C03,138,31,2,9,0,14,34,1,4,3,240,9,249,647,,,,,,,,,,,,,,,,,,,,,
11,GUANAJUATO,8,GUANAJUATO,15,GUANAJUATO,903,B,94,16,4,8,1,8,15,0,2,0,149,3,152,442,,,,,,,,,,,,,,,,,,,,,
11,GUANAJUATO,8,GUANAJUATO,15,GUANAJUATO,903,C01,86,19,4,5,2,6,18,1,2,5,148,5,153,441,,,,,,,,,,,,,,,,,,,,,
11,GUANAJUATO,8,GUANAJUATO,15,GUANAJUATO,903,E01,90,31,7,7,3,12,57,1,4,6,221,14,235,622,,,,,,,,,,,,,,,,,,,,,
11,GUANAJUATO,8,GUANAJUATO,15,GUANAJUATO,904,B,132,29,6,8,3,3,2,1,2,2,195,9,204,629,,,,,,,,,,,,,,,,,,,,,
11,GUANAJUATO,8,GUANAJUATO,15,GUANAJUATO,904,C01,116,26,2,5,2,5,23,1,1,4,197,9,206,629,,,,,,,,,,,,,,,,,,,,,
11,GUANAJUATO,8,GUANAJUATO,15,GUANAJUATO,904,E01,80,21,0,7,2,9,32,0,2,4,184,6,190,445,,,,,,,,,,,,,,,,,,,,,
11,GUANAJUATO,8,GUANAJUATO,15,GUANAJUATO,905,B,57,26,4,3,4,6,2,4,0,4,113,6,119,452,,,,,,,,,,,,,,,,,,,,,
11,GUANAJUATO,8,GUANAJUATO,15,GUANAJUATO,905,C01,58,32,10,5,1,3,24,1,3,1,142,4,146,451,,,,,,,,,,,,,,,,,,,,,
11,GUANAJUATO,8,GUANAJUATO,15,GUANAJUATO,905,E01,41,15,2,4,0,4,17,1,1,1,87,5,92,377,,,,,,,,,,,,,,,,,,,,,
11,GUANAJUATO,8,GUANAJUATO,15,GUANAJUATO,905,E01C01,54,10,0,2,0,7,13,0,0,2,89,1,90,377,,,,,,,,,,,,,,,,,,,,,
11,GUANAJUATO,8,GUANAJUATO,15,GUANAJUATO,906,B,109,16,3,0,4,5,47,0,1,3,190,6,197,434,,,,,,,,,,,,,,,,,,,,,
11,GUANAJUATO,8,GUANAJUATO,15,GUANAJUATO,906,C01,106,14,4,2,2,6,32,0,1,5,175,3,178,433,,,,,,,,,,,,,,,,,,,,,
11,GUANAJUATO,8,GUANAJUATO,15,GUANAJUATO,907,B,118,9,2,3,6,4,25,1,1,0,169,5,174,513,,,,,,,,,,,,,,,,,,,,,
11,GUANAJUATO,8,GUANAJUATO,15,GUANAJUATO,907,C01,92,24,2,1,0,5,25,0,0,4,155,0,155,513,,,,,,,,,,,,,,,,,,,,,
11,GUANAJUATO,8,GUANAJUATO,15,GUANAJUATO,907,C02,111,27,0,3,2,7,23,0,0,0,174,4,178,512,,,,,,,,,,,,,,,,,,,,,
11,GUANAJUATO,8,GUANAJUATO,15,GUANAJUATO,908,B,82,70,1,5,2,30,9,3,2,1,207,5,212,686,,,,,,,,,,,,,,,,,,,,,
11,GUANAJUATO,8,GUANAJUATO,15,GUANAJUATO,908,C01,111,38,2,4,0,26,12,1,1,0,199,2,201,686,,,,,,,,,,,,,,,,,,,,,
11,GUANAJUATO,8,GUANAJUATO,15,GUANAJUATO,908,C02,68,76,3,4,3,31,18,3,0,1,210,7,217,686,,,,,,,,,,,,,,,,,,,,,
11,GUANAJUATO,8,GUANAJUATO,15,GUANAJUATO,908,C03,85,47,3,3,1,34,5,0,2,2,183,4,187,686,,,,,,,,,,,,,,,,,,,,,
11,GUANAJUATO,8,GUANAJUATO,15,GUANAJUATO,909,B,96,20,8,7,1,2,33,4,1,7,181,10,191,648,,,,,,,,,,,,,,,,,,,,,
11,GUANAJUATO,8,GUANAJUATO,15,GUANAJUATO,909,C01,71,20,6,7,0,5,42,3,1,0,157,7,164,648,,,,,,,,,,,,,,,,,,,,,
11,GUANAJUATO,8,GUANAJUATO,15,GUANAJUATO,909,C02,92,18,4,5,0,9,35,4,0,2,170,8,178,648,,,,,,,,,,,,,,,,,,,,,
11,GUANAJUATO,8,GUANAJUATO,15,GUANAJUATO,909,C03,100,18,0,2,4,5,26,2,0,2,166,3,169,647,,,,,,,,,,,,,,,,,,,,,
11,GUANAJUATO,8,GUANAJUATO,15,GUANAJUATO,910,B,165,9,0,5,0,23,23,0,4,0,233,5,238,577,,,,,,,,,,,,,,,,,,,,,
11,GUANAJUATO,8,GUANAJUATO,15,GUANAJUATO,910,C01,127,31,1,3,4,15,28,2,1,3,216,4,220,576,,,,,,,,,,,,,,,,,,,,,
11,GUANAJUATO,8,GUANAJUATO,15,GUANAJUATO,910,E01,153,11,4,5,2,3,14,0,0,3,197,15,212,649,,,,,,,,,,,,,,,,,,,,,
11,GUANAJUATO,8,GUANAJUATO,15,GUANAJUATO,911,B,148,10,2,5,3,6,21,1,1,1,202,4,206,658,,,,,,,,,,,,,,,,,,,,,
11,GUANAJUATO,8,GUANAJUATO,15,GUANAJUATO,911,C01,183,36,3,4,2,9,16,0,1,1,258,6,264,658,,,,,,,,,,,,,,,,,,,,,
11,GUANAJUATO,8,GUANAJUATO,15,GUANAJUATO,912,B,160,3,0,6,0,3,25,1,1,1,202,3,205,567,,,,,,,,,,,,,,,,,,,,,
11,GUANAJUATO,8,GUANAJUATO,15,GUANAJUATO,912,C01,160,1,1,0,0,1,11,0,0,0,174,2,176,567,,,,,,,,,,,,,,,,,,,,,
11,GUANAJUATO,8,GUANAJUATO,15,GUANAJUATO,912,E01,107,7,3,1,0,1,23,0,1,0,146,0,146,509,,,,,,,,,,,,,,,,,,,,,
11,GUANAJUATO,8,GUANAJUATO,15,GUANAJUATO,912,E01C01,102,2,2,3,1,2,16,0,2,0,130,2,132,508,,,,,,,,,,,,,,,,,,,,,
11,GUANAJUATO,8,GUANAJUATO,15,GUANAJUATO,912,E02,70,9,3,5,1,4,38,2,1,1,135,0,135,370,,,,,,,,,,,,,,,,,,,,,
11,GUANAJUATO,8,GUANAJUATO,15,GUANAJUATO,913,B,211,6,0,3,5,5,49,1,0,0,284,3,287,614,,,,,,,,,,,,,,,,,,,,,
11,GUANAJUATO,8,GUANAJUATO,15,GUANAJUATO,913,C01,165,7,0,3,0,2,45,0,0,0,224,2,226,613,,,,,,,,,,,,,,,,,,,,,
11,GUANAJUATO,8,GUANAJUATO,15,GUANAJUATO,914,B,211,7,0,2,3,1,15,4,1,0,245,0,245,711,,,,,,,,,,,,,,,,,,,,,
11,GUANAJUATO,8,GUANAJUATO,15,GUANAJUATO,914,C01,205,11,2,0,2,2,18,2,0,1,243,2,245,710,,,,,,,,,,,,,,,,,,,,,
11,GUANAJUATO,8,GUANAJUATO,15,GUANAJUATO,914,C02,192,13,0,0,3,4,23,1,0,3,244,2,246,710,,,,,,,,,,,,,,,,,,,,,
11,GUANAJUATO,8,GUANAJUATO,15,GUANAJUATO,915,B,139,41,7,11,3,18,45,1,8,20,298,10,308,729,,,,,,,,,,,,,,,,,,,,,
11,GUANAJUATO,8,GUANAJUATO,15,GUANAJUATO,915,C01,149,44,5,5,5,36,53,2,2,14,319,14,333,729,,,,,,,,,,,,,,,,,,,,,
11,GUANAJUATO,8,GUANAJUATO,15,GUANAJUATO,915,C02,154,43,9,9,4,31,58,0,8,12,346,6,352,728,,,,,,,,,,,,,,,,,,,,,
11,GUANAJUATO,8,GUANAJUATO,15,GUANAJUATO,915,C03,159,47,5,7,4,25,66,4,10,28,364,5,369,728,,,,,,,,,,,,,,,,,,,,,
11,GUANAJUATO,8,GUANAJUATO,15,GUANAJUATO,3169,B,130,23,11,7,3,12,32,0,6,10,239,11,250,528,,,,,,,,,,,,,,,,,,,,,
11,GUANAJUATO,8,GUANAJUATO,15,GUANAJUATO,3169,C01,108,31,5,12,2,27,38,5,4,6,242,6,250,527,,,,,,,,,,,,,,,,,,,,,
11,GUANAJUATO,8,GUANAJUATO,15,GUANAJUATO,3169,C02,102,20,3,8,2,6,45,0,6,13,223,10,233,527,,,,,,,,,,,,,,,,,,,,,
11,GUANAJUATO,8,GUANAJUATO,15,GUANAJUATO,3170,B,167,43,6,13,1,45,40,0,4,8,340,0,341,555,,,,,,,,,,,,,,,,,,,,,
11,GUANAJUATO,8,GUANAJUATO,15,GUANAJUATO,3170,C01,187,48,2,8,0,40,45,1,6,9,353,4,358,555,,,,,,,,,,,,,,,,,,,,,
11,GUANAJUATO,8,GUANAJUATO,15,GUANAJUATO,3171,B,174,44,2,17,1,31,35,1,7,11,328,5,334,660,,,,,,,,,,,,,,,,,,,,,
11,GUANAJUATO,8,GUANAJUATO,15,GUANAJUATO,3171,C01,148,44,2,14,4,28,46,6,4,6,308,11,319,660,,,,,,,,,,,,,,,,,,,,,
11,GUANAJUATO,8,GUANAJUATO,15,GUANAJUATO,3171,S01,23,2,1,1,0,4,8,0,0,0,42,0,42,0,,,,,,,,,,,,,,,,,,,,,
11,GUANAJUATO,8,GUANAJUATO,15,GUANAJUATO,3171,C02,181,36,8,6,2,15,25,0,6,12,296,5,302,660,,,,,,,,,,,,,,,,,,,,,
11,GUANAJUATO,8,GUANAJUATO,15,GUANAJUATO,3171,C03,164,41,5,13,1,17,32,1,3,12,295,8,303,660,,,,,,,,,,,,,,,,,,,,,
11,GUANAJUATO,8,GUANAJUATO,15,GUANAJUATO,3172,B,197,60,3,13,4,24,53,3,4,6,374,9,383,662,,,,,,,,,,,,,,,,,,,,,
11,GUANAJUATO,8,GUANAJUATO,15,GUANAJUATO,3172,C01,194,63,8,7,1,31,51,1,6,9,378,5,383,662,,,,,,,,,,,,,,,,,,,,,
11,GUANAJUATO,8,GUANAJUATO,15,GUANAJUATO,3172,C02,182,58,9,6,2,31,30,1,10,10,348,1,349,662,,,,,,,,,,,,,,,,,,,,,
11,GUANAJUATO,8,GUANAJUATO,15,GUANAJUATO,3173,B,136,33,2,21,2,17,41,3,5,13,281,5,286,646,,,,,,,,,,,,,,,,,,,,,
11,GUANAJUATO,8,GUANAJUATO,15,GUANAJUATO,3173,C01,142,33,6,10,3,24,38,3,1,12,278,13,292,646,,,,,,,,,,,,,,,,,,,,,
11,GUANAJUATO,8,GUANAJUATO,15,GUANAJUATO,3173,C02,121,37,5,15,4,33,34,2,5,12,275,13,288,645,,,,,,,,,,,,,,,,,,,,,
11,GUANAJUATO,8,GUANAJUATO,15,GUANAJUATO,3173,C03,124,36,8,7,2,15,43,0,7,27,278,5,283,645,,,,,,,,,,,,,,,,,,,,,
11,GUANAJUATO,8,GUANAJUATO,15,GUANAJUATO,3174,B,151,41,3,14,2,23,48,2,2,13,309,4,313,686,,,,,,,,,,,,,,,,,,,,,
11,GUANAJUATO,8,GUANAJUATO,15,GUANAJUATO,3174,C01,134,40,4,18,3,20,43,3,3,16,295,7,302,685,,,,,,,,,,,,,,,,,,,,,
11,GUANAJUATO,8,GUANAJUATO,15,GUANAJUATO,3174,C02,159,38,5,7,3,31,47,1,4,12,318,9,327,685,,,,,,,,,,,,,,,,,,,,,
11,GUANAJUATO,8,GUANAJUATO,15,GUANAJUATO,3174,C03,154,36,6,16,0,32,50,1,3,11,316,13,330,685,,,,,,,,,,,,,,,,,,,,,
11,GUANAJUATO,8,GUANAJUATO,15,GUANAJUATO,3175,B,140,38,6,14,7,25,39,4,2,16,299,12,311,683,,,,,,,,,,,,,,,,,,,,,
11,GUANAJUATO,8,GUANAJUATO,15,GUANAJUATO,3175,C01,176,38,3,11,9,35,52,2,4,16,353,3,356,683,,,,,,,,,,,,,,,,,,,,,
11,GUANAJUATO,8,GUANAJUATO,15,GUANAJUATO,3175,C02,165,32,6,11,5,18,38,1,5,13,302,7,310,683,,,,,,,,,,,,,,,,,,,,,
11,GUANAJUATO,8,GUANAJUATO,15,GUANAJUATO,3175,C03,142,35,5,14,8,16,32,0,0,19,280,7,288,683,,,,,,,,,,,,,,,,,,,,,
11,GUANAJUATO,8,GUANAJUATO,15,GUANAJUATO,3176,B,77,25,2,8,1,11,16,0,1,5,151,5,156,383,,,,,,,,,,,,,,,,,,,,,
11,GUANAJUATO,8,GUANAJUATO,15,GUANAJUATO,3177,B,134,29,5,9,0,18,49,3,4,10,270,7,277,607,,,,,,,,,,,,,,,,,,,,,
11,GUANAJUATO,8,GUANAJUATO,15,GUANAJUATO,3177,C01,131,41,5,8,1,18,42,0,4,13,270,5,275,607,,,,,,,,,,,,,,,,,,,,,
11,GUANAJUATO,8,GUANAJUATO,15,GUANAJUATO,3177,C02,133,19,4,10,2,20,41,6,6,9,258,4,262,606,,,,,,,,,,,,,,,,,,,,,
11,GUANAJUATO,8,GUANAJUATO,15,GUANAJUATO,3178,B,129,35,6,11,2,25,57,3,2,12,288,5,296,552,,,,,,,,,,,,,,,,,,,,,
11,GUANAJUATO,8,GUANAJUATO,15,GUANAJUATO,3178,C01,149,36,7,8,3,21,47,1,4,8,296,6,302,551,,,,,,,,,,,,,,,,,,,,,
11,GUANAJUATO,9,SAN MIGUEL DE ALLENDE,3,SAN MIGUEL DE ALLENDE,141,B,74,125,13,5,0,12,92,12,6,10,351,5,356,709,,,,,,,,,,,,,,,,,,,,,
11,GUANAJUATO,9,SAN MIGUEL DE ALLENDE,3,SAN MIGUEL DE ALLENDE,141,C01,72,97,16,6,1,8,86,2,1,8,301,5,306,709,,,,,,,,,,,,,,,,,,,,,
11,GUANAJUATO,9,SAN MIGUEL DE ALLENDE,3,SAN MIGUEL DE ALLENDE,141,C02,81,111,15,6,5,6,92,4,2,9,336,3,339,708,,,,,,,,,,,,,,,,,,,,,
11,GUANAJUATO,9,SAN MIGUEL DE ALLENDE,3,SAN MIGUEL DE ALLENDE,141,C03,72,116,9,5,3,9,91,6,0,9,321,9,330,708,,,,,,,,,,,,,,,,,,,,,
11,GUANAJUATO,9,SAN MIGUEL DE ALLENDE,3,SAN MIGUEL DE ALLENDE,141,C04,75,100,14,1,2,3,78,5,3,10,295,3,298,708,,,,,,,,,,,,,,,,,,,,,
11,GUANAJUATO,9,SAN MIGUEL DE ALLENDE,3,SAN MIGUEL DE ALLENDE,141,C05,67,79,9,3,1,7,79,7,0,12,271,4,275,708,,,,,,,,,,,,,,,,,,,,,
11,GUANAJUATO,9,SAN MIGUEL DE ALLENDE,3,SAN MIGUEL DE ALLENDE,141,C06,73,104,8,9,2,7,92,4,1,7,310,3,313,708,,,,,,,,,,,,,,,,,,,,,
11,GUANAJUATO,9,SAN MIGUEL DE ALLENDE,3,SAN MIGUEL DE ALLENDE,141,C07,83,93,16,3,3,4,90,7,0,10,311,8,319,708,,,,,,,,,,,,,,,,,,,,,
11,GUANAJUATO,9,SAN MIGUEL DE ALLENDE,3,SAN MIGUEL DE ALLENDE,142,B,62,126,8,3,2,9,109,5,1,5,331,7,338,664,,,,,,,,,,,,,,,,,,,,,
11,GUANAJUATO,9,SAN MIGUEL DE ALLENDE,3,SAN MIGUEL DE ALLENDE,142,C01,75,84,11,10,4,4,96,7,3,6,303,6,309,664,,,,,,,,,,,,,,,,,,,,,ANULADA
11,GUANAJUATO,9,SAN MIGUEL DE ALLENDE,3,SAN MIGUEL DE ALLENDE,143,B,132,127,6,3,5,8,131,3,2,15,436,11,447,705,,,,,,,,,,,,,,,,,,,,,
11,GUANAJUATO,9,SAN MIGUEL DE ALLENDE,3,SAN MIGUEL DE ALLENDE,143,C01,172,124,3,4,1,7,136,3,1,10,471,9,481,705,,,,,,,,,,,,,,,,,,,,,
11,GUANAJUATO,9,SAN MIGUEL DE ALLENDE,3,SAN MIGUEL DE ALLENDE,144,B,112,114,8,6,3,10,92,5,4,8,366,5,371,599,,,,,,,,,,,,,,,,,,,,,
11,GUANAJUATO,9,SAN MIGUEL DE ALLENDE,3,SAN MIGUEL DE ALLENDE,144,C01,105,117,11,5,2,8,103,4,4,13,375,4,379,599,,,,,,,,,,,,,,,,,,,,,
11,GUANAJUATO,9,SAN MIGUEL DE ALLENDE,3,SAN MIGUEL DE ALLENDE,145,B,70,98,12,1,4,4,93,1,2,10,298,6,304,721,,,,,,,,,,,,,,,,,,,,,
11,GUANAJUATO,9,SAN MIGUEL DE ALLENDE,3,SAN MIGUEL DE ALLENDE,145,C01,71,106,9,1,5,3,81,7,3,7,295,4,300,721,,,,,,,,,,,,,,,,,,,,,
11,GUANAJUATO,9,SAN MIGUEL DE ALLENDE,3,SAN MIGUEL DE ALLENDE,145,C02,76,97,13,6,4,2,78,5,4,8,299,12,311,721,,,,,,,,,,,,,,,,,,,,,ANULADA
11,GUANAJUATO,9,SAN MIGUEL DE ALLENDE,3,SAN MIGUEL DE ALLENDE,145,C03,65,107,12,3,4,6,89,5,2,8,303,5,308,721,,,,,,,,,,,,,,,,,,,,,
11,GUANAJUATO,9,SAN MIGUEL DE ALLENDE,3,SAN MIGUEL DE ALLENDE,145,C04,59,109,11,8,1,4,87,7,3,5,294,3,297,721,,,,,,,,,,,,,,,,,,,,,
11,GUANAJUATO,9,SAN MIGUEL DE ALLENDE,3,SAN MIGUEL DE ALLENDE,145,C05,45,100,13,6,2,7,87,4,1,21,291,9,300,721,,,,,,,,,,,,,,,,,,,,,
11,GUANAJUATO,9,SAN MIGUEL DE ALLENDE,3,SAN MIGUEL DE ALLENDE,145,C06,49,111,8,4,2,3,76,6,3,13,277,4,282,721,,,,,,,,,,,,,,,,,,,,,
11,GUANAJUATO,9,SAN MIGUEL DE ALLENDE,3,SAN MIGUEL DE ALLENDE,145,C07,47,107,11,1,3,8,79,3,2,10,277,8,285,721,,,,,,,,,,,,,,,,,,,,,
11,GUANAJUATO,9,SAN MIGUEL DE ALLENDE,3,SAN MIGUEL DE ALLENDE,145,C08,64,125,10,7,2,3,57,5,2,5,287,5,292,721,,,,,,,,,,,,,,,,,,,,,
11,GUANAJUATO,9,SAN MIGUEL DE ALLENDE,3,SAN MIGUEL DE ALLENDE,146,B,92,110,12,4,6,6,87,3,5,16,349,4,353,699,,,,,,,,,,,,,,,,,,,,,
11,GUANAJUATO,9,SAN MIGUEL DE ALLENDE,3,SAN MIGUEL DE ALLENDE,146,C01,97,124,14,3,2,7,95,5,3,8,361,6,367,699,,,,,,,,,,,,,,,,,,,,,
11,GUANAJUATO,9,SAN MIGUEL DE ALLENDE,3,SAN MIGUEL DE ALLENDE,146,C02,73,142,17,4,4,3,77,5,3,3,333,20,353,698,,,,,,,,,,,,,,,,,,,,,
11,GUANAJUATO,9,SAN MIGUEL DE ALLENDE,3,SAN MIGUEL DE ALLENDE,147,B,86,102,14,3,5,8,76,6,0,15,321,8,329,550,,,,,,,,,,,,,,,,,,,,,
11,GUANAJUATO,9,SAN MIGUEL DE ALLENDE,3,SAN MIGUEL DE ALLENDE,147,C01,81,97,7,5,5,11,85,2,0,5,302,3,305,550,,,,,,,,,,,,,,,,,,,,,
11,GUANAJUATO,9,SAN MIGUEL DE ALLENDE,3,SAN MIGUEL DE ALLENDE,148,B,68,81,5,5,0,13,62,3,2,12,256,9,265,383,,,,,,,,,,,,,,,,,,,,,
11,GUANAJUATO,9,SAN MIGUEL DE ALLENDE,3,SAN MIGUEL DE ALLENDE,148,C01,55,94,8,4,0,9,56,1,0,11,238,7,245,383,,,,,,,,,,,,,,,,,,,,,
11,GUANAJUATO,9,SAN MIGUEL DE ALLENDE,3,SAN MIGUEL DE ALLENDE,149,B,59,92,7,4,5,25,102,5,3,6,311,4,316,562,,,,,,,,,,,,,,,,,,,,,
11,GUANAJUATO,9,SAN MIGUEL DE ALLENDE,3,SAN MIGUEL DE ALLENDE,149,C01,58,60,4,4,8,15,91,11,5,3,264,11,305,561,,,,,,,,,,,,,,,,,,,,,
11,GUANAJUATO,9,SAN MIGUEL DE ALLENDE,3,SAN MIGUEL DE ALLENDE,150,B,80,88,8,6,0,4,60,8,1,0,258,3,261,377,,,,,,,,,,,,,,,,,,,,,
11,GUANAJUATO,9,SAN MIGUEL DE ALLENDE,3,SAN MIGUEL DE ALLENDE,150,C01,78,87,8,0,1,3,50,0,0,4,233,1,234,377,,,,,,,,,,,,,,,,,,,,,
11,GUANAJUATO,9,SAN MIGUEL DE ALLENDE,3,SAN MIGUEL DE ALLENDE,151,B,96,139,5,7,4,12,80,19,2,9,377,17,394,622,,,,,,,,,,,,,,,,,,,,,
11,GUANAJUATO,9,SAN MIGUEL DE ALLENDE,3,SAN MIGUEL DE ALLENDE,152,B,156,140,10,3,3,10,88,6,2,6,430,9,440,714,,,,,,,,,,,,,,,,,,,,,
11,GUANAJUATO,9,SAN MIGUEL DE ALLENDE,3,SAN MIGUEL DE ALLENDE,153,B,74,98,9,1,1,3,85,4,3,7,293,9,302,504,,,,,,,,,,,,,,,,,,,,,
11,GUANAJUATO,9,SAN MIGUEL DE ALLENDE,3,SAN MIGUEL DE ALLENDE,153,C01,61,104,12,2,0,4,95,4,3,6,297,8,305,504,,,,,,,,,,,,,,,,,,,,,
11,GUANAJUATO,9,SAN MIGUEL DE ALLENDE,3,SAN MIGUEL DE ALLENDE,154,B,92,93,15,2,0,6,78,10,3,9,310,5,315,617,,,,,,,,,,,,,,,,,,,,,
11,GUANAJUATO,9,SAN MIGUEL DE ALLENDE,3,SAN MIGUEL DE ALLENDE,154,C01,87,85,11,7,6,3,97,9,2,6,317,9,326,617,,,,,,,,,,,,,,,,,,,,,
11,GUANAJUATO,9,SAN MIGUEL DE ALLENDE,3,SAN MIGUEL DE ALLENDE,155,B,64,83,15,6,4,4,91,7,7,5,288,6,294,590,,,,,,,,,,,,,,,,,,,,,
11,GUANAJUATO,9,SAN MIGUEL DE ALLENDE,3,SAN MIGUEL DE ALLENDE,155,C01,63,97,21,5,1,3,73,7,3,5,281,9,290,590,,,,,,,,,,,,,,,,,,,,,
11,GUANAJUATO,9,SAN MIGUEL DE ALLENDE,3,SAN MIGUEL DE ALLENDE,155,C02,49,105,17,3,3,4,92,4,1,5,287,12,299,589,,,,,,,,,,,,,,,,,,,,,
11,GUANAJUATO,9,SAN MIGUEL DE ALLENDE,3,SAN MIGUEL DE ALLENDE,155,C03,80,102,10,9,1,5,73,4,2,3,292,6,298,589,,,,,,,,,,,,,,,,,,,,,
11,GUANAJUATO,9,SAN MIGUEL DE ALLENDE,3,SAN MIGUEL DE ALLENDE,156,B,55,85,16,1,3,4,81,8,0,8,265,4,269,673,,,,,,,,,,,,,,,,,,,,,
11,GUANAJUATO,9,SAN MIGUEL DE ALLENDE,3,SAN MIGUEL DE ALLENDE,156,C01,57,98,20,4,0,3,69,2,0,8,264,5,269,672,,,,,,,,,,,,,,,,,,,,,
11,GUANAJUATO,9,SAN MIGUEL DE ALLENDE,3,SAN MIGUEL DE ALLENDE,156,C02,51,104,14,4,4,5,76,5,0,8,274,3,277,672,,,,,,,,,,,,,,,,,,,,,
11,GUANAJUATO,9,SAN MIGUEL DE ALLENDE,3,SAN MIGUEL DE ALLENDE,156,C03,63,113,11,4,3,5,81,2,3,4,297,9,306,672,,,,,,,,,,,,,,,,,,,,,
11,GUANAJUATO,9,SAN MIGUEL DE ALLENDE,3,SAN MIGUEL DE ALLENDE,156,C04,59,108,15,5,2,4,75,2,3,5,281,4,285,672,,,,,,,,,,,,,,,,,,,,,
11,GUANAJUATO,9,SAN MIGUEL DE ALLENDE,3,SAN MIGUEL DE ALLENDE,156,C05,75,107,19,5,4,7,69,5,3,9,308,7,315,672,,,,,,,,,,,,,,,,,,,,,
11,GUANAJUATO,9,SAN MIGUEL DE ALLENDE,3,SAN MIGUEL DE ALLENDE,157,B,108,149,18,5,1,10,55,10,1,5,368,5,373,637,,,,,,,,,,,,,,,,,,,,,
11,GUANAJUATO,9,SAN MIGUEL DE ALLENDE,3,SAN MIGUEL DE ALLENDE,157,C01,113,128,12,0,1,7,76,6,0,10,356,4,360,637,,,,,,,,,,,,,,,,,,,,,
11,GUANAJUATO,9,SAN MIGUEL DE ALLENDE,3,SAN MIGUEL DE ALLENDE,157,E01,75,108,12,10,1,2,66,7,2,8,293,1,294,594,,,,,,,,,,,,,,,,,,,,,
11,GUANAJUATO,9,SAN MIGUEL DE ALLENDE,3,SAN MIGUEL DE ALLENDE,157,E01C01,69,86,11,8,1,7,66,5,0,6,266,15,281,594,,,,,,,,,,,,,,,,,,,,,
11,GUANAJUATO,9,SAN MIGUEL DE ALLENDE,3,SAN MIGUEL DE ALLENDE,157,S01,24,62,9,2,1,4,43,6,0,4,157,2,159,0,,,,,,,,,,,,,,,,,,,,,
11,GUANAJUATO,9,SAN MIGUEL DE ALLENDE,3,SAN MIGUEL DE ALLENDE,157,C02,103,133,12,4,3,10,91,5,3,8,376,11,390,636,,,,,,,,,,,,,,,,,,,,,
11,GUANAJUATO,9,SAN MIGUEL DE ALLENDE,3,SAN MIGUEL DE ALLENDE,157,C03,109,126,14,6,2,5,96,6,1,9,377,3,380,636,,,,,,,,,,,,,,,,,,,,,
11,GUANAJUATO,9,SAN MIGUEL DE ALLENDE,3,SAN MIGUEL DE ALLENDE,157,C04,97,137,8,4,1,11,87,4,1,8,361,5,367,636,,,,,,,,,,,,,,,,,,,,,
11,GUANAJUATO,9,SAN MIGUEL DE ALLENDE,3,SAN MIGUEL DE ALLENDE,157,C05,116,132,11,2,5,10,75,3,1,13,373,9,382,636,,,,,,,,,,,,,,,,,,,,,
11,GUANAJUATO,9,SAN MIGUEL DE ALLENDE,3,SAN MIGUEL DE ALLENDE,158,B,77,107,19,8,3,3,66,7,2,6,305,6,312,626,,,,,,,,,,,,,,,,,,,,,
11,GUANAJUATO,9,SAN MIGUEL DE ALLENDE,3,SAN MIGUEL DE ALLENDE,158,C01,57,109,14,6,0,5,75,3,5,8,293,5,298,625,,,,,,,,,,,,,,,,,,,,,
11,GUANAJUATO,9,SAN MIGUEL DE ALLENDE,3,SAN MIGUEL DE ALLENDE,158,C02,66,117,10,8,4,13,92,9,1,10,340,7,347,625,,,,,,,,,,,,,,,,,,,,,
11,GUANAJUATO,9,SAN MIGUEL DE ALLENDE,3,SAN MIGUEL DE ALLENDE,159,B,87,104,25,8,1,8,82,8,2,14,345,4,349,639,,,,,,,,,,,,,,,,,,,,,
11,GUANAJUATO,9,SAN MIGUEL DE ALLENDE,3,SAN MIGUEL DE ALLENDE,159,C01,75,116,17,8,1,3,83,7,4,7,321,13,334,639,,,,,,,,,,,,,,,,,,,,,
11,GUANAJUATO,9,SAN MIGUEL DE ALLENDE,3,SAN MIGUEL DE ALLENDE,160,B,55,94,7,7,4,6,84,4,1,4,269,7,276,433,,,,,,,,,,,,,,,,,,,,,
11,GUANAJUATO,9,SAN MIGUEL DE ALLENDE,3,SAN MIGUEL DE ALLENDE,160,C01,61,82,5,3,2,3,64,2,0,7,231,5,236,433,,,,,,,,,,,,,,,,,,,,,
11,GUANAJUATO,9,SAN MIGUEL DE ALLENDE,3,SAN MIGUEL DE ALLENDE,161,B,84,72,10,9,12,5,67,3,1,6,269,3,272,432,,,,,,,,,,,,,,,,,,,,,
11,GUANAJUATO,9,SAN MIGUEL DE ALLENDE,3,SAN MIGUEL DE ALLENDE,162,B,85,80,8,2,1,2,50,2,1,6,243,2,245,392,,,,,,,,,,,,,,,,,,,,,
11,GUANAJUATO,9,SAN MIGUEL DE ALLENDE,3,SAN MIGUEL DE ALLENDE,163,B,102,116,6,3,1,15,100,2,0,13,360,10,371,678,,,,,,,,,,,,,,,,,,,,,ANULADA
11,GUANAJUATO,9,SAN MIGUEL DE ALLENDE,3,SAN MIGUEL DE ALLENDE,164,B,68,132,14,3,0,6,111,5,8,6,358,7,365,746,,,,,,,,,,,,,,,,,,,,,
11,GUANAJUATO,9,SAN MIGUEL DE ALLENDE,3,SAN MIGUEL DE ALLENDE,164,C01,64,120,7,5,4,13,96,6,1,7,328,16,344,746,,,,,,,,,,,,,,,,,,,,,
11,GUANAJUATO,9,SAN MIGUEL DE ALLENDE,3,SAN MIGUEL DE ALLENDE,164,C02,76,136,7,4,3,9,97,6,4,12,359,9,368,746,,,,,,,,,,,,,,,,,,,,,
11,GUANAJUATO,9,SAN MIGUEL DE ALLENDE,3,SAN MIGUEL DE ALLENDE,164,C03,67,120,7,4,3,8,122,4,3,3,342,9,351,746,,,,,,,,,,,,,,,,,,,,,
11,GUANAJUATO,9,SAN MIGUEL DE ALLENDE,3,SAN MIGUEL DE ALLENDE,164,C04,88,114,8,7,5,5,85,4,2,7,327,11,338,746,,,,,,,,,,,,,,,,,,,,,
11,GUANAJUATO,9,SAN MIGUEL DE ALLENDE,3,SAN MIGUEL DE ALLENDE,164,C05,99,112,6,10,5,11,69,7,4,8,335,11,346,745,,,,,,,,,,,,,,,,,,,,,
11,GUANAJUATO,9,SAN MIGUEL DE ALLENDE,3,SAN MIGUEL DE ALLENDE,165,B,94,124,8,6,2,6,116,10,3,6,379,7,386,734,,,,,,,,,,,,,,,,,,,,,
11,GUANAJUATO,9,SAN MIGUEL DE ALLENDE,3,SAN MIGUEL DE ALLENDE,165,C01,77,145,13,8,6,7,98,10,5,4,376,16,393,733,,,,,,,,,,,,,,,,,,,,,
11,GUANAJUATO,9,SAN MIGUEL DE ALLENDE,3,SAN MIGUEL DE ALLENDE,166,B,53,56,2,1,0,5,31,1,0,3,152,4,156,251,,,,,,,,,,,,,,,,,,,,,
11,GUANAJUATO,9,SAN MIGUEL DE ALLENDE,3,SAN MIGUEL DE ALLENDE,167,B,100,71,2,2,1,2,62,0,1,1,245,3,248,408,,,,,,,,,,,,,,,,,,,,,
11,GUANAJUATO,9,SAN MIGUEL DE ALLENDE,3,SAN MIGUEL DE ALLENDE,168,B,101,110,11,6,1,8,82,4,2,6,334,5,340,563,,,,,,,,,,,,,,,,,,,,,
11,GUANAJUATO,9,SAN MIGUEL DE ALLENDE,3,SAN MIGUEL DE ALLENDE,168,C01,100,87,8,5,5,3,93,5,0,8,320,3,323,562,,,,,,,,,,,,,,,,,,,,,
11,GUANAJUATO,9,SAN MIGUEL DE ALLENDE,3,SAN MIGUEL DE ALLENDE,169,B,96,105,11,5,1,6,113,6,4,8,358,12,370,682,,,,,,,,,,,,,,,,,,,,,
11,GUANAJUATO,9,SAN MIGUEL DE ALLENDE,3,SAN MIGUEL DE ALLENDE,169,C01,97,96,13,9,3,8,118,7,2,9,367,8,376,682,,,,,,,,,,,,,,,,,,,,,
11,GUANAJUATO,9,SAN MIGUEL DE ALLENDE,3,SAN MIGUEL DE ALLENDE,170,B,69,76,4,4,0,6,59,4,1,3,228,4,233,377,,,,,,,,,,,,,,,,,,,,,
11,GUANAJUATO,9,SAN MIGUEL DE ALLENDE,3,SAN MIGUEL DE ALLENDE,170,C01,56,69,1,2,1,1,54,3,1,6,196,7,205,376,,,,,,,,,,,,,,,,,,,,,
11,GUANAJUATO,9,SAN MIGUEL DE ALLENDE,3,SAN MIGUEL DE ALLENDE,171,B,79,121,10,4,2,4,99,9,4,8,348,6,354,747,,,,,,,,,,,,,,,,,,,,,
11,GUANAJUATO,9,SAN MIGUEL DE ALLENDE,3,SAN MIGUEL DE ALLENDE,171,C01,59,109,13,6,5,5,85,14,4,6,314,12,326,746,,,,,,,,,,,,,,,,,,,,,
11,GUANAJUATO,9,SAN MIGUEL DE ALLENDE,3,SAN MIGUEL DE ALLENDE,172,B,99,130,11,7,2,5,119,5,4,7,391,6,399,658,,,,,,,,,,,,,,,,,,,,,
11,GUANAJUATO,9,SAN MIGUEL DE ALLENDE,3,SAN MIGUEL DE ALLENDE,172,C01,118,116,17,5,5,11,106,5,0,5,394,9,404,658,,,,,,,,,,,,,,,,,,,,,
11,GUANAJUATO,9,SAN MIGUEL DE ALLENDE,3,SAN MIGUEL DE ALLENDE,172,S01,37,53,6,1,2,2,39,4,0,2,146,0,146,0,,,,,,,,,,,,,,,,,,,,,
11,GUANAJUATO,9,SAN MIGUEL DE ALLENDE,3,SAN MIGUEL DE ALLENDE,172,C02,109,125,8,3,2,10,114,7,1,6,392,4,396,657,,,,,,,,,,,,,,,,,,,,,
11,GUANAJUATO,9,SAN MIGUEL DE ALLENDE,3,SAN MIGUEL DE ALLENDE,172,C03,93,149,10,4,2,14,81,8,2,6,376,7,383,657,,,,,,,,,,,,,,,,,,,,,
11,GUANAJUATO,9,SAN MIGUEL DE ALLENDE,3,SAN MIGUEL DE ALLENDE,172,C04,115,150,8,5,3,8,98,5,0,8,409,5,414,657,,,,,,,,,,,,,,,,,,,,,
11,GUANAJUATO,9,SAN MIGUEL DE ALLENDE,3,SAN MIGUEL DE ALLENDE,173,B,106,141,13,5,7,8,101,6,2,6,404,12,416,728,,,,,,,,,,,,,,,,,,,,,
11,GUANAJUATO,9,SAN MIGUEL DE ALLENDE,3,SAN MIGUEL DE ALLENDE,173,C01,89,125,12,11,6,16,113,5,1,5,387,5,392,728,,,,,,,,,,,,,,,,,,,,,
11,GUANAJUATO,9,SAN MIGUEL DE ALLENDE,3,SAN MIGUEL DE ALLENDE,173,C02,103,127,11,4,5,15,102,5,4,6,385,2,387,727,,,,,,,,,,,,,,,,,,,,,
11,GUANAJUATO,9,SAN MIGUEL DE ALLENDE,3,SAN MIGUEL DE ALLENDE,173,C03,112,116,17,7,3,12,89,5,2,8,375,3,378,727,,,,,,,,,,,,,,,,,,,,,
11,GUANAJUATO,9,SAN MIGUEL DE ALLENDE,3,SAN MIGUEL DE ALLENDE,173,C04,92,127,7,7,4,12,78,9,3,5,348,12,361,727,,,,,,,,,,,,,,,,,,,,,
11,GUANAJUATO,9,SAN MIGUEL DE ALLENDE,3,SAN MIGUEL DE ALLENDE,174,B,92,108,11,10,2,5,72,4,1,6,315,6,321,677,,,,,,,,,,,,,,,,,,,,,
11,GUANAJUATO,9,SAN MIGUEL DE ALLENDE,3,SAN MIGUEL DE ALLENDE,174,C01,94,124,5,5,7,7,86,5,6,12,356,5,362,676,,,,,,,,,,,,,,,,,,,,,
11,GUANAJUATO,9,SAN MIGUEL DE ALLENDE,3,SAN MIGUEL DE ALLENDE,175,B,117,78,14,10,0,1,85,5,2,2,316,8,324,699,,,,,,,,,,,,,,,,,,,,,
11,GUANAJUATO,9,SAN MIGUEL DE ALLENDE,3,SAN MIGUEL DE ALLENDE,175,C01,115,75,10,3,3,4,74,7,0,7,303,7,310,699,,,,,,,,,,,,,,,,,,,,,
11,GUANAJUATO,9,SAN MIGUEL DE ALLENDE,3,SAN MIGUEL DE ALLENDE,175,S01,41,74,3,1,1,1,41,0,1,4,169,6,175,0,,,,,,,,,,,,,,,,,,,,,
11,GUANAJUATO,9,SAN MIGUEL DE ALLENDE,3,SAN MIGUEL DE ALLENDE,175,C02,111,98,12,7,0,4,72,11,3,4,329,5,334,699,,,,,,,,,,,,,,,,,,,,,
11,GUANAJUATO,9,SAN MIGUEL DE ALLENDE,3,SAN MIGUEL DE ALLENDE,175,C03,133,78,8,8,1,3,63,10,3,3,313,5,318,698,,,,,,,,,,,,,,,,,,,,,
11,GUANAJUATO,9,SAN MIGUEL DE ALLENDE,3,SAN MIGUEL DE ALLENDE,176,B,232,77,13,4,0,1,69,0,0,3,402,4,406,661,,,,,,,,,,,,,,,,,,,,,
11,GUANAJUATO,9,SAN MIGUEL DE ALLENDE,3,SAN MIGUEL DE ALLENDE,176,C01,214,86,3,4,2,5,72,3,1,3,396,5,402,660,,,,,,,,,,,,,,,,,,,,,
11,GUANAJUATO,9,SAN MIGUEL DE ALLENDE,3,SAN MIGUEL DE ALLENDE,177,B,128,68,12,9,3,3,46,3,2,7,287,14,301,593,,,,,,,,,,,,,,,,,,,,,
11,GUANAJUATO,9,SAN MIGUEL DE ALLENDE,3,SAN MIGUEL DE ALLENDE,177,C01,89,114,12,7,0,1,42,0,0,6,271,8,279,593,,,,,,,,,,,,,,,,,,,,,
11,GUANAJUATO,9,SAN MIGUEL DE ALLENDE,3,SAN MIGUEL DE ALLENDE,177,C02,111,79,27,18,3,3,48,3,0,8,301,4,305,593,,,,,,,,,,,,,,,,,,,,,
11,GUANAJUATO,9,SAN MIGUEL DE ALLENDE,3,SAN MIGUEL DE ALLENDE,178,B,99,55,10,3,3,1,54,6,0,2,236,10,246,516,,,,,,,,,,,,,,,,,,,,,
11,GUANAJUATO,9,SAN MIGUEL DE ALLENDE,3,SAN MIGUEL DE ALLENDE,179,B,94,42,3,15,2,1,47,3,2,0,212,7,219,553,,,,,,,,,,,,,,,,,,,,,
11,GUANAJUATO,9,SAN MIGUEL DE ALLENDE,3,SAN MIGUEL DE ALLENDE,179,C01,80,62,3,8,1,3,73,6,5,1,245,12,257,553,,,,,,,,,,,,,,,,,,,,,
11,GUANAJUATO,9,SAN MIGUEL DE ALLENDE,3,SAN MIGUEL DE ALLENDE,180,B,74,42,4,10,4,1,18,2,0,3,159,8,167,519,,,,,,,,,,,,,,,,,,,,,
11,GUANAJUATO,9,SAN MIGUEL DE ALLENDE,3,SAN MIGUEL DE ALLENDE,180,C01,50,35,5,6,1,1,49,2,0,2,151,5,156,519,,,,,,,,,,,,,,,,,,,,,
11,GUANAJUATO,9,SAN MIGUEL DE ALLENDE,3,SAN MIGUEL DE ALLENDE,180,C02,49,34,0,14,2,2,42,4,2,0,151,7,158,519,,,,,,,,,,,,,,,,,,,,,
11,GUANAJUATO,9,SAN MIGUEL DE ALLENDE,3,SAN MIGUEL DE ALLENDE,181,B,68,82,3,10,5,2,73,5,3,1,256,7,264,655,,,,,,,,,,,,,,,,,,,,,
11,GUANAJUATO,9,SAN MIGUEL DE ALLENDE,3,SAN MIGUEL DE ALLENDE,182,B,67,23,3,10,3,0,58,4,4,2,174,4,178,416,,,,,,,,,,,,,,,,,,,,,
11,GUANAJUATO,9,SAN MIGUEL DE ALLENDE,3,SAN MIGUEL DE ALLENDE,182,C01,59,28,2,13,2,2,62,2,2,3,177,6,183,415,,,,,,,,,,,,,,,,,,,,,
11,GUANAJUATO,9,SAN MIGUEL DE ALLENDE,3,SAN MIGUEL DE ALLENDE,183,B,89,42,2,5,2,2,34,2,0,0,179,9,188,679,,,,,,,,,,,,,,,,,,,,,
11,GUANAJUATO,9,SAN MIGUEL DE ALLENDE,3,SAN MIGUEL DE ALLENDE,183,C01,75,64,2,4,1,1,25,1,1,2,179,9,188,678,,,,,,,,,,,,,,,,,,,,,
11,GUANAJUATO,9,SAN MIGUEL DE ALLENDE,3,SAN MIGUEL DE ALLENDE,184,B,39,12,4,15,2,5,38,3,1,2,128,3,131,507,,,,,,,,,,,,,,,,,,,,,
11,GUANAJUATO,9,SAN MIGUEL DE ALLENDE,3,SAN MIGUEL DE ALLENDE,184,C01,44,21,2,10,3,4,67,2,3,1,163,3,166,507,,,,,,,,,,,,,,,,,,,,,
11,GUANAJUATO,9,SAN MIGUEL DE ALLENDE,3,SAN MIGUEL DE ALLENDE,185,B,42,58,6,5,2,2,44,5,3,3,171,14,185,504,,,,,,,,,,,,,,,,,,,,,
11,GUANAJUATO,9,SAN MIGUEL DE ALLENDE,3,SAN MIGUEL DE ALLENDE,185,C01,51,61,3,4,0,2,45,7,3,4,181,8,189,504,,,,,,,,,,,,,,,,,,,,,
11,GUANAJUATO,9,SAN MIGUEL DE ALLENDE,3,SAN MIGUEL DE ALLENDE,185,C02,49,53,2,4,1,3,43,8,0,0,168,1,169,503,,,,,,,,,,,,,,,,,,,,,
11,GUANAJUATO,9,SAN MIGUEL DE ALLENDE,3,SAN MIGUEL DE ALLENDE,186,B,49,45,1,6,1,5,45,5,0,5,167,14,181,449,,,,,,,,,,,,,,,,,,,,,
11,GUANAJUATO,9,SAN MIGUEL DE ALLENDE,3,SAN MIGUEL DE ALLENDE,186,C01,47,59,2,2,2,3,39,10,3,3,173,9,182,448,,,,,,,,,,,,,,,,,,,,,
11,GUANAJUATO,9,SAN MIGUEL DE ALLENDE,3,SAN MIGUEL DE ALLENDE,187,B,116,20,1,8,7,3,41,4,4,2,212,2,214,528,,,,,,,,,,,,,,,,,,,,,
11,GUANAJUATO,9,SAN MIGUEL DE ALLENDE,3,SAN MIGUEL DE ALLENDE,188,B,101,72,7,1,7,7,65,2,7,9,284,9,293,723,,,,,,,,,,,,,,,,,,,,,
11,GUANAJUATO,9,SAN MIGUEL DE ALLENDE,3,SAN MIGUEL DE ALLENDE,188,C01,71,73,8,8,1,5,81,3,8,23,288,6,294,722,,,,,,,,,,,,,,,,,,,,,
11,GUANAJUATO,9,SAN MIGUEL DE ALLENDE,3,SAN MIGUEL DE ALLENDE,188,C02,70,66,2,9,3,3,84,2,5,17,267,13,280,722,,,,,,,,,,,,,,,,,,,,,
11,GUANAJUATO,9,SAN MIGUEL DE ALLENDE,3,SAN MIGUEL DE ALLENDE,189,B,43,122,18,81,1,5,21,2,1,9,310,7,317,633,,,,,,,,,,,,,,,,,,,,,
11,GUANAJUATO,9,SAN MIGUEL DE ALLENDE,3,SAN MIGUEL DE ALLENDE,189,C01,29,121,8,68,4,3,39,3,1,5,281,5,286,632,,,,,,,,,,,,,,,,,,,,,
11,GUANAJUATO,9,SAN MIGUEL DE ALLENDE,3,SAN MIGUEL DE ALLENDE,190,B,51,92,4,36,1,1,74,4,5,5,276,4,280,582,,,,,,,,,,,,,,,,,,,,,
11,GUANAJUATO,9,SAN MIGUEL DE ALLENDE,3,SAN MIGUEL DE ALLENDE,190,C01,64,71,4,39,2,5,59,5,5,9,265,7,272,581,,,,,,,,,,,,,,,,,,,,,
11,GUANAJUATO,9,SAN MIGUEL DE ALLENDE,3,SAN MIGUEL DE ALLENDE,190,C02,59,73,4,25,3,4,67,3,2,5,246,3,249,581,,,,,,,,,,,,,,,,,,,,,
11,GUANAJUATO,9,SAN MIGUEL DE ALLENDE,3,SAN MIGUEL DE ALLENDE,191,B,93,66,3,5,2,2,20,2,8,4,210,15,225,572,,,,,,,,,,,,,,,,,,,,,
11,GUANAJUATO,9,SAN MIGUEL DE ALLENDE,3,SAN MIGUEL DE ALLENDE,191,C01,90,57,2,5,3,1,22,9,3,7,204,8,212,571,,,,,,,,,,,,,,,,,,,,,
11,GUANAJUATO,9,SAN MIGUEL DE ALLENDE,3,SAN MIGUEL DE ALLENDE,192,B,71,86,3,5,3,5,64,4,4,1,249,11,260,601,,,,,,,,,,,,,,,,,,,,,
11,GUANAJUATO,9,SAN MIGUEL DE ALLENDE,3,SAN MIGUEL DE ALLENDE,193,B,77,53,3,15,2,1,57,1,5,2,218,4,222,622,,,,,,,,,,,,,,,,,,,,,
11,GUANAJUATO,9,SAN MIGUEL DE ALLENDE,3,SAN MIGUEL DE ALLENDE,194,B,63,92,1,6,4,2,29,3,0,1,203,9,212,535,,,,,,,,,,,,,,,,,,,,,
11,GUANAJUATO,9,SAN MIGUEL DE ALLENDE,3,SAN MIGUEL DE ALLENDE,194,C01,72,100,3,2,4,7,33,4,1,5,233,10,243,535,,,,,,,,,,,,,,,,,,,,,
11,GUANAJUATO,9,SAN MIGUEL DE ALLENDE,3,SAN MIGUEL DE ALLENDE,194,C02,86,107,0,5,0,1,23,2,0,1,228,10,238,534,,,,,,,,,,,,,,,,,,,,,
11,GUANAJUATO,9,SAN MIGUEL DE ALLENDE,3,SAN MIGUEL DE ALLENDE,195,B,62,59,5,10,1,6,32,9,25,0,215,10,225,593,,,,,,,,,,,,,,,,,,,,,
11,GUANAJUATO,9,SAN MIGUEL DE ALLENDE,3,SAN MIGUEL DE ALLENDE,196,B,37,19,1,7,2,0,52,1,1,1,121,3,124,286,,,,,,,,,,,,,,,,,,,,,
11,GUANAJUATO,9,SAN MIGUEL DE ALLENDE,3,SAN MIGUEL DE ALLENDE,197,B,48,78,1,5,1,5,37,8,3,10,200,13,213,547,,,,,,,,,,,,,,,,,,,,,
11,GUANAJUATO,9,SAN MIGUEL DE ALLENDE,3,SAN MIGUEL DE ALLENDE,197,C01,44,85,4,4,3,10,37,4,3,6,204,6,210,547,,,,,,,,,,,,,,,,,,,,,
11,GUANAJUATO,9,SAN MIGUEL DE ALLENDE,3,SAN MIGUEL DE ALLENDE,197,C02,37,72,3,2,6,7,41,3,1,4,176,9,185,547,,,,,,,,,,,,,,,,,,,,,
11,GUANAJUATO,9,SAN MIGUEL DE ALLENDE,3,SAN MIGUEL DE ALLENDE,198,B,130,75,2,1,2,2,53,2,1,0,270,10,280,603,,,,,,,,,,,,,,,,,,,,,
11,GUANAJUATO,9,SAN MIGUEL DE ALLENDE,3,SAN MIGUEL DE ALLENDE,199,B,99,47,2,4,3,1,56,16,2,1,233,9,242,479,,,,,,,,,,,,,,,,,,,,,
11,GUANAJUATO,9,SAN MIGUEL DE ALLENDE,3,SAN MIGUEL DE ALLENDE,200,B,46,51,8,2,2,4,67,2,1,6,193,13,206,544,,,,,,,,,,,,,,,,,,,,,
11,GUANAJUATO,9,SAN MIGUEL DE ALLENDE,3,SAN MIGUEL DE ALLENDE,200,C01,76,47,5,5,3,3,65,3,3,8,220,4,226,543,,,,,,,,,,,,,,,,,,,,,
11,GUANAJUATO,9,SAN MIGUEL DE ALLENDE,3,SAN MIGUEL DE ALLENDE,200,E01,125,107,6,3,0,8,94,13,1,13,381,16,397,737,,,,,,,,,,,,,,,,,,,,,
11,GUANAJUATO,9,SAN MIGUEL DE ALLENDE,3,SAN MIGUEL DE ALLENDE,200,E01C01,109,86,9,5,1,8,108,2,1,9,344,6,350,737,,,,,,,,,,,,,,,,,,,,,
11,GUANAJUATO,9,SAN MIGUEL DE ALLENDE,3,SAN MIGUEL DE ALLENDE,201,B,95,70,5,12,6,2,83,6,2,10,298,8,306,658,,,,,,,,,,,,,,,,,,,,,
11,GUANAJUATO,9,SAN MIGUEL DE ALLENDE,3,SAN MIGUEL DE ALLENDE,201,C01,103,91,2,7,2,6,67,1,4,7,295,6,301,657,,,,,,,,,,,,,,,,,,,,,
11,GUANAJUATO,9,SAN MIGUEL DE ALLENDE,3,SAN MIGUEL DE ALLENDE,202,B,82,85,3,5,0,4,50,2,0,3,238,8,246,641,,,,,,,,,,,,,,,,,,,,,
11,GUANAJUATO,9,SAN MIGUEL DE ALLENDE,3,SAN MIGUEL DE ALLENDE,202,C01,83,98,4,3,1,4,41,2,2,7,246,8,254,640,,,,,,,,,,,,,,,,,,,,,
11,GUANAJUATO,9,SAN MIGUEL DE ALLENDE,3,SAN MIGUEL DE ALLENDE,202,C02,67,90,6,4,0,1,63,4,1,4,242,5,247,640,,,,,,,,,,,,,,,,,,,,,
11,GUANAJUATO,9,SAN MIGUEL DE ALLENDE,3,SAN MIGUEL DE ALLENDE,203,B,63,53,4,4,6,4,69,2,1,2,209,13,222,724,,,,,,,,,,,,,,,,,,,,,
11,GUANAJUATO,9,SAN MIGUEL DE ALLENDE,3,SAN MIGUEL DE ALLENDE,204,B,29,52,1,3,0,0,14,0,1,4,104,3,107,380,,,,,,,,,,,,,,,,,,,,,
11,GUANAJUATO,9,SAN MIGUEL DE ALLENDE,3,SAN MIGUEL DE ALLENDE,204,C01,33,75,0,2,1,2,21,4,0,1,140,7,147,380,,,,,,,,,,,,,,,,,,,,,
11,GUANAJUATO,9,SAN MIGUEL DE ALLENDE,3,SAN MIGUEL DE ALLENDE,205,B,95,52,13,2,1,6,78,2,3,11,265,6,271,633,,,,,,,,,,,,,,,,,,,,,
11,GUANAJUATO,9,SAN MIGUEL DE ALLENDE,3,SAN MIGUEL DE ALLENDE,205,C01,52,42,15,10,3,4,96,2,2,6,237,7,244,632,,,,,,,,,,,,,,,,,,,,,
11,GUANAJUATO,9,SAN MIGUEL DE ALLENDE,3,SAN MIGUEL DE ALLENDE,206,B,105,96,4,5,4,3,21,6,18,0,262,14,276,643,,,,,,,,,,,,,,,,,,,,,
11,GUANAJUATO,9,SAN MIGUEL DE ALLENDE,3,SAN MIGUEL DE ALLENDE,206,C01,132,120,5,4,0,2,27,1,8,5,306,7,313,643,,,,,,,,,,,,,,,,,,,,,
11,GUANAJUATO,9,SAN MIGUEL DE ALLENDE,3,SAN MIGUEL DE ALLENDE,207,B,43,19,2,14,4,4,33,5,3,1,135,7,142,454,,,,,,,,,,,,,,,,,,,,,
11,GUANAJUATO,9,SAN MIGUEL DE ALLENDE,3,SAN MIGUEL DE ALLENDE,207,C01,44,32,4,15,3,4,32,4,3,0,143,5,148,454,,,,,,,,,,,,,,,,,,,,,
11,GUANAJUATO,9,SAN MIGUEL DE ALLENDE,3,SAN MIGUEL DE ALLENDE,208,B,64,64,2,10,3,5,85,1,8,4,249,19,268,535,,,,,,,,,,,,,,,,,,,,,
11,GUANAJUATO,9,SAN MIGUEL DE ALLENDE,3,SAN MIGUEL DE ALLENDE,208,C01,68,75,3,6,2,2,62,2,7,7,236,5,241,534,,,,,,,,,,,,,,,,,,,,,
11,GUANAJUATO,9,SAN MIGUEL DE ALLENDE,3,SAN MIGUEL DE ALLENDE,209,B,157,66,5,9,1,5,40,4,3,2,294,8,302,663,,,,,,,,,,,,,,,,,,,,,
11,GUANAJUATO,9,SAN MIGUEL DE ALLENDE,3,SAN MIGUEL DE ALLENDE,210,B,59,136,7,6,5,2,74,4,1,4,303,17,320,678,,,,,,,,,,,,,,,,,,,,,
11,GUANAJUATO,9,SAN MIGUEL DE ALLENDE,3,SAN MIGUEL DE ALLENDE,210,C01,45,147,3,6,1,4,86,3,0,4,305,14,319,678,,,,,,,,,,,,,,,,,,,,,
11,GUANAJUATO,9,SAN MIGUEL DE ALLENDE,3,SAN MIGUEL DE ALLENDE,211,B,54,39,6,5,3,1,57,4,3,2,176,6,182,491,,,,,,,,,,,,,,,,,,,,,
11,GUANAJUATO,9,SAN MIGUEL DE ALLENDE,3,SAN MIGUEL DE ALLENDE,211,C01,37,41,6,4,2,2,49,13,1,2,161,6,167,490,,,,,,,,,,,,,,,,,,,,,
11,GUANAJUATO,9,SAN MIGUEL DE ALLENDE,3,SAN MIGUEL DE ALLENDE,212,B,68,56,6,6,4,0,64,7,2,0,213,4,217,514,,,,,,,,,,,,,,,,,,,,,
11,GUANAJUATO,9,SAN MIGUEL DE ALLENDE,3,SAN MIGUEL DE ALLENDE,212,C01,47,111,1,4,2,1,54,4,0,3,230,6,236,514,,,,,,,,,,,,,,,,,,,,,
11,GUANAJUATO,9,SAN MIGUEL DE ALLENDE,3,SAN MIGUEL DE ALLENDE,213,B,40,55,7,6,4,2,35,1,3,4,160,7,167,597,,,,,,,,,,,,,,,,,,,,,
11,GUANAJUATO,9,SAN MIGUEL DE ALLENDE,3,SAN MIGUEL DE ALLENDE,213,C01,33,23,5,7,1,2,53,0,5,13,149,5,154,597,,,,,,,,,,,,,,,,,,,,,
11,GUANAJUATO,9,SAN MIGUEL DE ALLENDE,3,SAN MIGUEL DE ALLENDE,214,B,24,26,0,0,0,1,7,1,13,0,72,6,78,506,,,,,,,,,,,,,,,,,,,,,
11,GUANAJUATO,9,SAN MIGUEL DE ALLENDE,3,SAN MIGUEL DE ALLENDE,214,C01,35,41,0,2,0,4,8,0,7,0,98,1,99,506,,,,,,,,,,,,,,,,,,,,,
11,GUANAJUATO,9,SAN MIGUEL DE ALLENDE,3,SAN MIGUEL DE ALLENDE,214,E01,50,56,0,1,0,1,16,0,5,0,129,4,133,450,,,,,,,,,,,,,,,,,,,,,
11,GUANAJUATO,9,SAN MIGUEL DE ALLENDE,3,SAN MIGUEL DE ALLENDE,214,E01C01,29,65,1,2,1,0,21,0,5,0,126,9,135,450,,,,,,,,,,,,,,,,,,,,,ANULADA
11,GUANAJUATO,9,SAN MIGUEL DE ALLENDE,3,SAN MIGUEL DE ALLENDE,215,B,100,107,1,2,0,0,2,0,0,0,212,7,219,534,,,,,,,,,,,,,,,,,,,,,
11,GUANAJUATO,9,SAN MIGUEL DE ALLENDE,3,SAN MIGUEL DE ALLENDE,216,B,95,74,9,12,2,7,72,3,4,4,286,5,291,651,,,,,,,,,,,,,,,,,,,,,
11,GUANAJUATO,9,SAN MIGUEL DE ALLENDE,3,SAN MIGUEL DE ALLENDE,216,C01,85,77,7,4,3,13,61,4,4,4,267,4,271,650,,,,,,,,,,,,,,,,,,,,,
11,GUANAJUATO,9,SAN MIGUEL DE ALLENDE,3,SAN MIGUEL DE ALLENDE,216,E01,62,17,3,4,1,3,38,3,0,3,135,4,139,446,,,,,,,,,,,,,,,,,,,,,
11,GUANAJUATO,9,SAN MIGUEL DE ALLENDE,3,SAN MIGUEL DE ALLENDE,216,E01C01,86,17,3,4,2,2,37,2,0,3,158,3,161,445,,,,,,,,,,,,,,,,,,,,,
11,GUANAJUATO,9,SAN MIGUEL DE ALLENDE,3,SAN MIGUEL DE ALLENDE,216,C02,88,67,7,16,3,5,55,1,2,2,247,5,252,650,,,,,,,,,,,,,,,,,,,,,
11,GUANAJUATO,9,SAN MIGUEL DE ALLENDE,3,SAN MIGUEL DE ALLENDE,217,B,105,70,7,8,3,7,71,2,2,2,282,15,297,651,,,,,,,,,,,,,,,,,,,,,
11,GUANAJUATO,9,SAN MIGUEL DE ALLENDE,3,SAN MIGUEL DE ALLENDE,218,B,72,110,2,7,5,8,71,5,4,7,293,8,301,572,,,,,,,,,,,,,,,,,,,,,
11,GUANAJUATO,9,SAN MIGUEL DE ALLENDE,3,SAN MIGUEL DE ALLENDE,218,C01,64,107,7,4,8,4,85,2,4,8,299,6,305,571,,,,,,,,,,,,,,,,,,,,,
11,GUANAJUATO,9,SAN MIGUEL DE ALLENDE,3,SAN MIGUEL DE ALLENDE,218,E01,69,102,5,6,8,5,80,5,3,8,298,16,314,729,,,,,,,,,,,,,,,,,,,,,
11,GUANAJUATO,9,SAN MIGUEL DE ALLENDE,3,SAN MIGUEL DE ALLENDE,219,B,73,57,3,4,6,9,86,5,3,5,257,17,274,713,,,,,,,,,,,,,,,,,,,,,
11,GUANAJUATO,9,SAN MIGUEL DE ALLENDE,3,SAN MIGUEL DE ALLENDE,219,C01,48,84,3,6,2,4,77,6,2,1,244,10,254,713,,,,,,,,,,,,,,,,,,,,,
11,GUANAJUATO,9,SAN MIGUEL DE ALLENDE,3,SAN MIGUEL DE ALLENDE,220,B,97,27,5,5,6,3,58,6,1,3,215,5,220,485,,,,,,,,,,,,,,,,,,,,,
11,GUANAJUATO,9,SAN MIGUEL DE ALLENDE,3,SAN MIGUEL DE ALLENDE,220,C01,61,33,4,3,3,1,38,6,2,0,152,7,160,485,,,,,,,,,,,,,,,,,,,,,
11,GUANAJUATO,9,SAN MIGUEL DE ALLENDE,3,SAN MIGUEL DE ALLENDE,221,B,42,41,3,3,0,0,10,1,10,6,117,6,123,313,,,,,,,,,,,,,,,,,,,,,
11,GUANAJUATO,9,SAN MIGUEL DE ALLENDE,3,SAN MIGUEL DE ALLENDE,222,B,91,38,3,6,0,49,49,2,6,11,258,8,266,524,,,,,,,,,,,,,,,,,,,,,
11,GUANAJUATO,9,SAN MIGUEL DE ALLENDE,3,SAN MIGUEL DE ALLENDE,222,C01,86,52,1,5,1,0,39,0,5,8,202,9,211,524,,,,,,,,,,,,,,,,,,,,,
11,GUANAJUATO,9,SAN MIGUEL DE ALLENDE,3,SAN MIGUEL DE ALLENDE,223,B,44,58,2,3,4,5,29,3,1,5,156,5,161,384,,,,,,,,,,,,,,,,,,,,,
11,GUANAJUATO,9,SAN MIGUEL DE ALLENDE,3,SAN MIGUEL DE ALLENDE,223,C01,40,59,0,5,0,3,38,1,1,2,150,13,163,383,,,,,,,,,,,,,,,,,,,,,
11,GUANAJUATO,9,SAN MIGUEL DE ALLENDE,3,SAN MIGUEL DE ALLENDE,224,B,49,58,5,9,3,2,58,4,2,4,196,2,198,485,,,,,,,,,,,,,,,,,,,,,
11,GUANAJUATO,9,SAN MIGUEL DE ALLENDE,3,SAN MIGUEL DE ALLENDE,224,C01,40,71,4,7,5,3,60,6,1,3,201,9,210,485,,,,,,,,,,,,,,,,,,,,,
11,GUANAJUATO,9,SAN MIGUEL DE ALLENDE,3,SAN MIGUEL DE ALLENDE,225,B,51,48,1,1,4,5,44,8,2,8,172,7,179,433,,,,,,,,,,,,,,,,,,,,,
11,GUANAJUATO,9,SAN MIGUEL DE ALLENDE,3,SAN MIGUEL DE ALLENDE,225,C01,54,30,2,7,5,1,32,6,0,8,148,8,156,433,,,,,,,,,,,,,,,,,,,,,
11,GUANAJUATO,9,SAN MIGUEL DE ALLENDE,3,SAN MIGUEL DE ALLENDE,226,B,30,63,2,7,6,4,57,4,5,2,185,15,200,582,,,,,,,,,,,,,,,,,,,,,
11,GUANAJUATO,9,SAN MIGUEL DE ALLENDE,3,SAN MIGUEL DE ALLENDE,226,C01,45,40,6,2,6,3,42,2,2,6,154,10,164,582,,,,,,,,,,,,,,,,,,,,,
11,GUANAJUATO,9,SAN MIGUEL DE ALLENDE,3,SAN MIGUEL DE ALLENDE,227,B,47,120,2,5,5,2,28,1,0,3,215,16,231,576,,,,,,,,,,,,,,,,,,,,,
11,GUANAJUATO,9,SAN MIGUEL DE ALLENDE,3,SAN MIGUEL DE ALLENDE,227,C01,36,126,2,2,1,2,36,3,0,1,212,14,226,576,,,,,,,,,,,,,,,,,,,,,
11,GUANAJUATO,9,SAN MIGUEL DE ALLENDE,3,SAN MIGUEL DE ALLENDE,227,C02,51,120,1,6,0,0,29,1,5,3,218,6,224,575,,,,,,,,,,,,,,,,,,,,,
11,GUANAJUATO,9,SAN MIGUEL DE ALLENDE,3,SAN MIGUEL DE ALLENDE,228,B,62,66,9,2,2,1,50,4,2,3,206,5,211,446,,,,,,,,,,,,,,,,,,,,,
11,GUANAJUATO,9,SAN MIGUEL DE ALLENDE,3,SAN MIGUEL DE ALLENDE,229,B,56,50,9,7,2,5,66,6,5,3,212,6,218,529,,,,,,,,,,,,,,,,,,,,,
11,GUANAJUATO,9,SAN MIGUEL DE ALLENDE,3,SAN MIGUEL DE ALLENDE,229,C01,41,53,5,13,4,5,57,6,5,4,194,8,202,528,,,,,,,,,,,,,,,,,,,,,
11,GUANAJUATO,9,SAN MIGUEL DE ALLENDE,3,SAN MIGUEL DE ALLENDE,230,B,43,59,1,3,5,1,55,4,1,4,181,4,185,473,,,,,,,,,,,,,,,,,,,,,
11,GUANAJUATO,9,SAN MIGUEL DE ALLENDE,3,SAN MIGUEL DE ALLENDE,230,C01,41,30,5,5,5,6,47,3,1,4,149,8,157,472,,,,,,,,,,,,,,,,,,,,,
11,GUANAJUATO,9,SAN MIGUEL DE ALLENDE,3,SAN MIGUEL DE ALLENDE,231,B,49,71,12,5,14,3,82,10,4,0,258,29,287,737,,,,,,,,,,,,,,,,,,,,,
11,GUANAJUATO,9,SAN MIGUEL DE ALLENDE,3,SAN MIGUEL DE ALLENDE,232,B,35,6,2,1,2,2,5,1,0,4,59,1,60,234,,,,,,,,,,,,,,,,,,,,,
11,GUANAJUATO,9,SAN MIGUEL DE ALLENDE,3,SAN MIGUEL DE ALLENDE,233,B,96,80,2,3,0,1,11,0,1,0,194,5,199,470,,,,,,,,,,,,,,,,,,,,,
11,GUANAJUATO,9,SAN MIGUEL DE ALLENDE,3,SAN MIGUEL DE ALLENDE,233,C01,53,70,2,3,1,2,8,0,0,1,141,17,158,470,,,,,,,,,,,,,,,,,,,,,
11,GUANAJUATO,9,SAN MIGUEL DE ALLENDE,3,SAN MIGUEL DE ALLENDE,234,B,54,62,3,0,2,2,13,5,0,0,141,0,141,294,,,,,,,,,,,,,,,,,,,,,
11,GUANAJUATO,9,SAN MIGUEL DE ALLENDE,3,SAN MIGUEL DE ALLENDE,235,B,63,77,7,6,2,4,37,4,1,1,207,5,212,523,,,,,,,,,,,,,,,,,,,,,
11,GUANAJUATO,9,SAN MIGUEL DE ALLENDE,3,SAN MIGUEL DE ALLENDE,235,C01,38,58,9,5,1,3,35,4,4,1,169,17,186,523,,,,,,,,,,,,,,,,,,,,,
11,GUANAJUATO,9,SAN MIGUEL DE ALLENDE,3,SAN MIGUEL DE ALLENDE,236,B,89,41,7,9,6,4,46,4,3,7,221,9,230,576,,,,,,,,,,,,,,,,,,,,,
11,GUANAJUATO,9,SAN MIGUEL DE ALLENDE,3,SAN MIGUEL DE ALLENDE,236,C01,91,66,4,11,5,3,26,9,0,3,221,9,230,576,,,,,,,,,,,,,,,,,,,,,
11,GUANAJUATO,9,SAN MIGUEL DE ALLENDE,3,SAN MIGUEL DE ALLENDE,237,B,16,158,1,3,1,0,21,1,3,2,209,4,213,659,,,,,,,,,,,,,,,,,,,,,
11,GUANAJUATO,9,SAN MIGUEL DE ALLENDE,3,SAN MIGUEL DE ALLENDE,238,B,73,48,0,4,3,0,20,0,0,0,151,3,154,403,,,,,,,,,,,,,,,,,,,,,
11,GUANAJUATO,9,SAN MIGUEL DE ALLENDE,3,SAN MIGUEL DE ALLENDE,238,C01,93,49,2,5,3,0,9,1,1,0,163,7,170,403,,,,,,,,,,,,,,,,,,,,,
11,GUANAJUATO,9,SAN MIGUEL DE ALLENDE,3,SAN MIGUEL DE ALLENDE,239,B,27,46,2,2,5,3,24,3,2,1,115,7,122,341,,,,,,,,,,,,,,,,,,,,,
11,GUANAJUATO,9,SAN MIGUEL DE ALLENDE,3,SAN MIGUEL DE ALLENDE,240,B,9,44,1,0,0,0,9,0,0,0,63,3,66,210,,,,,,,,,,,,,,,,,,,,,
11,GUANAJUATO,9,SAN MIGUEL DE ALLENDE,3,SAN MIGUEL DE ALLENDE,241,B,37,115,2,3,0,6,14,5,1,1,187,6,193,543,,,,,,,,,,,,,,,,,,,,,
11,GUANAJUATO,9,SAN MIGUEL DE ALLENDE,3,SAN MIGUEL DE ALLENDE,242,B,62,146,2,2,1,4,11,2,0,2,237,12,249,654,,,,,,,,,,,,,,,,,,,,,
11,GUANAJUATO,9,SAN MIGUEL DE ALLENDE,3,SAN MIGUEL DE ALLENDE,243,B,18,178,2,0,0,0,4,0,3,0,208,1,209,531,,,,,,,,,,,,,,,,,,,,,
11,GUANAJUATO,9,SAN MIGUEL DE ALLENDE,5,APASEO EL GRANDE,288,B,84,7,3,33,2,11,29,36,11,11,232,4,243,695,,,,,,,,,,,,,,,,,,,,,
11,GUANAJUATO,9,SAN MIGUEL DE ALLENDE,5,APASEO EL GRANDE,288,C01,72,7,2,47,1,12,35,62,6,18,267,8,280,694,,,,,,,,,,,,,,,,,,,,,
11,GUANAJUATO,9,SAN MIGUEL DE ALLENDE,5,APASEO EL GRANDE,288,C02,85,4,4,41,4,10,34,50,12,17,266,4,277,694,,,,,,,,,,,,,,,,,,,,,
11,GUANAJUATO,9,SAN MIGUEL DE ALLENDE,5,APASEO EL GRANDE,288,C03,72,0,0,73,4,8,28,56,7,22,274,3,279,694,,,,,,,,,,,,,,,,,,,,,
11,GUANAJUATO,9,SAN MIGUEL DE ALLENDE,5,APASEO EL GRANDE,288,C04,75,9,4,40,3,7,31,53,8,14,246,8,267,694,,,,,,,,,,,,,,,,,,,,,
11,GUANAJUATO,9,SAN MIGUEL DE ALLENDE,5,APASEO EL GRANDE,289,B,100,3,3,65,8,9,39,38,18,27,313,4,320,660,,,,,,,,,,,,,,,,,,,,,
11,GUANAJUATO,9,SAN MIGUEL DE ALLENDE,5,APASEO EL GRANDE,289,C01,128,3,4,69,5,4,33,35,17,28,332,10,348,660,,,,,,,,,,,,,,,,,,,,,
11,GUANAJUATO,9,SAN MIGUEL DE ALLENDE,5,APASEO EL GRANDE,289,C02,121,5,7,45,5,8,31,44,15,27,319,7,327,660,,,,,,,,,,,,,,,,,,,,,
11,GUANAJUATO,9,SAN MIGUEL DE ALLENDE,5,APASEO EL GRANDE,289,C03,86,8,6,56,4,8,35,55,19,20,307,10,324,660,,,,,,,,,,,,,,,,,,,,,
11,GUANAJUATO,9,SAN MIGUEL DE ALLENDE,5,APASEO EL GRANDE,290,B,110,5,7,32,14,16,29,54,31,17,326,10,341,613,,,,,,,,,,,,,,,,,,,,,
11,GUANAJUATO,9,SAN MIGUEL DE ALLENDE,5,APASEO EL GRANDE,290,C01,130,3,0,32,7,4,35,40,12,13,284,20,309,612,,,,,,,,,,,,,,,,,,,,,
11,GUANAJUATO,9,SAN MIGUEL DE ALLENDE,5,APASEO EL GRANDE,290,C02,132,4,2,34,9,12,37,45,17,11,311,5,319,612,,,,,,,,,,,,,,,,,,,,,
11,GUANAJUATO,9,SAN MIGUEL DE ALLENDE,5,APASEO EL GRANDE,291,B,127,7,5,24,6,11,32,27,22,20,285,11,302,517,,,,,,,,,,,,,,,,,,,,,
11,GUANAJUATO,9,SAN MIGUEL DE ALLENDE,5,APASEO EL GRANDE,291,C01,104,20,4,30,9,9,37,21,8,11,257,10,267,516,,,,,,,,,,,,,,,,,,,,,
11,GUANAJUATO,9,SAN MIGUEL DE ALLENDE,5,APASEO EL GRANDE,291,S01,23,1,0,12,0,5,11,14,0,1,67,1,70,0,,,,,,,,,,,,,,,,,,,,,
11,GUANAJUATO,9,SAN MIGUEL DE ALLENDE,5,APASEO EL GRANDE,291,C02,132,6,1,47,1,11,25,39,18,15,297,3,308,516,,,,,,,,,,,,,,,,,,,,,
11,GUANAJUATO,9,SAN MIGUEL DE ALLENDE,5,APASEO EL GRANDE,292,B,96,11,8,37,2,14,48,34,23,27,304,6,315,655,,,,,,,,,,,,,,,,,,,,,
11,GUANAJUATO,9,SAN MIGUEL DE ALLENDE,5,APASEO EL GRANDE,292,C01,128,7,4,51,4,9,57,26,30,20,339,8,350,654,,,,,,,,,,,,,,,,,,,,,
11,GUANAJUATO,9,SAN MIGUEL DE ALLENDE,5,APASEO EL GRANDE,292,C02,121,8,7,43,4,31,43,28,16,15,321,4,331,654,,,,,,,,,,,,,,,,,,,,,
11,GUANAJUATO,9,SAN MIGUEL DE ALLENDE,5,APASEO EL GRANDE,292,C03,132,4,17,36,3,16,38,41,18,28,337,7,344,654,,,,,,,,,,,,,,,,,,,,,
11,GUANAJUATO,9,SAN MIGUEL DE ALLENDE,5,APASEO EL GRANDE,292,C04,128,8,3,43,5,11,27,38,15,17,300,7,308,654,,,,,,,,,,,,,,,,,,,,,
11,GUANAJUATO,9,SAN MIGUEL DE ALLENDE,5,APASEO EL GRANDE,293,B,99,4,8,74,5,8,44,36,18,17,318,6,335,626,,,,,,,,,,,,,,,,,,,,,
11,GUANAJUATO,9,SAN MIGUEL DE ALLENDE,5,APASEO EL GRANDE,293,C01,141,4,1,62,5,14,42,33,10,36,353,7,365,626,,,,,,,,,,,,,,,,,,,,,
11,GUANAJUATO,9,SAN MIGUEL DE ALLENDE,5,APASEO EL GRANDE,294,B,78,5,2,36,5,11,48,79,7,22,299,6,308,698,,,,,,,,,,,,,,,,,,,,,
11,GUANAJUATO,9,SAN MIGUEL DE ALLENDE,5,APASEO EL GRANDE,294,C01,80,4,3,37,3,6,61,51,7,13,272,6,279,698,,,,,,,,,,,,,,,,,,,,,
11,GUANAJUATO,9,SAN MIGUEL DE ALLENDE,5,APASEO EL GRANDE,294,C02,73,12,1,35,5,7,49,30,12,13,240,3,245,698,,,,,,,,,,,,,,,,,,,,,
11,GUANAJUATO,9,SAN MIGUEL DE ALLENDE,5,APASEO EL GRANDE,294,C03,76,3,4,35,4,6,39,46,9,16,241,9,251,697,,,,,,,,,,,,,,,,,,,,,
11,GUANAJUATO,9,SAN MIGUEL DE ALLENDE,5,APASEO EL GRANDE,294,C04,82,4,2,26,5,12,70,43,9,16,271,4,276,697,,,,,,,,,,,,,,,,,,,,,
11,GUANAJUATO,9,SAN MIGUEL DE ALLENDE,5,APASEO EL GRANDE,294,C05,74,3,4,32,4,11,35,51,8,4,233,10,246,697,,,,,,,,,,,,,,,,,,,,,
11,GUANAJUATO,9,SAN MIGUEL DE ALLENDE,5,APASEO EL GRANDE,294,C06,73,1,2,28,11,6,48,66,6,19,264,6,271,697,,,,,,,,,,,,,,,,,,,,,
11,GUANAJUATO,9,SAN MIGUEL DE ALLENDE,5,APASEO EL GRANDE,295,B,74,0,5,33,1,21,39,27,17,20,243,8,251,542,,,,,,,,,,,,,,,,,,,,,
11,GUANAJUATO,9,SAN MIGUEL DE ALLENDE,5,APASEO EL GRANDE,295,C01,74,6,1,39,1,11,25,47,11,18,236,8,244,542,,,,,,,,,,,,,,,,,,,,,
11,GUANAJUATO,9,SAN MIGUEL DE ALLENDE,5,APASEO EL GRANDE,295,C02,68,3,2,29,7,19,37,25,14,19,225,2,228,542,,,,,,,,,,,,,,,,,,,,,
11,GUANAJUATO,9,SAN MIGUEL DE ALLENDE,5,APASEO EL GRANDE,296,B,138,17,5,40,4,9,44,28,29,18,334,10,351,579,,,,,,,,,,,,,,,,,,,,,
11,GUANAJUATO,9,SAN MIGUEL DE ALLENDE,5,APASEO EL GRANDE,296,C01,135,7,3,68,4,15,35,27,13,15,323,10,339,578,,,,,,,,,,,,,,,,,,,,,
11,GUANAJUATO,9,SAN MIGUEL DE ALLENDE,5,APASEO EL GRANDE,297,B,103,5,11,55,11,12,45,30,15,12,308,3,317,527,,,,,,,,,,,,,,,,,,,,,
11,GUANAJUATO,9,SAN MIGUEL DE ALLENDE,5,APASEO EL GRANDE,297,C01,112,3,10,52,12,19,37,26,9,4,289,5,300,526,,,,,,,,,,,,,,,,,,,,,
11,GUANAJUATO,9,SAN MIGUEL DE ALLENDE,5,APASEO EL GRANDE,298,B,125,17,9,23,4,2,12,19,6,9,228,6,234,687,,,,,,,,,,,,,,,,,,,,,
11,GUANAJUATO,9,SAN MIGUEL DE ALLENDE,5,APASEO EL GRANDE,299,B,25,18,0,34,7,3,15,6,4,3,119,11,130,494,,,,,,,,,,,,,,,,,,,,,
11,GUANAJUATO,9,SAN MIGUEL DE ALLENDE,5,APASEO EL GRANDE,299,C01,50,13,2,26,10,2,10,9,2,11,135,3,138,493,,,,,,,,,,,,,,,,,,,,,
11,GUANAJUATO,9,SAN MIGUEL DE ALLENDE,5,APASEO EL GRANDE,300,B,81,17,5,59,1,1,2,9,3,2,183,4,187,711,,,,,,,,,,,,,,,,,,,,,
11,GUANAJUATO,9,SAN MIGUEL DE ALLENDE,5,APASEO EL GRANDE,300,C01,78,29,5,51,0,3,3,14,3,3,196,16,212,711,,,,,,,,,,,,,,,,,,,,,
11,GUANAJUATO,9,SAN MIGUEL DE ALLENDE,5,APASEO EL GRANDE,301,B,69,12,2,27,1,2,11,20,2,10,162,10,172,462,,,,,,,,,,,,,,,,,,,,,
11,GUANAJUATO,9,SAN MIGUEL DE ALLENDE,5,APASEO EL GRANDE,301,C01,65,9,2,23,0,2,8,19,0,5,145,6,151,461,,,,,,,,,,,,,,,,,,,,,
11,GUANAJUATO,9,SAN MIGUEL DE ALLENDE,5,APASEO EL GRANDE,301,E01,26,11,4,20,6,2,28,18,8,6,132,3,135,292,,,,,,,,,,,,,,,,,,,,,
11,GUANAJUATO,9,SAN MIGUEL DE ALLENDE,5,APASEO EL GRANDE,302,B,88,11,1,17,17,2,29,8,3,6,191,11,202,596,,,,,,,,,,,,,,,,,,,,,
11,GUANAJUATO,9,SAN MIGUEL DE ALLENDE,5,APASEO EL GRANDE,302,C01,69,8,1,16,16,2,30,10,4,5,164,4,168,596,,,,,,,,,,,,,,,,,,,,,
11,GUANAJUATO,9,SAN MIGUEL DE ALLENDE,5,APASEO EL GRANDE,302,C02,83,6,5,28,10,9,28,6,2,11,197,4,201,596,,,,,,,,,,,,,,,,,,,,,
11,GUANAJUATO,9,SAN MIGUEL DE ALLENDE,5,APASEO EL GRANDE,302,C03,66,6,2,24,13,1,34,8,2,7,171,15,186,596,,,,,,,,,,,,,,,,,,,,,
11,GUANAJUATO,9,SAN MIGUEL DE ALLENDE,5,APASEO EL GRANDE,303,B,33,14,0,51,5,3,40,14,3,10,174,1,175,505,,,,,,,,,,,,,,,,,,,,,
11,GUANAJUATO,9,SAN MIGUEL DE ALLENDE,5,APASEO EL GRANDE,303,C01,28,7,2,34,5,4,43,21,5,7,158,1,159,505,,,,,,,,,,,,,,,,,,,,,
11,GUANAJUATO,9,SAN MIGUEL DE ALLENDE,5,APASEO EL GRANDE,304,B,68,15,0,40,1,2,36,61,4,3,240,9,249,666,,,,,,,,,,,,,,,,,,,,,
11,GUANAJUATO,9,SAN MIGUEL DE ALLENDE,5,APASEO EL GRANDE,304,C01,62,17,0,30,2,1,45,117,2,2,285,0,285,665,,,,,,,,,,,,,,,,,,,,,
11,GUANAJUATO,9,SAN MIGUEL DE ALLENDE,5,APASEO EL GRANDE,304,C02,74,9,1,36,0,1,41,79,5,5,252,7,259,665,,,,,,,,,,,,,,,,,,,,,
11,GUANAJUATO,9,SAN MIGUEL DE ALLENDE,5,APASEO EL GRANDE,305,B,32,3,4,18,62,5,48,11,4,6,196,0,196,744,,,,,,,,,,,,,,,,,,,,,
11,GUANAJUATO,9,SAN MIGUEL DE ALLENDE,5,APASEO EL GRANDE,305,C01,42,8,6,13,73,3,45,11,7,4,213,12,225,744,,,,,,,,,,,,,,,,,,,,,
11,GUANAJUATO,9,SAN MIGUEL DE ALLENDE,5,APASEO EL GRANDE,306,B,63,5,4,21,32,3,39,8,5,9,195,16,214,568,,,,,,,,,,,,,,,,,,,,,
11,GUANAJUATO,9,SAN MIGUEL DE ALLENDE,5,APASEO EL GRANDE,307,B,34,9,8,38,5,21,33,27,3,7,190,4,195,565,,,,,,,,,,,,,,,,,,,,,
11,GUANAJUATO,9,SAN MIGUEL DE ALLENDE,5,APASEO EL GRANDE,307,C01,50,17,1,11,4,22,29,31,2,3,170,5,175,565,,,,,,,,,,,,,,,,,,,,,
11,GUANAJUATO,9,SAN MIGUEL DE ALLENDE,5,APASEO EL GRANDE,307,C02,57,11,10,22,1,18,24,24,2,1,174,10,186,565,,,,,,,,,,,,,,,,,,,,,
11,GUANAJUATO,9,SAN MIGUEL DE ALLENDE,5,APASEO EL GRANDE,308,B,46,8,3,25,6,3,34,28,1,10,171,4,175,510,,,,,,,,,,,,,,,,,,,,,
11,GUANAJUATO,9,SAN MIGUEL DE ALLENDE,5,APASEO EL GRANDE,309,B,91,25,1,13,12,13,35,81,7,8,290,10,300,725,,,,,,,,,,,,,,,,,,,,,
11,GUANAJUATO,9,SAN MIGUEL DE ALLENDE,5,APASEO EL GRANDE,309,C01,135,16,0,24,6,16,38,57,4,8,309,7,319,724,,,,,,,,,,,,,,,,,,,,,
11,GUANAJUATO,9,SAN MIGUEL DE ALLENDE,5,APASEO EL GRANDE,310,B,62,9,3,30,5,3,28,34,4,10,193,13,206,527,,,,,,,,,,,,,,,,,,,,,
11,GUANAJUATO,9,SAN MIGUEL DE ALLENDE,5,APASEO EL GRANDE,310,C01,35,15,4,15,6,7,24,18,9,12,152,6,158,527,,,,,,,,,,,,,,,,,,,,,
11,GUANAJUATO,9,SAN MIGUEL DE ALLENDE,5,APASEO EL GRANDE,311,B,39,8,1,3,1,4,12,167,4,6,263,5,270,627,,,,,,,,,,,,,,,,,,,,,
11,GUANAJUATO,9,SAN MIGUEL DE ALLENDE,5,APASEO EL GRANDE,311,C01,47,5,1,10,1,2,9,161,1,7,267,1,269,627,,,,,,,,,,,,,,,,,,,,,
11,GUANAJUATO,9,SAN MIGUEL DE ALLENDE,5,APASEO EL GRANDE,311,C02,47,11,0,8,6,2,15,152,2,6,281,7,289,627,,,,,,,,,,,,,,,,,,,,,
11,GUANAJUATO,9,SAN MIGUEL DE ALLENDE,5,APASEO EL GRANDE,311,C03,42,7,1,6,3,0,15,143,4,4,245,2,247,627,,,,,,,,,,,,,,,,,,,,,
11,GUANAJUATO,9,SAN MIGUEL DE ALLENDE,5,APASEO EL GRANDE,312,B,89,5,3,27,0,4,52,83,13,51,328,11,341,735,,,,,,,,,,,,,,,,,,,,,
11,GUANAJUATO,9,SAN MIGUEL DE ALLENDE,5,APASEO EL GRANDE,313,B,42,4,1,28,5,9,26,27,1,6,155,7,163,438,,,,,,,,,,,,,,,,,,,,,
11,GUANAJUATO,9,SAN MIGUEL DE ALLENDE,5,APASEO EL GRANDE,313,C01,50,4,2,26,3,7,25,36,2,8,169,4,177,437,,,,,,,,,,,,,,,,,,,,,
11,GUANAJUATO,9,SAN MIGUEL DE ALLENDE,5,APASEO EL GRANDE,313,E01,44,9,5,40,3,7,34,33,2,14,195,5,201,579,,,,,,,,,,,,,,,,,,,,,
11,GUANAJUATO,9,SAN MIGUEL DE ALLENDE,5,APASEO EL GRANDE,314,B,54,3,1,14,10,3,42,6,11,4,154,3,157,577,,,,,,,,,,,,,,,,,,,,,
11,GUANAJUATO,9,SAN MIGUEL DE ALLENDE,5,APASEO EL GRANDE,314,C01,41,8,4,8,15,1,51,7,7,11,155,5,161,577,,,,,,,,,,,,,,,,,,,,,
11,GUANAJUATO,9,SAN MIGUEL DE ALLENDE,5,APASEO EL GRANDE,314,C02,51,5,5,12,6,4,36,7,9,7,144,6,151,577,,,,,,,,,,,,,,,,,,,,,
11,GUANAJUATO,9,SAN MIGUEL DE ALLENDE,5,APASEO EL GRANDE,314,C03,46,5,3,8,11,5,47,11,7,5,150,4,154,576,,,,,,,,,,,,,,,,,,,,,
11,GUANAJUATO,9,SAN MIGUEL DE ALLENDE,5,APASEO EL GRANDE,315,B,83,23,4,29,6,1,27,8,12,14,208,8,216,587,,,,,,,,,,,,,,,,,,,,,
11,GUANAJUATO,9,SAN MIGUEL DE ALLENDE,5,APASEO EL GRANDE,315,C01,73,15,8,20,5,0,48,6,6,13,196,3,199,586,,,,,,,,,,,,,,,,,,,,,
11,GUANAJUATO,9,SAN MIGUEL DE ALLENDE,5,APASEO EL GRANDE,315,E01,39,8,1,5,1,5,63,4,2,11,142,3,145,635,,,,,,,,,,,,,,,,,,,,,
11,GUANAJUATO,9,SAN MIGUEL DE ALLENDE,5,APASEO EL GRANDE,315,E01C01,28,7,0,8,1,5,35,6,1,14,105,4,109,634,,,,,,,,,,,,,,,,,,,,,
11,GUANAJUATO,9,SAN MIGUEL DE ALLENDE,5,APASEO EL GRANDE,315,E01C02,35,8,0,6,1,1,61,4,1,11,130,4,135,634,,,,,,,,,,,,,,,,,,,,,
11,GUANAJUATO,9,SAN MIGUEL DE ALLENDE,5,APASEO EL GRANDE,315,E02,49,8,2,9,2,3,47,0,0,5,125,3,129,660,,,,,,,,,,,,,,,,,,,,,
11,GUANAJUATO,9,SAN MIGUEL DE ALLENDE,5,APASEO EL GRANDE,315,E02C01,41,8,1,6,1,3,48,3,0,3,115,5,120,660,,,,,,,,,,,,,,,,,,,,,
11,GUANAJUATO,9,SAN MIGUEL DE ALLENDE,5,APASEO EL GRANDE,315,E02C02,30,8,2,5,1,6,47,2,0,4,105,2,107,660,,,,,,,,,,,,,,,,,,,,,
11,GUANAJUATO,9,SAN MIGUEL DE ALLENDE,5,APASEO EL GRANDE,316,B,55,9,7,40,13,5,73,15,5,15,248,8,256,615,,,,,,,,,,,,,,,,,,,,,
11,GUANAJUATO,9,SAN MIGUEL DE ALLENDE,5,APASEO EL GRANDE,316,C01,71,11,7,29,9,7,42,16,5,9,209,6,215,615,,,,,,,,,,,,,,,,,,,,,
11,GUANAJUATO,9,SAN MIGUEL DE ALLENDE,5,APASEO EL GRANDE,317,B,89,15,6,9,3,8,48,11,10,3,204,7,211,519,,,,,,,,,,,,,,,,,,,,,
11,GUANAJUATO,9,SAN MIGUEL DE ALLENDE,5,APASEO EL GRANDE,317,C01,81,5,6,11,6,1,52,8,5,3,183,7,190,519,,,,,,,,,,,,,,,,,,,,,
11,GUANAJUATO,9,SAN MIGUEL DE ALLENDE,5,APASEO EL GRANDE,318,B,90,16,30,16,5,4,55,15,7,6,251,9,278,662,,,,,,,,,,,,,,,,,,,,,
11,GUANAJUATO,9,SAN MIGUEL DE ALLENDE,5,APASEO EL GRANDE,319,B,56,2,6,10,5,1,28,13,2,8,146,10,156,532,,,,,,,,,,,,,,,,,,,,,
11,GUANAJUATO,9,SAN MIGUEL DE ALLENDE,5,APASEO EL GRANDE,319,C01,62,5,9,10,6,1,33,15,3,9,163,9,176,532,,,,,,,,,,,,,,,,,,,,,
11,GUANAJUATO,9,SAN MIGUEL DE ALLENDE,5,APASEO EL GRANDE,319,C02,51,1,4,18,7,4,27,15,4,12,149,2,153,532,,,,,,,,,,,,,,,,,,,,,
11,GUANAJUATO,9,SAN MIGUEL DE ALLENDE,5,APASEO EL GRANDE,320,B,121,3,7,30,6,11,66,21,11,51,328,5,335,657,,,,,,,,,,,,,,,,,,,,,
11,GUANAJUATO,9,SAN MIGUEL DE ALLENDE,5,APASEO EL GRANDE,320,C01,89,6,6,34,5,9,60,27,9,56,310,7,320,657,,,,,,,,,,,,,,,,,,,,,
11,GUANAJUATO,9,SAN MIGUEL DE ALLENDE,5,APASEO EL GRANDE,321,B,113,9,5,22,10,21,62,42,37,14,339,9,350,682,,,,,,,,,,,,,,,,,,,,,
11,GUANAJUATO,9,SAN MIGUEL DE ALLENDE,5,APASEO EL GRANDE,322,B,70,7,3,28,6,12,64,43,22,13,274,6,280,554,,,,,,,,,,,,,,,,,,,,,
11,GUANAJUATO,9,SAN MIGUEL DE ALLENDE,5,APASEO EL GRANDE,322,C01,101,6,0,42,2,12,89,22,37,9,320,4,324,554,,,,,,,,,,,,,,,,,,,,,
11,GUANAJUATO,9,SAN MIGUEL DE ALLENDE,5,APASEO EL GRANDE,322,C02,75,9,2,29,4,13,63,19,22,13,253,4,257,554,,,,,,,,,,,,,,,,,,,,,
11,GUANAJUATO,9,SAN MIGUEL DE ALLENDE,5,APASEO EL GRANDE,323,B,90,3,5,28,4,5,89,37,3,8,279,5,286,487,,,,,,,,,,,,,,,,,,,,,
11,GUANAJUATO,9,SAN MIGUEL DE ALLENDE,5,APASEO EL GRANDE,323,C01,93,11,4,25,2,3,66,30,5,9,251,4,262,487,,,,,,,,,,,,,,,,,,,,,
11,GUANAJUATO,9,SAN MIGUEL DE ALLENDE,5,APASEO EL GRANDE,324,B,98,8,28,16,3,1,37,16,3,9,230,9,246,658,,,,,,,,,,,,,,,,,,,,,
11,GUANAJUATO,9,SAN MIGUEL DE ALLENDE,5,APASEO EL GRANDE,324,C01,107,5,45,19,6,1,52,11,4,7,263,10,282,657,,,,,,,,,,,,,,,,,,,,,
11,GUANAJUATO,9,SAN MIGUEL DE ALLENDE,5,APASEO EL GRANDE,324,C02,119,7,35,14,1,3,40,19,4,5,252,6,273,657,,,,,,,,,,,,,,,,,,,,,
11,GUANAJUATO,9,SAN MIGUEL DE ALLENDE,5,APASEO EL GRANDE,325,B,53,10,20,8,5,4,24,9,2,18,154,0,154,386,,,,,,,,,,,,,,,,,,,,,
11,GUANAJUATO,9,SAN MIGUEL DE ALLENDE,5,APASEO EL GRANDE,325,C01,63,5,11,2,7,5,15,11,5,12,138,9,147,386,,,,,,,,,,,,,,,,,,,,,
11,GUANAJUATO,9,SAN MIGUEL DE ALLENDE,5,APASEO EL GRANDE,326,B,51,11,27,9,10,7,32,17,5,11,184,8,199,603,,,,,,,,,,,,,,,,,,,,,
11,GUANAJUATO,9,SAN MIGUEL DE ALLENDE,5,APASEO EL GRANDE,326,C01,56,8,19,27,14,1,26,11,12,6,181,2,185,603,,,,,,,,,,,,,,,,,,,,,
11,GUANAJUATO,9,SAN MIGUEL DE ALLENDE,5,APASEO EL GRANDE,326,C02,63,3,11,11,6,2,35,14,13,13,173,2,176,603,,,,,,,,,,,,,,,,,,,,,
11,GUANAJUATO,9,SAN MIGUEL DE ALLENDE,5,APASEO EL GRANDE,327,B,58,12,26,10,9,2,21,9,2,9,159,7,168,513,,,,,,,,,,,,,,,,,,,,,
11,GUANAJUATO,9,SAN MIGUEL DE ALLENDE,5,APASEO EL GRANDE,327,C01,59,6,13,12,11,2,28,7,6,9,155,6,161,513,,,,,,,,,,,,,,,,,,,,,
11,GUANAJUATO,9,SAN MIGUEL DE ALLENDE,5,APASEO EL GRANDE,327,C02,54,6,16,14,9,1,34,16,6,5,161,2,163,512,,,,,,,,,,,,,,,,,,,,,
11,GUANAJUATO,9,SAN MIGUEL DE ALLENDE,5,APASEO EL GRANDE,328,B,61,5,5,23,3,6,55,7,15,8,190,6,196,616,,,,,,,,,,,,,,,,,,,,,
11,GUANAJUATO,9,SAN MIGUEL DE ALLENDE,5,APASEO EL GRANDE,328,C01,82,5,5,30,4,4,39,12,8,10,203,9,213,615,,,,,,,,,,,,,,,,,,,,,
11,GUANAJUATO,9,SAN MIGUEL DE ALLENDE,5,APASEO EL GRANDE,328,C02,74,6,2,15,5,4,44,7,3,14,176,10,186,615,,,,,,,,,,,,,,,,,,,,,
11,GUANAJUATO,9,SAN MIGUEL DE ALLENDE,5,APASEO EL GRANDE,329,B,53,7,1,22,4,5,29,8,9,9,157,8,165,481,,,,,,,,,,,,,,,,,,,,,
11,GUANAJUATO,9,SAN MIGUEL DE ALLENDE,5,APASEO EL GRANDE,329,C01,64,8,3,28,4,2,26,11,8,7,164,7,171,480,,,,,,,,,,,,,,,,,,,,,
11,GUANAJUATO,9,SAN MIGUEL DE ALLENDE,5,APASEO EL GRANDE,330,B,101,6,6,21,5,5,41,11,12,21,234,16,250,743,,,,,,,,,,,,,,,,,,,,,
11,GUANAJUATO,9,SAN MIGUEL DE ALLENDE,5,APASEO EL GRANDE,330,C01,105,2,3,21,3,6,40,7,12,13,217,6,223,743,,,,,,,,,,,,,,,,,,,,,
11,GUANAJUATO,10,SAN FRANCISCO DEL RINCON,8,MANUEL DOBLADO,567,B,188,157,21,6,,14,11,1,,,404,6,410,723,,,,,,,,,,,,,,,,,,,,,
11,GUANAJUATO,10,SAN FRANCISCO DEL RINCON,8,MANUEL DOBLADO,567,C01,171,135,11,4,,23,15,0,,,362,8,370,722,,,,,,,,,,,,,,,,,,,,,
11,GUANAJUATO,10,SAN FRANCISCO DEL RINCON,8,MANUEL DOBLADO,568,B,124,117,6,17,,9,23,2,,,306,1,308,569,,,,,,,,,,,,,,,,,,,,,
11,GUANAJUATO,10,SAN FRANCISCO DEL RINCON,8,MANUEL DOBLADO,568,C01,132,141,9,13,,10,12,0,,,321,0,321,569,,,,,,,,,,,,,,,,,,,,,
11,GUANAJUATO,10,SAN FRANCISCO DEL RINCON,8,MANUEL DOBLADO,569,B,202,252,7,6,,7,35,0,,,513,5,518,739,,,,,,,,,,,,,,,,,,,,,
11,GUANAJUATO,10,SAN FRANCISCO DEL RINCON,8,MANUEL DOBLADO,570,B,103,147,5,5,,14,0,0,,,280,4,284,474,,,,,,,,,,,,,,,,,,,,,
11,GUANAJUATO,10,SAN FRANCISCO DEL RINCON,8,MANUEL DOBLADO,570,C01,106,120,4,10,,15,8,0,,,272,1,273,473,,,,,,,,,,,,,,,,,,,,,
11,GUANAJUATO,10,SAN FRANCISCO DEL RINCON,8,MANUEL DOBLADO,571,B,157,126,8,7,,14,9,3,,,325,3,328,517,,,,,,,,,,,,,,,,,,,,,
11,GUANAJUATO,10,SAN FRANCISCO DEL RINCON,8,MANUEL DOBLADO,571,C01,129,136,10,6,,7,16,1,,,307,9,316,517,,,,,,,,,,,,,,,,,,,,,
11,GUANAJUATO,10,SAN FRANCISCO DEL RINCON,8,MANUEL DOBLADO,571,C02,156,109,7,5,,7,14,2,,,303,6,309,517,,,,,,,,,,,,,,,,,,,,,
11,GUANAJUATO,10,SAN FRANCISCO DEL RINCON,8,MANUEL DOBLADO,572,B,158,115,11,4,,6,11,1,,,306,1,307,516,,,,,,,,,,,,,,,,,,,,,
11,GUANAJUATO,10,SAN FRANCISCO DEL RINCON,8,MANUEL DOBLADO,572,C01,155,121,5,6,,9,12,1,,,310,3,313,516,,,,,,,,,,,,,,,,,,,,,
11,GUANAJUATO,10,SAN FRANCISCO DEL RINCON,8,MANUEL DOBLADO,573,B,138,220,12,9,,10,11,3,,,405,1,406,645,,,,,,,,,,,,,,,,,,,,,
11,GUANAJUATO,10,SAN FRANCISCO DEL RINCON,8,MANUEL DOBLADO,574,B,124,146,12,12,,8,15,2,,,326,6,332,643,,,,,,,,,,,,,,,,,,,,,
11,GUANAJUATO,10,SAN FRANCISCO DEL RINCON,8,MANUEL DOBLADO,574,C01,161,155,7,5,,10,9,0,,,350,3,353,642,,,,,,,,,,,,,,,,,,,,,
11,GUANAJUATO,10,SAN FRANCISCO DEL RINCON,8,MANUEL DOBLADO,575,B,157,143,15,4,,14,21,0,,,360,5,365,648,,,,,,,,,,,,,,,,,,,,,
11,GUANAJUATO,10,SAN FRANCISCO DEL RINCON,8,MANUEL DOBLADO,575,C01,180,112,11,11,,12,13,0,,,348,5,354,647,,,,,,,,,,,,,,,,,,,,,
11,GUANAJUATO,10,SAN FRANCISCO DEL RINCON,8,MANUEL DOBLADO,575,C02,173,126,11,9,,6,10,0,,,345,9,354,647,,,,,,,,,,,,,,,,,,,,,
11,GUANAJUATO,10,SAN FRANCISCO DEL RINCON,8,MANUEL DOBLADO,575,C03,152,158,12,5,,21,19,0,,,375,4,379,647,,,,,,,,,,,,,,,,,,,,,
11,GUANAJUATO,10,SAN FRANCISCO DEL RINCON,8,MANUEL DOBLADO,576,B,183,127,5,3,,10,10,3,,,346,9,355,574,,,,,,,,,,,,,,,,,,,,,
11,GUANAJUATO,10,SAN FRANCISCO DEL RINCON,8,MANUEL DOBLADO,576,C01,140,142,2,4,,12,10,2,,,315,6,321,574,,,,,,,,,,,,,,,,,,,,,
11,GUANAJUATO,10,SAN FRANCISCO DEL RINCON,8,MANUEL DOBLADO,577,B,160,128,16,3,,2,22,0,,,332,6,338,713,,,,,,,,,,,,,,,,,,,,,
11,GUANAJUATO,10,SAN FRANCISCO DEL RINCON,8,MANUEL DOBLADO,578,B,126,63,3,1,,15,13,0,,,221,1,222,393,,,,,,,,,,,,,,,,,,,,,
11,GUANAJUATO,10,SAN FRANCISCO DEL RINCON,8,MANUEL DOBLADO,578,C01,84,72,14,9,,23,7,0,,,210,1,211,393,,,,,,,,,,,,,,,,,,,,,
11,GUANAJUATO,10,SAN FRANCISCO DEL RINCON,8,MANUEL DOBLADO,579,B,124,115,10,2,,2,5,1,,,261,7,268,577,,,,,,,,,,,,,,,,,,,,,
11,GUANAJUATO,10,SAN FRANCISCO DEL RINCON,8,MANUEL DOBLADO,579,C01,114,139,9,2,,4,10,0,,,279,8,287,577,,,,,,,,,,,,,,,,,,,,,
11,GUANAJUATO,10,SAN FRANCISCO DEL RINCON,8,MANUEL DOBLADO,580,B,40,47,3,3,,2,15,1,,,111,3,114,235,,,,,,,,,,,,,,,,,,,,,
11,GUANAJUATO,10,SAN FRANCISCO DEL RINCON,8,MANUEL DOBLADO,581,B,88,92,2,7,,5,6,1,,,202,5,207,336,,,,,,,,,,,,,,,,,,,,,
11,GUANAJUATO,10,SAN FRANCISCO DEL RINCON,8,MANUEL DOBLADO,582,B,190,115,1,1,,6,8,1,,,322,10,332,566,,,,,,,,,,,,,,,,,,,,,
11,GUANAJUATO,10,SAN FRANCISCO DEL RINCON,8,MANUEL DOBLADO,582,C01,186,112,1,4,,11,9,1,,,324,11,335,565,,,,,,,,,,,,,,,,,,,,,
11,GUANAJUATO,10,SAN FRANCISCO DEL RINCON,8,MANUEL DOBLADO,583,B,217,148,12,7,,27,5,0,,,420,2,422,739,,,,,,,,,,,,,,,,,,,,,
11,GUANAJUATO,10,SAN FRANCISCO DEL RINCON,8,MANUEL DOBLADO,584,B,98,35,4,4,,3,3,1,,,151,2,153,364,,,,,,,,,,,,,,,,,,,,,
11,GUANAJUATO,10,SAN FRANCISCO DEL RINCON,8,MANUEL DOBLADO,585,B,44,37,2,1,,2,0,1,,,89,3,92,210,,,,,,,,,,,,,,,,,,,,,
11,GUANAJUATO,10,SAN FRANCISCO DEL RINCON,8,MANUEL DOBLADO,586,B,89,156,3,1,,2,36,0,,,294,12,306,693,,,,,,,,,,,,,,,,,,,,,
11,GUANAJUATO,10,SAN FRANCISCO DEL RINCON,8,MANUEL DOBLADO,587,B,56,105,38,4,,2,7,0,,,214,6,220,412,,,,,,,,,,,,,,,,,,,,,
11,GUANAJUATO,10,SAN FRANCISCO DEL RINCON,8,MANUEL DOBLADO,587,C01,55,93,41,0,,6,4,0,,,200,7,207,411,,,,,,,,,,,,,,,,,,,,,
11,GUANAJUATO,10,SAN FRANCISCO DEL RINCON,8,MANUEL DOBLADO,588,B,68,50,2,0,,4,1,2,,,128,6,134,209,,,,,,,,,,,,,,,,,,,,,
11,GUANAJUATO,10,SAN FRANCISCO DEL RINCON,8,MANUEL DOBLADO,589,B,108,113,5,4,,7,6,0,,,249,6,255,691,,,,,,,,,,,,,,,,,,,,,
11,GUANAJUATO,10,SAN FRANCISCO DEL RINCON,8,MANUEL DOBLADO,590,B,84,76,1,10,,8,6,1,,,193,7,200,456,,,,,,,,,,,,,,,,,,,,,
11,GUANAJUATO,10,SAN FRANCISCO DEL RINCON,8,MANUEL DOBLADO,591,B,140,108,7,3,,10,12,0,,,281,1,282,577,,,,,,,,,,,,,,,,,,,,,
11,GUANAJUATO,10,SAN FRANCISCO DEL RINCON,8,MANUEL DOBLADO,592,B,141,65,2,0,,20,4,0,,,232,1,233,355,,,,,,,,,,,,,,,,,,,,,
11,GUANAJUATO,10,SAN FRANCISCO DEL RINCON,8,MANUEL DOBLADO,593,B,171,163,6,1,,15,8,0,,,367,2,369,586,,,,,,,,,,,,,,,,,,,,,
11,GUANAJUATO,10,SAN FRANCISCO DEL RINCON,8,MANUEL DOBLADO,594,B,141,110,2,3,,39,4,2,,,302,3,305,523,,,,,,,,,,,,,,,,,,,,,
11,GUANAJUATO,10,SAN FRANCISCO DEL RINCON,8,MANUEL DOBLADO,594,C01,143,71,3,9,,36,12,0,,,276,4,280,522,,,,,,,,,,,,,,,,,,,,,
11,GUANAJUATO,10,SAN FRANCISCO DEL RINCON,8,MANUEL DOBLADO,594,C02,140,87,6,1,,42,14,2,,,294,3,297,522,,,,,,,,,,,,,,,,,,,,,
11,GUANAJUATO,10,SAN FRANCISCO DEL RINCON,8,MANUEL DOBLADO,595,B,102,59,2,5,,4,5,2,,,180,11,191,288,,,,,,,,,,,,,,,,,,,,,
11,GUANAJUATO,10,SAN FRANCISCO DEL RINCON,8,MANUEL DOBLADO,596,B,94,102,1,0,,3,10,0,,,215,6,221,490,,,,,,,,,,,,,,,,,,,,,
11,GUANAJUATO,10,SAN FRANCISCO DEL RINCON,8,MANUEL DOBLADO,596,C01,135,93,0,0,,12,8,0,,,250,1,251,489,,,,,,,,,,,,,,,,,,,,,
11,GUANAJUATO,10,SAN FRANCISCO DEL RINCON,8,MANUEL DOBLADO,597,B,132,118,6,6,,18,12,0,,,294,0,294,606,,,,,,,,,,,,,,,,,,,,,
11,GUANAJUATO,10,SAN FRANCISCO DEL RINCON,8,MANUEL DOBLADO,597,C01,144,89,1,2,,10,15,1,,,273,3,276,606,,,,,,,,,,,,,,,,,,,,,
11,GUANAJUATO,10,SAN FRANCISCO DEL RINCON,8,MANUEL DOBLADO,598,B,49,60,0,3,,2,1,1,,,120,2,122,231,,,,,,,,,,,,,,,,,,,,,
11,GUANAJUATO,10,SAN FRANCISCO DEL RINCON,8,MANUEL DOBLADO,599,B,104,78,7,7,,7,10,1,,,215,5,220,461,,,,,,,,,,,,,,,,,,,,,
11,GUANAJUATO,10,SAN FRANCISCO DEL RINCON,8,MANUEL DOBLADO,600,B,67,86,3,5,,10,4,1,,,182,1,183,331,,,,,,,,,,,,,,,,,,,,,
11,GUANAJUATO,10,SAN FRANCISCO DEL RINCON,8,MANUEL DOBLADO,601,B,97,117,5,7,,13,5,2,,,248,2,250,461,,,,,,,,,,,,,,,,,,,,,
11,GUANAJUATO,10,SAN FRANCISCO DEL RINCON,8,MANUEL DOBLADO,601,C01,131,121,7,12,,9,6,3,,,292,2,294,461,,,,,,,,,,,,,,,,,,,,,
11,GUANAJUATO,10,SAN FRANCISCO DEL RINCON,8,MANUEL DOBLADO,602,B,73,106,1,3,,10,10,2,,,210,8,218,596,,,,,,,,,,,,,,,,,,,,,
11,GUANAJUATO,10,SAN FRANCISCO DEL RINCON,8,MANUEL DOBLADO,603,B,110,94,1,1,,10,2,0,,,220,2,222,465,,,,,,,,,,,,,,,,,,,,,
11,GUANAJUATO,10,SAN FRANCISCO DEL RINCON,8,MANUEL DOBLADO,603,C01,98,102,2,1,,7,3,1,,,218,6,224,464,,,,,,,,,,,,,,,,,,,,,
11,GUANAJUATO,10,SAN FRANCISCO DEL RINCON,8,MANUEL DOBLADO,604,B,181,105,16,2,,9,9,0,,,324,5,329,589,,,,,,,,,,,,,,,,,,,,,
11,GUANAJUATO,10,SAN FRANCISCO DEL RINCON,8,MANUEL DOBLADO,604,C01,188,112,17,4,,6,10,0,,,340,4,344,588,,,,,,,,,,,,,,,,,,,,,
11,GUANAJUATO,10,SAN FRANCISCO DEL RINCON,8,MANUEL DOBLADO,605,B,10,30,1,1,,0,8,0,,,51,2,53,103,,,,,,,,,,,,,,,,,,,,,
11,GUANAJUATO,10,SAN FRANCISCO DEL RINCON,8,MANUEL DOBLADO,606,B,120,98,4,11,,10,9,4,,,260,4,264,489,,,,,,,,,,,,,,,,,,,,,
11,GUANAJUATO,10,SAN FRANCISCO DEL RINCON,8,MANUEL DOBLADO,606,C01,131,97,3,14,,10,13,2,,,274,4,278,488,,,,,,,,,,,,,,,,,,,,,
11,GUANAJUATO,10,SAN FRANCISCO DEL RINCON,8,MANUEL DOBLADO,607,B,66,70,2,0,,4,2,0,,,147,5,152,302,,,,,,,,,,,,,,,,,,,,,
11,GUANAJUATO,10,SAN FRANCISCO DEL RINCON,8,MANUEL DOBLADO,608,B,28,23,0,3,,0,3,0,,,60,1,61,158,,,,,,,,,,,,,,,,,,,,,
11,GUANAJUATO,10,SAN FRANCISCO DEL RINCON,12,CUERAMARO,717,B,80,113,1,1,9,27,28,,,,280,6,286,530,,,,,,,,,,,,,,,,,,,,,
11,GUANAJUATO,10,SAN FRANCISCO DEL RINCON,12,CUERAMARO,717,C01,96,98,1,0,7,27,22,,,,265,4,269,530,,,,,,,,,,,,,,,,,,,,,
11,GUANAJUATO,10,SAN FRANCISCO DEL RINCON,12,CUERAMARO,718,B,79,116,0,0,5,43,18,,,,283,8,291,523,,,,,,,,,,,,,,,,,,,,,
11,GUANAJUATO,10,SAN FRANCISCO DEL RINCON,12,CUERAMARO,718,C01,81,92,2,0,8,39,21,,,,257,8,265,523,,,,,,,,,,,,,,,,,,,,,
11,GUANAJUATO,10,SAN FRANCISCO DEL RINCON,12,CUERAMARO,719,B,64,84,1,2,1,31,19,,,,215,7,222,380,,,,,,,,,,,,,,,,,,,,,
11,GUANAJUATO,10,SAN FRANCISCO DEL RINCON,12,CUERAMARO,719,C01,61,74,0,2,5,35,16,,,,202,2,204,379,,,,,,,,,,,,,,,,,,,,,
11,GUANAJUATO,10,SAN FRANCISCO DEL RINCON,12,CUERAMARO,720,B,111,155,0,1,5,42,53,,,,388,9,397,681,,,,,,,,,,,,,,,,,,,,,
11,GUANAJUATO,10,SAN FRANCISCO DEL RINCON,12,CUERAMARO,720,C01,141,127,3,0,1,38,31,,,,356,5,361,680,,,,,,,,,,,,,,,,,,,,,
11,GUANAJUATO,10,SAN FRANCISCO DEL RINCON,12,CUERAMARO,721,B,118,139,1,7,5,30,36,,,,356,11,367,673,,,,,,,,,,,,,,,,,,,,,
11,GUANAJUATO,10,SAN FRANCISCO DEL RINCON,12,CUERAMARO,722,B,78,82,1,1,9,20,28,,,,233,4,237,441,,,,,,,,,,,,,,,,,,,,,
11,GUANAJUATO,10,SAN FRANCISCO DEL RINCON,12,CUERAMARO,722,C01,84,74,1,0,5,13,36,,,,227,3,230,441,,,,,,,,,,,,,,,,,,,,,
11,GUANAJUATO,10,SAN FRANCISCO DEL RINCON,12,CUERAMARO,723,B,82,117,2,0,3,33,28,,,,288,7,295,566,,,,,,,,,,,,,,,,,,,,,
11,GUANAJUATO,10,SAN FRANCISCO DEL RINCON,12,CUERAMARO,723,C01,74,118,1,2,1,20,22,,,,253,8,261,566,,,,,,,,,,,,,,,,,,,,,
11,GUANAJUATO,10,SAN FRANCISCO DEL RINCON,12,CUERAMARO,724,B,71,112,0,2,3,28,23,,,,265,8,273,602,,,,,,,,,,,,,,,,,,,,,
11,GUANAJUATO,10,SAN FRANCISCO DEL RINCON,12,CUERAMARO,724,C01,84,101,3,2,0,32,19,,,,268,6,274,602,,,,,,,,,,,,,,,,,,,,,
11,GUANAJUATO,10,SAN FRANCISCO DEL RINCON,12,CUERAMARO,724,C02,52,146,3,0,4,33,26,,,,283,11,294,602,,,,,,,,,,,,,,,,,,,,,
11,GUANAJUATO,10,SAN FRANCISCO DEL RINCON,12,CUERAMARO,725,B,104,109,2,4,2,25,26,,,,303,9,312,628,,,,,,,,,,,,,,,,,,,,,
11,GUANAJUATO,10,SAN FRANCISCO DEL RINCON,12,CUERAMARO,725,C01,68,117,3,2,1,31,15,,,,262,8,270,627,,,,,,,,,,,,,,,,,,,,,
11,GUANAJUATO,10,SAN FRANCISCO DEL RINCON,12,CUERAMARO,725,C02,60,113,2,3,2,12,35,,,,236,8,244,627,,,,,,,,,,,,,,,,,,,,,
11,GUANAJUATO,10,SAN FRANCISCO DEL RINCON,12,CUERAMARO,725,C03,80,120,0,0,3,24,41,,,,284,2,286,627,,,,,,,,,,,,,,,,,,,,,
11,GUANAJUATO,10,SAN FRANCISCO DEL RINCON,12,CUERAMARO,726,B,102,143,2,1,3,31,26,,,,331,7,338,633,,,,,,,,,,,,,,,,,,,,,
11,GUANAJUATO,10,SAN FRANCISCO DEL RINCON,12,CUERAMARO,726,C01,129,123,0,1,3,20,26,,,,316,4,320,632,,,,,,,,,,,,,,,,,,,,,
11,GUANAJUATO,10,SAN FRANCISCO DEL RINCON,12,CUERAMARO,726,C02,90,132,3,2,3,33,28,,,,308,11,319,632,,,,,,,,,,,,,,,,,,,,,
11,GUANAJUATO,10,SAN FRANCISCO DEL RINCON,12,CUERAMARO,727,B,183,108,5,0,2,12,43,,,,357,4,361,740,,,,,,,,,,,,,,,,,,,,,
11,GUANAJUATO,10,SAN FRANCISCO DEL RINCON,12,CUERAMARO,728,B,205,104,1,2,4,33,10,,,,372,3,375,675,,,,,,,,,,,,,,,,,,,,,
11,GUANAJUATO,10,SAN FRANCISCO DEL RINCON,12,CUERAMARO,729,B,124,91,0,3,1,43,19,,,,293,2,295,567,,,,,,,,,,,,,,,,,,,,,
11,GUANAJUATO,10,SAN FRANCISCO DEL RINCON,12,CUERAMARO,731,B,89,62,2,2,3,25,22,,,,216,6,222,474,,,,,,,,,,,,,,,,,,,,,
11,GUANAJUATO,10,SAN FRANCISCO DEL RINCON,12,CUERAMARO,731,C01,100,112,3,0,2,22,19,,,,268,1,269,473,,,,,,,,,,,,,,,,,,,,,
11,GUANAJUATO,10,SAN FRANCISCO DEL RINCON,12,CUERAMARO,732,B,68,85,0,1,2,14,31,,,,208,2,210,383,,,,,,,,,,,,,,,,,,,,,
11,GUANAJUATO,10,SAN FRANCISCO DEL RINCON,12,CUERAMARO,732,C01,57,94,0,0,5,17,35,,,,212,4,216,382,,,,,,,,,,,,,,,,,,,,,
11,GUANAJUATO,10,SAN FRANCISCO DEL RINCON,12,CUERAMARO,733,B,74,130,3,2,6,13,50,,,,292,10,302,515,,,,,,,,,,,,,,,,,,,,,
11,GUANAJUATO,10,SAN FRANCISCO DEL RINCON,12,CUERAMARO,734,B,80,61,1,0,3,8,23,,,,180,5,185,312,,,,,,,,,,,,,,,,,,,,,
11,GUANAJUATO,10,SAN FRANCISCO DEL RINCON,12,CUERAMARO,736,B,96,125,4,4,5,14,34,,,,288,11,299,712,,,,,,,,,,,,,,,,,,,,,
11,GUANAJUATO,10,SAN FRANCISCO DEL RINCON,12,CUERAMARO,736,C01,77,134,0,0,4,25,37,,,,283,6,290,712,,,,,,,,,,,,,,,,,,,,,
11,GUANAJUATO,10,SAN FRANCISCO DEL RINCON,12,CUERAMARO,736,C02,92,98,5,4,4,32,25,,,,271,9,280,711,,,,,,,,,,,,,,,,,,,,,
11,GUANAJUATO,10,SAN FRANCISCO DEL RINCON,12,CUERAMARO,737,B,132,74,1,2,10,24,20,,,,274,4,278,546,,,,,,,,,,,,,,,,,,,,,
11,GUANAJUATO,10,SAN FRANCISCO DEL RINCON,12,CUERAMARO,738,B,109,133,2,1,4,40,20,,,,326,1,327,703,,,,,,,,,,,,,,,,,,,,,
11,GUANAJUATO,10,SAN FRANCISCO DEL RINCON,12,CUERAMARO,738,C01,127,111,1,1,6,44,44,,,,348,5,353,702,,,,,,,,,,,,,,,,,,,,,
11,GUANAJUATO,10,SAN FRANCISCO DEL RINCON,12,CUERAMARO,738,C02,121,133,3,1,7,45,36,,,,355,8,363,702,,,,,,,,,,,,,,,,,,,,,
11,GUANAJUATO,10,SAN FRANCISCO DEL RINCON,12,CUERAMARO,739,B,103,96,6,7,8,28,85,,,,340,3,343,748,,,,,,,,,,,,,,,,,,,,,
11,GUANAJUATO,10,SAN FRANCISCO DEL RINCON,12,CUERAMARO,739,C01,119,100,9,12,5,13,97,,,,364,12,376,748,,,,,,,,,,,,,,,,,,,,,
11,GUANAJUATO,10,SAN FRANCISCO DEL RINCON,25,PURISIMA DEL RINCON,2034,B,148,30,1,2,1,115,24,2,,,324,6,330,743,,,,,,,,,,,,,,,,,,,,,
11,GUANAJUATO,10,SAN FRANCISCO DEL RINCON,25,PURISIMA DEL RINCON,2034,C01,185,33,0,8,0,109,19,0,,,355,6,361,743,,,,,,,,,,,,,,,,,,,,,
11,GUANAJUATO,10,SAN FRANCISCO DEL RINCON,25,PURISIMA DEL RINCON,2034,C02,171,29,0,3,0,108,18,2,,,331,7,338,743,,,,,,,,,,,,,,,,,,,,,
11,GUANAJUATO,10,SAN FRANCISCO DEL RINCON,25,PURISIMA DEL RINCON,2034,C03,182,36,2,9,1,100,12,0,,,343,4,347,742,,,,,,,,,,,,,,,,,,,,,
11,GUANAJUATO,10,SAN FRANCISCO DEL RINCON,25,PURISIMA DEL RINCON,2035,B,142,27,1,10,1,94,14,1,,,292,5,297,699,,,,,,,,,,,,,,,,,,,,,
11,GUANAJUATO,10,SAN FRANCISCO DEL RINCON,25,PURISIMA DEL RINCON,2035,C01,121,23,2,3,1,107,25,3,,,286,6,292,698,,,,,,,,,,,,,,,,,,,,,
11,GUANAJUATO,10,SAN FRANCISCO DEL RINCON,25,PURISIMA DEL RINCON,2035,C02,160,31,2,8,2,89,19,3,,,315,4,319,698,,,,,,,,,,,,,,,,,,,,,
11,GUANAJUATO,10,SAN FRANCISCO DEL RINCON,25,PURISIMA DEL RINCON,2035,C03,170,24,0,4,1,69,15,2,,,288,3,291,698,,,,,,,,,,,,,,,,,,,,,
11,GUANAJUATO,10,SAN FRANCISCO DEL RINCON,25,PURISIMA DEL RINCON,2035,C04,163,19,1,7,1,90,15,1,,,300,3,303,698,,,,,,,,,,,,,,,,,,,,,
11,GUANAJUATO,10,SAN FRANCISCO DEL RINCON,25,PURISIMA DEL RINCON,2035,C05,158,33,1,6,2,96,16,1,,,319,4,323,698,,,,,,,,,,,,,,,,,,,,,
11,GUANAJUATO,10,SAN FRANCISCO DEL RINCON,25,PURISIMA DEL RINCON,2036,B,154,24,2,10,7,19,13,2,,,231,4,235,707,,,,,,,,,,,,,,,,,,,,,
11,GUANAJUATO,10,SAN FRANCISCO DEL RINCON,25,PURISIMA DEL RINCON,2036,C01,130,19,1,7,9,31,28,2,,,228,4,232,707,,,,,,,,,,,,,,,,,,,,,
11,GUANAJUATO,10,SAN FRANCISCO DEL RINCON,25,PURISIMA DEL RINCON,2036,C02,156,41,0,6,7,33,17,2,,,263,7,270,707,,,,,,,,,,,,,,,,,,,,,
11,GUANAJUATO,10,SAN FRANCISCO DEL RINCON,25,PURISIMA DEL RINCON,2036,C03,137,34,1,12,7,34,23,0,,,248,0,248,707,,,,,,,,,,,,,,,,,,,,,
11,GUANAJUATO,10,SAN FRANCISCO DEL RINCON,25,PURISIMA DEL RINCON,2036,C04,104,41,1,10,12,21,15,1,,,206,8,214,707,,,,,,,,,,,,,,,,,,,,,
11,GUANAJUATO,10,SAN FRANCISCO DEL RINCON,25,PURISIMA DEL RINCON,2036,C05,150,31,0,3,0,31,19,0,,,234,3,237,707,,,,,,,,,,,,,,,,,,,,,
11,GUANAJUATO,10,SAN FRANCISCO DEL RINCON,25,PURISIMA DEL RINCON,2036,C06,128,26,0,8,3,31,19,0,,,218,3,221,706,,,,,,,,,,,,,,,,,,,,,
11,GUANAJUATO,10,SAN FRANCISCO DEL RINCON,25,PURISIMA DEL RINCON,2036,C07,131,38,0,3,2,21,21,4,,,220,4,224,706,,,,,,,,,,,,,,,,,,,,,
11,GUANAJUATO,10,SAN FRANCISCO DEL RINCON,25,PURISIMA DEL RINCON,2036,C08,109,40,1,8,5,29,28,1,,,221,3,224,706,,,,,,,,,,,,,,,,,,,,,
11,GUANAJUATO,10,SAN FRANCISCO DEL RINCON,25,PURISIMA DEL RINCON,2036,C09,144,33,1,4,7,23,31,1,,,244,4,248,706,,,,,,,,,,,,,,,,,,,,,
11,GUANAJUATO,10,SAN FRANCISCO DEL RINCON,25,PURISIMA DEL RINCON,2036,C10,152,32,0,8,5,26,18,1,,,243,5,248,706,,,,,,,,,,,,,,,,,,,,,
11,GUANAJUATO,10,SAN FRANCISCO DEL RINCON,25,PURISIMA DEL RINCON,2037,B,146,52,1,4,1,144,14,2,,,366,5,371,710,,,,,,,,,,,,,,,,,,,,,
11,GUANAJUATO,10,SAN FRANCISCO DEL RINCON,25,PURISIMA DEL RINCON,2037,C01,157,46,0,7,1,118,19,0,,,350,6,356,710,,,,,,,,,,,,,,,,,,,,,
11,GUANAJUATO,10,SAN FRANCISCO DEL RINCON,25,PURISIMA DEL RINCON,2038,B,113,33,0,8,2,120,14,0,,,290,3,293,521,,,,,,,,,,,,,,,,,,,,,
11,GUANAJUATO,10,SAN FRANCISCO DEL RINCON,25,PURISIMA DEL RINCON,2038,C01,157,28,0,5,0,105,16,0,,,311,5,316,521,,,,,,,,,,,,,,,,,,,,,
11,GUANAJUATO,10,SAN FRANCISCO DEL RINCON,25,PURISIMA DEL RINCON,2038,C02,126,22,2,6,0,108,15,1,,,283,1,284,521,,,,,,,,,,,,,,,,,,,,,
11,GUANAJUATO,10,SAN FRANCISCO DEL RINCON,25,PURISIMA DEL RINCON,2039,B,133,39,1,6,0,124,28,1,,,337,5,342,590,,,,,,,,,,,,,,,,,,,,,
11,GUANAJUATO,10,SAN FRANCISCO DEL RINCON,25,PURISIMA DEL RINCON,2039,C01,146,26,3,9,0,126,18,1,,,330,3,333,590,,,,,,,,,,,,,,,,,,,,,
11,GUANAJUATO,10,SAN FRANCISCO DEL RINCON,25,PURISIMA DEL RINCON,2039,C02,145,41,0,2,2,113,20,0,,,326,6,332,590,,,,,,,,,,,,,,,,,,,,,
11,GUANAJUATO,10,SAN FRANCISCO DEL RINCON,25,PURISIMA DEL RINCON,2039,C03,161,34,0,10,2,107,20,0,,,342,4,346,590,,,,,,,,,,,,,,,,,,,,,
11,GUANAJUATO,10,SAN FRANCISCO DEL RINCON,25,PURISIMA DEL RINCON,2040,B,88,54,1,3,0,81,15,0,,,243,3,246,398,,,,,,,,,,,,,,,,,,,,,
11,GUANAJUATO,10,SAN FRANCISCO DEL RINCON,25,PURISIMA DEL RINCON,2040,C01,88,37,1,1,0,83,8,0,,,219,4,224,398,,,,,,,,,,,,,,,,,,,,,
11,GUANAJUATO,10,SAN FRANCISCO DEL RINCON,25,PURISIMA DEL RINCON,2041,B,168,55,2,6,0,136,22,4,,,396,6,402,716,,,,,,,,,,,,,,,,,,,,,
11,GUANAJUATO,10,SAN FRANCISCO DEL RINCON,25,PURISIMA DEL RINCON,2041,C01,163,65,1,4,4,139,17,0,,,394,3,397,716,,,,,,,,,,,,,,,,,,,,,
11,GUANAJUATO,10,SAN FRANCISCO DEL RINCON,25,PURISIMA DEL RINCON,2042,B,151,33,1,8,3,75,17,1,,,294,8,302,691,,,,,,,,,,,,,,,,,,,,,
11,GUANAJUATO,10,SAN FRANCISCO DEL RINCON,25,PURISIMA DEL RINCON,2042,C01,123,26,0,19,2,98,23,2,,,295,5,300,690,,,,,,,,,,,,,,,,,,,,,
11,GUANAJUATO,10,SAN FRANCISCO DEL RINCON,25,PURISIMA DEL RINCON,2042,C02,152,25,1,11,3,73,23,2,,,290,2,292,690,,,,,,,,,,,,,,,,,,,,,
11,GUANAJUATO,10,SAN FRANCISCO DEL RINCON,25,PURISIMA DEL RINCON,2042,C03,152,35,3,6,0,81,22,5,,,304,5,309,690,,,,,,,,,,,,,,,,,,,,,
11,GUANAJUATO,10,SAN FRANCISCO DEL RINCON,25,PURISIMA DEL RINCON,2042,C04,138,20,1,14,2,74,21,1,,,273,4,277,690,,,,,,,,,,,,,,,,,,,,,
11,GUANAJUATO,10,SAN FRANCISCO DEL RINCON,25,PURISIMA DEL RINCON,2042,C05,140,29,0,10,1,90,32,0,,,304,5,309,690,,,,,,,,,,,,,,,,,,,,,
11,GUANAJUATO,10,SAN FRANCISCO DEL RINCON,25,PURISIMA DEL RINCON,2042,C06,144,20,2,6,1,71,21,0,,,267,8,275,690,,,,,,,,,,,,,,,,,,,,,
11,GUANAJUATO,10,SAN FRANCISCO DEL RINCON,25,PURISIMA DEL RINCON,2042,C07,143,25,1,13,1,83,13,0,,,280,6,286,690,,,,,,,,,,,,,,,,,,,,,
11,GUANAJUATO,10,SAN FRANCISCO DEL RINCON,25,PURISIMA DEL RINCON,2042,C08,137,29,1,5,2,70,21,2,,,268,3,271,690,,,,,,,,,,,,,,,,,,,,,
11,GUANAJUATO,10,SAN FRANCISCO DEL RINCON,25,PURISIMA DEL RINCON,2042,C09,161,25,0,4,0,82,22,0,,,296,5,301,690,,,,,,,,,,,,,,,,,,,,,
11,GUANAJUATO,10,SAN FRANCISCO DEL RINCON,25,PURISIMA DEL RINCON,2042,C10,140,32,2,24,0,94,15,2,,,310,3,313,690,,,,,,,,,,,,,,,,,,,,,
11,GUANAJUATO,10,SAN FRANCISCO DEL RINCON,25,PURISIMA DEL RINCON,2043,B,158,47,2,8,1,45,16,2,,,280,5,285,724,,,,,,,,,,,,,,,,,,,,,
11,GUANAJUATO,10,SAN FRANCISCO DEL RINCON,25,PURISIMA DEL RINCON,2043,C01,148,74,1,14,0,48,18,0,,,304,3,307,723,,,,,,,,,,,,,,,,,,,,,
11,GUANAJUATO,10,SAN FRANCISCO DEL RINCON,25,PURISIMA DEL RINCON,2043,C02,151,70,1,11,2,53,24,0,,,314,8,323,723,,,,,,,,,,,,,,,,,,,,,
11,GUANAJUATO,10,SAN FRANCISCO DEL RINCON,25,PURISIMA DEL RINCON,2044,B,127,35,2,23,2,12,18,1,,,220,3,223,657,,,,,,,,,,,,,,,,,,,,,
11,GUANAJUATO,10,SAN FRANCISCO DEL RINCON,25,PURISIMA DEL RINCON,2044,C01,104,15,2,23,2,26,22,2,,,198,12,210,657,,,,,,,,,,,,,,,,,,,,,
11,GUANAJUATO,10,SAN FRANCISCO DEL RINCON,25,PURISIMA DEL RINCON,2044,C02,113,20,0,23,2,10,23,3,,,195,8,203,657,,,,,,,,,,,,,,,,,,,,,
11,GUANAJUATO,10,SAN FRANCISCO DEL RINCON,25,PURISIMA DEL RINCON,2044,C03,105,22,0,15,4,15,17,1,,,180,3,183,657,,,,,,,,,,,,,,,,,,,,,
11,GUANAJUATO,10,SAN FRANCISCO DEL RINCON,25,PURISIMA DEL RINCON,2044,C04,136,7,2,17,2,15,18,5,,,203,4,207,657,,,,,,,,,,,,,,,,,,,,,
11,GUANAJUATO,10,SAN FRANCISCO DEL RINCON,25,PURISIMA DEL RINCON,2044,C05,112,23,0,13,2,16,26,0,,,192,3,196,656,,,,,,,,,,,,,,,,,,,,,
11,GUANAJUATO,10,SAN FRANCISCO DEL RINCON,25,PURISIMA DEL RINCON,2044,C06,118,25,0,27,1,16,28,0,,,216,5,221,656,,,,,,,,,,,,,,,,,,,,,
11,GUANAJUATO,10,SAN FRANCISCO DEL RINCON,25,PURISIMA DEL RINCON,2045,B,99,21,1,4,2,14,25,0,,,168,7,175,615,,,,,,,,,,,,,,,,,,,,,
11,GUANAJUATO,10,SAN FRANCISCO DEL RINCON,25,PURISIMA DEL RINCON,2045,C01,120,19,2,9,1,17,12,2,,,183,0,183,615,,,,,,,,,,,,,,,,,,,,,
11,GUANAJUATO,10,SAN FRANCISCO DEL RINCON,25,PURISIMA DEL RINCON,2045,C02,141,7,0,12,0,21,17,2,,,200,7,207,615,,,,,,,,,,,,,,,,,,,,,
11,GUANAJUATO,10,SAN FRANCISCO DEL RINCON,25,PURISIMA DEL RINCON,2045,C03,124,13,3,7,0,12,23,0,,,183,4,187,615,,,,,,,,,,,,,,,,,,,,,
11,GUANAJUATO,10,SAN FRANCISCO DEL RINCON,25,PURISIMA DEL RINCON,2046,B,87,20,3,14,0,13,16,3,,,158,0,158,748,,,,,,,,,,,,,,,,,,,,,
11,GUANAJUATO,10,SAN FRANCISCO DEL RINCON,25,PURISIMA DEL RINCON,2046,C01,110,16,0,6,0,34,16,2,,,184,4,188,747,,,,,,,,,,,,,,,,,,,,,
11,GUANAJUATO,10,SAN FRANCISCO DEL RINCON,25,PURISIMA DEL RINCON,2046,C02,105,20,0,11,0,15,27,2,,,180,2,182,747,,,,,,,,,,,,,,,,,,,,,
11,GUANAJUATO,10,SAN FRANCISCO DEL RINCON,25,PURISIMA DEL RINCON,2046,C03,86,23,0,12,3,31,17,3,,,175,3,178,747,,,,,,,,,,,,,,,,,,,,,
11,GUANAJUATO,10,SAN FRANCISCO DEL RINCON,25,PURISIMA DEL RINCON,2047,B,140,12,3,6,0,44,7,1,,,214,17,231,567,,,,,,,,,,,,,,,,,,,,,
11,GUANAJUATO,10,SAN FRANCISCO DEL RINCON,25,PURISIMA DEL RINCON,2047,C01,155,28,0,10,1,37,4,0,,,236,3,239,567,,,,,,,,,,,,,,,,,,,,,
11,GUANAJUATO,10,SAN FRANCISCO DEL RINCON,25,PURISIMA DEL RINCON,2048,B,96,21,2,7,1,34,26,1,,,189,4,193,558,,,,,,,,,,,,,,,,,,,,,
11,GUANAJUATO,10,SAN FRANCISCO DEL RINCON,25,PURISIMA DEL RINCON,2048,C01,97,34,1,6,4,24,23,0,,,190,3,193,558,,,,,,,,,,,,,,,,,,,,,
11,GUANAJUATO,10,SAN FRANCISCO DEL RINCON,25,PURISIMA DEL RINCON,2048,C02,99,27,0,3,0,36,35,0,,,202,4,206,558,,,,,,,,,,,,,,,,,,,,,
11,GUANAJUATO,10,SAN FRANCISCO DEL RINCON,25,PURISIMA DEL RINCON,2049,B,108,31,1,5,5,91,29,2,,,273,5,278,665,,,,,,,,,,,,,,,,,,,,,
11,GUANAJUATO,10,SAN FRANCISCO DEL RINCON,25,PURISIMA DEL RINCON,2049,C01,102,20,3,3,2,54,14,1,,,201,4,205,665,,,,,,,,,,,,,,,,,,,,,
11,GUANAJUATO,10,SAN FRANCISCO DEL RINCON,25,PURISIMA DEL RINCON,2049,C02,89,27,4,3,3,61,32,1,,,220,3,223,664,,,,,,,,,,,,,,,,,,,,,
11,GUANAJUATO,10,SAN FRANCISCO DEL RINCON,25,PURISIMA DEL RINCON,2050,B,141,48,1,20,2,82,14,3,,,311,8,319,636,,,,,,,,,,,,,,,,,,,,,
11,GUANAJUATO,10,SAN FRANCISCO DEL RINCON,25,PURISIMA DEL RINCON,2050,C01,126,38,1,7,1,136,23,1,,,337,10,347,636,,,,,,,,,,,,,,,,,,,,,
11,GUANAJUATO,10,SAN FRANCISCO DEL RINCON,25,PURISIMA DEL RINCON,2051,B,98,33,3,4,2,51,33,1,,,226,10,236,582,,,,,,,,,,,,,,,,,,,,,
11,GUANAJUATO,10,SAN FRANCISCO DEL RINCON,25,PURISIMA DEL RINCON,2051,C01,122,37,2,7,1,51,21,0,,,246,2,248,582,,,,,,,,,,,,,,,,,,,,,
11,GUANAJUATO,10,SAN FRANCISCO DEL RINCON,25,PURISIMA DEL RINCON,2052,B,137,35,3,4,1,46,14,0,,,240,14,254,574,,,,,,,,,,,,,,,,,,,,,
11,GUANAJUATO,10,SAN FRANCISCO DEL RINCON,25,PURISIMA DEL RINCON,2052,C01,152,44,2,6,0,59,9,0,,,273,5,278,574,,,,,,,,,,,,,,,,,,,,,
11,GUANAJUATO,10,SAN FRANCISCO DEL RINCON,25,PURISIMA DEL RINCON,2052,C02,163,28,2,7,0,68,11,0,,,279,5,284,574,,,,,,,,,,,,,,,,,,,,,
11,GUANAJUATO,10,SAN FRANCISCO DEL RINCON,25,PURISIMA DEL RINCON,2053,B,107,19,2,4,0,65,11,0,,,208,9,217,637,,,,,,,,,,,,,,,,,,,,,
11,GUANAJUATO,10,SAN FRANCISCO DEL RINCON,25,PURISIMA DEL RINCON,2053,C01,108,31,0,4,1,71,8,2,,,227,15,242,637,,,,,,,,,,,,,,,,,,,,,
11,GUANAJUATO,10,SAN FRANCISCO DEL RINCON,25,PURISIMA DEL RINCON,2054,B,123,23,0,1,1,32,14,1,,,195,2,197,389,,,,,,,,,,,,,,,,,,,,,
11,GUANAJUATO,10,SAN FRANCISCO DEL RINCON,25,PURISIMA DEL RINCON,2054,C01,119,31,0,2,0,27,9,1,,,189,2,191,389,,,,,,,,,,,,,,,,,,,,,
11,GUANAJUATO,10,SAN FRANCISCO DEL RINCON,25,PURISIMA DEL RINCON,2055,B,79,52,1,6,0,38,18,2,,,196,7,203,536,,,,,,,,,,,,,,,,,,,,,
11,GUANAJUATO,10,SAN FRANCISCO DEL RINCON,25,PURISIMA DEL RINCON,2055,C01,91,47,1,7,1,41,19,0,,,207,7,214,536,,,,,,,,,,,,,,,,,,,,,
11,GUANAJUATO,10,SAN FRANCISCO DEL RINCON,25,PURISIMA DEL RINCON,2056,B,109,42,0,12,0,19,7,1,,,192,2,194,457,,,,,,,,,,,,,,,,,,,,,
11,GUANAJUATO,10,SAN FRANCISCO DEL RINCON,25,PURISIMA DEL RINCON,2057,B,54,37,1,1,2,8,5,3,,,113,9,122,407,,,,,,,,,,,,,,,,,,,,,
11,GUANAJUATO,10,SAN FRANCISCO DEL RINCON,25,PURISIMA DEL RINCON,2057,C01,64,48,1,0,0,13,4,0,,,131,0,131,406,,,,,,,,,,,,,,,,,,,,,
11,GUANAJUATO,10,SAN FRANCISCO DEL RINCON,25,PURISIMA DEL RINCON,2058,B,103,22,0,9,3,21,20,1,,,180,4,184,650,,,,,,,,,,,,,,,,,,,,,
11,GUANAJUATO,10,SAN FRANCISCO DEL RINCON,25,PURISIMA DEL RINCON,2058,C01,90,27,0,15,0,31,19,2,,,186,4,190,649,,,,,,,,,,,,,,,,,,,,,
11,GUANAJUATO,10,SAN FRANCISCO DEL RINCON,25,PURISIMA DEL RINCON,2058,C02,98,14,2,5,1,3,15,0,,,138,5,143,649,,,,,,,,,,,,,,,,,,,,,
11,GUANAJUATO,10,SAN FRANCISCO DEL RINCON,31,SAN FRANCISCO DEL RINCON,2446,B,52,62,1,6,8,2,15,2,,,149,6,155,444,,,,,,,,,,,,,,,,,,,,,
11,GUANAJUATO,10,SAN FRANCISCO DEL RINCON,31,SAN FRANCISCO DEL RINCON,2447,B,153,103,0,13,1,1,45,1,,,318,2,321,631,,,,,,,,,,,,,,,,,,,,,
11,GUANAJUATO,10,SAN FRANCISCO DEL RINCON,31,SAN FRANCISCO DEL RINCON,2447,C01,140,104,2,9,2,4,33,4,,,302,7,309,631,,,,,,,,,,,,,,,,,,,,,
11,GUANAJUATO,10,SAN FRANCISCO DEL RINCON,31,SAN FRANCISCO DEL RINCON,2447,C02,167,118,2,15,1,3,30,2,,,340,6,346,631,,,,,,,,,,,,,,,,,,,,,
11,GUANAJUATO,10,SAN FRANCISCO DEL RINCON,31,SAN FRANCISCO DEL RINCON,2447,C03,170,106,2,11,1,5,39,4,,,339,6,345,631,,,,,,,,,,,,,,,,,,,,,
11,GUANAJUATO,10,SAN FRANCISCO DEL RINCON,31,SAN FRANCISCO DEL RINCON,2447,C04,191,98,2,14,0,4,22,0,,,333,4,337,631,,,,,,,,,,,,,,,,,,,,,
11,GUANAJUATO,10,SAN FRANCISCO DEL RINCON,31,SAN FRANCISCO DEL RINCON,2447,C05,167,104,0,8,0,3,46,1,,,335,6,341,630,,,,,,,,,,,,,,,,,,,,,
11,GUANAJUATO,10,SAN FRANCISCO DEL RINCON,31,SAN FRANCISCO DEL RINCON,2448,B,180,89,2,4,1,3,29,2,,,312,5,317,593,,,,,,,,,,,,,,,,,,,,,
11,GUANAJUATO,10,SAN FRANCISCO DEL RINCON,31,SAN FRANCISCO DEL RINCON,2448,C01,186,72,2,16,2,3,28,4,,,314,5,319,593,,,,,,,,,,,,,,,,,,,,,
11,GUANAJUATO,10,SAN FRANCISCO DEL RINCON,31,SAN FRANCISCO DEL RINCON,2448,C02,196,86,4,7,0,6,32,2,,,334,7,341,592,,,,,,,,,,,,,,,,,,,,,
11,GUANAJUATO,10,SAN FRANCISCO DEL RINCON,31,SAN FRANCISCO DEL RINCON,2449,B,184,128,1,7,1,5,26,2,,,357,3,360,733,,,,,,,,,,,,,,,,,,,,,
11,GUANAJUATO,10,SAN FRANCISCO DEL RINCON,31,SAN FRANCISCO DEL RINCON,2449,C01,221,99,0,12,1,3,33,1,,,371,8,379,732,,,,,,,,,,,,,,,,,,,,,
11,GUANAJUATO,10,SAN FRANCISCO DEL RINCON,31,SAN FRANCISCO DEL RINCON,2450,B,146,106,3,17,0,2,60,2,,,339,5,344,637,,,,,,,,,,,,,,,,,,,,,
11,GUANAJUATO,10,SAN FRANCISCO DEL RINCON,31,SAN FRANCISCO DEL RINCON,2450,C01,149,121,1,3,1,0,54,1,,,331,5,336,636,,,,,,,,,,,,,,,,,,,,,
11,GUANAJUATO,10,SAN FRANCISCO DEL RINCON,31,SAN FRANCISCO DEL RINCON,2450,S01,27,18,0,1,0,0,9,1,,,56,1,57,0,,,,,,,,,,,,,,,,,,,,,
11,GUANAJUATO,10,SAN FRANCISCO DEL RINCON,31,SAN FRANCISCO DEL RINCON,2451,B,179,93,0,8,2,6,40,0,,,331,10,341,591,,,,,,,,,,,,,,,,,,,,,
11,GUANAJUATO,10,SAN FRANCISCO DEL RINCON,31,SAN FRANCISCO DEL RINCON,2451,C01,155,128,0,10,0,1,46,1,,,342,1,343,590,,,,,,,,,,,,,,,,,,,,,
11,GUANAJUATO,10,SAN FRANCISCO DEL RINCON,31,SAN FRANCISCO DEL RINCON,2452,B,131,134,1,7,0,2,44,4,,,326,10,336,639,,,,,,,,,,,,,,,,,,,,,
11,GUANAJUATO,10,SAN FRANCISCO DEL RINCON,31,SAN FRANCISCO DEL RINCON,2452,C01,114,136,1,9,1,2,51,2,,,316,5,321,639,,,,,,,,,,,,,,,,,,,,,
11,GUANAJUATO,10,SAN FRANCISCO DEL RINCON,31,SAN FRANCISCO DEL RINCON,2453,B,143,90,2,14,1,3,47,1,,,303,7,310,670,,,,,,,,,,,,,,,,,,,,,
11,GUANAJUATO,10,SAN FRANCISCO DEL RINCON,31,SAN FRANCISCO DEL RINCON,2453,C01,135,90,1,17,1,2,50,2,,,301,8,309,670,,,,,,,,,,,,,,,,,,,,,
11,GUANAJUATO,10,SAN FRANCISCO DEL RINCON,31,SAN FRANCISCO DEL RINCON,2454,B,115,95,2,5,1,1,27,4,,,252,5,257,537,,,,,,,,,,,,,,,,,,,,,
11,GUANAJUATO,10,SAN FRANCISCO DEL RINCON,31,SAN FRANCISCO DEL RINCON,2454,C01,119,67,0,11,2,0,40,1,,,242,9,251,537,,,,,,,,,,,,,,,,,,,,,
11,GUANAJUATO,10,SAN FRANCISCO DEL RINCON,31,SAN FRANCISCO DEL RINCON,2454,C02,114,87,1,13,1,1,47,0,,,264,3,267,536,,,,,,,,,,,,,,,,,,,,,
11,GUANAJUATO,10,SAN FRANCISCO DEL RINCON,31,SAN FRANCISCO DEL RINCON,2455,B,50,62,1,14,1,0,0,0,,,128,0,128,403,,,,,,,,,,,,,,,,,,,,,
11,GUANAJUATO,10,SAN FRANCISCO DEL RINCON,31,SAN FRANCISCO DEL RINCON,2456,B,138,67,3,8,2,2,33,3,,,258,5,263,472,,,,,,,,,,,,,,,,,,,,,
11,GUANAJUATO,10,SAN FRANCISCO DEL RINCON,31,SAN FRANCISCO DEL RINCON,2456,C01,131,76,3,6,2,2,31,0,,,251,7,258,471,,,,,,,,,,,,,,,,,,,,,
11,GUANAJUATO,10,SAN FRANCISCO DEL RINCON,31,SAN FRANCISCO DEL RINCON,2457,B,163,132,0,4,3,3,23,0,,,330,6,336,495,,,,,,,,,,,,,,,,,,,,,
11,GUANAJUATO,10,SAN FRANCISCO DEL RINCON,31,SAN FRANCISCO DEL RINCON,2457,C01,185,61,1,3,0,0,28,1,,,284,9,293,495,,,,,,,,,,,,,,,,,,,,,
11,GUANAJUATO,10,SAN FRANCISCO DEL RINCON,31,SAN FRANCISCO DEL RINCON,2458,B,101,111,0,6,1,1,21,2,,,244,2,246,428,,,,,,,,,,,,,,,,,,,,,
11,GUANAJUATO,10,SAN FRANCISCO DEL RINCON,31,SAN FRANCISCO DEL RINCON,2458,C01,109,107,1,7,1,2,22,1,,,251,1,252,427,,,,,,,,,,,,,,,,,,,,,
11,GUANAJUATO,10,SAN FRANCISCO DEL RINCON,31,SAN FRANCISCO DEL RINCON,2459,B,168,115,2,14,5,3,42,1,,,353,9,362,639,,,,,,,,,,,,,,,,,,,,,
11,GUANAJUATO,10,SAN FRANCISCO DEL RINCON,31,SAN FRANCISCO DEL RINCON,2459,C01,159,145,3,16,1,9,52,0,,,390,4,394,638,,,,,,,,,,,,,,,,,,,,,
11,GUANAJUATO,10,SAN FRANCISCO DEL RINCON,31,SAN FRANCISCO DEL RINCON,2460,B,116,102,0,20,1,0,25,0,,,266,6,272,518,,,,,,,,,,,,,,,,,,,,,
11,GUANAJUATO,10,SAN FRANCISCO DEL RINCON,31,SAN FRANCISCO DEL RINCON,2460,C01,122,89,3,17,2,0,33,1,,,268,7,275,517,,,,,,,,,,,,,,,,,,,,,
11,GUANAJUATO,10,SAN FRANCISCO DEL RINCON,31,SAN FRANCISCO DEL RINCON,2461,B,118,99,1,4,0,0,24,1,,,248,7,255,387,,,,,,,,,,,,,,,,,,,,,
11,GUANAJUATO,10,SAN FRANCISCO DEL RINCON,31,SAN FRANCISCO DEL RINCON,2461,C01,115,94,1,4,0,0,20,0,,,236,6,242,386,,,,,,,,,,,,,,,,,,,,,
11,GUANAJUATO,10,SAN FRANCISCO DEL RINCON,31,SAN FRANCISCO DEL RINCON,2462,B,206,186,5,13,4,1,21,1,,,441,3,444,735,,,,,,,,,,,,,,,,,,,,,
11,GUANAJUATO,10,SAN FRANCISCO DEL RINCON,31,SAN FRANCISCO DEL RINCON,2463,B,152,112,4,18,4,2,50,4,,,347,6,353,664,,,,,,,,,,,,,,,,,,,,,
11,GUANAJUATO,10,SAN FRANCISCO DEL RINCON,31,SAN FRANCISCO DEL RINCON,2463,C01,145,135,1,18,3,0,48,2,,,356,7,363,663,,,,,,,,,,,,,,,,,,,,,
11,GUANAJUATO,10,SAN FRANCISCO DEL RINCON,31,SAN FRANCISCO DEL RINCON,2464,B,171,124,3,20,3,2,33,4,,,362,8,370,735,,,,,,,,,,,,,,,,,,,,,
11,GUANAJUATO,10,SAN FRANCISCO DEL RINCON,31,SAN FRANCISCO DEL RINCON,2465,B,162,90,2,20,0,2,25,1,,,302,4,306,706,,,,,,,,,,,,,,,,,,,,,
11,GUANAJUATO,10,SAN FRANCISCO DEL RINCON,31,SAN FRANCISCO DEL RINCON,2465,C01,172,76,0,26,1,1,34,2,,,313,4,318,706,,,,,,,,,,,,,,,,,,,,,
11,GUANAJUATO,10,SAN FRANCISCO DEL RINCON,31,SAN FRANCISCO DEL RINCON,2465,C02,180,81,0,18,1,0,38,2,,,325,4,329,706,,,,,,,,,,,,,,,,,,,,,
11,GUANAJUATO,10,SAN FRANCISCO DEL RINCON,31,SAN FRANCISCO DEL RINCON,2466,B,175,90,1,13,4,1,45,5,,,334,8,342,639,,,,,,,,,,,,,,,,,,,,,
11,GUANAJUATO,10,SAN FRANCISCO DEL RINCON,31,SAN FRANCISCO DEL RINCON,2466,C01,179,88,2,28,2,3,43,3,,,348,8,356,639,,,,,,,,,,,,,,,,,,,,,
11,GUANAJUATO,10,SAN FRANCISCO DEL RINCON,31,SAN FRANCISCO DEL RINCON,2467,B,90,61,0,4,2,1,25,1,,,185,1,186,425,,,,,,,,,,,,,,,,,,,,,
11,GUANAJUATO,10,SAN FRANCISCO DEL RINCON,31,SAN FRANCISCO DEL RINCON,2467,C01,104,62,0,5,2,1,15,2,,,191,1,192,424,,,,,,,,,,,,,,,,,,,,,
11,GUANAJUATO,10,SAN FRANCISCO DEL RINCON,31,SAN FRANCISCO DEL RINCON,2468,B,123,89,1,18,2,1,47,0,,,283,4,287,657,,,,,,,,,,,,,,,,,,,,,
11,GUANAJUATO,10,SAN FRANCISCO DEL RINCON,31,SAN FRANCISCO DEL RINCON,2468,C01,133,98,6,13,7,0,30,6,,,306,0,306,657,,,,,,,,,,,,,,,,,,,,,
11,GUANAJUATO,10,SAN FRANCISCO DEL RINCON,31,SAN FRANCISCO DEL RINCON,2468,C02,150,74,0,10,2,0,36,2,,,274,5,283,656,,,,,,,,,,,,,,,,,,,,,
11,GUANAJUATO,10,SAN FRANCISCO DEL RINCON,31,SAN FRANCISCO DEL RINCON,2469,B,84,44,4,19,7,1,23,3,,,186,7,193,591,,,,,,,,,,,,,,,,,,,,,
11,GUANAJUATO,10,SAN FRANCISCO DEL RINCON,31,SAN FRANCISCO DEL RINCON,2469,C01,94,53,0,5,3,3,26,0,,,189,1,190,591,,,,,,,,,,,,,,,,,,,,,
11,GUANAJUATO,10,SAN FRANCISCO DEL RINCON,31,SAN FRANCISCO DEL RINCON,2469,C02,73,61,1,11,2,2,27,0,,,178,1,179,590,,,,,,,,,,,,,,,,,,,,,
11,GUANAJUATO,10,SAN FRANCISCO DEL RINCON,31,SAN FRANCISCO DEL RINCON,2469,C03,95,50,0,7,10,1,23,3,,,192,6,198,590,,,,,,,,,,,,,,,,,,,,,
11,GUANAJUATO,10,SAN FRANCISCO DEL RINCON,31,SAN FRANCISCO DEL RINCON,2470,B,116,87,1,12,5,3,37,2,,,267,2,269,678,,,,,,,,,,,,,,,,,,,,,
11,GUANAJUATO,10,SAN FRANCISCO DEL RINCON,31,SAN FRANCISCO DEL RINCON,2470,C01,106,106,1,17,4,2,35,0,,,272,0,273,677,,,,,,,,,,,,,,,,,,,,,
11,GUANAJUATO,10,SAN FRANCISCO DEL RINCON,31,SAN FRANCISCO DEL RINCON,2470,C02,103,73,3,16,2,1,31,2,,,237,5,242,677,,,,,,,,,,,,,,,,,,,,,
11,GUANAJUATO,10,SAN FRANCISCO DEL RINCON,31,SAN FRANCISCO DEL RINCON,2470,C03,101,99,3,13,2,2,37,2,,,263,4,268,677,,,,,,,,,,,,,,,,,,,,,
11,GUANAJUATO,10,SAN FRANCISCO DEL RINCON,31,SAN FRANCISCO DEL RINCON,2470,C04,112,95,2,15,3,2,37,3,,,271,5,276,677,,,,,,,,,,,,,,,,,,,,,
11,GUANAJUATO,10,SAN FRANCISCO DEL RINCON,31,SAN FRANCISCO DEL RINCON,2471,B,127,82,4,14,2,1,43,1,,,280,12,292,722,,,,,,,,,,,,,,,,,,,,,
11,GUANAJUATO,10,SAN FRANCISCO DEL RINCON,31,SAN FRANCISCO DEL RINCON,2471,C01,93,106,6,18,2,2,45,0,,,275,8,283,721,,,,,,,,,,,,,,,,,,,,,
11,GUANAJUATO,10,SAN FRANCISCO DEL RINCON,31,SAN FRANCISCO DEL RINCON,2472,B,120,57,3,6,1,0,28,0,,,219,5,224,464,,,,,,,,,,,,,,,,,,,,,
11,GUANAJUATO,10,SAN FRANCISCO DEL RINCON,31,SAN FRANCISCO DEL RINCON,2472,C01,101,64,1,6,3,0,25,2,,,203,2,205,463,,,,,,,,,,,,,,,,,,,,,
11,GUANAJUATO,10,SAN FRANCISCO DEL RINCON,31,SAN FRANCISCO DEL RINCON,2473,B,135,116,3,11,0,0,32,1,,,298,1,299,564,,,,,,,,,,,,,,,,,,,,,
11,GUANAJUATO,10,SAN FRANCISCO DEL RINCON,31,SAN FRANCISCO DEL RINCON,2473,C01,124,118,3,3,2,0,28,0,,,279,2,281,563,,,,,,,,,,,,,,,,,,,,,
11,GUANAJUATO,10,SAN FRANCISCO DEL RINCON,31,SAN FRANCISCO DEL RINCON,2473,C02,132,108,3,12,0,0,41,2,,,298,2,300,563,,,,,,,,,,,,,,,,,,,,,
11,GUANAJUATO,10,SAN FRANCISCO DEL RINCON,31,SAN FRANCISCO DEL RINCON,2474,B,168,165,2,7,1,1,41,4,,,393,5,398,674,,,,,,,,,,,,,,,,,,,,,
11,GUANAJUATO,10,SAN FRANCISCO DEL RINCON,31,SAN FRANCISCO DEL RINCON,2474,C01,181,152,2,7,1,3,38,1,,,387,4,391,673,,,,,,,,,,,,,,,,,,,,,
11,GUANAJUATO,10,SAN FRANCISCO DEL RINCON,31,SAN FRANCISCO DEL RINCON,2474,C02,154,160,0,5,0,0,48,1,,,370,5,376,673,,,,,,,,,,,,,,,,,,,,,
11,GUANAJUATO,10,SAN FRANCISCO DEL RINCON,31,SAN FRANCISCO DEL RINCON,2474,C03,169,139,4,19,3,0,47,0,,,382,2,384,673,,,,,,,,,,,,,,,,,,,,,
11,GUANAJUATO,10,SAN FRANCISCO DEL RINCON,31,SAN FRANCISCO DEL RINCON,2475,B,155,138,2,19,0,2,35,1,,,356,4,360,718,,,,,,,,,,,,,,,,,,,,,
11,GUANAJUATO,10,SAN FRANCISCO DEL RINCON,31,SAN FRANCISCO DEL RINCON,2475,C01,147,104,1,18,3,0,32,2,,,311,0,311,718,,,,,,,,,,,,,,,,,,,,,
11,GUANAJUATO,10,SAN FRANCISCO DEL RINCON,31,SAN FRANCISCO DEL RINCON,2475,C02,162,116,2,25,0,0,49,1,,,364,6,370,718,,,,,,,,,,,,,,,,,,,,,
11,GUANAJUATO,10,SAN FRANCISCO DEL RINCON,31,SAN FRANCISCO DEL RINCON,2475,C03,132,140,1,16,4,1,47,1,,,349,3,352,718,,,,,,,,,,,,,,,,,,,,,
11,GUANAJUATO,10,SAN FRANCISCO DEL RINCON,31,SAN FRANCISCO DEL RINCON,2475,C04,166,114,2,18,1,1,57,0,,,362,6,368,717,,,,,,,,,,,,,,,,,,,,,
11,GUANAJUATO,10,SAN FRANCISCO DEL RINCON,31,SAN FRANCISCO DEL RINCON,2475,C05,155,132,1,11,1,1,39,0,,,343,3,346,717,,,,,,,,,,,,,,,,,,,,,
11,GUANAJUATO,10,SAN FRANCISCO DEL RINCON,31,SAN FRANCISCO DEL RINCON,2475,C06,159,122,3,8,3,4,39,0,,,340,4,344,717,,,,,,,,,,,,,,,,,,,,,
11,GUANAJUATO,10,SAN FRANCISCO DEL RINCON,31,SAN FRANCISCO DEL RINCON,2475,C07,154,131,4,19,2,1,55,4,,,374,6,380,717,,,,,,,,,,,,,,,,,,,,,
11,GUANAJUATO,10,SAN FRANCISCO DEL RINCON,31,SAN FRANCISCO DEL RINCON,2476,B,106,68,1,16,5,1,35,0,,,234,5,239,527,,,,,,,,,,,,,,,,,,,,,
11,GUANAJUATO,10,SAN FRANCISCO DEL RINCON,31,SAN FRANCISCO DEL RINCON,2476,C01,102,68,1,17,2,0,22,0,,,214,3,217,526,,,,,,,,,,,,,,,,,,,,,
11,GUANAJUATO,10,SAN FRANCISCO DEL RINCON,31,SAN FRANCISCO DEL RINCON,2476,C02,139,59,0,15,6,1,22,0,,,247,2,249,526,,,,,,,,,,,,,,,,,,,,,
11,GUANAJUATO,10,SAN FRANCISCO DEL RINCON,31,SAN FRANCISCO DEL RINCON,2477,B,107,94,1,14,4,4,33,1,,,264,2,266,740,,,,,,,,,,,,,,,,,,,,,
11,GUANAJUATO,10,SAN FRANCISCO DEL RINCON,31,SAN FRANCISCO DEL RINCON,2477,C01,134,99,4,12,5,1,49,2,,,308,0,308,740,,,,,,,,,,,,,,,,,,,,,
11,GUANAJUATO,10,SAN FRANCISCO DEL RINCON,31,SAN FRANCISCO DEL RINCON,2477,C02,128,81,0,11,3,3,57,2,,,290,1,291,740,,,,,,,,,,,,,,,,,,,,,
11,GUANAJUATO,10,SAN FRANCISCO DEL RINCON,31,SAN FRANCISCO DEL RINCON,2477,C03,118,88,11,13,1,0,44,2,,,280,5,285,740,,,,,,,,,,,,,,,,,,,,,
11,GUANAJUATO,10,SAN FRANCISCO DEL RINCON,31,SAN FRANCISCO DEL RINCON,2477,C04,117,82,1,16,4,2,44,1,,,268,5,273,740,,,,,,,,,,,,,,,,,,,,,
11,GUANAJUATO,10,SAN FRANCISCO DEL RINCON,31,SAN FRANCISCO DEL RINCON,2477,C05,126,86,7,9,1,1,42,1,,,277,4,281,740,,,,,,,,,,,,,,,,,,,,,
11,GUANAJUATO,10,SAN FRANCISCO DEL RINCON,31,SAN FRANCISCO DEL RINCON,2477,C06,142,109,1,13,2,0,41,0,,,310,6,316,740,,,,,,,,,,,,,,,,,,,,,
11,GUANAJUATO,10,SAN FRANCISCO DEL RINCON,31,SAN FRANCISCO DEL RINCON,2477,C07,121,98,1,11,2,1,49,5,,,292,3,295,740,,,,,,,,,,,,,,,,,,,,,
11,GUANAJUATO,10,SAN FRANCISCO DEL RINCON,31,SAN FRANCISCO DEL RINCON,2477,C08,128,62,3,10,2,2,29,1,,,238,11,249,740,,,,,,,,,,,,,,,,,,,,,
11,GUANAJUATO,10,SAN FRANCISCO DEL RINCON,31,SAN FRANCISCO DEL RINCON,2477,C09,164,96,0,15,1,1,39,5,,,323,5,328,739,,,,,,,,,,,,,,,,,,,,,
11,GUANAJUATO,10,SAN FRANCISCO DEL RINCON,31,SAN FRANCISCO DEL RINCON,2477,C10,123,106,2,7,3,2,36,2,,,281,8,289,739,,,,,,,,,,,,,,,,,,,,,
11,GUANAJUATO,10,SAN FRANCISCO DEL RINCON,31,SAN FRANCISCO DEL RINCON,2478,B,105,90,0,6,1,1,35,2,,,241,3,244,728,,,,,,,,,,,,,,,,,,,,,
11,GUANAJUATO,10,SAN FRANCISCO DEL RINCON,31,SAN FRANCISCO DEL RINCON,2478,C01,112,73,3,15,0,2,45,0,,,252,3,255,727,,,,,,,,,,,,,,,,,,,,,
11,GUANAJUATO,10,SAN FRANCISCO DEL RINCON,31,SAN FRANCISCO DEL RINCON,2478,C02,133,84,0,19,3,4,31,5,,,279,3,283,727,,,,,,,,,,,,,,,,,,,,,
11,GUANAJUATO,10,SAN FRANCISCO DEL RINCON,31,SAN FRANCISCO DEL RINCON,2479,B,115,73,0,13,1,4,34,3,,,246,7,253,611,,,,,,,,,,,,,,,,,,,,,
11,GUANAJUATO,10,SAN FRANCISCO DEL RINCON,31,SAN FRANCISCO DEL RINCON,2479,C01,123,96,2,11,0,4,25,0,,,261,11,273,610,,,,,,,,,,,,,,,,,,,,,
11,GUANAJUATO,10,SAN FRANCISCO DEL RINCON,31,SAN FRANCISCO DEL RINCON,2479,C02,128,64,2,11,2,2,36,2,,,248,5,253,610,,,,,,,,,,,,,,,,,,,,,
11,GUANAJUATO,10,SAN FRANCISCO DEL RINCON,31,SAN FRANCISCO DEL RINCON,2480,B,102,111,2,6,0,2,39,0,,,264,5,269,630,,,,,,,,,,,,,,,,,,,,,
11,GUANAJUATO,10,SAN FRANCISCO DEL RINCON,31,SAN FRANCISCO DEL RINCON,2480,C01,122,100,0,3,1,1,41,0,,,269,12,281,630,,,,,,,,,,,,,,,,,,,,,
11,GUANAJUATO,10,SAN FRANCISCO DEL RINCON,31,SAN FRANCISCO DEL RINCON,2481,B,124,105,4,13,1,1,31,0,,,285,9,294,645,,,,,,,,,,,,,,,,,,,,,
11,GUANAJUATO,10,SAN FRANCISCO DEL RINCON,31,SAN FRANCISCO DEL RINCON,2481,C01,140,95,3,6,3,2,39,1,,,293,3,296,645,,,,,,,,,,,,,,,,,,,,,
11,GUANAJUATO,10,SAN FRANCISCO DEL RINCON,31,SAN FRANCISCO DEL RINCON,2481,C02,157,84,0,8,1,1,29,1,,,286,8,296,645,,,,,,,,,,,,,,,,,,,,,
11,GUANAJUATO,10,SAN FRANCISCO DEL RINCON,31,SAN FRANCISCO DEL RINCON,2481,C03,122,101,1,5,0,0,34,0,,,267,10,277,645,,,,,,,,,,,,,,,,,,,,,
11,GUANAJUATO,10,SAN FRANCISCO DEL RINCON,31,SAN FRANCISCO DEL RINCON,2481,C04,110,96,3,10,2,0,38,0,,,263,6,269,645,,,,,,,,,,,,,,,,,,,,,
11,GUANAJUATO,10,SAN FRANCISCO DEL RINCON,31,SAN FRANCISCO DEL RINCON,2482,B,70,98,1,10,2,2,25,4,,,222,12,234,637,,,,,,,,,,,,,,,,,,,,,
11,GUANAJUATO,10,SAN FRANCISCO DEL RINCON,31,SAN FRANCISCO DEL RINCON,2482,C01,82,105,0,3,0,0,15,2,0,0,217,11,228,636,,,,,,,,,,,,,,,,,,,,,
11,GUANAJUATO,10,SAN FRANCISCO DEL RINCON,31,SAN FRANCISCO DEL RINCON,2482,C02,69,98,3,10,0,4,15,0,,,214,13,227,636,,,,,,,,,,,,,,,,,,,,,
11,GUANAJUATO,10,SAN FRANCISCO DEL RINCON,31,SAN FRANCISCO DEL RINCON,2483,B,40,196,0,0,0,5,60,4,,,307,6,313,577,,,,,,,,,,,,,,,,,,,,,
11,GUANAJUATO,10,SAN FRANCISCO DEL RINCON,31,SAN FRANCISCO DEL RINCON,2483,C01,49,176,0,2,2,2,31,0,,,264,10,274,577,,,,,,,,,,,,,,,,,,,,,
11,GUANAJUATO,10,SAN FRANCISCO DEL RINCON,31,SAN FRANCISCO DEL RINCON,2484,B,43,62,2,4,1,0,21,3,,,137,4,141,391,,,,,,,,,,,,,,,,,,,,,
11,GUANAJUATO,10,SAN FRANCISCO DEL RINCON,31,SAN FRANCISCO DEL RINCON,2484,C01,39,71,1,3,3,0,18,1,,,136,3,139,391,,,,,,,,,,,,,,,,,,,,,
11,GUANAJUATO,10,SAN FRANCISCO DEL RINCON,31,SAN FRANCISCO DEL RINCON,2485,B,74,65,3,7,3,5,36,2,,,197,2,199,584,,,,,,,,,,,,,,,,,,,,,
11,GUANAJUATO,10,SAN FRANCISCO DEL RINCON,31,SAN FRANCISCO DEL RINCON,2485,C01,62,70,2,11,1,2,35,1,,,185,8,193,583,,,,,,,,,,,,,,,,,,,,,
11,GUANAJUATO,10,SAN FRANCISCO DEL RINCON,31,SAN FRANCISCO DEL RINCON,2485,C02,87,45,2,8,0,0,26,2,,,170,3,173,583,,,,,,,,,,,,,,,,,,,,,
11,GUANAJUATO,10,SAN FRANCISCO DEL RINCON,31,SAN FRANCISCO DEL RINCON,2485,C03,60,74,2,5,2,2,32,2,,,179,7,186,583,,,,,,,,,,,,,,,,,,,,,
11,GUANAJUATO,10,SAN FRANCISCO DEL RINCON,31,SAN FRANCISCO DEL RINCON,2486,B,82,72,0,5,1,2,43,2,,,208,7,215,679,,,,,,,,,,,,,,,,,,,,,
11,GUANAJUATO,10,SAN FRANCISCO DEL RINCON,31,SAN FRANCISCO DEL RINCON,2486,C01,100,80,0,6,0,4,30,3,,,225,4,229,679,,,,,,,,,,,,,,,,,,,,,
11,GUANAJUATO,10,SAN FRANCISCO DEL RINCON,31,SAN FRANCISCO DEL RINCON,2486,C02,68,76,1,2,1,3,19,2,,,174,1,175,678,,,,,,,,,,,,,,,,,,,,,
11,GUANAJUATO,10,SAN FRANCISCO DEL RINCON,31,SAN FRANCISCO DEL RINCON,2486,C03,84,61,1,9,4,4,29,5,,,197,4,201,678,,,,,,,,,,,,,,,,,,,,,
11,GUANAJUATO,10,SAN FRANCISCO DEL RINCON,31,SAN FRANCISCO DEL RINCON,2487,B,58,137,0,5,3,0,31,0,,,234,6,240,578,,,,,,,,,,,,,,,,,,,,,
11,GUANAJUATO,10,SAN FRANCISCO DEL RINCON,31,SAN FRANCISCO DEL RINCON,2487,C01,71,185,1,4,2,2,18,1,,,287,7,294,578,,,,,,,,,,,,,,,,,,,,,
11,GUANAJUATO,10,SAN FRANCISCO DEL RINCON,31,SAN FRANCISCO DEL RINCON,2488,B,35,166,1,12,2,0,22,2,,,241,7,248,495,,,,,,,,,,,,,,,,,,,,,
11,GUANAJUATO,10,SAN FRANCISCO DEL RINCON,31,SAN FRANCISCO DEL RINCON,2488,C01,18,158,2,6,2,1,15,0,,,202,6,208,495,,,,,,,,,,,,,,,,,,,,,
11,GUANAJUATO,10,SAN FRANCISCO DEL RINCON,31,SAN FRANCISCO DEL RINCON,2489,B,46,77,1,3,1,4,12,0,,,145,5,150,432,,,,,,,,,,,,,,,,,,,,,
11,GUANAJUATO,10,SAN FRANCISCO DEL RINCON,31,SAN FRANCISCO DEL RINCON,2489,C01,43,74,1,7,2,0,20,1,,,149,5,154,432,,,,,,,,,,,,,,,,,,,,,
11,GUANAJUATO,10,SAN FRANCISCO DEL RINCON,31,SAN FRANCISCO DEL RINCON,2490,B,67,140,1,13,0,0,12,0,,,234,4,238,521,,,,,,,,,,,,,,,,,,,,,
11,GUANAJUATO,10,SAN FRANCISCO DEL RINCON,31,SAN FRANCISCO DEL RINCON,2490,C01,53,135,0,14,1,4,5,1,,,218,5,223,521,,,,,,,,,,,,,,,,,,,,,
11,GUANAJUATO,10,SAN FRANCISCO DEL RINCON,31,SAN FRANCISCO DEL RINCON,2490,C02,51,104,0,9,0,3,15,2,,,187,7,194,521,,,,,,,,,,,,,,,,,,,,,
11,GUANAJUATO,10,SAN FRANCISCO DEL RINCON,31,SAN FRANCISCO DEL RINCON,2491,B,51,162,1,30,1,0,11,0,,,256,3,259,601,,,,,,,,,,,,,,,,,,,,,
11,GUANAJUATO,10,SAN FRANCISCO DEL RINCON,31,SAN FRANCISCO DEL RINCON,2491,C01,50,148,2,26,5,0,11,0,,,243,5,248,600,,,,,,,,,,,,,,,,,,,,,
11,GUANAJUATO,10,SAN FRANCISCO DEL RINCON,31,SAN FRANCISCO DEL RINCON,2492,B,30,112,0,8,1,0,5,3,,,160,6,166,511,,,,,,,,,,,,,,,,,,,,,
11,GUANAJUATO,10,SAN FRANCISCO DEL RINCON,31,SAN FRANCISCO DEL RINCON,2492,C01,28,79,1,14,1,2,14,0,,,140,2,142,511,,,,,,,,,,,,,,,,,,,,,
11,GUANAJUATO,10,SAN FRANCISCO DEL RINCON,31,SAN FRANCISCO DEL RINCON,2492,C02,38,90,1,10,1,3,9,2,,,155,6,161,510,,,,,,,,,,,,,,,,,,,,,
11,GUANAJUATO,10,SAN FRANCISCO DEL RINCON,31,SAN FRANCISCO DEL RINCON,2493,B,58,86,0,5,0,2,6,1,,,158,4,163,394,,,,,,,,,,,,,,,,,,,,,
11,GUANAJUATO,10,SAN FRANCISCO DEL RINCON,31,SAN FRANCISCO DEL RINCON,2493,C01,61,82,0,3,0,2,23,0,,,171,7,178,394,,,,,,,,,,,,,,,,,,,,,
11,GUANAJUATO,10,SAN FRANCISCO DEL RINCON,31,SAN FRANCISCO DEL RINCON,2494,B,49,144,1,12,1,2,8,0,,,219,4,223,666,,,,,,,,,,,,,,,,,,,,,
11,GUANAJUATO,10,SAN FRANCISCO DEL RINCON,31,SAN FRANCISCO DEL RINCON,2494,C01,37,168,0,34,0,1,9,1,,,250,5,255,666,,,,,,,,,,,,,,,,,,,,,
11,GUANAJUATO,10,SAN FRANCISCO DEL RINCON,31,SAN FRANCISCO DEL RINCON,2494,C02,51,143,0,21,2,1,7,1,,,229,7,236,666,,,,,,,,,,,,,,,,,,,,,
11,GUANAJUATO,10,SAN FRANCISCO DEL RINCON,31,SAN FRANCISCO DEL RINCON,2495,B,84,93,2,7,1,6,35,2,,,234,5,239,690,,,,,,,,,,,,,,,,,,,,,
11,GUANAJUATO,10,SAN FRANCISCO DEL RINCON,31,SAN FRANCISCO DEL RINCON,2495,C01,71,97,1,4,1,1,33,2,,,214,7,221,690,,,,,,,,,,,,,,,,,,,,,
11,GUANAJUATO,10,SAN FRANCISCO DEL RINCON,31,SAN FRANCISCO DEL RINCON,2496,B,81,123,0,21,0,2,28,2,,,259,0,259,650,,,,,,,,,,,,,,,,,,,,,
11,GUANAJUATO,10,SAN FRANCISCO DEL RINCON,31,SAN FRANCISCO DEL RINCON,2496,C01,76,123,3,15,2,2,39,1,,,264,4,268,650,,,,,,,,,,,,,,,,,,,,,
11,GUANAJUATO,10,SAN FRANCISCO DEL RINCON,31,SAN FRANCISCO DEL RINCON,2496,C02,44,128,4,13,1,1,24,0,,,217,1,218,649,,,,,,,,,,,,,,,,,,,,,
11,GUANAJUATO,10,SAN FRANCISCO DEL RINCON,31,SAN FRANCISCO DEL RINCON,2497,B,73,75,0,12,0,1,9,0,,,174,3,177,520,,,,,,,,,,,,,,,,,,,,,
11,GUANAJUATO,10,SAN FRANCISCO DEL RINCON,31,SAN FRANCISCO DEL RINCON,2497,C01,85,60,1,19,2,3,3,0,,,174,4,178,520,,,,,,,,,,,,,,,,,,,,,
11,GUANAJUATO,10,SAN FRANCISCO DEL RINCON,31,SAN FRANCISCO DEL RINCON,2498,B,42,109,0,8,0,1,43,1,,,204,4,208,519,,,,,,,,,,,,,,,,,,,,,
11,GUANAJUATO,10,SAN FRANCISCO DEL RINCON,31,SAN FRANCISCO DEL RINCON,2498,C01,17,112,0,12,1,2,42,1,,,187,4,191,519,,,,,,,,,,,,,,,,,,,,,
11,GUANAJUATO,10,SAN FRANCISCO DEL RINCON,31,SAN FRANCISCO DEL RINCON,2499,B,37,100,3,13,3,1,46,3,,,207,1,208,541,,,,,,,,,,,,,,,,,,,,,
11,GUANAJUATO,10,SAN FRANCISCO DEL RINCON,31,SAN FRANCISCO DEL RINCON,2499,C01,41,86,1,5,3,2,43,1,,,184,4,188,540,,,,,,,,,,,,,,,,,,,,,
11,GUANAJUATO,10,SAN FRANCISCO DEL RINCON,31,SAN FRANCISCO DEL RINCON,2500,B,57,83,1,1,0,1,12,1,,,156,5,161,446,,,,,,,,,,,,,,,,,,,,,
11,GUANAJUATO,10,SAN FRANCISCO DEL RINCON,31,SAN FRANCISCO DEL RINCON,2500,C01,52,96,2,5,0,1,10,0,,,171,0,171,445,,,,,,,,,,,,,,,,,,,,,
11,GUANAJUATO,10,SAN FRANCISCO DEL RINCON,31,SAN FRANCISCO DEL RINCON,2501,B,60,84,2,17,0,2,6,3,,,174,10,184,473,,,,,,,,,,,,,,,,,,,,,
11,GUANAJUATO,10,SAN FRANCISCO DEL RINCON,31,SAN FRANCISCO DEL RINCON,2501,C01,30,84,0,14,3,1,9,0,,,141,7,148,472,,,,,,,,,,,,,,,,,,,,,
11,GUANAJUATO,10,SAN FRANCISCO DEL RINCON,31,SAN FRANCISCO DEL RINCON,2502,B,76,25,0,39,1,1,16,3,,,163,8,171,572,,,,,,,,,,,,,,,,,,,,,
11,GUANAJUATO,10,SAN FRANCISCO DEL RINCON,31,SAN FRANCISCO DEL RINCON,2502,C01,82,28,1,52,1,1,18,0,,,184,3,187,571,,,,,,,,,,,,,,,,,,,,,
11,GUANAJUATO,10,SAN FRANCISCO DEL RINCON,31,SAN FRANCISCO DEL RINCON,2503,B,50,93,1,3,1,0,14,2,,,164,3,167,440,,,,,,,,,,,,,,,,,,,,,
11,GUANAJUATO,10,SAN FRANCISCO DEL RINCON,31,SAN FRANCISCO DEL RINCON,2503,C01,45,91,1,0,2,1,14,0,,,156,5,161,440,,,,,,,,,,,,,,,,,,,,,
11,GUANAJUATO,10,SAN FRANCISCO DEL RINCON,31,SAN FRANCISCO DEL RINCON,2504,B,75,94,0,19,1,0,4,1,,,194,3,197,595,,,,,,,,,,,,,,,,,,,,,
11,GUANAJUATO,10,SAN FRANCISCO DEL RINCON,31,SAN FRANCISCO DEL RINCON,2504,C01,57,91,1,16,1,1,3,0,,,170,5,175,595,,,,,,,,,,,,,,,,,,,,,
11,GUANAJUATO,11,IRAPUATO,17,IRAPUATO,929,B,228,19,8,1,0,11,36,2,1,,326,0,326,663,,,,,,,,,,,,,,,,,,,,,
11,GUANAJUATO,11,IRAPUATO,17,IRAPUATO,929,C01,192,26,5,0,2,13,51,2,3,,315,8,323,663,,,,,,,,,,,,,,,,,,,,,
11,GUANAJUATO,11,IRAPUATO,17,IRAPUATO,929,C02,179,26,1,3,2,14,54,0,1,,295,5,300,663,,,,,,,,,,,,,,,,,,,,,
11,GUANAJUATO,11,IRAPUATO,17,IRAPUATO,929,C03,186,12,0,4,3,13,37,0,0,,269,4,273,663,,,,,,,,,,,,,,,,,,,,,
11,GUANAJUATO,11,IRAPUATO,17,IRAPUATO,929,C04,151,19,8,2,0,7,38,0,3,,249,11,260,663,,,,,,,,,,,,,,,,,,,,,
11,GUANAJUATO,11,IRAPUATO,17,IRAPUATO,929,C05,202,19,6,6,3,15,52,3,2,,327,1,328,663,,,,,,,,,,,,,,,,,,,,,
11,GUANAJUATO,11,IRAPUATO,17,IRAPUATO,929,C06,192,30,1,8,3,13,65,2,1,,326,5,331,663,,,,,,,,,,,,,,,,,,,,,
11,GUANAJUATO,11,IRAPUATO,17,IRAPUATO,930,B,81,15,6,2,1,7,54,1,3,,197,5,203,676,,,,,,,,,,,,,,,,,,,,,
11,GUANAJUATO,11,IRAPUATO,17,IRAPUATO,930,C01,64,13,2,4,2,15,58,3,4,,187,5,192,676,,,,,,,,,,,,,,,,,,,,,
11,GUANAJUATO,11,IRAPUATO,17,IRAPUATO,930,C02,74,13,1,6,2,7,64,0,2,,189,8,197,676,,,,,,,,,,,,,,,,,,,,,
11,GUANAJUATO,11,IRAPUATO,17,IRAPUATO,930,C03,99,15,1,3,2,4,82,0,1,,223,4,227,676,,,,,,,,,,,,,,,,,,,,,
11,GUANAJUATO,11,IRAPUATO,17,IRAPUATO,930,C04,92,19,5,1,0,4,52,1,1,,193,9,202,676,,,,,,,,,,,,,,,,,,,,,
11,GUANAJUATO,11,IRAPUATO,17,IRAPUATO,930,C05,71,16,7,2,1,4,59,2,2,,195,8,203,676,,,,,,,,,,,,,,,,,,,,,
11,GUANAJUATO,11,IRAPUATO,17,IRAPUATO,930,C06,97,14,4,3,3,9,66,0,5,,219,2,221,676,,,,,,,,,,,,,,,,,,,,,
11,GUANAJUATO,11,IRAPUATO,17,IRAPUATO,930,C07,73,18,3,1,1,9,58,1,3,,188,5,193,675,,,,,,,,,,,,,,,,,,,,,
11,GUANAJUATO,11,IRAPUATO,17,IRAPUATO,930,C08,78,10,5,0,5,6,73,4,3,,207,6,213,675,,,,,,,,,,,,,,,,,,,,,
11,GUANAJUATO,11,IRAPUATO,17,IRAPUATO,930,C09,88,24,3,2,1,8,58,0,0,,199,5,204,675,,,,,,,,,,,,,,,,,,,,,
11,GUANAJUATO,11,IRAPUATO,17,IRAPUATO,931,B,218,19,7,3,3,20,77,2,2,,381,4,386,710,,,,,,,,,,,,,,,,,,,,,
11,GUANAJUATO,11,IRAPUATO,17,IRAPUATO,931,C01,242,30,4,7,0,8,82,5,5,,415,8,423,710,,,,,,,,,,,,,,,,,,,,,
11,GUANAJUATO,11,IRAPUATO,17,IRAPUATO,931,C02,235,34,10,7,1,17,91,4,4,,435,4,440,710,,,,,,,,,,,,,,,,,,,,,
11,GUANAJUATO,11,IRAPUATO,17,IRAPUATO,932,B,261,18,5,5,0,16,76,3,10,,417,1,418,740,,,,,,,,,,,,,,,,,,,,,
11,GUANAJUATO,11,IRAPUATO,17,IRAPUATO,932,C01,282,17,9,7,0,16,70,0,6,,438,12,450,739,,,,,,,,,,,,,,,,,,,,,
11,GUANAJUATO,11,IRAPUATO,17,IRAPUATO,932,C02,275,24,11,2,0,21,91,2,5,,454,7,462,739,,,,,,,,,,,,,,,,,,,,,
11,GUANAJUATO,11,IRAPUATO,17,IRAPUATO,932,C03,266,28,5,4,1,13,65,0,4,,419,4,424,739,,,,,,,,,,,,,,,,,,,,,
11,GUANAJUATO,11,IRAPUATO,17,IRAPUATO,932,C04,243,28,14,8,2,15,67,2,1,,413,6,419,739,,,,,,,,,,,,,,,,,,,,,
11,GUANAJUATO,11,IRAPUATO,17,IRAPUATO,932,C05,254,31,11,5,1,17,74,3,6,,426,7,433,739,,,,,,,,,,,,,,,,,,,,,
11,GUANAJUATO,11,IRAPUATO,17,IRAPUATO,932,C06,245,25,14,7,0,18,73,3,1,,420,7,429,739,,,,,,,,,,,,,,,,,,,,,
11,GUANAJUATO,11,IRAPUATO,17,IRAPUATO,933,B,255,35,5,5,2,16,100,1,4,,457,3,460,709,,,,,,,,,,,,,,,,,,,,,
11,GUANAJUATO,11,IRAPUATO,17,IRAPUATO,933,C01,266,26,6,1,2,25,72,1,3,,420,4,424,708,,,,,,,,,,,,,,,,,,,,,
11,GUANAJUATO,11,IRAPUATO,17,IRAPUATO,934,B,253,21,2,0,2,20,62,1,2,,398,7,405,692,,,,,,,,,,,,,,,,,,,,,
11,GUANAJUATO,11,IRAPUATO,17,IRAPUATO,934,C01,256,41,6,1,2,23,67,2,7,,425,5,430,691,,,,,,,,,,,,,,,,,,,,,
11,GUANAJUATO,11,IRAPUATO,17,IRAPUATO,934,C02,269,22,6,6,2,18,65,4,4,,419,7,426,691,,,,,,,,,,,,,,,,,,,,,
11,GUANAJUATO,11,IRAPUATO,17,IRAPUATO,935,B,141,12,4,3,2,4,81,0,6,,281,6,287,523,,,,,,,,,,,,,,,,,,,,,
11,GUANAJUATO,11,IRAPUATO,17,IRAPUATO,935,C01,122,15,5,1,1,10,71,2,0,,259,4,263,523,,,,,,,,,,,,,,,,,,,,,
11,GUANAJUATO,11,IRAPUATO,17,IRAPUATO,936,B,123,27,3,2,1,9,46,1,3,,254,3,258,477,,,,,,,,,,,,,,,,,,,,,
11,GUANAJUATO,11,IRAPUATO,17,IRAPUATO,936,C01,94,18,2,3,1,9,48,0,5,,213,6,219,477,,,,,,,,,,,,,,,,,,,,,
11,GUANAJUATO,11,IRAPUATO,17,IRAPUATO,937,B,137,9,4,2,1,7,56,4,1,,226,4,230,579,,,,,,,,,,,,,,,,,,,,,
11,GUANAJUATO,11,IRAPUATO,17,IRAPUATO,937,C01,128,20,4,3,2,13,49,0,6,,233,5,238,578,,,,,,,,,,,,,,,,,,,,,
11,GUANAJUATO,11,IRAPUATO,17,IRAPUATO,937,C02,139,18,4,2,1,11,66,0,3,,253,3,256,578,,,,,,,,,,,,,,,,,,,,,
11,GUANAJUATO,11,IRAPUATO,17,IRAPUATO,938,B,112,16,3,4,2,11,87,2,2,,265,11,276,560,,,,,,,,,,,,,,,,,,,,,
11,GUANAJUATO,11,IRAPUATO,17,IRAPUATO,938,C01,118,15,2,3,0,12,95,0,5,,272,0,272,560,,,,,,,,,,,,,,,,,,,,,
11,GUANAJUATO,11,IRAPUATO,17,IRAPUATO,939,B,279,27,11,3,0,26,59,0,1,,431,4,435,593,,,,,,,,,,,,,,,,,,,,,
11,GUANAJUATO,11,IRAPUATO,17,IRAPUATO,939,C01,272,25,8,1,1,20,53,0,2,,397,4,401,592,,,,,,,,,,,,,,,,,,,,,
11,GUANAJUATO,11,IRAPUATO,17,IRAPUATO,940,B,242,33,2,3,0,11,64,0,1,,379,4,383,576,,,,,,,,,,,,,,,,,,,,,
11,GUANAJUATO,11,IRAPUATO,17,IRAPUATO,940,C01,203,24,7,9,1,8,75,0,2,,349,4,353,575,,,,,,,,,,,,,,,,,,,,,
11,GUANAJUATO,11,IRAPUATO,17,IRAPUATO,941,B,203,26,7,3,0,8,52,1,2,,312,7,319,553,,,,,,,,,,,,,,,,,,,,,
11,GUANAJUATO,11,IRAPUATO,17,IRAPUATO,941,C01,196,34,8,6,2,17,66,0,3,,352,6,358,552,,,,,,,,,,,,,,,,,,,,,
11,GUANAJUATO,11,IRAPUATO,17,IRAPUATO,942,B,160,38,6,6,4,10,124,1,3,,393,10,403,637,,,,,,,,,,,,,,,,,,,,,
11,GUANAJUATO,11,IRAPUATO,17,IRAPUATO,943,B,285,33,9,6,0,23,60,2,3,,437,2,440,633,,,,,,,,,,,,,,,,,,,,,
11,GUANAJUATO,11,IRAPUATO,17,IRAPUATO,943,C01,231,24,5,4,0,22,80,0,4,,391,3,394,632,,,,,,,,,,,,,,,,,,,,,
11,GUANAJUATO,11,IRAPUATO,17,IRAPUATO,944,B,298,31,9,3,1,20,72,0,4,,462,5,467,749,,,,,,,,,,,,,,,,,,,,,
11,GUANAJUATO,11,IRAPUATO,17,IRAPUATO,944,C01,304,36,9,2,1,17,68,2,4,,462,6,468,748,,,,,,,,,,,,,,,,,,,,,
11,GUANAJUATO,11,IRAPUATO,17,IRAPUATO,944,C02,272,20,10,7,1,13,85,0,4,,434,6,440,748,,,,,,,,,,,,,,,,,,,,,
11,GUANAJUATO,11,IRAPUATO,17,IRAPUATO,944,C03,267,34,6,6,1,24,89,2,3,,451,5,456,748,,,,,,,,,,,,,,,,,,,,,
11,GUANAJUATO,11,IRAPUATO,17,IRAPUATO,945,B,154,27,4,3,1,7,51,1,0,,257,8,265,437,,,,,,,,,,,,,,,,,,,,,
11,GUANAJUATO,11,IRAPUATO,17,IRAPUATO,945,C01,151,20,3,2,3,17,56,1,0,,271,3,274,437,,,,,,,,,,,,,,,,,,,,,
11,GUANAJUATO,11,IRAPUATO,17,IRAPUATO,946,B,221,27,5,4,3,6,44,2,3,,325,2,327,503,,,,,,,,,,,,,,,,,,,,,
11,GUANAJUATO,11,IRAPUATO,17,IRAPUATO,946,C01,176,20,4,8,3,15,68,1,7,,314,2,316,502,,,,,,,,,,,,,,,,,,,,,
11,GUANAJUATO,11,IRAPUATO,17,IRAPUATO,947,B,185,16,3,5,1,12,63,1,5,,316,6,323,613,,,,,,,,,,,,,,,,,,,,,
11,GUANAJUATO,11,IRAPUATO,17,IRAPUATO,947,C01,157,20,8,8,2,6,60,1,9,,297,3,302,613,,,,,,,,,,,,,,,,,,,,,
11,GUANAJUATO,11,IRAPUATO,17,IRAPUATO,947,C02,150,21,3,3,1,10,77,0,2,,300,7,307,612,,,,,,,,,,,,,,,,,,,,,
11,GUANAJUATO,11,IRAPUATO,17,IRAPUATO,948,B,291,26,6,4,0,11,56,1,0,,416,2,418,630,,,,,,,,,,,,,,,,,,,,,
11,GUANAJUATO,11,IRAPUATO,17,IRAPUATO,948,C01,248,32,7,7,4,14,66,0,3,,401,7,408,629,,,,,,,,,,,,,,,,,,,,,
11,GUANAJUATO,11,IRAPUATO,17,IRAPUATO,949,B,206,19,4,3,3,13,40,0,5,,317,8,325,519,,,,,,,,,,,,,,,,,,,,,
11,GUANAJUATO,11,IRAPUATO,17,IRAPUATO,949,C01,204,26,8,2,0,12,53,0,5,,332,7,339,518,,,,,,,,,,,,,,,,,,,,,
11,GUANAJUATO,11,IRAPUATO,17,IRAPUATO,950,B,201,48,2,5,2,16,46,2,4,,354,2,356,518,,,,,,,,,,,,,,,,,,,,,
11,GUANAJUATO,11,IRAPUATO,17,IRAPUATO,950,C01,225,28,8,7,0,7,55,2,1,,354,2,356,518,,,,,,,,,,,,,,,,,,,,,
11,GUANAJUATO,11,IRAPUATO,17,IRAPUATO,951,B,224,19,7,6,3,11,83,1,8,,398,6,404,693,,,,,,,,,,,,,,,,,,,,,
11,GUANAJUATO,11,IRAPUATO,17,IRAPUATO,951,C01,201,24,9,2,2,13,101,5,2,,395,9,404,693,,,,,,,,,,,,,,,,,,,,,
11,GUANAJUATO,11,IRAPUATO,17,IRAPUATO,951,C02,217,22,9,3,2,20,108,2,1,,402,2,404,692,,,,,,,,,,,,,,,,,,,,,
11,GUANAJUATO,11,IRAPUATO,17,IRAPUATO,952,B,334,43,4,2,0,12,62,1,3,,480,3,483,738,,,,,,,,,,,,,,,,,,,,,
11,GUANAJUATO,11,IRAPUATO,17,IRAPUATO,953,B,245,27,4,1,0,8,35,1,3,,355,3,358,542,,,,,,,,,,,,,,,,,,,,,
11,GUANAJUATO,11,IRAPUATO,17,IRAPUATO,953,C01,274,27,4,3,0,15,42,0,4,,395,6,401,541,,,,,,,,,,,,,,,,,,,,,
11,GUANAJUATO,11,IRAPUATO,17,IRAPUATO,954,B,121,24,15,2,1,7,49,0,1,,244,2,246,407,,,,,,,,,,,,,,,,,,,,,
11,GUANAJUATO,11,IRAPUATO,17,IRAPUATO,954,C01,129,25,3,4,0,7,39,1,2,,237,1,238,406,,,,,,,,,,,,,,,,,,,,,
11,GUANAJUATO,11,IRAPUATO,17,IRAPUATO,955,B,75,21,6,4,2,4,58,1,4,,187,4,191,506,,,,,,,,,,,,,,,,,,,,,
11,GUANAJUATO,11,IRAPUATO,17,IRAPUATO,955,C01,98,12,5,2,3,10,60,4,4,,213,8,221,505,,,,,,,,,,,,,,,,,,,,,
11,GUANAJUATO,11,IRAPUATO,17,IRAPUATO,956,B,88,13,4,3,0,5,86,2,1,,227,6,233,476,,,,,,,,,,,,,,,,,,,,,
11,GUANAJUATO,11,IRAPUATO,17,IRAPUATO,956,C01,115,15,5,6,1,5,54,1,2,,235,8,243,475,,,,,,,,,,,,,,,,,,,,,
11,GUANAJUATO,11,IRAPUATO,17,IRAPUATO,957,B,57,18,2,3,1,12,55,1,3,,164,6,170,513,,,,,,,,,,,,,,,,,,,,,
11,GUANAJUATO,11,IRAPUATO,17,IRAPUATO,957,C01,70,23,0,0,1,9,52,1,5,,177,6,183,513,,,,,,,,,,,,,,,,,,,,,
11,GUANAJUATO,11,IRAPUATO,17,IRAPUATO,957,C02,66,9,1,6,2,6,64,3,1,,169,8,177,512,,,,,,,,,,,,,,,,,,,,,
11,GUANAJUATO,11,IRAPUATO,17,IRAPUATO,958,B,73,16,5,4,3,9,81,0,6,,226,5,231,738,,,,,,,,,,,,,,,,,,,,,
11,GUANAJUATO,11,IRAPUATO,17,IRAPUATO,958,C01,78,16,4,10,5,8,78,1,4,,225,5,230,738,,,,,,,,,,,,,,,,,,,,,
11,GUANAJUATO,11,IRAPUATO,17,IRAPUATO,958,C02,93,15,3,5,1,8,69,4,2,,213,5,218,737,,,,,,,,,,,,,,,,,,,,,
11,GUANAJUATO,11,IRAPUATO,17,IRAPUATO,958,C03,68,20,3,3,5,9,72,2,2,,207,3,210,737,,,,,,,,,,,,,,,,,,,,,
11,GUANAJUATO,11,IRAPUATO,17,IRAPUATO,958,C04,87,26,3,3,2,4,97,1,2,,238,5,243,737,,,,,,,,,,,,,,,,,,,,,
11,GUANAJUATO,11,IRAPUATO,17,IRAPUATO,958,C05,81,10,5,4,0,5,85,3,2,,212,6,218,737,,,,,,,,,,,,,,,,,,,,,
11,GUANAJUATO,11,IRAPUATO,17,IRAPUATO,958,C06,93,13,4,6,1,4,85,1,4,,225,5,230,737,,,,,,,,,,,,,,,,,,,,,
11,GUANAJUATO,11,IRAPUATO,17,IRAPUATO,959,B,73,16,12,6,2,7,86,4,4,,235,10,245,620,,,,,,,,,,,,,,,,,,,,,
11,GUANAJUATO,11,IRAPUATO,17,IRAPUATO,959,C01,87,23,0,5,3,5,93,7,0,,242,9,252,620,,,,,,,,,,,,,,,,,,,,,
11,GUANAJUATO,11,IRAPUATO,17,IRAPUATO,960,B,117,43,8,6,2,9,77,2,5,,305,5,310,607,,,,,,,,,,,,,,,,,,,,,
11,GUANAJUATO,11,IRAPUATO,17,IRAPUATO,960,C01,117,29,4,7,0,7,82,1,5,,275,6,281,607,,,,,,,,,,,,,,,,,,,,,
11,GUANAJUATO,11,IRAPUATO,17,IRAPUATO,960,C02,103,25,2,5,3,6,79,2,3,,253,4,257,606,,,,,,,,,,,,,,,,,,,,,
11,GUANAJUATO,11,IRAPUATO,17,IRAPUATO,960,C03,123,32,4,6,2,5,77,3,3,,284,5,289,606,,,,,,,,,,,,,,,,,,,,,
11,GUANAJUATO,11,IRAPUATO,17,IRAPUATO,961,B,135,20,5,2,0,7,48,3,2,,241,1,243,430,,,,,,,,,,,,,,,,,,,,,
11,GUANAJUATO,11,IRAPUATO,17,IRAPUATO,961,C01,126,14,2,3,0,4,42,2,1,,235,5,240,430,,,,,,,,,,,,,,,,,,,,,
11,GUANAJUATO,11,IRAPUATO,17,IRAPUATO,962,B,316,49,6,4,2,41,30,0,5,,464,6,470,713,,,,,,,,,,,,,,,,,,,,,
11,GUANAJUATO,11,IRAPUATO,17,IRAPUATO,963,B,108,22,4,8,1,7,83,3,1,,270,11,281,555,,,,,,,,,,,,,,,,,,,,,
11,GUANAJUATO,11,IRAPUATO,17,IRAPUATO,963,C01,91,27,3,5,0,5,80,1,2,,239,6,245,554,,,,,,,,,,,,,,,,,,,,,
11,GUANAJUATO,11,IRAPUATO,17,IRAPUATO,964,B,58,11,1,2,2,2,79,2,1,,169,5,174,452,,,,,,,,,,,,,,,,,,,,,
11,GUANAJUATO,11,IRAPUATO,17,IRAPUATO,964,C01,57,7,2,1,1,1,64,2,1,,151,2,153,452,,,,,,,,,,,,,,,,,,,,,
11,GUANAJUATO,11,IRAPUATO,17,IRAPUATO,965,B,162,27,6,6,0,13,89,5,4,,357,8,366,683,,,,,,,,,,,,,,,,,,,,,
11,GUANAJUATO,11,IRAPUATO,17,IRAPUATO,965,C01,192,26,10,7,1,14,93,3,2,,379,6,385,683,,,,,,,,,,,,,,,,,,,,,
11,GUANAJUATO,11,IRAPUATO,17,IRAPUATO,965,C02,156,18,12,5,0,9,110,5,4,,346,6,352,682,,,,,,,,,,,,,,,,,,,,,
11,GUANAJUATO,11,IRAPUATO,17,IRAPUATO,965,C03,168,24,9,2,3,12,81,2,6,,342,6,349,682,,,,,,,,,,,,,,,,,,,,,
11,GUANAJUATO,11,IRAPUATO,17,IRAPUATO,965,C04,140,23,5,6,0,15,85,2,5,,314,3,317,682,,,,,,,,,,,,,,,,,,,,,
11,GUANAJUATO,11,IRAPUATO,17,IRAPUATO,965,C05,149,23,11,6,1,18,99,3,4,,354,5,359,682,,,,,,,,,,,,,,,,,,,,,
11,GUANAJUATO,11,IRAPUATO,17,IRAPUATO,969,B,55,14,3,1,4,3,71,0,3,,170,4,174,468,,,,,,,,,,,,,,,,,,,,,
11,GUANAJUATO,11,IRAPUATO,17,IRAPUATO,969,C01,74,11,4,5,0,2,62,2,1,,179,3,182,467,,,,,,,,,,,,,,,,,,,,,
11,GUANAJUATO,11,IRAPUATO,17,IRAPUATO,971,B,101,10,4,1,0,10,59,0,2,,208,0,208,426,,,,,,,,,,,,,,,,,,,,,
11,GUANAJUATO,11,IRAPUATO,17,IRAPUATO,971,C01,89,19,2,6,2,3,55,0,0,,190,2,192,425,,,,,,,,,,,,,,,,,,,,,
11,GUANAJUATO,11,IRAPUATO,17,IRAPUATO,972,B,222,71,3,2,2,20,63,0,7,,410,7,417,609,,,,,,,,,,,,,,,,,,,,,
11,GUANAJUATO,11,IRAPUATO,17,IRAPUATO,972,C01,209,15,5,8,1,24,62,0,2,,341,6,347,608,,,,,,,,,,,,,,,,,,,,,
11,GUANAJUATO,11,IRAPUATO,17,IRAPUATO,972,S01,54,5,2,2,1,6,25,0,0,,107,2,109,0,,,,,,,,,,,,,,,,,,,,,
11,GUANAJUATO,11,IRAPUATO,17,IRAPUATO,973,B,117,13,11,4,1,9,67,1,4,,249,7,257,664,,,,,,,,,,,,,,,,,,,,,
11,GUANAJUATO,11,IRAPUATO,17,IRAPUATO,973,C01,134,25,4,4,1,9,54,0,2,,251,6,257,664,,,,,,,,,,,,,,,,,,,,,
11,GUANAJUATO,11,IRAPUATO,17,IRAPUATO,973,C02,124,22,5,5,2,14,43,1,3,,239,4,243,664,,,,,,,,,,,,,,,,,,,,,
11,GUANAJUATO,11,IRAPUATO,17,IRAPUATO,973,C03,125,11,4,5,0,9,63,1,1,,236,3,239,664,,,,,,,,,,,,,,,,,,,,,
11,GUANAJUATO,11,IRAPUATO,17,IRAPUATO,973,C04,136,20,1,1,2,6,58,2,0,,247,4,252,664,,,,,,,,,,,,,,,,,,,,,
11,GUANAJUATO,11,IRAPUATO,17,IRAPUATO,973,C05,105,25,5,5,3,8,50,1,2,,215,6,221,664,,,,,,,,,,,,,,,,,,,,,
11,GUANAJUATO,11,IRAPUATO,17,IRAPUATO,973,C06,104,21,0,6,0,13,54,3,1,,230,7,237,663,,,,,,,,,,,,,,,,,,,,,
11,GUANAJUATO,11,IRAPUATO,17,IRAPUATO,974,B,98,21,1,4,1,11,57,0,1,,209,7,216,570,,,,,,,,,,,,,,,,,,,,,
11,GUANAJUATO,11,IRAPUATO,17,IRAPUATO,974,C01,91,20,2,3,0,8,59,3,1,,203,5,208,570,,,,,,,,,,,,,,,,,,,,,
11,GUANAJUATO,11,IRAPUATO,17,IRAPUATO,975,B,98,16,1,4,3,2,75,1,3,,229,11,241,737,,,,,,,,,,,,,,,,,,,,,
11,GUANAJUATO,11,IRAPUATO,17,IRAPUATO,975,C01,104,16,4,4,2,6,89,3,2,,248,5,253,737,,,,,,,,,,,,,,,,,,,,,
11,GUANAJUATO,11,IRAPUATO,17,IRAPUATO,976,B,155,27,1,4,3,10,75,4,0,,314,9,323,677,,,,,,,,,,,,,,,,,,,,,
11,GUANAJUATO,11,IRAPUATO,17,IRAPUATO,977,B,77,22,4,3,2,5,56,1,1,,193,7,201,472,,,,,,,,,,,,,,,,,,,,,
11,GUANAJUATO,11,IRAPUATO,17,IRAPUATO,977,C01,98,15,3,2,1,5,57,0,2,,200,4,204,472,,,,,,,,,,,,,,,,,,,,,
11,GUANAJUATO,11,IRAPUATO,17,IRAPUATO,978,B,106,8,2,4,1,10,79,3,4,,251,4,255,545,,,,,,,,,,,,,,,,,,,,,
11,GUANAJUATO,11,IRAPUATO,17,IRAPUATO,978,C01,96,18,0,6,0,8,79,3,1,,236,1,238,544,,,,,,,,,,,,,,,,,,,,,
11,GUANAJUATO,11,IRAPUATO,17,IRAPUATO,985,B,118,13,2,1,2,8,53,2,2,,227,7,234,436,,,,,,,,,,,,,,,,,,,,,
11,GUANAJUATO,11,IRAPUATO,17,IRAPUATO,987,B,192,11,6,3,1,18,80,2,3,,354,3,358,731,,,,,,,,,,,,,,,,,,,,,
11,GUANAJUATO,11,IRAPUATO,17,IRAPUATO,987,C01,206,21,6,1,2,11,76,1,7,,361,7,368,731,,,,,,,,,,,,,,,,,,,,,
11,GUANAJUATO,11,IRAPUATO,17,IRAPUATO,987,C02,202,25,0,3,1,9,69,1,2,,351,10,361,731,,,,,,,,,,,,,,,,,,,,,
11,GUANAJUATO,11,IRAPUATO,17,IRAPUATO,987,C03,186,15,5,2,3,19,79,1,0,,350,5,355,731,,,,,,,,,,,,,,,,,,,,,
11,GUANAJUATO,11,IRAPUATO,17,IRAPUATO,987,C04,173,14,5,5,1,11,88,2,3,,330,6,336,731,,,,,,,,,,,,,,,,,,,,,
11,GUANAJUATO,11,IRAPUATO,17,IRAPUATO,987,C05,194,17,7,6,2,10,60,0,0,,336,3,339,731,,,,,,,,,,,,,,,,,,,,,
11,GUANAJUATO,11,IRAPUATO,17,IRAPUATO,987,C06,176,21,4,5,1,9,73,1,2,,317,9,326,731,,,,,,,,,,,,,,,,,,,,,
11,GUANAJUATO,11,IRAPUATO,17,IRAPUATO,987,C07,182,37,5,10,3,20,95,3,2,,391,7,398,730,,,,,,,,,,,,,,,,,,,,,
11,GUANAJUATO,11,IRAPUATO,17,IRAPUATO,1006,B,135,8,2,3,3,9,55,0,3,,242,9,251,484,,,,,,,,,,,,,,,,,,,,,
11,GUANAJUATO,11,IRAPUATO,17,IRAPUATO,1006,C01,118,14,3,2,1,5,90,2,1,,238,8,246,483,,,,,,,,,,,,,,,,,,,,,
11,GUANAJUATO,11,IRAPUATO,17,IRAPUATO,1007,B,115,12,2,1,0,9,92,2,1,,254,7,262,491,,,,,,,,,,,,,,,,,,,,,
11,GUANAJUATO,11,IRAPUATO,17,IRAPUATO,1007,C01,104,19,15,1,2,10,60,0,2,,235,12,247,490,,,,,,,,,,,,,,,,,,,,,
11,GUANAJUATO,11,IRAPUATO,17,IRAPUATO,1008,B,125,13,5,1,2,10,77,0,1,,250,6,256,644,,,,,,,,,,,,,,,,,,,,,
11,GUANAJUATO,11,IRAPUATO,17,IRAPUATO,1008,C01,135,13,3,4,3,11,63,1,2,,251,2,255,643,,,,,,,,,,,,,,,,,,,,,
11,GUANAJUATO,11,IRAPUATO,17,IRAPUATO,1008,C02,136,18,3,1,2,10,68,0,1,,255,5,260,643,,,,,,,,,,,,,,,,,,,,,
11,GUANAJUATO,11,IRAPUATO,17,IRAPUATO,1036,B,135,18,5,5,2,8,84,3,2,,279,4,283,682,,,,,,,,,,,,,,,,,,,,,
11,GUANAJUATO,11,IRAPUATO,17,IRAPUATO,1036,C01,149,24,8,5,2,9,65,2,0,,284,7,291,682,,,,,,,,,,,,,,,,,,,,,
11,GUANAJUATO,11,IRAPUATO,17,IRAPUATO,1036,C02,135,17,5,2,2,10,70,0,0,,260,6,267,681,,,,,,,,,,,,,,,,,,,,,
11,GUANAJUATO,11,IRAPUATO,17,IRAPUATO,1036,C03,121,19,5,7,2,11,65,1,4,,255,2,257,681,,,,,,,,,,,,,,,,,,,,,
11,GUANAJUATO,11,IRAPUATO,17,IRAPUATO,1036,C04,131,17,10,1,3,14,67,2,1,,269,6,275,681,,,,,,,,,,,,,,,,,,,,,
11,GUANAJUATO,11,IRAPUATO,17,IRAPUATO,1037,B,87,13,4,6,3,10,61,1,3,,202,4,206,597,,,,,,,,,,,,,,,,,,,,,
11,GUANAJUATO,11,IRAPUATO,17,IRAPUATO,1037,C01,87,11,6,4,2,9,52,0,4,,186,2,188,597,,,,,,,,,,,,,,,,,,,,,
11,GUANAJUATO,11,IRAPUATO,17,IRAPUATO,1037,C02,76,16,0,4,1,6,78,1,2,,214,8,222,597,,,,,,,,,,,,,,,,,,,,,
11,GUANAJUATO,11,IRAPUATO,17,IRAPUATO,1078,B,108,11,4,5,5,3,93,1,1,,258,2,260,742,,,,,,,,,,,,,,,,,,,,,
11,GUANAJUATO,11,IRAPUATO,17,IRAPUATO,1078,C01,102,19,7,5,4,12,90,1,3,,270,12,282,742,,,,,,,,,,,,,,,,,,,,,
11,GUANAJUATO,11,IRAPUATO,17,IRAPUATO,1078,C02,99,9,4,5,1,6,92,2,2,,252,3,255,742,,,,,,,,,,,,,,,,,,,,,
11,GUANAJUATO,11,IRAPUATO,17,IRAPUATO,1078,C03,88,17,2,2,1,6,92,2,3,,249,7,256,742,,,,,,,,,,,,,,,,,,,,,
11,GUANAJUATO,11,IRAPUATO,17,IRAPUATO,1078,C04,93,16,5,6,0,15,98,1,3,,262,8,271,742,,,,,,,,,,,,,,,,,,,,,
11,GUANAJUATO,11,IRAPUATO,17,IRAPUATO,1078,C05,92,15,4,3,2,4,105,3,2,,256,7,264,742,,,,,,,,,,,,,,,,,,,,,
11,GUANAJUATO,11,IRAPUATO,17,IRAPUATO,1078,C06,91,16,3,4,2,10,82,2,1,,248,3,251,741,,,,,,,,,,,,,,,,,,,,,
11,GUANAJUATO,11,IRAPUATO,17,IRAPUATO,1078,C07,107,10,6,6,2,7,104,0,3,,278,8,286,741,,,,,,,,,,,,,,,,,,,,,
11,GUANAJUATO,11,IRAPUATO,17,IRAPUATO,1078,C08,91,14,5,3,1,5,80,2,5,,234,7,241,741,,,,,,,,,,,,,,,,,,,,,
11,GUANAJUATO,11,IRAPUATO,17,IRAPUATO,1078,C09,92,17,6,5,2,9,102,2,3,,270,4,275,741,,,,,,,,,,,,,,,,,,,,,
11,GUANAJUATO,11,IRAPUATO,17,IRAPUATO,1078,C10,95,17,3,2,0,16,111,1,6,,279,4,283,741,,,,,,,,,,,,,,,,,,,,,
11,GUANAJUATO,11,IRAPUATO,17,IRAPUATO,1099,B,89,12,4,5,0,8,72,2,1,,218,3,221,732,,,,,,,,,,,,,,,,,,,,,
11,GUANAJUATO,11,IRAPUATO,17,IRAPUATO,1099,C01,83,17,6,4,2,4,70,1,0,,207,9,217,732,,,,,,,,,,,,,,,,,,,,,
11,GUANAJUATO,11,IRAPUATO,17,IRAPUATO,1099,C02,105,6,5,10,2,4,92,0,3,,255,7,262,732,,,,,,,,,,,,,,,,,,,,,
11,GUANAJUATO,11,IRAPUATO,17,IRAPUATO,1099,C03,94,11,4,1,3,5,76,3,2,,213,7,221,732,,,,,,,,,,,,,,,,,,,,,
11,GUANAJUATO,11,IRAPUATO,17,IRAPUATO,1099,C04,82,10,4,3,1,6,82,3,2,,210,7,218,732,,,,,,,,,,,,,,,,,,,,,
11,GUANAJUATO,11,IRAPUATO,17,IRAPUATO,1099,C05,118,13,3,4,3,8,59,0,2,,225,7,233,732,,,,,,,,,,,,,,,,,,,,,
11,GUANAJUATO,11,IRAPUATO,17,IRAPUATO,1099,C06,86,8,3,2,0,8,91,2,2,,202,3,221,732,,,,,,,,,,,,,,,,,,,,,
11,GUANAJUATO,11,IRAPUATO,17,IRAPUATO,1099,C07,108,21,2,2,0,15,73,0,4,,250,6,256,732,,,,,,,,,,,,,,,,,,,,,
11,GUANAJUATO,11,IRAPUATO,17,IRAPUATO,1099,C08,117,11,6,3,2,7,75,2,3,,243,4,248,732,,,,,,,,,,,,,,,,,,,,,
11,GUANAJUATO,11,IRAPUATO,17,IRAPUATO,1099,C09,87,15,3,5,3,15,81,2,4,,242,4,246,732,,,,,,,,,,,,,,,,,,,,,
11,GUANAJUATO,11,IRAPUATO,17,IRAPUATO,1099,C10,102,18,4,2,1,7,82,0,1,,240,2,242,731,,,,,,,,,,,,,,,,,,,,,
11,GUANAJUATO,11,IRAPUATO,17,IRAPUATO,1099,C11,119,17,8,3,0,7,73,1,1,,254,4,258,731,,,,,,,,,,,,,,,,,,,,,
11,GUANAJUATO,11,IRAPUATO,17,IRAPUATO,1099,C12,107,17,4,4,3,7,79,3,2,,248,3,251,731,,,,,,,,,,,,,,,,,,,,,
11,GUANAJUATO,11,IRAPUATO,17,IRAPUATO,1099,C13,88,11,6,5,3,8,68,3,0,,229,0,229,731,,,,,,,,,,,,,,,,,,,,,
11,GUANAJUATO,11,IRAPUATO,17,IRAPUATO,1099,C14,85,16,6,6,1,0,79,1,0,,215,1,216,731,,,,,,,,,,,,,,,,,,,,,
11,GUANAJUATO,11,IRAPUATO,17,IRAPUATO,1099,C15,87,11,1,3,1,5,81,3,0,,216,6,222,731,,,,,,,,,,,,,,,,,,,,,
11,GUANAJUATO,11,IRAPUATO,17,IRAPUATO,1099,C16,88,14,2,4,0,4,80,1,2,,218,5,223,731,,,,,,,,,,,,,,,,,,,,,
11,GUANAJUATO,11,IRAPUATO,17,IRAPUATO,1108,B,63,26,3,5,0,4,72,0,2,,191,3,194,599,,,,,,,,,,,,,,,,,,,,,
11,GUANAJUATO,11,IRAPUATO,17,IRAPUATO,1108,C01,72,13,4,6,1,8,69,0,2,,185,5,190,598,,,,,,,,,,,,,,,,,,,,,
11,GUANAJUATO,11,IRAPUATO,17,IRAPUATO,1113,B,88,22,1,7,0,3,74,0,4,,229,5,234,573,,,,,,,,,,,,,,,,,,,,,
11,GUANAJUATO,11,IRAPUATO,17,IRAPUATO,1113,C01,79,11,3,3,2,6,86,3,1,,222,3,225,573,,,,,,,,,,,,,,,,,,,,,
11,GUANAJUATO,11,IRAPUATO,17,IRAPUATO,1113,C02,69,17,4,3,4,4,69,1,5,,204,6,210,572,,,,,,,,,,,,,,,,,,,,,
11,GUANAJUATO,11,IRAPUATO,17,IRAPUATO,1114,B,97,12,1,0,0,2,12,0,0,,126,2,128,595,,,,,,,,,,,,,,,,,,,,,
11,GUANAJUATO,11,IRAPUATO,17,IRAPUATO,1114,C01,79,11,3,1,3,3,22,0,2,,126,3,129,595,,,,,,,,,,,,,,,,,,,,,
11,GUANAJUATO,11,IRAPUATO,17,IRAPUATO,1114,C02,89,20,5,3,1,2,46,2,1,,170,3,173,595,,,,,,,,,,,,,,,,,,,,,
11,GUANAJUATO,11,IRAPUATO,17,IRAPUATO,1115,B,68,25,3,6,1,19,40,1,1,,173,6,179,578,,,,,,,,,,,,,,,,,,,,,
11,GUANAJUATO,11,IRAPUATO,17,IRAPUATO,1115,C01,74,11,4,3,2,6,37,1,0,,142,2,144,578,,,,,,,,,,,,,,,,,,,,,
11,GUANAJUATO,11,IRAPUATO,17,IRAPUATO,1115,C02,91,22,1,0,2,8,39,1,1,,171,3,174,578,,,,,,,,,,,,,,,,,,,,,
11,GUANAJUATO,11,IRAPUATO,17,IRAPUATO,1115,C03,49,20,2,4,1,5,24,0,0,,106,1,107,577,,,,,,,,,,,,,,,,,,,,,
11,GUANAJUATO,11,IRAPUATO,17,IRAPUATO,1116,B,72,35,1,1,0,3,38,1,1,,154,6,160,619,,,,,,,,,,,,,,,,,,,,,
11,GUANAJUATO,11,IRAPUATO,17,IRAPUATO,1116,C01,123,26,2,6,0,3,36,0,1,,198,3,201,619,,,,,,,,,,,,,,,,,,,,,
11,GUANAJUATO,11,IRAPUATO,17,IRAPUATO,1116,C02,122,43,3,5,1,4,33,4,0,,216,2,218,619,,,,,,,,,,,,,,,,,,,,,
11,GUANAJUATO,11,IRAPUATO,17,IRAPUATO,1116,C03,121,54,3,3,1,7,38,1,0,,229,5,234,618,,,,,,,,,,,,,,,,,,,,,
11,GUANAJUATO,11,IRAPUATO,17,IRAPUATO,1117,B,92,29,4,2,2,23,79,2,4,,241,9,250,735,,,,,,,,,,,,,,,,,,,,,
11,GUANAJUATO,11,IRAPUATO,17,IRAPUATO,1117,C01,82,25,3,3,1,18,103,3,8,,259,6,265,734,,,,,,,,,,,,,,,,,,,,,
11,GUANAJUATO,11,IRAPUATO,17,IRAPUATO,1117,C02,80,31,2,2,2,25,67,1,2,,222,0,222,734,,,,,,,,,,,,,,,,,,,,,
11,GUANAJUATO,11,IRAPUATO,17,IRAPUATO,1118,B,62,17,2,3,1,12,63,0,1,,167,1,168,584,,,,,,,,,,,,,,,,,,,,,
11,GUANAJUATO,11,IRAPUATO,17,IRAPUATO,1118,C01,51,18,1,5,1,9,83,0,1,,173,4,177,584,,,,,,,,,,,,,,,,,,,,,
11,GUANAJUATO,11,IRAPUATO,17,IRAPUATO,1118,C02,43,14,0,1,0,14,73,2,0,,159,4,163,584,,,,,,,,,,,,,,,,,,,,,
11,GUANAJUATO,11,IRAPUATO,17,IRAPUATO,1119,B,43,9,4,2,0,9,53,0,2,,123,2,125,567,,,,,,,,,,,,,,,,,,,,,
11,GUANAJUATO,11,IRAPUATO,17,IRAPUATO,1119,C01,48,12,2,1,0,11,52,3,1,,131,2,133,567,,,,,,,,,,,,,,,,,,,,,
11,GUANAJUATO,11,IRAPUATO,17,IRAPUATO,1119,C02,44,20,2,4,2,9,39,0,0,,121,7,128,567,,,,,,,,,,,,,,,,,,,,,
11,GUANAJUATO,11,IRAPUATO,17,IRAPUATO,1119,C03,46,12,3,3,2,8,34,2,1,,112,3,115,566,,,,,,,,,,,,,,,,,,,,,
11,GUANAJUATO,11,IRAPUATO,17,IRAPUATO,1120,B,58,17,1,4,1,11,28,2,1,,127,1,128,630,,,,,,,,,,,,,,,,,,,,,
11,GUANAJUATO,11,IRAPUATO,17,IRAPUATO,1120,C01,66,14,0,1,1,9,49,2,0,,145,2,147,629,,,,,,,,,,,,,,,,,,,,,
11,GUANAJUATO,11,IRAPUATO,17,IRAPUATO,1120,C02,43,24,1,6,3,9,29,1,1,,120,5,125,629,,,,,,,,,,,,,,,,,,,,,
11,GUANAJUATO,11,IRAPUATO,17,IRAPUATO,1121,B,111,28,0,1,2,4,48,0,1,,198,9,207,532,,,,,,,,,,,,,,,,,,,,,
11,GUANAJUATO,11,IRAPUATO,17,IRAPUATO,1121,C01,127,9,4,6,2,9,52,1,0,,216,4,220,532,,,,,,,,,,,,,,,,,,,,,
11,GUANAJUATO,11,IRAPUATO,17,IRAPUATO,1121,C02,114,21,4,3,2,5,48,0,2,,205,5,210,532,,,,,,,,,,,,,,,,,,,,,
11,GUANAJUATO,11,IRAPUATO,17,IRAPUATO,1122,B,136,21,1,4,3,0,40,2,2,,220,8,228,687,,,,,,,,,,,,,,,,,,,,,
11,GUANAJUATO,11,IRAPUATO,17,IRAPUATO,1122,C01,153,24,0,4,2,0,35,1,0,,229,10,239,687,,,,,,,,,,,,,,,,,,,,,
11,GUANAJUATO,11,IRAPUATO,17,IRAPUATO,1122,C02,117,20,2,4,2,4,42,2,0,,196,0,196,686,,,,,,,,,,,,,,,,,,,,,
11,GUANAJUATO,11,IRAPUATO,17,IRAPUATO,1123,B,113,9,0,6,2,1,21,1,4,,162,6,168,645,,,,,,,,,,,,,,,,,,,,,
11,GUANAJUATO,11,IRAPUATO,17,IRAPUATO,1123,C01,106,14,0,10,2,4,31,5,3,,177,4,181,644,,,,,,,,,,,,,,,,,,,,,
11,GUANAJUATO,11,IRAPUATO,17,IRAPUATO,1123,C02,103,17,2,8,2,4,43,2,0,,183,5,188,644,,,,,,,,,,,,,,,,,,,,,
11,GUANAJUATO,11,IRAPUATO,17,IRAPUATO,1124,B,83,18,5,0,0,12,72,1,1,,193,1,194,595,,,,,,,,,,,,,,,,,,,,,
11,GUANAJUATO,11,IRAPUATO,17,IRAPUATO,1124,C01,65,18,1,6,3,7,77,2,0,,182,7,189,594,,,,,,,,,,,,,,,,,,,,,
11,GUANAJUATO,11,IRAPUATO,17,IRAPUATO,1124,C02,59,17,1,3,1,8,76,1,0,,169,0,170,594,,,,,,,,,,,,,,,,,,,,,
11,GUANAJUATO,11,IRAPUATO,17,IRAPUATO,1125,B,94,32,5,6,0,6,49,0,3,,200,6,206,671,,,,,,,,,,,,,,,,,,,,,
11,GUANAJUATO,11,IRAPUATO,17,IRAPUATO,1125,C01,80,35,3,4,5,8,57,0,1,,198,6,204,671,,,,,,,,,,,,,,,,,,,,,
11,GUANAJUATO,11,IRAPUATO,17,IRAPUATO,1126,B,93,58,0,3,2,7,21,3,1,,194,6,200,541,,,,,,,,,,,,,,,,,,,,,
11,GUANAJUATO,11,IRAPUATO,17,IRAPUATO,1126,C01,47,54,0,1,2,13,13,1,1,,132,7,139,541,,,,,,,,,,,,,,,,,,,,,
11,GUANAJUATO,11,IRAPUATO,17,IRAPUATO,1126,C02,89,39,1,2,0,12,16,0,5,,168,4,172,541,,,,,,,,,,,,,,,,,,,,,
11,GUANAJUATO,11,IRAPUATO,17,IRAPUATO,1127,B,40,5,0,2,0,0,36,2,1,,87,3,90,409,,,,,,,,,,,,,,,,,,,,,
11,GUANAJUATO,11,IRAPUATO,17,IRAPUATO,1127,C01,48,6,2,2,0,0,27,0,1,,86,2,88,408,,,,,,,,,,,,,,,,,,,,,
11,GUANAJUATO,11,IRAPUATO,17,IRAPUATO,1128,B,104,13,0,1,0,3,50,2,1,,185,2,187,543,,,,,,,,,,,,,,,,,,,,,
11,GUANAJUATO,11,IRAPUATO,17,IRAPUATO,1128,C01,85,8,0,1,0,2,66,0,2,,175,4,179,543,,,,,,,,,,,,,,,,,,,,,
11,GUANAJUATO,11,IRAPUATO,17,IRAPUATO,1129,B,118,13,2,1,1,3,49,1,2,,194,2,196,567,,,,,,,,,,,,,,,,,,,,,
11,GUANAJUATO,11,IRAPUATO,17,IRAPUATO,1129,C01,90,17,1,3,2,3,33,0,1,,154,5,159,566,,,,,,,,,,,,,,,,,,,,,
11,GUANAJUATO,11,IRAPUATO,17,IRAPUATO,1129,C02,107,15,1,1,1,5,38,2,1,,176,2,178,566,,,,,,,,,,,,,,,,,,,,,
11,GUANAJUATO,11,IRAPUATO,17,IRAPUATO,1129,C03,123,11,1,0,3,4,33,1,0,,184,6,190,566,,,,,,,,,,,,,,,,,,,,,
11,GUANAJUATO,11,IRAPUATO,17,IRAPUATO,1130,B,16,8,0,2,0,6,12,1,2,,48,3,51,625,,,,,,,,,,,,,,,,,,,,,
11,GUANAJUATO,11,IRAPUATO,17,IRAPUATO,1130,C01,26,5,0,2,0,2,6,0,1,,42,2,44,624,,,,,,,,,,,,,,,,,,,,,
11,GUANAJUATO,11,IRAPUATO,17,IRAPUATO,1130,C02,35,3,0,1,0,3,14,0,0,,57,2,59,624,,,,,,,,,,,,,,,,,,,,,
11,GUANAJUATO,11,IRAPUATO,17,IRAPUATO,1131,B,70,15,2,1,1,13,24,0,4,,139,4,143,617,,,,,,,,,,,,,,,,,,,,,
11,GUANAJUATO,11,IRAPUATO,17,IRAPUATO,1131,C01,99,18,0,1,0,8,53,1,2,,189,2,191,617,,,,,,,,,,,,,,,,,,,,,
11,GUANAJUATO,11,IRAPUATO,17,IRAPUATO,1131,C02,73,21,1,4,3,4,30,0,0,,141,7,148,617,,,,,,,,,,,,,,,,,,,,,
11,GUANAJUATO,11,IRAPUATO,17,IRAPUATO,1131,C03,102,14,2,6,2,7,50,2,0,,191,7,198,616,,,,,,,,,,,,,,,,,,,,,
11,GUANAJUATO,11,IRAPUATO,17,IRAPUATO,1132,B,112,23,1,0,2,4,39,2,0,,184,3,191,646,,,,,,,,,,,,,,,,,,,,,
11,GUANAJUATO,11,IRAPUATO,17,IRAPUATO,1132,C01,121,18,4,3,1,9,52,0,2,,224,11,235,645,,,,,,,,,,,,,,,,,,,,,
11,GUANAJUATO,11,IRAPUATO,17,IRAPUATO,1132,C02,91,32,2,5,3,9,46,0,1,,195,9,204,645,,,,,,,,,,,,,,,,,,,,,
11,GUANAJUATO,11,IRAPUATO,17,IRAPUATO,1133,B,101,38,2,8,0,9,39,3,2,,208,6,214,597,,,,,,,,,,,,,,,,,,,,,
11,GUANAJUATO,11,IRAPUATO,17,IRAPUATO,1133,C01,113,39,3,6,1,8,43,3,2,,226,12,238,596,,,,,,,,,,,,,,,,,,,,,
11,GUANAJUATO,11,IRAPUATO,17,IRAPUATO,1134,B,72,47,5,4,4,4,37,1,2,,188,8,196,527,,,,,,,,,,,,,,,,,,,,,
11,GUANAJUATO,11,IRAPUATO,17,IRAPUATO,1134,C01,64,56,6,8,2,5,58,0,1,,211,2,213,527,,,,,,,,,,,,,,,,,,,,,
11,GUANAJUATO,11,IRAPUATO,17,IRAPUATO,1134,C02,71,45,3,2,2,6,39,3,1,,186,6,192,526,,,,,,,,,,,,,,,,,,,,,
11,GUANAJUATO,11,IRAPUATO,17,IRAPUATO,1135,B,78,12,1,2,0,6,19,0,0,,118,0,118,396,,,,,,,,,,,,,,,,,,,,,
11,GUANAJUATO,11,IRAPUATO,17,IRAPUATO,1135,C01,65,19,2,6,0,8,10,0,0,,117,4,121,395,,,,,,,,,,,,,,,,,,,,,
11,GUANAJUATO,11,IRAPUATO,17,IRAPUATO,1136,B,139,20,4,5,3,16,110,4,3,,335,10,345,714,,,,,,,,,,,,,,,,,,,,,
11,GUANAJUATO,11,IRAPUATO,17,IRAPUATO,1136,C01,162,28,0,3,0,5,99,0,5,,341,9,350,713,,,,,,,,,,,,,,,,,,,,,
11,GUANAJUATO,11,IRAPUATO,17,IRAPUATO,1137,B,176,26,5,0,2,10,64,2,4,,325,6,331,696,,,,,,,,,,,,,,,,,,,,,
11,GUANAJUATO,11,IRAPUATO,17,IRAPUATO,1137,C01,165,14,6,5,2,20,55,1,1,,295,5,300,696,,,,,,,,,,,,,,,,,,,,,
11,GUANAJUATO,11,IRAPUATO,17,IRAPUATO,1137,C02,158,23,4,4,3,21,79,1,2,,316,4,320,696,,,,,,,,,,,,,,,,,,,,,
11,GUANAJUATO,11,IRAPUATO,17,IRAPUATO,1137,C03,157,15,2,2,1,18,57,1,4,,280,12,292,696,,,,,,,,,,,,,,,,,,,,,
11,GUANAJUATO,11,IRAPUATO,17,IRAPUATO,1137,C04,151,21,10,2,0,15,61,2,7,,296,6,302,696,,,,,,,,,,,,,,,,,,,,,
11,GUANAJUATO,11,IRAPUATO,17,IRAPUATO,1137,C05,181,23,5,7,6,11,53,0,3,,309,3,312,696,,,,,,,,,,,,,,,,,,,,,
11,GUANAJUATO,11,IRAPUATO,17,IRAPUATO,1138,B,93,25,2,1,1,10,65,0,4,,222,11,233,705,,,,,,,,,,,,,,,,,,,,,
11,GUANAJUATO,11,IRAPUATO,17,IRAPUATO,1138,C01,112,27,6,3,1,15,59,1,1,,245,6,251,705,,,,,,,,,,,,,,,,,,,,,
11,GUANAJUATO,11,IRAPUATO,17,IRAPUATO,1138,C02,109,40,5,7,0,16,44,0,1,,231,6,237,705,,,,,,,,,,,,,,,,,,,,,
11,GUANAJUATO,11,IRAPUATO,17,IRAPUATO,1139,B,95,27,1,6,2,12,63,0,2,,235,5,240,696,,,,,,,,,,,,,,,,,,,,,
11,GUANAJUATO,11,IRAPUATO,17,IRAPUATO,1139,C01,99,14,5,4,1,8,55,1,1,,214,5,220,696,,,,,,,,,,,,,,,,,,,,,
11,GUANAJUATO,11,IRAPUATO,17,IRAPUATO,1139,C02,98,13,1,4,4,8,53,1,0,,210,7,217,695,,,,,,,,,,,,,,,,,,,,,
11,GUANAJUATO,11,IRAPUATO,17,IRAPUATO,1139,C03,104,18,0,3,0,7,47,2,3,,197,7,205,695,,,,,,,,,,,,,,,,,,,,,
11,GUANAJUATO,11,IRAPUATO,17,IRAPUATO,1139,C04,89,29,3,6,2,1,56,0,0,,205,12,217,695,,,,,,,,,,,,,,,,,,,,,
11,GUANAJUATO,11,IRAPUATO,17,IRAPUATO,1139,C05,121,14,4,1,1,9,47,1,0,,219,6,225,695,,,,,,,,,,,,,,,,,,,,,
11,GUANAJUATO,11,IRAPUATO,17,IRAPUATO,1140,B,37,17,0,1,4,4,49,1,2,,119,1,120,512,,,,,,,,,,,,,,,,,,,,,
11,GUANAJUATO,11,IRAPUATO,17,IRAPUATO,1140,C01,27,16,1,0,0,3,45,0,4,,100,0,100,512,,,,,,,,,,,,,,,,,,,,,
11,GUANAJUATO,11,IRAPUATO,17,IRAPUATO,1140,E01,106,20,2,1,2,0,56,0,2,,190,0,190,557,,,,,,,,,,,,,,,,,,,,,
11,GUANAJUATO,11,IRAPUATO,17,IRAPUATO,1140,E01C01,139,14,2,0,1,6,41,4,9,,219,6,225,557,,,,,,,,,,,,,,,,,,,,,
11,GUANAJUATO,11,IRAPUATO,17,IRAPUATO,1140,C02,40,12,0,1,2,1,22,2,0,,82,1,83,512,,,,,,,,,,,,,,,,,,,,,
11,GUANAJUATO,11,IRAPUATO,17,IRAPUATO,1141,B,60,45,1,5,3,11,57,0,2,,189,8,197,613,,,,,,,,,,,,,,,,,,,,,
11,GUANAJUATO,11,IRAPUATO,17,IRAPUATO,1141,C01,71,23,3,2,8,9,48,3,1,,179,8,187,612,,,,,,,,,,,,,,,,,,,,,
11,GUANAJUATO,11,IRAPUATO,17,IRAPUATO,1141,C02,82,17,2,5,2,13,44,1,1,,176,8,184,612,,,,,,,,,,,,,,,,,,,,,
11,GUANAJUATO,11,IRAPUATO,17,IRAPUATO,1142,B,93,69,3,4,0,11,31,0,0,,213,13,226,723,,,,,,,,,,,,,,,,,,,,,
11,GUANAJUATO,11,IRAPUATO,17,IRAPUATO,1142,C01,96,55,1,2,2,1,42,3,1,,210,10,220,722,,,,,,,,,,,,,,,,,,,,,
11,GUANAJUATO,11,IRAPUATO,17,IRAPUATO,1143,B,87,52,2,6,1,7,10,0,2,,167,7,174,404,,,,,,,,,,,,,,,,,,,,,
11,GUANAJUATO,11,IRAPUATO,17,IRAPUATO,1143,C01,54,43,2,4,3,7,21,6,1,,147,5,152,403,,,,,,,,,,,,,,,,,,,,,
11,GUANAJUATO,11,IRAPUATO,17,IRAPUATO,1144,B,91,12,0,4,2,6,55,2,2,,181,4,185,581,,,,,,,,,,,,,,,,,,,,,
11,GUANAJUATO,11,IRAPUATO,17,IRAPUATO,1144,C01,86,4,3,2,1,11,50,8,3,,176,5,181,580,,,,,,,,,,,,,,,,,,,,,
11,GUANAJUATO,11,IRAPUATO,17,IRAPUATO,1144,C02,98,7,0,0,1,7,35,1,3,,161,5,166,580,,,,,,,,,,,,,,,,,,,,,
11,GUANAJUATO,11,IRAPUATO,17,IRAPUATO,1145,B,65,20,2,4,2,6,41,1,1,,154,5,159,485,,,,,,,,,,,,,,,,,,,,,
11,GUANAJUATO,11,IRAPUATO,17,IRAPUATO,1145,C01,60,9,5,2,2,9,35,4,5,,148,8,156,485,,,,,,,,,,,,,,,,,,,,,
11,GUANAJUATO,11,IRAPUATO,17,IRAPUATO,1146,B,106,14,3,4,2,3,77,4,3,,229,13,242,509,,,,,,,,,,,,,,,,,,,,,
11,GUANAJUATO,11,IRAPUATO,17,IRAPUATO,1147,B,90,14,0,6,1,7,74,2,8,,227,7,234,747,,,,,,,,,,,,,,,,,,,,,
11,GUANAJUATO,11,IRAPUATO,17,IRAPUATO,1147,C01,88,12,3,3,4,3,68,4,3,,202,3,205,746,,,,,,,,,,,,,,,,,,,,,
11,GUANAJUATO,11,IRAPUATO,17,IRAPUATO,1147,C02,104,14,4,5,4,5,70,2,1,,224,6,230,746,,,,,,,,,,,,,,,,,,,,,
11,GUANAJUATO,11,IRAPUATO,17,IRAPUATO,1147,C03,92,12,2,4,4,6,54,1,1,,191,6,197,746,,,,,,,,,,,,,,,,,,,,,
11,GUANAJUATO,11,IRAPUATO,17,IRAPUATO,1148,B,73,6,1,5,4,2,82,0,1,,183,5,188,667,,,,,,,,,,,,,,,,,,,,,
11,GUANAJUATO,11,IRAPUATO,17,IRAPUATO,1148,C01,49,7,1,4,2,4,73,1,2,,154,4,158,667,,,,,,,,,,,,,,,,,,,,,
11,GUANAJUATO,11,IRAPUATO,17,IRAPUATO,1148,C02,51,7,3,3,0,5,63,0,1,,144,2,146,667,,,,,,,,,,,,,,,,,,,,,
11,GUANAJUATO,11,IRAPUATO,17,IRAPUATO,1148,C03,65,3,6,4,2,3,81,2,0,,179,3,182,667,,,,,,,,,,,,,,,,,,,,,
11,GUANAJUATO,11,IRAPUATO,17,IRAPUATO,1148,C04,66,13,1,2,2,2,62,6,0,,161,4,166,667,,,,,,,,,,,,,,,,,,,,,
11,GUANAJUATO,11,IRAPUATO,17,IRAPUATO,1148,C05,70,12,0,3,2,4,58,1,2,,156,5,161,667,,,,,,,,,,,,,,,,,,,,,
11,GUANAJUATO,11,IRAPUATO,17,IRAPUATO,1149,B,331,18,2,3,0,25,51,1,1,,440,6,446,650,,,,,,,,,,,,,,,,,,,,,
11,GUANAJUATO,11,IRAPUATO,17,IRAPUATO,1149,C01,329,20,2,3,1,30,34,1,2,,430,2,432,650,,,,,,,,,,,,,,,,,,,,,
11,GUANAJUATO,11,IRAPUATO,17,IRAPUATO,1149,C02,306,25,2,1,1,17,33,0,3,,391,0,391,650,,,,,,,,,,,,,,,,,,,,,
11,GUANAJUATO,11,IRAPUATO,17,IRAPUATO,1149,C03,321,17,6,5,1,20,32,0,5,,418,2,420,650,,,,,,,,,,,,,,,,,,,,,
11,GUANAJUATO,11,IRAPUATO,17,IRAPUATO,1149,C04,337,17,3,1,0,33,22,2,4,,429,3,432,649,,,,,,,,,,,,,,,,,,,,,
11,GUANAJUATO,11,IRAPUATO,17,IRAPUATO,1150,B,432,19,9,5,1,31,46,0,2,,550,1,551,736,,,,,,,,,,,,,,,,,,,,,
11,GUANAJUATO,11,IRAPUATO,17,IRAPUATO,1150,C01,438,14,4,1,1,21,32,0,1,,523,5,528,735,,,,,,,,,,,,,,,,,,,,,
11,GUANAJUATO,11,IRAPUATO,17,IRAPUATO,1150,C02,460,22,4,2,0,25,22,1,1,,545,1,547,735,,,,,,,,,,,,,,,,,,,,,
11,GUANAJUATO,11,IRAPUATO,17,IRAPUATO,1151,B,185,20,4,4,4,16,60,0,1,,312,3,315,709,,,,,,,,,,,,,,,,,,,,,
11,GUANAJUATO,11,IRAPUATO,17,IRAPUATO,1151,C01,200,19,7,2,2,15,53,0,2,,323,4,327,709,,,,,,,,,,,,,,,,,,,,,
11,GUANAJUATO,11,IRAPUATO,17,IRAPUATO,1151,C02,188,24,4,6,1,12,51,2,2,,306,6,312,709,,,,,,,,,,,,,,,,,,,,,
11,GUANAJUATO,11,IRAPUATO,17,IRAPUATO,1151,C03,180,19,5,6,3,9,54,2,4,,302,0,302,709,,,,,,,,,,,,,,,,,,,,,
11,GUANAJUATO,11,IRAPUATO,17,IRAPUATO,1151,C04,210,16,5,6,2,17,46,0,4,,328,2,330,708,,,,,,,,,,,,,,,,,,,,,
11,GUANAJUATO,11,IRAPUATO,17,IRAPUATO,1151,C05,194,11,1,2,2,20,56,1,1,,312,4,316,708,,,,,,,,,,,,,,,,,,,,,
11,GUANAJUATO,11,IRAPUATO,17,IRAPUATO,1151,C06,226,18,9,7,0,15,49,0,3,,350,9,359,708,,,,,,,,,,,,,,,,,,,,,
11,GUANAJUATO,11,IRAPUATO,17,IRAPUATO,1152,B,120,21,4,3,2,9,66,1,2,,235,0,235,615,,,,,,,,,,,,,,,,,,,,,
11,GUANAJUATO,11,IRAPUATO,17,IRAPUATO,1152,C01,127,22,4,3,2,10,44,1,2,,222,7,229,615,,,,,,,,,,,,,,,,,,,,,
11,GUANAJUATO,11,IRAPUATO,17,IRAPUATO,1152,C02,111,19,6,3,3,4,45,1,0,,198,8,206,614,,,,,,,,,,,,,,,,,,,,,
11,GUANAJUATO,11,IRAPUATO,17,IRAPUATO,1152,C03,122,29,6,4,2,15,52,4,0,,241,7,248,614,,,,,,,,,,,,,,,,,,,,,
11,GUANAJUATO,11,IRAPUATO,17,IRAPUATO,1153,B,98,20,2,1,1,21,52,0,1,,208,8,216,597,,,,,,,,,,,,,,,,,,,,,
11,GUANAJUATO,11,IRAPUATO,17,IRAPUATO,1153,C01,109,25,0,2,2,18,31,3,0,,205,6,211,596,,,,,,,,,,,,,,,,,,,,,
11,GUANAJUATO,11,IRAPUATO,17,IRAPUATO,1153,C02,100,30,2,0,0,16,23,2,0,,180,7,187,596,,,,,,,,,,,,,,,,,,,,,
11,GUANAJUATO,11,IRAPUATO,17,IRAPUATO,1153,C03,79,22,5,1,3,20,35,0,0,,176,3,180,596,,,,,,,,,,,,,,,,,,,,,
11,GUANAJUATO,11,IRAPUATO,17,IRAPUATO,1154,B,112,46,2,3,0,17,33,2,0,,228,5,233,723,,,,,,,,,,,,,,,,,,,,,
11,GUANAJUATO,11,IRAPUATO,17,IRAPUATO,1154,C01,86,73,2,5,2,30,32,0,0,,238,6,244,722,,,,,,,,,,,,,,,,,,,,,
11,GUANAJUATO,11,IRAPUATO,17,IRAPUATO,1155,B,127,19,2,2,2,19,59,0,2,,257,1,258,744,,,,,,,,,,,,,,,,,,,,,
11,GUANAJUATO,11,IRAPUATO,17,IRAPUATO,1155,C01,112,14,5,1,4,8,69,0,3,,244,3,247,744,,,,,,,,,,,,,,,,,,,,,
11,GUANAJUATO,11,IRAPUATO,17,IRAPUATO,1155,C02,123,12,3,4,6,20,73,2,4,,252,3,255,743,,,,,,,,,,,,,,,,,,,,,
11,GUANAJUATO,11,IRAPUATO,17,IRAPUATO,1155,C03,109,17,5,1,5,10,85,1,1,,248,6,254,743,,,,,,,,,,,,,,,,,,,,,
11,GUANAJUATO,11,IRAPUATO,17,IRAPUATO,1155,C04,91,11,8,3,5,8,76,2,3,,224,6,230,743,,,,,,,,,,,,,,,,,,,,,
11,GUANAJUATO,11,IRAPUATO,17,IRAPUATO,1155,C05,127,17,1,6,1,12,66,4,3,,261,1,262,743,,,,,,,,,,,,,,,,,,,,,
11,GUANAJUATO,11,IRAPUATO,17,IRAPUATO,1158,B,92,16,1,5,2,7,41,3,4,,177,1,178,609,,,,,,,,,,,,,,,,,,,,,
11,GUANAJUATO,11,IRAPUATO,17,IRAPUATO,1158,C01,70,15,1,0,0,12,40,3,3,,153,3,157,609,,,,,,,,,,,,,,,,,,,,,
11,GUANAJUATO,11,IRAPUATO,17,IRAPUATO,1158,C02,71,17,1,2,5,15,39,3,1,,170,5,175,609,,,,,,,,,,,,,,,,,,,,,
11,GUANAJUATO,11,IRAPUATO,17,IRAPUATO,1158,C03,79,21,1,1,2,18,61,0,1,,196,6,202,608,,,,,,,,,,,,,,,,,,,,,
11,GUANAJUATO,11,IRAPUATO,17,IRAPUATO,1158,C04,58,17,1,0,1,11,30,4,1,,137,3,140,608,,,,,,,,,,,,,,,,,,,,,
11,GUANAJUATO,11,IRAPUATO,17,IRAPUATO,1160,B,79,30,0,1,0,19,15,0,0,,152,9,161,501,,,,,,,,,,,,,,,,,,,,,
11,GUANAJUATO,11,IRAPUATO,17,IRAPUATO,1160,C01,72,31,1,0,0,25,18,1,0,,160,4,164,501,,,,,,,,,,,,,,,,,,,,,
11,GUANAJUATO,11,IRAPUATO,17,IRAPUATO,1160,C02,78,28,2,1,2,23,20,0,0,,155,9,164,501,,,,,,,,,,,,,,,,,,,,,
11,GUANAJUATO,11,IRAPUATO,17,IRAPUATO,1161,B,67,30,4,4,3,3,56,2,1,,172,7,179,587,,,,,,,,,,,,,,,,,,,,,
11,GUANAJUATO,11,IRAPUATO,17,IRAPUATO,1161,C01,73,17,1,3,1,8,55,1,1,,164,3,167,586,,,,,,,,,,,,,,,,,,,,,
11,GUANAJUATO,11,IRAPUATO,17,IRAPUATO,1161,C02,83,14,2,4,3,2,65,1,0,,175,1,176,586,,,,,,,,,,,,,,,,,,,,,
11,GUANAJUATO,11,IRAPUATO,17,IRAPUATO,1164,B,137,19,2,3,2,6,71,1,2,,249,2,251,728,,,,,,,,,,,,,,,,,,,,,
11,GUANAJUATO,11,IRAPUATO,17,IRAPUATO,1164,C01,100,8,1,6,3,3,81,3,2,,210,2,212,728,,,,,,,,,,,,,,,,,,,,,
11,GUANAJUATO,11,IRAPUATO,17,IRAPUATO,1164,C02,106,32,2,1,0,10,77,2,6,,240,4,244,728,,,,,,,,,,,,,,,,,,,,,
11,GUANAJUATO,11,IRAPUATO,17,IRAPUATO,1164,C03,128,16,5,1,6,10,88,1,2,,260,4,265,727,,,,,,,,,,,,,,,,,,,,,
11,GUANAJUATO,11,IRAPUATO,17,IRAPUATO,1165,B,76,30,2,2,0,11,60,0,0,,186,3,189,698,,,,,,,,,,,,,,,,,,,,,
11,GUANAJUATO,11,IRAPUATO,17,IRAPUATO,1165,C01,94,25,3,6,0,18,39,0,1,,189,3,192,698,,,,,,,,,,,,,,,,,,,,,
11,GUANAJUATO,11,IRAPUATO,17,IRAPUATO,1165,C02,83,34,3,5,1,15,49,0,0,,193,2,195,697,,,,,,,,,,,,,,,,,,,,,
11,GUANAJUATO,11,IRAPUATO,17,IRAPUATO,1165,C03,105,35,4,0,0,17,56,4,0,,223,3,226,697,,,,,,,,,,,,,,,,,,,,,
11,GUANAJUATO,11,IRAPUATO,17,IRAPUATO,1171,B,97,33,1,0,6,4,49,3,0,,198,4,202,559,,,,,,,,,,,,,,,,,,,,,
11,GUANAJUATO,11,IRAPUATO,17,IRAPUATO,1171,C01,86,41,6,1,3,7,43,4,2,,196,6,202,558,,,,,,,,,,,,,,,,,,,,,
11,GUANAJUATO,11,IRAPUATO,17,IRAPUATO,1172,B,118,15,3,1,4,2,53,7,1,,205,4,209,715,,,,,,,,,,,,,,,,,,,,,
11,GUANAJUATO,11,IRAPUATO,17,IRAPUATO,1172,C01,129,27,1,4,1,3,45,6,0,,224,7,231,714,,,,,,,,,,,,,,,,,,,,,
11,GUANAJUATO,11,IRAPUATO,17,IRAPUATO,1172,C02,117,27,2,3,2,4,37,4,0,,204,5,209,714,,,,,,,,,,,,,,,,,,,,,
11,GUANAJUATO,11,IRAPUATO,17,IRAPUATO,1173,B,151,31,6,2,3,6,55,2,6,,264,5,269,729,,,,,,,,,,,,,,,,,,,,,
11,GUANAJUATO,11,IRAPUATO,17,IRAPUATO,1173,C01,170,16,2,4,1,4,51,5,5,,260,8,268,729,,,,,,,,,,,,,,,,,,,,,
11,GUANAJUATO,11,IRAPUATO,17,IRAPUATO,1174,B,143,25,2,2,3,1,109,1,1,,294,6,300,674,,,,,,,,,,,,,,,,,,,,,
11,GUANAJUATO,11,IRAPUATO,17,IRAPUATO,1174,C01,106,13,2,1,1,2,73,1,2,,205,6,211,674,,,,,,,,,,,,,,,,,,,,,
11,GUANAJUATO,11,IRAPUATO,17,IRAPUATO,1174,C02,123,27,2,2,1,3,74,0,1,,242,2,244,673,,,,,,,,,,,,,,,,,,,,,
11,GUANAJUATO,11,IRAPUATO,17,IRAPUATO,1175,B,75,7,1,3,2,1,38,0,1,,138,6,144,625,,,,,,,,,,,,,,,,,,,,,
11,GUANAJUATO,11,IRAPUATO,17,IRAPUATO,1175,C01,77,6,2,3,1,0,54,1,0,,149,3,152,624,,,,,,,,,,,,,,,,,,,,,
11,GUANAJUATO,12,IRAPUATO,17,IRAPUATO,966,B,46,12,2,3,0,5,59,2,0,,158,3,161,721,,,,,,,,,,,,,,,,,,,,,
11,GUANAJUATO,12,IRAPUATO,17,IRAPUATO,966,C01,69,7,1,1,1,1,61,1,3,,182,7,189,720,,,,,,,,,,,,,,,,,,,,,
11,GUANAJUATO,12,IRAPUATO,17,IRAPUATO,966,C02,53,8,2,0,2,2,60,2,2,,169,6,175,720,,,,,,,,,,,,,,,,,,,,,
11,GUANAJUATO,12,IRAPUATO,17,IRAPUATO,966,C03,50,9,2,1,3,5,60,2,0,,169,7,176,720,,,,,,,,,,,,,,,,,,,,,
11,GUANAJUATO,12,IRAPUATO,17,IRAPUATO,966,C04,43,7,2,5,1,0,65,3,1,,158,2,160,720,,,,,,,,,,,,,,,,,,,,,
11,GUANAJUATO,12,IRAPUATO,17,IRAPUATO,966,C05,54,12,3,3,1,5,60,0,1,,169,5,174,720,,,,,,,,,,,,,,,,,,,,,
11,GUANAJUATO,12,IRAPUATO,17,IRAPUATO,966,C06,50,4,0,4,1,4,57,2,1,,153,7,160,720,,,,,,,,,,,,,,,,,,,,,
11,GUANAJUATO,12,IRAPUATO,17,IRAPUATO,966,C07,42,12,2,3,2,3,67,1,0,,165,3,168,720,,,,,,,,,,,,,,,,,,,,,
11,GUANAJUATO,12,IRAPUATO,17,IRAPUATO,966,C08,43,20,3,2,0,1,57,0,2,,169,5,174,720,,,,,,,,,,,,,,,,,,,,,
11,GUANAJUATO,12,IRAPUATO,17,IRAPUATO,966,C09,47,4,3,3,0,3,71,3,1,,165,3,168,720,,,,,,,,,,,,,,,,,,,,,
11,GUANAJUATO,12,IRAPUATO,17,IRAPUATO,966,C10,52,12,3,6,2,6,47,0,0,,164,2,166,720,,,,,,,,,,,,,,,,,,,,,
11,GUANAJUATO,12,IRAPUATO,17,IRAPUATO,966,C11,50,6,2,3,1,2,47,0,3,,143,5,148,720,,,,,,,,,,,,,,,,,,,,,
11,GUANAJUATO,12,IRAPUATO,17,IRAPUATO,966,C12,50,13,3,2,0,5,59,0,2,,155,5,160,720,,,,,,,,,,,,,,,,,,,,,
11,GUANAJUATO,12,IRAPUATO,17,IRAPUATO,967,B,55,17,6,3,5,4,57,3,7,,192,6,198,679,,,,,,,,,,,,,,,,,,,,,
11,GUANAJUATO,12,IRAPUATO,17,IRAPUATO,967,C01,45,9,6,5,1,4,75,0,3,,176,2,178,679,,,,,,,,,,,,,,,,,,,,,
11,GUANAJUATO,12,IRAPUATO,17,IRAPUATO,967,S01,20,2,2,0,0,1,13,1,1,,47,1,48,0,,,,,,,,,,,,,,,,,,,,,
11,GUANAJUATO,12,IRAPUATO,17,IRAPUATO,967,C02,56,20,4,2,0,6,73,0,5,,196,6,202,679,,,,,,,,,,,,,,,,,,,,,
11,GUANAJUATO,12,IRAPUATO,17,IRAPUATO,967,C03,45,16,7,3,1,1,79,1,5,,182,11,193,679,,,,,,,,,,,,,,,,,,,,,
11,GUANAJUATO,12,IRAPUATO,17,IRAPUATO,967,C04,78,70,2,0,0,2,58,0,5,,242,3,247,679,,,,,,,,,,,,,,,,,,,,,
11,GUANAJUATO,12,IRAPUATO,17,IRAPUATO,967,C05,64,16,6,1,1,6,65,1,4,,189,7,196,679,,,,,,,,,,,,,,,,,,,,,
11,GUANAJUATO,12,IRAPUATO,17,IRAPUATO,967,C06,78,8,1,3,3,6,56,2,1,,196,3,199,678,,,,,,,,,,,,,,,,,,,,,
11,GUANAJUATO,12,IRAPUATO,17,IRAPUATO,967,C07,74,17,1,2,1,4,64,1,5,,206,4,210,678,,,,,,,,,,,,,,,,,,,,,
11,GUANAJUATO,12,IRAPUATO,17,IRAPUATO,968,B,52,5,5,6,1,2,36,3,0,,118,4,122,585,,,,,,,,,,,,,,,,,,,,,
11,GUANAJUATO,12,IRAPUATO,17,IRAPUATO,970,B,79,21,4,4,2,6,94,1,2,,223,3,226,503,,,,,,,,,,,,,,,,,,,,,
11,GUANAJUATO,12,IRAPUATO,17,IRAPUATO,979,B,57,13,2,6,4,3,81,0,0,,191,7,198,502,,,,,,,,,,,,,,,,,,,,,
11,GUANAJUATO,12,IRAPUATO,17,IRAPUATO,979,C01,85,14,5,2,4,4,75,2,0,,213,0,213,501,,,,,,,,,,,,,,,,,,,,,
11,GUANAJUATO,12,IRAPUATO,17,IRAPUATO,980,B,70,14,5,6,4,8,48,0,1,,173,8,181,695,,,,,,,,,,,,,,,,,,,,,
11,GUANAJUATO,12,IRAPUATO,17,IRAPUATO,980,C01,57,11,1,0,4,5,60,1,5,,174,1,175,695,,,,,,,,,,,,,,,,,,,,,
11,GUANAJUATO,12,IRAPUATO,17,IRAPUATO,980,C02,80,14,4,3,1,4,66,1,1,,195,2,197,695,,,,,,,,,,,,,,,,,,,,,
11,GUANAJUATO,12,IRAPUATO,17,IRAPUATO,980,C03,96,11,4,1,5,1,52,0,1,,194,0,194,695,,,,,,,,,,,,,,,,,,,,,
11,GUANAJUATO,12,IRAPUATO,17,IRAPUATO,980,C04,63,12,5,2,2,5,65,0,1,,168,3,171,695,,,,,,,,,,,,,,,,,,,,,
11,GUANAJUATO,12,IRAPUATO,17,IRAPUATO,980,C05,95,6,3,2,2,4,52,0,0,,188,11,199,695,,,,,,,,,,,,,,,,,,,,,
11,GUANAJUATO,12,IRAPUATO,17,IRAPUATO,980,C06,100,9,2,2,0,5,53,0,2,,197,8,205,695,,,,,,,,,,,,,,,,,,,,,
11,GUANAJUATO,12,IRAPUATO,17,IRAPUATO,980,C07,95,11,5,2,2,1,53,0,2,,171,2,173,695,,,,,,,,,,,,,,,,,,,,,
11,GUANAJUATO,12,IRAPUATO,17,IRAPUATO,980,C08,83,13,2,1,2,6,67,0,0,,193,2,195,695,,,,,,,,,,,,,,,,,,,,,
11,GUANAJUATO,12,IRAPUATO,17,IRAPUATO,980,C09,77,11,4,2,2,7,51,0,2,,190,6,196,694,,,,,,,,,,,,,,,,,,,,,
11,GUANAJUATO,12,IRAPUATO,17,IRAPUATO,980,C10,68,7,2,1,2,5,72,1,1,,180,2,182,694,,,,,,,,,,,,,,,,,,,,,
11,GUANAJUATO,12,IRAPUATO,17,IRAPUATO,980,C11,79,15,6,2,3,6,58,2,4,,188,3,191,694,,,,,,,,,,,,,,,,,,,,,
11,GUANAJUATO,12,IRAPUATO,17,IRAPUATO,981,B,29,9,2,1,1,2,73,0,0,,140,6,146,451,,,,,,,,,,,,,,,,,,,,,
11,GUANAJUATO,12,IRAPUATO,17,IRAPUATO,981,C01,46,7,5,2,4,3,65,0,1,,155,1,156,451,,,,,,,,,,,,,,,,,,,,,
11,GUANAJUATO,12,IRAPUATO,17,IRAPUATO,982,B,89,9,5,1,0,11,46,0,1,,179,0,179,418,,,,,,,,,,,,,,,,,,,,,
11,GUANAJUATO,12,IRAPUATO,17,IRAPUATO,982,C01,86,12,2,0,2,5,46,1,1,,174,2,176,418,,,,,,,,,,,,,,,,,,,,,
11,GUANAJUATO,12,IRAPUATO,17,IRAPUATO,982,S01,58,9,0,5,0,10,57,0,3,,154,1,155,0,,,,,,,,,,,,,,,,,,,,,
11,GUANAJUATO,12,IRAPUATO,17,IRAPUATO,983,B,102,20,2,0,2,11,50,1,1,,214,3,218,398,,,,,,,,,,,,,,,,,,,,,
11,GUANAJUATO,12,IRAPUATO,17,IRAPUATO,983,C01,105,12,2,2,1,8,42,0,1,,196,3,199,398,,,,,,,,,,,,,,,,,,,,,
11,GUANAJUATO,12,IRAPUATO,17,IRAPUATO,984,B,130,31,6,7,3,12,105,0,0,,347,10,357,734,,,,,,,,,,,,,,,,,,,,,
11,GUANAJUATO,12,IRAPUATO,17,IRAPUATO,986,B,145,10,4,4,2,5,91,0,3,,284,6,290,484,,,,,,,,,,,,,,,,,,,,,
11,GUANAJUATO,12,IRAPUATO,17,IRAPUATO,988,B,272,22,3,4,0,14,71,0,0,,398,4,402,552,,,,,,,,,,,,,,,,,,,,,
11,GUANAJUATO,12,IRAPUATO,17,IRAPUATO,989,B,166,19,1,4,2,12,38,1,4,,258,2,260,409,,,,,,,,,,,,,,,,,,,,,
11,GUANAJUATO,12,IRAPUATO,17,IRAPUATO,989,C01,164,12,1,3,1,10,49,1,0,,251,6,259,409,,,,,,,,,,,,,,,,,,,,,
11,GUANAJUATO,12,IRAPUATO,17,IRAPUATO,990,B,113,17,5,5,3,7,101,2,2,,286,3,289,597,,,,,,,,,,,,,,,,,,,,,
11,GUANAJUATO,12,IRAPUATO,17,IRAPUATO,991,B,151,22,10,0,1,4,77,0,5,,316,9,325,719,,,,,,,,,,,,,,,,,,,,,
11,GUANAJUATO,12,IRAPUATO,17,IRAPUATO,992,B,111,14,5,2,0,6,56,1,3,,220,4,224,397,,,,,,,,,,,,,,,,,,,,,
11,GUANAJUATO,12,IRAPUATO,17,IRAPUATO,992,C01,124,17,0,3,0,7,41,1,0,,209,3,212,397,,,,,,,,,,,,,,,,,,,,,
11,GUANAJUATO,12,IRAPUATO,17,IRAPUATO,993,B,126,20,3,1,1,8,32,1,1,,218,5,224,480,,,,,,,,,,,,,,,,,,,,,
11,GUANAJUATO,12,IRAPUATO,17,IRAPUATO,993,C01,247,14,0,1,2,3,50,0,0,,318,3,321,479,,,,,,,,,,,,,,,,,,,,,
11,GUANAJUATO,12,IRAPUATO,17,IRAPUATO,994,B,82,21,2,4,2,7,61,0,1,,221,7,228,562,,,,,,,,,,,,,,,,,,,,,
11,GUANAJUATO,12,IRAPUATO,17,IRAPUATO,994,C01,98,15,1,2,1,7,66,1,1,,244,5,249,561,,,,,,,,,,,,,,,,,,,,,
11,GUANAJUATO,12,IRAPUATO,17,IRAPUATO,995,B,71,10,4,4,0,6,85,5,3,,206,4,210,425,,,,,,,,,,,,,,,,,,,,,
11,GUANAJUATO,12,IRAPUATO,17,IRAPUATO,995,C01,76,16,2,4,2,3,61,0,0,,188,5,193,424,,,,,,,,,,,,,,,,,,,,,
11,GUANAJUATO,12,IRAPUATO,17,IRAPUATO,996,B,112,21,13,2,0,8,39,0,0,,206,4,210,446,,,,,,,,,,,,,,,,,,,,,
11,GUANAJUATO,12,IRAPUATO,17,IRAPUATO,997,B,69,9,5,3,1,7,65,0,4,,181,2,183,539,,,,,,,,,,,,,,,,,,,,,
11,GUANAJUATO,12,IRAPUATO,17,IRAPUATO,997,C01,80,9,7,6,3,10,74,1,6,,217,2,219,538,,,,,,,,,,,,,,,,,,,,,
11,GUANAJUATO,12,IRAPUATO,17,IRAPUATO,998,B,37,10,2,1,0,2,42,3,2,,152,7,159,496,,,,,,,,,,,,,,,,,,,,,
11,GUANAJUATO,12,IRAPUATO,17,IRAPUATO,998,C01,29,9,1,2,1,1,43,3,2,,168,6,174,495,,,,,,,,,,,,,,,,,,,,,
11,GUANAJUATO,12,IRAPUATO,17,IRAPUATO,999,B,46,8,2,1,2,1,52,0,0,,236,5,241,695,,,,,,,,,,,,,,,,,,,,,
11,GUANAJUATO,12,IRAPUATO,17,IRAPUATO,999,C01,57,11,4,1,1,4,46,1,1,,250,8,258,694,,,,,,,,,,,,,,,,,,,,,
11,GUANAJUATO,12,IRAPUATO,17,IRAPUATO,1000,B,99,19,12,3,4,7,93,0,4,,274,7,281,730,,,,,,,,,,,,,,,,,,,,,
11,GUANAJUATO,12,IRAPUATO,17,IRAPUATO,1000,C01,94,19,5,3,2,8,80,4,3,,254,7,261,729,,,,,,,,,,,,,,,,,,,,,
11,GUANAJUATO,12,IRAPUATO,17,IRAPUATO,1000,C02,108,15,7,6,2,8,89,0,4,,272,9,281,729,,,,,,,,,,,,,,,,,,,,,
11,GUANAJUATO,12,IRAPUATO,17,IRAPUATO,1000,C03,101,15,11,3,1,7,92,1,3,,286,5,292,729,,,,,,,,,,,,,,,,,,,,,
11,GUANAJUATO,12,IRAPUATO,17,IRAPUATO,1000,C04,72,15,5,2,1,2,89,1,3,,220,1,221,729,,,,,,,,,,,,,,,,,,,,,
11,GUANAJUATO,12,IRAPUATO,17,IRAPUATO,1000,C05,93,15,5,2,8,7,85,1,3,,255,2,257,729,,,,,,,,,,,,,,,,,,,,,
11,GUANAJUATO,12,IRAPUATO,17,IRAPUATO,1001,B,107,12,7,3,3,6,49,0,0,,212,0,212,449,,,,,,,,,,,,,,,,,,,,,
11,GUANAJUATO,12,IRAPUATO,17,IRAPUATO,1002,B,124,15,4,2,0,10,43,0,1,,211,3,214,448,,,,,,,,,,,,,,,,,,,,,
11,GUANAJUATO,12,IRAPUATO,17,IRAPUATO,1003,B,118,26,2,5,3,14,49,1,3,,237,6,244,469,,,,,,,,,,,,,,,,,,,,,
11,GUANAJUATO,12,IRAPUATO,17,IRAPUATO,1004,B,126,19,6,2,1,15,90,3,13,,299,2,301,583,,,,,,,,,,,,,,,,,,,,,
11,GUANAJUATO,12,IRAPUATO,17,IRAPUATO,1005,B,79,14,5,1,2,6,63,0,2,,192,3,195,446,,,,,,,,,,,,,,,,,,,,,
11,GUANAJUATO,12,IRAPUATO,17,IRAPUATO,1005,C01,77,6,0,2,2,3,73,1,2,,185,6,191,445,,,,,,,,,,,,,,,,,,,,,
11,GUANAJUATO,12,IRAPUATO,17,IRAPUATO,1009,B,93,16,4,2,0,11,66,0,1,,217,4,221,450,,,,,,,,,,,,,,,,,,,,,
11,GUANAJUATO,12,IRAPUATO,17,IRAPUATO,1009,C01,72,8,3,2,4,12,69,0,2,,200,2,202,450,,,,,,,,,,,,,,,,,,,,,
11,GUANAJUATO,12,IRAPUATO,17,IRAPUATO,1010,B,116,15,3,3,1,12,60,1,1,,258,6,264,487,,,,,,,,,,,,,,,,,,,,,
11,GUANAJUATO,12,IRAPUATO,17,IRAPUATO,1010,C01,125,10,6,0,3,7,70,1,2,,258,3,263,486,,,,,,,,,,,,,,,,,,,,,
11,GUANAJUATO,12,IRAPUATO,17,IRAPUATO,1011,B,198,27,15,2,4,11,80,3,1,,345,4,349,592,,,,,,,,,,,,,,,,,,,,,
11,GUANAJUATO,12,IRAPUATO,17,IRAPUATO,1012,B,177,27,6,3,5,11,101,0,4,,400,7,407,740,,,,,,,,,,,,,,,,,,,,,
11,GUANAJUATO,12,IRAPUATO,17,IRAPUATO,1013,B,63,12,5,2,1,8,57,2,1,,167,10,177,376,,,,,,,,,,,,,,,,,,,,,
11,GUANAJUATO,12,IRAPUATO,17,IRAPUATO,1013,C01,59,17,4,5,4,5,40,3,2,,163,5,168,375,,,,,,,,,,,,,,,,,,,,,
11,GUANAJUATO,12,IRAPUATO,17,IRAPUATO,1014,B,112,19,7,6,3,13,101,1,3,,299,7,306,703,,,,,,,,,,,,,,,,,,,,,
11,GUANAJUATO,12,IRAPUATO,17,IRAPUATO,1015,B,158,23,8,10,2,3,92,2,1,,319,9,330,670,,,,,,,,,,,,,,,,,,,,,
11,GUANAJUATO,12,IRAPUATO,17,IRAPUATO,1016,B,130,20,4,5,1,11,85,0,0,,280,2,282,568,,,,,,,,,,,,,,,,,,,,,
11,GUANAJUATO,12,IRAPUATO,17,IRAPUATO,1017,B,88,19,6,3,1,8,69,0,2,,209,7,217,392,,,,,,,,,,,,,,,,,,,,,
11,GUANAJUATO,12,IRAPUATO,17,IRAPUATO,1017,C01,84,13,3,4,0,5,62,0,1,,192,5,197,392,,,,,,,,,,,,,,,,,,,,,
11,GUANAJUATO,12,IRAPUATO,17,IRAPUATO,1018,B,162,17,6,3,1,15,101,3,4,,350,5,356,734,,,,,,,,,,,,,,,,,,,,,
11,GUANAJUATO,12,IRAPUATO,17,IRAPUATO,1019,B,108,11,2,2,0,4,57,2,1,,198,11,209,436,,,,,,,,,,,,,,,,,,,,,
11,GUANAJUATO,12,IRAPUATO,17,IRAPUATO,1019,C01,125,22,1,3,1,7,50,1,0,,225,1,226,436,,,,,,,,,,,,,,,,,,,,,
11,GUANAJUATO,12,IRAPUATO,17,IRAPUATO,1020,B,122,28,6,1,2,8,89,4,1,,295,8,303,700,,,,,,,,,,,,,,,,,,,,,
11,GUANAJUATO,12,IRAPUATO,17,IRAPUATO,1021,B,86,19,3,1,2,9,50,1,3,,193,4,197,460,,,,,,,,,,,,,,,,,,,,,
11,GUANAJUATO,12,IRAPUATO,17,IRAPUATO,1021,C01,109,17,1,6,2,5,55,2,0,,220,5,225,459,,,,,,,,,,,,,,,,,,,,,
11,GUANAJUATO,12,IRAPUATO,17,IRAPUATO,1022,B,79,13,1,2,3,6,45,1,2,,185,11,196,412,,,,,,,,,,,,,,,,,,,,,
11,GUANAJUATO,12,IRAPUATO,17,IRAPUATO,1022,C01,86,14,4,2,2,2,54,1,0,,193,5,198,412,,,,,,,,,,,,,,,,,,,,,
11,GUANAJUATO,12,IRAPUATO,17,IRAPUATO,1023,B,101,20,6,1,2,15,94,0,2,,299,7,306,632,,,,,,,,,,,,,,,,,,,,,
11,GUANAJUATO,12,IRAPUATO,17,IRAPUATO,1024,B,101,11,2,9,4,1,70,1,1,,208,2,210,487,,,,,,,,,,,,,,,,,,,,,
11,GUANAJUATO,12,IRAPUATO,17,IRAPUATO,1024,C01,86,25,2,6,3,7,69,0,3,,220,4,224,487,,,,,,,,,,,,,,,,,,,,,
11,GUANAJUATO,12,IRAPUATO,17,IRAPUATO,1025,B,65,16,7,0,2,2,109,0,0,,221,3,225,644,,,,,,,,,,,,,,,,,,,,,
11,GUANAJUATO,12,IRAPUATO,17,IRAPUATO,1025,C01,65,15,4,6,2,7,85,5,0,,211,0,211,644,,,,,,,,,,,,,,,,,,,,,
11,GUANAJUATO,12,IRAPUATO,17,IRAPUATO,1026,B,71,14,9,2,3,4,82,3,2,,207,3,210,667,,,,,,,,,,,,,,,,,,,,,
11,GUANAJUATO,12,IRAPUATO,17,IRAPUATO,1026,C01,60,13,7,4,2,6,81,2,5,,200,8,208,666,,,,,,,,,,,,,,,,,,,,,
11,GUANAJUATO,12,IRAPUATO,17,IRAPUATO,1027,B,146,21,16,6,2,9,86,1,3,,314,7,321,669,,,,,,,,,,,,,,,,,,,,,
11,GUANAJUATO,12,IRAPUATO,17,IRAPUATO,1027,C01,141,21,7,6,3,7,92,3,2,,315,4,319,669,,,,,,,,,,,,,,,,,,,,,
11,GUANAJUATO,12,IRAPUATO,17,IRAPUATO,1028,B,57,8,3,5,0,4,45,2,2,,194,5,199,614,,,,,,,,,,,,,,,,,,,,,
11,GUANAJUATO,12,IRAPUATO,17,IRAPUATO,1028,C01,55,11,0,0,1,2,62,1,2,,211,6,217,614,,,,,,,,,,,,,,,,,,,,,
11,GUANAJUATO,12,IRAPUATO,17,IRAPUATO,1028,C02,50,10,0,2,1,1,49,0,1,,196,5,201,613,,,,,,,,,,,,,,,,,,,,,
11,GUANAJUATO,12,IRAPUATO,17,IRAPUATO,1029,B,133,20,2,4,1,11,67,2,3,,267,7,274,587,,,,,,,,,,,,,,,,,,,,,
11,GUANAJUATO,12,IRAPUATO,17,IRAPUATO,1029,C01,118,20,3,7,1,6,71,1,1,,253,4,257,587,,,,,,,,,,,,,,,,,,,,,
11,GUANAJUATO,12,IRAPUATO,17,IRAPUATO,1030,B,116,14,7,3,1,10,59,2,2,,227,6,233,503,,,,,,,,,,,,,,,,,,,,,
11,GUANAJUATO,12,IRAPUATO,17,IRAPUATO,1031,B,99,13,6,0,0,6,77,0,0,,237,5,242,533,,,,,,,,,,,,,,,,,,,,,
11,GUANAJUATO,12,IRAPUATO,17,IRAPUATO,1032,B,217,21,3,4,2,9,83,1,4,,345,6,351,718,,,,,,,,,,,,,,,,,,,,,
11,GUANAJUATO,12,IRAPUATO,17,IRAPUATO,1033,B,122,17,3,4,1,6,60,1,1,,235,4,239,425,,,,,,,,,,,,,,,,,,,,,
11,GUANAJUATO,12,IRAPUATO,17,IRAPUATO,1034,B,109,17,0,3,2,5,71,0,3,,227,4,231,545,,,,,,,,,,,,,,,,,,,,,
11,GUANAJUATO,12,IRAPUATO,17,IRAPUATO,1034,C01,98,17,2,3,1,8,109,0,1,,248,4,252,544,,,,,,,,,,,,,,,,,,,,,
11,GUANAJUATO,12,IRAPUATO,17,IRAPUATO,1035,B,115,15,2,6,1,4,74,2,0,,236,11,247,585,,,,,,,,,,,,,,,,,,,,,
11,GUANAJUATO,12,IRAPUATO,17,IRAPUATO,1035,C01,91,23,1,5,1,15,72,0,1,,225,3,228,585,,,,,,,,,,,,,,,,,,,,,
11,GUANAJUATO,12,IRAPUATO,17,IRAPUATO,1038,B,147,33,7,7,0,12,115,1,6,,363,6,369,742,,,,,,,,,,,,,,,,,,,,,
11,GUANAJUATO,12,IRAPUATO,17,IRAPUATO,1038,C01,160,29,4,7,1,14,104,3,1,,367,3,371,742,,,,,,,,,,,,,,,,,,,,,
11,GUANAJUATO,12,IRAPUATO,17,IRAPUATO,1038,C02,139,16,7,1,3,10,98,2,4,,329,6,335,741,,,,,,,,,,,,,,,,,,,,,
11,GUANAJUATO,12,IRAPUATO,17,IRAPUATO,1039,B,123,21,4,3,2,2,73,1,2,,257,7,264,608,,,,,,,,,,,,,,,,,,,,,
11,GUANAJUATO,12,IRAPUATO,17,IRAPUATO,1039,C01,133,22,5,2,0,12,45,3,2,,248,8,256,607,,,,,,,,,,,,,,,,,,,,,
11,GUANAJUATO,12,IRAPUATO,17,IRAPUATO,1040,B,111,13,2,13,0,6,70,1,2,,260,10,270,673,,,,,,,,,,,,,,,,,,,,,
11,GUANAJUATO,12,IRAPUATO,17,IRAPUATO,1040,C01,128,14,4,6,3,5,109,0,1,,290,11,301,672,,,,,,,,,,,,,,,,,,,,,
11,GUANAJUATO,12,IRAPUATO,17,IRAPUATO,1041,B,129,18,4,3,4,8,81,2,5,,276,5,281,569,,,,,,,,,,,,,,,,,,,,,
11,GUANAJUATO,12,IRAPUATO,17,IRAPUATO,1041,C01,124,20,5,1,4,11,76,1,1,,265,5,270,568,,,,,,,,,,,,,,,,,,,,,
11,GUANAJUATO,12,IRAPUATO,17,IRAPUATO,1042,B,179,23,5,4,1,8,116,1,4,,370,0,370,695,,,,,,,,,,,,,,,,,,,,,
11,GUANAJUATO,12,IRAPUATO,17,IRAPUATO,1043,B,102,22,2,3,0,8,71,0,3,,234,7,241,537,,,,,,,,,,,,,,,,,,,,,
11,GUANAJUATO,12,IRAPUATO,17,IRAPUATO,1044,B,114,19,0,1,2,12,79,1,5,,255,5,260,476,,,,,,,,,,,,,,,,,,,,,
11,GUANAJUATO,12,IRAPUATO,17,IRAPUATO,1044,C01,98,12,6,3,2,9,69,1,0,,221,4,225,475,,,,,,,,,,,,,,,,,,,,,
11,GUANAJUATO,12,IRAPUATO,17,IRAPUATO,1045,B,127,15,4,2,1,10,57,0,1,,230,4,234,380,,,,,,,,,,,,,,,,,,,,,
11,GUANAJUATO,12,IRAPUATO,17,IRAPUATO,1045,C01,106,12,0,6,3,3,55,1,1,,204,4,208,380,,,,,,,,,,,,,,,,,,,,,
11,GUANAJUATO,12,IRAPUATO,17,IRAPUATO,1046,B,54,9,2,3,3,5,78,4,1,,175,6,181,484,,,,,,,,,,,,,,,,,,,,,
11,GUANAJUATO,12,IRAPUATO,17,IRAPUATO,1046,C01,76,22,5,4,1,11,70,1,0,,213,1,215,483,,,,,,,,,,,,,,,,,,,,,
11,GUANAJUATO,12,IRAPUATO,17,IRAPUATO,1047,B,88,15,1,2,0,8,57,0,3,,191,8,199,433,,,,,,,,,,,,,,,,,,,,,
11,GUANAJUATO,12,IRAPUATO,17,IRAPUATO,1047,C01,91,18,2,11,2,5,63,2,4,,213,2,215,433,,,,,,,,,,,,,,,,,,,,,
11,GUANAJUATO,12,IRAPUATO,17,IRAPUATO,1048,B,132,32,6,7,1,5,100,1,3,,316,1,317,701,,,,,,,,,,,,,,,,,,,,,
11,GUANAJUATO,12,IRAPUATO,17,IRAPUATO,1049,B,88,7,0,2,0,4,59,1,1,,186,5,191,400,,,,,,,,,,,,,,,,,,,,,
11,GUANAJUATO,12,IRAPUATO,17,IRAPUATO,1049,C01,102,15,1,6,1,4,41,0,1,,186,3,190,400,,,,,,,,,,,,,,,,,,,,,
11,GUANAJUATO,12,IRAPUATO,17,IRAPUATO,1050,B,96,20,6,4,1,8,81,2,2,,239,5,245,479,,,,,,,,,,,,,,,,,,,,,
11,GUANAJUATO,12,IRAPUATO,17,IRAPUATO,1050,C01,105,20,3,2,0,7,92,1,3,,249,1,250,479,,,,,,,,,,,,,,,,,,,,,
11,GUANAJUATO,12,IRAPUATO,17,IRAPUATO,1051,B,101,8,2,4,0,6,86,4,3,,234,10,244,510,,,,,,,,,,,,,,,,,,,,,
11,GUANAJUATO,12,IRAPUATO,17,IRAPUATO,1051,C01,110,11,2,4,0,5,96,1,1,,252,8,260,510,,,,,,,,,,,,,,,,,,,,,
11,GUANAJUATO,12,IRAPUATO,17,IRAPUATO,1051,C02,93,9,1,5,1,13,81,1,1,,220,6,226,510,,,,,,,,,,,,,,,,,,,,,
11,GUANAJUATO,12,IRAPUATO,17,IRAPUATO,1052,B,127,28,3,10,1,6,88,3,4,,298,13,311,697,,,,,,,,,,,,,,,,,,,,,
11,GUANAJUATO,12,IRAPUATO,17,IRAPUATO,1052,C01,133,22,4,3,2,11,104,2,4,,324,5,329,697,,,,,,,,,,,,,,,,,,,,,
11,GUANAJUATO,12,IRAPUATO,17,IRAPUATO,1053,B,110,21,9,6,3,11,84,2,1,,268,3,271,560,,,,,,,,,,,,,,,,,,,,,
11,GUANAJUATO,12,IRAPUATO,17,IRAPUATO,1053,C01,115,13,7,3,1,6,71,1,1,,238,4,243,560,,,,,,,,,,,,,,,,,,,,,
11,GUANAJUATO,12,IRAPUATO,17,IRAPUATO,1054,B,111,23,5,3,3,4,76,0,2,,249,9,258,552,,,,,,,,,,,,,,,,,,,,,
11,GUANAJUATO,12,IRAPUATO,17,IRAPUATO,1054,C01,88,20,4,6,3,9,91,1,4,,244,3,247,551,,,,,,,,,,,,,,,,,,,,,
11,GUANAJUATO,12,IRAPUATO,17,IRAPUATO,1055,B,99,17,3,5,2,3,66,4,2,,217,4,221,434,,,,,,,,,,,,,,,,,,,,,
11,GUANAJUATO,12,IRAPUATO,17,IRAPUATO,1055,C01,80,19,5,5,2,6,66,1,1,,206,0,206,434,,,,,,,,,,,,,,,,,,,,,
11,GUANAJUATO,12,IRAPUATO,17,IRAPUATO,1056,B,113,16,2,2,1,9,78,3,2,,244,4,248,524,,,,,,,,,,,,,,,,,,,,,
11,GUANAJUATO,12,IRAPUATO,17,IRAPUATO,1056,C01,96,15,5,5,2,4,90,0,2,,233,5,238,524,,,,,,,,,,,,,,,,,,,,,
11,GUANAJUATO,12,IRAPUATO,17,IRAPUATO,1057,B,87,9,1,2,2,5,91,3,4,,224,9,233,607,,,,,,,,,,,,,,,,,,,,,
11,GUANAJUATO,12,IRAPUATO,17,IRAPUATO,1057,C01,69,12,1,2,2,3,102,1,1,,222,9,231,606,,,,,,,,,,,,,,,,,,,,,
11,GUANAJUATO,12,IRAPUATO,17,IRAPUATO,1058,B,122,19,5,3,0,11,86,0,2,,278,10,288,653,,,,,,,,,,,,,,,,,,,,,
11,GUANAJUATO,12,IRAPUATO,17,IRAPUATO,1058,C01,118,18,3,6,4,4,91,2,1,,277,2,279,652,,,,,,,,,,,,,,,,,,,,,
11,GUANAJUATO,12,IRAPUATO,17,IRAPUATO,1059,B,108,22,5,6,0,10,89,1,1,,269,6,275,713,,,,,,,,,,,,,,,,,,,,,
11,GUANAJUATO,12,IRAPUATO,17,IRAPUATO,1059,C01,108,21,3,5,1,5,80,1,2,,251,7,258,713,,,,,,,,,,,,,,,,,,,,,
11,GUANAJUATO,12,IRAPUATO,17,IRAPUATO,1059,C02,103,16,1,6,0,5,95,1,1,,270,6,276,712,,,,,,,,,,,,,,,,,,,,,
11,GUANAJUATO,12,IRAPUATO,17,IRAPUATO,1059,C03,103,22,5,3,0,4,87,0,3,,254,3,257,712,,,,,,,,,,,,,,,,,,,,,
11,GUANAJUATO,12,IRAPUATO,17,IRAPUATO,1059,C04,116,17,6,5,2,10,70,1,1,,258,5,264,712,,,,,,,,,,,,,,,,,,,,,
11,GUANAJUATO,12,IRAPUATO,17,IRAPUATO,1059,C05,98,12,7,3,4,2,76,1,1,,229,4,233,712,,,,,,,,,,,,,,,,,,,,,
11,GUANAJUATO,12,IRAPUATO,17,IRAPUATO,1059,C06,86,21,9,3,2,5,90,2,2,,254,2,256,712,,,,,,,,,,,,,,,,,,,,,
11,GUANAJUATO,12,IRAPUATO,17,IRAPUATO,1059,C07,123,26,2,6,1,6,93,4,1,,293,2,295,712,,,,,,,,,,,,,,,,,,,,,
11,GUANAJUATO,12,IRAPUATO,17,IRAPUATO,1059,C08,81,10,5,3,1,6,83,3,3,,237,4,241,712,,,,,,,,,,,,,,,,,,,,,
11,GUANAJUATO,12,IRAPUATO,17,IRAPUATO,1059,C09,99,13,6,5,1,10,64,2,2,,230,4,234,712,,,,,,,,,,,,,,,,,,,,,
11,GUANAJUATO,12,IRAPUATO,17,IRAPUATO,1059,C10,112,20,1,6,0,7,70,0,1,,246,10,256,712,,,,,,,,,,,,,,,,,,,,,
11,GUANAJUATO,12,IRAPUATO,17,IRAPUATO,1059,C11,68,23,2,3,1,5,71,1,1,,203,2,205,712,,,,,,,,,,,,,,,,,,,,,
11,GUANAJUATO,12,IRAPUATO,17,IRAPUATO,1059,C12,86,18,5,4,2,7,113,2,1,,270,2,273,712,,,,,,,,,,,,,,,,,,,,,
11,GUANAJUATO,12,IRAPUATO,17,IRAPUATO,1059,C13,100,22,4,4,1,3,82,2,3,,255,7,262,712,,,,,,,,,,,,,,,,,,,,,
11,GUANAJUATO,12,IRAPUATO,17,IRAPUATO,1059,C14,97,18,7,1,9,3,82,1,2,,256,1,257,712,,,,,,,,,,,,,,,,,,,,,
11,GUANAJUATO,12,IRAPUATO,17,IRAPUATO,1060,B,128,17,9,1,3,13,97,1,2,,291,5,296,643,,,,,,,,,,,,,,,,,,,,,
11,GUANAJUATO,12,IRAPUATO,17,IRAPUATO,1060,C01,154,12,7,1,1,4,96,1,2,,305,1,307,643,,,,,,,,,,,,,,,,,,,,,
11,GUANAJUATO,12,IRAPUATO,17,IRAPUATO,1060,C02,146,16,9,6,1,6,87,0,5,,300,2,302,643,,,,,,,,,,,,,,,,,,,,,
11,GUANAJUATO,12,IRAPUATO,17,IRAPUATO,1060,C03,114,17,2,6,1,8,114,2,1,,287,4,291,643,,,,,,,,,,,,,,,,,,,,,
11,GUANAJUATO,12,IRAPUATO,17,IRAPUATO,1060,C04,137,17,9,1,3,10,92,1,3,,307,5,312,642,,,,,,,,,,,,,,,,,,,,,
11,GUANAJUATO,12,IRAPUATO,17,IRAPUATO,1061,B,103,23,3,4,1,4,110,1,3,,274,15,289,611,,,,,,,,,,,,,,,,,,,,,
11,GUANAJUATO,12,IRAPUATO,17,IRAPUATO,1061,C01,100,10,3,3,2,6,99,1,4,,246,11,257,611,,,,,,,,,,,,,,,,,,,,,
11,GUANAJUATO,12,IRAPUATO,17,IRAPUATO,1062,B,112,13,4,5,1,10,69,1,2,,253,3,256,551,,,,,,,,,,,,,,,,,,,,,
11,GUANAJUATO,12,IRAPUATO,17,IRAPUATO,1062,C01,118,16,5,3,2,6,88,2,5,,269,2,271,551,,,,,,,,,,,,,,,,,,,,,
11,GUANAJUATO,12,IRAPUATO,17,IRAPUATO,1063,B,159,15,3,6,2,11,101,2,2,,337,7,344,735,,,,,,,,,,,,,,,,,,,,,
11,GUANAJUATO,12,IRAPUATO,17,IRAPUATO,1063,C01,154,21,10,3,4,13,91,1,2,,339,8,347,735,,,,,,,,,,,,,,,,,,,,,
11,GUANAJUATO,12,IRAPUATO,17,IRAPUATO,1064,B,122,14,4,5,1,7,76,0,1,,254,4,258,594,,,,,,,,,,,,,,,,,,,,,
11,GUANAJUATO,12,IRAPUATO,17,IRAPUATO,1064,C01,135,20,3,6,2,9,60,0,1,,261,6,267,594,,,,,,,,,,,,,,,,,,,,,
11,GUANAJUATO,12,IRAPUATO,17,IRAPUATO,1065,B,81,14,4,6,0,8,71,1,1,,207,5,212,537,,,,,,,,,,,,,,,,,,,,,
11,GUANAJUATO,12,IRAPUATO,17,IRAPUATO,1065,C01,87,18,4,4,0,7,72,1,2,,215,7,222,537,,,,,,,,,,,,,,,,,,,,,
11,GUANAJUATO,12,IRAPUATO,17,IRAPUATO,1066,B,90,10,2,3,1,9,60,0,0,,201,2,203,508,,,,,,,,,,,,,,,,,,,,,
11,GUANAJUATO,12,IRAPUATO,17,IRAPUATO,1066,C01,67,12,2,1,0,2,81,2,0,,191,3,194,508,,,,,,,,,,,,,,,,,,,,,
11,GUANAJUATO,12,IRAPUATO,17,IRAPUATO,1067,B,118,10,1,10,2,13,105,1,3,,311,8,320,681,,,,,,,,,,,,,,,,,,,,,
11,GUANAJUATO,12,IRAPUATO,17,IRAPUATO,1067,C01,116,18,4,8,0,9,116,0,2,,309,5,314,680,,,,,,,,,,,,,,,,,,,,,
11,GUANAJUATO,12,IRAPUATO,17,IRAPUATO,1068,B,124,11,6,2,2,4,106,2,3,,286,4,291,663,,,,,,,,,,,,,,,,,,,,,
11,GUANAJUATO,12,IRAPUATO,17,IRAPUATO,1068,C01,112,14,5,3,1,6,92,1,4,,278,5,283,663,,,,,,,,,,,,,,,,,,,,,
11,GUANAJUATO,12,IRAPUATO,17,IRAPUATO,1069,B,65,9,1,1,1,5,86,2,1,,183,2,185,516,,,,,,,,,,,,,,,,,,,,,
11,GUANAJUATO,12,IRAPUATO,17,IRAPUATO,1069,C01,70,14,3,3,2,6,73,0,2,,189,5,194,516,,,,,,,,,,,,,,,,,,,,,
11,GUANAJUATO,12,IRAPUATO,17,IRAPUATO,1070,B,47,13,1,0,0,3,116,2,0,,200,6,206,550,,,,,,,,,,,,,,,,,,,,,
11,GUANAJUATO,12,IRAPUATO,17,IRAPUATO,1070,C01,69,19,4,3,3,5,97,1,1,,225,8,233,549,,,,,,,,,,,,,,,,,,,,,
11,GUANAJUATO,12,IRAPUATO,17,IRAPUATO,1071,B,79,14,6,6,3,1,90,2,6,,248,6,254,588,,,,,,,,,,,,,,,,,,,,,
11,GUANAJUATO,12,IRAPUATO,17,IRAPUATO,1071,C01,101,26,5,2,3,1,112,1,5,,287,11,298,587,,,,,,,,,,,,,,,,,,,,,
11,GUANAJUATO,12,IRAPUATO,17,IRAPUATO,1072,B,95,13,4,5,3,5,60,1,6,,217,6,223,527,,,,,,,,,,,,,,,,,,,,,
11,GUANAJUATO,12,IRAPUATO,17,IRAPUATO,1072,C01,90,28,2,1,4,4,68,1,1,,217,4,221,527,,,,,,,,,,,,,,,,,,,,,
11,GUANAJUATO,12,IRAPUATO,17,IRAPUATO,1073,B,121,20,7,7,2,3,71,2,1,,268,8,276,568,,,,,,,,,,,,,,,,,,,,,
11,GUANAJUATO,12,IRAPUATO,17,IRAPUATO,1073,C01,106,14,7,4,2,5,76,0,2,,255,1,256,568,,,,,,,,,,,,,,,,,,,,,
11,GUANAJUATO,12,IRAPUATO,17,IRAPUATO,1074,B,138,19,4,2,1,17,113,0,2,,328,4,332,746,,,,,,,,,,,,,,,,,,,,,
11,GUANAJUATO,12,IRAPUATO,17,IRAPUATO,1074,C01,132,25,10,3,3,9,126,2,2,,343,8,351,746,,,,,,,,,,,,,,,,,,,,,
11,GUANAJUATO,12,IRAPUATO,17,IRAPUATO,1075,B,61,20,7,4,2,5,82,1,1,,196,4,200,567,,,,,,,,,,,,,,,,,,,,,
11,GUANAJUATO,12,IRAPUATO,17,IRAPUATO,1075,C01,69,23,2,3,5,5,66,4,4,,199,6,205,566,,,,,,,,,,,,,,,,,,,,,
11,GUANAJUATO,12,IRAPUATO,17,IRAPUATO,1076,B,55,17,1,3,2,9,50,2,2,,145,12,157,435,,,,,,,,,,,,,,,,,,,,,
11,GUANAJUATO,12,IRAPUATO,17,IRAPUATO,1076,C01,51,17,2,1,0,1,40,2,2,,124,3,127,434,,,,,,,,,,,,,,,,,,,,,
11,GUANAJUATO,12,IRAPUATO,17,IRAPUATO,1077,B,101,17,5,4,4,6,107,1,0,0,281,9,290,635,,,,,,,,,,,,,,,,,,,,,
11,GUANAJUATO,12,IRAPUATO,17,IRAPUATO,1077,C01,101,11,7,3,1,8,98,2,6,,269,6,275,635,,,,,,,,,,,,,,,,,,,,,
11,GUANAJUATO,12,IRAPUATO,17,IRAPUATO,1077,C02,105,15,2,4,1,12,92,2,3,,278,5,283,634,,,,,,,,,,,,,,,,,,,,,
11,GUANAJUATO,12,IRAPUATO,17,IRAPUATO,1077,C03,92,11,2,7,2,11,94,1,1,,267,8,275,634,,,,,,,,,,,,,,,,,,,,,
11,GUANAJUATO,12,IRAPUATO,17,IRAPUATO,1077,C04,99,15,3,5,3,8,84,0,6,,261,6,267,634,,,,,,,,,,,,,,,,,,,,,
11,GUANAJUATO,12,IRAPUATO,17,IRAPUATO,1077,C05,98,15,3,5,2,7,89,2,2,,262,6,268,634,,,,,,,,,,,,,,,,,,,,,
11,GUANAJUATO,12,IRAPUATO,17,IRAPUATO,1079,B,105,23,2,4,4,8,105,2,3,,265,3,268,704,,,,,,,,,,,,,,,,,,,,,
11,GUANAJUATO,12,IRAPUATO,17,IRAPUATO,1080,B,80,29,2,2,3,4,88,2,4,,237,7,245,673,,,,,,,,,,,,,,,,,,,,,
11,GUANAJUATO,12,IRAPUATO,17,IRAPUATO,1080,C01,89,23,1,1,1,4,102,2,3,,246,7,253,673,,,,,,,,,,,,,,,,,,,,,
11,GUANAJUATO,12,IRAPUATO,17,IRAPUATO,1081,B,66,12,4,4,4,1,84,0,4,,211,4,215,451,,,,,,,,,,,,,,,,,,,,,
11,GUANAJUATO,12,IRAPUATO,17,IRAPUATO,1081,C01,75,23,1,5,1,6,84,1,0,,225,3,228,450,,,,,,,,,,,,,,,,,,,,,
11,GUANAJUATO,12,IRAPUATO,17,IRAPUATO,1082,B,109,22,4,4,0,7,119,3,5,,308,8,317,703,,,,,,,,,,,,,,,,,,,,,
11,GUANAJUATO,12,IRAPUATO,17,IRAPUATO,1082,C01,103,28,4,6,1,14,126,2,1,,331,7,338,702,,,,,,,,,,,,,,,,,,,,,
11,GUANAJUATO,12,IRAPUATO,17,IRAPUATO,1083,B,119,27,7,7,3,8,97,3,3,,316,8,325,687,,,,,,,,,,,,,,,,,,,,,
11,GUANAJUATO,12,IRAPUATO,17,IRAPUATO,1084,B,96,25,4,2,5,6,84,1,1,,254,3,257,675,,,,,,,,,,,,,,,,,,,,,
11,GUANAJUATO,12,IRAPUATO,17,IRAPUATO,1084,C01,91,28,4,2,6,0,78,2,0,,240,11,251,674,,,,,,,,,,,,,,,,,,,,,
11,GUANAJUATO,12,IRAPUATO,17,IRAPUATO,1085,B,47,11,0,3,5,4,67,2,2,,170,4,174,504,,,,,,,,,,,,,,,,,,,,,
11,GUANAJUATO,12,IRAPUATO,17,IRAPUATO,1085,C01,75,22,4,1,5,2,59,1,3,,191,7,198,503,,,,,,,,,,,,,,,,,,,,,
11,GUANAJUATO,12,IRAPUATO,17,IRAPUATO,1086,B,51,15,2,1,2,3,60,2,2,,155,6,161,446,,,,,,,,,,,,,,,,,,,,,
11,GUANAJUATO,12,IRAPUATO,17,IRAPUATO,1086,C01,53,13,4,2,2,5,64,3,3,,165,5,170,446,,,,,,,,,,,,,,,,,,,,,
11,GUANAJUATO,12,IRAPUATO,17,IRAPUATO,1087,B,64,15,1,7,4,7,87,3,3,,220,8,228,651,,,,,,,,,,,,,,,,,,,,,
11,GUANAJUATO,12,IRAPUATO,17,IRAPUATO,1087,C01,102,13,3,2,6,5,90,4,1,,244,4,249,651,,,,,,,,,,,,,,,,,,,,,
11,GUANAJUATO,12,IRAPUATO,17,IRAPUATO,1088,B,51,5,3,4,2,3,70,0,1,,154,3,157,503,,,,,,,,,,,,,,,,,,,,,
11,GUANAJUATO,12,IRAPUATO,17,IRAPUATO,1088,C01,61,16,1,3,2,9,62,1,0,,166,5,171,503,,,,,,,,,,,,,,,,,,,,,
11,GUANAJUATO,12,IRAPUATO,17,IRAPUATO,1089,B,75,15,5,5,2,2,78,4,3,,237,6,243,613,,,,,,,,,,,,,,,,,,,,,
11,GUANAJUATO,12,IRAPUATO,17,IRAPUATO,1089,C01,67,20,8,3,3,5,70,1,1,,200,5,205,613,,,,,,,,,,,,,,,,,,,,,
11,GUANAJUATO,12,IRAPUATO,17,IRAPUATO,1090,B,83,14,2,6,0,5,57,1,1,,178,5,183,530,,,,,,,,,,,,,,,,,,,,,
11,GUANAJUATO,12,IRAPUATO,17,IRAPUATO,1090,C01,61,18,2,4,3,4,60,0,1,,168,7,175,530,,,,,,,,,,,,,,,,,,,,,
11,GUANAJUATO,12,IRAPUATO,17,IRAPUATO,1091,B,98,20,1,11,1,9,81,5,7,,258,8,266,707,,,,,,,,,,,,,,,,,,,,,
11,GUANAJUATO,12,IRAPUATO,17,IRAPUATO,1091,C01,98,23,5,3,0,7,80,3,4,,254,8,262,706,,,,,,,,,,,,,,,,,,,,,
11,GUANAJUATO,12,IRAPUATO,17,IRAPUATO,1092,B,62,19,2,2,1,5,56,1,1,,167,12,179,491,,,,,,,,,,,,,,,,,,,,,
11,GUANAJUATO,12,IRAPUATO,17,IRAPUATO,1092,C01,56,12,6,3,2,4,59,2,2,,160,6,166,491,,,,,,,,,,,,,,,,,,,,,
11,GUANAJUATO,12,IRAPUATO,17,IRAPUATO,1093,B,105,16,0,0,2,11,93,2,5,,264,3,270,648,,,,,,,,,,,,,,,,,,,,,
11,GUANAJUATO,12,IRAPUATO,17,IRAPUATO,1093,C01,81,29,1,3,2,9,83,1,5,,240,10,250,648,,,,,,,,,,,,,,,,,,,,,
11,GUANAJUATO,12,IRAPUATO,17,IRAPUATO,1094,B,141,22,6,10,3,13,96,1,1,,327,7,334,717,,,,,,,,,,,,,,,,,,,,,
11,GUANAJUATO,12,IRAPUATO,17,IRAPUATO,1094,C01,118,22,6,4,3,11,107,1,1,,297,16,313,717,,,,,,,,,,,,,,,,,,,,,
11,GUANAJUATO,12,IRAPUATO,17,IRAPUATO,1095,B,73,15,2,3,4,8,76,1,0,,197,1,199,515,,,,,,,,,,,,,,,,,,,,,
11,GUANAJUATO,12,IRAPUATO,17,IRAPUATO,1095,C01,66,11,2,4,0,3,78,0,4,,177,8,185,515,,,,,,,,,,,,,,,,,,,,,
11,GUANAJUATO,12,IRAPUATO,17,IRAPUATO,1095,C02,54,5,7,3,5,6,61,2,2,,156,2,158,514,,,,,,,,,,,,,,,,,,,,,
11,GUANAJUATO,12,IRAPUATO,17,IRAPUATO,1096,B,79,15,2,3,1,4,79,0,1,,207,5,212,683,,,,,,,,,,,,,,,,,,,,,
11,GUANAJUATO,12,IRAPUATO,17,IRAPUATO,1096,C01,65,28,5,2,0,3,89,3,2,,226,8,234,683,,,,,,,,,,,,,,,,,,,,,
11,GUANAJUATO,12,IRAPUATO,17,IRAPUATO,1097,B,53,15,1,0,0,9,82,1,0,,177,7,184,452,,,,,,,,,,,,,,,,,,,,,
11,GUANAJUATO,12,IRAPUATO,17,IRAPUATO,1097,C01,57,14,2,2,1,5,74,4,2,,177,7,184,452,,,,,,,,,,,,,,,,,,,,,
11,GUANAJUATO,12,IRAPUATO,17,IRAPUATO,1098,B,58,21,6,6,2,11,73,1,2,,204,6,210,644,,,,,,,,,,,,,,,,,,,,,
11,GUANAJUATO,12,IRAPUATO,17,IRAPUATO,1098,C01,69,31,9,4,4,14,84,1,1,,242,8,250,643,,,,,,,,,,,,,,,,,,,,,
11,GUANAJUATO,12,IRAPUATO,17,IRAPUATO,1100,B,65,21,2,8,5,5,71,0,4,,198,8,206,596,,,,,,,,,,,,,,,,,,,,,
11,GUANAJUATO,12,IRAPUATO,17,IRAPUATO,1100,C01,79,14,4,7,3,11,78,0,1,,222,5,227,596,,,,,,,,,,,,,,,,,,,,,
11,GUANAJUATO,12,IRAPUATO,17,IRAPUATO,1101,B,56,9,3,3,1,6,86,2,1,,187,4,191,574,,,,,,,,,,,,,,,,,,,,,
11,GUANAJUATO,12,IRAPUATO,17,IRAPUATO,1101,C01,67,26,3,4,6,1,72,1,3,,211,7,218,574,,,,,,,,,,,,,,,,,,,,,
11,GUANAJUATO,12,IRAPUATO,17,IRAPUATO,1102,B,75,17,4,2,2,5,79,3,1,,206,5,211,727,,,,,,,,,,,,,,,,,,,,,
11,GUANAJUATO,12,IRAPUATO,17,IRAPUATO,1102,C01,64,15,5,3,2,1,92,0,3,,209,7,216,726,,,,,,,,,,,,,,,,,,,,,
11,GUANAJUATO,12,IRAPUATO,17,IRAPUATO,1103,B,66,23,13,0,4,8,80,0,0,,208,4,212,610,,,,,,,,,,,,,,,,,,,,,
11,GUANAJUATO,12,IRAPUATO,17,IRAPUATO,1103,C01,61,23,3,2,1,5,70,1,1,,187,6,193,610,,,,,,,,,,,,,,,,,,,,,
11,GUANAJUATO,12,IRAPUATO,17,IRAPUATO,1103,C02,59,25,3,0,1,5,72,1,1,,182,3,185,609,,,,,,,,,,,,,,,,,,,,,
11,GUANAJUATO,12,IRAPUATO,17,IRAPUATO,1103,C03,69,19,2,1,2,2,59,0,1,,168,3,171,609,,,,,,,,,,,,,,,,,,,,,
11,GUANAJUATO,12,IRAPUATO,17,IRAPUATO,1103,C04,66,28,0,0,3,4,71,6,2,,191,4,195,609,,,,,,,,,,,,,,,,,,,,,
11,GUANAJUATO,12,IRAPUATO,17,IRAPUATO,1104,B,94,18,1,2,3,16,100,0,3,,247,9,256,646,,,,,,,,,,,,,,,,,,,,,
11,GUANAJUATO,12,IRAPUATO,17,IRAPUATO,1104,C01,94,18,1,2,3,16,100,0,3,,247,9,256,646,,,,,,,,,,,,,,,,,,,,,
11,GUANAJUATO,12,IRAPUATO,17,IRAPUATO,1104,C02,70,12,4,7,2,6,93,3,8,,220,5,225,646,,,,,,,,,,,,,,,,,,,,,
11,GUANAJUATO,12,IRAPUATO,17,IRAPUATO,1105,B,107,29,3,4,2,7,90,3,1,,289,4,293,706,,,,,,,,,,,,,,,,,,,,,
11,GUANAJUATO,12,IRAPUATO,17,IRAPUATO,1105,C01,111,17,1,1,1,7,125,1,1,,288,9,297,706,,,,,,,,,,,,,,,,,,,,,
11,GUANAJUATO,12,IRAPUATO,17,IRAPUATO,1105,C02,107,29,3,4,2,7,90,3,1,,289,4,293,706,,,,,,,,,,,,,,,,,,,,,
11,GUANAJUATO,12,IRAPUATO,17,IRAPUATO,1106,B,69,13,4,2,1,16,67,1,3,,189,6,195,634,,,,,,,,,,,,,,,,,,,,,
11,GUANAJUATO,12,IRAPUATO,17,IRAPUATO,1106,C01,57,18,4,0,0,10,79,1,1,,195,2,197,634,,,,,,,,,,,,,,,,,,,,,
11,GUANAJUATO,12,IRAPUATO,17,IRAPUATO,1106,C02,63,24,3,3,4,5,73,1,1,,189,7,197,634,,,,,,,,,,,,,,,,,,,,,
11,GUANAJUATO,12,IRAPUATO,17,IRAPUATO,1106,C03,59,21,2,4,0,6,61,3,1,,177,6,183,634,,,,,,,,,,,,,,,,,,,,,
11,GUANAJUATO,12,IRAPUATO,17,IRAPUATO,1106,C04,53,14,5,3,2,8,58,1,1,,157,3,160,634,,,,,,,,,,,,,,,,,,,,,
11,GUANAJUATO,12,IRAPUATO,17,IRAPUATO,1106,C05,71,15,1,5,2,5,78,1,1,,207,2,209,634,,,,,,,,,,,,,,,,,,,,,
11,GUANAJUATO,12,IRAPUATO,17,IRAPUATO,1107,B,55,11,0,3,1,9,76,3,0,,176,6,182,649,,,,,,,,,,,,,,,,,,,,,
11,GUANAJUATO,12,IRAPUATO,17,IRAPUATO,1107,C01,55,14,4,1,2,7,40,0,3,,144,5,149,649,,,,,,,,,,,,,,,,,,,,,
11,GUANAJUATO,12,IRAPUATO,17,IRAPUATO,1107,C02,56,11,5,2,3,8,72,3,2,,162,3,179,649,,,,,,,,,,,,,,,,,,,,,
11,GUANAJUATO,12,IRAPUATO,17,IRAPUATO,1107,C03,78,11,2,3,3,2,84,3,3,,200,4,204,649,,,,,,,,,,,,,,,,,,,,,
11,GUANAJUATO,12,IRAPUATO,17,IRAPUATO,1107,C04,65,12,0,16,3,3,73,3,2,,188,4,192,649,,,,,,,,,,,,,,,,,,,,,
11,GUANAJUATO,12,IRAPUATO,17,IRAPUATO,1109,B,107,9,3,5,2,9,72,0,0,,236,1,238,465,,,,,,,,,,,,,,,,,,,,,
11,GUANAJUATO,12,IRAPUATO,17,IRAPUATO,1109,C01,97,20,7,0,1,8,60,1,3,,236,5,241,464,,,,,,,,,,,,,,,,,,,,,
11,GUANAJUATO,12,IRAPUATO,17,IRAPUATO,1110,B,102,18,5,2,0,13,107,1,0,,289,7,296,721,,,,,,,,,,,,,,,,,,,,,
11,GUANAJUATO,12,IRAPUATO,17,IRAPUATO,1110,C01,116,11,2,4,2,8,87,1,1,,264,2,266,721,,,,,,,,,,,,,,,,,,,,,
11,GUANAJUATO,12,IRAPUATO,17,IRAPUATO,1110,C02,121,14,8,8,3,11,94,2,2,,285,8,293,721,,,,,,,,,,,,,,,,,,,,,
11,GUANAJUATO,12,IRAPUATO,17,IRAPUATO,1110,C03,136,11,4,6,0,10,85,1,3,,277,4,281,720,,,,,,,,,,,,,,,,,,,,,
11,GUANAJUATO,12,IRAPUATO,17,IRAPUATO,1110,C04,118,15,5,4,1,9,78,1,3,,259,6,265,720,,,,,,,,,,,,,,,,,,,,,
11,GUANAJUATO,12,IRAPUATO,17,IRAPUATO,1110,C05,107,19,4,2,2,10,94,0,0,,268,0,268,720,,,,,,,,,,,,,,,,,,,,,
11,GUANAJUATO,12,IRAPUATO,17,IRAPUATO,1110,C06,122,14,2,1,0,11,83,0,3,,265,5,270,720,,,,,,,,,,,,,,,,,,,,,
11,GUANAJUATO,12,IRAPUATO,17,IRAPUATO,1110,C07,125,14,3,5,0,3,92,1,4,,276,3,279,720,,,,,,,,,,,,,,,,,,,,,
11,GUANAJUATO,12,IRAPUATO,17,IRAPUATO,1110,C08,109,13,5,2,1,16,98,5,7,,289,4,293,720,,,,,,,,,,,,,,,,,,,,,
11,GUANAJUATO,12,IRAPUATO,17,IRAPUATO,1110,C09,109,27,5,5,2,13,88,1,2,,286,4,292,720,,,,,,,,,,,,,,,,,,,,,
11,GUANAJUATO,12,IRAPUATO,17,IRAPUATO,1110,C10,107,8,4,2,2,5,94,0,2,,257,5,262,720,,,,,,,,,,,,,,,,,,,,,
11,GUANAJUATO,12,IRAPUATO,17,IRAPUATO,1110,C11,90,11,6,5,1,12,89,2,1,,248,2,250,720,,,,,,,,,,,,,,,,,,,,,
11,GUANAJUATO,12,IRAPUATO,17,IRAPUATO,1110,C12,103,10,9,5,1,3,103,3,2,,273,12,285,720,,,,,,,,,,,,,,,,,,,,,
11,GUANAJUATO,12,IRAPUATO,17,IRAPUATO,1110,C13,119,16,6,3,5,4,83,1,1,,270,3,273,720,,,,,,,,,,,,,,,,,,,,,
11,GUANAJUATO,12,IRAPUATO,17,IRAPUATO,1110,C14,137,14,2,3,1,7,86,3,0,,282,4,286,720,,,,,,,,,,,,,,,,,,,,,
11,GUANAJUATO,12,IRAPUATO,17,IRAPUATO,1111,B,160,24,5,5,3,10,56,1,4,,298,6,304,580,,,,,,,,,,,,,,,,,,,,,
11,GUANAJUATO,12,IRAPUATO,17,IRAPUATO,1111,C01,136,15,7,6,6,4,80,2,2,,303,4,308,579,,,,,,,,,,,,,,,,,,,,,
11,GUANAJUATO,12,IRAPUATO,17,IRAPUATO,1112,B,122,24,2,10,2,11,91,1,5,,314,13,328,734,,,,,,,,,,,,,,,,,,,,,
11,GUANAJUATO,12,IRAPUATO,17,IRAPUATO,1156,B,81,9,1,1,0,2,51,0,0,,160,1,161,376,,,,,,,,,,,,,,,,,,,,,
11,GUANAJUATO,12,IRAPUATO,17,IRAPUATO,1157,B,68,14,3,1,1,6,57,0,3,,175,3,178,621,,,,,,,,,,,,,,,,,,,,,
11,GUANAJUATO,12,IRAPUATO,17,IRAPUATO,1157,C01,61,17,3,2,3,2,51,2,5,,159,4,163,621,,,,,,,,,,,,,,,,,,,,,
11,GUANAJUATO,12,IRAPUATO,17,IRAPUATO,1157,C02,61,13,3,2,2,9,76,0,3,,188,6,194,621,,,,,,,,,,,,,,,,,,,,,
11,GUANAJUATO,12,IRAPUATO,17,IRAPUATO,1157,C03,58,15,2,0,1,2,50,0,1,,148,4,152,620,,,,,,,,,,,,,,,,,,,,,
11,GUANAJUATO,12,IRAPUATO,17,IRAPUATO,1159,B,104,9,4,0,1,3,147,1,5,,303,6,309,720,,,,,,,,,,,,,,,,,,,,,
11,GUANAJUATO,12,IRAPUATO,17,IRAPUATO,1159,C01,76,9,4,5,2,3,166,3,3,,299,4,304,720,,,,,,,,,,,,,,,,,,,,,
11,GUANAJUATO,12,IRAPUATO,17,IRAPUATO,1162,B,114,9,0,1,3,6,55,0,1,,199,5,204,566,,,,,,,,,,,,,,,,,,,,,
11,GUANAJUATO,12,IRAPUATO,17,IRAPUATO,1162,C01,107,13,1,2,3,6,65,3,2,,218,6,224,566,,,,,,,,,,,,,,,,,,,,,
11,GUANAJUATO,12,IRAPUATO,17,IRAPUATO,1162,C02,144,3,3,2,3,5,74,1,4,,254,0,254,566,,,,,,,,,,,,,,,,,,,,,
11,GUANAJUATO,12,IRAPUATO,17,IRAPUATO,1162,C03,112,8,8,1,4,9,56,1,1,,212,9,221,565,,,,,,,,,,,,,,,,,,,,,
11,GUANAJUATO,12,IRAPUATO,17,IRAPUATO,1163,B,126,25,5,1,2,1,113,2,3,,290,4,294,607,,,,,,,,,,,,,,,,,,,,,
11,GUANAJUATO,12,IRAPUATO,17,IRAPUATO,1163,C01,108,17,1,2,2,0,80,0,1,,219,4,223,607,,,,,,,,,,,,,,,,,,,,,
11,GUANAJUATO,12,IRAPUATO,17,IRAPUATO,1163,C02,86,12,0,1,2,6,95,1,0,,224,7,232,606,,,,,,,,,,,,,,,,,,,,,
11,GUANAJUATO,12,IRAPUATO,17,IRAPUATO,1163,C03,117,17,1,0,4,5,78,5,2,,239,7,246,606,,,,,,,,,,,,,,,,,,,,,
11,GUANAJUATO,12,IRAPUATO,17,IRAPUATO,1166,B,106,12,4,6,1,4,100,4,4,,248,5,253,744,,,,,,,,,,,,,,,,,,,,,
11,GUANAJUATO,12,IRAPUATO,17,IRAPUATO,1166,C01,89,10,5,2,2,4,108,2,3,,239,3,242,744,,,,,,,,,,,,,,,,,,,,,
11,GUANAJUATO,12,IRAPUATO,17,IRAPUATO,1166,C02,90,16,1,1,1,9,99,3,1,,247,7,254,744,,,,,,,,,,,,,,,,,,,,,
11,GUANAJUATO,12,IRAPUATO,17,IRAPUATO,1167,B,96,9,1,4,6,23,73,0,3,,229,5,234,733,,,,,,,,,,,,,,,,,,,,,
11,GUANAJUATO,12,IRAPUATO,17,IRAPUATO,1167,C01,67,15,0,6,5,17,70,3,3,,200,5,205,733,,,,,,,,,,,,,,,,,,,,,
11,GUANAJUATO,12,IRAPUATO,17,IRAPUATO,1167,C02,101,10,3,3,2,17,78,1,0,,236,8,244,732,,,,,,,,,,,,,,,,,,,,,
11,GUANAJUATO,12,IRAPUATO,17,IRAPUATO,1167,C03,91,11,2,4,1,14,59,1,7,,204,3,207,732,,,,,,,,,,,,,,,,,,,,,
11,GUANAJUATO,12,IRAPUATO,17,IRAPUATO,1168,B,100,9,3,1,1,13,53,1,6,,193,6,199,660,,,,,,,,,,,,,,,,,,,,,
11,GUANAJUATO,12,IRAPUATO,17,IRAPUATO,1168,C01,76,9,2,1,1,16,51,1,3,,169,5,174,660,,,,,,,,,,,,,,,,,,,,,
11,GUANAJUATO,12,IRAPUATO,17,IRAPUATO,1168,C02,77,8,0,2,0,10,54,3,2,,159,4,163,659,,,,,,,,,,,,,,,,,,,,,
11,GUANAJUATO,12,IRAPUATO,17,IRAPUATO,1168,C03,82,13,4,1,2,7,42,1,0,,157,4,161,659,,,,,,,,,,,,,,,,,,,,,
11,GUANAJUATO,12,IRAPUATO,17,IRAPUATO,1168,C04,94,9,0,5,3,11,74,0,1,,212,4,216,659,,,,,,,,,,,,,,,,,,,,,
11,GUANAJUATO,12,IRAPUATO,17,IRAPUATO,1169,B,74,8,2,2,2,2,83,3,2,,182,6,188,690,,,,,,,,,,,,,,,,,,,,,
11,GUANAJUATO,12,IRAPUATO,17,IRAPUATO,1169,C01,94,19,4,1,3,11,67,2,1,,208,6,214,690,,,,,,,,,,,,,,,,,,,,,
11,GUANAJUATO,12,IRAPUATO,17,IRAPUATO,1169,C02,84,11,4,3,2,7,72,2,0,,198,5,203,689,,,,,,,,,,,,,,,,,,,,,
11,GUANAJUATO,12,IRAPUATO,17,IRAPUATO,1170,B,77,8,2,2,1,5,65,2,0,,168,10,178,556,,,,,,,,,,,,,,,,,,,,,
11,GUANAJUATO,12,IRAPUATO,17,IRAPUATO,1170,C01,95,17,0,7,0,4,47,2,0,,185,6,191,556,,,,,,,,,,,,,,,,,,,,,
11,GUANAJUATO,12,IRAPUATO,17,IRAPUATO,1176,B,52,16,0,4,2,8,78,0,1,,169,5,174,684,,,,,,,,,,,,,,,,,,,,,
11,GUANAJUATO,12,IRAPUATO,17,IRAPUATO,1176,C01,62,15,0,2,3,6,65,2,3,,173,8,181,684,,,,,,,,,,,,,,,,,,,,,
11,GUANAJUATO,12,IRAPUATO,17,IRAPUATO,1176,C02,66,10,3,6,0,6,63,0,2,,168,6,174,683,,,,,,,,,,,,,,,,,,,,,
11,GUANAJUATO,12,IRAPUATO,17,IRAPUATO,1176,C03,47,11,3,3,4,4,64,2,1,,160,9,170,683,,,,,,,,,,,,,,,,,,,,,
11,GUANAJUATO,12,IRAPUATO,17,IRAPUATO,1176,C04,56,14,3,3,3,7,82,0,0,,186,8,194,683,,,,,,,,,,,,,,,,,,,,,
11,GUANAJUATO,12,IRAPUATO,17,IRAPUATO,1176,C05,45,17,4,4,4,12,57,1,1,,153,6,159,683,,,,,,,,,,,,,,,,,,,,,
11,GUANAJUATO,12,IRAPUATO,17,IRAPUATO,1176,C06,70,15,3,0,1,4,58,0,7,,171,2,173,683,,,,,,,,,,,,,,,,,,,,,
11,GUANAJUATO,12,IRAPUATO,17,IRAPUATO,1177,B,102,16,6,4,1,3,76,1,1,,241,9,250,587,,,,,,,,,,,,,,,,,,,,,
11,GUANAJUATO,12,IRAPUATO,17,IRAPUATO,1177,C01,84,14,5,4,2,14,65,2,3,,220,4,224,587,,,,,,,,,,,,,,,,,,,,,
11,GUANAJUATO,12,IRAPUATO,17,IRAPUATO,1177,C02,105,11,1,7,1,4,55,2,3,,216,6,222,587,,,,,,,,,,,,,,,,,,,,,
11,GUANAJUATO,12,IRAPUATO,17,IRAPUATO,1177,C03,90,10,1,2,2,9,82,3,0,,221,12,233,586,,,,,,,,,,,,,,,,,,,,,
11,GUANAJUATO,13,SILAO DE LA VICTORIA,26,ROMITA,2059,B,61,84,0,1,3,4,118,,,0,277,5,282,502,,,,,,,,,,,,,,,,,,,,,
11,GUANAJUATO,13,SILAO DE LA VICTORIA,26,ROMITA,2059,C01,59,101,0,4,5,6,107,,,0,290,7,297,501,,,,,,,,,,,,,,,,,,,,,
11,GUANAJUATO,13,SILAO DE LA VICTORIA,26,ROMITA,2059,C02,64,64,0,1,4,3,116,,,0,258,12,270,501,,,,,,,,,,,,,,,,,,,,,
11,GUANAJUATO,13,SILAO DE LA VICTORIA,26,ROMITA,2060,B,57,115,1,6,1,1,142,,,0,329,4,333,576,,,,,,,,,,,,,,,,,,,,,
11,GUANAJUATO,13,SILAO DE LA VICTORIA,26,ROMITA,2060,C01,50,110,1,4,2,7,153,,,1,333,4,337,576,,,,,,,,,,,,,,,,,,,,,
11,GUANAJUATO,13,SILAO DE LA VICTORIA,26,ROMITA,2061,B,60,105,3,1,2,0,117,,,1,294,3,297,480,,,,,,,,,,,,,,,,,,,,,
11,GUANAJUATO,13,SILAO DE LA VICTORIA,26,ROMITA,2061,C01,66,89,5,1,1,6,98,,,1,270,7,277,479,,,,,,,,,,,,,,,,,,,,,
11,GUANAJUATO,13,SILAO DE LA VICTORIA,26,ROMITA,2062,B,84,122,1,2,3,2,136,,,0,354,0,354,579,,,,,,,,,,,,,,,,,,,,,
11,GUANAJUATO,13,SILAO DE LA VICTORIA,26,ROMITA,2062,C01,112,104,1,1,5,5,153,,,0,383,5,388,579,,,,,,,,,,,,,,,,,,,,,
11,GUANAJUATO,13,SILAO DE LA VICTORIA,26,ROMITA,2062,S01,33,54,0,2,2,6,53,,,0,154,0,158,0,,,,,,,,,,,,,,,,,,,,,
11,GUANAJUATO,13,SILAO DE LA VICTORIA,26,ROMITA,2063,B,114,106,5,0,6,3,98,,,0,343,3,346,577,,,,,,,,,,,,,,,,,,,,,
11,GUANAJUATO,13,SILAO DE LA VICTORIA,26,ROMITA,2063,C01,110,81,3,1,5,4,118,,,1,328,3,331,576,,,,,,,,,,,,,,,,,,,,,
11,GUANAJUATO,13,SILAO DE LA VICTORIA,26,ROMITA,2064,B,97,106,0,9,1,3,144,,,0,370,9,379,640,,,,,,,,,,,,,,,,,,,,,
11,GUANAJUATO,13,SILAO DE LA VICTORIA,26,ROMITA,2064,C01,116,104,1,3,1,3,131,,,0,368,9,377,639,,,,,,,,,,,,,,,,,,,,,
11,GUANAJUATO,13,SILAO DE LA VICTORIA,26,ROMITA,2065,B,90,92,4,8,3,3,117,,,1,326,6,332,598,,,,,,,,,,,,,,,,,,,,,
11,GUANAJUATO,13,SILAO DE LA VICTORIA,26,ROMITA,2065,C01,86,89,3,7,8,2,100,,,2,308,9,317,598,,,,,,,,,,,,,,,,,,,,,
11,GUANAJUATO,13,SILAO DE LA VICTORIA,26,ROMITA,2065,C02,120,98,5,8,2,5,107,,,0,355,1,356,598,,,,,,,,,,,,,,,,,,,,,
11,GUANAJUATO,13,SILAO DE LA VICTORIA,26,ROMITA,2065,C03,75,98,3,2,1,6,114,,,1,313,7,320,598,,,,,,,,,,,,,,,,,,,,,
11,GUANAJUATO,13,SILAO DE LA VICTORIA,26,ROMITA,2066,B,145,127,0,4,1,1,111,,,1,407,5,412,743,,,,,,,,,,,,,,,,,,,,,
11,GUANAJUATO,13,SILAO DE LA VICTORIA,26,ROMITA,2066,C01,109,143,2,6,5,10,124,,,0,411,6,417,743,,,,,,,,,,,,,,,,,,,,,
11,GUANAJUATO,13,SILAO DE LA VICTORIA,26,ROMITA,2066,C02,121,113,1,8,2,5,124,,,2,397,3,400,743,,,,,,,,,,,,,,,,,,,,,
11,GUANAJUATO,13,SILAO DE LA VICTORIA,26,ROMITA,2067,B,100,75,0,5,1,3,96,,,0,287,5,293,497,,,,,,,,,,,,,,,,,,,,,
11,GUANAJUATO,13,SILAO DE LA VICTORIA,26,ROMITA,2067,C01,93,94,1,1,3,4,101,,,0,303,3,306,497,,,,,,,,,,,,,,,,,,,,,
11,GUANAJUATO,13,SILAO DE LA VICTORIA,26,ROMITA,2068,B,105,140,1,7,4,4,146,,,0,420,8,429,716,,,,,,,,,,,,,,,,,,,,,
11,GUANAJUATO,13,SILAO DE LA VICTORIA,26,ROMITA,2068,C01,92,160,2,5,2,4,109,,,2,392,7,399,715,,,,,,,,,,,,,,,,,,,,,
11,GUANAJUATO,13,SILAO DE LA VICTORIA,26,ROMITA,2069,B,61,103,0,4,6,3,136,,,2,323,5,329,614,,,,,,,,,,,,,,,,,,,,,
11,GUANAJUATO,13,SILAO DE LA VICTORIA,26,ROMITA,2069,C01,75,97,3,1,2,1,140,,,0,328,7,335,614,,,,,,,,,,,,,,,,,,,,,
11,GUANAJUATO,13,SILAO DE LA VICTORIA,26,ROMITA,2070,B,80,98,3,6,2,3,136,,,0,337,7,344,623,,,,,,,,,,,,,,,,,,,,,
11,GUANAJUATO,13,SILAO DE LA VICTORIA,26,ROMITA,2070,C01,93,92,0,4,1,8,109,,,0,315,2,317,623,,,,,,,,,,,,,,,,,,,,,
11,GUANAJUATO,13,SILAO DE LA VICTORIA,26,ROMITA,2070,C02,84,104,3,7,3,6,108,,,0,320,2,322,622,,,,,,,,,,,,,,,,,,,,,
11,GUANAJUATO,13,SILAO DE LA VICTORIA,26,ROMITA,2070,C03,97,91,1,3,2,4,128,,,0,334,5,339,622,,,,,,,,,,,,,,,,,,,,,
11,GUANAJUATO,13,SILAO DE LA VICTORIA,26,ROMITA,2071,B,79,72,1,6,3,4,88,,,0,262,4,266,505,,,,,,,,,,,,,,,,,,,,,
11,GUANAJUATO,13,SILAO DE LA VICTORIA,26,ROMITA,2071,C01,81,103,0,2,1,4,87,,,2,289,4,293,505,,,,,,,,,,,,,,,,,,,,,
11,GUANAJUATO,13,SILAO DE LA VICTORIA,26,ROMITA,2071,C02,87,92,2,1,6,1,83,,,3,281,6,287,505,,,,,,,,,,,,,,,,,,,,,
11,GUANAJUATO,13,SILAO DE LA VICTORIA,26,ROMITA,2072,B,81,141,0,5,3,2,31,,,0,265,0,265,539,,,,,,,,,,,,,,,,,,,,,
11,GUANAJUATO,13,SILAO DE LA VICTORIA,26,ROMITA,2072,C01,112,123,0,4,0,3,40,,,0,283,2,285,539,,,,,,,,,,,,,,,,,,,,,
11,GUANAJUATO,13,SILAO DE LA VICTORIA,26,ROMITA,2072,C02,92,137,2,2,2,1,23,,,0,260,4,264,538,,,,,,,,,,,,,,,,,,,,,
11,GUANAJUATO,13,SILAO DE LA VICTORIA,26,ROMITA,2073,B,28,59,0,8,0,2,16,,,0,114,0,114,182,,,,,,,,,,,,,,,,,,,,,
11,GUANAJUATO,13,SILAO DE LA VICTORIA,26,ROMITA,2074,B,90,99,3,16,6,4,77,,,0,303,8,311,722,,,,,,,,,,,,,,,,,,,,,
11,GUANAJUATO,13,SILAO DE LA VICTORIA,26,ROMITA,2074,C01,78,123,0,6,3,15,90,,,0,318,3,321,721,,,,,,,,,,,,,,,,,,,,,
11,GUANAJUATO,13,SILAO DE LA VICTORIA,26,ROMITA,2074,C02,81,113,2,4,2,11,97,,,0,317,6,323,721,,,,,,,,,,,,,,,,,,,,,
11,GUANAJUATO,13,SILAO DE LA VICTORIA,26,ROMITA,2075,B,91,86,0,3,5,7,45,,,0,242,4,246,480,,,,,,,,,,,,,,,,,,,,,
11,GUANAJUATO,13,SILAO DE LA VICTORIA,26,ROMITA,2076,B,52,156,3,6,1,3,27,,,0,251,4,255,497,,,,,,,,,,,,,,,,,,,,,
11,GUANAJUATO,13,SILAO DE LA VICTORIA,26,ROMITA,2077,B,19,54,0,6,2,1,58,,,1,143,4,147,276,,,,,,,,,,,,,,,,,,,,,
11,GUANAJUATO,13,SILAO DE LA VICTORIA,26,ROMITA,2078,B,66,89,2,1,2,2,22,,,0,187,4,191,387,,,,,,,,,,,,,,,,,,,,,
11,GUANAJUATO,13,SILAO DE LA VICTORIA,26,ROMITA,2079,B,86,171,3,1,2,2,43,,,0,309,3,312,561,,,,,,,,,,,,,,,,,,,,,
11,GUANAJUATO,13,SILAO DE LA VICTORIA,26,ROMITA,2079,C01,90,122,3,1,2,0,45,,,0,264,3,267,560,,,,,,,,,,,,,,,,,,,,,
11,GUANAJUATO,13,SILAO DE LA VICTORIA,26,ROMITA,2080,B,62,118,5,7,16,0,20,,,1,234,2,236,509,,,,,,,,,,,,,,,,,,,,,
11,GUANAJUATO,13,SILAO DE LA VICTORIA,26,ROMITA,2081,B,103,132,5,6,1,3,34,,,2,287,3,290,574,,,,,,,,,,,,,,,,,,,,,
11,GUANAJUATO,13,SILAO DE LA VICTORIA,26,ROMITA,2082,B,61,120,0,5,2,1,58,,,1,252,2,254,449,,,,,,,,,,,,,,,,,,,,,
11,GUANAJUATO,13,SILAO DE LA VICTORIA,26,ROMITA,2083,B,28,75,1,4,1,4,34,,,0,149,3,152,270,,,,,,,,,,,,,,,,,,,,,
11,GUANAJUATO,13,SILAO DE LA VICTORIA,26,ROMITA,2084,B,86,86,0,2,3,3,67,,,1,249,2,251,391,,,,,,,,,,,,,,,,,,,,,
11,GUANAJUATO,13,SILAO DE LA VICTORIA,26,ROMITA,2084,C01,55,87,0,4,4,1,79,,,0,230,0,230,391,,,,,,,,,,,,,,,,,,,,,
11,GUANAJUATO,13,SILAO DE LA VICTORIA,26,ROMITA,2085,B,130,75,2,2,2,9,74,,,3,301,9,310,525,,,,,,,,,,,,,,,,,,,,,
11,GUANAJUATO,13,SILAO DE LA VICTORIA,26,ROMITA,2085,C01,121,75,2,3,5,2,74,,,1,290,11,301,524,,,,,,,,,,,,,,,,,,,,,
11,GUANAJUATO,13,SILAO DE LA VICTORIA,26,ROMITA,2086,B,132,97,2,0,3,71,71,,,0,376,5,381,652,,,,,,,,,,,,,,,,,,,,,
11,GUANAJUATO,13,SILAO DE LA VICTORIA,26,ROMITA,2086,C01,129,102,3,5,2,2,89,,,2,334,6,340,652,,,,,,,,,,,,,,,,,,,,,
11,GUANAJUATO,13,SILAO DE LA VICTORIA,26,ROMITA,2086,C02,142,78,1,3,2,4,81,,,0,315,3,318,651,,,,,,,,,,,,,,,,,,,,,
11,GUANAJUATO,13,SILAO DE LA VICTORIA,26,ROMITA,2087,B,61,114,5,7,1,6,46,,,0,241,4,245,399,,,,,,,,,,,,,,,,,,,,,
11,GUANAJUATO,13,SILAO DE LA VICTORIA,26,ROMITA,2087,C01,60,111,3,0,2,2,59,,,0,239,2,241,399,,,,,,,,,,,,,,,,,,,,,
11,GUANAJUATO,13,SILAO DE LA VICTORIA,26,ROMITA,2088,B,121,125,1,26,1,6,39,,,0,323,6,329,738,,,,,,,,,,,,,,,,,,,,,
11,GUANAJUATO,13,SILAO DE LA VICTORIA,26,ROMITA,2088,C01,119,117,4,24,3,5,53,,,1,336,4,340,737,,,,,,,,,,,,,,,,,,,,,
11,GUANAJUATO,13,SILAO DE LA VICTORIA,26,ROMITA,2089,B,57,145,1,2,2,3,84,,,1,299,3,302,546,,,,,,,,,,,,,,,,,,,,,
11,GUANAJUATO,13,SILAO DE LA VICTORIA,26,ROMITA,2090,B,68,92,4,0,0,1,56,,,1,223,1,224,318,,,,,,,,,,,,,,,,,,,,,
11,GUANAJUATO,13,SILAO DE LA VICTORIA,26,ROMITA,2091,B,49,29,0,2,9,1,13,,,1,105,2,107,223,,,,,,,,,,,,,,,,,,,,,
11,GUANAJUATO,13,SILAO DE LA VICTORIA,26,ROMITA,2092,B,37,89,0,6,17,0,19,,,0,173,7,180,376,,,,,,,,,,,,,,,,,,,,,
11,GUANAJUATO,13,SILAO DE LA VICTORIA,26,ROMITA,2092,C01,44,78,0,5,9,4,17,,,0,161,0,161,375,,,,,,,,,,,,,,,,,,,,,
11,GUANAJUATO,13,SILAO DE LA VICTORIA,26,ROMITA,2093,B,49,71,0,5,32,3,41,,,2,206,4,210,633,,,,,,,,,,,,,,,,,,,,,
11,GUANAJUATO,13,SILAO DE LA VICTORIA,26,ROMITA,2094,B,34,65,0,0,1,1,1,,,0,102,1,103,166,,,,,,,,,,,,,,,,,,,,,
11,GUANAJUATO,13,SILAO DE LA VICTORIA,26,ROMITA,2095,B,76,182,1,1,3,1,25,,,0,294,3,297,524,,,,,,,,,,,,,,,,,,,,,
11,GUANAJUATO,13,SILAO DE LA VICTORIA,26,ROMITA,2095,C01,83,101,2,3,3,1,37,,,0,237,6,243,524,,,,,,,,,,,,,,,,,,,,,
11,GUANAJUATO,13,SILAO DE LA VICTORIA,26,ROMITA,2095,C02,104,133,1,3,3,0,27,,,0,273,7,280,524,,,,,,,,,,,,,,,,,,,,,
11,GUANAJUATO,13,SILAO DE LA VICTORIA,26,ROMITA,2096,B,123,194,2,1,16,2,22,,,0,372,6,378,663,,,,,,,,,,,,,,,,,,,,,
11,GUANAJUATO,13,SILAO DE LA VICTORIA,26,ROMITA,2097,B,118,148,0,1,3,0,36,,,0,311,6,317,706,,,,,,,,,,,,,,,,,,,,,
11,GUANAJUATO,13,SILAO DE LA VICTORIA,26,ROMITA,2098,B,177,86,0,6,4,5,29,,,1,312,2,314,620,,,,,,,,,,,,,,,,,,,,,
11,GUANAJUATO,13,SILAO DE LA VICTORIA,26,ROMITA,2098,C01,136,66,3,6,2,5,25,,,1,248,3,251,620,,,,,,,,,,,,,,,,,,,,,
11,GUANAJUATO,13,SILAO DE LA VICTORIA,26,ROMITA,2099,B,130,92,1,6,4,3,30,,,0,266,1,267,427,,,,,,,,,,,,,,,,,,,,,
11,GUANAJUATO,13,SILAO DE LA VICTORIA,26,ROMITA,2099,C01,133,75,2,0,3,2,35,,,1,253,4,257,427,,,,,,,,,,,,,,,,,,,,,
11,GUANAJUATO,13,SILAO DE LA VICTORIA,26,ROMITA,2100,B,84,61,3,4,0,2,26,,,2,184,6,190,427,,,,,,,,,,,,,,,,,,,,,
11,GUANAJUATO,13,SILAO DE LA VICTORIA,26,ROMITA,2101,B,79,89,1,5,0,3,25,,,0,204,3,207,389,,,,,,,,,,,,,,,,,,,,,
11,GUANAJUATO,13,SILAO DE LA VICTORIA,26,ROMITA,2101,C01,64,68,0,4,1,2,35,,,1,176,8,184,389,,,,,,,,,,,,,,,,,,,,,
11,GUANAJUATO,13,SILAO DE LA VICTORIA,26,ROMITA,2102,B,103,71,0,4,2,2,45,,,0,229,4,233,642,,,,,,,,,,,,,,,,,,,,,
11,GUANAJUATO,13,SILAO DE LA VICTORIA,26,ROMITA,2102,C01,80,54,2,4,4,2,84,,,2,234,2,236,641,,,,,,,,,,,,,,,,,,,,,
11,GUANAJUATO,13,SILAO DE LA VICTORIA,26,ROMITA,2103,B,95,66,2,9,3,4,49,,,0,229,3,232,399,,,,,,,,,,,,,,,,,,,,,
11,GUANAJUATO,13,SILAO DE LA VICTORIA,26,ROMITA,2104,B,39,45,1,3,6,5,46,,,0,151,2,153,221,,,,,,,,,,,,,,,,,,,,,
11,GUANAJUATO,13,SILAO DE LA VICTORIA,26,ROMITA,2105,B,85,90,2,10,10,1,49,,,0,254,13,267,483,,,,,,,,,,,,,,,,,,,,,
11,GUANAJUATO,13,SILAO DE LA VICTORIA,26,ROMITA,2105,C01,81,78,1,7,10,0,57,,,0,242,7,249,483,,,,,,,,,,,,,,,,,,,,,
11,GUANAJUATO,13,SILAO DE LA VICTORIA,26,ROMITA,2106,B,74,61,2,5,0,4,19,,,2,167,6,173,409,,,,,,,,,,,,,,,,,,,,,
11,GUANAJUATO,13,SILAO DE LA VICTORIA,26,ROMITA,2106,C01,62,45,0,4,2,2,21,,,0,137,1,138,409,,,,,,,,,,,,,,,,,,,,,
11,GUANAJUATO,13,SILAO DE LA VICTORIA,26,ROMITA,2107,B,112,86,1,6,4,8,27,,,0,246,7,253,522,,,,,,,,,,,,,,,,,,,,,
11,GUANAJUATO,13,SILAO DE LA VICTORIA,26,ROMITA,2108,B,45,146,7,5,5,5,30,,,0,248,12,260,636,,,,,,,,,,,,,,,,,,,,,
11,GUANAJUATO,13,SILAO DE LA VICTORIA,37,SILAO DE LA VICTORIA,2654,B,56,0,0,20,,7,120,4,6,3,262,7,269,745,,,,,,,,,,,,,,,,,,,,,
11,GUANAJUATO,13,SILAO DE LA VICTORIA,37,SILAO DE LA VICTORIA,2654,C01,59,14,0,27,,3,132,3,3,0,265,0,266,745,,,,,,,,,,,,,,,,,,,,,
11,GUANAJUATO,13,SILAO DE LA VICTORIA,37,SILAO DE LA VICTORIA,2654,C02,66,28,1,19,,3,125,2,3,6,276,2,278,745,,,,,,,,,,,,,,,,,,,,,
11,GUANAJUATO,13,SILAO DE LA VICTORIA,37,SILAO DE LA VICTORIA,2654,C03,42,20,0,11,,2,122,4,4,4,241,8,249,744,,,,,,,,,,,,,,,,,,,,,
11,GUANAJUATO,13,SILAO DE LA VICTORIA,37,SILAO DE LA VICTORIA,2654,C04,54,13,0,18,,4,122,1,3,10,230,6,236,744,,,,,,,,,,,,,,,,,,,,,
11,GUANAJUATO,13,SILAO DE LA VICTORIA,37,SILAO DE LA VICTORIA,2654,C05,58,18,1,15,,1,129,2,4,4,262,5,267,744,,,,,,,,,,,,,,,,,,,,,
11,GUANAJUATO,13,SILAO DE LA VICTORIA,37,SILAO DE LA VICTORIA,2655,B,67,26,2,5,,8,125,1,3,2,259,2,261,715,,,,,,,,,,,,,,,,,,,,,ANULADA
11,GUANAJUATO,13,SILAO DE LA VICTORIA,37,SILAO DE LA VICTORIA,2655,C01,80,19,0,9,,7,73,3,3,7,222,5,227,715,,,,,,,,,,,,,,,,,,,,,
11,GUANAJUATO,13,SILAO DE LA VICTORIA,37,SILAO DE LA VICTORIA,2655,C02,54,18,3,11,,10,119,5,4,5,254,6,260,714,,,,,,,,,,,,,,,,,,,,,
11,GUANAJUATO,13,SILAO DE LA VICTORIA,37,SILAO DE LA VICTORIA,2655,C03,52,13,0,5,,8,117,1,1,5,233,6,239,714,,,,,,,,,,,,,,,,,,,,,
11,GUANAJUATO,13,SILAO DE LA VICTORIA,37,SILAO DE LA VICTORIA,2655,C04,59,18,1,13,,7,102,2,1,6,228,2,231,714,,,,,,,,,,,,,,,,,,,,,ANULADA
11,GUANAJUATO,13,SILAO DE LA VICTORIA,37,SILAO DE LA VICTORIA,2656,B,122,30,3,8,,13,90,4,0,0,307,2,309,646,,,,,,,,,,,,,,,,,,,,,
11,GUANAJUATO,13,SILAO DE LA VICTORIA,37,SILAO DE LA VICTORIA,2656,C01,84,39,3,4,,10,94,3,6,4,285,8,293,646,,,,,,,,,,,,,,,,,,,,,
11,GUANAJUATO,13,SILAO DE LA VICTORIA,37,SILAO DE LA VICTORIA,2656,C02,110,43,3,11,,10,101,6,0,6,317,4,322,646,,,,,,,,,,,,,,,,,,,,,
11,GUANAJUATO,13,SILAO DE LA VICTORIA,37,SILAO DE LA VICTORIA,2656,C03,138,36,3,7,,5,84,4,2,2,307,4,311,646,,,,,,,,,,,,,,,,,,,,,
11,GUANAJUATO,13,SILAO DE LA VICTORIA,37,SILAO DE LA VICTORIA,2656,C04,102,28,3,5,,11,85,1,6,6,296,2,299,646,,,,,,,,,,,,,,,,,,,,,
11,GUANAJUATO,13,SILAO DE LA VICTORIA,37,SILAO DE LA VICTORIA,2656,C05,128,25,4,9,,8,85,1,2,8,302,6,308,646,,,,,,,,,,,,,,,,,,,,,
11,GUANAJUATO,13,SILAO DE LA VICTORIA,37,SILAO DE LA VICTORIA,2657,B,68,19,0,4,,10,137,3,4,2,287,4,291,645,,,,,,,,,,,,,,,,,,,,,
11,GUANAJUATO,13,SILAO DE LA VICTORIA,37,SILAO DE LA VICTORIA,2657,C01,69,25,5,10,,0,99,4,3,8,258,3,261,645,,,,,,,,,,,,,,,,,,,,,
11,GUANAJUATO,13,SILAO DE LA VICTORIA,37,SILAO DE LA VICTORIA,2657,S01,28,5,2,7,,5,57,2,3,2,116,0,116,0,,,,,,,,,,,,,,,,,,,,,
11,GUANAJUATO,13,SILAO DE LA VICTORIA,37,SILAO DE LA VICTORIA,2657,C02,59,24,1,8,,12,98,4,2,4,250,3,254,645,,,,,,,,,,,,,,,,,,,,,
11,GUANAJUATO,13,SILAO DE LA VICTORIA,37,SILAO DE LA VICTORIA,2657,C03,67,21,1,8,,11,107,1,2,3,244,7,252,644,,,,,,,,,,,,,,,,,,,,,ANULADA
11,GUANAJUATO,13,SILAO DE LA VICTORIA,37,SILAO DE LA VICTORIA,2658,B,67,22,0,6,,3,93,3,3,7,232,8,240,567,,,,,,,,,,,,,,,,,,,,,
11,GUANAJUATO,13,SILAO DE LA VICTORIA,37,SILAO DE LA VICTORIA,2658,C01,72,22,1,6,,1,74,2,5,7,241,5,246,567,,,,,,,,,,,,,,,,,,,,,
11,GUANAJUATO,13,SILAO DE LA VICTORIA,37,SILAO DE LA VICTORIA,2659,B,89,26,0,11,,4,109,5,3,5,274,3,277,679,,,,,,,,,,,,,,,,,,,,,
11,GUANAJUATO,13,SILAO DE LA VICTORIA,37,SILAO DE LA VICTORIA,2659,C01,64,20,3,15,,15,102,2,4,4,266,3,269,679,,,,,,,,,,,,,,,,,,,,,
11,GUANAJUATO,13,SILAO DE LA VICTORIA,37,SILAO DE LA VICTORIA,2659,C02,73,18,2,9,,5,140,3,1,3,286,7,293,678,,,,,,,,,,,,,,,,,,,,,
11,GUANAJUATO,13,SILAO DE LA VICTORIA,37,SILAO DE LA VICTORIA,2659,C03,80,17,3,14,,3,112,3,5,2,271,3,274,678,,,,,,,,,,,,,,,,,,,,,
11,GUANAJUATO,13,SILAO DE LA VICTORIA,37,SILAO DE LA VICTORIA,2659,C04,58,25,3,25,,4,123,4,7,9,284,4,288,678,,,,,,,,,,,,,,,,,,,,,
11,GUANAJUATO,13,SILAO DE LA VICTORIA,37,SILAO DE LA VICTORIA,2660,B,64,34,2,10,,1,109,4,5,5,280,6,287,658,,,,,,,,,,,,,,,,,,,,,ANULADA
11,GUANAJUATO,13,SILAO DE LA VICTORIA,37,SILAO DE LA VICTORIA,2660,C01,77,25,2,17,,7,97,2,4,6,286,9,295,657,,,,,,,,,,,,,,,,,,,,,
11,GUANAJUATO,13,SILAO DE LA VICTORIA,37,SILAO DE LA VICTORIA,2661,B,37,30,3,3,,4,82,3,2,1,194,2,197,426,,,,,,,,,,,,,,,,,,,,,
11,GUANAJUATO,13,SILAO DE LA VICTORIA,37,SILAO DE LA VICTORIA,2661,C01,50,28,4,10,,1,65,2,0,2,181,9,190,426,,,,,,,,,,,,,,,,,,,,,
11,GUANAJUATO,13,SILAO DE LA VICTORIA,37,SILAO DE LA VICTORIA,2662,B,80,37,4,5,,5,107,1,3,2,286,10,296,578,,,,,,,,,,,,,,,,,,,,,
11,GUANAJUATO,13,SILAO DE LA VICTORIA,37,SILAO DE LA VICTORIA,2662,C01,86,32,2,6,,9,121,0,4,6,297,7,304,577,,,,,,,,,,,,,,,,,,,,,ANULADA
11,GUANAJUATO,13,SILAO DE LA VICTORIA,37,SILAO DE LA VICTORIA,2663,B,90,50,3,10,,7,110,2,1,14,326,8,334,627,,,,,,,,,,,,,,,,,,,,,
11,GUANAJUATO,13,SILAO DE LA VICTORIA,37,SILAO DE LA VICTORIA,2663,C01,104,48,2,8,,11,97,1,1,11,329,10,339,627,,,,,,,,,,,,,,,,,,,,,
11,GUANAJUATO,13,SILAO DE LA VICTORIA,37,SILAO DE LA VICTORIA,2664,B,100,26,3,5,,6,120,5,3,3,310,6,317,706,,,,,,,,,,,,,,,,,,,,,
11,GUANAJUATO,13,SILAO DE LA VICTORIA,37,SILAO DE LA VICTORIA,2664,C01,73,17,3,11,,4,101,2,1,6,252,8,260,706,,,,,,,,,,,,,,,,,,,,,
11,GUANAJUATO,13,SILAO DE LA VICTORIA,37,SILAO DE LA VICTORIA,2664,C02,68,26,2,12,,4,100,0,2,4,263,8,271,706,,,,,,,,,,,,,,,,,,,,,
11,GUANAJUATO,13,SILAO DE LA VICTORIA,37,SILAO DE LA VICTORIA,2664,C03,91,22,1,9,,3,97,0,6,3,277,0,277,706,,,,,,,,,,,,,,,,,,,,,
11,GUANAJUATO,13,SILAO DE LA VICTORIA,37,SILAO DE LA VICTORIA,2664,C04,85,23,3,3,,8,118,3,4,4,296,4,301,706,,,,,,,,,,,,,,,,,,,,,
11,GUANAJUATO,13,SILAO DE LA VICTORIA,37,SILAO DE LA VICTORIA,2664,C05,76,42,2,9,,9,116,1,4,5,302,11,313,705,,,,,,,,,,,,,,,,,,,,,
11,GUANAJUATO,13,SILAO DE LA VICTORIA,37,SILAO DE LA VICTORIA,2664,C06,81,18,5,6,,9,112,1,5,7,290,3,294,705,,,,,,,,,,,,,,,,,,,,,
11,GUANAJUATO,13,SILAO DE LA VICTORIA,37,SILAO DE LA VICTORIA,2665,B,64,28,6,6,,1,78,4,6,2,227,7,234,552,,,,,,,,,,,,,,,,,,,,,
11,GUANAJUATO,13,SILAO DE LA VICTORIA,37,SILAO DE LA VICTORIA,2665,C01,63,10,1,12,,5,72,2,2,4,219,6,226,552,,,,,,,,,,,,,,,,,,,,,
11,GUANAJUATO,13,SILAO DE LA VICTORIA,37,SILAO DE LA VICTORIA,2666,B,88,26,1,8,,2,77,0,1,5,235,6,242,494,,,,,,,,,,,,,,,,,,,,,
11,GUANAJUATO,13,SILAO DE LA VICTORIA,37,SILAO DE LA VICTORIA,2666,C01,97,28,6,9,,2,84,1,2,2,304,5,309,493,,,,,,,,,,,,,,,,,,,,,ANULADA
11,GUANAJUATO,13,SILAO DE LA VICTORIA,37,SILAO DE LA VICTORIA,2667,B,165,110,1,9,,7,119,5,0,5,463,14,478,741,,,,,,,,,,,,,,,,,,,,,
11,GUANAJUATO,13,SILAO DE LA VICTORIA,37,SILAO DE LA VICTORIA,2668,B,104,51,2,6,,4,85,1,4,2,298,6,306,524,,,,,,,,,,,,,,,,,,,,,
11,GUANAJUATO,13,SILAO DE LA VICTORIA,37,SILAO DE LA VICTORIA,2668,C01,98,40,2,4,,5,97,5,2,8,300,8,308,523,,,,,,,,,,,,,,,,,,,,,
11,GUANAJUATO,13,SILAO DE LA VICTORIA,37,SILAO DE LA VICTORIA,2669,B,83,39,5,10,,9,136,6,5,6,350,10,360,687,,,,,,,,,,,,,,,,,,,,,
11,GUANAJUATO,13,SILAO DE LA VICTORIA,37,SILAO DE LA VICTORIA,2669,C01,63,36,2,10,,2,165,8,6,6,349,15,364,686,,,,,,,,,,,,,,,,,,,,,
11,GUANAJUATO,13,SILAO DE LA VICTORIA,37,SILAO DE LA VICTORIA,2670,B,65,27,2,12,,3,111,1,2,1,269,10,279,630,,,,,,,,,,,,,,,,,,,,,ANULADA
11,GUANAJUATO,13,SILAO DE LA VICTORIA,37,SILAO DE LA VICTORIA,2670,C01,73,20,1,10,,10,126,4,3,5,293,5,298,629,,,,,,,,,,,,,,,,,,,,,
11,GUANAJUATO,13,SILAO DE LA VICTORIA,37,SILAO DE LA VICTORIA,2671,B,113,35,3,11,,8,101,2,1,7,331,4,335,657,,,,,,,,,,,,,,,,,,,,,
11,GUANAJUATO,13,SILAO DE LA VICTORIA,37,SILAO DE LA VICTORIA,2671,C01,95,26,2,9,,5,129,4,1,3,336,9,346,657,,,,,,,,,,,,,,,,,,,,,ANULADA
11,GUANAJUATO,13,SILAO DE LA VICTORIA,37,SILAO DE LA VICTORIA,2672,B,67,18,1,5,,7,108,4,2,0,238,4,242,535,,,,,,,,,,,,,,,,,,,,,
11,GUANAJUATO,13,SILAO DE LA VICTORIA,37,SILAO DE LA VICTORIA,2672,C01,54,13,1,11,,16,106,1,5,2,230,4,234,534,,,,,,,,,,,,,,,,,,,,,
11,GUANAJUATO,13,SILAO DE LA VICTORIA,37,SILAO DE LA VICTORIA,2673,B,80,34,2,13,,12,142,6,2,4,330,7,337,694,,,,,,,,,,,,,,,,,,,,,
11,GUANAJUATO,13,SILAO DE LA VICTORIA,37,SILAO DE LA VICTORIA,2673,C01,73,22,0,4,,12,144,1,2,3,296,8,304,693,,,,,,,,,,,,,,,,,,,,,
11,GUANAJUATO,13,SILAO DE LA VICTORIA,37,SILAO DE LA VICTORIA,2674,B,145,16,3,8,,7,114,3,2,4,333,11,345,600,,,,,,,,,,,,,,,,,,,,,
11,GUANAJUATO,13,SILAO DE LA VICTORIA,37,SILAO DE LA VICTORIA,2675,B,88,26,0,6,,10,81,3,1,1,251,3,255,487,,,,,,,,,,,,,,,,,,,,,
11,GUANAJUATO,13,SILAO DE LA VICTORIA,37,SILAO DE LA VICTORIA,2675,C01,83,13,1,7,,9,97,2,4,3,256,6,262,487,,,,,,,,,,,,,,,,,,,,,
11,GUANAJUATO,13,SILAO DE LA VICTORIA,37,SILAO DE LA VICTORIA,2676,B,97,31,2,10,,5,115,0,0,5,315,8,324,678,,,,,,,,,,,,,,,,,,,,,
11,GUANAJUATO,13,SILAO DE LA VICTORIA,37,SILAO DE LA VICTORIA,2676,C01,83,38,2,8,,4,131,3,2,5,331,8,339,678,,,,,,,,,,,,,,,,,,,,,
11,GUANAJUATO,13,SILAO DE LA VICTORIA,37,SILAO DE LA VICTORIA,2676,C02,107,43,1,10,,10,100,0,1,4,321,3,324,678,,,,,,,,,,,,,,,,,,,,,
11,GUANAJUATO,13,SILAO DE LA VICTORIA,37,SILAO DE LA VICTORIA,2677,B,51,28,7,5,,4,82,2,2,5,209,4,213,573,,,,,,,,,,,,,,,,,,,,,
11,GUANAJUATO,13,SILAO DE LA VICTORIA,37,SILAO DE LA VICTORIA,2677,C01,45,23,7,7,,7,80,0,4,2,204,8,212,572,,,,,,,,,,,,,,,,,,,,,
11,GUANAJUATO,13,SILAO DE LA VICTORIA,37,SILAO DE LA VICTORIA,2678,B,81,12,2,3,,3,95,6,0,2,226,5,231,657,,,,,,,,,,,,,,,,,,,,,
11,GUANAJUATO,13,SILAO DE LA VICTORIA,37,SILAO DE LA VICTORIA,2678,C01,62,16,1,4,,2,84,1,3,2,201,2,203,657,,,,,,,,,,,,,,,,,,,,,
11,GUANAJUATO,13,SILAO DE LA VICTORIA,37,SILAO DE LA VICTORIA,2678,C02,30,17,1,6,,7,107,4,4,1,207,4,211,657,,,,,,,,,,,,,,,,,,,,,
11,GUANAJUATO,13,SILAO DE LA VICTORIA,37,SILAO DE LA VICTORIA,2678,C03,70,21,1,5,,6,105,4,1,4,241,5,246,656,,,,,,,,,,,,,,,,,,,,,
11,GUANAJUATO,13,SILAO DE LA VICTORIA,37,SILAO DE LA VICTORIA,2678,C04,79,8,1,5,,3,103,0,4,5,226,4,230,656,,,,,,,,,,,,,,,,,,,,,
11,GUANAJUATO,13,SILAO DE LA VICTORIA,37,SILAO DE LA VICTORIA,2679,B,88,15,0,8,,6,82,1,4,3,232,2,234,426,,,,,,,,,,,,,,,,,,,,,
11,GUANAJUATO,13,SILAO DE LA VICTORIA,37,SILAO DE LA VICTORIA,2679,C01,88,16,0,10,,4,100,0,2,3,246,5,251,425,,,,,,,,,,,,,,,,,,,,,
11,GUANAJUATO,13,SILAO DE LA VICTORIA,37,SILAO DE LA VICTORIA,2680,B,72,23,5,5,,7,107,1,4,1,251,7,258,411,,,,,,,,,,,,,,,,,,,,,
11,GUANAJUATO,13,SILAO DE LA VICTORIA,37,SILAO DE LA VICTORIA,2680,C01,44,28,15,9,,8,102,1,4,2,238,4,243,411,,,,,,,,,,,,,,,,,,,,,
11,GUANAJUATO,13,SILAO DE LA VICTORIA,37,SILAO DE LA VICTORIA,2681,B,98,28,3,7,,6,147,1,3,1,326,2,328,652,,,,,,,,,,,,,,,,,,,,,
11,GUANAJUATO,13,SILAO DE LA VICTORIA,37,SILAO DE LA VICTORIA,2681,C01,104,20,1,3,,9,144,0,2,1,319,5,324,652,,,,,,,,,,,,,,,,,,,,,
11,GUANAJUATO,13,SILAO DE LA VICTORIA,37,SILAO DE LA VICTORIA,2682,B,103,11,3,13,,5,119,1,1,1,284,0,284,573,,,,,,,,,,,,,,,,,,,,,
11,GUANAJUATO,13,SILAO DE LA VICTORIA,37,SILAO DE LA VICTORIA,2682,C01,76,18,0,8,,5,128,4,2,0,269,8,277,573,,,,,,,,,,,,,,,,,,,,,ANULADA
11,GUANAJUATO,13,SILAO DE LA VICTORIA,37,SILAO DE LA VICTORIA,2682,C02,81,14,1,10,,3,105,2,4,4,239,9,248,572,,,,,,,,,,,,,,,,,,,,,
11,GUANAJUATO,13,SILAO DE LA VICTORIA,37,SILAO DE LA VICTORIA,2683,B,85,23,2,10,,10,131,5,2,5,299,6,305,744,,,,,,,,,,,,,,,,,,,,,
11,GUANAJUATO,13,SILAO DE LA VICTORIA,37,SILAO DE LA VICTORIA,2683,C01,74,20,0,14,,3,124,7,3,1,267,7,274,744,,,,,,,,,,,,,,,,,,,,,
11,GUANAJUATO,13,SILAO DE LA VICTORIA,37,SILAO DE LA VICTORIA,2683,C02,87,19,2,13,,8,141,6,7,0,302,3,305,744,,,,,,,,,,,,,,,,,,,,,
11,GUANAJUATO,13,SILAO DE LA VICTORIA,37,SILAO DE LA VICTORIA,2683,C03,79,12,1,10,,3,134,3,3,2,261,8,274,744,,,,,,,,,,,,,,,,,,,,,
11,GUANAJUATO,13,SILAO DE LA VICTORIA,37,SILAO DE LA VICTORIA,2683,C04,78,19,0,14,,3,115,6,0,6,268,8,277,743,,,,,,,,,,,,,,,,,,,,,
11,GUANAJUATO,13,SILAO DE LA VICTORIA,37,SILAO DE LA VICTORIA,2683,C05,66,26,3,6,,10,140,4,3,2,287,6,293,743,,,,,,,,,,,,,,,,,,,,,
11,GUANAJUATO,13,SILAO DE LA VICTORIA,37,SILAO DE LA VICTORIA,2683,C06,76,10,3,6,,9,135,3,3,1,271,6,277,743,,,,,,,,,,,,,,,,,,,,,
11,GUANAJUATO,13,SILAO DE LA VICTORIA,37,SILAO DE LA VICTORIA,2684,B,126,19,1,19,,9,97,5,2,2,304,3,307,680,,,,,,,,,,,,,,,,,,,,,
11,GUANAJUATO,13,SILAO DE LA VICTORIA,37,SILAO DE LA VICTORIA,2684,C01,138,21,3,22,,2,119,2,6,0,330,4,334,680,,,,,,,,,,,,,,,,,,,,,
11,GUANAJUATO,13,SILAO DE LA VICTORIA,37,SILAO DE LA VICTORIA,2685,B,75,26,1,6,,8,147,2,3,2,305,6,311,630,,,,,,,,,,,,,,,,,,,,,
11,GUANAJUATO,13,SILAO DE LA VICTORIA,37,SILAO DE LA VICTORIA,2685,C01,88,21,2,10,,4,125,1,0,5,277,6,283,629,,,,,,,,,,,,,,,,,,,,,
11,GUANAJUATO,13,SILAO DE LA VICTORIA,37,SILAO DE LA VICTORIA,2686,B,70,22,0,6,,5,86,0,2,2,224,7,231,615,,,,,,,,,,,,,,,,,,,,,
11,GUANAJUATO,13,SILAO DE LA VICTORIA,37,SILAO DE LA VICTORIA,2686,C01,62,21,2,12,,3,101,2,4,1,233,6,239,615,,,,,,,,,,,,,,,,,,,,,
11,GUANAJUATO,13,SILAO DE LA VICTORIA,37,SILAO DE LA VICTORIA,2686,C02,62,19,1,18,,1,102,3,6,3,254,3,257,614,,,,,,,,,,,,,,,,,,,,,
11,GUANAJUATO,13,SILAO DE LA VICTORIA,37,SILAO DE LA VICTORIA,2686,C03,64,15,0,14,,8,86,0,3,3,216,4,220,614,,,,,,,,,,,,,,,,,,,,,
11,GUANAJUATO,13,SILAO DE LA VICTORIA,37,SILAO DE LA VICTORIA,2687,B,83,14,2,6,,2,63,0,0,0,172,1,173,553,,,,,,,,,,,,,,,,,,,,,
11,GUANAJUATO,13,SILAO DE LA VICTORIA,37,SILAO DE LA VICTORIA,2687,C01,104,23,1,4,,0,45,1,0,1,179,4,183,553,,,,,,,,,,,,,,,,,,,,,
11,GUANAJUATO,13,SILAO DE LA VICTORIA,37,SILAO DE LA VICTORIA,2687,C02,87,9,1,3,,1,51,2,2,0,159,1,160,553,,,,,,,,,,,,,,,,,,,,,
11,GUANAJUATO,13,SILAO DE LA VICTORIA,37,SILAO DE LA VICTORIA,2688,B,60,51,2,5,,0,14,3,0,0,248,7,255,514,,,,,,,,,,,,,,,,,,,,,ANULADA
11,GUANAJUATO,13,SILAO DE LA VICTORIA,37,SILAO DE LA VICTORIA,2688,C01,52,48,6,9,,0,19,1,2,0,138,3,141,513,,,,,,,,,,,,,,,,,,,,,
11,GUANAJUATO,13,SILAO DE LA VICTORIA,37,SILAO DE LA VICTORIA,2688,C02,65,45,0,3,,2,29,3,3,0,201,4,205,513,,,,,,,,,,,,,,,,,,,,,ANULADA
11,GUANAJUATO,13,SILAO DE LA VICTORIA,37,SILAO DE LA VICTORIA,2689,B,67,18,1,10,,0,39,3,3,1,153,2,155,445,,,,,,,,,,,,,,,,,,,,,
11,GUANAJUATO,13,SILAO DE LA VICTORIA,37,SILAO DE LA VICTORIA,2689,C01,54,16,1,10,,3,27,0,0,1,114,5,119,445,,,,,,,,,,,,,,,,,,,,,
11,GUANAJUATO,13,SILAO DE LA VICTORIA,37,SILAO DE LA VICTORIA,2689,E01,68,13,1,10,,7,58,0,5,1,174,5,179,512,,,,,,,,,,,,,,,,,,,,,
11,GUANAJUATO,13,SILAO DE LA VICTORIA,37,SILAO DE LA VICTORIA,2690,B,122,35,3,3,,3,42,1,0,2,214,2,216,606,,,,,,,,,,,,,,,,,,,,,
11,GUANAJUATO,13,SILAO DE LA VICTORIA,37,SILAO DE LA VICTORIA,2690,C01,107,36,3,12,,1,28,1,0,1,192,0,192,606,,,,,,,,,,,,,,,,,,,,,
11,GUANAJUATO,13,SILAO DE LA VICTORIA,37,SILAO DE LA VICTORIA,2690,C02,102,37,1,8,,6,32,2,1,1,190,4,194,606,,,,,,,,,,,,,,,,,,,,,
11,GUANAJUATO,13,SILAO DE LA VICTORIA,37,SILAO DE LA VICTORIA,2690,C03,112,21,0,2,,2,48,1,2,0,195,5,200,605,,,,,,,,,,,,,,,,,,,,,
11,GUANAJUATO,13,SILAO DE LA VICTORIA,37,SILAO DE LA VICTORIA,2691,B,131,40,0,24,,3,26,1,3,0,234,11,245,569,,,,,,,,,,,,,,,,,,,,,
11,GUANAJUATO,13,SILAO DE LA VICTORIA,37,SILAO DE LA VICTORIA,2691,C01,93,34,3,29,,1,23,1,3,0,196,6,202,568,,,,,,,,,,,,,,,,,,,,,
11,GUANAJUATO,13,SILAO DE LA VICTORIA,37,SILAO DE LA VICTORIA,2692,B,76,11,4,15,,4,101,0,4,0,225,9,234,726,,,,,,,,,,,,,,,,,,,,,
11,GUANAJUATO,13,SILAO DE LA VICTORIA,37,SILAO DE LA VICTORIA,2692,C01,103,22,3,30,,3,116,3,3,0,283,3,287,726,,,,,,,,,,,,,,,,,,,,,
11,GUANAJUATO,13,SILAO DE LA VICTORIA,37,SILAO DE LA VICTORIA,2692,C02,82,15,4,27,,3,108,4,4,3,255,6,261,725,,,,,,,,,,,,,,,,,,,,,
11,GUANAJUATO,13,SILAO DE LA VICTORIA,37,SILAO DE LA VICTORIA,2693,B,97,54,8,42,,2,58,6,5,1,282,4,286,692,,,,,,,,,,,,,,,,,,,,,
11,GUANAJUATO,13,SILAO DE LA VICTORIA,37,SILAO DE LA VICTORIA,2693,C01,63,53,4,46,,2,96,1,2,2,276,5,281,691,,,,,,,,,,,,,,,,,,,,,
11,GUANAJUATO,13,SILAO DE LA VICTORIA,37,SILAO DE LA VICTORIA,2694,B,100,30,1,19,,4,78,0,2,1,246,7,253,739,,,,,,,,,,,,,,,,,,,,,
11,GUANAJUATO,13,SILAO DE LA VICTORIA,37,SILAO DE LA VICTORIA,2694,C01,73,36,1,20,,3,73,4,3,4,226,8,235,738,,,,,,,,,,,,,,,,,,,,,
11,GUANAJUATO,13,SILAO DE LA VICTORIA,37,SILAO DE LA VICTORIA,2694,C02,96,20,5,19,,5,65,1,1,3,237,13,250,738,,,,,,,,,,,,,,,,,,,,,
11,GUANAJUATO,13,SILAO DE LA VICTORIA,37,SILAO DE LA VICTORIA,2694,C03,88,39,2,19,,3,65,4,4,4,235,5,240,738,,,,,,,,,,,,,,,,,,,,,
11,GUANAJUATO,13,SILAO DE LA VICTORIA,37,SILAO DE LA VICTORIA,2695,B,113,16,2,12,,4,48,0,1,1,200,7,207,564,,,,,,,,,,,,,,,,,,,,,
11,GUANAJUATO,13,SILAO DE LA VICTORIA,37,SILAO DE LA VICTORIA,2695,C01,75,14,4,9,,3,41,2,2,0,154,33,187,564,,,,,,,,,,,,,,,,,,,,,
11,GUANAJUATO,13,SILAO DE LA VICTORIA,37,SILAO DE LA VICTORIA,2695,C02,99,21,1,20,,0,29,0,0,2,175,12,187,564,,,,,,,,,,,,,,,,,,,,,
11,GUANAJUATO,13,SILAO DE LA VICTORIA,37,SILAO DE LA VICTORIA,2695,C03,99,17,2,23,,3,56,0,1,0,206,9,215,564,,,,,,,,,,,,,,,,,,,,,
11,GUANAJUATO,13,SILAO DE LA VICTORIA,37,SILAO DE LA VICTORIA,2696,B,80,15,1,11,,1,26,0,0,1,141,2,143,513,,,,,,,,,,,,,,,,,,,,,
11,GUANAJUATO,13,SILAO DE LA VICTORIA,37,SILAO DE LA VICTORIA,2696,C01,81,19,2,12,,2,21,1,1,0,141,3,145,513,,,,,,,,,,,,,,,,,,,,,
11,GUANAJUATO,13,SILAO DE LA VICTORIA,37,SILAO DE LA VICTORIA,2696,C02,59,18,0,12,,3,41,1,1,2,141,3,144,513,,,,,,,,,,,,,,,,,,,,,
11,GUANAJUATO,13,SILAO DE LA VICTORIA,37,SILAO DE LA VICTORIA,2697,B,60,18,6,13,,1,79,1,4,2,224,6,230,647,,,,,,,,,,,,,,,,,,,,,
11,GUANAJUATO,13,SILAO DE LA VICTORIA,37,SILAO DE LA VICTORIA,2698,B,78,10,4,10,,3,34,2,2,0,157,2,159,440,,,,,,,,,,,,,,,,,,,,,
11,GUANAJUATO,13,SILAO DE LA VICTORIA,37,SILAO DE LA VICTORIA,2698,C01,81,9,11,17,,3,49,4,0,1,187,6,193,439,,,,,,,,,,,,,,,,,,,,,
11,GUANAJUATO,13,SILAO DE LA VICTORIA,37,SILAO DE LA VICTORIA,2698,E01,69,38,4,16,,6,105,5,5,11,284,9,293,717,,,,,,,,,,,,,,,,,,,,,
11,GUANAJUATO,13,SILAO DE LA VICTORIA,37,SILAO DE LA VICTORIA,2699,B,75,21,4,15,,6,107,4,3,1,241,7,248,636,,,,,,,,,,,,,,,,,,,,,ANULADA
11,GUANAJUATO,13,SILAO DE LA VICTORIA,37,SILAO DE LA VICTORIA,2699,C01,71,52,0,4,,5,116,3,0,2,257,7,264,635,,,,,,,,,,,,,,,,,,,,,
11,GUANAJUATO,13,SILAO DE LA VICTORIA,37,SILAO DE LA VICTORIA,2699,E01,46,2,0,5,,4,82,2,2,0,148,4,152,464,,,,,,,,,,,,,,,,,,,,,
11,GUANAJUATO,13,SILAO DE LA VICTORIA,37,SILAO DE LA VICTORIA,2699,E01C01,44,8,0,10,,5,70,1,0,2,144,4,148,464,,,,,,,,,,,,,,,,,,,,,
11,GUANAJUATO,13,SILAO DE LA VICTORIA,37,SILAO DE LA VICTORIA,2700,B,135,9,3,17,,3,103,4,1,1,296,4,300,657,,,,,,,,,,,,,,,,,,,,,
11,GUANAJUATO,13,SILAO DE LA VICTORIA,37,SILAO DE LA VICTORIA,2700,C01,86,10,1,21,,2,95,4,0,2,240,6,246,656,,,,,,,,,,,,,,,,,,,,,
11,GUANAJUATO,13,SILAO DE LA VICTORIA,37,SILAO DE LA VICTORIA,2700,C02,67,11,4,19,,3,119,12,1,2,247,10,257,656,,,,,,,,,,,,,,,,,,,,,
11,GUANAJUATO,13,SILAO DE LA VICTORIA,37,SILAO DE LA VICTORIA,2700,C03,102,39,0,33,,5,84,5,0,1,277,13,290,656,,,,,,,,,,,,,,,,,,,,,
11,GUANAJUATO,13,SILAO DE LA VICTORIA,37,SILAO DE LA VICTORIA,2701,B,81,65,3,5,,1,37,2,1,0,197,2,199,515,,,,,,,,,,,,,,,,,,,,,
11,GUANAJUATO,13,SILAO DE LA VICTORIA,37,SILAO DE LA VICTORIA,2701,C01,87,66,0,7,,1,35,2,2,2,215,5,220,515,,,,,,,,,,,,,,,,,,,,,
11,GUANAJUATO,13,SILAO DE LA VICTORIA,37,SILAO DE LA VICTORIA,2702,B,111,39,3,13,,1,62,6,0,0,244,1,245,660,,,,,,,,,,,,,,,,,,,,,
11,GUANAJUATO,13,SILAO DE LA VICTORIA,37,SILAO DE LA VICTORIA,2702,C01,103,24,2,15,,5,50,1,0,0,205,3,208,660,,,,,,,,,,,,,,,,,,,,,
11,GUANAJUATO,13,SILAO DE LA VICTORIA,37,SILAO DE LA VICTORIA,2702,C02,90,37,3,10,,4,49,5,0,1,201,7,208,660,,,,,,,,,,,,,,,,,,,,,
11,GUANAJUATO,13,SILAO DE LA VICTORIA,37,SILAO DE LA VICTORIA,2702,C03,85,56,2,9,,3,78,2,3,3,252,1,253,660,,,,,,,,,,,,,,,,,,,,,
11,GUANAJUATO,13,SILAO DE LA VICTORIA,37,SILAO DE LA VICTORIA,2703,B,152,16,2,11,,2,87,3,7,2,296,4,300,690,,,,,,,,,,,,,,,,,,,,,
11,GUANAJUATO,13,SILAO DE LA VICTORIA,37,SILAO DE LA VICTORIA,2703,C01,145,10,0,6,,0,91,5,2,6,275,5,280,690,,,,,,,,,,,,,,,,,,,,,
11,GUANAJUATO,13,SILAO DE LA VICTORIA,37,SILAO DE LA VICTORIA,2703,C02,126,11,0,11,,6,90,6,4,1,265,2,267,690,,,,,,,,,,,,,,,,,,,,,
11,GUANAJUATO,13,SILAO DE LA VICTORIA,37,SILAO DE LA VICTORIA,2704,B,94,13,0,3,,7,90,1,6,6,241,3,244,577,,,,,,,,,,,,,,,,,,,,,
11,GUANAJUATO,13,SILAO DE LA VICTORIA,37,SILAO DE LA VICTORIA,2704,C01,87,6,1,4,,2,103,2,5,2,232,0,232,576,,,,,,,,,,,,,,,,,,,,,
11,GUANAJUATO,13,SILAO DE LA VICTORIA,37,SILAO DE LA VICTORIA,2704,C02,80,11,2,8,,3,90,0,3,5,215,2,217,576,,,,,,,,,,,,,,,,,,,,,
11,GUANAJUATO,13,SILAO DE LA VICTORIA,37,SILAO DE LA VICTORIA,2705,B,64,29,4,7,,1,64,2,2,0,185,5,190,645,,,,,,,,,,,,,,,,,,,,,
11,GUANAJUATO,13,SILAO DE LA VICTORIA,37,SILAO DE LA VICTORIA,2705,C01,83,32,0,7,,0,55,4,6,0,203,4,207,645,,,,,,,,,,,,,,,,,,,,,
11,GUANAJUATO,13,SILAO DE LA VICTORIA,37,SILAO DE LA VICTORIA,2705,C02,44,26,0,4,,3,50,2,0,0,140,5,145,645,,,,,,,,,,,,,,,,,,,,,
11,GUANAJUATO,13,SILAO DE LA VICTORIA,37,SILAO DE LA VICTORIA,2705,C03,55,23,1,6,,3,52,2,4,0,158,1,159,644,,,,,,,,,,,,,,,,,,,,,
11,GUANAJUATO,13,SILAO DE LA VICTORIA,37,SILAO DE LA VICTORIA,2706,B,106,22,3,16,,3,120,3,4,4,286,4,290,688,,,,,,,,,,,,,,,,,,,,,
11,GUANAJUATO,13,SILAO DE LA VICTORIA,37,SILAO DE LA VICTORIA,2706,C01,109,24,5,14,,3,112,3,3,2,281,12,294,687,,,,,,,,,,,,,,,,,,,,,
11,GUANAJUATO,13,SILAO DE LA VICTORIA,37,SILAO DE LA VICTORIA,2707,B,98,20,2,10,,2,37,7,1,0,186,6,192,509,,,,,,,,,,,,,,,,,,,,,
11,GUANAJUATO,13,SILAO DE LA VICTORIA,37,SILAO DE LA VICTORIA,2707,C01,109,20,3,4,,2,34,14,3,2,200,9,209,509,,,,,,,,,,,,,,,,,,,,,
11,GUANAJUATO,13,SILAO DE LA VICTORIA,37,SILAO DE LA VICTORIA,2708,B,23,20,0,2,,0,12,0,0,0,59,1,60,159,,,,,,,,,,,,,,,,,,,,,
11,GUANAJUATO,13,SILAO DE LA VICTORIA,37,SILAO DE LA VICTORIA,2709,B,60,30,4,10,,3,79,1,1,7,197,8,205,723,,,,,,,,,,,,,,,,,,,,,
11,GUANAJUATO,13,SILAO DE LA VICTORIA,37,SILAO DE LA VICTORIA,2709,C01,55,28,3,2,,1,51,2,2,2,154,1,155,723,,,,,,,,,,,,,,,,,,,,,
11,GUANAJUATO,13,SILAO DE LA VICTORIA,37,SILAO DE LA VICTORIA,2709,C02,64,13,1,3,,1,68,4,2,1,162,4,166,723,,,,,,,,,,,,,,,,,,,,,
11,GUANAJUATO,13,SILAO DE LA VICTORIA,37,SILAO DE LA VICTORIA,2709,C03,37,26,0,6,,7,56,2,2,0,141,2,143,722,,,,,,,,,,,,,,,,,,,,,
11,GUANAJUATO,13,SILAO DE LA VICTORIA,37,SILAO DE LA VICTORIA,2710,B,56,16,5,11,,5,97,2,0,6,227,5,232,747,,,,,,,,,,,,,,,,,,,,,
11,GUANAJUATO,13,SILAO DE LA VICTORIA,37,SILAO DE LA VICTORIA,2710,C01,40,16,1,6,,13,98,1,2,5,214,7,221,746,,,,,,,,,,,,,,,,,,,,,ANULADA
11,GUANAJUATO,13,SILAO DE LA VICTORIA,37,SILAO DE LA VICTORIA,2710,C02,62,14,1,7,,6,87,2,1,0,202,4,206,746,,,,,,,,,,,,,,,,,,,,,
11,GUANAJUATO,13,SILAO DE LA VICTORIA,37,SILAO DE LA VICTORIA,2710,C03,47,16,0,7,,7,102,2,1,3,203,3,206,746,,,,,,,,,,,,,,,,,,,,,
11,GUANAJUATO,13,SILAO DE LA VICTORIA,37,SILAO DE LA VICTORIA,2710,C04,59,12,2,6,,5,117,1,2,2,220,5,225,746,,,,,,,,,,,,,,,,,,,,,
11,GUANAJUATO,13,SILAO DE LA VICTORIA,37,SILAO DE LA VICTORIA,2710,C05,74,27,2,4,,8,80,1,2,0,230,1,231,746,,,,,,,,,,,,,,,,,,,,,
11,GUANAJUATO,13,SILAO DE LA VICTORIA,37,SILAO DE LA VICTORIA,2710,C06,72,23,1,4,,6,86,0,3,4,235,11,246,746,,,,,,,,,,,,,,,,,,,,,
11,GUANAJUATO,13,SILAO DE LA VICTORIA,37,SILAO DE LA VICTORIA,2710,C07,53,25,4,3,,9,83,2,1,5,214,5,219,746,,,,,,,,,,,,,,,,,,,,,
11,GUANAJUATO,13,SILAO DE LA VICTORIA,37,SILAO DE LA VICTORIA,2711,B,47,19,4,14,,5,63,1,5,4,174,0,174,479,,,,,,,,,,,,,,,,,,,,,
11,GUANAJUATO,13,SILAO DE LA VICTORIA,37,SILAO DE LA VICTORIA,2711,C01,51,19,6,12,,3,72,0,0,1,179,1,180,479,,,,,,,,,,,,,,,,,,,,,
11,GUANAJUATO,13,SILAO DE LA VICTORIA,37,SILAO DE LA VICTORIA,2712,B,91,37,2,18,,4,42,2,2,11,222,7,229,634,,,,,,,,,,,,,,,,,,,,,
11,GUANAJUATO,13,SILAO DE LA VICTORIA,37,SILAO DE LA VICTORIA,2712,C01,72,43,17,14,,8,49,7,1,14,233,14,248,633,,,,,,,,,,,,,,,,,,,,,
11,GUANAJUATO,13,SILAO DE LA VICTORIA,37,SILAO DE LA VICTORIA,2712,C02,64,49,21,13,,3,67,4,0,24,263,7,270,633,,,,,,,,,,,,,,,,,,,,,
11,GUANAJUATO,13,SILAO DE LA VICTORIA,37,SILAO DE LA VICTORIA,2712,C03,47,40,12,16,,0,72,10,2,20,232,2,234,633,,,,,,,,,,,,,,,,,,,,,
11,GUANAJUATO,13,SILAO DE LA VICTORIA,37,SILAO DE LA VICTORIA,2713,B,54,32,4,10,,3,30,1,0,5,148,7,155,413,,,,,,,,,,,,,,,,,,,,,
11,GUANAJUATO,13,SILAO DE LA VICTORIA,37,SILAO DE LA VICTORIA,2713,C01,46,29,6,4,,1,47,8,1,1,148,5,153,413,,,,,,,,,,,,,,,,,,,,,
11,GUANAJUATO,13,SILAO DE LA VICTORIA,37,SILAO DE LA VICTORIA,2714,B,105,39,2,14,,2,76,0,2,2,260,5,265,647,,,,,,,,,,,,,,,,,,,,,
11,GUANAJUATO,13,SILAO DE LA VICTORIA,37,SILAO DE LA VICTORIA,2714,C01,87,40,1,12,,2,70,1,3,0,245,4,249,646,,,,,,,,,,,,,,,,,,,,,
11,GUANAJUATO,13,SILAO DE LA VICTORIA,37,SILAO DE LA VICTORIA,2714,C02,93,30,1,6,,7,92,1,3,2,244,5,249,646,,,,,,,,,,,,,,,,,,,,,
11,GUANAJUATO,13,SILAO DE LA VICTORIA,37,SILAO DE LA VICTORIA,2715,B,119,44,0,6,,9,94,3,1,0,306,4,310,677,,,,,,,,,,,,,,,,,,,,,
11,GUANAJUATO,13,SILAO DE LA VICTORIA,37,SILAO DE LA VICTORIA,2715,C01,105,35,2,4,,10,91,1,2,1,281,3,284,676,,,,,,,,,,,,,,,,,,,,,
11,GUANAJUATO,13,SILAO DE LA VICTORIA,37,SILAO DE LA VICTORIA,2715,C02,100,44,2,5,,4,95,5,2,1,274,5,280,676,,,,,,,,,,,,,,,,,,,,,
11,GUANAJUATO,13,SILAO DE LA VICTORIA,37,SILAO DE LA VICTORIA,2716,B,91,12,3,17,,0,52,5,2,5,189,9,198,521,,,,,,,,,,,,,,,,,,,,,
11,GUANAJUATO,13,SILAO DE LA VICTORIA,37,SILAO DE LA VICTORIA,2716,C01,71,12,2,5,,1,63,3,2,4,166,3,169,520,,,,,,,,,,,,,,,,,,,,,
11,GUANAJUATO,13,SILAO DE LA VICTORIA,37,SILAO DE LA VICTORIA,2717,B,75,31,1,5,,2,58,4,1,1,187,8,195,637,,,,,,,,,,,,,,,,,,,,,
11,GUANAJUATO,13,SILAO DE LA VICTORIA,37,SILAO DE LA VICTORIA,2717,C01,75,20,1,15,,2,71,3,3,4,204,3,207,637,,,,,,,,,,,,,,,,,,,,,
11,GUANAJUATO,13,SILAO DE LA VICTORIA,37,SILAO DE LA VICTORIA,2717,C02,89,20,0,3,,1,55,5,1,0,187,6,193,637,,,,,,,,,,,,,,,,,,,,,
11,GUANAJUATO,13,SILAO DE LA VICTORIA,37,SILAO DE LA VICTORIA,2717,C03,97,18,5,8,,5,64,0,2,1,221,4,225,637,,,,,,,,,,,,,,,,,,,,,
11,GUANAJUATO,13,SILAO DE LA VICTORIA,37,SILAO DE LA VICTORIA,2717,C04,61,22,0,8,,3,81,5,1,3,188,6,194,637,,,,,,,,,,,,,,,,,,,,,
11,GUANAJUATO,13,SILAO DE LA VICTORIA,37,SILAO DE LA VICTORIA,2718,B,67,15,2,3,,5,61,5,0,2,175,6,181,481,,,,,,,,,,,,,,,,,,,,,
11,GUANAJUATO,13,SILAO DE LA VICTORIA,37,SILAO DE LA VICTORIA,2718,C01,87,19,1,3,,6,68,5,2,1,202,3,205,480,,,,,,,,,,,,,,,,,,,,,
11,GUANAJUATO,13,SILAO DE LA VICTORIA,37,SILAO DE LA VICTORIA,2719,B,97,18,2,13,,6,96,6,5,1,257,3,260,710,,,,,,,,,,,,,,,,,,,,,
11,GUANAJUATO,13,SILAO DE LA VICTORIA,37,SILAO DE LA VICTORIA,2719,C01,96,17,1,5,,6,76,3,1,9,220,8,228,710,,,,,,,,,,,,,,,,,,,,,
11,GUANAJUATO,13,SILAO DE LA VICTORIA,37,SILAO DE LA VICTORIA,2719,C02,79,26,4,5,,11,93,4,2,1,238,4,242,710,,,,,,,,,,,,,,,,,,,,,
11,GUANAJUATO,13,SILAO DE LA VICTORIA,37,SILAO DE LA VICTORIA,2720,B,96,15,2,8,,4,93,5,7,1,243,7,250,586,,,,,,,,,,,,,,,,,,,,,
11,GUANAJUATO,13,SILAO DE LA VICTORIA,37,SILAO DE LA VICTORIA,2720,C01,108,15,5,8,,4,85,3,1,2,243,5,248,586,,,,,,,,,,,,,,,,,,,,,
11,GUANAJUATO,13,SILAO DE LA VICTORIA,37,SILAO DE LA VICTORIA,2720,C02,80,25,2,7,,0,95,5,5,2,232,4,240,586,,,,,,,,,,,,,,,,,,,,,
11,GUANAJUATO,13,SILAO DE LA VICTORIA,37,SILAO DE LA VICTORIA,2720,C03,113,11,3,6,,3,105,7,2,2,260,5,265,585,,,,,,,,,,,,,,,,,,,,,
11,GUANAJUATO,13,SILAO DE LA VICTORIA,37,SILAO DE LA VICTORIA,2721,B,89,36,8,11,,4,44,3,2,5,213,5,218,437,,,,,,,,,,,,,,,,,,,,,
11,GUANAJUATO,13,SILAO DE LA VICTORIA,37,SILAO DE LA VICTORIA,2721,E01,56,15,0,8,,2,56,3,1,1,160,0,160,378,,,,,,,,,,,,,,,,,,,,,
11,GUANAJUATO,13,SILAO DE LA VICTORIA,37,SILAO DE LA VICTORIA,2721,E01C01,48,16,1,4,,2,54,1,2,1,137,3,140,378,,,,,,,,,,,,,,,,,,,,,
11,GUANAJUATO,13,SILAO DE LA VICTORIA,37,SILAO DE LA VICTORIA,2721,E02,82,30,6,5,,4,113,2,2,7,262,0,262,469,,,,,,,,,,,,,,,,,,,,,
11,GUANAJUATO,13,SILAO DE LA VICTORIA,37,SILAO DE LA VICTORIA,2722,B,83,64,4,16,,0,42,4,5,5,230,5,235,537,,,,,,,,,,,,,,,,,,,,,
11,GUANAJUATO,13,SILAO DE LA VICTORIA,37,SILAO DE LA VICTORIA,2722,C01,75,79,3,13,,2,48,2,0,1,230,2,232,536,,,,,,,,,,,,,,,,,,,,,
11,GUANAJUATO,13,SILAO DE LA VICTORIA,37,SILAO DE LA VICTORIA,2723,B,45,18,2,18,,4,56,2,1,2,181,5,186,424,,,,,,,,,,,,,,,,,,,,,ANULADA
11,GUANAJUATO,13,SILAO DE LA VICTORIA,37,SILAO DE LA VICTORIA,2723,C01,45,16,1,7,,0,45,6,1,4,135,5,140,424,,,,,,,,,,,,,,,,,,,,,
11,GUANAJUATO,13,SILAO DE LA VICTORIA,37,SILAO DE LA VICTORIA,2724,B,149,19,5,12,,5,134,3,5,2,345,6,351,720,,,,,,,,,,,,,,,,,,,,,
11,GUANAJUATO,13,SILAO DE LA VICTORIA,37,SILAO DE LA VICTORIA,2724,C01,112,32,3,7,,9,138,5,6,5,336,11,347,720,,,,,,,,,,,,,,,,,,,,,
11,GUANAJUATO,13,SILAO DE LA VICTORIA,37,SILAO DE LA VICTORIA,2725,B,151,29,1,7,,3,140,2,1,6,343,2,345,691,,,,,,,,,,,,,,,,,,,,,
11,GUANAJUATO,13,SILAO DE LA VICTORIA,37,SILAO DE LA VICTORIA,2725,C01,101,22,1,14,,2,132,0,2,3,284,2,286,690,,,,,,,,,,,,,,,,,,,,,
11,GUANAJUATO,13,SILAO DE LA VICTORIA,37,SILAO DE LA VICTORIA,2725,C02,115,19,3,5,,5,175,2,6,2,334,3,337,690,,,,,,,,,,,,,,,,,,,,,
11,GUANAJUATO,13,SILAO DE LA VICTORIA,37,SILAO DE LA VICTORIA,2725,C03,109,18,1,14,,2,148,2,1,1,303,5,308,690,,,,,,,,,,,,,,,,,,,,,
11,GUANAJUATO,13,SILAO DE LA VICTORIA,37,SILAO DE LA VICTORIA,2726,B,75,12,0,2,,9,57,1,6,2,183,4,187,452,,,,,,,,,,,,,,,,,,,,,
11,GUANAJUATO,13,SILAO DE LA VICTORIA,37,SILAO DE LA VICTORIA,2726,C01,86,14,2,0,,3,52,3,7,0,173,5,178,451,,,,,,,,,,,,,,,,,,,,,
11,GUANAJUATO,13,SILAO DE LA VICTORIA,37,SILAO DE LA VICTORIA,2726,E01,83,3,2,1,,0,84,1,1,0,179,4,183,434,,,,,,,,,,,,,,,,,,,,,
11,GUANAJUATO,13,SILAO DE LA VICTORIA,37,SILAO DE LA VICTORIA,2726,E01C01,128,4,1,2,,1,43,1,0,1,183,5,188,434,,,,,,,,,,,,,,,,,,,,,
11,GUANAJUATO,13,SILAO DE LA VICTORIA,37,SILAO DE LA VICTORIA,2727,B,78,36,0,17,,2,44,2,1,1,183,4,187,570,,,,,,,,,,,,,,,,,,,,,
11,GUANAJUATO,13,SILAO DE LA VICTORIA,37,SILAO DE LA VICTORIA,2727,C01,84,54,2,13,,2,32,9,1,2,258,12,270,570,,,,,,,,,,,,,,,,,,,,,ANULADA
11,GUANAJUATO,13,SILAO DE LA VICTORIA,37,SILAO DE LA VICTORIA,2727,C02,107,42,1,7,,1,32,2,2,0,196,7,203,569,,,,,,,,,,,,,,,,,,,,,
11,GUANAJUATO,13,SILAO DE LA VICTORIA,37,SILAO DE LA VICTORIA,2727,C03,93,32,1,8,,0,36,1,1,1,175,3,178,569,,,,,,,,,,,,,,,,,,,,,
11,GUANAJUATO,13,SILAO DE LA VICTORIA,37,SILAO DE LA VICTORIA,2728,B,273,51,1,64,,3,75,0,1,1,470,4,474,555,,,,,,,,,,,,,,,,,,,,,ANULADA
11,GUANAJUATO,13,SILAO DE LA VICTORIA,37,SILAO DE LA VICTORIA,2728,C01,70,20,0,41,,1,72,1,3,1,216,2,218,555,,,,,,,,,,,,,,,,,,,,,
11,GUANAJUATO,13,SILAO DE LA VICTORIA,37,SILAO DE LA VICTORIA,2729,B,90,10,2,22,,2,64,2,0,3,203,1,204,648,,,,,,,,,,,,,,,,,,,,,
11,GUANAJUATO,13,SILAO DE LA VICTORIA,37,SILAO DE LA VICTORIA,2730,B,122,17,1,11,,7,114,2,5,6,297,6,303,713,,,,,,,,,,,,,,,,,,,,,
11,GUANAJUATO,13,SILAO DE LA VICTORIA,37,SILAO DE LA VICTORIA,2730,C01,107,10,0,6,,4,122,1,4,2,267,13,280,712,,,,,,,,,,,,,,,,,,,,,
11,GUANAJUATO,13,SILAO DE LA VICTORIA,37,SILAO DE LA VICTORIA,2731,B,102,11,0,12,,0,56,0,1,2,211,5,216,419,,,,,,,,,,,,,,,,,,,,,
11,GUANAJUATO,14,SALAMANCA,27,SALAMANCA,2109,B,106,32,3,7,2,60,113,4,,13,357,7,365,661,,,,,,,,,,,,,,,,,,,,,
11,GUANAJUATO,14,SALAMANCA,27,SALAMANCA,2109,C01,76,27,1,13,2,72,128,0,,10,351,5,357,661,,,,,,,,,,,,,,,,,,,,,
11,GUANAJUATO,14,SALAMANCA,27,SALAMANCA,2109,C02,100,25,4,5,3,82,129,2,,18,393,2,395,661,,,,,,,,,,,,,,,,,,,,,
11,GUANAJUATO,14,SALAMANCA,27,SALAMANCA,2109,C03,86,25,2,4,6,87,120,3,,8,372,3,375,661,,,,,,,,,,,,,,,,,,,,,
11,GUANAJUATO,14,SALAMANCA,27,SALAMANCA,2109,C04,100,22,3,7,8,71,131,0,,10,376,8,384,661,,,,,,,,,,,,,,,,,,,,,
11,GUANAJUATO,14,SALAMANCA,27,SALAMANCA,2109,C05,90,30,4,13,5,75,155,3,,5,397,9,406,661,,,,,,,,,,,,,,,,,,,,,
11,GUANAJUATO,14,SALAMANCA,27,SALAMANCA,2109,C06,101,20,3,6,6,82,126,0,,9,389,2,391,661,,,,,,,,,,,,,,,,,,,,,
11,GUANAJUATO,14,SALAMANCA,27,SALAMANCA,2110,B,141,15,3,6,10,114,107,0,,8,420,2,423,727,,,,,,,,,,,,,,,,,,,,,
11,GUANAJUATO,14,SALAMANCA,27,SALAMANCA,2110,C01,144,14,2,5,3,85,122,0,,5,408,5,413,727,,,,,,,,,,,,,,,,,,,,,
11,GUANAJUATO,14,SALAMANCA,27,SALAMANCA,2110,C02,132,19,0,4,8,102,106,0,,2,415,5,422,726,,,,,,,,,,,,,,,,,,,,,
11,GUANAJUATO,14,SALAMANCA,27,SALAMANCA,2110,C03,144,13,2,6,9,95,111,2,,6,416,6,422,726,,,,,,,,,,,,,,,,,,,,,
11,GUANAJUATO,14,SALAMANCA,27,SALAMANCA,2110,C04,126,14,3,7,4,98,102,1,,5,384,5,390,726,,,,,,,,,,,,,,,,,,,,,
11,GUANAJUATO,14,SALAMANCA,27,SALAMANCA,2110,C05,144,19,1,3,5,85,130,0,,8,412,4,416,726,,,,,,,,,,,,,,,,,,,,,
11,GUANAJUATO,14,SALAMANCA,27,SALAMANCA,2111,B,113,30,4,8,7,63,140,3,,4,389,7,397,742,,,,,,,,,,,,,,,,,,,,,
11,GUANAJUATO,14,SALAMANCA,27,SALAMANCA,2111,C01,100,21,3,8,8,59,117,5,,14,350,7,357,742,,,,,,,,,,,,,,,,,,,,,
11,GUANAJUATO,14,SALAMANCA,27,SALAMANCA,2111,C02,120,23,2,7,5,45,127,1,,9,368,11,379,742,,,,,,,,,,,,,,,,,,,,,
11,GUANAJUATO,14,SALAMANCA,27,SALAMANCA,2111,C03,122,26,5,5,3,71,128,2,,6,395,4,399,741,,,,,,,,,,,,,,,,,,,,,
11,GUANAJUATO,14,SALAMANCA,27,SALAMANCA,2112,B,76,14,0,8,4,77,111,1,,5,324,5,329,503,,,,,,,,,,,,,,,,,,,,,
11,GUANAJUATO,14,SALAMANCA,27,SALAMANCA,2112,C01,85,13,5,12,3,55,91,1,,3,291,1,292,503,,,,,,,,,,,,,,,,,,,,,
11,GUANAJUATO,14,SALAMANCA,27,SALAMANCA,2112,C02,87,16,0,6,3,71,107,3,,3,327,4,331,503,,,,,,,,,,,,,,,,,,,,,
11,GUANAJUATO,14,SALAMANCA,27,SALAMANCA,2113,B,97,24,3,15,6,65,150,1,,4,385,2,387,592,,,,,,,,,,,,,,,,,,,,,
11,GUANAJUATO,14,SALAMANCA,27,SALAMANCA,2114,B,124,18,2,7,4,65,101,0,,6,347,7,354,508,,,,,,,,,,,,,,,,,,,,,
11,GUANAJUATO,14,SALAMANCA,27,SALAMANCA,2114,C01,108,18,3,5,3,90,99,2,,3,350,3,353,507,,,,,,,,,,,,,,,,,,,,,
11,GUANAJUATO,14,SALAMANCA,27,SALAMANCA,2115,B,150,24,1,18,7,71,94,3,,5,409,4,413,644,,,,,,,,,,,,,,,,,,,,,
11,GUANAJUATO,14,SALAMANCA,27,SALAMANCA,2116,B,89,36,8,5,5,69,104,0,,2,345,4,350,516,,,,,,,,,,,,,,,,,,,,,
11,GUANAJUATO,14,SALAMANCA,27,SALAMANCA,2117,B,87,38,2,9,7,79,191,3,,10,452,3,456,746,,,,,,,,,,,,,,,,,,,,,
11,GUANAJUATO,14,SALAMANCA,27,SALAMANCA,2118,B,43,17,2,4,5,33,86,1,,2,213,7,220,376,,,,,,,,,,,,,,,,,,,,,
11,GUANAJUATO,14,SALAMANCA,27,SALAMANCA,2118,C01,62,15,3,4,4,32,93,0,,3,226,2,228,375,,,,,,,,,,,,,,,,,,,,,
11,GUANAJUATO,14,SALAMANCA,27,SALAMANCA,2119,B,80,32,2,15,6,58,140,3,,13,384,6,391,648,,,,,,,,,,,,,,,,,,,,,
11,GUANAJUATO,14,SALAMANCA,27,SALAMANCA,2120,B,79,15,3,9,6,44,85,0,,4,265,1,266,409,,,,,,,,,,,,,,,,,,,,,
11,GUANAJUATO,14,SALAMANCA,27,SALAMANCA,2120,C01,66,7,1,8,10,44,97,1,,0,256,6,263,409,,,,,,,,,,,,,,,,,,,,,
11,GUANAJUATO,14,SALAMANCA,27,SALAMANCA,2121,B,92,8,2,4,6,39,126,2,,6,308,5,313,691,,,,,,,,,,,,,,,,,,,,,
11,GUANAJUATO,14,SALAMANCA,27,SALAMANCA,2121,C01,50,15,2,5,4,46,151,2,,5,305,4,309,691,,,,,,,,,,,,,,,,,,,,,
11,GUANAJUATO,14,SALAMANCA,27,SALAMANCA,2121,C02,74,10,2,3,7,44,125,2,,3,297,6,303,691,,,,,,,,,,,,,,,,,,,,,
11,GUANAJUATO,14,SALAMANCA,27,SALAMANCA,2121,C03,72,14,1,2,7,40,122,1,,8,286,5,291,691,,,,,,,,,,,,,,,,,,,,,
11,GUANAJUATO,14,SALAMANCA,27,SALAMANCA,2121,C04,69,19,0,8,5,44,136,1,,14,322,6,328,691,,,,,,,,,,,,,,,,,,,,,
11,GUANAJUATO,14,SALAMANCA,27,SALAMANCA,2121,C05,62,11,3,9,6,41,143,1,,4,300,9,309,691,,,,,,,,,,,,,,,,,,,,,
11,GUANAJUATO,14,SALAMANCA,27,SALAMANCA,2122,B,81,11,1,1,3,59,131,0,,0,309,5,314,458,,,,,,,,,,,,,,,,,,,,,
11,GUANAJUATO,14,SALAMANCA,27,SALAMANCA,2123,B,78,30,1,11,4,47,63,1,,4,279,4,283,399,,,,,,,,,,,,,,,,,,,,,
11,GUANAJUATO,14,SALAMANCA,27,SALAMANCA,2123,C01,84,21,2,4,1,66,88,1,,2,294,0,294,398,,,,,,,,,,,,,,,,,,,,,
11,GUANAJUATO,14,SALAMANCA,27,SALAMANCA,2124,B,160,27,2,2,10,78,80,0,,6,398,2,400,606,,,,,,,,,,,,,,,,,,,,,
11,GUANAJUATO,14,SALAMANCA,27,SALAMANCA,2125,B,143,31,0,0,5,79,119,0,,12,424,11,435,705,,,,,,,,,,,,,,,,,,,,,
11,GUANAJUATO,14,SALAMANCA,27,SALAMANCA,2126,B,104,16,3,19,10,76,113,4,,9,391,7,398,586,,,,,,,,,,,,,,,,,,,,,
11,GUANAJUATO,14,SALAMANCA,27,SALAMANCA,2127,B,85,16,0,1,2,44,87,1,,6,272,2,274,573,,,,,,,,,,,,,,,,,,,,,
11,GUANAJUATO,14,SALAMANCA,27,SALAMANCA,2127,C01,82,14,2,3,5,43,102,2,,2,276,4,280,573,,,,,,,,,,,,,,,,,,,,,
11,GUANAJUATO,14,SALAMANCA,27,SALAMANCA,2128,B,163,14,1,5,4,98,112,0,,2,438,9,447,639,,,,,,,,,,,,,,,,,,,,,
11,GUANAJUATO,14,SALAMANCA,27,SALAMANCA,2129,B,66,17,3,4,5,33,163,1,,2,311,5,316,569,,,,,,,,,,,,,,,,,,,,,
11,GUANAJUATO,14,SALAMANCA,27,SALAMANCA,2129,C01,55,16,0,1,7,32,152,1,,0,281,8,289,568,,,,,,,,,,,,,,,,,,,,,
11,GUANAJUATO,14,SALAMANCA,27,SALAMANCA,2130,B,112,13,0,9,5,67,87,0,,8,327,7,334,481,,,,,,,,,,,,,,,,,,,,,
11,GUANAJUATO,14,SALAMANCA,27,SALAMANCA,2131,B,93,14,0,4,4,35,73,3,,7,246,11,257,399,,,,,,,,,,,,,,,,,,,,,
11,GUANAJUATO,14,SALAMANCA,27,SALAMANCA,2131,C01,87,14,7,5,4,37,68,1,,10,249,5,254,399,,,,,,,,,,,,,,,,,,,,,
11,GUANAJUATO,14,SALAMANCA,27,SALAMANCA,2132,B,44,11,0,2,1,35,56,0,,4,171,3,174,438,,,,,,,,,,,,,,,,,,,,,
11,GUANAJUATO,14,SALAMANCA,27,SALAMANCA,2132,C01,53,6,1,4,2,26,72,1,,5,179,5,184,437,,,,,,,,,,,,,,,,,,,,,
11,GUANAJUATO,14,SALAMANCA,27,SALAMANCA,2133,B,112,8,6,3,10,52,94,1,,5,311,8,319,447,,,,,,,,,,,,,,,,,,,,,
11,GUANAJUATO,14,SALAMANCA,27,SALAMANCA,2133,C01,113,6,0,3,5,49,96,2,,5,295,2,297,446,,,,,,,,,,,,,,,,,,,,,
11,GUANAJUATO,14,SALAMANCA,27,SALAMANCA,2134,B,114,22,5,7,7,72,109,1,,5,363,7,370,629,,,,,,,,,,,,,,,,,,,,,
11,GUANAJUATO,14,SALAMANCA,27,SALAMANCA,2134,C01,104,25,3,10,9,64,120,4,,6,357,0,357,629,,,,,,,,,,,,,,,,,,,,,
11,GUANAJUATO,14,SALAMANCA,27,SALAMANCA,2134,C02,93,24,4,9,13,47,104,6,,9,342,3,345,629,,,,,,,,,,,,,,,,,,,,,
11,GUANAJUATO,14,SALAMANCA,27,SALAMANCA,2134,C03,111,18,1,4,11,52,123,0,,5,356,4,361,628,,,,,,,,,,,,,,,,,,,,,
11,GUANAJUATO,14,SALAMANCA,27,SALAMANCA,2134,C04,93,18,4,11,8,63,114,4,,5,350,4,354,628,,,,,,,,,,,,,,,,,,,,,
11,GUANAJUATO,14,SALAMANCA,27,SALAMANCA,2135,B,23,22,4,4,2,29,110,4,,2,219,6,225,455,,,,,,,,,,,,,,,,,,,,,
11,GUANAJUATO,14,SALAMANCA,27,SALAMANCA,2135,C01,60,32,4,2,4,25,88,1,,1,232,5,237,454,,,,,,,,,,,,,,,,,,,,,
11,GUANAJUATO,14,SALAMANCA,27,SALAMANCA,2136,B,62,20,0,5,6,45,99,0,,5,258,8,266,522,,,,,,,,,,,,,,,,,,,,,
11,GUANAJUATO,14,SALAMANCA,27,SALAMANCA,2136,C01,80,14,0,5,4,45,114,3,,5,285,9,294,521,,,,,,,,,,,,,,,,,,,,,
11,GUANAJUATO,14,SALAMANCA,27,SALAMANCA,2137,B,93,14,5,7,5,30,102,1,,1,280,5,286,495,,,,,,,,,,,,,,,,,,,,,
11,GUANAJUATO,14,SALAMANCA,27,SALAMANCA,2138,B,66,22,1,7,3,34,69,0,,3,220,6,226,388,,,,,,,,,,,,,,,,,,,,,
11,GUANAJUATO,14,SALAMANCA,27,SALAMANCA,2139,B,98,27,3,11,7,75,139,7,,4,396,8,405,703,,,,,,,,,,,,,,,,,,,,,
11,GUANAJUATO,14,SALAMANCA,27,SALAMANCA,2140,B,53,6,2,11,6,32,97,0,0,0,226,7,233,406,,,,,,,,,,,,,,,,,,,,,
11,GUANAJUATO,14,SALAMANCA,27,SALAMANCA,2140,C01,69,7,0,12,3,35,94,1,,5,247,6,253,405,,,,,,,,,,,,,,,,,,,,,
11,GUANAJUATO,14,SALAMANCA,27,SALAMANCA,2141,B,69,19,3,9,3,51,137,1,,7,318,3,322,639,,,,,,,,,,,,,,,,,,,,,
11,GUANAJUATO,14,SALAMANCA,27,SALAMANCA,2141,C01,52,19,5,10,6,50,123,2,,2,284,8,292,639,,,,,,,,,,,,,,,,,,,,,
11,GUANAJUATO,14,SALAMANCA,27,SALAMANCA,2142,B,60,18,3,5,4,26,104,1,,2,238,7,246,502,,,,,,,,,,,,,,,,,,,,,
11,GUANAJUATO,14,SALAMANCA,27,SALAMANCA,2143,B,47,21,1,4,3,28,69,2,,5,193,8,202,398,,,,,,,,,,,,,,,,,,,,,
11,GUANAJUATO,14,SALAMANCA,27,SALAMANCA,2143,C01,56,15,1,8,10,28,79,0,,1,211,3,214,398,,,,,,,,,,,,,,,,,,,,,
11,GUANAJUATO,14,SALAMANCA,27,SALAMANCA,2144,B,62,13,3,8,1,24,119,1,,4,243,8,252,520,,,,,,,,,,,,,,,,,,,,,
11,GUANAJUATO,14,SALAMANCA,27,SALAMANCA,2144,C01,36,14,2,3,2,27,113,1,,3,206,12,218,520,,,,,,,,,,,,,,,,,,,,,
11,GUANAJUATO,14,SALAMANCA,27,SALAMANCA,2145,B,64,25,2,9,3,36,112,1,,4,267,7,274,523,,,,,,,,,,,,,,,,,,,,,
11,GUANAJUATO,14,SALAMANCA,27,SALAMANCA,2146,B,65,20,1,5,2,30,103,4,,6,246,7,253,539,,,,,,,,,,,,,,,,,,,,,
11,GUANAJUATO,14,SALAMANCA,27,SALAMANCA,2146,C01,63,21,2,8,2,33,108,4,,9,259,4,263,538,,,,,,,,,,,,,,,,,,,,,
11,GUANAJUATO,14,SALAMANCA,27,SALAMANCA,2147,B,80,32,3,4,8,43,199,1,,7,395,3,399,732,,,,,,,,,,,,,,,,,,,,,
11,GUANAJUATO,14,SALAMANCA,27,SALAMANCA,2148,B,49,17,3,9,4,28,99,0,,3,228,2,230,394,,,,,,,,,,,,,,,,,,,,,
11,GUANAJUATO,14,SALAMANCA,27,SALAMANCA,2148,C01,51,18,0,5,8,33,97,1,,0,228,2,230,394,,,,,,,,,,,,,,,,,,,,,
11,GUANAJUATO,14,SALAMANCA,27,SALAMANCA,2149,B,67,16,3,3,3,44,87,3,,4,252,4,256,509,,,,,,,,,,,,,,,,,,,,,
11,GUANAJUATO,14,SALAMANCA,27,SALAMANCA,2150,B,73,14,6,3,7,19,80,1,,4,211,0,211,464,,,,,,,,,,,,,,,,,,,,,
11,GUANAJUATO,14,SALAMANCA,27,SALAMANCA,2150,C01,53,18,4,5,6,26,86,3,,3,220,1,221,463,,,,,,,,,,,,,,,,,,,,,
11,GUANAJUATO,14,SALAMANCA,27,SALAMANCA,2151,B,71,9,0,1,3,25,71,0,,14,202,0,202,432,,,,,,,,,,,,,,,,,,,,,
11,GUANAJUATO,14,SALAMANCA,27,SALAMANCA,2151,C01,56,3,0,3,4,17,105,3,,34,235,3,238,431,,,,,,,,,,,,,,,,,,,,,
11,GUANAJUATO,14,SALAMANCA,27,SALAMANCA,2152,B,73,23,3,7,4,40,93,0,,22,270,7,278,546,,,,,,,,,,,,,,,,,,,,,
11,GUANAJUATO,14,SALAMANCA,27,SALAMANCA,2153,B,79,44,2,6,7,49,161,0,,9,375,7,384,671,,,,,,,,,,,,,,,,,,,,,
11,GUANAJUATO,14,SALAMANCA,27,SALAMANCA,2154,B,87,42,1,6,4,22,128,3,,13,321,5,326,638,,,,,,,,,,,,,,,,,,,,,
11,GUANAJUATO,14,SALAMANCA,27,SALAMANCA,2155,B,68,23,1,5,6,43,90,3,,4,256,4,260,524,,,,,,,,,,,,,,,,,,,,,
11,GUANAJUATO,14,SALAMANCA,27,SALAMANCA,2156,B,105,25,4,5,3,54,98,3,,6,334,8,343,598,,,,,,,,,,,,,,,,,,,,,
11,GUANAJUATO,14,SALAMANCA,27,SALAMANCA,2157,B,101,19,1,7,10,60,88,5,,8,322,6,328,575,,,,,,,,,,,,,,,,,,,,,
11,GUANAJUATO,14,SALAMANCA,27,SALAMANCA,2158,B,63,24,2,9,8,36,87,1,,5,242,5,247,472,,,,,,,,,,,,,,,,,,,,,
11,GUANAJUATO,14,SALAMANCA,27,SALAMANCA,2159,B,63,21,1,5,5,39,92,2,,7,237,4,241,473,,,,,,,,,,,,,,,,,,,,,
11,GUANAJUATO,14,SALAMANCA,27,SALAMANCA,2159,C01,53,21,1,7,0,44,131,2,,5,281,2,284,472,,,,,,,,,,,,,,,,,,,,,
11,GUANAJUATO,14,SALAMANCA,27,SALAMANCA,2160,B,59,21,2,7,4,39,128,0,,6,279,6,285,474,,,,,,,,,,,,,,,,,,,,,
11,GUANAJUATO,14,SALAMANCA,27,SALAMANCA,2160,C01,54,16,1,2,5,45,108,1,,12,259,6,265,473,,,,,,,,,,,,,,,,,,,,,
11,GUANAJUATO,14,SALAMANCA,27,SALAMANCA,2161,B,116,12,6,8,10,49,135,2,,4,364,8,372,732,,,,,,,,,,,,,,,,,,,,,
11,GUANAJUATO,14,SALAMANCA,27,SALAMANCA,2162,B,73,11,4,4,17,30,95,2,,2,243,6,249,547,,,,,,,,,,,,,,,,,,,,,
11,GUANAJUATO,14,SALAMANCA,27,SALAMANCA,2162,C01,83,13,0,3,8,18,63,2,,6,208,5,213,546,,,,,,,,,,,,,,,,,,,,,
11,GUANAJUATO,14,SALAMANCA,27,SALAMANCA,2163,B,46,13,2,6,12,22,69,3,,7,189,7,197,673,,,,,,,,,,,,,,,,,,,,,
11,GUANAJUATO,14,SALAMANCA,27,SALAMANCA,2163,C01,47,14,4,2,8,15,79,2,,2,180,1,181,673,,,,,,,,,,,,,,,,,,,,,
11,GUANAJUATO,14,SALAMANCA,27,SALAMANCA,2163,C02,40,9,1,3,7,20,64,1,,7,159,6,166,673,,,,,,,,,,,,,,,,,,,,,
11,GUANAJUATO,14,SALAMANCA,27,SALAMANCA,2163,C03,43,10,3,7,9,11,50,0,,5,150,3,153,672,,,,,,,,,,,,,,,,,,,,,
11,GUANAJUATO,14,SALAMANCA,27,SALAMANCA,2163,C04,53,10,1,1,10,13,71,4,,4,174,3,178,672,,,,,,,,,,,,,,,,,,,,,
11,GUANAJUATO,14,SALAMANCA,27,SALAMANCA,2163,C05,43,3,2,5,7,15,65,0,,5,152,2,154,672,,,,,,,,,,,,,,,,,,,,,
11,GUANAJUATO,14,SALAMANCA,27,SALAMANCA,2163,C06,61,10,4,3,6,11,72,0,,3,175,4,180,672,,,,,,,,,,,,,,,,,,,,,
11,GUANAJUATO,14,SALAMANCA,27,SALAMANCA,2163,C07,48,11,1,2,5,13,71,3,,7,173,2,175,672,,,,,,,,,,,,,,,,,,,,,
11,GUANAJUATO,14,SALAMANCA,27,SALAMANCA,2164,B,90,16,5,14,11,58,158,0,,8,387,6,393,743,,,,,,,,,,,,,,,,,,,,,
11,GUANAJUATO,14,SALAMANCA,27,SALAMANCA,2164,C01,102,16,5,10,7,61,147,4,,7,385,6,391,743,,,,,,,,,,,,,,,,,,,,,
11,GUANAJUATO,14,SALAMANCA,27,SALAMANCA,2164,C02,89,21,2,5,4,61,110,3,,8,338,5,343,742,,,,,,,,,,,,,,,,,,,,,
11,GUANAJUATO,14,SALAMANCA,27,SALAMANCA,2164,C03,82,22,3,3,6,62,121,1,,6,349,9,358,742,,,,,,,,,,,,,,,,,,,,,
11,GUANAJUATO,14,SALAMANCA,27,SALAMANCA,2165,B,74,27,8,3,3,59,127,2,,10,341,4,346,580,,,,,,,,,,,,,,,,,,,,,
11,GUANAJUATO,14,SALAMANCA,27,SALAMANCA,2166,B,78,12,2,2,9,20,139,2,,8,285,1,286,695,,,,,,,,,,,,,,,,,,,,,
11,GUANAJUATO,14,SALAMANCA,27,SALAMANCA,2166,C01,62,8,1,2,8,20,136,2,,3,255,4,259,695,,,,,,,,,,,,,,,,,,,,,
11,GUANAJUATO,14,SALAMANCA,27,SALAMANCA,2167,B,66,21,0,4,5,31,76,1,,2,233,5,238,400,,,,,,,,,,,,,,,,,,,,,
11,GUANAJUATO,14,SALAMANCA,27,SALAMANCA,2167,C01,77,13,1,5,2,23,80,1,,1,223,9,232,399,,,,,,,,,,,,,,,,,,,,,
11,GUANAJUATO,14,SALAMANCA,27,SALAMANCA,2168,B,53,13,3,3,2,32,84,2,,1,200,9,209,439,,,,,,,,,,,,,,,,,,,,,
11,GUANAJUATO,14,SALAMANCA,27,SALAMANCA,2168,C01,48,11,3,2,2,16,95,1,,2,188,4,192,438,,,,,,,,,,,,,,,,,,,,,
11,GUANAJUATO,14,SALAMANCA,27,SALAMANCA,2169,B,34,8,2,7,13,20,76,1,,8,192,0,193,562,,,,,,,,,,,,,,,,,,,,,
11,GUANAJUATO,14,SALAMANCA,27,SALAMANCA,2169,C01,62,9,2,2,7,10,95,3,,3,212,2,214,561,,,,,,,,,,,,,,,,,,,,,
11,GUANAJUATO,14,SALAMANCA,27,SALAMANCA,2170,B,49,10,1,3,3,28,103,0,,10,217,0,217,464,,,,,,,,,,,,,,,,,,,,,
11,GUANAJUATO,14,SALAMANCA,27,SALAMANCA,2170,C01,35,8,0,5,4,25,108,3,,10,206,1,207,463,,,,,,,,,,,,,,,,,,,,,
11,GUANAJUATO,14,SALAMANCA,27,SALAMANCA,2171,B,56,19,6,9,7,36,94,2,,5,240,1,241,459,,,,,,,,,,,,,,,,,,,,,
11,GUANAJUATO,14,SALAMANCA,27,SALAMANCA,2171,C01,68,15,0,4,7,25,115,1,,10,252,2,254,459,,,,,,,,,,,,,,,,,,,,,
11,GUANAJUATO,14,SALAMANCA,27,SALAMANCA,2172,B,88,38,0,5,4,52,102,3,,3,315,6,321,508,,,,,,,,,,,,,,,,,,,,,
11,GUANAJUATO,14,SALAMANCA,27,SALAMANCA,2173,B,82,21,0,1,9,46,102,0,,3,278,5,283,462,,,,,,,,,,,,,,,,,,,,,
11,GUANAJUATO,14,SALAMANCA,27,SALAMANCA,2174,B,82,20,8,7,5,44,134,1,,3,317,5,322,516,,,,,,,,,,,,,,,,,,,,,
11,GUANAJUATO,14,SALAMANCA,27,SALAMANCA,2175,B,69,20,4,5,3,37,151,1,,20,322,6,328,684,,,,,,,,,,,,,,,,,,,,,
11,GUANAJUATO,14,SALAMANCA,27,SALAMANCA,2176,B,63,15,2,2,7,29,107,2,,1,237,5,242,589,,,,,,,,,,,,,,,,,,,,,
11,GUANAJUATO,14,SALAMANCA,27,SALAMANCA,2176,C01,79,11,2,2,9,28,78,2,,3,227,5,232,589,,,,,,,,,,,,,,,,,,,,,
11,GUANAJUATO,14,SALAMANCA,27,SALAMANCA,2176,C02,67,15,3,3,4,19,88,3,,2,214,3,218,589,,,,,,,,,,,,,,,,,,,,,
11,GUANAJUATO,14,SALAMANCA,27,SALAMANCA,2176,C03,48,10,2,2,5,26,111,2,,1,218,9,227,588,,,,,,,,,,,,,,,,,,,,,
11,GUANAJUATO,14,SALAMANCA,27,SALAMANCA,2177,B,93,22,7,12,3,56,128,1,,7,345,1,346,730,,,,,,,,,,,,,,,,,,,,,
11,GUANAJUATO,14,SALAMANCA,27,SALAMANCA,2177,C01,89,33,3,6,4,55,141,2,,6,355,10,365,730,,,,,,,,,,,,,,,,,,,,,
11,GUANAJUATO,14,SALAMANCA,27,SALAMANCA,2177,C02,100,19,3,12,7,63,138,3,,13,385,3,390,730,,,,,,,,,,,,,,,,,,,,,
11,GUANAJUATO,14,SALAMANCA,27,SALAMANCA,2177,C03,97,12,5,9,6,55,110,1,,7,315,1,317,729,,,,,,,,,,,,,,,,,,,,,
11,GUANAJUATO,14,SALAMANCA,27,SALAMANCA,2178,B,55,11,4,5,6,30,112,3,,3,250,10,261,662,,,,,,,,,,,,,,,,,,,,,
11,GUANAJUATO,14,SALAMANCA,27,SALAMANCA,2178,C01,60,14,4,7,5,31,121,0,,4,254,6,260,662,,,,,,,,,,,,,,,,,,,,,
11,GUANAJUATO,14,SALAMANCA,27,SALAMANCA,2178,C02,72,9,2,5,4,21,95,2,,7,241,8,249,662,,,,,,,,,,,,,,,,,,,,,
11,GUANAJUATO,14,SALAMANCA,27,SALAMANCA,2178,C03,80,11,3,3,4,25,129,1,,7,276,6,282,662,,,,,,,,,,,,,,,,,,,,,
11,GUANAJUATO,14,SALAMANCA,27,SALAMANCA,2178,C04,69,15,3,4,5,16,108,4,,5,245,5,250,661,,,,,,,,,,,,,,,,,,,,,
11,GUANAJUATO,14,SALAMANCA,27,SALAMANCA,2178,C05,59,10,3,4,4,16,117,0,,4,229,2,231,661,,,,,,,,,,,,,,,,,,,,,
11,GUANAJUATO,14,SALAMANCA,27,SALAMANCA,2179,B,82,17,2,5,7,40,129,4,,10,314,3,317,691,,,,,,,,,,,,,,,,,,,,,
11,GUANAJUATO,14,SALAMANCA,27,SALAMANCA,2179,C01,73,17,4,12,6,59,118,4,,8,319,8,327,691,,,,,,,,,,,,,,,,,,,,,
11,GUANAJUATO,14,SALAMANCA,27,SALAMANCA,2179,C02,89,15,1,13,7,59,111,2,,7,325,3,328,691,,,,,,,,,,,,,,,,,,,,,
11,GUANAJUATO,14,SALAMANCA,27,SALAMANCA,2179,C03,76,11,2,8,14,40,114,1,,8,286,5,291,691,,,,,,,,,,,,,,,,,,,,,
11,GUANAJUATO,14,SALAMANCA,27,SALAMANCA,2179,C04,87,19,1,10,5,45,133,2,,8,329,5,334,691,,,,,,,,,,,,,,,,,,,,,
11,GUANAJUATO,14,SALAMANCA,27,SALAMANCA,2179,C05,85,26,4,6,10,50,112,1,,11,318,9,327,690,,,,,,,,,,,,,,,,,,,,,
11,GUANAJUATO,14,SALAMANCA,27,SALAMANCA,2180,B,70,12,4,5,10,39,152,1,,8,327,4,331,672,,,,,,,,,,,,,,,,,,,,,
11,GUANAJUATO,14,SALAMANCA,27,SALAMANCA,2180,C01,103,20,2,6,8,42,130,1,,7,347,5,352,672,,,,,,,,,,,,,,,,,,,,,
11,GUANAJUATO,14,SALAMANCA,27,SALAMANCA,2180,C02,79,21,0,6,10,49,129,0,,6,316,3,320,671,,,,,,,,,,,,,,,,,,,,,
11,GUANAJUATO,14,SALAMANCA,27,SALAMANCA,2181,B,88,16,5,7,7,40,109,1,,3,293,7,300,717,,,,,,,,,,,,,,,,,,,,,
11,GUANAJUATO,14,SALAMANCA,27,SALAMANCA,2181,C01,61,13,7,7,6,21,110,2,,3,236,3,239,716,,,,,,,,,,,,,,,,,,,,,
11,GUANAJUATO,14,SALAMANCA,27,SALAMANCA,2181,C02,84,11,2,6,6,26,94,3,,6,255,6,262,716,,,,,,,,,,,,,,,,,,,,,
11,GUANAJUATO,14,SALAMANCA,27,SALAMANCA,2181,C03,59,16,3,5,10,33,108,2,,2,254,5,259,716,,,,,,,,,,,,,,,,,,,,,
11,GUANAJUATO,14,SALAMANCA,27,SALAMANCA,2181,C04,69,9,1,4,6,40,119,2,,2,271,6,277,716,,,,,,,,,,,,,,,,,,,,,
11,GUANAJUATO,14,SALAMANCA,27,SALAMANCA,2181,C05,82,15,1,2,10,33,96,4,,6,273,8,282,716,,,,,,,,,,,,,,,,,,,,,
11,GUANAJUATO,14,SALAMANCA,27,SALAMANCA,2182,B,48,30,2,6,2,24,105,1,,1,233,4,237,453,,,,,,,,,,,,,,,,,,,,,
11,GUANAJUATO,14,SALAMANCA,27,SALAMANCA,2182,C01,40,32,3,9,2,15,82,3,,1,200,5,205,453,,,,,,,,,,,,,,,,,,,,,
11,GUANAJUATO,14,SALAMANCA,27,SALAMANCA,2183,B,46,16,1,6,8,11,107,3,,6,214,7,221,503,,,,,,,,,,,,,,,,,,,,,
11,GUANAJUATO,14,SALAMANCA,27,SALAMANCA,2183,C01,40,17,2,3,6,22,82,3,,1,188,4,192,502,,,,,,,,,,,,,,,,,,,,,
11,GUANAJUATO,14,SALAMANCA,27,SALAMANCA,2184,B,55,11,5,15,8,38,131,7,,3,291,10,301,750,,,,,,,,,,,,,,,,,,,,,
11,GUANAJUATO,14,SALAMANCA,27,SALAMANCA,2184,C01,83,13,4,11,7,36,110,4,,1,288,6,294,750,,,,,,,,,,,,,,,,,,,,,
11,GUANAJUATO,14,SALAMANCA,27,SALAMANCA,2184,C02,75,18,5,7,3,34,127,2,,4,286,5,291,749,,,,,,,,,,,,,,,,,,,,,
11,GUANAJUATO,14,SALAMANCA,27,SALAMANCA,2184,C03,80,15,4,14,3,35,124,2,,4,298,2,302,749,,,,,,,,,,,,,,,,,,,,,
11,GUANAJUATO,14,SALAMANCA,27,SALAMANCA,2185,B,58,14,2,4,5,32,102,4,,7,241,6,247,719,,,,,,,,,,,,,,,,,,,,,
11,GUANAJUATO,14,SALAMANCA,27,SALAMANCA,2185,C01,77,16,2,5,4,40,129,5,,4,293,5,298,719,,,,,,,,,,,,,,,,,,,,,
11,GUANAJUATO,14,SALAMANCA,27,SALAMANCA,2185,C02,48,16,1,4,9,45,132,2,,5,276,3,279,718,,,,,,,,,,,,,,,,,,,,,
11,GUANAJUATO,14,SALAMANCA,27,SALAMANCA,2185,C03,70,13,5,1,10,41,143,2,,3,295,10,305,718,,,,,,,,,,,,,,,,,,,,,
11,GUANAJUATO,14,SALAMANCA,27,SALAMANCA,2185,C04,88,8,2,9,6,30,121,2,,5,287,3,290,718,,,,,,,,,,,,,,,,,,,,,
11,GUANAJUATO,14,SALAMANCA,27,SALAMANCA,2185,C05,51,24,3,4,8,34,132,3,,4,278,4,282,718,,,,,,,,,,,,,,,,,,,,,
11,GUANAJUATO,14,SALAMANCA,27,SALAMANCA,2185,C06,54,13,2,3,7,36,119,7,,3,254,4,258,718,,,,,,,,,,,,,,,,,,,,,
11,GUANAJUATO,14,SALAMANCA,27,SALAMANCA,2186,B,54,22,3,6,4,50,147,0,,5,305,6,311,636,,,,,,,,,,,,,,,,,,,,,
11,GUANAJUATO,14,SALAMANCA,27,SALAMANCA,2186,C01,83,15,2,6,2,65,113,0,,9,305,5,310,636,,,,,,,,,,,,,,,,,,,,,
11,GUANAJUATO,14,SALAMANCA,27,SALAMANCA,2187,B,83,19,2,9,4,27,104,7,,3,272,10,282,568,,,,,,,,,,,,,,,,,,,,,
11,GUANAJUATO,14,SALAMANCA,27,SALAMANCA,2187,C01,70,24,2,5,4,43,102,3,,3,268,8,276,567,,,,,,,,,,,,,,,,,,,,,
11,GUANAJUATO,14,SALAMANCA,27,SALAMANCA,2188,B,70,14,2,11,6,45,138,2,,7,315,7,322,613,,,,,,,,,,,,,,,,,,,,,
11,GUANAJUATO,14,SALAMANCA,27,SALAMANCA,2188,C01,43,23,3,7,15,43,128,2,,6,287,2,289,613,,,,,,,,,,,,,,,,,,,,,
11,GUANAJUATO,14,SALAMANCA,27,SALAMANCA,2188,C02,77,24,0,5,12,41,143,6,,3,329,4,333,613,,,,,,,,,,,,,,,,,,,,,
11,GUANAJUATO,14,SALAMANCA,27,SALAMANCA,2189,B,90,13,1,2,14,46,98,2,,7,290,6,296,509,,,,,,,,,,,,,,,,,,,,,
11,GUANAJUATO,14,SALAMANCA,27,SALAMANCA,2190,B,64,11,6,2,9,27,122,1,,6,258,4,262,667,,,,,,,,,,,,,,,,,,,,,
11,GUANAJUATO,14,SALAMANCA,27,SALAMANCA,2190,C01,61,8,2,4,8,26,118,2,,6,244,6,250,667,,,,,,,,,,,,,,,,,,,,,
11,GUANAJUATO,14,SALAMANCA,27,SALAMANCA,2190,C02,63,11,1,6,6,33,99,1,,8,240,5,245,667,,,,,,,,,,,,,,,,,,,,,
11,GUANAJUATO,14,SALAMANCA,27,SALAMANCA,2190,C03,58,14,2,6,5,25,89,1,,5,216,7,223,667,,,,,,,,,,,,,,,,,,,,,
11,GUANAJUATO,14,SALAMANCA,27,SALAMANCA,2190,C04,75,14,0,6,6,29,112,1,,8,262,3,265,667,,,,,,,,,,,,,,,,,,,,,
11,GUANAJUATO,14,SALAMANCA,27,SALAMANCA,2190,C05,61,14,5,1,1,32,131,2,,6,263,2,265,667,,,,,,,,,,,,,,,,,,,,,
11,GUANAJUATO,14,SALAMANCA,27,SALAMANCA,2191,B,67,16,6,3,6,25,89,6,,6,243,1,246,480,,,,,,,,,,,,,,,,,,,,,
11,GUANAJUATO,14,SALAMANCA,27,SALAMANCA,2191,C01,57,15,6,4,6,33,104,1,,7,248,4,253,479,,,,,,,,,,,,,,,,,,,,,
11,GUANAJUATO,14,SALAMANCA,27,SALAMANCA,2192,B,66,16,4,5,9,30,98,0,,13,252,7,260,452,,,,,,,,,,,,,,,,,,,,,
11,GUANAJUATO,14,SALAMANCA,27,SALAMANCA,2192,C01,57,25,3,8,8,31,81,5,,7,225,5,233,452,,,,,,,,,,,,,,,,,,,,,
11,GUANAJUATO,14,SALAMANCA,27,SALAMANCA,2193,B,78,20,1,7,16,38,111,5,,8,308,2,310,732,,,,,,,,,,,,,,,,,,,,,
11,GUANAJUATO,14,SALAMANCA,27,SALAMANCA,2193,C01,74,18,1,10,4,51,127,8,,11,326,4,330,732,,,,,,,,,,,,,,,,,,,,,
11,GUANAJUATO,14,SALAMANCA,27,SALAMANCA,2193,S01,19,7,3,0,3,11,51,0,,2,107,0,107,0,,,,,,,,,,,,,,,,,,,,,
11,GUANAJUATO,14,SALAMANCA,27,SALAMANCA,2193,C02,71,30,5,5,6,47,129,2,,3,317,5,322,732,,,,,,,,,,,,,,,,,,,,,
11,GUANAJUATO,14,SALAMANCA,27,SALAMANCA,2193,C03,90,19,2,4,5,42,127,2,,6,316,7,323,732,,,,,,,,,,,,,,,,,,,,,
11,GUANAJUATO,14,SALAMANCA,27,SALAMANCA,2193,C04,74,25,3,5,8,34,135,2,,5,311,6,317,732,,,,,,,,,,,,,,,,,,,,,
11,GUANAJUATO,14,SALAMANCA,27,SALAMANCA,2193,C05,64,18,0,4,8,47,123,6,,7,290,7,297,732,,,,,,,,,,,,,,,,,,,,,
11,GUANAJUATO,14,SALAMANCA,27,SALAMANCA,2193,C06,67,28,1,4,7,43,97,3,,7,275,6,281,731,,,,,,,,,,,,,,,,,,,,,
11,GUANAJUATO,14,SALAMANCA,27,SALAMANCA,2193,C07,63,25,2,2,9,39,136,1,,4,292,4,296,731,,,,,,,,,,,,,,,,,,,,,
11,GUANAJUATO,14,SALAMANCA,27,SALAMANCA,2193,C08,86,20,0,3,12,46,122,3,,7,310,8,318,731,,,,,,,,,,,,,,,,,,,,,
11,GUANAJUATO,14,SALAMANCA,27,SALAMANCA,2193,C09,70,13,2,10,15,41,118,3,,4,290,8,298,731,,,,,,,,,,,,,,,,,,,,,
11,GUANAJUATO,14,SALAMANCA,27,SALAMANCA,2193,C10,78,17,1,5,4,51,131,5,,2,304,7,311,731,,,,,,,,,,,,,,,,,,,,,
11,GUANAJUATO,14,SALAMANCA,27,SALAMANCA,2193,C11,65,17,2,6,10,41,130,4,,7,294,6,300,731,,,,,,,,,,,,,,,,,,,,,
11,GUANAJUATO,14,SALAMANCA,27,SALAMANCA,2194,B,60,17,1,11,1,50,122,7,,4,294,7,303,608,,,,,,,,,,,,,,,,,,,,,
11,GUANAJUATO,14,SALAMANCA,27,SALAMANCA,2194,C01,59,19,3,8,4,51,138,0,,2,297,8,306,608,,,,,,,,,,,,,,,,,,,,,
11,GUANAJUATO,14,SALAMANCA,27,SALAMANCA,2194,C02,61,18,3,13,6,52,114,1,,3,291,1,292,607,,,,,,,,,,,,,,,,,,,,,
11,GUANAJUATO,14,SALAMANCA,27,SALAMANCA,2194,C03,91,20,4,9,2,49,123,6,,2,325,2,327,607,,,,,,,,,,,,,,,,,,,,,
11,GUANAJUATO,14,SALAMANCA,27,SALAMANCA,2195,B,79,14,2,15,7,33,97,0,,6,271,1,272,484,,,,,,,,,,,,,,,,,,,,,
11,GUANAJUATO,14,SALAMANCA,27,SALAMANCA,2195,C01,59,12,2,5,8,40,104,1,,9,257,8,265,484,,,,,,,,,,,,,,,,,,,,,
11,GUANAJUATO,14,SALAMANCA,27,SALAMANCA,2196,B,46,21,2,7,4,14,99,1,,7,225,5,230,414,,,,,,,,,,,,,,,,,,,,,
11,GUANAJUATO,14,SALAMANCA,27,SALAMANCA,2196,C01,73,9,2,4,2,22,81,1,,10,227,4,231,414,,,,,,,,,,,,,,,,,,,,,
11,GUANAJUATO,14,SALAMANCA,27,SALAMANCA,2197,B,67,20,1,3,9,28,119,3,,9,269,3,272,685,,,,,,,,,,,,,,,,,,,,,
11,GUANAJUATO,14,SALAMANCA,27,SALAMANCA,2197,C01,78,16,2,3,9,19,133,4,,8,289,8,297,685,,,,,,,,,,,,,,,,,,,,,
11,GUANAJUATO,14,SALAMANCA,27,SALAMANCA,2197,C02,68,17,0,4,9,23,108,6,,8,260,7,267,685,,,,,,,,,,,,,,,,,,,,,
11,GUANAJUATO,14,SALAMANCA,27,SALAMANCA,2197,C03,70,13,3,2,5,17,121,3,,4,253,1,254,685,,,,,,,,,,,,,,,,,,,,,
11,GUANAJUATO,14,SALAMANCA,27,SALAMANCA,2197,C04,77,22,1,7,5,30,119,0,,5,267,5,278,684,,,,,,,,,,,,,,,,,,,,,
11,GUANAJUATO,14,SALAMANCA,27,SALAMANCA,2197,C05,80,23,0,3,6,40,108,4,,4,278,7,285,684,,,,,,,,,,,,,,,,,,,,,
11,GUANAJUATO,14,SALAMANCA,27,SALAMANCA,2197,C06,79,15,1,8,6,47,113,4,,14,295,5,300,684,,,,,,,,,,,,,,,,,,,,,
11,GUANAJUATO,14,SALAMANCA,27,SALAMANCA,2198,B,75,16,2,8,5,51,127,2,,9,328,8,336,629,,,,,,,,,,,,,,,,,,,,,
11,GUANAJUATO,14,SALAMANCA,27,SALAMANCA,2198,C01,88,23,2,9,6,28,135,1,,9,329,5,334,629,,,,,,,,,,,,,,,,,,,,,
11,GUANAJUATO,14,SALAMANCA,27,SALAMANCA,2198,C02,70,12,2,9,2,40,140,1,,4,290,10,301,628,,,,,,,,,,,,,,,,,,,,,
11,GUANAJUATO,14,SALAMANCA,27,SALAMANCA,2198,C03,99,15,6,10,7,44,125,3,,7,336,2,338,628,,,,,,,,,,,,,,,,,,,,,
11,GUANAJUATO,14,SALAMANCA,27,SALAMANCA,2199,B,46,13,2,6,47,9,7,1,,1,133,5,138,513,,,,,,,,,,,,,,,,,,,,,
11,GUANAJUATO,14,SALAMANCA,27,SALAMANCA,2200,B,53,3,2,4,61,18,14,0,,14,174,12,186,567,,,,,,,,,,,,,,,,,,,,,
11,GUANAJUATO,14,SALAMANCA,27,SALAMANCA,2200,C01,93,10,0,6,60,20,9,0,,11,218,5,223,566,,,,,,,,,,,,,,,,,,,,,
11,GUANAJUATO,14,SALAMANCA,27,SALAMANCA,2201,B,23,10,4,1,5,5,62,4,,11,131,5,136,437,,,,,,,,,,,,,,,,,,,,,
11,GUANAJUATO,14,SALAMANCA,27,SALAMANCA,2201,C01,24,11,2,6,11,5,59,4,,8,136,5,141,436,,,,,,,,,,,,,,,,,,,,,
11,GUANAJUATO,14,SALAMANCA,27,SALAMANCA,2202,B,100,12,4,9,11,17,55,0,,9,221,7,228,557,,,,,,,,,,,,,,,,,,,,,
11,GUANAJUATO,14,SALAMANCA,27,SALAMANCA,2202,C01,97,10,2,13,13,6,62,1,,8,214,6,220,556,,,,,,,,,,,,,,,,,,,,,
11,GUANAJUATO,14,SALAMANCA,27,SALAMANCA,2203,B,47,5,1,8,8,20,65,1,,7,172,7,179,706,,,,,,,,,,,,,,,,,,,,,
11,GUANAJUATO,14,SALAMANCA,27,SALAMANCA,2204,B,84,0,0,4,21,7,58,0,,6,191,3,194,602,,,,,,,,,,,,,,,,,,,,,
11,GUANAJUATO,14,SALAMANCA,27,SALAMANCA,2204,C01,100,9,3,8,18,3,67,3,,1,218,2,220,602,,,,,,,,,,,,,,,,,,,,,
11,GUANAJUATO,14,SALAMANCA,27,SALAMANCA,2204,C02,72,2,3,5,16,6,55,3,,4,167,4,171,602,,,,,,,,,,,,,,,,,,,,,
11,GUANAJUATO,14,SALAMANCA,27,SALAMANCA,2204,C03,96,12,0,3,22,5,55,1,,1,198,0,198,602,,,,,,,,,,,,,,,,,,,,,
11,GUANAJUATO,14,SALAMANCA,27,SALAMANCA,2205,B,43,18,4,2,8,17,36,6,,15,154,4,158,450,,,,,,,,,,,,,,,,,,,,,
11,GUANAJUATO,14,SALAMANCA,27,SALAMANCA,2206,B,47,9,0,7,9,14,32,1,,7,128,4,132,441,,,,,,,,,,,,,,,,,,,,,
11,GUANAJUATO,14,SALAMANCA,27,SALAMANCA,2206,C01,41,11,1,13,8,9,45,2,,8,149,5,154,441,,,,,,,,,,,,,,,,,,,,,
11,GUANAJUATO,14,SALAMANCA,27,SALAMANCA,2207,B,107,13,4,17,10,20,35,6,,8,236,9,246,651,,,,,,,,,,,,,,,,,,,,,
11,GUANAJUATO,14,SALAMANCA,27,SALAMANCA,2207,C01,125,11,11,17,15,22,46,4,,7,269,8,278,651,,,,,,,,,,,,,,,,,,,,,
11,GUANAJUATO,14,SALAMANCA,27,SALAMANCA,2208,B,59,5,0,9,13,17,46,3,,31,195,8,203,674,,,,,,,,,,,,,,,,,,,,,
11,GUANAJUATO,14,SALAMANCA,27,SALAMANCA,2208,C01,51,8,2,9,19,19,53,6,,28,214,8,222,673,,,,,,,,,,,,,,,,,,,,,
11,GUANAJUATO,14,SALAMANCA,27,SALAMANCA,2209,B,102,24,3,1,4,19,24,2,,4,184,5,189,669,,,,,,,,,,,,,,,,,,,,,
11,GUANAJUATO,14,SALAMANCA,27,SALAMANCA,2209,C01,121,24,3,8,7,20,15,0,,1,209,4,213,669,,,,,,,,,,,,,,,,,,,,,
11,GUANAJUATO,14,SALAMANCA,27,SALAMANCA,2210,B,45,20,0,7,15,24,48,2,,9,178,2,180,504,,,,,,,,,,,,,,,,,,,,,
11,GUANAJUATO,14,SALAMANCA,27,SALAMANCA,2210,C01,84,10,3,3,15,13,43,0,,11,188,8,196,503,,,,,,,,,,,,,,,,,,,,,
11,GUANAJUATO,14,SALAMANCA,27,SALAMANCA,2211,B,79,24,5,15,22,27,97,7,,12,296,14,310,709,,,,,,,,,,,,,,,,,,,,,
11,GUANAJUATO,14,SALAMANCA,27,SALAMANCA,2212,B,56,16,1,4,31,22,58,3,,19,216,2,219,513,,,,,,,,,,,,,,,,,,,,,
11,GUANAJUATO,14,SALAMANCA,27,SALAMANCA,2212,C01,48,8,2,7,29,12,60,1,,29,207,7,214,512,,,,,,,,,,,,,,,,,,,,,
11,GUANAJUATO,14,SALAMANCA,27,SALAMANCA,2213,B,45,0,4,2,7,17,64,0,,7,151,4,155,445,,,,,,,,,,,,,,,,,,,,,
11,GUANAJUATO,14,SALAMANCA,27,SALAMANCA,2213,C01,39,1,1,1,12,21,69,2,,6,164,2,166,444,,,,,,,,,,,,,,,,,,,,,
11,GUANAJUATO,14,SALAMANCA,27,SALAMANCA,2214,B,77,10,3,8,71,19,74,4,,3,284,11,295,612,,,,,,,,,,,,,,,,,,,,,
11,GUANAJUATO,14,SALAMANCA,27,SALAMANCA,2215,B,46,2,4,2,24,38,44,2,,2,170,7,177,389,,,,,,,,,,,,,,,,,,,,,
11,GUANAJUATO,14,SALAMANCA,27,SALAMANCA,2215,C01,39,5,3,2,25,22,41,2,,6,155,12,167,388,,,,,,,,,,,,,,,,,,,,,
11,GUANAJUATO,14,SALAMANCA,27,SALAMANCA,2216,B,78,7,0,4,41,20,45,0,,10,212,16,228,512,,,,,,,,,,,,,,,,,,,,,
11,GUANAJUATO,14,SALAMANCA,27,SALAMANCA,2216,C01,84,1,2,9,24,17,39,5,,10,199,8,207,511,,,,,,,,,,,,,,,,,,,,,
11,GUANAJUATO,14,SALAMANCA,27,SALAMANCA,2216,C02,96,6,3,8,42,13,32,1,,9,215,8,223,511,,,,,,,,,,,,,,,,,,,,,
11,GUANAJUATO,14,SALAMANCA,27,SALAMANCA,2217,B,65,10,5,5,11,53,63,1,,3,223,6,229,650,,,,,,,,,,,,,,,,,,,,,
11,GUANAJUATO,14,SALAMANCA,27,SALAMANCA,2217,C01,80,6,3,7,19,41,77,5,,9,262,7,269,649,,,,,,,,,,,,,,,,,,,,,
11,GUANAJUATO,14,SALAMANCA,27,SALAMANCA,2218,B,80,4,1,3,9,27,90,1,,3,230,6,236,684,,,,,,,,,,,,,,,,,,,,,
11,GUANAJUATO,14,SALAMANCA,27,SALAMANCA,2218,C01,61,7,2,4,16,24,87,4,,2,218,2,220,684,,,,,,,,,,,,,,,,,,,,,
11,GUANAJUATO,14,SALAMANCA,27,SALAMANCA,2219,B,64,7,3,5,23,17,85,3,,13,235,7,242,569,,,,,,,,,,,,,,,,,,,,,
11,GUANAJUATO,14,SALAMANCA,27,SALAMANCA,2219,C01,58,4,1,3,20,14,91,4,,14,227,5,232,569,,,,,,,,,,,,,,,,,,,,,
11,GUANAJUATO,14,SALAMANCA,27,SALAMANCA,2219,C02,65,9,3,2,21,20,102,1,,15,251,11,262,569,,,,,,,,,,,,,,,,,,,,,
11,GUANAJUATO,14,SALAMANCA,27,SALAMANCA,2220,B,33,3,1,1,14,9,54,0,,24,140,4,144,566,,,,,,,,,,,,,,,,,,,,,
11,GUANAJUATO,14,SALAMANCA,27,SALAMANCA,2220,C01,45,3,2,2,17,11,40,1,,53,177,3,180,565,,,,,,,,,,,,,,,,,,,,,
11,GUANAJUATO,14,SALAMANCA,27,SALAMANCA,2221,B,46,4,1,11,5,35,85,7,,3,202,7,209,469,,,,,,,,,,,,,,,,,,,,,
11,GUANAJUATO,14,SALAMANCA,27,SALAMANCA,2221,C01,32,3,1,2,2,42,85,7,,11,192,3,195,468,,,,,,,,,,,,,,,,,,,,,
11,GUANAJUATO,14,SALAMANCA,27,SALAMANCA,2222,B,80,14,3,5,10,26,126,4,,9,290,5,295,527,,,,,,,,,,,,,,,,,,,,,
11,GUANAJUATO,14,SALAMANCA,27,SALAMANCA,2222,C01,87,6,3,10,1,22,110,3,,12,266,6,272,527,,,,,,,,,,,,,,,,,,,,,
11,GUANAJUATO,14,SALAMANCA,27,SALAMANCA,2223,B,65,8,2,6,11,34,122,5,,3,270,9,279,584,,,,,,,,,,,,,,,,,,,,,
11,GUANAJUATO,14,SALAMANCA,27,SALAMANCA,2223,C01,77,10,3,10,2,22,115,0,,7,262,7,269,584,,,,,,,,,,,,,,,,,,,,,
11,GUANAJUATO,14,SALAMANCA,27,SALAMANCA,2223,C02,78,10,4,6,11,20,132,4,,6,285,2,287,583,,,,,,,,,,,,,,,,,,,,,
11,GUANAJUATO,14,SALAMANCA,27,SALAMANCA,2223,C03,78,6,4,6,8,36,136,3,,8,290,5,295,583,,,,,,,,,,,,,,,,,,,,,
11,GUANAJUATO,14,SALAMANCA,27,SALAMANCA,2224,B,66,11,1,1,27,16,67,2,,11,207,7,214,536,,,,,,,,,,,,,,,,,,,,,
11,GUANAJUATO,14,SALAMANCA,27,SALAMANCA,2224,C01,72,4,6,4,20,11,53,1,,13,188,0,190,535,,,,,,,,,,,,,,,,,,,,,
11,GUANAJUATO,14,SALAMANCA,27,SALAMANCA,2224,C02,70,8,3,2,19,12,55,1,,9,185,8,193,535,,,,,,,,,,,,,,,,,,,,,
11,GUANAJUATO,14,SALAMANCA,27,SALAMANCA,2225,B,78,7,7,8,11,20,64,3,,3,206,9,215,561,,,,,,,,,,,,,,,,,,,,,
11,GUANAJUATO,14,SALAMANCA,27,SALAMANCA,2225,C01,58,2,3,16,18,16,69,2,,3,197,3,200,561,,,,,,,,,,,,,,,,,,,,,
11,GUANAJUATO,14,SALAMANCA,27,SALAMANCA,2225,C02,100,2,5,10,16,16,50,1,,2,210,7,218,560,,,,,,,,,,,,,,,,,,,,,
11,GUANAJUATO,14,SALAMANCA,27,SALAMANCA,2226,B,45,20,2,3,15,11,77,1,,7,186,7,193,529,,,,,,,,,,,,,,,,,,,,,
11,GUANAJUATO,14,SALAMANCA,27,SALAMANCA,2226,C01,59,19,2,2,27,16,73,1,,1,202,2,204,528,,,,,,,,,,,,,,,,,,,,,
11,GUANAJUATO,14,SALAMANCA,27,SALAMANCA,2226,C02,54,13,2,2,23,12,65,0,,5,180,9,189,528,,,,,,,,,,,,,,,,,,,,,
11,GUANAJUATO,14,SALAMANCA,27,SALAMANCA,2227,B,76,12,4,3,9,19,115,2,,17,262,0,262,514,,,,,,,,,,,,,,,,,,,,,
11,GUANAJUATO,14,SALAMANCA,27,SALAMANCA,2227,C01,72,10,5,3,20,15,99,10,,8,247,4,251,513,,,,,,,,,,,,,,,,,,,,,
11,GUANAJUATO,14,SALAMANCA,27,SALAMANCA,2228,B,86,11,4,5,31,24,99,2,,11,281,7,288,656,,,,,,,,,,,,,,,,,,,,,
11,GUANAJUATO,14,SALAMANCA,27,SALAMANCA,2228,C01,94,14,5,3,32,21,68,2,,12,257,4,261,656,,,,,,,,,,,,,,,,,,,,,
11,GUANAJUATO,14,SALAMANCA,27,SALAMANCA,2228,C02,83,11,8,7,32,24,99,3,,30,304,8,312,655,,,,,,,,,,,,,,,,,,,,,
11,GUANAJUATO,14,SALAMANCA,27,SALAMANCA,2229,B,50,1,2,4,72,10,57,2,,3,205,6,211,476,,,,,,,,,,,,,,,,,,,,,
11,GUANAJUATO,14,SALAMANCA,27,SALAMANCA,2229,C01,88,4,5,3,47,18,48,1,,1,218,5,223,476,,,,,,,,,,,,,,,,,,,,,
11,GUANAJUATO,14,SALAMANCA,27,SALAMANCA,2230,B,97,11,5,2,12,19,146,2,,22,331,4,335,738,,,,,,,,,,,,,,,,,,,,,
11,GUANAJUATO,14,SALAMANCA,27,SALAMANCA,2230,C01,93,16,2,8,16,17,112,5,,22,308,8,316,737,,,,,,,,,,,,,,,,,,,,,
11,GUANAJUATO,14,SALAMANCA,27,SALAMANCA,2230,C02,109,11,4,6,16,27,144,2,,15,359,3,362,737,,,,,,,,,,,,,,,,,,,,,
11,GUANAJUATO,14,SALAMANCA,27,SALAMANCA,2231,B,99,6,3,3,10,36,86,1,,3,260,0,260,705,,,,,,,,,,,,,,,,,,,,,
11,GUANAJUATO,14,SALAMANCA,27,SALAMANCA,2231,C01,74,16,4,3,8,29,76,2,,4,225,7,232,705,,,,,,,,,,,,,,,,,,,,,
11,GUANAJUATO,14,SALAMANCA,27,SALAMANCA,2231,C02,93,8,3,6,11,29,95,3,,4,259,4,263,705,,,,,,,,,,,,,,,,,,,,,
11,GUANAJUATO,14,SALAMANCA,27,SALAMANCA,2231,C03,136,7,1,7,29,23,116,3,,8,345,9,354,704,,,,,,,,,,,,,,,,,,,,,
11,GUANAJUATO,14,SALAMANCA,27,SALAMANCA,2231,C04,119,6,3,3,12,27,104,2,,6,298,7,305,704,,,,,,,,,,,,,,,,,,,,,
11,GUANAJUATO,14,SALAMANCA,27,SALAMANCA,2231,C05,83,13,2,1,10,46,76,2,,10,264,4,268,704,,,,,,,,,,,,,,,,,,,,,
11,GUANAJUATO,14,SALAMANCA,27,SALAMANCA,2232,B,124,11,6,6,19,19,127,1,,15,334,11,345,606,,,,,,,,,,,,,,,,,,,,,
11,GUANAJUATO,14,SALAMANCA,27,SALAMANCA,2232,C01,126,3,2,7,16,24,144,5,,14,343,9,352,605,,,,,,,,,,,,,,,,,,,,,
11,GUANAJUATO,14,SALAMANCA,27,SALAMANCA,2233,B,110,8,5,9,8,24,39,4,,6,216,11,227,697,,,,,,,,,,,,,,,,,,,,,
11,GUANAJUATO,14,SALAMANCA,27,SALAMANCA,2233,C01,111,6,6,5,17,27,34,5,,4,216,10,227,696,,,,,,,,,,,,,,,,,,,,,
11,GUANAJUATO,14,SALAMANCA,27,SALAMANCA,2233,C02,127,13,3,6,20,14,48,5,,8,247,6,253,696,,,,,,,,,,,,,,,,,,,,,
11,GUANAJUATO,14,SALAMANCA,27,SALAMANCA,2234,B,120,7,3,8,17,29,36,2,,3,227,10,237,748,,,,,,,,,,,,,,,,,,,,,
11,GUANAJUATO,14,SALAMANCA,27,SALAMANCA,2234,C01,115,9,5,4,14,27,34,6,,3,220,8,228,747,,,,,,,,,,,,,,,,,,,,,
11,GUANAJUATO,14,SALAMANCA,27,SALAMANCA,2235,B,101,6,5,6,16,57,32,3,,28,259,9,268,591,,,,,,,,,,,,,,,,,,,,,
11,GUANAJUATO,14,SALAMANCA,27,SALAMANCA,2236,B,96,14,4,4,34,58,45,1,,26,294,4,298,668,,,,,,,,,,,,,,,,,,,,,
11,GUANAJUATO,14,SALAMANCA,27,SALAMANCA,2236,C01,88,5,8,9,25,62,53,2,,9,271,7,278,667,,,,,,,,,,,,,,,,,,,,,
11,GUANAJUATO,14,SALAMANCA,27,SALAMANCA,2237,B,110,11,2,10,22,30,81,2,,5,282,10,292,681,,,,,,,,,,,,,,,,,,,,,
11,GUANAJUATO,14,SALAMANCA,27,SALAMANCA,2238,B,91,19,3,2,24,50,89,2,,2,307,3,310,694,,,,,,,,,,,,,,,,,,,,,
11,GUANAJUATO,14,SALAMANCA,27,SALAMANCA,2238,C01,100,19,0,7,15,52,101,0,,11,322,5,327,694,,,,,,,,,,,,,,,,,,,,,
11,GUANAJUATO,14,SALAMANCA,27,SALAMANCA,2238,C02,119,17,2,3,15,52,90,3,,13,335,6,341,693,,,,,,,,,,,,,,,,,,,,,
11,GUANAJUATO,14,SALAMANCA,27,SALAMANCA,2238,C03,109,15,3,7,10,50,95,2,,5,310,5,315,693,,,,,,,,,,,,,,,,,,,,,
11,GUANAJUATO,14,SALAMANCA,27,SALAMANCA,2238,C04,103,21,0,2,20,45,81,3,,7,310,5,315,693,,,,,,,,,,,,,,,,,,,,,
11,GUANAJUATO,14,SALAMANCA,27,SALAMANCA,2239,B,64,12,6,6,9,14,115,0,,8,242,6,248,639,,,,,,,,,,,,,,,,,,,,,
11,GUANAJUATO,14,SALAMANCA,27,SALAMANCA,2239,C01,61,7,13,6,5,18,123,3,,5,246,7,253,639,,,,,,,,,,,,,,,,,,,,,
11,GUANAJUATO,14,SALAMANCA,27,SALAMANCA,2239,C02,62,17,7,3,4,20,122,2,,6,248,7,256,638,,,,,,,,,,,,,,,,,,,,,
11,GUANAJUATO,14,SALAMANCA,27,SALAMANCA,2240,B,82,7,1,3,11,8,35,0,,10,161,5,166,507,,,,,,,,,,,,,,,,,,,,,
11,GUANAJUATO,14,SALAMANCA,27,SALAMANCA,2240,C01,84,4,7,4,8,9,57,0,,3,181,0,186,506,,,,,,,,,,,,,,,,,,,,,
11,GUANAJUATO,14,SALAMANCA,27,SALAMANCA,2241,B,73,15,1,6,11,12,108,2,,4,247,6,253,732,,,,,,,,,,,,,,,,,,,,,
11,GUANAJUATO,14,SALAMANCA,27,SALAMANCA,2241,C01,65,14,3,7,8,23,108,1,,4,243,3,246,732,,,,,,,,,,,,,,,,,,,,,
11,GUANAJUATO,14,SALAMANCA,27,SALAMANCA,2242,B,62,14,0,3,7,16,80,2,,4,200,3,203,591,,,,,,,,,,,,,,,,,,,,,
11,GUANAJUATO,14,SALAMANCA,27,SALAMANCA,2242,C01,60,5,0,1,3,12,59,0,,3,160,3,164,591,,,,,,,,,,,,,,,,,,,,,
11,GUANAJUATO,14,SALAMANCA,27,SALAMANCA,2242,C02,89,11,0,4,8,20,91,0,,2,235,7,242,591,,,,,,,,,,,,,,,,,,,,,
11,GUANAJUATO,14,SALAMANCA,27,SALAMANCA,2242,C03,68,7,0,0,6,17,96,0,,3,206,3,209,590,,,,,,,,,,,,,,,,,,,,,
11,GUANAJUATO,14,SALAMANCA,27,SALAMANCA,2243,B,82,9,2,4,3,18,116,0,,13,256,0,256,677,,,,,,,,,,,,,,,,,,,,,
11,GUANAJUATO,14,SALAMANCA,27,SALAMANCA,2243,C01,98,9,0,6,9,16,94,1,,7,246,3,249,677,,,,,,,,,,,,,,,,,,,,,
11,GUANAJUATO,14,SALAMANCA,27,SALAMANCA,2243,C02,106,5,3,3,6,15,92,3,,7,247,6,253,676,,,,,,,,,,,,,,,,,,,,,
11,GUANAJUATO,14,SALAMANCA,27,SALAMANCA,2244,B,104,10,5,2,13,13,106,2,,2,281,8,289,718,,,,,,,,,,,,,,,,,,,,,
11,GUANAJUATO,14,SALAMANCA,27,SALAMANCA,2244,C01,107,23,6,2,14,18,138,4,,1,337,8,345,718,,,,,,,,,,,,,,,,,,,,,
11,GUANAJUATO,14,SALAMANCA,27,SALAMANCA,2245,B,68,8,4,3,7,22,77,4,,9,212,2,214,556,,,,,,,,,,,,,,,,,,,,,
11,GUANAJUATO,14,SALAMANCA,27,SALAMANCA,2245,C01,73,10,3,3,11,22,87,4,,7,225,1,226,556,,,,,,,,,,,,,,,,,,,,,
11,GUANAJUATO,14,SALAMANCA,27,SALAMANCA,2245,C02,82,4,4,2,10,18,92,3,,10,235,4,239,556,,,,,,,,,,,,,,,,,,,,,
11,GUANAJUATO,14,SALAMANCA,27,SALAMANCA,2246,B,76,17,0,3,14,14,99,1,,5,241,3,244,652,,,,,,,,,,,,,,,,,,,,,
11,GUANAJUATO,14,SALAMANCA,27,SALAMANCA,2246,C01,101,13,4,7,5,19,108,2,,3,274,4,279,652,,,,,,,,,,,,,,,,,,,,,
11,GUANAJUATO,14,SALAMANCA,27,SALAMANCA,2247,B,95,3,0,2,4,8,37,2,,4,157,5,162,516,,,,,,,,,,,,,,,,,,,,,
11,GUANAJUATO,14,SALAMANCA,27,SALAMANCA,2247,C01,103,4,2,4,2,4,39,1,,1,162,3,165,515,,,,,,,,,,,,,,,,,,,,,
11,GUANAJUATO,14,SALAMANCA,27,SALAMANCA,2248,B,79,12,5,34,10,28,99,7,,19,303,12,315,733,,,,,,,,,,,,,,,,,,,,,
11,GUANAJUATO,14,SALAMANCA,27,SALAMANCA,2248,C01,58,18,5,23,10,30,117,2,,15,287,4,291,733,,,,,,,,,,,,,,,,,,,,,
11,GUANAJUATO,14,SALAMANCA,27,SALAMANCA,2249,B,46,7,9,11,10,27,98,2,,7,223,9,232,542,,,,,,,,,,,,,,,,,,,,,
11,GUANAJUATO,14,SALAMANCA,27,SALAMANCA,2249,C01,54,3,4,10,24,26,61,5,,6,201,6,207,541,,,,,,,,,,,,,,,,,,,,,
11,GUANAJUATO,14,SALAMANCA,27,SALAMANCA,2250,B,63,5,1,7,13,29,37,0,,12,174,8,182,392,,,,,,,,,,,,,,,,,,,,,
11,GUANAJUATO,14,SALAMANCA,27,SALAMANCA,2250,C01,42,9,4,13,25,18,51,0,,5,172,2,174,392,,,,,,,,,,,,,,,,,,,,,
11,GUANAJUATO,14,SALAMANCA,27,SALAMANCA,2251,B,69,5,5,6,52,12,83,4,,8,249,5,254,604,,,,,,,,,,,,,,,,,,,,,
11,GUANAJUATO,14,SALAMANCA,27,SALAMANCA,2251,C01,71,3,4,5,36,8,78,3,,20,231,5,236,603,,,,,,,,,,,,,,,,,,,,,
11,GUANAJUATO,14,SALAMANCA,27,SALAMANCA,2252,B,61,20,4,9,19,10,43,3,,8,182,5,187,543,,,,,,,,,,,,,,,,,,,,,
11,GUANAJUATO,14,SALAMANCA,27,SALAMANCA,2252,C01,70,7,3,5,17,4,45,2,,9,168,4,172,542,,,,,,,,,,,,,,,,,,,,,
11,GUANAJUATO,14,SALAMANCA,27,SALAMANCA,2253,B,64,26,1,9,7,25,76,5,,5,232,6,238,561,,,,,,,,,,,,,,,,,,,,,
11,GUANAJUATO,14,SALAMANCA,27,SALAMANCA,2253,C01,48,22,3,8,6,23,79,3,,1,207,7,214,561,,,,,,,,,,,,,,,,,,,,,
11,GUANAJUATO,14,SALAMANCA,27,SALAMANCA,2253,C02,55,30,7,7,11,15,63,6,,3,206,7,213,561,,,,,,,,,,,,,,,,,,,,,
11,GUANAJUATO,14,SALAMANCA,27,SALAMANCA,2254,B,51,8,2,6,37,41,57,3,,14,229,11,240,559,,,,,,,,,,,,,,,,,,,,,
11,GUANAJUATO,14,SALAMANCA,27,SALAMANCA,2254,C01,49,11,1,10,42,38,67,7,,7,243,7,250,559,,,,,,,,,,,,,,,,,,,,,
11,GUANAJUATO,14,SALAMANCA,27,SALAMANCA,2255,B,79,9,2,4,16,14,94,2,,7,230,15,245,733,,,,,,,,,,,,,,,,,,,,,
11,GUANAJUATO,14,SALAMANCA,27,SALAMANCA,2256,B,44,8,1,5,9,12,51,2,,2,138,2,140,400,,,,,,,,,,,,,,,,,,,,,
11,GUANAJUATO,14,SALAMANCA,27,SALAMANCA,2257,B,62,15,1,21,13,43,79,1,,8,249,7,256,603,,,,,,,,,,,,,,,,,,,,,
11,GUANAJUATO,14,SALAMANCA,27,SALAMANCA,2257,C01,31,14,3,19,17,39,57,2,,1,188,8,196,603,,,,,,,,,,,,,,,,,,,,,
11,GUANAJUATO,14,SALAMANCA,27,SALAMANCA,2258,B,54,8,2,8,19,14,78,2,,5,197,8,205,465,,,,,,,,,,,,,,,,,,,,,
11,GUANAJUATO,14,SALAMANCA,27,SALAMANCA,2258,C01,35,13,3,8,13,10,68,4,,2,159,5,164,464,,,,,,,,,,,,,,,,,,,,,
11,GUANAJUATO,14,SALAMANCA,27,SALAMANCA,2259,B,46,13,3,3,1,8,44,2,,25,146,4,150,490,,,,,,,,,,,,,,,,,,,,,
11,GUANAJUATO,14,SALAMANCA,27,SALAMANCA,2259,C01,38,11,2,2,3,10,62,2,,17,148,5,153,489,,,,,,,,,,,,,,,,,,,,,
11,GUANAJUATO,14,SALAMANCA,27,SALAMANCA,2260,B,32,11,2,5,30,7,62,4,,13,171,9,180,501,,,,,,,,,,,,,,,,,,,,,
11,GUANAJUATO,14,SALAMANCA,27,SALAMANCA,2260,C01,36,11,4,0,15,4,37,0,,9,124,5,129,501,,,,,,,,,,,,,,,,,,,,,
11,GUANAJUATO,14,SALAMANCA,27,SALAMANCA,2260,C02,37,15,3,2,23,5,51,0,,9,148,1,149,500,,,,,,,,,,,,,,,,,,,,,
11,GUANAJUATO,14,SALAMANCA,27,SALAMANCA,2261,B,62,5,3,2,28,9,54,1,,2,169,6,175,545,,,,,,,,,,,,,,,,,,,,,
11,GUANAJUATO,14,SALAMANCA,27,SALAMANCA,2261,C01,84,5,0,5,7,8,63,2,,3,181,2,183,544,,,,,,,,,,,,,,,,,,,,,
11,GUANAJUATO,14,SALAMANCA,27,SALAMANCA,2262,B,73,11,1,0,8,6,33,3,,5,148,3,151,543,,,,,,,,,,,,,,,,,,,,,
11,GUANAJUATO,14,SALAMANCA,27,SALAMANCA,2262,C01,70,14,1,6,5,5,23,1,,7,140,9,149,543,,,,,,,,,,,,,,,,,,,,,
11,GUANAJUATO,15,CELAYA,7,CELAYA,367,B,67,16,1,12,24,10,61,3,2,2,200,6,206,412,,,,,,,,,,,,,,,,,,,,,
11,GUANAJUATO,15,CELAYA,7,CELAYA,367,C01,49,15,2,9,15,13,60,3,0,3,172,7,180,412,,,,,,,,,,,,,,,,,,,,,
11,GUANAJUATO,15,CELAYA,7,CELAYA,368,B,76,10,3,15,22,9,75,4,7,6,228,5,233,474,,,,,,,,,,,,,,,,,,,,,
11,GUANAJUATO,15,CELAYA,7,CELAYA,368,C01,90,13,1,11,28,13,72,0,3,3,235,7,242,473,,,,,,,,,,,,,,,,,,,,,
11,GUANAJUATO,15,CELAYA,7,CELAYA,369,B,137,12,2,9,20,10,68,6,4,5,275,3,278,436,,,,,,,,,,,,,,,,,,,,,
11,GUANAJUATO,15,CELAYA,7,CELAYA,369,C01,141,23,2,14,20,6,50,2,2,2,263,5,269,436,,,,,,,,,,,,,,,,,,,,,
11,GUANAJUATO,15,CELAYA,7,CELAYA,377,B,89,23,1,14,14,12,76,1,0,6,237,8,245,463,,,,,,,,,,,,,,,,,,,,,
11,GUANAJUATO,15,CELAYA,7,CELAYA,377,C01,82,20,2,8,23,5,85,3,2,2,236,9,245,462,,,,,,,,,,,,,,,,,,,,,
11,GUANAJUATO,15,CELAYA,7,CELAYA,378,B,126,24,2,14,18,13,82,4,0,4,294,10,304,555,,,,,,,,,,,,,,,,,,,,,
11,GUANAJUATO,15,CELAYA,7,CELAYA,378,C01,95,24,4,6,20,11,76,1,4,6,255,7,262,554,,,,,,,,,,,,,,,,,,,,,
11,GUANAJUATO,15,CELAYA,7,CELAYA,379,B,93,18,3,5,19,9,72,2,0,6,232,6,239,548,,,,,,,,,,,,,,,,,,,,,
11,GUANAJUATO,15,CELAYA,7,CELAYA,379,C01,85,17,2,12,21,10,89,1,0,3,245,3,248,547,,,,,,,,,,,,,,,,,,,,,
11,GUANAJUATO,15,CELAYA,7,CELAYA,380,B,62,20,2,10,16,8,65,5,4,3,200,4,204,391,,,,,,,,,,,,,,,,,,,,,
11,GUANAJUATO,15,CELAYA,7,CELAYA,380,C01,65,19,2,8,16,7,52,4,3,6,188,3,193,390,,,,,,,,,,,,,,,,,,,,,
11,GUANAJUATO,15,CELAYA,7,CELAYA,381,B,78,27,5,7,23,7,97,5,2,5,265,10,275,685,,,,,,,,,,,,,,,,,,,,,
11,GUANAJUATO,15,CELAYA,7,CELAYA,381,C01,100,19,4,23,17,5,97,7,0,10,288,9,297,684,,,,,,,,,,,,,,,,,,,,,
11,GUANAJUATO,15,CELAYA,7,CELAYA,382,B,64,13,2,6,18,12,73,2,1,2,195,7,202,501,,,,,,,,,,,,,,,,,,,,,
11,GUANAJUATO,15,CELAYA,7,CELAYA,382,C01,63,19,4,7,13,20,57,2,3,2,190,3,193,501,,,,,,,,,,,,,,,,,,,,,
11,GUANAJUATO,15,CELAYA,7,CELAYA,382,C02,61,9,3,11,15,14,52,4,1,4,176,3,179,501,,,,,,,,,,,,,,,,,,,,,
11,GUANAJUATO,15,CELAYA,7,CELAYA,383,B,161,29,3,19,36,18,102,4,4,3,380,7,388,744,,,,,,,,,,,,,,,,,,,,,
11,GUANAJUATO,15,CELAYA,7,CELAYA,383,C01,155,37,4,15,25,15,90,7,1,1,353,3,357,744,,,,,,,,,,,,,,,,,,,,,
11,GUANAJUATO,15,CELAYA,7,CELAYA,384,B,171,37,6,16,23,11,79,4,4,9,365,7,372,647,,,,,,,,,,,,,,,,,,,,,
11,GUANAJUATO,15,CELAYA,7,CELAYA,384,C01,198,37,4,10,19,16,81,3,4,1,384,5,390,647,,,,,,,,,,,,,,,,,,,,,
11,GUANAJUATO,15,CELAYA,7,CELAYA,384,C02,197,30,6,19,22,10,83,2,3,3,376,7,384,646,,,,,,,,,,,,,,,,,,,,,
11,GUANAJUATO,15,CELAYA,7,CELAYA,385,B,215,36,3,11,18,10,70,0,3,2,376,1,377,593,,,,,,,,,,,,,,,,,,,,,
11,GUANAJUATO,15,CELAYA,7,CELAYA,385,C01,160,30,3,17,22,11,64,1,6,6,323,7,330,593,,,,,,,,,,,,,,,,,,,,,
11,GUANAJUATO,15,CELAYA,7,CELAYA,386,B,150,24,5,10,20,11,46,5,1,1,275,1,277,465,,,,,,,,,,,,,,,,,,,,,
11,GUANAJUATO,15,CELAYA,7,CELAYA,386,C01,131,23,1,7,20,14,55,2,1,1,258,3,261,464,,,,,,,,,,,,,,,,,,,,,
11,GUANAJUATO,15,CELAYA,7,CELAYA,387,B,149,30,3,10,11,8,102,1,2,3,321,6,327,680,,,,,,,,,,,,,,,,,,,,,
11,GUANAJUATO,15,CELAYA,7,CELAYA,387,C01,129,24,1,10,24,12,100,2,1,0,307,8,315,679,,,,,,,,,,,,,,,,,,,,,
11,GUANAJUATO,15,CELAYA,7,CELAYA,391,B,101,25,1,5,38,11,68,2,0,2,256,3,259,474,,,,,,,,,,,,,,,,,,,,,
11,GUANAJUATO,15,CELAYA,7,CELAYA,391,C01,96,28,2,7,20,9,50,5,1,4,230,0,230,473,,,,,,,,,,,,,,,,,,,,,
11,GUANAJUATO,15,CELAYA,7,CELAYA,392,B,96,19,3,20,14,7,85,2,3,2,252,8,261,595,,,,,,,,,,,,,,,,,,,,,
11,GUANAJUATO,15,CELAYA,7,CELAYA,392,C01,99,14,4,12,22,15,71,6,0,2,252,9,261,594,,,,,,,,,,,,,,,,,,,,,
11,GUANAJUATO,15,CELAYA,7,CELAYA,393,B,204,22,0,11,15,9,49,0,4,2,318,6,325,482,,,,,,,,,,,,,,,,,,,,,
11,GUANAJUATO,15,CELAYA,7,CELAYA,393,C01,195,32,0,7,15,6,58,0,4,0,320,4,325,482,,,,,,,,,,,,,,,,,,,,,
11,GUANAJUATO,15,CELAYA,7,CELAYA,394,B,173,35,6,14,37,12,48,6,3,4,340,9,349,644,,,,,,,,,,,,,,,,,,,,,
11,GUANAJUATO,15,CELAYA,7,CELAYA,395,B,135,16,2,8,20,10,51,0,0,1,248,4,252,397,,,,,,,,,,,,,,,,,,,,,
11,GUANAJUATO,15,CELAYA,7,CELAYA,396,B,301,16,4,11,11,6,32,0,3,1,386,2,391,548,,,,,,,,,,,,,,,,,,,,,
11,GUANAJUATO,15,CELAYA,7,CELAYA,405,B,212,28,4,13,18,19,75,3,2,3,383,6,393,647,,,,,,,,,,,,,,,,,,,,,
11,GUANAJUATO,15,CELAYA,7,CELAYA,406,B,131,21,4,14,43,12,97,4,3,7,337,9,348,645,,,,,,,,,,,,,,,,,,,,,
11,GUANAJUATO,15,CELAYA,7,CELAYA,407,B,84,9,3,13,22,8,53,1,5,0,203,6,209,469,,,,,,,,,,,,,,,,,,,,,
11,GUANAJUATO,15,CELAYA,7,CELAYA,407,C01,66,15,2,12,16,6,74,5,3,6,214,5,220,469,,,,,,,,,,,,,,,,,,,,,
11,GUANAJUATO,15,CELAYA,7,CELAYA,408,B,177,30,2,6,10,7,59,2,3,3,302,5,307,462,,,,,,,,,,,,,,,,,,,,,
11,GUANAJUATO,15,CELAYA,7,CELAYA,408,C01,159,23,1,12,10,7,59,4,0,4,279,7,286,461,,,,,,,,,,,,,,,,,,,,,
11,GUANAJUATO,15,CELAYA,7,CELAYA,409,B,130,28,5,8,8,17,55,0,9,3,265,4,269,380,,,,,,,,,,,,,,,,,,,,,
11,GUANAJUATO,15,CELAYA,7,CELAYA,409,C01,130,23,2,10,9,9,50,1,4,3,244,2,246,380,,,,,,,,,,,,,,,,,,,,,
11,GUANAJUATO,15,CELAYA,7,CELAYA,410,B,81,16,1,14,16,8,62,2,3,3,211,4,215,395,,,,,,,,,,,,,,,,,,,,,
11,GUANAJUATO,15,CELAYA,7,CELAYA,410,C01,63,15,7,7,6,13,85,4,4,3,207,9,216,395,,,,,,,,,,,,,,,,,,,,,
11,GUANAJUATO,15,CELAYA,7,CELAYA,411,B,78,17,0,5,11,5,52,1,1,5,179,6,185,405,,,,,,,,,,,,,,,,,,,,,
11,GUANAJUATO,15,CELAYA,7,CELAYA,411,C01,59,9,3,12,8,10,68,3,3,0,177,12,189,405,,,,,,,,,,,,,,,,,,,,,
11,GUANAJUATO,15,CELAYA,7,CELAYA,412,B,177,43,3,17,14,20,94,2,1,1,375,5,381,728,,,,,,,,,,,,,,,,,,,,,
11,GUANAJUATO,15,CELAYA,7,CELAYA,412,C01,186,40,7,13,15,9,89,3,4,3,369,7,376,728,,,,,,,,,,,,,,,,,,,,,
11,GUANAJUATO,15,CELAYA,7,CELAYA,412,C02,169,33,5,13,18,19,86,4,3,5,360,8,369,728,,,,,,,,,,,,,,,,,,,,,
11,GUANAJUATO,15,CELAYA,7,CELAYA,412,C03,160,38,4,20,22,14,94,7,5,6,375,5,380,728,,,,,,,,,,,,,,,,,,,,,
11,GUANAJUATO,15,CELAYA,7,CELAYA,412,C04,192,19,4,12,19,9,88,2,1,4,354,7,361,728,,,,,,,,,,,,,,,,,,,,,
11,GUANAJUATO,15,CELAYA,7,CELAYA,412,C05,170,32,2,15,15,23,79,3,5,1,349,11,360,727,,,,,,,,,,,,,,,,,,,,,
11,GUANAJUATO,15,CELAYA,7,CELAYA,412,C06,180,34,7,22,13,20,71,2,4,4,360,3,364,727,,,,,,,,,,,,,,,,,,,,,
11,GUANAJUATO,15,CELAYA,7,CELAYA,412,C07,178,40,3,23,14,15,106,5,1,5,398,5,404,727,,,,,,,,,,,,,,,,,,,,,
11,GUANAJUATO,15,CELAYA,7,CELAYA,412,C08,170,28,2,24,16,19,88,3,3,8,364,6,370,727,,,,,,,,,,,,,,,,,,,,,
11,GUANAJUATO,15,CELAYA,7,CELAYA,412,C09,158,25,4,19,23,16,99,2,5,5,363,4,367,727,,,,,,,,,,,,,,,,,,,,,
11,GUANAJUATO,15,CELAYA,7,CELAYA,412,C10,176,40,4,16,21,17,87,1,4,4,375,9,384,727,,,,,,,,,,,,,,,,,,,,,
11,GUANAJUATO,15,CELAYA,7,CELAYA,412,C11,186,27,1,14,19,17,114,5,3,4,399,5,404,727,,,,,,,,,,,,,,,,,,,,,
11,GUANAJUATO,15,CELAYA,7,CELAYA,412,C12,176,34,3,17,27,12,88,6,0,6,375,8,384,727,,,,,,,,,,,,,,,,,,,,,
11,GUANAJUATO,15,CELAYA,7,CELAYA,413,B,104,12,0,1,20,4,91,3,5,0,244,3,247,440,,,,,,,,,,,,,,,,,,,,,
11,GUANAJUATO,15,CELAYA,7,CELAYA,413,C01,98,18,2,4,23,17,88,2,2,4,258,5,263,439,,,,,,,,,,,,,,,,,,,,,
11,GUANAJUATO,15,CELAYA,7,CELAYA,414,B,162,41,6,16,15,10,63,3,2,5,324,13,337,490,,,,,,,,,,,,,,,,,,,,,
11,GUANAJUATO,15,CELAYA,7,CELAYA,414,C01,154,21,4,11,20,8,70,4,1,3,298,11,309,490,,,,,,,,,,,,,,,,,,,,,
11,GUANAJUATO,15,CELAYA,7,CELAYA,415,B,235,43,7,17,9,9,64,2,4,6,396,12,408,596,,,,,,,,,,,,,,,,,,,,,
11,GUANAJUATO,15,CELAYA,7,CELAYA,415,C01,189,47,5,18,11,10,64,3,5,3,356,5,361,596,,,,,,,,,,,,,,,,,,,,,
11,GUANAJUATO,15,CELAYA,7,CELAYA,416,B,115,32,0,10,21,15,61,3,0,2,266,6,272,544,,,,,,,,,,,,,,,,,,,,,
11,GUANAJUATO,15,CELAYA,7,CELAYA,416,C01,122,31,3,13,24,12,47,2,5,2,266,8,274,543,,,,,,,,,,,,,,,,,,,,,
11,GUANAJUATO,15,CELAYA,7,CELAYA,417,B,105,25,7,10,17,11,99,5,1,3,286,5,291,656,,,,,,,,,,,,,,,,,,,,,
11,GUANAJUATO,15,CELAYA,7,CELAYA,418,B,138,43,1,17,37,12,85,3,5,8,356,8,364,689,,,,,,,,,,,,,,,,,,,,,
11,GUANAJUATO,15,CELAYA,7,CELAYA,419,B,152,24,1,14,20,10,61,6,2,2,296,7,303,521,,,,,,,,,,,,,,,,,,,,,
11,GUANAJUATO,15,CELAYA,7,CELAYA,428,B,126,34,1,13,13,9,55,0,4,0,256,4,260,438,,,,,,,,,,,,,,,,,,,,,
11,GUANAJUATO,15,CELAYA,7,CELAYA,429,B,93,34,1,8,15,3,41,2,5,0,207,9,216,400,,,,,,,,,,,,,,,,,,,,,
11,GUANAJUATO,15,CELAYA,7,CELAYA,430,B,64,15,1,3,3,3,26,1,1,3,122,2,124,190,,,,,,,,,,,,,,,,,,,,,
11,GUANAJUATO,15,CELAYA,7,CELAYA,431,B,154,34,0,10,23,10,57,1,2,1,294,5,300,514,,,,,,,,,,,,,,,,,,,,,
11,GUANAJUATO,15,CELAYA,7,CELAYA,431,C01,144,31,0,9,19,10,67,4,2,3,293,8,301,514,,,,,,,,,,,,,,,,,,,,,
11,GUANAJUATO,15,CELAYA,7,CELAYA,432,B,230,52,3,19,22,10,70,2,1,1,414,5,419,723,,,,,,,,,,,,,,,,,,,,,
11,GUANAJUATO,15,CELAYA,7,CELAYA,433,B,230,33,5,8,6,15,39,1,2,3,344,3,347,530,,,,,,,,,,,,,,,,,,,,,
11,GUANAJUATO,15,CELAYA,7,CELAYA,434,B,130,33,2,17,22,10,89,1,2,0,311,11,322,566,,,,,,,,,,,,,,,,,,,,,
11,GUANAJUATO,15,CELAYA,7,CELAYA,434,C01,130,23,4,20,25,18,92,1,3,0,324,6,330,565,,,,,,,,,,,,,,,,,,,,,
11,GUANAJUATO,15,CELAYA,7,CELAYA,435,B,109,25,1,11,16,14,75,2,1,3,261,11,272,471,,,,,,,,,,,,,,,,,,,,,
11,GUANAJUATO,15,CELAYA,7,CELAYA,435,C01,103,16,3,9,22,12,93,2,1,6,269,6,275,470,,,,,,,,,,,,,,,,,,,,,
11,GUANAJUATO,15,CELAYA,7,CELAYA,436,B,275,46,9,5,9,9,49,0,6,4,414,5,419,632,,,,,,,,,,,,,,,,,,,,,
11,GUANAJUATO,15,CELAYA,7,CELAYA,436,C01,274,46,4,14,2,7,56,3,1,1,410,5,417,632,,,,,,,,,,,,,,,,,,,,,
11,GUANAJUATO,15,CELAYA,7,CELAYA,436,C02,276,29,4,14,18,13,52,2,2,3,416,7,423,632,,,,,,,,,,,,,,,,,,,,,
11,GUANAJUATO,15,CELAYA,7,CELAYA,437,B,190,36,0,10,5,10,37,0,2,1,292,4,297,440,,,,,,,,,,,,,,,,,,,,,
11,GUANAJUATO,15,CELAYA,7,CELAYA,437,C01,199,26,4,2,7,8,23,3,2,1,277,4,281,440,,,,,,,,,,,,,,,,,,,,,
11,GUANAJUATO,15,CELAYA,7,CELAYA,438,B,149,34,3,18,27,14,110,3,1,5,366,9,375,744,,,,,,,,,,,,,,,,,,,,,
11,GUANAJUATO,15,CELAYA,7,CELAYA,439,B,151,26,3,9,12,5,51,7,3,1,269,10,280,466,,,,,,,,,,,,,,,,,,,,,
11,GUANAJUATO,15,CELAYA,7,CELAYA,440,B,48,11,3,1,4,2,25,3,1,2,101,3,104,213,,,,,,,,,,,,,,,,,,,,,
11,GUANAJUATO,15,CELAYA,7,CELAYA,441,B,123,27,2,5,25,11,79,2,4,3,288,9,297,578,,,,,,,,,,,,,,,,,,,,,
11,GUANAJUATO,15,CELAYA,7,CELAYA,442,B,164,26,5,4,18,10,76,1,1,5,311,14,325,641,,,,,,,,,,,,,,,,,,,,,
11,GUANAJUATO,15,CELAYA,7,CELAYA,442,C01,169,23,4,14,14,9,78,1,0,2,316,4,321,641,,,,,,,,,,,,,,,,,,,,,
11,GUANAJUATO,15,CELAYA,7,CELAYA,443,B,232,28,3,13,4,12,52,1,0,1,349,6,355,535,,,,,,,,,,,,,,,,,,,,,
11,GUANAJUATO,15,CELAYA,7,CELAYA,443,C01,253,14,2,11,15,9,40,3,1,0,355,7,362,535,,,,,,,,,,,,,,,,,,,,,
11,GUANAJUATO,15,CELAYA,7,CELAYA,444,B,99,24,3,10,8,4,44,1,2,0,196,6,202,396,,,,,,,,,,,,,,,,,,,,,
11,GUANAJUATO,15,CELAYA,7,CELAYA,444,C01,99,27,3,13,12,4,42,0,2,0,202,0,202,396,,,,,,,,,,,,,,,,,,,,,
11,GUANAJUATO,15,CELAYA,7,CELAYA,444,S01,35,18,1,4,3,5,49,3,1,0,120,2,122,0,,,,,,,,,,,,,,,,,,,,,
11,GUANAJUATO,15,CELAYA,7,CELAYA,445,B,86,14,5,9,16,7,60,3,3,1,211,6,218,419,,,,,,,,,,,,,,,,,,,,,
11,GUANAJUATO,15,CELAYA,7,CELAYA,445,C01,90,19,2,8,24,3,65,2,2,2,219,7,226,419,,,,,,,,,,,,,,,,,,,,,
11,GUANAJUATO,15,CELAYA,7,CELAYA,446,B,95,8,1,7,8,9,39,2,3,2,174,0,174,382,,,,,,,,,,,,,,,,,,,,,
11,GUANAJUATO,15,CELAYA,7,CELAYA,446,C01,89,16,1,7,9,8,45,3,2,4,187,0,187,382,,,,,,,,,,,,,,,,,,,,,
11,GUANAJUATO,15,CELAYA,7,CELAYA,447,B,107,20,1,7,35,5,46,3,2,5,232,6,238,409,,,,,,,,,,,,,,,,,,,,,
11,GUANAJUATO,15,CELAYA,7,CELAYA,448,B,99,26,1,4,14,7,36,3,1,0,193,2,196,392,,,,,,,,,,,,,,,,,,,,,
11,GUANAJUATO,15,CELAYA,7,CELAYA,448,C01,101,14,1,11,17,8,52,2,3,3,213,3,216,392,,,,,,,,,,,,,,,,,,,,,
11,GUANAJUATO,15,CELAYA,7,CELAYA,449,B,344,47,4,14,5,9,70,6,3,3,508,4,513,739,,,,,,,,,,,,,,,,,,,,,
11,GUANAJUATO,15,CELAYA,7,CELAYA,449,C01,299,44,3,17,14,17,69,7,4,2,478,4,483,739,,,,,,,,,,,,,,,,,,,,,
11,GUANAJUATO,15,CELAYA,7,CELAYA,449,C02,296,50,3,16,8,5,69,0,4,3,462,3,465,739,,,,,,,,,,,,,,,,,,,,,
11,GUANAJUATO,15,CELAYA,7,CELAYA,450,B,250,37,3,10,14,4,48,0,9,6,383,5,390,609,,,,,,,,,,,,,,,,,,,,,
11,GUANAJUATO,15,CELAYA,7,CELAYA,450,C01,230,52,5,7,14,16,65,1,1,2,398,7,407,608,,,,,,,,,,,,,,,,,,,,,
11,GUANAJUATO,15,CELAYA,7,CELAYA,451,B,85,28,3,13,32,13,62,1,3,2,242,8,250,474,,,,,,,,,,,,,,,,,,,,,
11,GUANAJUATO,15,CELAYA,7,CELAYA,451,C01,95,27,5,10,27,12,53,2,0,1,235,5,241,473,,,,,,,,,,,,,,,,,,,,,
11,GUANAJUATO,15,CELAYA,7,CELAYA,452,B,141,40,2,10,20,17,74,1,2,4,316,9,325,638,,,,,,,,,,,,,,,,,,,,,
11,GUANAJUATO,15,CELAYA,7,CELAYA,452,C01,145,43,3,18,17,9,76,5,5,7,331,14,346,637,,,,,,,,,,,,,,,,,,,,,
11,GUANAJUATO,15,CELAYA,7,CELAYA,453,B,77,33,5,6,20,5,59,1,1,1,209,4,213,432,,,,,,,,,,,,,,,,,,,,,
11,GUANAJUATO,15,CELAYA,7,CELAYA,453,C01,104,32,5,5,14,1,57,2,2,1,224,4,229,431,,,,,,,,,,,,,,,,,,,,,
11,GUANAJUATO,15,CELAYA,7,CELAYA,454,B,89,30,1,9,17,11,48,3,4,4,219,6,225,453,,,,,,,,,,,,,,,,,,,,,
11,GUANAJUATO,15,CELAYA,7,CELAYA,454,C01,90,22,1,14,6,9,53,1,1,2,202,11,213,452,,,,,,,,,,,,,,,,,,,,,
11,GUANAJUATO,15,CELAYA,7,CELAYA,455,B,101,13,4,12,13,5,70,2,3,4,229,6,235,490,,,,,,,,,,,,,,,,,,,,,
11,GUANAJUATO,15,CELAYA,7,CELAYA,455,C01,100,16,5,1,17,11,59,5,1,1,216,8,224,489,,,,,,,,,,,,,,,,,,,,,
11,GUANAJUATO,15,CELAYA,7,CELAYA,456,B,187,26,3,12,9,5,60,0,5,0,310,4,314,515,,,,,,,,,,,,,,,,,,,,,
11,GUANAJUATO,15,CELAYA,7,CELAYA,456,C01,245,20,4,13,14,11,39,1,1,1,353,2,355,514,,,,,,,,,,,,,,,,,,,,,
11,GUANAJUATO,15,CELAYA,7,CELAYA,456,C02,224,22,3,9,6,6,41,1,0,2,314,4,318,514,,,,,,,,,,,,,,,,,,,,,
11,GUANAJUATO,15,CELAYA,7,CELAYA,457,B,84,24,4,5,22,5,67,3,1,3,219,8,227,459,,,,,,,,,,,,,,,,,,,,,
11,GUANAJUATO,15,CELAYA,7,CELAYA,457,C01,76,16,3,8,11,2,66,3,2,1,188,2,190,459,,,,,,,,,,,,,,,,,,,,,
11,GUANAJUATO,15,CELAYA,7,CELAYA,458,B,87,27,2,4,23,4,81,3,3,3,242,4,246,479,,,,,,,,,,,,,,,,,,,,,
11,GUANAJUATO,15,CELAYA,7,CELAYA,458,C01,79,21,3,11,7,9,61,0,2,1,196,8,204,479,,,,,,,,,,,,,,,,,,,,,
11,GUANAJUATO,15,CELAYA,7,CELAYA,459,B,187,19,9,13,12,16,76,4,2,7,347,5,352,658,,,,,,,,,,,,,,,,,,,,,
11,GUANAJUATO,15,CELAYA,7,CELAYA,459,C01,186,27,4,16,21,10,80,0,2,0,352,4,356,658,,,,,,,,,,,,,,,,,,,,,
11,GUANAJUATO,15,CELAYA,7,CELAYA,460,B,128,35,4,13,26,12,87,2,3,6,321,4,325,670,,,,,,,,,,,,,,,,,,,,,
11,GUANAJUATO,15,CELAYA,7,CELAYA,460,C01,119,40,6,10,22,17,84,4,1,4,312,8,320,670,,,,,,,,,,,,,,,,,,,,,
11,GUANAJUATO,15,CELAYA,7,CELAYA,460,C02,119,28,6,22,21,8,91,4,2,5,309,7,316,669,,,,,,,,,,,,,,,,,,,,,
11,GUANAJUATO,15,CELAYA,7,CELAYA,460,C03,118,37,4,13,21,12,103,4,2,4,324,7,331,669,,,,,,,,,,,,,,,,,,,,,
11,GUANAJUATO,15,CELAYA,7,CELAYA,460,C04,105,39,4,10,16,12,96,3,1,6,297,4,301,669,,,,,,,,,,,,,,,,,,,,,
11,GUANAJUATO,15,CELAYA,7,CELAYA,460,C05,114,23,3,8,17,8,87,2,1,6,280,10,290,669,,,,,,,,,,,,,,,,,,,,,
11,GUANAJUATO,15,CELAYA,7,CELAYA,461,B,94,17,1,14,15,11,119,7,2,0,282,7,289,703,,,,,,,,,,,,,,,,,,,,,
11,GUANAJUATO,15,CELAYA,7,CELAYA,462,B,66,17,0,7,21,5,69,4,1,2,196,6,202,486,,,,,,,,,,,,,,,,,,,,,
11,GUANAJUATO,15,CELAYA,7,CELAYA,463,B,107,37,3,8,22,12,71,9,2,3,275,9,284,578,,,,,,,,,,,,,,,,,,,,,
11,GUANAJUATO,15,CELAYA,7,CELAYA,464,B,123,35,4,10,27,16,103,5,3,7,334,8,342,580,,,,,,,,,,,,,,,,,,,,,
11,GUANAJUATO,15,CELAYA,7,CELAYA,465,B,72,27,1,10,10,5,71,3,4,5,211,8,219,447,,,,,,,,,,,,,,,,,,,,,
11,GUANAJUATO,15,CELAYA,7,CELAYA,465,C01,68,12,4,9,11,3,75,7,1,2,194,7,201,447,,,,,,,,,,,,,,,,,,,,,
11,GUANAJUATO,15,CELAYA,7,CELAYA,466,B,81,32,6,12,30,12,74,8,1,1,258,10,270,630,,,,,,,,,,,,,,,,,,,,,
11,GUANAJUATO,15,CELAYA,7,CELAYA,466,C01,81,49,4,9,20,15,79,7,4,3,273,4,277,630,,,,,,,,,,,,,,,,,,,,,
11,GUANAJUATO,15,CELAYA,7,CELAYA,467,B,97,30,2,22,12,12,60,1,4,3,245,2,247,408,,,,,,,,,,,,,,,,,,,,,
11,GUANAJUATO,15,CELAYA,7,CELAYA,467,C01,84,25,1,10,16,14,55,1,6,3,216,3,219,408,,,,,,,,,,,,,,,,,,,,,
11,GUANAJUATO,15,CELAYA,7,CELAYA,468,B,176,21,2,11,9,3,74,2,2,0,305,5,310,554,,,,,,,,,,,,,,,,,,,,,
11,GUANAJUATO,15,CELAYA,7,CELAYA,468,C01,173,31,6,10,8,7,57,4,2,4,308,7,316,554,,,,,,,,,,,,,,,,,,,,,
11,GUANAJUATO,15,CELAYA,7,CELAYA,469,B,103,25,4,4,20,11,92,1,4,5,277,11,288,521,,,,,,,,,,,,,,,,,,,,,
11,GUANAJUATO,15,CELAYA,7,CELAYA,470,B,105,33,1,12,25,6,91,4,2,1,282,4,286,644,,,,,,,,,,,,,,,,,,,,,
11,GUANAJUATO,15,CELAYA,7,CELAYA,471,B,131,35,4,12,14,9,82,4,2,7,306,11,317,708,,,,,,,,,,,,,,,,,,,,,
11,GUANAJUATO,15,CELAYA,7,CELAYA,471,C01,113,34,4,13,17,10,106,4,3,2,312,11,323,708,,,,,,,,,,,,,,,,,,,,,
11,GUANAJUATO,15,CELAYA,7,CELAYA,471,C02,118,20,6,12,18,8,106,4,1,0,297,7,304,708,,,,,,,,,,,,,,,,,,,,,
11,GUANAJUATO,15,CELAYA,7,CELAYA,471,C03,114,24,5,20,13,12,100,2,8,1,304,3,307,708,,,,,,,,,,,,,,,,,,,,,
11,GUANAJUATO,15,CELAYA,7,CELAYA,471,C04,134,29,4,11,12,16,84,6,0,4,308,9,317,708,,,,,,,,,,,,,,,,,,,,,
11,GUANAJUATO,15,CELAYA,7,CELAYA,471,C05,90,32,4,18,20,12,94,4,6,4,287,10,298,708,,,,,,,,,,,,,,,,,,,,,
11,GUANAJUATO,15,CELAYA,7,CELAYA,471,C06,118,25,4,12,22,9,109,3,4,6,316,6,322,707,,,,,,,,,,,,,,,,,,,,,
11,GUANAJUATO,15,CELAYA,7,CELAYA,472,B,53,10,5,10,26,9,72,3,2,1,192,9,201,650,,,,,,,,,,,,,,,,,,,,,
11,GUANAJUATO,15,CELAYA,7,CELAYA,472,C01,64,22,2,8,24,12,83,1,7,1,227,12,239,650,,,,,,,,,,,,,,,,,,,,,
11,GUANAJUATO,15,CELAYA,7,CELAYA,472,C02,50,22,2,7,31,8,77,0,3,5,209,8,217,650,,,,,,,,,,,,,,,,,,,,,
11,GUANAJUATO,15,CELAYA,7,CELAYA,473,B,44,17,6,13,22,11,90,2,4,4,215,6,221,674,,,,,,,,,,,,,,,,,,,,,
11,GUANAJUATO,15,CELAYA,7,CELAYA,473,C01,55,19,2,7,21,9,86,0,3,1,208,5,215,674,,,,,,,,,,,,,,,,,,,,,
11,GUANAJUATO,15,CELAYA,7,CELAYA,473,C02,64,15,1,7,20,9,74,2,5,2,203,8,211,674,,,,,,,,,,,,,,,,,,,,,
11,GUANAJUATO,15,CELAYA,7,CELAYA,473,C03,51,23,8,6,14,8,69,4,3,2,190,5,195,674,,,,,,,,,,,,,,,,,,,,,
11,GUANAJUATO,15,CELAYA,7,CELAYA,473,C04,52,18,3,7,21,10,102,0,3,2,219,7,226,674,,,,,,,,,,,,,,,,,,,,,
11,GUANAJUATO,15,CELAYA,7,CELAYA,473,C05,58,21,3,10,17,9,87,2,1,1,213,7,220,673,,,,,,,,,,,,,,,,,,,,,
11,GUANAJUATO,15,CELAYA,7,CELAYA,473,C06,60,14,3,14,19,5,94,3,2,2,220,7,227,673,,,,,,,,,,,,,,,,,,,,,
11,GUANAJUATO,15,CELAYA,7,CELAYA,474,B,67,20,4,8,20,6,87,3,5,5,230,8,238,594,,,,,,,,,,,,,,,,,,,,,
11,GUANAJUATO,15,CELAYA,7,CELAYA,474,C01,77,17,3,6,15,7,109,0,7,3,247,6,253,594,,,,,,,,,,,,,,,,,,,,,
11,GUANAJUATO,15,CELAYA,7,CELAYA,475,B,70,37,1,9,16,7,77,9,3,3,233,9,242,623,,,,,,,,,,,,,,,,,,,,,
11,GUANAJUATO,15,CELAYA,7,CELAYA,475,C01,65,27,3,14,14,9,112,6,2,2,259,3,262,622,,,,,,,,,,,,,,,,,,,,,
11,GUANAJUATO,15,CELAYA,7,CELAYA,476,B,73,35,1,12,14,8,61,2,1,1,211,7,218,551,,,,,,,,,,,,,,,,,,,,,
11,GUANAJUATO,15,CELAYA,7,CELAYA,476,C01,75,19,8,7,11,8,71,11,2,2,216,5,221,551,,,,,,,,,,,,,,,,,,,,,
11,GUANAJUATO,15,CELAYA,7,CELAYA,476,C02,61,18,4,15,21,11,61,7,2,3,206,4,210,551,,,,,,,,,,,,,,,,,,,,,
11,GUANAJUATO,15,CELAYA,7,CELAYA,477,B,74,31,4,14,12,10,104,2,3,2,260,4,264,635,,,,,,,,,,,,,,,,,,,,,
11,GUANAJUATO,15,CELAYA,7,CELAYA,477,C01,50,20,2,11,22,9,99,8,2,3,229,7,236,635,,,,,,,,,,,,,,,,,,,,,
11,GUANAJUATO,15,CELAYA,7,CELAYA,477,C02,64,20,0,10,9,9,107,6,3,1,234,4,238,635,,,,,,,,,,,,,,,,,,,,,
11,GUANAJUATO,15,CELAYA,7,CELAYA,477,C03,60,22,2,8,16,6,84,4,3,7,215,7,222,634,,,,,,,,,,,,,,,,,,,,,
11,GUANAJUATO,15,CELAYA,7,CELAYA,478,B,41,7,2,11,8,6,81,4,1,5,168,4,172,592,,,,,,,,,,,,,,,,,,,,,
11,GUANAJUATO,15,CELAYA,7,CELAYA,478,C01,56,11,2,8,6,7,106,4,2,2,204,3,208,592,,,,,,,,,,,,,,,,,,,,,
11,GUANAJUATO,15,CELAYA,7,CELAYA,478,C02,66,9,1,4,7,13,59,1,23,1,184,3,187,592,,,,,,,,,,,,,,,,,,,,,
11,GUANAJUATO,15,CELAYA,7,CELAYA,478,C03,54,18,5,7,10,9,98,2,2,3,210,2,212,592,,,,,,,,,,,,,,,,,,,,,
11,GUANAJUATO,15,CELAYA,7,CELAYA,479,B,48,16,5,7,8,4,88,6,2,0,185,1,187,617,,,,,,,,,,,,,,,,,,,,,
11,GUANAJUATO,15,CELAYA,7,CELAYA,479,C01,50,17,3,6,13,6,84,4,1,2,187,10,197,616,,,,,,,,,,,,,,,,,,,,,
11,GUANAJUATO,15,CELAYA,7,CELAYA,479,C02,49,22,1,5,10,8,75,1,1,1,174,0,174,616,,,,,,,,,,,,,,,,,,,,,
11,GUANAJUATO,15,CELAYA,7,CELAYA,480,B,46,26,3,11,17,9,84,5,3,5,212,6,218,626,,,,,,,,,,,,,,,,,,,,,
11,GUANAJUATO,15,CELAYA,7,CELAYA,480,C01,47,29,1,13,18,5,68,8,2,0,192,3,196,626,,,,,,,,,,,,,,,,,,,,,
11,GUANAJUATO,15,CELAYA,7,CELAYA,480,C02,57,26,4,4,18,8,75,4,0,3,205,9,214,626,,,,,,,,,,,,,,,,,,,,,
11,GUANAJUATO,15,CELAYA,7,CELAYA,481,B,73,21,6,8,13,7,114,7,4,7,264,10,274,735,,,,,,,,,,,,,,,,,,,,,
11,GUANAJUATO,15,CELAYA,7,CELAYA,481,C01,59,18,5,15,12,12,114,4,3,1,247,0,247,734,,,,,,,,,,,,,,,,,,,,,
11,GUANAJUATO,15,CELAYA,7,CELAYA,482,B,57,17,4,13,21,8,63,1,2,4,192,11,203,639,,,,,,,,,,,,,,,,,,,,,
11,GUANAJUATO,15,CELAYA,7,CELAYA,482,C01,42,16,2,4,20,8,89,0,1,3,190,6,196,639,,,,,,,,,,,,,,,,,,,,,
11,GUANAJUATO,15,CELAYA,7,CELAYA,482,C02,35,21,0,7,15,9,61,3,3,1,157,6,163,638,,,,,,,,,,,,,,,,,,,,,
11,GUANAJUATO,15,CELAYA,7,CELAYA,482,C03,50,16,2,3,27,10,74,0,2,0,186,10,196,638,,,,,,,,,,,,,,,,,,,,,
11,GUANAJUATO,15,CELAYA,7,CELAYA,483,B,106,23,6,5,21,7,101,13,3,1,290,10,300,652,,,,,,,,,,,,,,,,,,,,,
11,GUANAJUATO,15,CELAYA,7,CELAYA,483,C01,97,18,5,20,32,11,100,3,0,4,296,6,303,651,,,,,,,,,,,,,,,,,,,,,
11,GUANAJUATO,15,CELAYA,7,CELAYA,484,B,38,17,3,3,15,1,76,8,3,0,167,2,169,460,,,,,,,,,,,,,,,,,,,,,
11,GUANAJUATO,15,CELAYA,7,CELAYA,484,C01,43,10,3,3,17,2,78,3,2,2,165,8,173,460,,,,,,,,,,,,,,,,,,,,,
11,GUANAJUATO,15,CELAYA,7,CELAYA,485,B,27,14,3,7,11,2,90,2,4,1,163,4,167,604,,,,,,,,,,,,,,,,,,,,,
11,GUANAJUATO,15,CELAYA,7,CELAYA,485,C01,35,15,2,7,13,5,83,0,1,2,164,4,168,604,,,,,,,,,,,,,,,,,,,,,
11,GUANAJUATO,15,CELAYA,7,CELAYA,486,B,53,15,2,2,7,5,62,5,2,1,156,5,161,575,,,,,,,,,,,,,,,,,,,,,
11,GUANAJUATO,15,CELAYA,7,CELAYA,486,C01,37,15,3,7,8,4,48,1,3,1,129,8,137,574,,,,,,,,,,,,,,,,,,,,,
11,GUANAJUATO,15,CELAYA,7,CELAYA,486,C02,44,26,2,6,9,5,68,4,5,3,174,7,181,574,,,,,,,,,,,,,,,,,,,,,
11,GUANAJUATO,15,CELAYA,7,CELAYA,487,B,49,33,1,7,16,8,50,3,0,4,175,5,180,693,,,,,,,,,,,,,,,,,,,,,
11,GUANAJUATO,15,CELAYA,7,CELAYA,487,C01,35,9,0,11,12,9,80,5,3,3,168,8,176,693,,,,,,,,,,,,,,,,,,,,,
11,GUANAJUATO,15,CELAYA,7,CELAYA,487,C02,29,14,1,6,12,8,84,2,0,2,158,6,164,693,,,,,,,,,,,,,,,,,,,,,
11,GUANAJUATO,15,CELAYA,7,CELAYA,487,C03,50,15,1,12,15,7,58,4,3,1,167,3,171,693,,,,,,,,,,,,,,,,,,,,,
11,GUANAJUATO,15,CELAYA,7,CELAYA,487,C04,37,18,3,10,17,7,63,2,2,3,164,6,170,692,,,,,,,,,,,,,,,,,,,,,
11,GUANAJUATO,15,CELAYA,7,CELAYA,487,C05,46,24,3,13,17,10,70,3,1,2,189,4,193,692,,,,,,,,,,,,,,,,,,,,,
11,GUANAJUATO,15,CELAYA,7,CELAYA,487,C06,38,16,4,9,16,15,75,1,2,3,183,5,188,692,,,,,,,,,,,,,,,,,,,,,
11,GUANAJUATO,15,CELAYA,7,CELAYA,488,B,39,11,2,9,12,3,86,4,0,4,174,3,177,598,,,,,,,,,,,,,,,,,,,,,
11,GUANAJUATO,15,CELAYA,7,CELAYA,488,C01,47,15,3,7,15,5,57,2,2,2,157,7,164,598,,,,,,,,,,,,,,,,,,,,,
11,GUANAJUATO,15,CELAYA,7,CELAYA,489,B,51,15,6,4,14,8,83,1,3,5,192,4,196,658,,,,,,,,,,,,,,,,,,,,,
11,GUANAJUATO,15,CELAYA,7,CELAYA,489,C01,69,13,2,12,27,10,92,7,1,1,237,7,244,658,,,,,,,,,,,,,,,,,,,,,
11,GUANAJUATO,15,CELAYA,7,CELAYA,489,C02,63,19,2,7,15,11,89,2,1,7,218,0,218,657,,,,,,,,,,,,,,,,,,,,,
11,GUANAJUATO,15,CELAYA,7,CELAYA,490,B,90,21,5,9,10,19,96,5,2,4,265,11,277,708,,,,,,,,,,,,,,,,,,,,,
11,GUANAJUATO,15,CELAYA,7,CELAYA,490,C01,90,22,2,9,24,7,91,1,0,5,253,6,259,708,,,,,,,,,,,,,,,,,,,,,
11,GUANAJUATO,15,CELAYA,7,CELAYA,491,B,58,21,1,5,5,14,56,2,3,3,171,7,178,612,,,,,,,,,,,,,,,,,,,,,
11,GUANAJUATO,15,CELAYA,7,CELAYA,491,C01,61,22,5,5,9,9,60,2,1,3,181,3,184,611,,,,,,,,,,,,,,,,,,,,,
11,GUANAJUATO,15,CELAYA,7,CELAYA,491,C02,78,14,3,5,10,13,68,2,1,2,199,5,204,611,,,,,,,,,,,,,,,,,,,,,
11,GUANAJUATO,15,CELAYA,7,CELAYA,491,C03,49,23,4,7,11,9,74,4,1,4,187,1,188,611,,,,,,,,,,,,,,,,,,,,,
11,GUANAJUATO,15,CELAYA,7,CELAYA,492,B,40,15,8,13,5,12,71,2,2,4,175,4,179,698,,,,,,,,,,,,,,,,,,,,,
11,GUANAJUATO,15,CELAYA,7,CELAYA,492,C01,59,13,2,13,9,11,91,2,1,3,205,4,210,698,,,,,,,,,,,,,,,,,,,,,
11,GUANAJUATO,15,CELAYA,7,CELAYA,492,C02,55,18,2,16,7,9,82,1,1,2,198,6,204,698,,,,,,,,,,,,,,,,,,,,,
11,GUANAJUATO,15,CELAYA,7,CELAYA,492,C03,58,9,2,10,12,8,72,5,0,2,180,8,188,698,,,,,,,,,,,,,,,,,,,,,
11,GUANAJUATO,15,CELAYA,7,CELAYA,492,C04,75,12,4,13,9,9,87,1,7,1,221,5,227,698,,,,,,,,,,,,,,,,,,,,,
11,GUANAJUATO,15,CELAYA,7,CELAYA,493,B,102,33,14,15,16,9,84,5,2,7,292,6,298,748,,,,,,,,,,,,,,,,,,,,,
11,GUANAJUATO,15,CELAYA,7,CELAYA,529,B,123,18,3,7,7,12,69,3,3,3,252,8,260,695,,,,,,,,,,,,,,,,,,,,,
11,GUANAJUATO,15,CELAYA,7,CELAYA,529,C01,147,21,1,7,7,9,71,1,1,1,268,1,269,695,,,,,,,,,,,,,,,,,,,,,
11,GUANAJUATO,15,CELAYA,7,CELAYA,529,C02,125,26,3,6,6,6,62,2,4,5,247,2,250,695,,,,,,,,,,,,,,,,,,,,,
11,GUANAJUATO,15,CELAYA,7,CELAYA,529,C03,122,18,2,6,2,7,57,4,1,3,224,7,231,695,,,,,,,,,,,,,,,,,,,,,
11,GUANAJUATO,15,CELAYA,7,CELAYA,529,C04,116,19,1,7,8,11,63,4,0,1,235,6,241,695,,,,,,,,,,,,,,,,,,,,,
11,GUANAJUATO,15,CELAYA,7,CELAYA,529,C05,107,19,2,6,10,6,81,0,3,4,240,3,243,695,,,,,,,,,,,,,,,,,,,,,
11,GUANAJUATO,15,CELAYA,7,CELAYA,529,C06,129,16,0,11,3,5,59,2,0,2,229,1,230,694,,,,,,,,,,,,,,,,,,,,,
11,GUANAJUATO,15,CELAYA,7,CELAYA,529,C07,110,20,4,5,10,13,66,3,2,2,238,7,245,694,,,,,,,,,,,,,,,,,,,,,
11,GUANAJUATO,15,CELAYA,7,CELAYA,529,C08,122,21,0,9,7,10,75,3,3,2,254,12,266,694,,,,,,,,,,,,,,,,,,,,,
11,GUANAJUATO,15,CELAYA,7,CELAYA,529,C09,116,20,0,5,8,5,81,3,5,1,248,3,251,694,,,,,,,,,,,,,,,,,,,,,
11,GUANAJUATO,15,CELAYA,7,CELAYA,531,B,72,10,5,6,4,5,73,4,0,1,181,8,189,645,,,,,,,,,,,,,,,,,,,,,
11,GUANAJUATO,15,CELAYA,7,CELAYA,531,C01,64,11,3,10,10,14,70,4,1,3,193,2,195,645,,,,,,,,,,,,,,,,,,,,,
11,GUANAJUATO,15,CELAYA,7,CELAYA,531,C02,85,7,0,10,11,7,60,3,2,1,188,6,194,644,,,,,,,,,,,,,,,,,,,,,
11,GUANAJUATO,15,CELAYA,7,CELAYA,532,B,87,13,2,11,5,7,65,5,5,2,202,5,207,546,,,,,,,,,,,,,,,,,,,,,
11,GUANAJUATO,15,CELAYA,7,CELAYA,532,C01,82,13,4,3,2,3,56,4,3,1,172,4,176,546,,,,,,,,,,,,,,,,,,,,,
11,GUANAJUATO,15,CELAYA,7,CELAYA,532,C02,87,23,1,7,6,10,59,2,2,0,201,7,208,546,,,,,,,,,,,,,,,,,,,,,
11,GUANAJUATO,15,CELAYA,7,CELAYA,533,B,126,22,9,22,9,6,81,3,1,1,283,12,295,601,,,,,,,,,,,,,,,,,,,,,
11,GUANAJUATO,15,CELAYA,7,CELAYA,533,C01,72,23,2,10,9,8,64,4,1,4,200,4,204,601,,,,,,,,,,,,,,,,,,,,,
11,GUANAJUATO,15,CELAYA,7,CELAYA,534,B,70,14,1,2,4,9,60,0,3,0,166,2,168,442,,,,,,,,,,,,,,,,,,,,,
11,GUANAJUATO,15,CELAYA,7,CELAYA,534,C01,74,9,4,0,3,2,56,2,1,1,153,2,155,441,,,,,,,,,,,,,,,,,,,,,
11,GUANAJUATO,15,CELAYA,7,CELAYA,535,B,73,37,3,6,2,6,56,1,0,1,188,9,197,568,,,,,,,,,,,,,,,,,,,,,
11,GUANAJUATO,15,CELAYA,7,CELAYA,536,B,41,24,3,6,3,5,65,3,5,2,161,0,161,708,,,,,,,,,,,,,,,,,,,,,
11,GUANAJUATO,15,CELAYA,7,CELAYA,536,C01,58,24,1,8,7,4,61,0,8,5,178,10,188,707,,,,,,,,,,,,,,,,,,,,,
11,GUANAJUATO,15,CELAYA,7,CELAYA,536,C02,62,22,0,13,5,3,61,0,3,3,174,8,182,707,,,,,,,,,,,,,,,,,,,,,
11,GUANAJUATO,15,CELAYA,7,CELAYA,536,C03,52,32,2,9,5,8,63,1,4,3,183,3,186,707,,,,,,,,,,,,,,,,,,,,,
11,GUANAJUATO,15,CELAYA,7,CELAYA,537,B,52,11,1,5,8,5,39,1,3,2,129,1,130,603,,,,,,,,,,,,,,,,,,,,,
11,GUANAJUATO,15,CELAYA,7,CELAYA,537,C01,78,27,2,5,4,5,41,0,0,3,166,4,170,602,,,,,,,,,,,,,,,,,,,,,
11,GUANAJUATO,15,CELAYA,7,CELAYA,538,B,132,19,1,3,4,8,50,3,3,0,224,6,231,543,,,,,,,,,,,,,,,,,,,,,
11,GUANAJUATO,15,CELAYA,7,CELAYA,538,C01,150,7,2,4,5,4,48,2,2,0,225,1,226,543,,,,,,,,,,,,,,,,,,,,,
11,GUANAJUATO,15,CELAYA,7,CELAYA,538,C02,113,14,4,7,5,4,63,2,0,0,212,4,216,542,,,,,,,,,,,,,,,,,,,,,
11,GUANAJUATO,15,CELAYA,7,CELAYA,539,B,126,22,9,22,9,6,81,3,1,1,284,12,296,745,,,,,,,,,,,,,,,,,,,,,
11,GUANAJUATO,15,CELAYA,7,CELAYA,539,C01,102,24,8,19,10,3,68,2,0,2,239,3,242,745,,,,,,,,,,,,,,,,,,,,,
11,GUANAJUATO,15,CELAYA,7,CELAYA,540,B,93,8,7,10,5,2,42,0,1,2,178,16,194,505,,,,,,,,,,,,,,,,,,,,,
11,GUANAJUATO,15,CELAYA,7,CELAYA,540,C01,107,12,8,12,4,5,41,7,1,2,202,7,209,504,,,,,,,,,,,,,,,,,,,,,
11,GUANAJUATO,15,CELAYA,7,CELAYA,541,B,101,11,47,30,17,4,59,5,2,0,278,7,285,691,,,,,,,,,,,,,,,,,,,,,
11,GUANAJUATO,15,CELAYA,7,CELAYA,541,C01,122,13,28,24,5,9,86,5,1,1,296,13,309,691,,,,,,,,,,,,,,,,,,,,,
11,GUANAJUATO,15,CELAYA,7,CELAYA,542,B,50,16,4,5,4,14,54,5,1,1,156,6,162,665,,,,,,,,,,,,,,,,,,,,,
11,GUANAJUATO,15,CELAYA,7,CELAYA,542,C01,65,33,0,4,11,5,41,2,2,0,164,4,168,664,,,,,,,,,,,,,,,,,,,,,
11,GUANAJUATO,15,CELAYA,7,CELAYA,543,B,57,10,0,4,8,29,35,0,1,2,147,6,153,627,,,,,,,,,,,,,,,,,,,,,
11,GUANAJUATO,15,CELAYA,7,CELAYA,543,C01,49,9,3,1,7,7,40,4,1,0,124,6,130,626,,,,,,,,,,,,,,,,,,,,,
11,GUANAJUATO,15,CELAYA,7,CELAYA,544,B,58,13,1,6,11,3,31,1,0,1,127,6,133,382,,,,,,,,,,,,,,,,,,,,,
11,GUANAJUATO,15,CELAYA,7,CELAYA,545,B,143,18,1,3,16,9,36,2,5,2,242,10,252,724,,,,,,,,,,,,,,,,,,,,,
11,GUANAJUATO,15,CELAYA,7,CELAYA,546,B,97,7,1,7,14,4,72,1,5,2,212,9,221,513,,,,,,,,,,,,,,,,,,,,,
11,GUANAJUATO,15,CELAYA,7,CELAYA,546,C01,119,7,3,3,10,7,66,3,0,0,222,9,232,512,,,,,,,,,,,,,,,,,,,,,
11,GUANAJUATO,15,CELAYA,7,CELAYA,546,C02,105,16,1,4,13,6,67,1,2,3,219,6,225,512,,,,,,,,,,,,,,,,,,,,,
11,GUANAJUATO,15,CELAYA,7,CELAYA,547,B,128,18,0,13,9,9,46,3,1,2,230,2,232,528,,,,,,,,,,,,,,,,,,,,,
11,GUANAJUATO,15,CELAYA,7,CELAYA,547,C01,136,8,3,7,9,7,41,3,1,2,217,5,222,527,,,,,,,,,,,,,,,,,,,,,
11,GUANAJUATO,15,CELAYA,7,CELAYA,547,C02,109,12,2,15,12,3,51,3,3,3,214,2,216,527,,,,,,,,,,,,,,,,,,,,,
11,GUANAJUATO,15,CELAYA,7,CELAYA,548,B,27,8,2,3,0,4,14,0,0,0,58,1,59,165,,,,,,,,,,,,,,,,,,,,,
11,GUANAJUATO,15,CELAYA,7,CELAYA,549,B,122,6,10,12,10,12,40,2,2,1,222,10,232,489,,,,,,,,,,,,,,,,,,,,,
11,GUANAJUATO,15,CELAYA,7,CELAYA,550,B,89,10,5,3,3,12,42,1,0,1,168,6,174,511,,,,,,,,,,,,,,,,,,,,,
11,GUANAJUATO,15,CELAYA,7,CELAYA,550,C01,89,10,5,3,3,12,42,1,0,1,168,5,173,511,,,,,,,,,,,,,,,,,,,,,
11,GUANAJUATO,15,CELAYA,7,CELAYA,551,B,102,13,2,7,13,4,55,5,0,0,204,7,211,665,,,,,,,,,,,,,,,,,,,,,
11,GUANAJUATO,15,CELAYA,7,CELAYA,551,C01,97,17,1,6,22,9,71,3,1,4,232,3,235,665,,,,,,,,,,,,,,,,,,,,,
11,GUANAJUATO,15,CELAYA,7,CELAYA,552,B,85,14,4,4,19,7,53,6,1,3,200,4,204,643,,,,,,,,,,,,,,,,,,,,,
11,GUANAJUATO,15,CELAYA,7,CELAYA,552,C01,101,17,6,5,19,5,38,1,2,0,195,3,198,642,,,,,,,,,,,,,,,,,,,,,
11,GUANAJUATO,15,CELAYA,7,CELAYA,553,B,83,4,4,5,9,12,61,1,1,0,183,0,183,492,,,,,,,,,,,,,,,,,,,,,
11,GUANAJUATO,15,CELAYA,7,CELAYA,553,C01,67,7,6,2,8,17,68,1,0,2,179,1,181,491,,,,,,,,,,,,,,,,,,,,,
11,GUANAJUATO,15,CELAYA,7,CELAYA,554,B,81,11,2,3,12,13,61,1,2,2,188,5,194,508,,,,,,,,,,,,,,,,,,,,,
11,GUANAJUATO,15,CELAYA,7,CELAYA,554,C01,86,15,4,5,7,11,55,2,0,1,186,6,192,507,,,,,,,,,,,,,,,,,,,,,
11,GUANAJUATO,15,CELAYA,7,CELAYA,555,B,97,8,7,6,7,5,88,3,1,2,228,4,232,656,,,,,,,,,,,,,,,,,,,,,
11,GUANAJUATO,15,CELAYA,7,CELAYA,555,C01,90,8,4,14,11,20,80,1,3,0,231,7,238,655,,,,,,,,,,,,,,,,,,,,,
11,GUANAJUATO,15,CELAYA,7,CELAYA,556,B,101,8,5,3,12,12,54,2,0,2,199,9,209,477,,,,,,,,,,,,,,,,,,,,,
11,GUANAJUATO,15,CELAYA,7,CELAYA,556,C01,118,3,3,5,4,11,48,0,0,0,194,6,200,476,,,,,,,,,,,,,,,,,,,,,
11,GUANAJUATO,15,CELAYA,7,CELAYA,557,B,69,14,2,5,5,12,58,3,1,1,170,4,174,470,,,,,,,,,,,,,,,,,,,,,
11,GUANAJUATO,15,CELAYA,7,CELAYA,557,C01,84,4,2,6,4,9,59,0,1,4,178,5,184,469,,,,,,,,,,,,,,,,,,,,,
11,GUANAJUATO,15,CELAYA,7,CELAYA,558,B,106,7,2,6,4,15,37,5,3,4,190,4,194,506,,,,,,,,,,,,,,,,,,,,,
11,GUANAJUATO,15,CELAYA,7,CELAYA,558,C01,79,12,1,4,6,10,67,3,0,4,189,7,196,505,,,,,,,,,,,,,,,,,,,,,
11,GUANAJUATO,15,CELAYA,7,CELAYA,558,C02,74,8,5,6,4,18,58,2,0,1,178,11,189,505,,,,,,,,,,,,,,,,,,,,,
11,GUANAJUATO,15,CELAYA,7,CELAYA,559,B,83,9,7,3,9,14,64,2,0,1,195,6,201,562,,,,,,,,,,,,,,,,,,,,,
11,GUANAJUATO,15,CELAYA,7,CELAYA,559,C01,60,7,1,6,6,21,62,1,0,0,165,5,170,562,,,,,,,,,,,,,,,,,,,,,
11,GUANAJUATO,15,CELAYA,7,CELAYA,560,B,46,7,2,2,7,9,60,4,2,1,140,2,142,453,,,,,,,,,,,,,,,,,,,,,
11,GUANAJUATO,15,CELAYA,7,CELAYA,560,C01,50,4,0,1,3,10,35,1,1,0,107,4,111,453,,,,,,,,,,,,,,,,,,,,,
11,GUANAJUATO,15,CELAYA,7,CELAYA,561,B,57,3,1,1,7,5,33,1,0,0,110,3,113,280,,,,,,,,,,,,,,,,,,,,,
11,GUANAJUATO,15,CELAYA,7,CELAYA,563,B,96,48,6,8,2,12,35,2,0,0,210,8,219,608,,,,,,,,,,,,,,,,,,,,,
11,GUANAJUATO,15,CELAYA,7,CELAYA,563,C01,90,27,5,3,14,3,44,0,3,0,191,12,203,608,,,,,,,,,,,,,,,,,,,,,
11,GUANAJUATO,15,CELAYA,7,CELAYA,563,C02,95,29,7,5,2,7,46,2,1,1,196,11,207,608,,,,,,,,,,,,,,,,,,,,,
11,GUANAJUATO,15,CELAYA,7,CELAYA,564,B,50,10,2,3,3,1,44,0,0,2,117,3,120,391,,,,,,,,,,,,,,,,,,,,,
11,GUANAJUATO,15,CELAYA,7,CELAYA,564,C01,59,10,1,3,4,6,45,3,4,3,144,3,147,390,,,,,,,,,,,,,,,,,,,,,
11,GUANAJUATO,15,CELAYA,7,CELAYA,565,B,79,5,1,4,2,1,41,3,0,0,141,4,145,430,,,,,,,,,,,,,,,,,,,,,
11,GUANAJUATO,15,CELAYA,7,CELAYA,565,C01,79,7,0,4,2,2,33,0,1,1,131,2,133,430,,,,,,,,,,,,,,,,,,,,,
11,GUANAJUATO,15,CELAYA,7,CELAYA,566,B,52,16,1,4,5,4,14,0,1,0,97,5,102,290,,,,,,,,,,,,,,,,,,,,,
11,GUANAJUATO,15,CELAYA,39,TARIMORO,2744,B,121,191,0,1,10,7,5,,,1,341,7,348,674,,,,,,,,,,,,,,,,,,,,,
11,GUANAJUATO,15,CELAYA,39,TARIMORO,2744,C01,139,193,3,2,19,6,5,,,0,369,10,379,673,,,,,,,,,,,,,,,,,,,,,
11,GUANAJUATO,15,CELAYA,39,TARIMORO,2745,B,110,98,3,2,22,5,7,,,1,255,3,258,510,,,,,,,,,,,,,,,,,,,,,
11,GUANAJUATO,15,CELAYA,39,TARIMORO,2745,C01,108,91,0,2,33,0,8,,,1,253,2,255,510,,,,,,,,,,,,,,,,,,,,,
11,GUANAJUATO,15,CELAYA,39,TARIMORO,2745,C02,140,107,1,0,9,4,7,,,0,275,3,278,510,,,,,,,,,,,,,,,,,,,,,
11,GUANAJUATO,15,CELAYA,39,TARIMORO,2746,B,99,116,2,3,17,20,5,,,1,273,1,274,509,,,,,,,,,,,,,,,,,,,,,
11,GUANAJUATO,15,CELAYA,39,TARIMORO,2746,C01,102,97,0,3,20,7,12,,,0,241,11,252,509,,,,,,,,,,,,,,,,,,,,,
11,GUANAJUATO,15,CELAYA,39,TARIMORO,2747,B,131,154,4,0,21,5,12,,,1,332,4,338,582,,,,,,,,,,,,,,,,,,,,,
11,GUANAJUATO,15,CELAYA,39,TARIMORO,2747,C01,144,116,0,2,14,9,11,,,2,303,10,313,581,,,,,,,,,,,,,,,,,,,,,
11,GUANAJUATO,15,CELAYA,39,TARIMORO,2748,B,56,76,0,0,4,3,8,,,0,149,4,153,263,,,,,,,,,,,,,,,,,,,,,
11,GUANAJUATO,15,CELAYA,39,TARIMORO,2749,B,116,171,2,2,48,6,8,,,3,359,15,374,705,,,,,,,,,,,,,,,,,,,,,
11,GUANAJUATO,15,CELAYA,39,TARIMORO,2749,C01,117,137,2,3,45,6,12,,,1,329,9,338,705,,,,,,,,,,,,,,,,,,,,,
11,GUANAJUATO,15,CELAYA,39,TARIMORO,2749,C02,169,118,0,1,40,7,7,,,5,348,6,354,705,,,,,,,,,,,,,,,,,,,,,
11,GUANAJUATO,15,CELAYA,39,TARIMORO,2750,B,111,138,0,0,31,4,5,,,0,302,11,313,511,,,,,,,,,,,,,,,,,,,,,
11,GUANAJUATO,15,CELAYA,39,TARIMORO,2750,C01,98,123,4,0,39,5,8,,,0,280,10,290,511,,,,,,,,,,,,,,,,,,,,,
11,GUANAJUATO,15,CELAYA,39,TARIMORO,2751,B,107,135,0,2,12,6,6,,,0,271,9,280,529,,,,,,,,,,,,,,,,,,,,,
11,GUANAJUATO,15,CELAYA,39,TARIMORO,2751,C01,114,112,1,2,23,2,5,,,1,262,6,268,528,,,,,,,,,,,,,,,,,,,,,
11,GUANAJUATO,15,CELAYA,39,TARIMORO,2752,B,166,131,3,0,33,2,13,,,1,352,7,359,622,,,,,,,,,,,,,,,,,,,,,
11,GUANAJUATO,15,CELAYA,39,TARIMORO,2752,C01,129,123,1,2,32,5,7,,,2,307,7,314,622,,,,,,,,,,,,,,,,,,,,,
11,GUANAJUATO,15,CELAYA,39,TARIMORO,2753,B,127,96,3,0,8,1,1,,,2,241,3,244,490,,,,,,,,,,,,,,,,,,,,,
11,GUANAJUATO,15,CELAYA,39,TARIMORO,2753,C01,113,81,3,0,15,3,4,,,1,226,6,232,490,,,,,,,,,,,,,,,,,,,,,
11,GUANAJUATO,15,CELAYA,39,TARIMORO,2754,B,26,47,1,4,14,4,10,,,0,107,8,115,300,,,,,,,,,,,,,,,,,,,,,
11,GUANAJUATO,15,CELAYA,39,TARIMORO,2755,B,27,58,1,2,8,0,2,,,0,102,1,103,208,,,,,,,,,,,,,,,,,,,,,
11,GUANAJUATO,15,CELAYA,39,TARIMORO,2756,B,18,80,0,1,4,1,4,,,1,109,6,116,343,,,,,,,,,,,,,,,,,,,,,
11,GUANAJUATO,15,CELAYA,39,TARIMORO,2757,B,39,119,0,0,10,2,4,,,0,174,2,176,385,,,,,,,,,,,,,,,,,,,,,
11,GUANAJUATO,15,CELAYA,39,TARIMORO,2758,B,91,131,3,4,17,6,4,,,2,262,12,274,697,,,,,,,,,,,,,,,,,,,,,
11,GUANAJUATO,15,CELAYA,39,TARIMORO,2759,B,28,36,0,1,6,6,3,,,0,86,5,91,292,,,,,,,,,,,,,,,,,,,,,
11,GUANAJUATO,15,CELAYA,39,TARIMORO,2759,E01,38,146,0,3,8,12,1,,,1,211,4,215,450,,,,,,,,,,,,,,,,,,,,,
11,GUANAJUATO,15,CELAYA,39,TARIMORO,2760,B,28,90,1,1,14,5,9,,,2,151,7,158,372,,,,,,,,,,,,,,,,,,,,,
11,GUANAJUATO,15,CELAYA,39,TARIMORO,2761,B,78,203,1,4,17,5,30,,,1,342,12,354,667,,,,,,,,,,,,,,,,,,,,,
11,GUANAJUATO,15,CELAYA,39,TARIMORO,2761,C01,65,207,3,2,10,2,25,,,0,316,8,324,667,,,,,,,,,,,,,,,,,,,,,
11,GUANAJUATO,15,CELAYA,39,TARIMORO,2761,C02,85,208,3,0,20,5,29,,,1,353,5,358,667,,,,,,,,,,,,,,,,,,,,,
11,GUANAJUATO,15,CELAYA,39,TARIMORO,2762,B,66,128,0,0,6,3,3,,,0,206,3,209,389,,,,,,,,,,,,,,,,,,,,,
11,GUANAJUATO,15,CELAYA,39,TARIMORO,2762,C01,53,128,2,0,7,2,4,,,0,197,5,202,389,,,,,,,,,,,,,,,,,,,,,
11,GUANAJUATO,15,CELAYA,39,TARIMORO,2763,B,78,172,0,4,9,1,12,,,0,276,7,283,585,,,,,,,,,,,,,,,,,,,,,
11,GUANAJUATO,15,CELAYA,39,TARIMORO,2763,C01,64,196,0,1,6,3,13,,,0,287,5,292,585,,,,,,,,,,,,,,,,,,,,,
11,GUANAJUATO,15,CELAYA,39,TARIMORO,2764,B,54,82,0,1,4,6,9,,,0,157,5,162,486,,,,,,,,,,,,,,,,,,,,,
11,GUANAJUATO,15,CELAYA,39,TARIMORO,2765,B,114,192,3,2,13,3,14,,,0,345,5,350,583,,,,,,,,,,,,,,,,,,,,,
11,GUANAJUATO,15,CELAYA,39,TARIMORO,2765,C01,148,140,4,3,16,1,28,,,1,345,13,358,583,,,,,,,,,,,,,,,,,,,,,
11,GUANAJUATO,15,CELAYA,39,TARIMORO,2766,B,88,91,0,0,10,4,14,,,0,210,6,216,378,,,,,,,,,,,,,,,,,,,,,
11,GUANAJUATO,15,CELAYA,39,TARIMORO,2766,C01,87,69,2,0,3,4,13,,,0,181,7,188,378,,,,,,,,,,,,,,,,,,,,,
11,GUANAJUATO,15,CELAYA,39,TARIMORO,2767,B,143,124,2,1,12,5,18,,,0,309,12,321,602,,,,,,,,,,,,,,,,,,,,,
11,GUANAJUATO,15,CELAYA,39,TARIMORO,2767,C01,183,101,1,0,8,4,18,,,1,317,8,325,602,,,,,,,,,,,,,,,,,,,,,
11,GUANAJUATO,15,CELAYA,39,TARIMORO,2768,B,56,97,1,1,14,2,25,,,0,200,4,204,490,,,,,,,,,,,,,,,,,,,,,
11,GUANAJUATO,15,CELAYA,39,TARIMORO,2768,C01,65,95,1,0,15,0,36,,,0,216,8,224,490,,,,,,,,,,,,,,,,,,,,,
11,GUANAJUATO,15,CELAYA,39,TARIMORO,2769,B,69,96,5,2,11,1,13,,,0,201,6,207,441,,,,,,,,,,,,,,,,,,,,,
11,GUANAJUATO,15,CELAYA,39,TARIMORO,2769,C01,88,56,1,1,15,1,12,,,0,177,7,184,441,,,,,,,,,,,,,,,,,,,,,
11,GUANAJUATO,15,CELAYA,39,TARIMORO,2770,B,66,86,1,0,12,4,9,,,2,185,10,195,416,,,,,,,,,,,,,,,,,,,,,
11,GUANAJUATO,15,CELAYA,39,TARIMORO,2770,C01,65,81,3,0,8,4,12,,,1,180,9,189,416,,,,,,,,,,,,,,,,,,,,,
11,GUANAJUATO,15,CELAYA,39,TARIMORO,2771,B,111,129,5,1,17,3,17,,,1,287,7,294,628,,,,,,,,,,,,,,,,,,,,,
11,GUANAJUATO,15,CELAYA,39,TARIMORO,2771,C01,76,124,1,2,15,4,15,,,3,245,12,257,627,,,,,,,,,,,,,,,,,,,,,
11,GUANAJUATO,15,CELAYA,39,TARIMORO,2772,B,107,172,2,6,33,7,20,,,0,351,15,366,744,,,,,,,,,,,,,,,,,,,,,
11,GUANAJUATO,15,CELAYA,39,TARIMORO,2773,B,139,135,3,4,20,2,14,,,0,318,4,322,497,,,,,,,,,,,,,,,,,,,,,
11,GUANAJUATO,15,CELAYA,39,TARIMORO,2773,C01,121,135,1,2,24,0,11,,,1,296,7,303,497,,,,,,,,,,,,,,,,,,,,,
11,GUANAJUATO,15,CELAYA,39,TARIMORO,2774,B,62,74,8,1,20,1,16,,,1,183,5,188,385,,,,,,,,,,,,,,,,,,,,,
11,GUANAJUATO,15,CELAYA,39,TARIMORO,2774,C01,63,85,10,2,11,0,11,,,1,185,6,191,385,,,,,,,,,,,,,,,,,,,,,
11,GUANAJUATO,15,CELAYA,39,TARIMORO,2775,B,71,124,2,6,47,5,12,,,1,270,12,282,741,,,,,,,,,,,,,,,,,,,,,
11,GUANAJUATO,15,CELAYA,39,TARIMORO,2776,B,51,57,0,1,13,0,3,,,0,125,3,128,386,,,,,,,,,,,,,,,,,,,,,
11,GUANAJUATO,15,CELAYA,39,TARIMORO,2776,C01,33,72,1,0,8,1,16,,,0,132,4,136,386,,,,,,,,,,,,,,,,,,,,,
11,GUANAJUATO,15,CELAYA,39,TARIMORO,2777,B,42,89,2,1,16,2,9,,,1,164,8,172,518,,,,,,,,,,,,,,,,,,,,,
11,GUANAJUATO,15,CELAYA,39,TARIMORO,2777,C01,50,80,1,0,13,4,8,,,4,160,7,167,517,,,,,,,,,,,,,,,,,,,,,
11,GUANAJUATO,15,CELAYA,39,TARIMORO,2777,C02,46,67,0,0,16,4,13,,,0,147,5,152,517,,,,,,,,,,,,,,,,,,,,,
11,GUANAJUATO,16,CELAYA,7,CELAYA,336,B,118,21,5,14,23,11,90,2,2,1,292,8,308,723,,,,,,,,,,,,,,,,,,,,,
11,GUANAJUATO,16,CELAYA,7,CELAYA,336,C01,96,36,2,14,20,10,102,6,2,6,298,8,306,723,,,,,,,,,,,,,,,,,,,,,
11,GUANAJUATO,16,CELAYA,7,CELAYA,336,C02,119,25,3,8,24,10,96,7,2,3,300,5,306,723,,,,,,,,,,,,,,,,,,,,,
11,GUANAJUATO,16,CELAYA,7,CELAYA,336,C03,70,25,5,16,14,13,101,2,7,8,265,8,273,723,,,,,,,,,,,,,,,,,,,,,
11,GUANAJUATO,16,CELAYA,7,CELAYA,336,C04,89,28,5,12,16,13,80,2,2,6,260,6,266,723,,,,,,,,,,,,,,,,,,,,,
11,GUANAJUATO,16,CELAYA,7,CELAYA,336,C05,97,28,3,12,20,18,113,1,4,0,298,7,305,723,,,,,,,,,,,,,,,,,,,,,
11,GUANAJUATO,16,CELAYA,7,CELAYA,336,C06,94,16,2,13,20,22,89,2,2,7,272,7,280,723,,,,,,,,,,,,,,,,,,,,,
11,GUANAJUATO,16,CELAYA,7,CELAYA,336,C07,89,20,3,19,20,13,92,4,3,6,275,9,284,723,,,,,,,,,,,,,,,,,,,,,
11,GUANAJUATO,16,CELAYA,7,CELAYA,336,C08,75,31,4,12,16,13,78,1,2,4,244,4,249,723,,,,,,,,,,,,,,,,,,,,,
11,GUANAJUATO,16,CELAYA,7,CELAYA,336,C09,98,24,2,5,16,9,89,5,0,5,256,6,262,723,,,,,,,,,,,,,,,,,,,,,
11,GUANAJUATO,16,CELAYA,7,CELAYA,336,C10,109,20,3,18,18,14,63,7,1,5,265,8,273,722,,,,,,,,,,,,,,,,,,,,,
11,GUANAJUATO,16,CELAYA,7,CELAYA,336,C11,123,18,2,17,12,15,81,2,0,3,281,4,285,722,,,,,,,,,,,,,,,,,,,,,
11,GUANAJUATO,16,CELAYA,7,CELAYA,336,C12,88,22,1,9,26,16,89,4,1,5,267,5,274,722,,,,,,,,,,,,,,,,,,,,,
11,GUANAJUATO,16,CELAYA,7,CELAYA,336,C13,101,26,2,16,18,22,79,3,3,5,286,1,287,722,,,,,,,,,,,,,,,,,,,,,
11,GUANAJUATO,16,CELAYA,7,CELAYA,336,C14,80,36,3,10,20,10,94,1,5,4,268,10,278,722,,,,,,,,,,,,,,,,,,,,,
11,GUANAJUATO,16,CELAYA,7,CELAYA,336,C15,96,26,7,15,30,14,103,2,1,9,310,5,315,722,,,,,,,,,,,,,,,,,,,,,
11,GUANAJUATO,16,CELAYA,7,CELAYA,336,C16,90,19,5,17,17,10,89,7,4,2,269,5,274,722,,,,,,,,,,,,,,,,,,,,,
11,GUANAJUATO,16,CELAYA,7,CELAYA,336,C17,74,29,2,9,23,10,102,2,6,3,263,6,270,722,,,,,,,,,,,,,,,,,,,,,
11,GUANAJUATO,16,CELAYA,7,CELAYA,336,C18,86,18,3,9,22,20,100,2,4,3,270,3,273,722,,,,,,,,,,,,,,,,,,,,,
11,GUANAJUATO,16,CELAYA,7,CELAYA,336,C19,95,25,3,11,18,16,118,5,3,4,303,2,305,722,,,,,,,,,,,,,,,,,,,,,
11,GUANAJUATO,16,CELAYA,7,CELAYA,336,C20,85,23,3,13,20,6,92,6,3,4,259,11,270,722,,,,,,,,,,,,,,,,,,,,,
11,GUANAJUATO,16,CELAYA,7,CELAYA,336,C21,88,27,1,14,16,7,81,1,3,4,248,7,255,722,,,,,,,,,,,,,,,,,,,,,
11,GUANAJUATO,16,CELAYA,7,CELAYA,336,C22,107,18,2,14,30,9,94,3,2,5,294,5,300,722,,,,,,,,,,,,,,,,,,,,,
11,GUANAJUATO,16,CELAYA,7,CELAYA,337,B,126,19,2,7,16,4,55,1,2,3,235,6,241,517,,,,,,,,,,,,,,,,,,,,,
11,GUANAJUATO,16,CELAYA,7,CELAYA,337,C01,113,24,4,9,14,9,54,5,0,2,235,3,238,516,,,,,,,,,,,,,,,,,,,,,
11,GUANAJUATO,16,CELAYA,7,CELAYA,337,C02,106,14,0,5,22,5,59,2,5,4,227,13,240,516,,,,,,,,,,,,,,,,,,,,,
11,GUANAJUATO,16,CELAYA,7,CELAYA,338,B,146,36,3,14,23,16,101,2,1,3,349,4,354,723,,,,,,,,,,,,,,,,,,,,,
11,GUANAJUATO,16,CELAYA,7,CELAYA,338,C01,159,32,5,10,30,12,94,4,2,5,359,3,362,723,,,,,,,,,,,,,,,,,,,,,
11,GUANAJUATO,16,CELAYA,7,CELAYA,338,C02,151,34,4,13,13,21,90,3,1,2,336,8,344,723,,,,,,,,,,,,,,,,,,,,,
11,GUANAJUATO,16,CELAYA,7,CELAYA,338,C03,139,34,3,18,23,12,90,1,0,8,337,4,341,722,,,,,,,,,,,,,,,,,,,,,
11,GUANAJUATO,16,CELAYA,7,CELAYA,338,C04,153,35,6,9,15,15,82,6,3,1,331,11,342,722,,,,,,,,,,,,,,,,,,,,,
11,GUANAJUATO,16,CELAYA,7,CELAYA,339,B,124,20,5,11,24,14,92,4,5,7,313,2,315,676,,,,,,,,,,,,,,,,,,,,,
11,GUANAJUATO,16,CELAYA,7,CELAYA,339,C01,104,25,4,20,22,11,106,3,4,4,306,8,314,676,,,,,,,,,,,,,,,,,,,,,
11,GUANAJUATO,16,CELAYA,7,CELAYA,339,C02,82,20,1,12,24,16,94,2,3,3,261,5,266,676,,,,,,,,,,,,,,,,,,,,,
11,GUANAJUATO,16,CELAYA,7,CELAYA,339,C03,86,33,4,11,29,12,80,1,2,2,262,12,274,676,,,,,,,,,,,,,,,,,,,,,
11,GUANAJUATO,16,CELAYA,7,CELAYA,339,C04,87,10,8,13,18,18,91,4,1,7,263,12,275,675,,,,,,,,,,,,,,,,,,,,,
11,GUANAJUATO,16,CELAYA,7,CELAYA,339,C05,89,28,4,10,18,12,97,2,2,3,271,7,278,675,,,,,,,,,,,,,,,,,,,,,
11,GUANAJUATO,16,CELAYA,7,CELAYA,340,B,60,19,4,7,20,14,91,6,3,6,237,14,252,658,,,,,,,,,,,,,,,,,,,,,
11,GUANAJUATO,16,CELAYA,7,CELAYA,340,C01,60,15,1,14,18,11,98,2,2,2,228,7,235,658,,,,,,,,,,,,,,,,,,,,,
11,GUANAJUATO,16,CELAYA,7,CELAYA,340,C02,80,13,3,8,21,16,77,3,2,3,228,8,236,658,,,,,,,,,,,,,,,,,,,,,
11,GUANAJUATO,16,CELAYA,7,CELAYA,341,B,61,30,1,9,19,6,90,4,1,3,225,13,239,747,,,,,,,,,,,,,,,,,,,,,
11,GUANAJUATO,16,CELAYA,7,CELAYA,341,C01,55,14,7,9,15,12,84,1,1,4,206,8,214,747,,,,,,,,,,,,,,,,,,,,,
11,GUANAJUATO,16,CELAYA,7,CELAYA,341,C02,57,19,6,11,16,9,77,5,1,2,207,13,220,747,,,,,,,,,,,,,,,,,,,,,
11,GUANAJUATO,16,CELAYA,7,CELAYA,341,C03,69,11,5,12,15,11,93,3,0,1,222,7,229,747,,,,,,,,,,,,,,,,,,,,,
11,GUANAJUATO,16,CELAYA,7,CELAYA,341,C04,63,18,6,12,17,9,86,1,1,5,221,10,231,747,,,,,,,,,,,,,,,,,,,,,
11,GUANAJUATO,16,CELAYA,7,CELAYA,341,C05,48,21,3,12,20,7,76,5,1,2,200,5,205,747,,,,,,,,,,,,,,,,,,,,,
11,GUANAJUATO,16,CELAYA,7,CELAYA,341,C06,67,23,1,7,17,16,84,6,1,3,229,7,236,747,,,,,,,,,,,,,,,,,,,,,
11,GUANAJUATO,16,CELAYA,7,CELAYA,342,B,51,21,2,10,29,3,78,3,0,1,203,1,204,729,,,,,,,,,,,,,,,,,,,,,
11,GUANAJUATO,16,CELAYA,7,CELAYA,342,C01,43,15,2,8,14,8,61,2,2,1,163,11,174,729,,,,,,,,,,,,,,,,,,,,,
11,GUANAJUATO,16,CELAYA,7,CELAYA,342,C02,47,10,6,9,20,7,73,0,1,6,182,9,191,729,,,,,,,,,,,,,,,,,,,,,
11,GUANAJUATO,16,CELAYA,7,CELAYA,342,C03,36,11,5,10,18,8,78,3,2,1,175,11,186,728,,,,,,,,,,,,,,,,,,,,,
11,GUANAJUATO,16,CELAYA,7,CELAYA,342,C04,58,23,2,11,20,9,74,0,4,2,206,5,211,728,,,,,,,,,,,,,,,,,,,,,
11,GUANAJUATO,16,CELAYA,7,CELAYA,343,B,95,21,5,17,25,12,91,0,1,6,279,2,284,746,,,,,,,,,,,,,,,,,,,,,
11,GUANAJUATO,16,CELAYA,7,CELAYA,343,C01,76,29,1,16,13,10,89,4,1,3,249,5,255,746,,,,,,,,,,,,,,,,,,,,,
11,GUANAJUATO,16,CELAYA,7,CELAYA,343,C02,85,20,5,10,9,7,106,2,2,6,260,3,263,746,,,,,,,,,,,,,,,,,,,,,
11,GUANAJUATO,16,CELAYA,7,CELAYA,343,C03,88,26,3,8,17,10,104,6,1,1,267,4,272,746,,,,,,,,,,,,,,,,,,,,,
11,GUANAJUATO,16,CELAYA,7,CELAYA,343,C04,91,23,3,13,12,7,99,4,4,5,265,10,276,746,,,,,,,,,,,,,,,,,,,,,
11,GUANAJUATO,16,CELAYA,7,CELAYA,343,C05,81,21,5,7,17,14,103,4,2,4,263,4,267,746,,,,,,,,,,,,,,,,,,,,,
11,GUANAJUATO,16,CELAYA,7,CELAYA,343,C06,72,25,4,11,19,11,99,0,3,5,252,4,256,746,,,,,,,,,,,,,,,,,,,,,
11,GUANAJUATO,16,CELAYA,7,CELAYA,343,C07,80,19,6,15,22,15,95,2,2,6,269,3,272,746,,,,,,,,,,,,,,,,,,,,,
11,GUANAJUATO,16,CELAYA,7,CELAYA,343,C08,92,20,3,23,21,16,89,4,1,3,273,3,277,746,,,,,,,,,,,,,,,,,,,,,
11,GUANAJUATO,16,CELAYA,7,CELAYA,343,C09,88,21,6,10,23,6,107,1,6,4,276,6,282,746,,,,,,,,,,,,,,,,,,,,,
11,GUANAJUATO,16,CELAYA,7,CELAYA,343,C10,77,18,2,19,23,13,95,10,2,2,269,6,275,746,,,,,,,,,,,,,,,,,,,,,
11,GUANAJUATO,16,CELAYA,7,CELAYA,343,C11,86,15,4,18,20,11,91,4,2,3,257,4,261,745,,,,,,,,,,,,,,,,,,,,,
11,GUANAJUATO,16,CELAYA,7,CELAYA,343,C12,97,20,3,9,12,10,87,4,2,8,255,4,259,745,,,,,,,,,,,,,,,,,,,,,
11,GUANAJUATO,16,CELAYA,7,CELAYA,343,C13,80,22,5,12,20,11,86,2,2,1,249,3,255,745,,,,,,,,,,,,,,,,,,,,,
11,GUANAJUATO,16,CELAYA,7,CELAYA,343,C14,80,21,6,17,10,9,103,3,1,10,269,5,274,745,,,,,,,,,,,,,,,,,,,,,
11,GUANAJUATO,16,CELAYA,7,CELAYA,343,C15,92,22,7,15,16,6,98,3,4,7,273,5,278,745,,,,,,,,,,,,,,,,,,,,,
11,GUANAJUATO,16,CELAYA,7,CELAYA,343,C16,87,21,3,20,25,9,87,2,4,3,265,3,270,745,,,,,,,,,,,,,,,,,,,,,
11,GUANAJUATO,16,CELAYA,7,CELAYA,343,C17,86,19,0,6,16,6,85,3,4,7,239,9,249,745,,,,,,,,,,,,,,,,,,,,,
11,GUANAJUATO,16,CELAYA,7,CELAYA,344,B,69,17,1,4,16,11,87,4,0,0,212,8,220,628,,,,,,,,,,,,,,,,,,,,,
11,GUANAJUATO,16,CELAYA,7,CELAYA,344,C01,63,10,2,5,28,6,81,1,3,3,208,3,211,627,,,,,,,,,,,,,,,,,,,,,
11,GUANAJUATO,16,CELAYA,7,CELAYA,344,C02,52,13,3,8,17,8,70,3,1,4,179,7,186,627,,,,,,,,,,,,,,,,,,,,,
11,GUANAJUATO,16,CELAYA,7,CELAYA,344,C03,36,16,2,2,22,7,86,2,4,3,184,4,188,627,,,,,,,,,,,,,,,,,,,,,
11,GUANAJUATO,16,CELAYA,7,CELAYA,345,B,67,15,6,6,48,19,89,3,1,2,259,6,265,624,,,,,,,,,,,,,,,,,,,,,
11,GUANAJUATO,16,CELAYA,7,CELAYA,345,C01,59,17,1,8,30,6,86,2,2,4,222,6,228,624,,,,,,,,,,,,,,,,,,,,,
11,GUANAJUATO,16,CELAYA,7,CELAYA,346,B,57,20,3,4,22,5,82,2,1,2,198,4,202,518,,,,,,,,,,,,,,,,,,,,,
11,GUANAJUATO,16,CELAYA,7,CELAYA,346,C01,55,13,6,9,25,3,86,0,3,0,201,9,211,517,,,,,,,,,,,,,,,,,,,,,
11,GUANAJUATO,16,CELAYA,7,CELAYA,346,C02,49,14,1,6,24,10,93,3,2,2,209,3,212,517,,,,,,,,,,,,,,,,,,,,,
11,GUANAJUATO,16,CELAYA,7,CELAYA,348,B,57,11,2,9,28,9,88,2,2,1,211,5,216,607,,,,,,,,,,,,,,,,,,,,,
11,GUANAJUATO,16,CELAYA,7,CELAYA,348,C01,50,19,1,1,23,3,77,1,1,3,179,9,188,606,,,,,,,,,,,,,,,,,,,,,
11,GUANAJUATO,16,CELAYA,7,CELAYA,349,B,62,14,6,12,14,10,80,5,3,4,216,13,229,618,,,,,,,,,,,,,,,,,,,,,
11,GUANAJUATO,16,CELAYA,7,CELAYA,349,C01,83,14,7,4,25,7,70,1,1,2,218,3,221,617,,,,,,,,,,,,,,,,,,,,,
11,GUANAJUATO,16,CELAYA,7,CELAYA,350,B,64,10,1,12,16,8,100,2,9,2,233,8,241,603,,,,,,,,,,,,,,,,,,,,,
11,GUANAJUATO,16,CELAYA,7,CELAYA,350,C01,52,21,3,15,33,12,109,2,1,2,258,7,265,602,,,,,,,,,,,,,,,,,,,,,
11,GUANAJUATO,16,CELAYA,7,CELAYA,351,B,97,22,2,8,22,10,96,2,2,1,275,5,280,464,,,,,,,,,,,,,,,,,,,,,
11,GUANAJUATO,16,CELAYA,7,CELAYA,351,C01,90,21,2,7,19,7,90,1,0,3,243,6,249,464,,,,,,,,,,,,,,,,,,,,,
11,GUANAJUATO,16,CELAYA,7,CELAYA,352,B,72,8,8,6,28,17,80,4,1,2,230,4,234,664,,,,,,,,,,,,,,,,,,,,,
11,GUANAJUATO,16,CELAYA,7,CELAYA,352,C01,79,8,5,6,22,9,89,2,0,4,226,2,228,664,,,,,,,,,,,,,,,,,,,,,
11,GUANAJUATO,16,CELAYA,7,CELAYA,352,C02,64,11,3,5,17,12,72,10,1,4,203,11,214,664,,,,,,,,,,,,,,,,,,,,,
11,GUANAJUATO,16,CELAYA,7,CELAYA,352,C03,69,13,5,4,19,10,82,7,1,0,213,3,216,664,,,,,,,,,,,,,,,,,,,,,
11,GUANAJUATO,16,CELAYA,7,CELAYA,353,B,67,15,0,14,24,9,113,1,0,3,250,7,258,668,,,,,,,,,,,,,,,,,,,,,
11,GUANAJUATO,16,CELAYA,7,CELAYA,353,C01,66,18,1,14,25,13,87,5,2,5,237,5,242,667,,,,,,,,,,,,,,,,,,,,,
11,GUANAJUATO,16,CELAYA,7,CELAYA,354,B,40,10,1,4,19,10,73,2,3,1,166,6,172,377,,,,,,,,,,,,,,,,,,,,,
11,GUANAJUATO,16,CELAYA,7,CELAYA,354,C01,28,13,0,6,13,5,80,1,2,3,152,9,161,377,,,,,,,,,,,,,,,,,,,,,
11,GUANAJUATO,16,CELAYA,7,CELAYA,355,B,41,22,3,9,19,13,77,2,3,2,194,4,198,524,,,,,,,,,,,,,,,,,,,,,
11,GUANAJUATO,16,CELAYA,7,CELAYA,355,C01,61,17,1,6,19,2,102,0,1,1,214,4,218,524,,,,,,,,,,,,,,,,,,,,,
11,GUANAJUATO,16,CELAYA,7,CELAYA,355,C02,47,15,4,13,27,12,113,6,6,3,251,4,255,524,,,,,,,,,,,,,,,,,,,,,
11,GUANAJUATO,16,CELAYA,7,CELAYA,356,B,176,22,2,9,21,14,43,0,2,2,293,3,296,632,,,,,,,,,,,,,,,,,,,,,
11,GUANAJUATO,16,CELAYA,7,CELAYA,356,C01,158,24,3,13,9,10,59,4,1,2,284,5,289,632,,,,,,,,,,,,,,,,,,,,,
11,GUANAJUATO,16,CELAYA,7,CELAYA,356,C02,159,22,0,8,15,9,48,3,0,4,269,3,272,632,,,,,,,,,,,,,,,,,,,,,
11,GUANAJUATO,16,CELAYA,7,CELAYA,356,C03,153,22,1,10,21,9,49,3,2,7,279,8,287,632,,,,,,,,,,,,,,,,,,,,,
11,GUANAJUATO,16,CELAYA,7,CELAYA,356,C04,120,20,4,12,10,4,55,3,1,1,232,4,236,632,,,,,,,,,,,,,,,,,,,,,
11,GUANAJUATO,16,CELAYA,7,CELAYA,356,C05,127,17,4,6,21,8,48,1,3,5,242,5,247,631,,,,,,,,,,,,,,,,,,,,,
11,GUANAJUATO,16,CELAYA,7,CELAYA,357,B,72,22,6,10,11,10,89,3,1,3,227,7,234,609,,,,,,,,,,,,,,,,,,,,,
11,GUANAJUATO,16,CELAYA,7,CELAYA,357,C01,83,22,3,9,17,16,76,3,2,4,237,4,241,609,,,,,,,,,,,,,,,,,,,,,
11,GUANAJUATO,16,CELAYA,7,CELAYA,357,C02,88,12,2,15,14,5,80,1,0,3,225,3,228,608,,,,,,,,,,,,,,,,,,,,,
11,GUANAJUATO,16,CELAYA,7,CELAYA,358,B,98,27,2,17,28,8,73,3,1,2,274,9,284,524,,,,,,,,,,,,,,,,,,,,,
11,GUANAJUATO,16,CELAYA,7,CELAYA,359,B,103,45,3,8,15,12,92,4,3,2,303,10,314,510,,,,,,,,,,,,,,,,,,,,,
11,GUANAJUATO,16,CELAYA,7,CELAYA,359,C01,105,28,2,18,20,11,88,1,3,3,303,10,313,509,,,,,,,,,,,,,,,,,,,,,
11,GUANAJUATO,16,CELAYA,7,CELAYA,360,B,71,23,4,8,32,7,72,6,1,1,235,5,240,563,,,,,,,,,,,,,,,,,,,,,
11,GUANAJUATO,16,CELAYA,7,CELAYA,360,C01,47,33,6,10,23,20,74,6,2,0,227,8,235,562,,,,,,,,,,,,,,,,,,,,,
11,GUANAJUATO,16,CELAYA,7,CELAYA,361,B,161,32,0,7,15,19,78,2,0,3,322,21,345,662,,,,,,,,,,,,,,,,,,,,,
11,GUANAJUATO,16,CELAYA,7,CELAYA,361,C01,149,41,2,12,22,8,95,1,1,2,335,5,340,662,,,,,,,,,,,,,,,,,,,,,
11,GUANAJUATO,16,CELAYA,7,CELAYA,362,B,179,33,2,16,21,9,69,4,6,3,347,7,354,601,,,,,,,,,,,,,,,,,,,,,
11,GUANAJUATO,16,CELAYA,7,CELAYA,362,C01,176,31,3,11,19,16,59,4,1,6,328,5,334,600,,,,,,,,,,,,,,,,,,,,,
11,GUANAJUATO,16,CELAYA,7,CELAYA,362,C02,166,46,0,12,17,7,76,5,2,3,339,13,353,600,,,,,,,,,,,,,,,,,,,,,
11,GUANAJUATO,16,CELAYA,7,CELAYA,362,C03,189,37,2,12,37,7,76,2,2,8,376,9,386,600,,,,,,,,,,,,,,,,,,,,,
11,GUANAJUATO,16,CELAYA,7,CELAYA,363,B,126,29,2,12,25,17,74,2,1,5,300,2,303,487,,,,,,,,,,,,,,,,,,,,,
11,GUANAJUATO,16,CELAYA,7,CELAYA,363,C01,105,24,3,16,20,10,68,3,3,7,261,7,269,487,,,,,,,,,,,,,,,,,,,,,
11,GUANAJUATO,16,CELAYA,7,CELAYA,364,B,80,15,2,13,18,16,63,0,4,2,215,13,229,481,,,,,,,,,,,,,,,,,,,,,
11,GUANAJUATO,16,CELAYA,7,CELAYA,364,C01,79,16,5,17,18,13,81,2,6,2,243,10,254,480,,,,,,,,,,,,,,,,,,,,,
11,GUANAJUATO,16,CELAYA,7,CELAYA,365,B,106,39,3,14,28,4,100,3,2,7,310,2,312,550,,,,,,,,,,,,,,,,,,,,,
11,GUANAJUATO,16,CELAYA,7,CELAYA,366,B,90,22,3,5,29,11,83,7,1,3,259,11,270,690,,,,,,,,,,,,,,,,,,,,,
11,GUANAJUATO,16,CELAYA,7,CELAYA,366,C01,99,17,2,6,28,4,86,2,3,9,257,0,257,690,,,,,,,,,,,,,,,,,,,,,
11,GUANAJUATO,16,CELAYA,7,CELAYA,366,C02,79,18,6,14,21,14,90,2,4,4,255,8,263,690,,,,,,,,,,,,,,,,,,,,,
11,GUANAJUATO,16,CELAYA,7,CELAYA,366,C03,72,19,2,10,28,9,99,4,2,2,250,13,263,689,,,,,,,,,,,,,,,,,,,,,
11,GUANAJUATO,16,CELAYA,7,CELAYA,366,C04,81,22,5,7,23,10,95,0,4,6,259,13,272,689,,,,,,,,,,,,,,,,,,,,,
11,GUANAJUATO,16,CELAYA,7,CELAYA,370,B,82,18,3,9,21,7,64,0,4,2,216,1,217,545,,,,,,,,,,,,,,,,,,,,,
11,GUANAJUATO,16,CELAYA,7,CELAYA,370,C01,75,14,5,10,12,8,94,0,0,4,229,5,234,545,,,,,,,,,,,,,,,,,,,,,
11,GUANAJUATO,16,CELAYA,7,CELAYA,371,B,102,19,1,11,21,6,91,2,4,1,260,6,266,745,,,,,,,,,,,,,,,,,,,,,
11,GUANAJUATO,16,CELAYA,7,CELAYA,371,C01,101,18,1,8,27,9,83,3,1,4,259,10,269,744,,,,,,,,,,,,,,,,,,,,,
11,GUANAJUATO,16,CELAYA,7,CELAYA,372,B,198,24,1,11,22,18,67,1,2,1,348,8,357,697,,,,,,,,,,,,,,,,,,,,,
11,GUANAJUATO,16,CELAYA,7,CELAYA,372,C01,203,29,3,10,14,8,83,1,1,0,357,6,364,697,,,,,,,,,,,,,,,,,,,,,
11,GUANAJUATO,16,CELAYA,7,CELAYA,373,B,115,26,4,10,13,21,92,2,9,5,300,12,312,743,,,,,,,,,,,,,,,,,,,,,
11,GUANAJUATO,16,CELAYA,7,CELAYA,373,C01,83,24,3,11,14,20,121,4,5,2,288,6,294,742,,,,,,,,,,,,,,,,,,,,,
11,GUANAJUATO,16,CELAYA,7,CELAYA,374,B,197,18,2,9,7,6,39,1,5,1,285,4,289,524,,,,,,,,,,,,,,,,,,,,,
11,GUANAJUATO,16,CELAYA,7,CELAYA,374,C01,197,18,4,11,11,13,39,1,6,1,303,6,309,523,,,,,,,,,,,,,,,,,,,,,
11,GUANAJUATO,16,CELAYA,7,CELAYA,374,C02,203,16,3,7,13,6,55,0,2,2,309,6,315,523,,,,,,,,,,,,,,,,,,,,,
11,GUANAJUATO,16,CELAYA,7,CELAYA,375,B,68,18,0,14,14,17,89,0,6,1,228,6,234,586,,,,,,,,,,,,,,,,,,,,,
11,GUANAJUATO,16,CELAYA,7,CELAYA,375,C01,70,27,0,19,16,20,70,1,3,3,233,6,240,585,,,,,,,,,,,,,,,,,,,,,
11,GUANAJUATO,16,CELAYA,7,CELAYA,376,B,177,43,5,13,16,17,115,2,9,3,404,7,411,726,,,,,,,,,,,,,,,,,,,,,
11,GUANAJUATO,16,CELAYA,7,CELAYA,376,C01,169,35,3,16,40,17,118,4,5,3,413,6,420,725,,,,,,,,,,,,,,,,,,,,,
11,GUANAJUATO,16,CELAYA,7,CELAYA,388,B,274,18,1,9,5,6,23,0,2,1,339,1,340,478,,,,,,,,,,,,,,,,,,,,,
11,GUANAJUATO,16,CELAYA,7,CELAYA,388,C01,284,17,3,7,9,7,17,2,0,1,348,7,355,478,,,,,,,,,,,,,,,,,,,,,
11,GUANAJUATO,16,CELAYA,7,CELAYA,389,B,420,37,6,10,4,6,22,1,0,1,508,6,514,741,,,,,,,,,,,,,,,,,,,,,
11,GUANAJUATO,16,CELAYA,7,CELAYA,390,B,156,21,3,10,36,7,40,0,3,1,281,6,289,459,,,,,,,,,,,,,,,,,,,,,
11,GUANAJUATO,16,CELAYA,7,CELAYA,390,C01,136,27,2,12,28,8,46,1,3,3,269,9,278,458,,,,,,,,,,,,,,,,,,,,,
11,GUANAJUATO,16,CELAYA,7,CELAYA,397,B,316,25,6,24,12,14,57,1,2,6,465,3,468,686,,,,,,,,,,,,,,,,,,,,,
11,GUANAJUATO,16,CELAYA,7,CELAYA,398,B,91,38,0,15,21,20,61,0,2,4,252,6,258,494,,,,,,,,,,,,,,,,,,,,,
11,GUANAJUATO,16,CELAYA,7,CELAYA,398,C01,98,11,2,14,16,8,65,2,1,1,223,4,227,493,,,,,,,,,,,,,,,,,,,,,
11,GUANAJUATO,16,CELAYA,7,CELAYA,399,B,153,41,1,14,20,13,70,3,1,7,327,10,337,645,,,,,,,,,,,,,,,,,,,,,
11,GUANAJUATO,16,CELAYA,7,CELAYA,399,C01,143,36,2,13,18,12,79,1,4,4,320,7,327,645,,,,,,,,,,,,,,,,,,,,,
11,GUANAJUATO,16,CELAYA,7,CELAYA,400,B,76,12,5,8,14,4,67,3,0,1,194,11,205,490,,,,,,,,,,,,,,,,,,,,,
11,GUANAJUATO,16,CELAYA,7,CELAYA,400,C01,55,8,2,6,15,7,61,2,1,0,157,9,166,489,,,,,,,,,,,,,,,,,,,,,
11,GUANAJUATO,16,CELAYA,7,CELAYA,401,B,81,27,8,10,39,14,86,5,1,2,275,11,286,653,,,,,,,,,,,,,,,,,,,,,
11,GUANAJUATO,16,CELAYA,7,CELAYA,401,C01,72,25,4,13,17,14,107,8,0,6,270,5,275,653,,,,,,,,,,,,,,,,,,,,,
11,GUANAJUATO,16,CELAYA,7,CELAYA,402,B,195,20,1,9,16,11,55,2,1,1,313,4,317,653,,,,,,,,,,,,,,,,,,,,,
11,GUANAJUATO,16,CELAYA,7,CELAYA,402,C01,188,16,0,10,22,8,56,0,1,3,306,5,312,653,,,,,,,,,,,,,,,,,,,,,
11,GUANAJUATO,16,CELAYA,7,CELAYA,402,C02,180,16,0,6,15,16,66,2,2,4,308,5,313,653,,,,,,,,,,,,,,,,,,,,,
11,GUANAJUATO,16,CELAYA,7,CELAYA,402,C03,157,13,4,10,15,12,68,4,1,5,289,3,293,653,,,,,,,,,,,,,,,,,,,,,
11,GUANAJUATO,16,CELAYA,7,CELAYA,402,C04,195,16,1,13,16,7,56,0,2,4,313,3,316,653,,,,,,,,,,,,,,,,,,,,,
11,GUANAJUATO,16,CELAYA,7,CELAYA,402,C05,179,18,2,18,18,15,52,2,1,0,306,3,309,653,,,,,,,,,,,,,,,,,,,,,
11,GUANAJUATO,16,CELAYA,7,CELAYA,402,C06,208,17,2,7,20,12,59,0,3,2,332,6,338,652,,,,,,,,,,,,,,,,,,,,,
11,GUANAJUATO,16,CELAYA,7,CELAYA,403,B,211,34,3,17,25,12,67,4,2,1,377,8,385,596,,,,,,,,,,,,,,,,,,,,,
11,GUANAJUATO,16,CELAYA,7,CELAYA,404,B,226,18,0,10,6,6,33,1,0,3,305,6,312,474,,,,,,,,,,,,,,,,,,,,,
11,GUANAJUATO,16,CELAYA,7,CELAYA,420,B,132,20,1,9,18,2,46,8,1,0,239,7,246,457,,,,,,,,,,,,,,,,,,,,,
11,GUANAJUATO,16,CELAYA,7,CELAYA,421,B,82,27,1,9,11,10,36,5,1,0,182,4,186,387,,,,,,,,,,,,,,,,,,,,,
11,GUANAJUATO,16,CELAYA,7,CELAYA,421,C01,87,17,0,5,9,8,46,9,2,2,187,5,192,387,,,,,,,,,,,,,,,,,,,,,
11,GUANAJUATO,16,CELAYA,7,CELAYA,422,B,143,35,5,17,26,24,68,3,4,3,331,11,342,590,,,,,,,,,,,,,,,,,,,,,
11,GUANAJUATO,16,CELAYA,7,CELAYA,422,C01,181,41,2,11,19,20,60,1,3,2,343,8,351,589,,,,,,,,,,,,,,,,,,,,,
11,GUANAJUATO,16,CELAYA,7,CELAYA,423,B,68,27,5,12,21,6,96,6,5,2,251,11,262,671,,,,,,,,,,,,,,,,,,,,,
11,GUANAJUATO,16,CELAYA,7,CELAYA,424,B,55,14,3,14,12,8,50,3,2,0,163,8,171,409,,,,,,,,,,,,,,,,,,,,,
11,GUANAJUATO,16,CELAYA,7,CELAYA,424,C01,67,15,5,6,8,7,66,1,0,1,178,4,183,409,,,,,,,,,,,,,,,,,,,,,
11,GUANAJUATO,16,CELAYA,7,CELAYA,425,B,47,15,1,8,8,8,68,2,2,5,164,4,168,483,,,,,,,,,,,,,,,,,,,,,
11,GUANAJUATO,16,CELAYA,7,CELAYA,425,C01,27,10,5,5,7,7,56,2,4,3,128,13,141,482,,,,,,,,,,,,,,,,,,,,,
11,GUANAJUATO,16,CELAYA,7,CELAYA,426,B,60,15,1,4,14,10,50,3,3,0,160,2,163,466,,,,,,,,,,,,,,,,,,,,,
11,GUANAJUATO,16,CELAYA,7,CELAYA,426,C01,54,11,5,2,23,5,46,0,2,3,152,3,155,465,,,,,,,,,,,,,,,,,,,,,
11,GUANAJUATO,16,CELAYA,7,CELAYA,427,B,82,22,1,4,38,11,136,1,1,3,302,8,310,741,,,,,,,,,,,,,,,,,,,,,
11,GUANAJUATO,16,CELAYA,7,CELAYA,494,B,165,12,2,2,7,2,56,3,1,0,252,6,258,612,,,,,,,,,,,,,,,,,,,,,
11,GUANAJUATO,16,CELAYA,7,CELAYA,494,C01,174,11,2,1,3,2,31,0,3,0,227,8,235,611,,,,,,,,,,,,,,,,,,,,,
11,GUANAJUATO,16,CELAYA,7,CELAYA,495,B,115,22,1,6,9,9,72,2,2,0,241,1,242,709,,,,,,,,,,,,,,,,,,,,,
11,GUANAJUATO,16,CELAYA,7,CELAYA,495,C01,116,14,3,6,5,1,55,1,3,2,210,3,213,708,,,,,,,,,,,,,,,,,,,,,
11,GUANAJUATO,16,CELAYA,7,CELAYA,495,C02,128,8,2,4,7,1,51,0,2,0,204,6,210,708,,,,,,,,,,,,,,,,,,,,,
11,GUANAJUATO,16,CELAYA,7,CELAYA,496,B,104,35,0,5,2,1,22,2,1,0,172,7,179,427,,,,,,,,,,,,,,,,,,,,,
11,GUANAJUATO,16,CELAYA,7,CELAYA,496,C01,91,44,1,3,1,2,17,1,2,0,163,10,173,426,,,,,,,,,,,,,,,,,,,,,
11,GUANAJUATO,16,CELAYA,7,CELAYA,497,B,71,19,3,6,12,5,47,2,2,0,169,2,171,592,,,,,,,,,,,,,,,,,,,,,
11,GUANAJUATO,16,CELAYA,7,CELAYA,497,C01,78,22,1,3,8,9,46,4,0,1,174,3,177,592,,,,,,,,,,,,,,,,,,,,,
11,GUANAJUATO,16,CELAYA,7,CELAYA,497,C02,59,17,1,3,23,9,51,2,0,0,167,2,169,591,,,,,,,,,,,,,,,,,,,,,
11,GUANAJUATO,16,CELAYA,7,CELAYA,498,B,99,22,7,3,14,10,102,6,6,2,280,5,285,736,,,,,,,,,,,,,,,,,,,,,
11,GUANAJUATO,16,CELAYA,7,CELAYA,498,C01,94,20,6,7,11,6,79,4,3,1,236,6,242,735,,,,,,,,,,,,,,,,,,,,,
11,GUANAJUATO,16,CELAYA,7,CELAYA,499,B,52,17,0,6,5,1,51,6,1,2,143,7,150,695,,,,,,,,,,,,,,,,,,,,,
11,GUANAJUATO,16,CELAYA,7,CELAYA,499,C01,53,10,2,9,6,2,74,3,0,1,160,1,161,695,,,,,,,,,,,,,,,,,,,,,
11,GUANAJUATO,16,CELAYA,7,CELAYA,499,C02,68,22,4,5,3,5,64,1,2,2,176,4,180,694,,,,,,,,,,,,,,,,,,,,,
11,GUANAJUATO,16,CELAYA,7,CELAYA,500,B,124,12,1,3,3,1,66,3,0,1,217,5,222,687,,,,,,,,,,,,,,,,,,,,,
11,GUANAJUATO,16,CELAYA,7,CELAYA,500,C01,106,10,4,4,2,2,60,4,2,0,196,5,201,686,,,,,,,,,,,,,,,,,,,,,
11,GUANAJUATO,16,CELAYA,7,CELAYA,500,C02,107,13,2,3,1,4,81,2,2,1,218,0,218,686,,,,,,,,,,,,,,,,,,,,,
11,GUANAJUATO,16,CELAYA,7,CELAYA,500,C03,118,11,1,2,3,3,74,2,0,1,220,5,225,686,,,,,,,,,,,,,,,,,,,,,
11,GUANAJUATO,16,CELAYA,7,CELAYA,501,B,82,12,1,7,4,7,64,2,3,1,183,2,186,568,,,,,,,,,,,,,,,,,,,,,
11,GUANAJUATO,16,CELAYA,7,CELAYA,501,C01,89,14,1,2,7,3,77,0,0,1,199,3,202,568,,,,,,,,,,,,,,,,,,,,,
11,GUANAJUATO,16,CELAYA,7,CELAYA,501,C02,79,8,1,3,7,2,68,6,1,2,184,7,191,568,,,,,,,,,,,,,,,,,,,,,
11,GUANAJUATO,16,CELAYA,7,CELAYA,501,C03,83,10,1,4,5,4,55,3,4,2,171,3,174,568,,,,,,,,,,,,,,,,,,,,,
11,GUANAJUATO,16,CELAYA,7,CELAYA,502,B,102,19,3,1,3,3,59,4,1,2,197,4,201,608,,,,,,,,,,,,,,,,,,,,,
11,GUANAJUATO,16,CELAYA,7,CELAYA,502,C01,109,3,3,5,6,1,59,2,1,1,191,1,192,607,,,,,,,,,,,,,,,,,,,,,
11,GUANAJUATO,16,CELAYA,7,CELAYA,503,B,108,11,2,5,3,6,73,3,1,2,218,0,218,653,,,,,,,,,,,,,,,,,,,,,
11,GUANAJUATO,16,CELAYA,7,CELAYA,503,C01,132,12,2,7,3,2,57,6,1,3,225,0,225,653,,,,,,,,,,,,,,,,,,,,,
11,GUANAJUATO,16,CELAYA,7,CELAYA,503,C02,125,7,0,3,3,2,67,1,1,0,209,5,214,652,,,,,,,,,,,,,,,,,,,,,
11,GUANAJUATO,16,CELAYA,7,CELAYA,503,C03,112,10,5,2,4,3,51,2,2,1,193,6,199,652,,,,,,,,,,,,,,,,,,,,,
11,GUANAJUATO,16,CELAYA,7,CELAYA,504,B,128,16,1,10,7,3,106,3,0,2,279,6,285,692,,,,,,,,,,,,,,,,,,,,,
11,GUANAJUATO,16,CELAYA,7,CELAYA,504,C01,108,14,1,4,5,5,76,2,5,0,222,5,227,691,,,,,,,,,,,,,,,,,,,,,
11,GUANAJUATO,16,CELAYA,7,CELAYA,505,B,105,9,9,6,5,0,60,2,1,1,201,5,206,676,,,,,,,,,,,,,,,,,,,,,
11,GUANAJUATO,16,CELAYA,7,CELAYA,505,C01,96,9,1,2,3,2,43,0,1,1,161,4,165,676,,,,,,,,,,,,,,,,,,,,,
11,GUANAJUATO,16,CELAYA,7,CELAYA,505,C02,100,7,0,0,1,2,35,0,0,1,148,2,150,675,,,,,,,,,,,,,,,,,,,,,
11,GUANAJUATO,16,CELAYA,7,CELAYA,505,C03,90,5,1,4,0,4,41,1,0,2,149,3,152,675,,,,,,,,,,,,,,,,,,,,,
11,GUANAJUATO,16,CELAYA,7,CELAYA,506,B,111,20,8,3,3,8,73,5,1,0,233,5,242,650,,,,,,,,,,,,,,,,,,,,,
11,GUANAJUATO,16,CELAYA,7,CELAYA,506,C01,111,11,2,0,0,6,63,6,3,1,207,5,212,650,,,,,,,,,,,,,,,,,,,,,
11,GUANAJUATO,16,CELAYA,7,CELAYA,506,C02,98,14,3,5,13,5,63,10,1,3,217,8,225,650,,,,,,,,,,,,,,,,,,,,,
11,GUANAJUATO,16,CELAYA,7,CELAYA,507,B,88,13,6,3,5,3,49,22,3,1,197,3,200,594,,,,,,,,,,,,,,,,,,,,,
11,GUANAJUATO,16,CELAYA,7,CELAYA,507,C01,88,17,6,2,5,2,62,17,1,1,204,2,206,593,,,,,,,,,,,,,,,,,,,,,
11,GUANAJUATO,16,CELAYA,7,CELAYA,507,C02,97,20,4,7,10,4,57,11,1,0,215,3,218,593,,,,,,,,,,,,,,,,,,,,,
11,GUANAJUATO,16,CELAYA,7,CELAYA,508,B,68,19,4,0,0,4,32,3,1,0,133,6,139,472,,,,,,,,,,,,,,,,,,,,,
11,GUANAJUATO,16,CELAYA,7,CELAYA,508,C01,91,15,2,4,0,4,30,7,1,0,156,3,159,472,,,,,,,,,,,,,,,,,,,,,
11,GUANAJUATO,16,CELAYA,7,CELAYA,509,B,75,47,4,4,3,4,45,3,0,1,190,8,198,640,,,,,,,,,,,,,,,,,,,,,
11,GUANAJUATO,16,CELAYA,7,CELAYA,509,C01,92,49,2,7,5,8,55,2,2,1,224,7,231,640,,,,,,,,,,,,,,,,,,,,,
11,GUANAJUATO,16,CELAYA,7,CELAYA,509,C02,97,27,6,6,2,3,43,2,0,4,194,5,199,640,,,,,,,,,,,,,,,,,,,,,
11,GUANAJUATO,16,CELAYA,7,CELAYA,510,B,68,23,1,2,7,5,74,2,1,0,185,3,188,587,,,,,,,,,,,,,,,,,,,,,
11,GUANAJUATO,16,CELAYA,7,CELAYA,510,C01,65,9,3,2,4,0,83,0,2,1,173,9,182,586,,,,,,,,,,,,,,,,,,,,,
11,GUANAJUATO,16,CELAYA,7,CELAYA,511,B,106,8,2,10,3,5,57,5,0,0,196,3,199,682,,,,,,,,,,,,,,,,,,,,,
11,GUANAJUATO,16,CELAYA,7,CELAYA,511,C01,90,24,3,6,7,4,62,2,2,1,206,4,210,682,,,,,,,,,,,,,,,,,,,,,
11,GUANAJUATO,16,CELAYA,7,CELAYA,511,C02,87,11,2,4,4,9,52,1,2,0,180,6,186,681,,,,,,,,,,,,,,,,,,,,,
11,GUANAJUATO,16,CELAYA,7,CELAYA,512,B,110,25,7,16,4,5,90,4,3,5,271,8,279,723,,,,,,,,,,,,,,,,,,,,,
11,GUANAJUATO,16,CELAYA,7,CELAYA,512,C01,144,19,2,5,8,13,92,0,4,0,291,5,296,723,,,,,,,,,,,,,,,,,,,,,
11,GUANAJUATO,16,CELAYA,7,CELAYA,512,C02,114,22,5,6,8,3,52,5,3,2,223,11,235,722,,,,,,,,,,,,,,,,,,,,,
11,GUANAJUATO,16,CELAYA,7,CELAYA,513,B,81,19,5,11,12,7,93,2,1,3,236,3,239,649,,,,,,,,,,,,,,,,,,,,,
11,GUANAJUATO,16,CELAYA,7,CELAYA,513,C01,84,24,1,5,11,10,85,5,1,3,231,6,237,648,,,,,,,,,,,,,,,,,,,,,
11,GUANAJUATO,16,CELAYA,7,CELAYA,513,C02,98,24,2,3,10,2,69,3,1,0,214,8,222,648,,,,,,,,,,,,,,,,,,,,,
11,GUANAJUATO,16,CELAYA,7,CELAYA,514,B,272,29,5,7,18,6,76,1,5,1,422,5,428,827,,,,,,,,,,,,,,,,,,,,,
11,GUANAJUATO,16,CELAYA,7,CELAYA,514,C01,228,23,0,8,7,8,61,0,3,2,340,6,346,748,,,,,,,,,,,,,,,,,,,,,
11,GUANAJUATO,16,CELAYA,7,CELAYA,514,C02,206,40,4,11,6,9,49,2,1,0,329,4,333,748,,,,,,,,,,,,,,,,,,,,,
11,GUANAJUATO,16,CELAYA,7,CELAYA,514,C03,172,23,3,8,7,6,67,0,0,5,293,0,294,748,,,,,,,,,,,,,,,,,,,,,
11,GUANAJUATO,16,CELAYA,7,CELAYA,514,C04,217,29,2,8,8,13,61,1,0,2,343,6,349,748,,,,,,,,,,,,,,,,,,,,,
11,GUANAJUATO,16,CELAYA,7,CELAYA,516,B,60,7,2,3,9,2,82,2,1,2,170,1,171,654,,,,,,,,,,,,,,,,,,,,,
11,GUANAJUATO,16,CELAYA,7,CELAYA,516,C01,50,7,3,5,19,1,78,1,0,0,164,6,170,654,,,,,,,,,,,,,,,,,,,,,
11,GUANAJUATO,16,CELAYA,7,CELAYA,517,B,49,9,2,6,4,6,99,6,1,3,186,5,191,680,,,,,,,,,,,,,,,,,,,,,
11,GUANAJUATO,16,CELAYA,7,CELAYA,517,C01,47,11,3,1,5,3,98,4,3,4,180,3,183,679,,,,,,,,,,,,,,,,,,,,,
11,GUANAJUATO,16,CELAYA,7,CELAYA,518,B,74,21,3,8,11,6,119,5,0,3,253,3,256,707,,,,,,,,,,,,,,,,,,,,,
11,GUANAJUATO,16,CELAYA,7,CELAYA,518,C01,61,16,1,4,10,4,126,5,2,1,235,3,238,706,,,,,,,,,,,,,,,,,,,,,
11,GUANAJUATO,16,CELAYA,7,CELAYA,519,B,56,10,2,7,14,4,114,2,3,0,214,3,217,698,,,,,,,,,,,,,,,,,,,,,
11,GUANAJUATO,16,CELAYA,7,CELAYA,519,C01,42,7,2,7,19,4,110,1,1,3,203,8,211,697,,,,,,,,,,,,,,,,,,,,,
11,GUANAJUATO,16,CELAYA,7,CELAYA,520,B,39,13,3,6,5,5,58,0,4,2,137,5,142,645,,,,,,,,,,,,,,,,,,,,,
11,GUANAJUATO,16,CELAYA,7,CELAYA,520,C01,48,6,3,4,9,3,70,3,1,2,150,4,154,645,,,,,,,,,,,,,,,,,,,,,
11,GUANAJUATO,16,CELAYA,7,CELAYA,520,C02,38,14,0,3,8,3,57,3,0,4,131,7,138,645,,,,,,,,,,,,,,,,,,,,,
11,GUANAJUATO,16,CELAYA,7,CELAYA,520,C03,31,11,2,5,6,1,69,6,1,1,133,5,138,644,,,,,,,,,,,,,,,,,,,,,
11,GUANAJUATO,16,CELAYA,7,CELAYA,520,C04,44,5,5,4,2,4,68,1,2,1,139,2,141,644,,,,,,,,,,,,,,,,,,,,,
11,GUANAJUATO,16,CELAYA,7,CELAYA,520,C05,38,7,3,7,20,2,77,0,3,2,161,6,167,644,,,,,,,,,,,,,,,,,,,,,
11,GUANAJUATO,16,CELAYA,7,CELAYA,521,B,52,12,4,5,7,3,76,1,1,3,165,7,172,525,,,,,,,,,,,,,,,,,,,,,
11,GUANAJUATO,16,CELAYA,7,CELAYA,521,C01,43,10,3,1,8,3,86,1,5,1,164,1,165,525,,,,,,,,,,,,,,,,,,,,,
11,GUANAJUATO,16,CELAYA,7,CELAYA,521,C02,25,6,5,9,10,4,101,3,2,3,169,8,177,524,,,,,,,,,,,,,,,,,,,,,
11,GUANAJUATO,16,CELAYA,7,CELAYA,522,B,57,20,4,5,11,2,68,2,1,2,173,3,176,741,,,,,,,,,,,,,,,,,,,,,
11,GUANAJUATO,16,CELAYA,7,CELAYA,522,C01,39,11,2,7,10,2,73,0,0,3,147,2,149,741,,,,,,,,,,,,,,,,,,,,,
11,GUANAJUATO,16,CELAYA,7,CELAYA,523,B,102,22,2,10,10,8,68,5,3,2,235,5,240,632,,,,,,,,,,,,,,,,,,,,,
11,GUANAJUATO,16,CELAYA,7,CELAYA,523,C01,120,21,0,9,6,7,62,2,1,2,239,2,241,632,,,,,,,,,,,,,,,,,,,,,
11,GUANAJUATO,16,CELAYA,7,CELAYA,523,C02,106,20,4,10,6,8,67,4,2,1,228,4,232,632,,,,,,,,,,,,,,,,,,,,,
11,GUANAJUATO,16,CELAYA,7,CELAYA,523,C03,109,12,6,9,11,6,76,2,2,1,236,3,239,632,,,,,,,,,,,,,,,,,,,,,
11,GUANAJUATO,16,CELAYA,7,CELAYA,523,C04,98,19,3,6,13,6,68,4,3,2,226,5,231,632,,,,,,,,,,,,,,,,,,,,,
11,GUANAJUATO,16,CELAYA,7,CELAYA,523,C05,107,20,4,10,14,4,64,2,0,2,228,4,232,631,,,,,,,,,,,,,,,,,,,,,
11,GUANAJUATO,16,CELAYA,7,CELAYA,524,B,58,17,1,7,7,9,71,6,1,4,184,3,187,682,,,,,,,,,,,,,,,,,,,,,
11,GUANAJUATO,16,CELAYA,7,CELAYA,524,C01,77,21,6,6,4,6,69,2,0,0,195,4,199,682,,,,,,,,,,,,,,,,,,,,,
11,GUANAJUATO,16,CELAYA,7,CELAYA,524,C02,66,12,4,8,2,8,61,7,1,0,175,3,178,682,,,,,,,,,,,,,,,,,,,,,
11,GUANAJUATO,16,CELAYA,7,CELAYA,525,B,80,18,4,10,5,11,54,1,2,3,190,6,196,496,,,,,,,,,,,,,,,,,,,,,
11,GUANAJUATO,16,CELAYA,7,CELAYA,525,C01,72,18,4,5,17,6,50,3,0,2,183,7,190,495,,,,,,,,,,,,,,,,,,,,,
11,GUANAJUATO,16,CELAYA,7,CELAYA,526,B,115,26,4,15,14,7,75,3,3,0,266,6,272,738,,,,,,,,,,,,,,,,,,,,,
11,GUANAJUATO,16,CELAYA,7,CELAYA,526,C01,115,29,6,12,9,7,76,1,5,1,262,7,270,738,,,,,,,,,,,,,,,,,,,,,
11,GUANAJUATO,16,CELAYA,7,CELAYA,526,C02,133,25,4,12,7,5,62,5,0,2,262,3,265,738,,,,,,,,,,,,,,,,,,,,,
11,GUANAJUATO,16,CELAYA,7,CELAYA,526,C03,107,26,4,8,15,6,74,0,0,6,250,5,255,738,,,,,,,,,,,,,,,,,,,,,
11,GUANAJUATO,16,CELAYA,7,CELAYA,526,C04,109,14,1,5,9,10,60,0,1,0,210,2,212,737,,,,,,,,,,,,,,,,,,,,,
11,GUANAJUATO,16,CELAYA,7,CELAYA,526,C05,112,21,0,9,12,13,80,1,3,1,254,4,258,737,,,,,,,,,,,,,,,,,,,,,
11,GUANAJUATO,16,CELAYA,7,CELAYA,526,C06,109,14,1,5,9,10,60,0,1,0,210,2,212,737,,,,,,,,,,,,,,,,,,,,,
11,GUANAJUATO,16,CELAYA,7,CELAYA,526,C07,76,19,7,7,14,10,86,5,0,2,228,4,232,737,,,,,,,,,,,,,,,,,,,,,
11,GUANAJUATO,16,CELAYA,7,CELAYA,526,C08,114,35,2,9,5,7,92,1,3,1,275,5,280,737,,,,,,,,,,,,,,,,,,,,,
11,GUANAJUATO,16,CELAYA,7,CELAYA,526,C09,121,26,9,14,10,11,60,0,1,4,259,4,263,737,,,,,,,,,,,,,,,,,,,,,
11,GUANAJUATO,16,CELAYA,7,CELAYA,527,B,123,26,1,8,7,5,89,6,4,1,271,4,275,750,,,,,,,,,,,,,,,,,,,,,
11,GUANAJUATO,16,CELAYA,7,CELAYA,527,C01,103,26,1,7,7,5,86,4,0,2,243,6,250,750,,,,,,,,,,,,,,,,,,,,,
11,GUANAJUATO,16,CELAYA,7,CELAYA,527,C02,116,22,1,6,9,7,83,3,1,3,253,3,256,750,,,,,,,,,,,,,,,,,,,,,
11,GUANAJUATO,16,CELAYA,7,CELAYA,527,C03,131,22,1,10,7,7,65,3,5,3,255,4,259,750,,,,,,,,,,,,,,,,,,,,,
11,GUANAJUATO,16,CELAYA,7,CELAYA,527,C04,120,31,2,6,3,8,70,1,3,1,249,6,255,749,,,,,,,,,,,,,,,,,,,,,
11,GUANAJUATO,16,CELAYA,7,CELAYA,527,C05,132,27,4,14,7,8,74,1,1,5,279,6,285,749,,,,,,,,,,,,,,,,,,,,,
11,GUANAJUATO,16,CELAYA,7,CELAYA,528,B,189,31,9,14,7,8,74,2,3,4,344,5,350,745,,,,,,,,,,,,,,,,,,,,,
11,GUANAJUATO,16,CELAYA,7,CELAYA,528,C01,187,28,3,11,5,6,77,6,4,4,337,5,342,745,,,,,,,,,,,,,,,,,,,,,
11,GUANAJUATO,16,CELAYA,7,CELAYA,528,C02,189,22,7,9,3,9,91,5,6,3,350,6,356,744,,,,,,,,,,,,,,,,,,,,,
11,GUANAJUATO,16,CELAYA,7,CELAYA,530,B,143,14,3,13,5,8,90,0,2,0,279,5,284,680,,,,,,,,,,,,,,,,,,,,,
11,GUANAJUATO,16,CELAYA,7,CELAYA,530,C01,123,23,6,6,3,7,79,0,1,0,252,6,258,680,,,,,,,,,,,,,,,,,,,,,
11,GUANAJUATO,16,CELAYA,7,CELAYA,530,C02,105,28,7,10,5,7,88,5,2,0,259,5,264,679,,,,,,,,,,,,,,,,,,,,,
11,GUANAJUATO,16,CELAYA,7,CELAYA,3102,B,47,11,1,7,10,3,60,4,2,2,148,8,156,534,,,,,,,,,,,,,,,,,,,,,
11,GUANAJUATO,16,CELAYA,7,CELAYA,3102,C01,44,7,2,1,8,8,67,2,0,2,145,2,147,533,,,,,,,,,,,,,,,,,,,,,
11,GUANAJUATO,16,CELAYA,7,CELAYA,3102,C02,27,14,4,5,7,6,56,3,0,1,124,5,129,533,,,,,,,,,,,,,,,,,,,,,
11,GUANAJUATO,16,CELAYA,7,CELAYA,3103,B,45,10,5,15,15,6,73,2,1,2,175,6,181,689,,,,,,,,,,,,,,,,,,,,,
11,GUANAJUATO,16,CELAYA,7,CELAYA,3103,C01,39,14,5,10,20,7,94,5,3,1,199,6,211,689,,,,,,,,,,,,,,,,,,,,,
11,GUANAJUATO,16,CELAYA,7,CELAYA,3104,B,42,13,1,9,9,8,78,7,0,0,167,2,169,441,,,,,,,,,,,,,,,,,,,,,
11,GUANAJUATO,16,CELAYA,7,CELAYA,3104,C01,41,13,2,5,6,9,58,3,2,0,143,1,144,441,,,,,,,,,,,,,,,,,,,,,
11,GUANAJUATO,16,CELAYA,7,CELAYA,3105,B,48,14,1,8,16,18,85,3,2,5,204,10,215,725,,,,,,,,,,,,,,,,,,,,,
11,GUANAJUATO,16,CELAYA,7,CELAYA,3106,B,78,28,1,23,14,19,109,3,2,0,284,0,284,690,,,,,,,,,,,,,,,,,,,,,
11,GUANAJUATO,16,CELAYA,7,CELAYA,3106,C01,83,24,3,14,27,16,101,3,3,1,276,4,280,689,,,,,,,,,,,,,,,,,,,,,
11,GUANAJUATO,16,CELAYA,7,CELAYA,3107,B,38,12,0,5,5,8,66,3,0,3,148,4,152,399,,,,,,,,,,,,,,,,,,,,,
11,GUANAJUATO,16,CELAYA,7,CELAYA,3107,C01,48,6,0,6,16,10,55,1,1,0,147,1,148,398,,,,,,,,,,,,,,,,,,,,,
11,GUANAJUATO,16,CELAYA,7,CELAYA,3108,B,56,28,3,18,23,18,94,4,2,2,253,2,255,580,,,,,,,,,,,,,,,,,,,,,
11,GUANAJUATO,16,CELAYA,7,CELAYA,3108,C01,71,18,3,7,27,11,101,4,1,6,260,4,264,579,,,,,,,,,,,,,,,,,,,,,
11,GUANAJUATO,16,CELAYA,7,CELAYA,3108,C02,92,25,2,11,24,19,92,4,0,6,278,8,286,579,,,,,,,,,,,,,,,,,,,,,
11,GUANAJUATO,16,CELAYA,7,CELAYA,3109,B,80,17,3,16,11,3,86,6,1,1,228,2,230,561,,,,,,,,,,,,,,,,,,,,,
11,GUANAJUATO,16,CELAYA,7,CELAYA,3109,C01,70,25,2,9,8,9,72,9,2,3,210,3,213,560,,,,,,,,,,,,,,,,,,,,,
11,GUANAJUATO,16,CELAYA,7,CELAYA,3110,B,51,10,1,7,8,10,59,5,1,2,154,5,159,397,,,,,,,,,,,,,,,,,,,,,
11,GUANAJUATO,16,CELAYA,7,CELAYA,3110,C01,43,17,5,14,11,5,63,2,1,3,167,1,168,397,,,,,,,,,,,,,,,,,,,,,
11,GUANAJUATO,16,CELAYA,7,CELAYA,3111,B,99,25,5,12,33,14,114,5,3,2,315,11,326,738,,,,,,,,,,,,,,,,,,,,,
11,GUANAJUATO,16,CELAYA,7,CELAYA,3111,C01,93,22,4,18,24,11,128,9,2,4,322,11,333,738,,,,,,,,,,,,,,,,,,,,,
11,GUANAJUATO,16,CELAYA,7,CELAYA,3112,B,101,23,2,22,27,17,69,1,1,3,275,10,285,607,,,,,,,,,,,,,,,,,,,,,
11,GUANAJUATO,16,CELAYA,7,CELAYA,3112,C01,109,33,2,19,19,18,75,5,2,3,295,6,302,607,,,,,,,,,,,,,,,,,,,,,
11,GUANAJUATO,16,CELAYA,7,CELAYA,3113,B,75,14,1,7,11,11,88,2,2,3,221,6,227,566,,,,,,,,,,,,,,,,,,,,,
11,GUANAJUATO,16,CELAYA,7,CELAYA,3113,C01,79,18,3,14,8,10,78,7,3,5,229,1,230,566,,,,,,,,,,,,,,,,,,,,,
11,GUANAJUATO,16,CELAYA,7,CELAYA,3114,B,105,23,6,21,31,10,109,6,4,7,330,6,336,703,,,,,,,,,,,,,,,,,,,,,
11,GUANAJUATO,16,CELAYA,7,CELAYA,3114,C01,114,30,1,15,31,8,84,4,5,6,301,10,311,703,,,,,,,,,,,,,,,,,,,,,
11,GUANAJUATO,16,CELAYA,7,CELAYA,3115,B,93,25,3,22,24,5,110,4,4,4,304,2,307,584,,,,,,,,,,,,,,,,,,,,,
11,GUANAJUATO,16,CELAYA,7,CELAYA,3115,C01,120,30,2,11,25,15,80,5,1,4,299,5,304,584,,,,,,,,,,,,,,,,,,,,,
11,GUANAJUATO,16,CELAYA,7,CELAYA,3116,B,104,11,4,16,20,17,92,1,2,7,288,4,292,494,,,,,,,,,,,,,,,,,,,,,
11,GUANAJUATO,16,CELAYA,7,CELAYA,3117,B,194,47,10,22,29,33,98,2,7,4,453,5,458,700,,,,,,,,,,,,,,,,,,,,,
11,GUANAJUATO,16,CELAYA,7,CELAYA,3118,B,189,33,4,19,14,23,68,5,3,1,368,5,375,631,,,,,,,,,,,,,,,,,,,,,
11,GUANAJUATO,16,CELAYA,7,CELAYA,3118,C01,168,48,4,20,17,13,79,1,6,2,364,12,376,630,,,,,,,,,,,,,,,,,,,,,
11,GUANAJUATO,16,CELAYA,7,CELAYA,3119,B,157,19,3,9,30,11,80,2,1,4,320,10,330,674,,,,,,,,,,,,,,,,,,,,,
11,GUANAJUATO,16,CELAYA,7,CELAYA,3119,C01,152,18,5,11,31,6,65,6,2,2,299,4,303,674,,,,,,,,,,,,,,,,,,,,,
11,GUANAJUATO,16,CELAYA,7,CELAYA,3120,B,178,42,2,10,22,14,77,2,0,2,353,11,364,523,,,,,,,,,,,,,,,,,,,,,
11,GUANAJUATO,16,CELAYA,7,CELAYA,3120,C01,153,45,4,17,19,25,65,5,3,3,344,3,348,523,,,,,,,,,,,,,,,,,,,,,
11,GUANAJUATO,17,SANTA CRUZ DE JUVENTINO ROSAS,9,COMONFORT,609,B,64,6,1,8,33,9,71,,5,2,269,5,276,606,,,,,,,,,,,,,,,,,,,,,
11,GUANAJUATO,17,SANTA CRUZ DE JUVENTINO ROSAS,9,COMONFORT,609,C01,49,3,1,12,35,4,70,,6,8,258,3,263,606,,,,,,,,,,,,,,,,,,,,,
11,GUANAJUATO,17,SANTA CRUZ DE JUVENTINO ROSAS,9,COMONFORT,609,C02,44,6,0,9,44,7,76,,4,4,251,10,261,606,,,,,,,,,,,,,,,,,,,,,
11,GUANAJUATO,17,SANTA CRUZ DE JUVENTINO ROSAS,9,COMONFORT,609,C03,50,7,1,10,46,5,47,,2,4,233,7,240,606,,,,,,,,,,,,,,,,,,,,,
11,GUANAJUATO,17,SANTA CRUZ DE JUVENTINO ROSAS,9,COMONFORT,609,C04,41,3,1,6,48,5,62,,3,5,243,9,252,606,,,,,,,,,,,,,,,,,,,,,
11,GUANAJUATO,17,SANTA CRUZ DE JUVENTINO ROSAS,9,COMONFORT,610,B,39,5,0,12,53,5,52,,4,8,248,2,250,691,,,,,,,,,,,,,,,,,,,,,
11,GUANAJUATO,17,SANTA CRUZ DE JUVENTINO ROSAS,9,COMONFORT,610,C01,29,5,2,8,55,7,51,,4,5,218,4,222,690,,,,,,,,,,,,,,,,,,,,,
11,GUANAJUATO,17,SANTA CRUZ DE JUVENTINO ROSAS,9,COMONFORT,611,B,62,10,0,11,31,10,55,,3,10,246,4,251,554,,,,,,,,,,,,,,,,,,,,,
11,GUANAJUATO,17,SANTA CRUZ DE JUVENTINO ROSAS,9,COMONFORT,611,C01,53,11,1,24,35,9,60,,6,5,266,5,271,553,,,,,,,,,,,,,,,,,,,,,
11,GUANAJUATO,17,SANTA CRUZ DE JUVENTINO ROSAS,9,COMONFORT,611,C02,44,12,0,12,37,2,73,,1,10,258,9,267,553,,,,,,,,,,,,,,,,,,,,,
11,GUANAJUATO,17,SANTA CRUZ DE JUVENTINO ROSAS,9,COMONFORT,612,B,58,14,3,61,31,12,57,,5,4,304,6,311,745,,,,,,,,,,,,,,,,,,,,,
11,GUANAJUATO,17,SANTA CRUZ DE JUVENTINO ROSAS,9,COMONFORT,612,C01,51,27,0,56,41,6,76,,5,1,311,6,317,745,,,,,,,,,,,,,,,,,,,,,
11,GUANAJUATO,17,SANTA CRUZ DE JUVENTINO ROSAS,9,COMONFORT,612,C02,32,9,1,56,32,13,57,,7,2,266,10,276,744,,,,,,,,,,,,,,,,,,,,,
11,GUANAJUATO,17,SANTA CRUZ DE JUVENTINO ROSAS,9,COMONFORT,613,B,59,8,0,25,39,12,88,,9,9,350,11,361,689,,,,,,,,,,,,,,,,,,,,,
11,GUANAJUATO,17,SANTA CRUZ DE JUVENTINO ROSAS,9,COMONFORT,613,C01,66,9,2,27,26,12,89,,14,8,347,8,355,689,,,,,,,,,,,,,,,,,,,,,
11,GUANAJUATO,17,SANTA CRUZ DE JUVENTINO ROSAS,9,COMONFORT,613,S01,3,1,2,2,6,0,11,,1,2,40,3,43,0,,,,,,,,,,,,,,,,,,,,,
11,GUANAJUATO,17,SANTA CRUZ DE JUVENTINO ROSAS,9,COMONFORT,614,B,64,4,1,20,38,18,69,,5,5,278,4,283,654,,,,,,,,,,,,,,,,,,,,,
11,GUANAJUATO,17,SANTA CRUZ DE JUVENTINO ROSAS,9,COMONFORT,614,C01,62,14,3,22,44,6,69,,5,4,282,2,284,653,,,,,,,,,,,,,,,,,,,,,
11,GUANAJUATO,17,SANTA CRUZ DE JUVENTINO ROSAS,9,COMONFORT,615,B,34,3,2,4,20,28,34,,7,7,179,3,182,516,,,,,,,,,,,,,,,,,,,,,
11,GUANAJUATO,17,SANTA CRUZ DE JUVENTINO ROSAS,9,COMONFORT,615,C01,39,11,2,8,30,23,40,,5,3,203,8,211,516,,,,,,,,,,,,,,,,,,,,,
11,GUANAJUATO,17,SANTA CRUZ DE JUVENTINO ROSAS,9,COMONFORT,615,C02,36,3,1,9,28,17,29,,4,2,173,13,186,516,,,,,,,,,,,,,,,,,,,,,
11,GUANAJUATO,17,SANTA CRUZ DE JUVENTINO ROSAS,9,COMONFORT,616,B,64,6,1,14,24,15,89,,12,0,295,5,300,531,,,,,,,,,,,,,,,,,,,,,
11,GUANAJUATO,17,SANTA CRUZ DE JUVENTINO ROSAS,9,COMONFORT,616,C01,44,8,3,5,35,15,73,,6,1,252,4,256,531,,,,,,,,,,,,,,,,,,,,,
11,GUANAJUATO,17,SANTA CRUZ DE JUVENTINO ROSAS,9,COMONFORT,616,C02,39,9,1,9,37,9,82,,11,0,250,7,257,530,,,,,,,,,,,,,,,,,,,,,
11,GUANAJUATO,17,SANTA CRUZ DE JUVENTINO ROSAS,9,COMONFORT,617,B,78,13,3,6,23,12,126,,16,0,348,6,354,620,,,,,,,,,,,,,,,,,,,,,
11,GUANAJUATO,17,SANTA CRUZ DE JUVENTINO ROSAS,9,COMONFORT,617,C01,65,11,3,11,24,11,115,,15,5,347,9,356,620,,,,,,,,,,,,,,,,,,,,,
11,GUANAJUATO,17,SANTA CRUZ DE JUVENTINO ROSAS,9,COMONFORT,618,B,55,4,1,13,36,11,108,,6,9,334,7,341,613,,,,,,,,,,,,,,,,,,,,,
11,GUANAJUATO,17,SANTA CRUZ DE JUVENTINO ROSAS,9,COMONFORT,618,C01,82,8,4,15,26,10,84,,7,4,319,11,330,612,,,,,,,,,,,,,,,,,,,,,
11,GUANAJUATO,17,SANTA CRUZ DE JUVENTINO ROSAS,9,COMONFORT,619,B,69,8,2,9,36,17,94,,8,6,316,7,323,705,,,,,,,,,,,,,,,,,,,,,
11,GUANAJUATO,17,SANTA CRUZ DE JUVENTINO ROSAS,9,COMONFORT,619,C01,67,7,0,17,34,18,82,,1,4,303,8,311,704,,,,,,,,,,,,,,,,,,,,,
11,GUANAJUATO,17,SANTA CRUZ DE JUVENTINO ROSAS,9,COMONFORT,620,B,32,13,0,5,25,9,27,,14,15,185,3,188,626,,,,,,,,,,,,,,,,,,,,,
11,GUANAJUATO,17,SANTA CRUZ DE JUVENTINO ROSAS,9,COMONFORT,620,C01,41,12,0,10,31,8,39,,2,11,194,3,197,625,,,,,,,,,,,,,,,,,,,,,
11,GUANAJUATO,17,SANTA CRUZ DE JUVENTINO ROSAS,9,COMONFORT,620,C02,39,13,0,4,25,13,37,,6,11,180,6,186,625,,,,,,,,,,,,,,,,,,,,,
11,GUANAJUATO,17,SANTA CRUZ DE JUVENTINO ROSAS,9,COMONFORT,621,B,69,2,4,6,10,2,76,,5,13,225,12,237,587,,,,,,,,,,,,,,,,,,,,,
11,GUANAJUATO,17,SANTA CRUZ DE JUVENTINO ROSAS,9,COMONFORT,621,C01,50,11,8,7,32,9,72,,1,4,222,9,231,587,,,,,,,,,,,,,,,,,,,,,
11,GUANAJUATO,17,SANTA CRUZ DE JUVENTINO ROSAS,9,COMONFORT,622,B,64,6,15,7,11,6,68,,5,15,229,4,233,619,,,,,,,,,,,,,,,,,,,,,
11,GUANAJUATO,17,SANTA CRUZ DE JUVENTINO ROSAS,9,COMONFORT,622,C01,50,2,16,5,13,8,67,,1,15,219,5,224,619,,,,,,,,,,,,,,,,,,,,,
11,GUANAJUATO,17,SANTA CRUZ DE JUVENTINO ROSAS,9,COMONFORT,623,B,62,6,7,2,14,8,69,,5,9,209,2,211,594,,,,,,,,,,,,,,,,,,,,,
11,GUANAJUATO,17,SANTA CRUZ DE JUVENTINO ROSAS,9,COMONFORT,623,C01,59,8,6,4,14,8,71,,5,5,212,10,222,594,,,,,,,,,,,,,,,,,,,,,
11,GUANAJUATO,17,SANTA CRUZ DE JUVENTINO ROSAS,9,COMONFORT,624,B,48,16,2,2,11,2,26,,0,7,124,4,128,410,,,,,,,,,,,,,,,,,,,,,
11,GUANAJUATO,17,SANTA CRUZ DE JUVENTINO ROSAS,9,COMONFORT,624,C01,66,11,1,1,6,2,17,,2,3,116,6,122,409,,,,,,,,,,,,,,,,,,,,,
11,GUANAJUATO,17,SANTA CRUZ DE JUVENTINO ROSAS,9,COMONFORT,625,B,97,11,2,4,13,12,9,,10,3,175,9,184,555,,,,,,,,,,,,,,,,,,,,,
11,GUANAJUATO,17,SANTA CRUZ DE JUVENTINO ROSAS,9,COMONFORT,625,C01,98,7,0,5,10,9,9,,10,20,190,13,203,555,,,,,,,,,,,,,,,,,,,,,
11,GUANAJUATO,17,SANTA CRUZ DE JUVENTINO ROSAS,9,COMONFORT,626,B,41,23,2,5,6,3,31,,0,24,198,5,203,543,,,,,,,,,,,,,,,,,,,,,
11,GUANAJUATO,17,SANTA CRUZ DE JUVENTINO ROSAS,9,COMONFORT,626,C01,37,17,0,7,13,4,28,,2,32,164,3,167,542,,,,,,,,,,,,,,,,,,,,,
11,GUANAJUATO,17,SANTA CRUZ DE JUVENTINO ROSAS,9,COMONFORT,627,B,42,12,7,6,7,4,34,,3,18,160,2,162,532,,,,,,,,,,,,,,,,,,,,,
11,GUANAJUATO,17,SANTA CRUZ DE JUVENTINO ROSAS,9,COMONFORT,627,C01,23,16,4,2,9,7,30,,6,14,120,4,124,531,,,,,,,,,,,,,,,,,,,,,
11,GUANAJUATO,17,SANTA CRUZ DE JUVENTINO ROSAS,9,COMONFORT,627,C02,36,12,1,8,5,13,27,,0,20,134,2,136,531,,,,,,,,,,,,,,,,,,,,,
11,GUANAJUATO,17,SANTA CRUZ DE JUVENTINO ROSAS,9,COMONFORT,628,B,67,33,3,3,2,6,33,,5,0,164,3,167,535,,,,,,,,,,,,,,,,,,,,,
11,GUANAJUATO,17,SANTA CRUZ DE JUVENTINO ROSAS,9,COMONFORT,628,C01,77,15,1,2,10,2,34,,4,0,154,10,164,534,,,,,,,,,,,,,,,,,,,,,
11,GUANAJUATO,17,SANTA CRUZ DE JUVENTINO ROSAS,9,COMONFORT,629,B,36,1,3,5,17,16,26,,6,19,157,0,157,492,,,,,,,,,,,,,,,,,,,,,
11,GUANAJUATO,17,SANTA CRUZ DE JUVENTINO ROSAS,9,COMONFORT,629,C01,27,7,1,4,13,9,29,,6,19,147,10,157,491,,,,,,,,,,,,,,,,,,,,,
11,GUANAJUATO,17,SANTA CRUZ DE JUVENTINO ROSAS,9,COMONFORT,630,B,63,8,4,12,38,12,17,,1,8,190,12,202,567,,,,,,,,,,,,,,,,,,,,,
11,GUANAJUATO,17,SANTA CRUZ DE JUVENTINO ROSAS,9,COMONFORT,630,C01,44,5,2,11,33,7,33,,1,7,191,8,199,567,,,,,,,,,,,,,,,,,,,,,
11,GUANAJUATO,17,SANTA CRUZ DE JUVENTINO ROSAS,9,COMONFORT,630,C02,44,6,4,6,45,10,21,,2,6,179,11,190,567,,,,,,,,,,,,,,,,,,,,,
11,GUANAJUATO,17,SANTA CRUZ DE JUVENTINO ROSAS,9,COMONFORT,630,C03,40,4,3,14,26,7,20,,0,5,174,3,177,566,,,,,,,,,,,,,,,,,,,,,
11,GUANAJUATO,17,SANTA CRUZ DE JUVENTINO ROSAS,9,COMONFORT,631,B,97,5,2,2,12,0,23,,6,9,169,3,172,507,,,,,,,,,,,,,,,,,,,,,
11,GUANAJUATO,17,SANTA CRUZ DE JUVENTINO ROSAS,9,COMONFORT,631,C01,91,2,1,7,7,10,19,,2,2,161,6,167,507,,,,,,,,,,,,,,,,,,,,,
11,GUANAJUATO,17,SANTA CRUZ DE JUVENTINO ROSAS,9,COMONFORT,631,C02,101,3,3,7,6,2,18,,2,14,165,6,171,507,,,,,,,,,,,,,,,,,,,,,
11,GUANAJUATO,17,SANTA CRUZ DE JUVENTINO ROSAS,9,COMONFORT,632,B,47,14,5,13,38,6,23,,6,26,219,4,224,646,,,,,,,,,,,,,,,,,,,,,
11,GUANAJUATO,17,SANTA CRUZ DE JUVENTINO ROSAS,9,COMONFORT,632,C01,36,8,3,16,21,9,21,,0,13,171,10,181,646,,,,,,,,,,,,,,,,,,,,,
11,GUANAJUATO,17,SANTA CRUZ DE JUVENTINO ROSAS,9,COMONFORT,633,B,56,42,0,3,7,1,10,,0,4,131,7,138,538,,,,,,,,,,,,,,,,,,,,,
11,GUANAJUATO,17,SANTA CRUZ DE JUVENTINO ROSAS,9,COMONFORT,633,C01,66,31,0,1,8,3,24,,0,6,142,9,151,538,,,,,,,,,,,,,,,,,,,,,
11,GUANAJUATO,17,SANTA CRUZ DE JUVENTINO ROSAS,9,COMONFORT,633,C02,66,34,1,4,10,4,31,,1,5,168,5,173,537,,,,,,,,,,,,,,,,,,,,,
11,GUANAJUATO,17,SANTA CRUZ DE JUVENTINO ROSAS,9,COMONFORT,634,B,92,10,1,8,17,7,19,,21,28,221,9,230,478,,,,,,,,,,,,,,,,,,,,,
11,GUANAJUATO,17,SANTA CRUZ DE JUVENTINO ROSAS,9,COMONFORT,634,C01,101,10,1,5,10,5,34,,6,14,197,7,204,478,,,,,,,,,,,,,,,,,,,,,
11,GUANAJUATO,17,SANTA CRUZ DE JUVENTINO ROSAS,9,COMONFORT,635,B,83,6,1,11,32,14,54,,7,3,237,12,249,701,,,,,,,,,,,,,,,,,,,,,
11,GUANAJUATO,17,SANTA CRUZ DE JUVENTINO ROSAS,9,COMONFORT,636,B,89,15,1,8,35,5,50,,6,8,245,10,255,593,,,,,,,,,,,,,,,,,,,,,
11,GUANAJUATO,17,SANTA CRUZ DE JUVENTINO ROSAS,9,COMONFORT,636,C01,72,7,6,6,29,6,61,,3,9,233,7,240,593,,,,,,,,,,,,,,,,,,,,,
11,GUANAJUATO,17,SANTA CRUZ DE JUVENTINO ROSAS,9,COMONFORT,636,C02,79,9,4,11,38,3,82,,6,6,267,5,272,592,,,,,,,,,,,,,,,,,,,,,
11,GUANAJUATO,17,SANTA CRUZ DE JUVENTINO ROSAS,9,COMONFORT,637,B,120,3,2,8,22,9,18,,7,53,273,11,284,582,,,,,,,,,,,,,,,,,,,,,
11,GUANAJUATO,17,SANTA CRUZ DE JUVENTINO ROSAS,9,COMONFORT,637,C01,108,4,2,10,19,11,11,,18,49,255,9,264,582,,,,,,,,,,,,,,,,,,,,,
11,GUANAJUATO,17,SANTA CRUZ DE JUVENTINO ROSAS,9,COMONFORT,637,C02,113,7,0,9,12,7,24,,8,62,261,6,267,582,,,,,,,,,,,,,,,,,,,,,
11,GUANAJUATO,17,SANTA CRUZ DE JUVENTINO ROSAS,9,COMONFORT,638,B,114,18,17,3,16,4,41,,6,13,254,13,267,611,,,,,,,,,,,,,,,,,,,,,
11,GUANAJUATO,17,SANTA CRUZ DE JUVENTINO ROSAS,9,COMONFORT,638,C01,91,24,17,3,15,2,40,,5,15,233,14,247,611,,,,,,,,,,,,,,,,,,,,,
11,GUANAJUATO,17,SANTA CRUZ DE JUVENTINO ROSAS,9,COMONFORT,638,C02,80,18,7,1,11,10,54,,5,11,215,10,225,611,,,,,,,,,,,,,,,,,,,,,
11,GUANAJUATO,17,SANTA CRUZ DE JUVENTINO ROSAS,9,COMONFORT,638,C03,108,14,12,2,14,10,36,,0,15,236,8,244,611,,,,,,,,,,,,,,,,,,,,,
11,GUANAJUATO,17,SANTA CRUZ DE JUVENTINO ROSAS,9,COMONFORT,639,B,77,25,1,0,11,3,16,,4,10,157,12,169,562,,,,,,,,,,,,,,,,,,,,,
11,GUANAJUATO,17,SANTA CRUZ DE JUVENTINO ROSAS,9,COMONFORT,639,C01,74,20,7,1,12,0,14,,3,12,156,8,164,561,,,,,,,,,,,,,,,,,,,,,
11,GUANAJUATO,17,SANTA CRUZ DE JUVENTINO ROSAS,9,COMONFORT,639,C02,75,23,4,2,7,3,22,,3,13,162,5,167,561,,,,,,,,,,,,,,,,,,,,,
11,GUANAJUATO,17,SANTA CRUZ DE JUVENTINO ROSAS,9,COMONFORT,640,B,48,12,5,7,26,9,28,,0,2,185,3,188,436,,,,,,,,,,,,,,,,,,,,,
11,GUANAJUATO,17,SANTA CRUZ DE JUVENTINO ROSAS,9,COMONFORT,640,C01,23,9,1,7,31,6,28,,3,9,156,3,159,436,,,,,,,,,,,,,,,,,,,,,
11,GUANAJUATO,17,SANTA CRUZ DE JUVENTINO ROSAS,9,COMONFORT,641,B,60,3,3,13,42,17,63,,11,6,287,7,295,716,,,,,,,,,,,,,,,,,,,,,
11,GUANAJUATO,17,SANTA CRUZ DE JUVENTINO ROSAS,9,COMONFORT,641,C01,51,2,5,18,17,10,54,,10,7,254,12,266,716,,,,,,,,,,,,,,,,,,,,,
11,GUANAJUATO,17,SANTA CRUZ DE JUVENTINO ROSAS,9,COMONFORT,641,C02,46,10,4,12,8,10,61,,14,2,227,5,232,716,,,,,,,,,,,,,,,,,,,,,
11,GUANAJUATO,17,SANTA CRUZ DE JUVENTINO ROSAS,9,COMONFORT,641,C03,61,7,2,11,24,12,54,,8,3,249,7,256,715,,,,,,,,,,,,,,,,,,,,,
11,GUANAJUATO,17,SANTA CRUZ DE JUVENTINO ROSAS,9,COMONFORT,642,B,82,21,26,4,18,4,9,,3,27,214,12,226,591,,,,,,,,,,,,,,,,,,,,,
11,GUANAJUATO,17,SANTA CRUZ DE JUVENTINO ROSAS,9,COMONFORT,642,C01,52,20,23,5,11,6,6,,1,31,165,8,173,590,,,,,,,,,,,,,,,,,,,,,
11,GUANAJUATO,17,SANTA CRUZ DE JUVENTINO ROSAS,9,COMONFORT,643,B,75,9,5,4,43,6,88,,2,18,284,7,292,534,,,,,,,,,,,,,,,,,,,,,
11,GUANAJUATO,17,SANTA CRUZ DE JUVENTINO ROSAS,9,COMONFORT,643,C01,82,7,2,3,74,5,75,,3,5,295,4,299,534,,,,,,,,,,,,,,,,,,,,,
11,GUANAJUATO,17,SANTA CRUZ DE JUVENTINO ROSAS,9,COMONFORT,644,B,84,6,1,13,108,3,96,,3,8,383,12,396,698,,,,,,,,,,,,,,,,,,,,,
11,GUANAJUATO,17,SANTA CRUZ DE JUVENTINO ROSAS,9,COMONFORT,645,B,45,8,4,7,71,7,49,,9,9,218,3,221,642,,,,,,,,,,,,,,,,,,,,,
11,GUANAJUATO,17,SANTA CRUZ DE JUVENTINO ROSAS,9,COMONFORT,645,C01,47,4,5,11,81,4,57,,2,4,234,9,243,642,,,,,,,,,,,,,,,,,,,,,
11,GUANAJUATO,17,SANTA CRUZ DE JUVENTINO ROSAS,9,COMONFORT,645,C02,38,0,2,14,76,3,51,,4,9,210,2,212,641,,,,,,,,,,,,,,,,,,,,,
11,GUANAJUATO,17,SANTA CRUZ DE JUVENTINO ROSAS,9,COMONFORT,645,C03,53,2,2,7,55,2,52,,2,7,196,3,199,641,,,,,,,,,,,,,,,,,,,,,
11,GUANAJUATO,17,SANTA CRUZ DE JUVENTINO ROSAS,9,COMONFORT,646,B,54,2,4,8,109,6,89,,4,11,320,9,329,717,,,,,,,,,,,,,,,,,,,,,
11,GUANAJUATO,17,SANTA CRUZ DE JUVENTINO ROSAS,9,COMONFORT,646,C01,66,4,3,12,97,4,83,,9,12,319,18,337,716,,,,,,,,,,,,,,,,,,,,,
11,GUANAJUATO,17,SANTA CRUZ DE JUVENTINO ROSAS,9,COMONFORT,647,B,59,6,4,9,54,10,91,,8,2,279,0,279,581,,,,,,,,,,,,,,,,,,,,,
11,GUANAJUATO,17,SANTA CRUZ DE JUVENTINO ROSAS,9,COMONFORT,648,B,56,4,1,9,59,5,70,,1,14,249,2,251,476,,,,,,,,,,,,,,,,,,,,,
11,GUANAJUATO,17,SANTA CRUZ DE JUVENTINO ROSAS,9,COMONFORT,648,C01,59,7,2,1,60,3,92,,1,5,251,8,259,475,,,,,,,,,,,,,,,,,,,,,
11,GUANAJUATO,17,SANTA CRUZ DE JUVENTINO ROSAS,9,COMONFORT,649,B,69,1,1,11,79,5,66,,3,7,263,6,269,550,,,,,,,,,,,,,,,,,,,,,
11,GUANAJUATO,17,SANTA CRUZ DE JUVENTINO ROSAS,9,COMONFORT,649,C01,62,6,0,7,82,6,62,,2,7,259,6,265,550,,,,,,,,,,,,,,,,,,,,,
11,GUANAJUATO,17,SANTA CRUZ DE JUVENTINO ROSAS,9,COMONFORT,650,B,63,1,3,16,89,10,57,,5,0,279,5,284,746,,,,,,,,,,,,,,,,,,,,,
11,GUANAJUATO,17,SANTA CRUZ DE JUVENTINO ROSAS,9,COMONFORT,650,C01,71,7,1,6,80,6,84,,4,3,279,5,284,746,,,,,,,,,,,,,,,,,,,,,
11,GUANAJUATO,17,SANTA CRUZ DE JUVENTINO ROSAS,9,COMONFORT,650,C02,68,7,1,8,103,10,71,,5,3,301,9,310,745,,,,,,,,,,,,,,,,,,,,,
11,GUANAJUATO,17,SANTA CRUZ DE JUVENTINO ROSAS,9,COMONFORT,651,B,77,10,0,13,50,3,80,,3,12,272,6,278,689,,,,,,,,,,,,,,,,,,,,,
11,GUANAJUATO,17,SANTA CRUZ DE JUVENTINO ROSAS,35,SANTA CRUZ DE JUVENTINO ROSAS,2608,B,75,7,60,6,14,7,21,0,,,311,7,318,668,,,,,,,,,,,,,,,,,,,,,
11,GUANAJUATO,17,SANTA CRUZ DE JUVENTINO ROSAS,35,SANTA CRUZ DE JUVENTINO ROSAS,2608,C01,84,16,66,5,11,10,17,1,,,312,5,317,667,,,,,,,,,,,,,,,,,,,,,
11,GUANAJUATO,17,SANTA CRUZ DE JUVENTINO ROSAS,35,SANTA CRUZ DE JUVENTINO ROSAS,2609,B,89,5,81,9,4,12,16,0,,,296,5,303,668,,,,,,,,,,,,,,,,,,,,,
11,GUANAJUATO,17,SANTA CRUZ DE JUVENTINO ROSAS,35,SANTA CRUZ DE JUVENTINO ROSAS,2609,C01,60,2,99,3,10,8,19,1,,,309,4,313,667,,,,,,,,,,,,,,,,,,,,,
11,GUANAJUATO,17,SANTA CRUZ DE JUVENTINO ROSAS,35,SANTA CRUZ DE JUVENTINO ROSAS,2609,C02,72,4,60,4,4,10,22,3,,,285,8,293,667,,,,,,,,,,,,,,,,,,,,,
11,GUANAJUATO,17,SANTA CRUZ DE JUVENTINO ROSAS,35,SANTA CRUZ DE JUVENTINO ROSAS,2610,B,124,9,63,17,8,14,23,0,,,323,4,327,635,,,,,,,,,,,,,,,,,,,,,
11,GUANAJUATO,17,SANTA CRUZ DE JUVENTINO ROSAS,35,SANTA CRUZ DE JUVENTINO ROSAS,2610,C01,108,9,83,14,13,10,14,2,,,345,5,350,635,,,,,,,,,,,,,,,,,,,,,
11,GUANAJUATO,17,SANTA CRUZ DE JUVENTINO ROSAS,35,SANTA CRUZ DE JUVENTINO ROSAS,2610,C02,94,13,61,7,5,16,18,3,,,324,5,329,634,,,,,,,,,,,,,,,,,,,,,
11,GUANAJUATO,17,SANTA CRUZ DE JUVENTINO ROSAS,35,SANTA CRUZ DE JUVENTINO ROSAS,2611,B,72,9,34,11,7,8,8,3,,,221,8,229,388,,,,,,,,,,,,,,,,,,,,,
11,GUANAJUATO,17,SANTA CRUZ DE JUVENTINO ROSAS,35,SANTA CRUZ DE JUVENTINO ROSAS,2611,C01,61,10,37,8,9,8,7,0,,,211,4,215,388,,,,,,,,,,,,,,,,,,,,,
11,GUANAJUATO,17,SANTA CRUZ DE JUVENTINO ROSAS,35,SANTA CRUZ DE JUVENTINO ROSAS,2612,B,96,10,64,8,9,11,18,2,,,279,5,284,584,,,,,,,,,,,,,,,,,,,,,
11,GUANAJUATO,17,SANTA CRUZ DE JUVENTINO ROSAS,35,SANTA CRUZ DE JUVENTINO ROSAS,2612,C01,88,8,62,8,6,7,15,1,,,259,7,266,583,,,,,,,,,,,,,,,,,,,,,
11,GUANAJUATO,17,SANTA CRUZ DE JUVENTINO ROSAS,35,SANTA CRUZ DE JUVENTINO ROSAS,2612,C02,89,10,48,9,5,11,16,0,,,256,6,262,583,,,,,,,,,,,,,,,,,,,,,
11,GUANAJUATO,17,SANTA CRUZ DE JUVENTINO ROSAS,35,SANTA CRUZ DE JUVENTINO ROSAS,2612,C03,113,6,57,7,11,13,10,1,,,276,7,283,583,,,,,,,,,,,,,,,,,,,,,
11,GUANAJUATO,17,SANTA CRUZ DE JUVENTINO ROSAS,35,SANTA CRUZ DE JUVENTINO ROSAS,2613,B,79,13,49,15,18,23,20,0,,,325,5,330,730,,,,,,,,,,,,,,,,,,,,,
11,GUANAJUATO,17,SANTA CRUZ DE JUVENTINO ROSAS,35,SANTA CRUZ DE JUVENTINO ROSAS,2613,C01,103,11,64,7,7,14,25,1,,,339,3,342,729,,,,,,,,,,,,,,,,,,,,,
11,GUANAJUATO,17,SANTA CRUZ DE JUVENTINO ROSAS,35,SANTA CRUZ DE JUVENTINO ROSAS,2613,C02,85,17,45,6,6,18,28,2,,,302,2,305,729,,,,,,,,,,,,,,,,,,,,,
11,GUANAJUATO,17,SANTA CRUZ DE JUVENTINO ROSAS,35,SANTA CRUZ DE JUVENTINO ROSAS,2613,C03,85,12,53,3,6,10,21,0,,,316,5,321,729,,,,,,,,,,,,,,,,,,,,,
11,GUANAJUATO,17,SANTA CRUZ DE JUVENTINO ROSAS,35,SANTA CRUZ DE JUVENTINO ROSAS,2613,C04,105,9,59,5,6,21,26,1,,,359,6,365,729,,,,,,,,,,,,,,,,,,,,,
11,GUANAJUATO,17,SANTA CRUZ DE JUVENTINO ROSAS,35,SANTA CRUZ DE JUVENTINO ROSAS,2614,B,93,9,66,5,14,21,27,1,,,323,4,327,578,,,,,,,,,,,,,,,,,,,,,
11,GUANAJUATO,17,SANTA CRUZ DE JUVENTINO ROSAS,35,SANTA CRUZ DE JUVENTINO ROSAS,2614,C01,91,8,77,3,10,19,19,0,,,304,8,312,578,,,,,,,,,,,,,,,,,,,,,
11,GUANAJUATO,17,SANTA CRUZ DE JUVENTINO ROSAS,35,SANTA CRUZ DE JUVENTINO ROSAS,2615,B,118,15,76,8,8,17,21,2,,,333,7,341,579,,,,,,,,,,,,,,,,,,,,,
11,GUANAJUATO,17,SANTA CRUZ DE JUVENTINO ROSAS,35,SANTA CRUZ DE JUVENTINO ROSAS,2615,C01,111,14,66,9,10,9,22,1,,,318,7,325,578,,,,,,,,,,,,,,,,,,,,,
11,GUANAJUATO,17,SANTA CRUZ DE JUVENTINO ROSAS,35,SANTA CRUZ DE JUVENTINO ROSAS,2616,B,133,10,82,11,17,8,21,1,,,363,10,373,527,,,,,,,,,,,,,,,,,,,,,
11,GUANAJUATO,17,SANTA CRUZ DE JUVENTINO ROSAS,35,SANTA CRUZ DE JUVENTINO ROSAS,2617,B,85,10,51,3,15,16,28,0,,,303,5,308,548,,,,,,,,,,,,,,,,,,,,,
11,GUANAJUATO,17,SANTA CRUZ DE JUVENTINO ROSAS,35,SANTA CRUZ DE JUVENTINO ROSAS,2617,C01,102,11,54,0,10,9,32,7,,,320,0,320,548,,,,,,,,,,,,,,,,,,,,,
11,GUANAJUATO,17,SANTA CRUZ DE JUVENTINO ROSAS,35,SANTA CRUZ DE JUVENTINO ROSAS,2617,C02,115,7,48,3,11,11,18,3,,,321,6,327,548,,,,,,,,,,,,,,,,,,,,,
11,GUANAJUATO,17,SANTA CRUZ DE JUVENTINO ROSAS,35,SANTA CRUZ DE JUVENTINO ROSAS,2618,B,70,12,32,4,15,17,24,0,,,240,4,244,439,,,,,,,,,,,,,,,,,,,,,
11,GUANAJUATO,17,SANTA CRUZ DE JUVENTINO ROSAS,35,SANTA CRUZ DE JUVENTINO ROSAS,2618,C01,98,15,24,3,19,8,14,0,,,241,3,244,439,,,,,,,,,,,,,,,,,,,,,
11,GUANAJUATO,17,SANTA CRUZ DE JUVENTINO ROSAS,35,SANTA CRUZ DE JUVENTINO ROSAS,2619,B,120,13,32,8,8,13,14,0,,,253,3,256,382,,,,,,,,,,,,,,,,,,,,,
11,GUANAJUATO,17,SANTA CRUZ DE JUVENTINO ROSAS,35,SANTA CRUZ DE JUVENTINO ROSAS,2619,C01,77,12,45,5,11,11,18,1,,,236,2,238,382,,,,,,,,,,,,,,,,,,,,,
11,GUANAJUATO,17,SANTA CRUZ DE JUVENTINO ROSAS,35,SANTA CRUZ DE JUVENTINO ROSAS,2620,B,118,12,64,7,12,28,15,0,,,335,1,336,615,,,,,,,,,,,,,,,,,,,,,
11,GUANAJUATO,17,SANTA CRUZ DE JUVENTINO ROSAS,35,SANTA CRUZ DE JUVENTINO ROSAS,2620,C01,117,14,92,9,12,20,18,1,,,347,7,354,614,,,,,,,,,,,,,,,,,,,,,
11,GUANAJUATO,17,SANTA CRUZ DE JUVENTINO ROSAS,35,SANTA CRUZ DE JUVENTINO ROSAS,2620,S01,41,1,56,2,1,4,10,0,,,141,6,147,0,,,,,,,,,,,,,,,,,,,,,
11,GUANAJUATO,17,SANTA CRUZ DE JUVENTINO ROSAS,35,SANTA CRUZ DE JUVENTINO ROSAS,2621,B,139,12,62,7,22,23,24,1,,,385,5,390,723,,,,,,,,,,,,,,,,,,,,,
11,GUANAJUATO,17,SANTA CRUZ DE JUVENTINO ROSAS,35,SANTA CRUZ DE JUVENTINO ROSAS,2621,C01,146,13,66,7,15,15,36,0,,,371,5,376,723,,,,,,,,,,,,,,,,,,,,,
11,GUANAJUATO,17,SANTA CRUZ DE JUVENTINO ROSAS,35,SANTA CRUZ DE JUVENTINO ROSAS,2622,B,128,8,63,6,15,5,25,3,,,338,11,349,669,,,,,,,,,,,,,,,,,,,,,
11,GUANAJUATO,17,SANTA CRUZ DE JUVENTINO ROSAS,35,SANTA CRUZ DE JUVENTINO ROSAS,2622,C01,106,10,69,9,13,16,9,1,,,336,3,339,669,,,,,,,,,,,,,,,,,,,,,
11,GUANAJUATO,17,SANTA CRUZ DE JUVENTINO ROSAS,35,SANTA CRUZ DE JUVENTINO ROSAS,2623,B,66,4,50,3,12,10,12,1,,,238,6,244,539,,,,,,,,,,,,,,,,,,,,,
11,GUANAJUATO,17,SANTA CRUZ DE JUVENTINO ROSAS,35,SANTA CRUZ DE JUVENTINO ROSAS,2623,C01,68,5,46,6,7,11,17,0,,,248,4,258,538,,,,,,,,,,,,,,,,,,,,,
11,GUANAJUATO,17,SANTA CRUZ DE JUVENTINO ROSAS,35,SANTA CRUZ DE JUVENTINO ROSAS,2623,C02,72,7,42,4,6,8,20,0,,,222,5,227,538,,,,,,,,,,,,,,,,,,,,,
11,GUANAJUATO,17,SANTA CRUZ DE JUVENTINO ROSAS,35,SANTA CRUZ DE JUVENTINO ROSAS,2624,B,89,8,77,8,14,14,19,4,,,346,5,351,654,,,,,,,,,,,,,,,,,,,,,
11,GUANAJUATO,17,SANTA CRUZ DE JUVENTINO ROSAS,35,SANTA CRUZ DE JUVENTINO ROSAS,2624,C01,82,3,73,6,12,14,26,0,,,314,7,321,654,,,,,,,,,,,,,,,,,,,,,
11,GUANAJUATO,17,SANTA CRUZ DE JUVENTINO ROSAS,35,SANTA CRUZ DE JUVENTINO ROSAS,2624,C02,90,5,71,15,11,11,23,1,,,334,5,339,654,,,,,,,,,,,,,,,,,,,,,
11,GUANAJUATO,17,SANTA CRUZ DE JUVENTINO ROSAS,35,SANTA CRUZ DE JUVENTINO ROSAS,2625,B,99,10,55,16,9,12,30,0,,,339,1,340,669,,,,,,,,,,,,,,,,,,,,,
11,GUANAJUATO,17,SANTA CRUZ DE JUVENTINO ROSAS,35,SANTA CRUZ DE JUVENTINO ROSAS,2625,C01,108,4,53,15,9,18,30,0,,,312,3,315,669,,,,,,,,,,,,,,,,,,,,,
11,GUANAJUATO,17,SANTA CRUZ DE JUVENTINO ROSAS,35,SANTA CRUZ DE JUVENTINO ROSAS,2625,C02,96,9,68,7,8,15,20,2,,,318,5,323,668,,,,,,,,,,,,,,,,,,,,,
11,GUANAJUATO,17,SANTA CRUZ DE JUVENTINO ROSAS,35,SANTA CRUZ DE JUVENTINO ROSAS,2625,C03,108,5,73,4,7,13,28,1,,,321,4,325,668,,,,,,,,,,,,,,,,,,,,,
11,GUANAJUATO,17,SANTA CRUZ DE JUVENTINO ROSAS,35,SANTA CRUZ DE JUVENTINO ROSAS,2625,C04,89,11,51,5,9,12,21,2,,,299,7,306,668,,,,,,,,,,,,,,,,,,,,,
11,GUANAJUATO,17,SANTA CRUZ DE JUVENTINO ROSAS,35,SANTA CRUZ DE JUVENTINO ROSAS,2626,B,127,3,83,8,17,21,37,1,,,381,5,386,716,,,,,,,,,,,,,,,,,,,,,
11,GUANAJUATO,17,SANTA CRUZ DE JUVENTINO ROSAS,35,SANTA CRUZ DE JUVENTINO ROSAS,2626,C01,103,6,70,3,15,17,27,1,,,314,5,319,715,,,,,,,,,,,,,,,,,,,,,
11,GUANAJUATO,17,SANTA CRUZ DE JUVENTINO ROSAS,35,SANTA CRUZ DE JUVENTINO ROSAS,2626,C02,109,3,86,13,8,15,34,0,,,356,6,363,715,,,,,,,,,,,,,,,,,,,,,
11,GUANAJUATO,17,SANTA CRUZ DE JUVENTINO ROSAS,35,SANTA CRUZ DE JUVENTINO ROSAS,2626,C03,109,3,96,10,19,10,30,0,,,354,9,363,715,,,,,,,,,,,,,,,,,,,,,
11,GUANAJUATO,17,SANTA CRUZ DE JUVENTINO ROSAS,35,SANTA CRUZ DE JUVENTINO ROSAS,2626,C04,104,8,69,14,13,10,30,1,,,360,0,360,715,,,,,,,,,,,,,,,,,,,,,
11,GUANAJUATO,17,SANTA CRUZ DE JUVENTINO ROSAS,35,SANTA CRUZ DE JUVENTINO ROSAS,2626,C05,109,5,79,7,12,14,22,1,,,328,3,331,715,,,,,,,,,,,,,,,,,,,,,
11,GUANAJUATO,17,SANTA CRUZ DE JUVENTINO ROSAS,35,SANTA CRUZ DE JUVENTINO ROSAS,2626,C06,105,8,82,5,15,16,28,1,,,339,2,341,715,,,,,,,,,,,,,,,,,,,,,
11,GUANAJUATO,17,SANTA CRUZ DE JUVENTINO ROSAS,35,SANTA CRUZ DE JUVENTINO ROSAS,2626,C07,95,0,76,11,9,7,36,2,,,333,5,338,715,,,,,,,,,,,,,,,,,,,,,
11,GUANAJUATO,17,SANTA CRUZ DE JUVENTINO ROSAS,35,SANTA CRUZ DE JUVENTINO ROSAS,2627,B,80,5,12,5,2,12,6,3,,,178,13,191,427,,,,,,,,,,,,,,,,,,,,,
11,GUANAJUATO,17,SANTA CRUZ DE JUVENTINO ROSAS,35,SANTA CRUZ DE JUVENTINO ROSAS,2627,C01,84,3,11,4,1,6,6,0,,,175,13,188,426,,,,,,,,,,,,,,,,,,,,,
11,GUANAJUATO,17,SANTA CRUZ DE JUVENTINO ROSAS,35,SANTA CRUZ DE JUVENTINO ROSAS,2628,B,68,12,39,4,2,3,20,2,,,219,8,227,476,,,,,,,,,,,,,,,,,,,,,
11,GUANAJUATO,17,SANTA CRUZ DE JUVENTINO ROSAS,35,SANTA CRUZ DE JUVENTINO ROSAS,2628,C01,64,7,31,3,3,3,23,0,,,191,6,197,476,,,,,,,,,,,,,,,,,,,,,
11,GUANAJUATO,17,SANTA CRUZ DE JUVENTINO ROSAS,35,SANTA CRUZ DE JUVENTINO ROSAS,2629,B,55,8,35,8,4,6,19,1,,,181,7,188,436,,,,,,,,,,,,,,,,,,,,,
11,GUANAJUATO,17,SANTA CRUZ DE JUVENTINO ROSAS,35,SANTA CRUZ DE JUVENTINO ROSAS,2629,C01,56,4,45,8,6,5,14,3,,,185,7,192,436,,,,,,,,,,,,,,,,,,,,,
11,GUANAJUATO,17,SANTA CRUZ DE JUVENTINO ROSAS,35,SANTA CRUZ DE JUVENTINO ROSAS,2630,B,182,26,26,13,1,13,6,5,,,334,3,337,709,,,,,,,,,,,,,,,,,,,,,
11,GUANAJUATO,17,SANTA CRUZ DE JUVENTINO ROSAS,35,SANTA CRUZ DE JUVENTINO ROSAS,2630,C01,152,23,17,11,3,9,10,4,,,292,9,301,709,,,,,,,,,,,,,,,,,,,,,
11,GUANAJUATO,17,SANTA CRUZ DE JUVENTINO ROSAS,35,SANTA CRUZ DE JUVENTINO ROSAS,2630,E01,113,28,28,5,5,4,12,3,,,275,5,280,585,,,,,,,,,,,,,,,,,,,,,
11,GUANAJUATO,17,SANTA CRUZ DE JUVENTINO ROSAS,35,SANTA CRUZ DE JUVENTINO ROSAS,2630,E01C01,108,20,41,4,3,6,5,0,,,269,9,278,585,,,,,,,,,,,,,,,,,,,,,
11,GUANAJUATO,17,SANTA CRUZ DE JUVENTINO ROSAS,35,SANTA CRUZ DE JUVENTINO ROSAS,2631,B,43,4,57,4,5,8,18,1,,,214,8,222,627,,,,,,,,,,,,,,,,,,,,,
11,GUANAJUATO,17,SANTA CRUZ DE JUVENTINO ROSAS,35,SANTA CRUZ DE JUVENTINO ROSAS,2631,C01,67,3,54,0,8,5,13,1,,,234,14,248,627,,,,,,,,,,,,,,,,,,,,,
11,GUANAJUATO,17,SANTA CRUZ DE JUVENTINO ROSAS,35,SANTA CRUZ DE JUVENTINO ROSAS,2631,C02,67,12,49,4,1,0,6,0,,,187,6,193,626,,,,,,,,,,,,,,,,,,,,,
11,GUANAJUATO,17,SANTA CRUZ DE JUVENTINO ROSAS,35,SANTA CRUZ DE JUVENTINO ROSAS,2631,C03,54,12,56,6,8,3,10,0,,,224,8,232,626,,,,,,,,,,,,,,,,,,,,,
11,GUANAJUATO,17,SANTA CRUZ DE JUVENTINO ROSAS,35,SANTA CRUZ DE JUVENTINO ROSAS,2632,B,50,8,88,8,8,5,19,6,,,316,10,326,730,,,,,,,,,,,,,,,,,,,,,
11,GUANAJUATO,17,SANTA CRUZ DE JUVENTINO ROSAS,35,SANTA CRUZ DE JUVENTINO ROSAS,2632,C01,41,6,84,8,4,9,13,3,,,305,4,309,730,,,,,,,,,,,,,,,,,,,,,
11,GUANAJUATO,17,SANTA CRUZ DE JUVENTINO ROSAS,35,SANTA CRUZ DE JUVENTINO ROSAS,2633,B,99,9,119,4,1,1,7,1,,,312,6,318,692,,,,,,,,,,,,,,,,,,,,,
11,GUANAJUATO,17,SANTA CRUZ DE JUVENTINO ROSAS,35,SANTA CRUZ DE JUVENTINO ROSAS,2633,C01,113,6,130,3,1,1,16,1,,,337,7,344,692,,,,,,,,,,,,,,,,,,,,,
11,GUANAJUATO,17,SANTA CRUZ DE JUVENTINO ROSAS,35,SANTA CRUZ DE JUVENTINO ROSAS,2633,C02,149,12,111,5,2,5,14,2,,,351,0,351,691,,,,,,,,,,,,,,,,,,,,,
11,GUANAJUATO,17,SANTA CRUZ DE JUVENTINO ROSAS,35,SANTA CRUZ DE JUVENTINO ROSAS,2634,B,136,24,62,8,3,2,19,2,,,396,5,401,684,,,,,,,,,,,,,,,,,,,,,
11,GUANAJUATO,17,SANTA CRUZ DE JUVENTINO ROSAS,35,SANTA CRUZ DE JUVENTINO ROSAS,2635,B,68,4,47,8,2,6,6,1,,,187,6,193,512,,,,,,,,,,,,,,,,,,,,,
11,GUANAJUATO,17,SANTA CRUZ DE JUVENTINO ROSAS,35,SANTA CRUZ DE JUVENTINO ROSAS,2635,C01,70,5,38,3,6,3,7,0,,,170,0,170,512,,,,,,,,,,,,,,,,,,,,,
11,GUANAJUATO,17,SANTA CRUZ DE JUVENTINO ROSAS,35,SANTA CRUZ DE JUVENTINO ROSAS,2635,C02,63,3,51,2,2,7,8,0,,,169,4,173,512,,,,,,,,,,,,,,,,,,,,,
11,GUANAJUATO,17,SANTA CRUZ DE JUVENTINO ROSAS,35,SANTA CRUZ DE JUVENTINO ROSAS,2636,B,163,10,74,6,4,15,35,0,,,376,3,379,743,,,,,,,,,,,,,,,,,,,,,
11,GUANAJUATO,17,SANTA CRUZ DE JUVENTINO ROSAS,35,SANTA CRUZ DE JUVENTINO ROSAS,2636,C01,175,2,48,3,2,13,37,0,,,348,5,353,743,,,,,,,,,,,,,,,,,,,,,
11,GUANAJUATO,17,SANTA CRUZ DE JUVENTINO ROSAS,35,SANTA CRUZ DE JUVENTINO ROSAS,2636,C02,159,3,62,1,2,12,28,0,,,361,6,367,743,,,,,,,,,,,,,,,,,,,,,
11,GUANAJUATO,17,SANTA CRUZ DE JUVENTINO ROSAS,35,SANTA CRUZ DE JUVENTINO ROSAS,2636,C03,157,11,49,1,4,15,35,0,,,330,6,336,743,,,,,,,,,,,,,,,,,,,,,
11,GUANAJUATO,17,SANTA CRUZ DE JUVENTINO ROSAS,35,SANTA CRUZ DE JUVENTINO ROSAS,2637,B,118,10,63,3,3,7,35,2,,,305,5,310,691,,,,,,,,,,,,,,,,,,,,,
11,GUANAJUATO,17,SANTA CRUZ DE JUVENTINO ROSAS,35,SANTA CRUZ DE JUVENTINO ROSAS,2637,C01,126,3,65,2,2,8,34,2,,,299,5,304,690,,,,,,,,,,,,,,,,,,,,,
11,GUANAJUATO,17,SANTA CRUZ DE JUVENTINO ROSAS,35,SANTA CRUZ DE JUVENTINO ROSAS,2637,C02,124,6,64,2,4,9,29,0,,,293,7,300,690,,,,,,,,,,,,,,,,,,,,,
11,GUANAJUATO,17,SANTA CRUZ DE JUVENTINO ROSAS,35,SANTA CRUZ DE JUVENTINO ROSAS,2638,B,37,16,79,6,2,5,18,2,,,273,6,279,614,,,,,,,,,,,,,,,,,,,,,
11,GUANAJUATO,17,SANTA CRUZ DE JUVENTINO ROSAS,35,SANTA CRUZ DE JUVENTINO ROSAS,2638,C01,34,13,67,4,5,4,19,0,,,231,10,241,614,,,,,,,,,,,,,,,,,,,,,
11,GUANAJUATO,17,SANTA CRUZ DE JUVENTINO ROSAS,35,SANTA CRUZ DE JUVENTINO ROSAS,2638,C02,30,10,75,6,8,9,23,0,,,250,7,257,614,,,,,,,,,,,,,,,,,,,,,
11,GUANAJUATO,17,SANTA CRUZ DE JUVENTINO ROSAS,35,SANTA CRUZ DE JUVENTINO ROSAS,2638,C03,35,20,88,11,7,10,9,1,,,297,6,303,613,,,,,,,,,,,,,,,,,,,,,
11,GUANAJUATO,17,SANTA CRUZ DE JUVENTINO ROSAS,35,SANTA CRUZ DE JUVENTINO ROSAS,2639,B,170,4,146,6,0,2,17,1,,,423,2,425,728,,,,,,,,,,,,,,,,,,,,,
11,GUANAJUATO,17,SANTA CRUZ DE JUVENTINO ROSAS,35,SANTA CRUZ DE JUVENTINO ROSAS,2639,C01,149,7,164,3,1,1,14,0,,,424,4,428,728,,,,,,,,,,,,,,,,,,,,,
11,GUANAJUATO,17,SANTA CRUZ DE JUVENTINO ROSAS,35,SANTA CRUZ DE JUVENTINO ROSAS,2639,C02,139,6,160,9,3,4,12,0,,,422,6,428,727,,,,,,,,,,,,,,,,,,,,,
11,GUANAJUATO,17,SANTA CRUZ DE JUVENTINO ROSAS,35,SANTA CRUZ DE JUVENTINO ROSAS,2640,B,80,4,77,4,3,12,22,1,0,0,233,5,239,568,,,,,,,,,,,,,,,,,,,,,
11,GUANAJUATO,17,SANTA CRUZ DE JUVENTINO ROSAS,35,SANTA CRUZ DE JUVENTINO ROSAS,2640,C01,71,5,75,3,3,9,30,1,,,238,4,242,568,,,,,,,,,,,,,,,,,,,,,
11,GUANAJUATO,17,SANTA CRUZ DE JUVENTINO ROSAS,35,SANTA CRUZ DE JUVENTINO ROSAS,2640,C02,63,13,83,2,3,5,29,2,,,242,4,246,567,,,,,,,,,,,,,,,,,,,,,
11,GUANAJUATO,17,SANTA CRUZ DE JUVENTINO ROSAS,35,SANTA CRUZ DE JUVENTINO ROSAS,2641,B,65,5,118,5,10,3,15,0,,,260,6,266,554,,,,,,,,,,,,,,,,,,,,,
11,GUANAJUATO,17,SANTA CRUZ DE JUVENTINO ROSAS,35,SANTA CRUZ DE JUVENTINO ROSAS,2641,C01,52,3,153,2,15,3,25,1,,,271,3,274,554,,,,,,,,,,,,,,,,,,,,,
11,GUANAJUATO,17,SANTA CRUZ DE JUVENTINO ROSAS,35,SANTA CRUZ DE JUVENTINO ROSAS,2642,B,52,10,169,4,7,6,12,0,,,285,9,294,688,,,,,,,,,,,,,,,,,,,,,
11,GUANAJUATO,17,SANTA CRUZ DE JUVENTINO ROSAS,35,SANTA CRUZ DE JUVENTINO ROSAS,2642,C01,74,9,171,1,12,5,6,0,,,322,4,327,687,,,,,,,,,,,,,,,,,,,,,
11,GUANAJUATO,17,SANTA CRUZ DE JUVENTINO ROSAS,35,SANTA CRUZ DE JUVENTINO ROSAS,2643,B,96,11,114,6,2,4,22,4,,,335,4,339,640,,,,,,,,,,,,,,,,,,,,,
11,GUANAJUATO,17,SANTA CRUZ DE JUVENTINO ROSAS,35,SANTA CRUZ DE JUVENTINO ROSAS,2643,C01,112,8,82,3,8,3,31,4,,,319,7,326,639,,,,,,,,,,,,,,,,,,,,,
11,GUANAJUATO,17,SANTA CRUZ DE JUVENTINO ROSAS,44,VILLAGRAN,2906,B,44,3,32,27,2,6,75,,63,3,363,10,373,703,,,,,,,,,,,,,,,,,,,,,
11,GUANAJUATO,17,SANTA CRUZ DE JUVENTINO ROSAS,44,VILLAGRAN,2906,C01,34,5,38,20,1,11,75,,48,1,346,5,351,703,,,,,,,,,,,,,,,,,,,,,
11,GUANAJUATO,17,SANTA CRUZ DE JUVENTINO ROSAS,44,VILLAGRAN,2906,C02,65,4,32,18,4,7,84,,40,2,409,5,415,702,,,,,,,,,,,,,,,,,,,,,
11,GUANAJUATO,17,SANTA CRUZ DE JUVENTINO ROSAS,44,VILLAGRAN,2906,C03,48,1,23,23,2,11,104,,43,6,387,5,392,702,,,,,,,,,,,,,,,,,,,,,
11,GUANAJUATO,17,SANTA CRUZ DE JUVENTINO ROSAS,44,VILLAGRAN,2907,B,34,0,33,23,2,7,86,,35,7,314,7,321,658,,,,,,,,,,,,,,,,,,,,,
11,GUANAJUATO,17,SANTA CRUZ DE JUVENTINO ROSAS,44,VILLAGRAN,2907,C01,37,1,48,18,0,6,82,,31,2,311,5,316,658,,,,,,,,,,,,,,,,,,,,,
11,GUANAJUATO,17,SANTA CRUZ DE JUVENTINO ROSAS,44,VILLAGRAN,2907,C02,29,3,38,25,1,4,83,,29,3,306,3,309,658,,,,,,,,,,,,,,,,,,,,,
11,GUANAJUATO,17,SANTA CRUZ DE JUVENTINO ROSAS,44,VILLAGRAN,2907,C03,27,4,28,19,2,11,71,,45,13,305,6,311,658,,,,,,,,,,,,,,,,,,,,,
11,GUANAJUATO,17,SANTA CRUZ DE JUVENTINO ROSAS,44,VILLAGRAN,2907,C04,45,1,43,24,0,6,93,,41,11,367,3,370,657,,,,,,,,,,,,,,,,,,,,,
11,GUANAJUATO,17,SANTA CRUZ DE JUVENTINO ROSAS,44,VILLAGRAN,2908,B,57,2,22,41,3,2,90,,50,10,390,0,390,741,,,,,,,,,,,,,,,,,,,,,
11,GUANAJUATO,17,SANTA CRUZ DE JUVENTINO ROSAS,44,VILLAGRAN,2908,C01,57,2,22,41,3,2,90,,50,10,390,0,390,740,,,,,,,,,,,,,,,,,,,,,
11,GUANAJUATO,17,SANTA CRUZ DE JUVENTINO ROSAS,44,VILLAGRAN,2908,C02,37,1,26,29,1,8,71,,61,11,352,0,352,740,,,,,,,,,,,,,,,,,,,,,
11,GUANAJUATO,17,SANTA CRUZ DE JUVENTINO ROSAS,44,VILLAGRAN,2908,C03,43,3,28,19,2,8,89,,83,8,365,2,369,740,,,,,,,,,,,,,,,,,,,,,
11,GUANAJUATO,17,SANTA CRUZ DE JUVENTINO ROSAS,44,VILLAGRAN,2908,C04,37,2,19,20,0,8,95,,58,5,362,5,367,740,,,,,,,,,,,,,,,,,,,,,
11,GUANAJUATO,17,SANTA CRUZ DE JUVENTINO ROSAS,44,VILLAGRAN,2908,C05,37,4,17,15,3,5,69,,59,6,316,1,317,740,,,,,,,,,,,,,,,,,,,,,
11,GUANAJUATO,17,SANTA CRUZ DE JUVENTINO ROSAS,44,VILLAGRAN,2908,C06,43,2,27,22,3,5,89,,65,12,354,3,357,740,,,,,,,,,,,,,,,,,,,,,
11,GUANAJUATO,17,SANTA CRUZ DE JUVENTINO ROSAS,44,VILLAGRAN,2909,B,41,3,27,26,0,1,95,,54,3,348,7,355,596,,,,,,,,,,,,,,,,,,,,,
11,GUANAJUATO,17,SANTA CRUZ DE JUVENTINO ROSAS,44,VILLAGRAN,2909,C01,39,2,24,26,3,4,69,,62,3,339,5,344,595,,,,,,,,,,,,,,,,,,,,,
11,GUANAJUATO,17,SANTA CRUZ DE JUVENTINO ROSAS,44,VILLAGRAN,2910,B,28,8,46,35,4,11,96,,46,9,401,20,421,665,,,,,,,,,,,,,,,,,,,,,
11,GUANAJUATO,17,SANTA CRUZ DE JUVENTINO ROSAS,44,VILLAGRAN,2910,C01,41,7,19,45,4,2,88,,0,0,348,9,357,664,,,,,,,,,,,,,,,,,,,,,
11,GUANAJUATO,17,SANTA CRUZ DE JUVENTINO ROSAS,44,VILLAGRAN,2911,B,36,4,41,15,5,6,72,,59,3,344,7,351,597,,,,,,,,,,,,,,,,,,,,,
11,GUANAJUATO,17,SANTA CRUZ DE JUVENTINO ROSAS,44,VILLAGRAN,2911,C01,33,3,26,12,6,2,65,,68,3,318,3,321,597,,,,,,,,,,,,,,,,,,,,,
11,GUANAJUATO,17,SANTA CRUZ DE JUVENTINO ROSAS,44,VILLAGRAN,2911,C02,43,1,33,16,3,6,51,,51,6,326,2,328,597,,,,,,,,,,,,,,,,,,,,,
11,GUANAJUATO,17,SANTA CRUZ DE JUVENTINO ROSAS,44,VILLAGRAN,2911,C03,36,2,31,10,1,4,80,,54,3,319,7,326,597,,,,,,,,,,,,,,,,,,,,,
11,GUANAJUATO,17,SANTA CRUZ DE JUVENTINO ROSAS,44,VILLAGRAN,2912,B,45,5,26,12,0,0,70,,56,5,334,3,337,544,,,,,,,,,,,,,,,,,,,,,
11,GUANAJUATO,17,SANTA CRUZ DE JUVENTINO ROSAS,44,VILLAGRAN,2912,C01,43,4,20,21,2,7,69,,46,4,299,7,306,544,,,,,,,,,,,,,,,,,,,,,
11,GUANAJUATO,17,SANTA CRUZ DE JUVENTINO ROSAS,44,VILLAGRAN,2913,B,47,6,43,21,3,6,76,,52,1,365,9,374,574,,,,,,,,,,,,,,,,,,,,,
11,GUANAJUATO,17,SANTA CRUZ DE JUVENTINO ROSAS,44,VILLAGRAN,2913,C01,48,6,31,22,2,4,74,,47,11,355,0,355,573,,,,,,,,,,,,,,,,,,,,,
11,GUANAJUATO,17,SANTA CRUZ DE JUVENTINO ROSAS,44,VILLAGRAN,2914,B,32,0,23,22,4,4,79,,55,3,338,4,342,630,,,,,,,,,,,,,,,,,,,,,
11,GUANAJUATO,17,SANTA CRUZ DE JUVENTINO ROSAS,44,VILLAGRAN,2914,C01,38,1,24,13,7,6,99,,53,2,376,4,380,630,,,,,,,,,,,,,,,,,,,,,
11,GUANAJUATO,17,SANTA CRUZ DE JUVENTINO ROSAS,44,VILLAGRAN,2914,C02,39,2,23,26,2,9,103,,32,8,331,4,335,629,,,,,,,,,,,,,,,,,,,,,
11,GUANAJUATO,17,SANTA CRUZ DE JUVENTINO ROSAS,44,VILLAGRAN,2915,B,72,2,25,15,2,4,46,,36,5,319,5,324,468,,,,,,,,,,,,,,,,,,,,,
11,GUANAJUATO,17,SANTA CRUZ DE JUVENTINO ROSAS,44,VILLAGRAN,2915,C01,61,1,28,17,3,3,35,,40,2,312,9,321,467,,,,,,,,,,,,,,,,,,,,,
11,GUANAJUATO,17,SANTA CRUZ DE JUVENTINO ROSAS,44,VILLAGRAN,2916,B,52,9,56,11,1,3,57,,34,0,299,5,304,428,,,,,,,,,,,,,,,,,,,,,
11,GUANAJUATO,17,SANTA CRUZ DE JUVENTINO ROSAS,44,VILLAGRAN,2916,C01,34,6,49,7,1,6,48,,41,2,281,6,287,427,,,,,,,,,,,,,,,,,,,,,
11,GUANAJUATO,17,SANTA CRUZ DE JUVENTINO ROSAS,44,VILLAGRAN,2917,B,47,7,38,13,5,7,89,,29,4,406,10,416,703,,,,,,,,,,,,,,,,,,,,,
11,GUANAJUATO,17,SANTA CRUZ DE JUVENTINO ROSAS,44,VILLAGRAN,2918,B,24,4,40,12,9,5,59,,43,2,327,6,333,593,,,,,,,,,,,,,,,,,,,,,
11,GUANAJUATO,17,SANTA CRUZ DE JUVENTINO ROSAS,44,VILLAGRAN,2918,C01,35,5,42,13,4,9,53,,36,1,328,5,333,592,,,,,,,,,,,,,,,,,,,,,
11,GUANAJUATO,17,SANTA CRUZ DE JUVENTINO ROSAS,44,VILLAGRAN,2918,C02,43,6,42,12,6,13,59,,34,8,331,5,336,592,,,,,,,,,,,,,,,,,,,,,
11,GUANAJUATO,17,SANTA CRUZ DE JUVENTINO ROSAS,44,VILLAGRAN,2919,B,61,2,23,12,0,5,32,,35,2,255,4,259,420,,,,,,,,,,,,,,,,,,,,,
11,GUANAJUATO,17,SANTA CRUZ DE JUVENTINO ROSAS,44,VILLAGRAN,2919,C01,61,3,34,10,0,6,25,,34,2,268,9,277,420,,,,,,,,,,,,,,,,,,,,,
11,GUANAJUATO,17,SANTA CRUZ DE JUVENTINO ROSAS,44,VILLAGRAN,2919,S01,17,0,18,12,1,9,46,,19,0,173,0,173,0,,,,,,,,,,,,,,,,,,,,,
11,GUANAJUATO,17,SANTA CRUZ DE JUVENTINO ROSAS,44,VILLAGRAN,2920,B,30,2,21,14,4,4,35,,22,2,267,11,278,512,,,,,,,,,,,,,,,,,,,,,
11,GUANAJUATO,17,SANTA CRUZ DE JUVENTINO ROSAS,44,VILLAGRAN,2920,C01,26,2,21,17,4,8,39,,21,8,258,7,265,511,,,,,,,,,,,,,,,,,,,,,
11,GUANAJUATO,17,SANTA CRUZ DE JUVENTINO ROSAS,44,VILLAGRAN,2921,B,18,2,10,1,4,1,38,,48,5,338,7,345,693,,,,,,,,,,,,,,,,,,,,,
11,GUANAJUATO,17,SANTA CRUZ DE JUVENTINO ROSAS,44,VILLAGRAN,2921,C01,18,1,7,4,1,3,43,,45,3,343,5,348,693,,,,,,,,,,,,,,,,,,,,,
11,GUANAJUATO,17,SANTA CRUZ DE JUVENTINO ROSAS,44,VILLAGRAN,2921,C02,16,5,5,3,2,2,70,,62,2,346,6,352,692,,,,,,,,,,,,,,,,,,,,,
11,GUANAJUATO,17,SANTA CRUZ DE JUVENTINO ROSAS,44,VILLAGRAN,2922,B,21,4,32,6,5,5,38,,52,8,362,6,369,748,,,,,,,,,,,,,,,,,,,,,
11,GUANAJUATO,17,SANTA CRUZ DE JUVENTINO ROSAS,44,VILLAGRAN,2922,C01,19,5,6,18,5,7,53,,54,5,343,12,355,748,,,,,,,,,,,,,,,,,,,,,
11,GUANAJUATO,17,SANTA CRUZ DE JUVENTINO ROSAS,44,VILLAGRAN,2923,B,35,6,24,13,0,4,59,,18,6,257,4,261,598,,,,,,,,,,,,,,,,,,,,,
11,GUANAJUATO,17,SANTA CRUZ DE JUVENTINO ROSAS,44,VILLAGRAN,2923,C01,73,4,15,5,6,2,83,,18,8,302,3,305,598,,,,,,,,,,,,,,,,,,,,,
11,GUANAJUATO,17,SANTA CRUZ DE JUVENTINO ROSAS,44,VILLAGRAN,2923,C02,58,4,19,5,4,2,59,,11,7,273,6,279,598,,,,,,,,,,,,,,,,,,,,,
11,GUANAJUATO,17,SANTA CRUZ DE JUVENTINO ROSAS,44,VILLAGRAN,2924,B,13,4,40,6,2,1,28,,25,0,254,16,270,503,,,,,,,,,,,,,,,,,,,,,
11,GUANAJUATO,17,SANTA CRUZ DE JUVENTINO ROSAS,44,VILLAGRAN,2924,C01,22,2,27,7,2,5,25,,44,2,259,18,277,502,,,,,,,,,,,,,,,,,,,,,
11,GUANAJUATO,17,SANTA CRUZ DE JUVENTINO ROSAS,44,VILLAGRAN,2924,C02,18,6,25,10,0,2,21,,43,1,263,4,267,502,,,,,,,,,,,,,,,,,,,,,
11,GUANAJUATO,17,SANTA CRUZ DE JUVENTINO ROSAS,44,VILLAGRAN,2925,B,49,4,24,11,3,4,110,,19,0,300,4,304,594,,,,,,,,,,,,,,,,,,,,,
11,GUANAJUATO,17,SANTA CRUZ DE JUVENTINO ROSAS,44,VILLAGRAN,2925,C01,31,2,39,5,4,4,97,,20,1,303,10,313,594,,,,,,,,,,,,,,,,,,,,,
11,GUANAJUATO,17,SANTA CRUZ DE JUVENTINO ROSAS,44,VILLAGRAN,2925,C02,32,4,26,9,7,2,150,,24,0,357,3,360,594,,,,,,,,,,,,,,,,,,,,,
11,GUANAJUATO,17,SANTA CRUZ DE JUVENTINO ROSAS,44,VILLAGRAN,2926,B,28,2,2,3,2,2,55,,16,6,158,3,161,622,,,,,,,,,,,,,,,,,,,,,
11,GUANAJUATO,17,SANTA CRUZ DE JUVENTINO ROSAS,44,VILLAGRAN,2926,C01,27,3,6,3,1,5,52,,28,5,175,5,180,622,,,,,,,,,,,,,,,,,,,,,
11,GUANAJUATO,17,SANTA CRUZ DE JUVENTINO ROSAS,44,VILLAGRAN,2926,C02,27,2,3,3,1,3,43,,14,1,138,5,143,622,,,,,,,,,,,,,,,,,,,,,
11,GUANAJUATO,17,SANTA CRUZ DE JUVENTINO ROSAS,44,VILLAGRAN,2926,C03,20,2,6,6,1,2,57,,18,6,187,1,188,621,,,,,,,,,,,,,,,,,,,,,
11,GUANAJUATO,17,SANTA CRUZ DE JUVENTINO ROSAS,44,VILLAGRAN,2927,B,47,0,17,7,5,4,124,,34,11,367,0,367,689,,,,,,,,,,,,,,,,,,,,,
11,GUANAJUATO,17,SANTA CRUZ DE JUVENTINO ROSAS,44,VILLAGRAN,2927,C01,69,0,22,4,4,3,156,,21,5,394,5,399,689,,,,,,,,,,,,,,,,,,,,,
11,GUANAJUATO,17,SANTA CRUZ DE JUVENTINO ROSAS,44,VILLAGRAN,2927,C02,49,0,27,8,5,4,150,,32,12,387,0,387,688,,,,,,,,,,,,,,,,,,,,,
11,GUANAJUATO,17,SANTA CRUZ DE JUVENTINO ROSAS,44,VILLAGRAN,2928,B,25,2,14,13,1,2,101,0,44,1,264,5,269,517,,,,,,,,,,,,,,,,,,,,,
11,GUANAJUATO,17,SANTA CRUZ DE JUVENTINO ROSAS,44,VILLAGRAN,2928,C01,41,1,18,10,3,3,96,,42,2,264,4,268,517,,,,,,,,,,,,,,,,,,,,,
11,GUANAJUATO,17,SANTA CRUZ DE JUVENTINO ROSAS,44,VILLAGRAN,2929,B,50,1,14,13,17,11,149,,23,17,407,3,410,741,,,,,,,,,,,,,,,,,,,,,
11,GUANAJUATO,17,SANTA CRUZ DE JUVENTINO ROSAS,44,VILLAGRAN,2929,C01,61,4,15,10,13,3,129,,45,12,384,4,388,741,,,,,,,,,,,,,,,,,,,,,
11,GUANAJUATO,17,SANTA CRUZ DE JUVENTINO ROSAS,44,VILLAGRAN,2929,C02,74,2,43,14,17,5,134,,43,10,424,2,426,741,,,,,,,,,,,,,,,,,,,,,
11,GUANAJUATO,17,SANTA CRUZ DE JUVENTINO ROSAS,44,VILLAGRAN,2929,C03,50,6,21,14,12,6,115,,53,16,388,9,397,740,,,,,,,,,,,,,,,,,,,,,
11,GUANAJUATO,17,SANTA CRUZ DE JUVENTINO ROSAS,44,VILLAGRAN,2930,B,36,3,18,8,1,4,98,,75,2,299,9,308,582,,,,,,,,,,,,,,,,,,,,,
11,GUANAJUATO,17,SANTA CRUZ DE JUVENTINO ROSAS,44,VILLAGRAN,2930,C01,48,3,14,10,1,4,98,,67,5,296,5,301,582,,,,,,,,,,,,,,,,,,,,,
11,GUANAJUATO,17,SANTA CRUZ DE JUVENTINO ROSAS,44,VILLAGRAN,2931,B,15,3,12,3,5,3,74,,50,3,271,6,277,490,,,,,,,,,,,,,,,,,,,,,
11,GUANAJUATO,17,SANTA CRUZ DE JUVENTINO ROSAS,44,VILLAGRAN,2931,C01,22,11,12,2,1,0,64,,48,2,235,4,239,490,,,,,,,,,,,,,,,,,,,,,
11,GUANAJUATO,17,SANTA CRUZ DE JUVENTINO ROSAS,44,VILLAGRAN,2932,B,44,6,17,5,1,14,120,,50,2,328,9,337,696,,,,,,,,,,,,,,,,,,,,,
11,GUANAJUATO,17,SANTA CRUZ DE JUVENTINO ROSAS,44,VILLAGRAN,2932,C01,57,6,24,11,1,4,114,,40,5,327,5,332,696,,,,,,,,,,,,,,,,,,,,,
11,GUANAJUATO,17,SANTA CRUZ DE JUVENTINO ROSAS,44,VILLAGRAN,2933,B,35,3,18,9,1,6,57,,28,3,292,10,302,644,,,,,,,,,,,,,,,,,,,,,
11,GUANAJUATO,17,SANTA CRUZ DE JUVENTINO ROSAS,44,VILLAGRAN,2933,C01,19,6,21,13,2,3,55,,37,6,300,4,304,643,,,,,,,,,,,,,,,,,,,,,
11,GUANAJUATO,18,PENJAMO,1,ABASOLO,1,B,72,84,1,16,4,9,14,1,48,52,304,2,306,527,,,,,,,,,,,,,,,,,,,,,
11,GUANAJUATO,18,PENJAMO,1,ABASOLO,1,C01,57,85,0,2,5,16,12,1,61,51,293,3,296,527,,,,,,,,,,,,,,,,,,,,,
11,GUANAJUATO,18,PENJAMO,1,ABASOLO,1,C02,58,73,1,1,3,7,25,0,42,52,264,8,273,526,,,,,,,,,,,,,,,,,,,,,
11,GUANAJUATO,18,PENJAMO,1,ABASOLO,2,B,121,100,1,9,6,23,11,1,100,23,397,6,403,680,,,,,,,,,,,,,,,,,,,,,
11,GUANAJUATO,18,PENJAMO,1,ABASOLO,2,C01,90,85,1,6,2,13,29,0,106,31,364,2,366,680,,,,,,,,,,,,,,,,,,,,,
11,GUANAJUATO,18,PENJAMO,1,ABASOLO,2,C02,76,92,2,14,7,19,19,0,125,21,376,5,381,680,,,,,,,,,,,,,,,,,,,,,
11,GUANAJUATO,18,PENJAMO,1,ABASOLO,3,B,53,72,2,12,5,13,17,1,81,20,277,3,280,519,,,,,,,,,,,,,,,,,,,,,
11,GUANAJUATO,18,PENJAMO,1,ABASOLO,3,C01,79,65,0,11,3,13,16,3,71,21,284,5,289,519,,,,,,,,,,,,,,,,,,,,,
11,GUANAJUATO,18,PENJAMO,1,ABASOLO,3,C02,55,93,0,8,5,10,12,1,77,15,280,6,286,519,,,,,,,,,,,,,,,,,,,,,
11,GUANAJUATO,18,PENJAMO,1,ABASOLO,4,B,66,92,0,13,4,14,15,0,68,18,299,2,301,479,,,,,,,,,,,,,,,,,,,,,
11,GUANAJUATO,18,PENJAMO,1,ABASOLO,4,C01,78,94,0,13,6,10,8,0,59,18,288,5,293,479,,,,,,,,,,,,,,,,,,,,,
11,GUANAJUATO,18,PENJAMO,1,ABASOLO,5,B,62,74,1,10,6,13,12,3,46,54,287,9,296,534,,,,,,,,,,,,,,,,,,,,,
11,GUANAJUATO,18,PENJAMO,1,ABASOLO,5,C01,50,63,2,15,1,8,19,0,65,46,272,5,277,533,,,,,,,,,,,,,,,,,,,,,
11,GUANAJUATO,18,PENJAMO,1,ABASOLO,6,B,83,90,4,14,3,5,25,2,79,49,355,4,359,745,,,,,,,,,,,,,,,,,,,,,
11,GUANAJUATO,18,PENJAMO,1,ABASOLO,6,C01,68,97,1,12,2,12,19,0,80,55,346,8,354,744,,,,,,,,,,,,,,,,,,,,,
11,GUANAJUATO,18,PENJAMO,1,ABASOLO,6,C02,62,89,0,12,5,12,18,4,60,61,328,6,334,744,,,,,,,,,,,,,,,,,,,,,
11,GUANAJUATO,18,PENJAMO,1,ABASOLO,6,C03,64,111,0,12,1,7,13,1,79,53,343,7,350,744,,,,,,,,,,,,,,,,,,,,,
11,GUANAJUATO,18,PENJAMO,1,ABASOLO,7,B,66,84,1,5,8,10,24,4,110,38,354,3,357,673,,,,,,,,,,,,,,,,,,,,,
11,GUANAJUATO,18,PENJAMO,1,ABASOLO,7,C01,50,85,2,14,9,18,34,3,100,39,359,6,365,672,,,,,,,,,,,,,,,,,,,,,
11,GUANAJUATO,18,PENJAMO,1,ABASOLO,8,B,69,113,1,12,8,24,23,1,123,34,416,11,427,693,,,,,,,,,,,,,,,,,,,,,
11,GUANAJUATO,18,PENJAMO,1,ABASOLO,8,C01,86,111,1,9,13,14,26,1,96,27,390,3,393,692,,,,,,,,,,,,,,,,,,,,,
11,GUANAJUATO,18,PENJAMO,1,ABASOLO,9,B,74,106,0,6,3,11,26,0,82,36,348,5,353,592,,,,,,,,,,,,,,,,,,,,,
11,GUANAJUATO,18,PENJAMO,1,ABASOLO,9,C01,79,86,1,7,2,13,17,3,89,38,339,3,342,592,,,,,,,,,,,,,,,,,,,,,
11,GUANAJUATO,18,PENJAMO,1,ABASOLO,9,C02,92,95,2,5,3,11,20,0,85,28,343,6,349,591,,,,,,,,,,,,,,,,,,,,,
11,GUANAJUATO,18,PENJAMO,1,ABASOLO,9,C03,54,110,0,9,3,10,16,2,71,29,305,5,310,591,,,,,,,,,,,,,,,,,,,,,
11,GUANAJUATO,18,PENJAMO,1,ABASOLO,10,B,65,69,5,20,9,9,24,4,84,34,331,4,335,617,,,,,,,,,,,,,,,,,,,,,
11,GUANAJUATO,18,PENJAMO,1,ABASOLO,10,C01,69,69,0,20,4,10,32,1,82,19,316,12,328,617,,,,,,,,,,,,,,,,,,,,,
11,GUANAJUATO,18,PENJAMO,1,ABASOLO,10,C02,38,104,3,10,8,13,28,2,107,29,348,2,350,616,,,,,,,,,,,,,,,,,,,,,
11,GUANAJUATO,18,PENJAMO,1,ABASOLO,11,B,61,111,0,12,4,19,24,1,103,62,400,7,407,720,,,,,,,,,,,,,,,,,,,,,
11,GUANAJUATO,18,PENJAMO,1,ABASOLO,11,C01,69,101,2,5,7,27,15,0,100,50,382,3,385,720,,,,,,,,,,,,,,,,,,,,,
11,GUANAJUATO,18,PENJAMO,1,ABASOLO,11,C02,62,112,1,19,9,17,9,0,89,52,372,6,379,720,,,,,,,,,,,,,,,,,,,,,
11,GUANAJUATO,18,PENJAMO,1,ABASOLO,11,C03,60,104,1,6,8,10,29,1,88,52,361,6,367,720,,,,,,,,,,,,,,,,,,,,,
11,GUANAJUATO,18,PENJAMO,1,ABASOLO,11,C04,74,90,0,14,6,30,20,1,95,40,372,6,378,719,,,,,,,,,,,,,,,,,,,,,
11,GUANAJUATO,18,PENJAMO,1,ABASOLO,12,B,35,107,1,9,2,4,41,2,17,5,226,4,230,687,,,,,,,,,,,,,,,,,,,,,
11,GUANAJUATO,18,PENJAMO,1,ABASOLO,12,C01,38,123,0,11,4,1,23,0,26,2,232,6,238,687,,,,,,,,,,,,,,,,,,,,,
11,GUANAJUATO,18,PENJAMO,1,ABASOLO,13,B,40,39,2,2,2,0,54,3,16,4,162,3,165,380,,,,,,,,,,,,,,,,,,,,,
11,GUANAJUATO,18,PENJAMO,1,ABASOLO,13,C01,30,51,1,6,4,1,56,2,34,6,195,2,197,379,,,,,,,,,,,,,,,,,,,,,
11,GUANAJUATO,18,PENJAMO,1,ABASOLO,14,B,31,28,1,6,4,2,23,1,40,2,143,4,147,319,,,,,,,,,,,,,,,,,,,,,
11,GUANAJUATO,18,PENJAMO,1,ABASOLO,15,B,66,37,0,8,1,0,42,0,21,3,182,5,187,700,,,,,,,,,,,,,,,,,,,,,
11,GUANAJUATO,18,PENJAMO,1,ABASOLO,16,B,50,73,0,7,3,1,108,2,40,2,288,10,298,623,,,,,,,,,,,,,,,,,,,,,
11,GUANAJUATO,18,PENJAMO,1,ABASOLO,16,C01,70,59,4,2,0,1,77,2,30,3,251,10,261,623,,,,,,,,,,,,,,,,,,,,,
11,GUANAJUATO,18,PENJAMO,1,ABASOLO,16,C02,53,69,1,1,5,1,96,7,25,7,269,7,276,623,,,,,,,,,,,,,,,,,,,,,
11,GUANAJUATO,18,PENJAMO,1,ABASOLO,17,B,83,70,7,1,3,2,155,3,22,8,359,13,372,695,,,,,,,,,,,,,,,,,,,,,
11,GUANAJUATO,18,PENJAMO,1,ABASOLO,17,C01,63,68,4,6,9,0,166,5,14,6,348,7,355,694,,,,,,,,,,,,,,,,,,,,,
11,GUANAJUATO,18,PENJAMO,1,ABASOLO,18,B,26,44,0,3,2,0,57,2,37,3,178,5,183,428,,,,,,,,,,,,,,,,,,,,,
11,GUANAJUATO,18,PENJAMO,1,ABASOLO,18,C01,28,41,4,3,2,2,46,3,22,2,154,5,159,428,,,,,,,,,,,,,,,,,,,,,
11,GUANAJUATO,18,PENJAMO,1,ABASOLO,19,B,23,38,1,2,5,0,80,3,39,3,194,9,203,569,,,,,,,,,,,,,,,,,,,,,
11,GUANAJUATO,18,PENJAMO,1,ABASOLO,19,C01,29,42,5,1,5,0,91,5,24,7,211,5,216,568,,,,,,,,,,,,,,,,,,,,,
11,GUANAJUATO,18,PENJAMO,1,ABASOLO,20,B,43,68,0,4,12,0,72,5,22,0,230,6,236,668,,,,,,,,,,,,,,,,,,,,,
11,GUANAJUATO,18,PENJAMO,1,ABASOLO,20,C01,33,58,1,0,13,1,76,8,32,3,230,5,235,668,,,,,,,,,,,,,,,,,,,,,
11,GUANAJUATO,18,PENJAMO,1,ABASOLO,20,C02,33,71,1,2,17,2,100,9,24,3,263,7,270,667,,,,,,,,,,,,,,,,,,,,,
11,GUANAJUATO,18,PENJAMO,1,ABASOLO,21,B,26,61,2,6,4,3,32,2,83,10,232,7,239,630,,,,,,,,,,,,,,,,,,,,,
11,GUANAJUATO,18,PENJAMO,1,ABASOLO,21,C01,30,50,1,4,3,5,21,6,79,8,207,12,219,630,,,,,,,,,,,,,,,,,,,,,
11,GUANAJUATO,18,PENJAMO,1,ABASOLO,21,C02,27,84,1,2,2,2,30,2,55,1,208,7,215,630,,,,,,,,,,,,,,,,,,,,,
11,GUANAJUATO,18,PENJAMO,1,ABASOLO,22,B,41,46,0,3,3,1,43,3,76,10,228,3,231,625,,,,,,,,,,,,,,,,,,,,,
11,GUANAJUATO,18,PENJAMO,1,ABASOLO,22,C01,34,25,4,2,5,2,55,2,48,10,189,4,193,625,,,,,,,,,,,,,,,,,,,,,
11,GUANAJUATO,18,PENJAMO,1,ABASOLO,22,E01,53,40,0,3,7,1,34,1,93,13,245,2,247,534,,,,,,,,,,,,,,,,,,,,,
11,GUANAJUATO,18,PENJAMO,1,ABASOLO,22,E01C01,62,43,2,0,3,3,36,3,41,16,209,6,215,533,,,,,,,,,,,,,,,,,,,,,
11,GUANAJUATO,18,PENJAMO,1,ABASOLO,23,B,89,49,1,2,2,2,23,1,83,3,255,6,261,522,,,,,,,,,,,,,,,,,,,,,
11,GUANAJUATO,18,PENJAMO,1,ABASOLO,24,B,49,82,1,3,5,9,28,2,122,6,311,9,320,616,,,,,,,,,,,,,,,,,,,,,
11,GUANAJUATO,18,PENJAMO,1,ABASOLO,24,C01,40,88,2,6,3,9,27,2,128,13,318,11,329,615,,,,,,,,,,,,,,,,,,,,,
11,GUANAJUATO,18,PENJAMO,1,ABASOLO,24,C02,56,71,1,6,5,5,30,2,125,13,316,9,325,615,,,,,,,,,,,,,,,,,,,,,
11,GUANAJUATO,18,PENJAMO,1,ABASOLO,25,B,58,90,1,10,1,1,28,4,63,6,265,8,273,513,,,,,,,,,,,,,,,,,,,,,
11,GUANAJUATO,18,PENJAMO,1,ABASOLO,25,C01,38,87,0,13,4,8,25,1,69,8,256,12,268,513,,,,,,,,,,,,,,,,,,,,,
11,GUANAJUATO,18,PENJAMO,1,ABASOLO,26,B,32,35,1,11,42,7,26,1,58,5,218,4,222,561,,,,,,,,,,,,,,,,,,,,,
11,GUANAJUATO,18,PENJAMO,1,ABASOLO,26,C01,41,34,0,9,61,3,22,3,70,3,246,8,254,561,,,,,,,,,,,,,,,,,,,,,
11,GUANAJUATO,18,PENJAMO,1,ABASOLO,26,C02,27,56,0,9,37,3,31,1,97,8,271,3,274,561,,,,,,,,,,,,,,,,,,,,,
11,GUANAJUATO,18,PENJAMO,1,ABASOLO,27,B,62,84,1,9,4,9,33,0,59,9,273,4,277,533,,,,,,,,,,,,,,,,,,,,,
11,GUANAJUATO,18,PENJAMO,1,ABASOLO,27,C01,53,102,2,5,1,10,35,0,52,6,268,6,274,533,,,,,,,,,,,,,,,,,,,,,
11,GUANAJUATO,18,PENJAMO,1,ABASOLO,27,C02,60,88,1,7,3,5,30,1,54,6,256,7,263,533,,,,,,,,,,,,,,,,,,,,,
11,GUANAJUATO,18,PENJAMO,1,ABASOLO,28,B,94,38,0,2,20,3,24,0,53,8,242,7,249,428,,,,,,,,,,,,,,,,,,,,,
11,GUANAJUATO,18,PENJAMO,1,ABASOLO,29,B,57,18,3,33,1,4,25,2,52,55,251,9,260,507,,,,,,,,,,,,,,,,,,,,,
11,GUANAJUATO,18,PENJAMO,1,ABASOLO,29,C01,58,33,0,22,3,7,16,3,63,29,235,7,242,506,,,,,,,,,,,,,,,,,,,,,
11,GUANAJUATO,18,PENJAMO,1,ABASOLO,30,B,38,44,3,31,4,3,38,1,9,7,181,6,187,400,,,,,,,,,,,,,,,,,,,,,
11,GUANAJUATO,18,PENJAMO,1,ABASOLO,30,C01,39,67,1,12,4,1,28,2,11,5,170,3,173,400,,,,,,,,,,,,,,,,,,,,,
11,GUANAJUATO,18,PENJAMO,1,ABASOLO,31,B,129,45,0,18,9,0,4,2,47,10,264,3,267,564,,,,,,,,,,,,,,,,,,,,,
11,GUANAJUATO,18,PENJAMO,1,ABASOLO,31,C01,139,42,1,6,15,1,11,0,49,13,277,4,281,563,,,,,,,,,,,,,,,,,,,,,
11,GUANAJUATO,18,PENJAMO,1,ABASOLO,31,C02,114,36,1,17,12,1,5,3,54,13,256,3,259,563,,,,,,,,,,,,,,,,,,,,,
11,GUANAJUATO,18,PENJAMO,1,ABASOLO,32,B,106,106,3,12,7,3,29,1,59,22,349,7,356,688,,,,,,,,,,,,,,,,,,,,,
11,GUANAJUATO,18,PENJAMO,1,ABASOLO,32,C01,97,78,0,19,7,1,53,1,63,24,344,2,346,687,,,,,,,,,,,,,,,,,,,,,
11,GUANAJUATO,18,PENJAMO,1,ABASOLO,33,B,61,49,0,11,4,13,9,2,54,23,227,4,231,419,,,,,,,,,,,,,,,,,,,,,
11,GUANAJUATO,18,PENJAMO,1,ABASOLO,33,C01,73,46,3,15,5,10,12,1,58,11,235,6,241,419,,,,,,,,,,,,,,,,,,,,,
11,GUANAJUATO,18,PENJAMO,1,ABASOLO,34,B,34,37,0,11,1,2,30,1,34,2,153,7,160,582,,,,,,,,,,,,,,,,,,,,,
11,GUANAJUATO,18,PENJAMO,1,ABASOLO,34,C01,30,37,2,23,0,3,25,0,56,1,180,4,184,582,,,,,,,,,,,,,,,,,,,,,
11,GUANAJUATO,18,PENJAMO,1,ABASOLO,34,C02,23,49,0,17,3,4,34,3,33,6,174,4,178,581,,,,,,,,,,,,,,,,,,,,,
11,GUANAJUATO,18,PENJAMO,1,ABASOLO,35,B,59,54,0,2,1,2,18,2,69,9,218,6,224,539,,,,,,,,,,,,,,,,,,,,,
11,GUANAJUATO,18,PENJAMO,1,ABASOLO,35,C01,52,63,0,7,0,3,9,2,60,5,202,4,206,539,,,,,,,,,,,,,,,,,,,,,
11,GUANAJUATO,18,PENJAMO,1,ABASOLO,36,B,55,62,1,9,6,9,25,3,61,7,248,14,262,471,,,,,,,,,,,,,,,,,,,,,
11,GUANAJUATO,18,PENJAMO,1,ABASOLO,36,C01,45,44,0,13,4,5,21,1,71,8,222,4,226,471,,,,,,,,,,,,,,,,,,,,,
11,GUANAJUATO,18,PENJAMO,1,ABASOLO,37,B,70,77,1,42,1,4,30,1,11,3,241,3,244,567,,,,,,,,,,,,,,,,,,,,,
11,GUANAJUATO,18,PENJAMO,1,ABASOLO,37,C01,92,43,0,37,1,1,27,1,22,5,232,13,245,566,,,,,,,,,,,,,,,,,,,,,
11,GUANAJUATO,18,PENJAMO,1,ABASOLO,38,B,72,68,1,15,3,5,40,5,83,13,305,4,309,622,,,,,,,,,,,,,,,,,,,,,
11,GUANAJUATO,18,PENJAMO,1,ABASOLO,38,C01,94,56,0,8,4,13,17,6,100,24,326,3,329,622,,,,,,,,,,,,,,,,,,,,,
11,GUANAJUATO,18,PENJAMO,1,ABASOLO,38,C02,71,92,0,16,4,18,20,1,67,22,319,1,320,622,,,,,,,,,,,,,,,,,,,,,
11,GUANAJUATO,18,PENJAMO,1,ABASOLO,38,C03,77,62,0,10,4,8,33,2,82,18,300,5,305,622,,,,,,,,,,,,,,,,,,,,,
11,GUANAJUATO,18,PENJAMO,1,ABASOLO,39,B,62,77,1,11,5,15,54,0,71,27,325,3,328,656,,,,,,,,,,,,,,,,,,,,,
11,GUANAJUATO,18,PENJAMO,1,ABASOLO,39,C01,72,71,1,16,5,12,43,2,68,33,326,4,330,656,,,,,,,,,,,,,,,,,,,,,
11,GUANAJUATO,18,PENJAMO,1,ABASOLO,39,C02,62,51,0,10,1,3,63,4,94,26,316,4,320,656,,,,,,,,,,,,,,,,,,,,,
11,GUANAJUATO,18,PENJAMO,1,ABASOLO,40,B,36,70,1,167,0,3,46,0,33,1,361,7,368,704,,,,,,,,,,,,,,,,,,,,,
11,GUANAJUATO,18,PENJAMO,1,ABASOLO,40,C01,26,73,1,172,0,3,28,1,39,3,351,7,358,703,,,,,,,,,,,,,,,,,,,,,
11,GUANAJUATO,18,PENJAMO,1,ABASOLO,41,B,101,75,0,35,1,8,64,0,16,5,309,9,318,638,,,,,,,,,,,,,,,,,,,,,
11,GUANAJUATO,18,PENJAMO,1,ABASOLO,41,C01,94,69,0,29,1,6,75,4,21,1,300,8,308,637,,,,,,,,,,,,,,,,,,,,,
11,GUANAJUATO,18,PENJAMO,1,ABASOLO,42,B,59,58,1,18,2,4,35,2,13,46,239,7,246,682,,,,,,,,,,,,,,,,,,,,,
11,GUANAJUATO,18,PENJAMO,1,ABASOLO,42,C01,75,43,0,12,1,2,33,0,12,19,198,11,209,681,,,,,,,,,,,,,,,,,,,,,
11,GUANAJUATO,18,PENJAMO,1,ABASOLO,43,B,31,74,3,24,3,4,24,1,70,6,241,2,243,480,,,,,,,,,,,,,,,,,,,,,
11,GUANAJUATO,18,PENJAMO,1,ABASOLO,44,B,58,68,0,6,4,6,38,2,34,6,223,5,228,444,,,,,,,,,,,,,,,,,,,,,
11,GUANAJUATO,18,PENJAMO,1,ABASOLO,44,C01,49,57,0,7,6,7,21,0,25,2,175,9,184,444,,,,,,,,,,,,,,,,,,,,,
11,GUANAJUATO,18,PENJAMO,1,ABASOLO,45,B,39,18,0,20,2,6,50,1,23,3,162,3,165,384,,,,,,,,,,,,,,,,,,,,,
11,GUANAJUATO,18,PENJAMO,1,ABASOLO,46,B,82,53,1,4,6,3,36,2,28,4,221,4,225,503,,,,,,,,,,,,,,,,,,,,,
11,GUANAJUATO,18,PENJAMO,1,ABASOLO,46,E01,68,70,0,3,1,6,30,2,22,2,204,7,211,431,,,,,,,,,,,,,,,,,,,,,
11,GUANAJUATO,18,PENJAMO,1,ABASOLO,47,B,131,79,2,2,5,3,55,1,52,5,341,9,350,731,,,,,,,,,,,,,,,,,,,,,
11,GUANAJUATO,18,PENJAMO,1,ABASOLO,47,C01,146,37,1,5,4,9,36,0,29,2,271,7,278,731,,,,,,,,,,,,,,,,,,,,,
11,GUANAJUATO,18,PENJAMO,1,ABASOLO,48,B,41,138,1,2,2,1,9,2,34,1,231,6,237,489,,,,,,,,,,,,,,,,,,,,,
11,GUANAJUATO,18,PENJAMO,1,ABASOLO,48,E01,98,27,1,3,4,1,38,1,16,7,198,3,201,496,,,,,,,,,,,,,,,,,,,,,
11,GUANAJUATO,18,PENJAMO,1,ABASOLO,49,B,101,70,1,6,1,7,44,4,42,9,285,6,291,586,,,,,,,,,,,,,,,,,,,,,
11,GUANAJUATO,18,PENJAMO,1,ABASOLO,50,B,59,52,0,1,7,1,147,2,20,2,293,5,298,624,,,,,,,,,,,,,,,,,,,,,
11,GUANAJUATO,18,PENJAMO,1,ABASOLO,50,C01,71,41,3,0,3,1,143,1,15,7,289,9,298,624,,,,,,,,,,,,,,,,,,,,,
11,GUANAJUATO,18,PENJAMO,1,ABASOLO,50,C02,92,48,1,0,1,1,120,1,27,0,294,5,299,624,,,,,,,,,,,,,,,,,,,,,
11,GUANAJUATO,18,PENJAMO,16,HUANIMARO,916,B,110,0,1,169,,8,62,,6,,357,8,365,706,,,,,,,,,,,,,,,,,,,,,
11,GUANAJUATO,18,PENJAMO,16,HUANIMARO,916,C01,121,1,0,214,,4,58,,7,,407,4,411,706,,,,,,,,,,,,,,,,,,,,,
11,GUANAJUATO,18,PENJAMO,16,HUANIMARO,917,B,87,0,2,133,,4,89,,5,,321,5,326,579,,,,,,,,,,,,,,,,,,,,,
11,GUANAJUATO,18,PENJAMO,16,HUANIMARO,917,C01,103,2,3,101,,3,94,,12,,322,3,325,579,,,,,,,,,,,,,,,,,,,,,
11,GUANAJUATO,18,PENJAMO,16,HUANIMARO,917,C02,72,1,1,147,,10,100,,9,,341,5,346,578,,,,,,,,,,,,,,,,,,,,,
11,GUANAJUATO,18,PENJAMO,16,HUANIMARO,918,B,138,0,1,179,,2,92,,13,,426,3,429,742,,,,,,,,,,,,,,,,,,,,,
11,GUANAJUATO,18,PENJAMO,16,HUANIMARO,918,C01,159,3,0,157,,9,105,,13,,448,4,452,742,,,,,,,,,,,,,,,,,,,,,
11,GUANAJUATO,18,PENJAMO,16,HUANIMARO,919,B,64,4,2,105,,6,47,,62,,293,1,294,513,,,,,,,,,,,,,,,,,,,,,
11,GUANAJUATO,18,PENJAMO,16,HUANIMARO,919,C01,42,2,2,90,,2,50,,29,,221,5,226,512,,,,,,,,,,,,,,,,,,,,,
11,GUANAJUATO,18,PENJAMO,16,HUANIMARO,919,C02,52,5,1,87,,4,54,,56,,267,6,273,512,,,,,,,,,,,,,,,,,,,,,
11,GUANAJUATO,18,PENJAMO,16,HUANIMARO,920,B,60,1,1,103,,3,58,,16,,242,2,244,469,,,,,,,,,,,,,,,,,,,,,
11,GUANAJUATO,18,PENJAMO,16,HUANIMARO,921,B,107,1,1,43,,7,72,,49,,284,5,289,466,,,,,,,,,,,,,,,,,,,,,
11,GUANAJUATO,18,PENJAMO,16,HUANIMARO,921,C01,87,1,1,62,,6,92,,42,,291,7,298,466,,,,,,,,,,,,,,,,,,,,,
11,GUANAJUATO,18,PENJAMO,16,HUANIMARO,922,B,69,1,3,73,,2,108,,60,,317,3,320,576,,,,,,,,,,,,,,,,,,,,,
11,GUANAJUATO,18,PENJAMO,16,HUANIMARO,922,C01,63,1,1,64,,11,119,,35,,295,7,302,576,,,,,,,,,,,,,,,,,,,,,
11,GUANAJUATO,18,PENJAMO,16,HUANIMARO,922,C02,46,1,0,68,,4,135,,53,,311,5,316,575,,,,,,,,,,,,,,,,,,,,,
11,GUANAJUATO,18,PENJAMO,16,HUANIMARO,923,B,111,4,2,84,,14,154,,51,,428,5,433,746,,,,,,,,,,,,,,,,,,,,,
11,GUANAJUATO,18,PENJAMO,16,HUANIMARO,923,C01,129,1,1,71,,10,131,,50,,405,10,415,746,,,,,,,,,,,,,,,,,,,,,
11,GUANAJUATO,18,PENJAMO,16,HUANIMARO,923,C02,98,0,3,74,,13,187,,49,,451,8,459,745,,,,,,,,,,,,,,,,,,,,,
11,GUANAJUATO,18,PENJAMO,16,HUANIMARO,924,B,79,16,1,71,,13,54,,42,,279,2,281,448,,,,,,,,,,,,,,,,,,,,,
11,GUANAJUATO,18,PENJAMO,16,HUANIMARO,924,C01,65,9,0,68,,30,48,,26,,256,6,262,447,,,,,,,,,,,,,,,,,,,,,
11,GUANAJUATO,18,PENJAMO,16,HUANIMARO,925,B,61,3,2,55,,7,70,,136,,336,8,344,651,,,,,,,,,,,,,,,,,,,,,
11,GUANAJUATO,18,PENJAMO,16,HUANIMARO,925,C01,82,0,2,60,,11,62,,132,,351,10,361,650,,,,,,,,,,,,,,,,,,,,,
11,GUANAJUATO,18,PENJAMO,16,HUANIMARO,926,B,103,1,1,57,,5,46,,22,,242,8,250,481,,,,,,,,,,,,,,,,,,,,,
11,GUANAJUATO,18,PENJAMO,16,HUANIMARO,927,B,100,1,0,112,,40,91,,11,,359,6,365,642,,,,,,,,,,,,,,,,,,,,,
11,GUANAJUATO,18,PENJAMO,16,HUANIMARO,927,C01,74,1,1,118,,28,114,,13,,353,2,355,642,,,,,,,,,,,,,,,,,,,,,
11,GUANAJUATO,18,PENJAMO,16,HUANIMARO,928,B,19,1,1,71,,9,167,,13,,283,6,289,520,,,,,,,,,,,,,,,,,,,,,
11,GUANAJUATO,18,PENJAMO,16,HUANIMARO,928,C01,24,1,0,82,,12,129,,8,,259,7,266,520,,,,,,,,,,,,,,,,,,,,,
11,GUANAJUATO,18,PENJAMO,16,HUANIMARO,928,E01,47,8,0,96,,7,104,,15,,278,8,286,520,,,,,,,,,,,,,,,,,,,,,
11,GUANAJUATO,18,PENJAMO,23,PENJAMO,1912,B,44,14,3,30,3,1,67,,,0,173,1,174,729,,,,,,,,,,,,,,,,,,,,,
11,GUANAJUATO,18,PENJAMO,23,PENJAMO,1912,C01,40,14,3,30,3,3,64,,,4,164,5,169,729,,,,,,,,,,,,,,,,,,,,,
11,GUANAJUATO,18,PENJAMO,23,PENJAMO,1912,C02,44,12,2,47,2,6,61,,,1,188,9,197,728,,,,,,,,,,,,,,,,,,,,,
11,GUANAJUATO,18,PENJAMO,23,PENJAMO,1912,C03,58,23,3,33,6,3,73,,,0,204,6,210,728,,,,,,,,,,,,,,,,,,,,,
11,GUANAJUATO,18,PENJAMO,23,PENJAMO,1913,B,77,44,3,38,7,3,85,,,1,270,7,277,725,,,,,,,,,,,,,,,,,,,,,
11,GUANAJUATO,18,PENJAMO,23,PENJAMO,1913,C01,85,22,1,33,2,4,68,,,0,215,7,222,725,,,,,,,,,,,,,,,,,,,,,
11,GUANAJUATO,18,PENJAMO,23,PENJAMO,1913,C02,79,26,2,40,4,7,72,,,0,241,3,244,724,,,,,,,,,,,,,,,,,,,,,
11,GUANAJUATO,18,PENJAMO,23,PENJAMO,1914,B,50,11,4,17,0,5,31,,,0,123,4,127,391,,,,,,,,,,,,,,,,,,,,,
11,GUANAJUATO,18,PENJAMO,23,PENJAMO,1914,C01,47,13,1,21,2,2,40,,,1,129,7,136,391,,,,,,,,,,,,,,,,,,,,,
11,GUANAJUATO,18,PENJAMO,23,PENJAMO,1915,B,82,24,3,28,3,5,98,,,1,262,6,268,654,,,,,,,,,,,,,,,,,,,,,
11,GUANAJUATO,18,PENJAMO,23,PENJAMO,1915,C01,88,19,2,24,3,10,89,,,1,254,11,265,654,,,,,,,,,,,,,,,,,,,,,
11,GUANAJUATO,18,PENJAMO,23,PENJAMO,1916,B,95,26,3,12,6,7,99,,,1,271,12,283,699,,,,,,,,,,,,,,,,,,,,,
11,GUANAJUATO,18,PENJAMO,23,PENJAMO,1916,C01,72,24,1,21,3,3,90,,,1,237,9,246,698,,,,,,,,,,,,,,,,,,,,,
11,GUANAJUATO,18,PENJAMO,23,PENJAMO,1916,C02,84,24,4,30,8,5,78,,,0,252,2,254,698,,,,,,,,,,,,,,,,,,,,,
11,GUANAJUATO,18,PENJAMO,23,PENJAMO,1917,B,52,23,1,17,4,3,99,,,2,216,2,218,540,,,,,,,,,,,,,,,,,,,,,
11,GUANAJUATO,18,PENJAMO,23,PENJAMO,1917,C01,79,28,2,13,3,4,73,,,1,213,3,216,540,,,,,,,,,,,,,,,,,,,,,
11,GUANAJUATO,18,PENJAMO,23,PENJAMO,1917,C02,71,29,0,10,3,2,68,,,2,194,5,199,540,,,,,,,,,,,,,,,,,,,,,
11,GUANAJUATO,18,PENJAMO,23,PENJAMO,1918,B,75,21,1,6,7,2,74,,,0,211,7,218,425,,,,,,,,,,,,,,,,,,,,,
11,GUANAJUATO,18,PENJAMO,23,PENJAMO,1918,C01,72,22,1,11,12,4,81,,,1,230,9,239,425,,,,,,,,,,,,,,,,,,,,,
11,GUANAJUATO,18,PENJAMO,23,PENJAMO,1919,B,120,65,1,40,6,2,74,,,0,319,10,329,676,,,,,,,,,,,,,,,,,,,,,
11,GUANAJUATO,18,PENJAMO,23,PENJAMO,1920,B,51,15,1,21,5,6,63,,,1,174,11,185,548,,,,,,,,,,,,,,,,,,,,,
11,GUANAJUATO,18,PENJAMO,23,PENJAMO,1920,C01,51,21,1,16,2,3,16,0,0,0,113,7,120,548,,,,,,,,,,,,,,,,,,,,,
11,GUANAJUATO,18,PENJAMO,23,PENJAMO,1921,B,53,21,3,20,2,2,46,,,0,152,4,156,399,,,,,,,,,,,,,,,,,,,,,
11,GUANAJUATO,18,PENJAMO,23,PENJAMO,1921,C01,63,15,2,17,1,3,48,,,2,162,3,166,398,,,,,,,,,,,,,,,,,,,,,
11,GUANAJUATO,18,PENJAMO,23,PENJAMO,1922,B,60,23,0,31,2,8,66,,,3,226,5,232,520,,,,,,,,,,,,,,,,,,,,,
11,GUANAJUATO,18,PENJAMO,23,PENJAMO,1922,C01,77,29,0,28,3,4,62,,,0,216,6,222,520,,,,,,,,,,,,,,,,,,,,,
11,GUANAJUATO,18,PENJAMO,23,PENJAMO,1923,B,48,7,1,48,3,1,42,,,1,153,0,153,534,,,,,,,,,,,,,,,,,,,,,
11,GUANAJUATO,18,PENJAMO,23,PENJAMO,1923,C01,42,10,2,37,3,0,39,,,0,138,9,147,534,,,,,,,,,,,,,,,,,,,,,
11,GUANAJUATO,18,PENJAMO,23,PENJAMO,1923,C02,35,14,2,24,1,0,47,,,0,128,9,137,533,,,,,,,,,,,,,,,,,,,,,
11,GUANAJUATO,18,PENJAMO,23,PENJAMO,1924,B,83,22,2,15,0,7,79,,,0,224,4,228,523,,,,,,,,,,,,,,,,,,,,,
11,GUANAJUATO,18,PENJAMO,23,PENJAMO,1924,C01,84,27,0,26,3,5,74,,,2,245,5,250,523,,,,,,,,,,,,,,,,,,,,,
11,GUANAJUATO,18,PENJAMO,23,PENJAMO,1925,B,126,61,0,28,2,6,75,,,1,310,3,313,584,,,,,,,,,,,,,,,,,,,,,
11,GUANAJUATO,18,PENJAMO,23,PENJAMO,1926,B,115,35,1,25,0,11,78,,,3,280,11,291,526,,,,,,,,,,,,,,,,,,,,,
11,GUANAJUATO,18,PENJAMO,23,PENJAMO,1926,C01,140,32,2,22,3,9,57,,,0,275,6,281,526,,,,,,,,,,,,,,,,,,,,,
11,GUANAJUATO,18,PENJAMO,23,PENJAMO,1927,B,90,44,4,28,2,7,146,,,0,359,8,368,725,,,,,,,,,,,,,,,,,,,,,
11,GUANAJUATO,18,PENJAMO,23,PENJAMO,1927,C01,120,26,2,23,7,11,161,,,2,379,9,388,725,,,,,,,,,,,,,,,,,,,,,
11,GUANAJUATO,18,PENJAMO,23,PENJAMO,1927,S01,28,7,0,10,2,1,30,,,0,84,0,84,0,,,,,,,,,,,,,,,,,,,,,
11,GUANAJUATO,18,PENJAMO,23,PENJAMO,1927,C02,93,36,0,25,3,11,130,,,0,346,6,352,725,,,,,,,,,,,,,,,,,,,,,
11,GUANAJUATO,18,PENJAMO,23,PENJAMO,1927,C03,98,40,7,20,3,14,127,,,0,356,12,368,724,,,,,,,,,,,,,,,,,,,,,
11,GUANAJUATO,18,PENJAMO,23,PENJAMO,1928,B,80,37,2,18,2,9,74,,,2,245,6,251,625,,,,,,,,,,,,,,,,,,,,,
11,GUANAJUATO,18,PENJAMO,23,PENJAMO,1928,C01,62,24,0,15,5,13,93,,,1,236,6,242,625,,,,,,,,,,,,,,,,,,,,,
11,GUANAJUATO,18,PENJAMO,23,PENJAMO,1929,B,105,35,6,43,3,6,118,,,1,340,7,350,730,,,,,,,,,,,,,,,,,,,,,
11,GUANAJUATO,18,PENJAMO,23,PENJAMO,1929,C01,116,37,5,23,1,4,107,,,1,328,12,340,729,,,,,,,,,,,,,,,,,,,,,
11,GUANAJUATO,18,PENJAMO,23,PENJAMO,1930,B,82,45,7,18,5,12,129,,,1,329,13,342,681,,,,,,,,,,,,,,,,,,,,,
11,GUANAJUATO,18,PENJAMO,23,PENJAMO,1930,C01,113,43,5,24,3,7,98,,,3,322,6,329,680,,,,,,,,,,,,,,,,,,,,,
11,GUANAJUATO,18,PENJAMO,23,PENJAMO,1931,B,67,25,2,37,5,6,115,,,2,298,9,307,739,,,,,,,,,,,,,,,,,,,,,
11,GUANAJUATO,18,PENJAMO,23,PENJAMO,1931,C01,84,30,0,30,2,1,108,,,5,295,14,309,739,,,,,,,,,,,,,,,,,,,,,
11,GUANAJUATO,18,PENJAMO,23,PENJAMO,1931,C02,84,38,6,34,1,6,88,,,6,289,4,293,738,,,,,,,,,,,,,,,,,,,,,
11,GUANAJUATO,18,PENJAMO,23,PENJAMO,1931,C03,51,24,0,39,5,2,115,,,0,279,10,289,738,,,,,,,,,,,,,,,,,,,,,
11,GUANAJUATO,18,PENJAMO,23,PENJAMO,1931,C04,62,24,2,42,6,10,97,,,1,276,8,284,738,,,,,,,,,,,,,,,,,,,,,
11,GUANAJUATO,18,PENJAMO,23,PENJAMO,1932,B,80,60,0,14,0,5,68,,,2,249,7,256,648,,,,,,,,,,,,,,,,,,,,,
11,GUANAJUATO,18,PENJAMO,23,PENJAMO,1932,C01,75,34,1,20,0,5,93,,,0,256,7,263,648,,,,,,,,,,,,,,,,,,,,,
11,GUANAJUATO,18,PENJAMO,23,PENJAMO,1932,C02,93,46,7,19,2,5,88,,,0,285,3,288,648,,,,,,,,,,,,,,,,,,,,,
11,GUANAJUATO,18,PENJAMO,23,PENJAMO,1932,C03,79,23,1,26,4,4,106,,,1,259,7,266,647,,,,,,,,,,,,,,,,,,,,,
11,GUANAJUATO,18,PENJAMO,23,PENJAMO,1933,B,53,44,2,1,3,0,8,,,1,114,8,122,290,,,,,,,,,,,,,,,,,,,,,
11,GUANAJUATO,18,PENJAMO,23,PENJAMO,1934,B,51,11,0,22,1,0,24,,,2,113,7,120,217,,,,,,,,,,,,,,,,,,,,,
11,GUANAJUATO,18,PENJAMO,23,PENJAMO,1935,B,44,10,0,53,0,0,13,,,0,122,3,125,289,,,,,,,,,,,,,,,,,,,,,
11,GUANAJUATO,18,PENJAMO,23,PENJAMO,1936,B,29,5,0,2,1,1,6,,,0,44,3,47,180,,,,,,,,,,,,,,,,,,,,,
11,GUANAJUATO,18,PENJAMO,23,PENJAMO,1937,B,12,14,0,3,2,1,3,,,0,35,0,35,124,,,,,,,,,,,,,,,,,,,,,
11,GUANAJUATO,18,PENJAMO,23,PENJAMO,1938,B,27,8,0,1,0,0,5,,,0,42,0,42,110,,,,,,,,,,,,,,,,,,,,,
11,GUANAJUATO,18,PENJAMO,23,PENJAMO,1939,B,88,6,0,3,2,0,14,,,3,119,2,121,359,,,,,,,,,,,,,,,,,,,,,
11,GUANAJUATO,18,PENJAMO,23,PENJAMO,1940,B,93,8,5,9,5,6,42,,,0,178,3,181,638,,,,,,,,,,,,,,,,,,,,,
11,GUANAJUATO,18,PENJAMO,23,PENJAMO,1940,C01,79,3,0,14,4,5,56,,,0,164,9,173,637,,,,,,,,,,,,,,,,,,,,,
11,GUANAJUATO,18,PENJAMO,23,PENJAMO,1941,B,107,10,1,25,1,0,30,,,2,178,2,180,418,,,,,,,,,,,,,,,,,,,,,
11,GUANAJUATO,18,PENJAMO,23,PENJAMO,1942,B,86,16,2,30,5,1,31,,,0,175,3,178,431,,,,,,,,,,,,,,,,,,,,,
11,GUANAJUATO,18,PENJAMO,23,PENJAMO,1942,C01,75,12,3,23,2,1,15,,,1,134,4,138,430,,,,,,,,,,,,,,,,,,,,,
11,GUANAJUATO,18,PENJAMO,23,PENJAMO,1943,B,61,44,2,14,1,4,74,,,2,210,5,215,569,,,,,,,,,,,,,,,,,,,,,
11,GUANAJUATO,18,PENJAMO,23,PENJAMO,1943,C01,57,51,1,20,1,6,55,,,1,201,8,209,569,,,,,,,,,,,,,,,,,,,,,
11,GUANAJUATO,18,PENJAMO,23,PENJAMO,1944,B,56,32,1,26,2,3,33,,,1,156,1,157,654,,,,,,,,,,,,,,,,,,,,,
11,GUANAJUATO,18,PENJAMO,23,PENJAMO,1944,C01,66,39,2,23,3,2,26,,,0,163,6,169,653,,,,,,,,,,,,,,,,,,,,,
11,GUANAJUATO,18,PENJAMO,23,PENJAMO,1945,B,49,4,2,5,1,0,50,,,1,114,0,114,458,,,,,,,,,,,,,,,,,,,,,
11,GUANAJUATO,18,PENJAMO,23,PENJAMO,1945,C01,67,8,0,6,2,0,25,,,3,111,5,116,457,,,,,,,,,,,,,,,,,,,,,
11,GUANAJUATO,18,PENJAMO,23,PENJAMO,1946,B,65,5,1,3,0,1,19,,,0,95,5,100,361,,,,,,,,,,,,,,,,,,,,,
11,GUANAJUATO,18,PENJAMO,23,PENJAMO,1947,B,79,14,1,9,1,1,29,,,0,136,3,139,554,,,,,,,,,,,,,,,,,,,,,
11,GUANAJUATO,18,PENJAMO,23,PENJAMO,1947,C01,76,8,0,4,1,1,22,,,2,115,0,115,553,,,,,,,,,,,,,,,,,,,,,
11,GUANAJUATO,18,PENJAMO,23,PENJAMO,1947,C02,74,8,3,4,3,1,33,,,0,131,4,135,553,,,,,,,,,,,,,,,,,,,,,
11,GUANAJUATO,18,PENJAMO,23,PENJAMO,1948,B,122,25,2,18,1,6,69,,,0,256,19,275,687,,,,,,,,,,,,,,,,,,,,,
11,GUANAJUATO,18,PENJAMO,23,PENJAMO,1948,C01,95,52,1,27,2,6,79,,,1,263,9,272,686,,,,,,,,,,,,,,,,,,,,,
11,GUANAJUATO,18,PENJAMO,23,PENJAMO,1949,B,62,21,1,17,1,1,37,,,0,143,2,145,470,,,,,,,,,,,,,,,,,,,,,
11,GUANAJUATO,18,PENJAMO,23,PENJAMO,1949,C01,58,8,2,22,2,1,32,,,0,129,10,139,470,,,,,,,,,,,,,,,,,,,,,
11,GUANAJUATO,18,PENJAMO,23,PENJAMO,1950,B,106,18,0,7,2,3,18,,,0,158,4,162,434,,,,,,,,,,,,,,,,,,,,,
11,GUANAJUATO,18,PENJAMO,23,PENJAMO,1951,B,58,6,0,1,1,1,20,,,1,89,3,92,231,,,,,,,,,,,,,,,,,,,,,
11,GUANAJUATO,18,PENJAMO,23,PENJAMO,1952,B,87,18,2,16,3,2,30,,,0,160,5,165,439,,,,,,,,,,,,,,,,,,,,,
11,GUANAJUATO,18,PENJAMO,23,PENJAMO,1952,C01,101,12,2,6,2,2,32,,,0,160,8,168,438,,,,,,,,,,,,,,,,,,,,,
11,GUANAJUATO,18,PENJAMO,23,PENJAMO,1953,B,99,29,5,7,4,1,38,,,1,185,5,190,635,,,,,,,,,,,,,,,,,,,,,
11,GUANAJUATO,18,PENJAMO,23,PENJAMO,1954,B,78,7,1,45,3,6,15,,,0,177,5,182,516,,,,,,,,,,,,,,,,,,,,,
11,GUANAJUATO,18,PENJAMO,23,PENJAMO,1954,C01,111,9,0,27,3,0,13,,,1,179,4,183,516,,,,,,,,,,,,,,,,,,,,,
11,GUANAJUATO,18,PENJAMO,23,PENJAMO,1955,B,75,23,0,17,1,6,44,,,0,174,5,179,446,,,,,,,,,,,,,,,,,,,,,
11,GUANAJUATO,18,PENJAMO,23,PENJAMO,1955,C01,74,24,1,13,0,4,47,,,1,177,4,181,445,,,,,,,,,,,,,,,,,,,,,
11,GUANAJUATO,18,PENJAMO,23,PENJAMO,1956,B,49,80,4,59,2,1,41,,,0,256,3,259,668,,,,,,,,,,,,,,,,,,,,,
11,GUANAJUATO,18,PENJAMO,23,PENJAMO,1956,C01,77,55,7,48,3,1,48,,,0,257,4,261,668,,,,,,,,,,,,,,,,,,,,,
11,GUANAJUATO,18,PENJAMO,23,PENJAMO,1957,B,93,4,4,55,1,0,13,,,0,182,6,188,557,,,,,,,,,,,,,,,,,,,,,
11,GUANAJUATO,18,PENJAMO,23,PENJAMO,1957,C01,125,6,6,48,1,1,10,,,0,206,3,209,557,,,,,,,,,,,,,,,,,,,,,
11,GUANAJUATO,18,PENJAMO,23,PENJAMO,1958,B,61,12,2,29,0,3,9,,,0,124,2,126,497,,,,,,,,,,,,,,,,,,,,,
11,GUANAJUATO,18,PENJAMO,23,PENJAMO,1959,B,46,4,7,6,2,2,42,,,0,110,5,115,484,,,,,,,,,,,,,,,,,,,,,
11,GUANAJUATO,18,PENJAMO,23,PENJAMO,1959,C01,45,10,4,2,5,0,44,,,0,111,4,115,483,,,,,,,,,,,,,,,,,,,,,
11,GUANAJUATO,18,PENJAMO,23,PENJAMO,1960,B,67,69,4,18,0,0,64,,,0,232,2,234,641,,,,,,,,,,,,,,,,,,,,,
11,GUANAJUATO,18,PENJAMO,23,PENJAMO,1960,C01,67,62,4,11,2,2,53,,,0,214,5,219,640,,,,,,,,,,,,,,,,,,,,,
11,GUANAJUATO,18,PENJAMO,23,PENJAMO,1961,B,116,37,8,24,3,3,63,,,2,264,4,268,744,,,,,,,,,,,,,,,,,,,,,
11,GUANAJUATO,18,PENJAMO,23,PENJAMO,1962,B,94,5,7,21,2,4,67,,,1,209,12,221,656,,,,,,,,,,,,,,,,,,,,,
11,GUANAJUATO,18,PENJAMO,23,PENJAMO,1962,C01,91,11,2,10,5,5,59,,,0,190,9,199,655,,,,,,,,,,,,,,,,,,,,,
11,GUANAJUATO,18,PENJAMO,23,PENJAMO,1963,B,82,5,2,17,2,2,73,,,0,189,4,193,550,,,,,,,,,,,,,,,,,,,,,
11,GUANAJUATO,18,PENJAMO,23,PENJAMO,1963,C01,72,5,1,13,5,1,88,,,2,199,8,207,549,,,,,,,,,,,,,,,,,,,,,
11,GUANAJUATO,18,PENJAMO,23,PENJAMO,1963,C02,72,12,2,9,5,1,61,,,0,162,4,166,549,,,,,,,,,,,,,,,,,,,,,
11,GUANAJUATO,18,PENJAMO,23,PENJAMO,1964,B,94,40,0,18,3,8,62,,,1,235,5,240,595,,,,,,,,,,,,,,,,,,,,,
11,GUANAJUATO,18,PENJAMO,23,PENJAMO,1964,C01,109,27,2,16,1,11,75,,,0,247,8,255,594,,,,,,,,,,,,,,,,,,,,,
11,GUANAJUATO,18,PENJAMO,23,PENJAMO,1965,B,53,34,1,15,3,1,34,,,0,143,9,152,442,,,,,,,,,,,,,,,,,,,,,
11,GUANAJUATO,18,PENJAMO,23,PENJAMO,1965,C01,59,27,4,8,2,3,38,,,2,144,5,149,442,,,,,,,,,,,,,,,,,,,,,
11,GUANAJUATO,18,PENJAMO,23,PENJAMO,1966,B,26,10,1,27,2,2,24,,,0,103,2,105,579,,,,,,,,,,,,,,,,,,,,,
11,GUANAJUATO,18,PENJAMO,23,PENJAMO,1966,C01,32,7,1,34,1,0,24,,,0,104,2,106,578,,,,,,,,,,,,,,,,,,,,,
11,GUANAJUATO,18,PENJAMO,23,PENJAMO,1967,B,69,9,1,6,23,3,18,,,1,135,5,140,505,,,,,,,,,,,,,,,,,,,,,
11,GUANAJUATO,18,PENJAMO,23,PENJAMO,1967,C01,75,6,1,5,0,3,24,,,0,120,1,121,504,,,,,,,,,,,,,,,,,,,,,
11,GUANAJUATO,18,PENJAMO,23,PENJAMO,1967,C02,61,8,3,12,2,5,32,,,0,124,7,132,504,,,,,,,,,,,,,,,,,,,,,
11,GUANAJUATO,18,PENJAMO,23,PENJAMO,1968,B,64,21,1,29,5,3,53,,,2,185,5,190,604,,,,,,,,,,,,,,,,,,,,,
11,GUANAJUATO,18,PENJAMO,23,PENJAMO,1968,C01,80,16,2,54,0,2,60,,,0,228,4,232,604,,,,,,,,,,,,,,,,,,,,,
11,GUANAJUATO,18,PENJAMO,23,PENJAMO,1968,C02,63,11,2,35,0,5,44,,,1,178,3,181,603,,,,,,,,,,,,,,,,,,,,,
11,GUANAJUATO,18,PENJAMO,23,PENJAMO,1969,B,92,14,1,31,5,1,78,,,2,232,4,236,672,,,,,,,,,,,,,,,,,,,,,
11,GUANAJUATO,18,PENJAMO,23,PENJAMO,1969,C01,92,27,0,33,2,0,50,,,0,212,5,217,672,,,,,,,,,,,,,,,,,,,,,
11,GUANAJUATO,18,PENJAMO,23,PENJAMO,1969,C02,112,19,2,36,3,0,60,,,2,243,8,251,672,,,,,,,,,,,,,,,,,,,,,
11,GUANAJUATO,18,PENJAMO,23,PENJAMO,1970,B,62,19,11,46,1,4,85,,,0,236,5,241,615,,,,,,,,,,,,,,,,,,,,,
11,GUANAJUATO,18,PENJAMO,23,PENJAMO,1970,C01,89,20,19,39,2,4,73,,,0,254,5,259,614,,,,,,,,,,,,,,,,,,,,,
11,GUANAJUATO,18,PENJAMO,23,PENJAMO,1971,B,67,18,5,22,2,2,39,,,1,161,6,167,670,,,,,,,,,,,,,,,,,,,,,
11,GUANAJUATO,18,PENJAMO,23,PENJAMO,1971,C01,86,9,0,15,0,1,29,,,1,143,6,149,670,,,,,,,,,,,,,,,,,,,,,
11,GUANAJUATO,18,PENJAMO,23,PENJAMO,1972,B,89,19,1,16,0,2,33,,,1,170,4,174,446,,,,,,,,,,,,,,,,,,,,,
11,GUANAJUATO,18,PENJAMO,23,PENJAMO,1972,C01,116,39,2,20,2,2,38,,,1,224,1,225,446,,,,,,,,,,,,,,,,,,,,,
11,GUANAJUATO,18,PENJAMO,23,PENJAMO,1973,B,65,25,2,20,5,6,74,,,2,204,12,216,643,,,,,,,,,,,,,,,,,,,,,
11,GUANAJUATO,18,PENJAMO,23,PENJAMO,1973,C01,69,16,2,9,6,4,59,,,0,169,2,171,642,,,,,,,,,,,,,,,,,,,,,
11,GUANAJUATO,18,PENJAMO,23,PENJAMO,1974,B,84,29,1,21,2,8,68,,,0,219,2,221,694,,,,,,,,,,,,,,,,,,,,,
11,GUANAJUATO,18,PENJAMO,23,PENJAMO,1974,C01,93,21,2,8,3,3,72,,,1,207,4,211,693,,,,,,,,,,,,,,,,,,,,,
11,GUANAJUATO,18,PENJAMO,23,PENJAMO,1974,C02,107,10,3,5,0,0,40,,,0,168,6,174,693,,,,,,,,,,,,,,,,,,,,,
11,GUANAJUATO,18,PENJAMO,23,PENJAMO,1974,C03,92,19,1,20,0,4,44,,,0,183,2,185,693,,,,,,,,,,,,,,,,,,,,,
11,GUANAJUATO,18,PENJAMO,23,PENJAMO,1975,B,108,13,1,59,3,1,43,,,1,232,3,235,672,,,,,,,,,,,,,,,,,,,,,
11,GUANAJUATO,18,PENJAMO,23,PENJAMO,1975,C01,99,16,1,23,1,0,39,,,0,180,9,189,672,,,,,,,,,,,,,,,,,,,,,
11,GUANAJUATO,18,PENJAMO,23,PENJAMO,1976,B,83,36,1,20,4,1,77,,,0,233,5,238,688,,,,,,,,,,,,,,,,,,,,,
11,GUANAJUATO,18,PENJAMO,23,PENJAMO,1976,C01,102,15,2,35,0,0,70,,,0,238,5,243,688,,,,,,,,,,,,,,,,,,,,,
11,GUANAJUATO,18,PENJAMO,23,PENJAMO,1976,C02,92,26,0,42,0,4,91,,,0,269,3,272,687,,,,,,,,,,,,,,,,,,,,,
11,GUANAJUATO,18,PENJAMO,23,PENJAMO,1977,B,73,48,5,21,0,1,29,,,0,180,6,186,640,,,,,,,,,,,,,,,,,,,,,
11,GUANAJUATO,18,PENJAMO,23,PENJAMO,1977,C01,77,45,2,38,0,3,49,,,0,218,0,218,640,,,,,,,,,,,,,,,,,,,,,
11,GUANAJUATO,18,PENJAMO,23,PENJAMO,1978,B,89,27,0,6,0,5,30,,,1,170,5,175,352,,,,,,,,,,,,,,,,,,,,,
11,GUANAJUATO,18,PENJAMO,23,PENJAMO,1979,B,63,36,0,10,3,2,54,,,3,178,4,182,528,,,,,,,,,,,,,,,,,,,,,
11,GUANAJUATO,18,PENJAMO,23,PENJAMO,1979,C01,57,27,0,3,1,9,63,,,2,165,5,170,527,,,,,,,,,,,,,,,,,,,,,
11,GUANAJUATO,18,PENJAMO,23,PENJAMO,1980,B,84,33,2,26,1,4,67,0,0,2,226,21,247,675,,,,,,,,,,,,,,,,,,,,,
11,GUANAJUATO,18,PENJAMO,23,PENJAMO,1981,B,59,36,0,49,2,3,103,,,0,261,3,264,532,,,,,,,,,,,,,,,,,,,,,
11,GUANAJUATO,18,PENJAMO,23,PENJAMO,1981,C01,42,13,78,78,1,3,111,,,0,347,2,349,531,,,,,,,,,,,,,,,,,,,,,
11,GUANAJUATO,18,PENJAMO,23,PENJAMO,1982,B,70,5,5,14,2,5,59,,,0,163,4,167,612,,,,,,,,,,,,,,,,,,,,,
11,GUANAJUATO,18,PENJAMO,23,PENJAMO,1982,C01,76,7,0,19,3,8,57,,,0,174,6,180,612,,,,,,,,,,,,,,,,,,,,,
11,GUANAJUATO,18,PENJAMO,23,PENJAMO,1982,C02,69,4,2,7,0,7,44,,,0,138,2,140,612,,,,,,,,,,,,,,,,,,,,,
11,GUANAJUATO,18,PENJAMO,23,PENJAMO,1982,C03,83,6,3,13,0,3,48,,,0,159,4,163,612,,,,,,,,,,,,,,,,,,,,,
11,GUANAJUATO,18,PENJAMO,23,PENJAMO,1983,B,55,38,3,11,3,2,67,,,4,184,7,191,513,,,,,,,,,,,,,,,,,,,,,
11,GUANAJUATO,18,PENJAMO,23,PENJAMO,1983,C01,54,26,1,11,0,2,79,,,0,178,4,182,512,,,,,,,,,,,,,,,,,,,,,
11,GUANAJUATO,18,PENJAMO,23,PENJAMO,1984,B,63,15,1,36,3,0,34,,,0,153,5,158,546,,,,,,,,,,,,,,,,,,,,,
11,GUANAJUATO,18,PENJAMO,23,PENJAMO,1984,C01,64,19,1,16,1,4,22,,,0,129,2,131,546,,,,,,,,,,,,,,,,,,,,,
11,GUANAJUATO,18,PENJAMO,23,PENJAMO,1985,B,42,8,1,11,1,1,85,,,7,170,6,176,480,,,,,,,,,,,,,,,,,,,,,
11,GUANAJUATO,18,PENJAMO,23,PENJAMO,1985,C01,34,7,0,22,0,0,80,,,2,152,3,155,479,,,,,,,,,,,,,,,,,,,,,
11,GUANAJUATO,18,PENJAMO,23,PENJAMO,1986,B,149,18,1,15,2,3,52,,,1,248,3,251,749,,,,,,,,,,,,,,,,,,,,,
11,GUANAJUATO,18,PENJAMO,23,PENJAMO,1986,C01,149,16,0,17,0,8,57,,,0,255,6,261,748,,,,,,,,,,,,,,,,,,,,,
11,GUANAJUATO,18,PENJAMO,23,PENJAMO,1987,B,52,18,0,56,3,0,74,,,2,216,6,222,546,,,,,,,,,,,,,,,,,,,,,
11,GUANAJUATO,18,PENJAMO,23,PENJAMO,1987,C01,49,21,2,49,3,3,111,,,0,256,12,269,546,,,,,,,,,,,,,,,,,,,,,
11,GUANAJUATO,18,PENJAMO,23,PENJAMO,1987,C02,62,26,1,49,0,4,79,,,2,239,5,244,546,,,,,,,,,,,,,,,,,,,,,
11,GUANAJUATO,18,PENJAMO,23,PENJAMO,1988,B,79,12,2,20,3,4,70,,,0,193,6,199,587,,,,,,,,,,,,,,,,,,,,,
11,GUANAJUATO,18,PENJAMO,23,PENJAMO,1988,C01,60,30,2,22,3,6,66,,,1,191,3,194,587,,,,,,,,,,,,,,,,,,,,,
11,GUANAJUATO,18,PENJAMO,23,PENJAMO,1988,C02,71,6,3,25,1,10,89,,,1,213,3,216,587,,,,,,,,,,,,,,,,,,,,,
11,GUANAJUATO,18,PENJAMO,23,PENJAMO,1989,B,55,17,1,34,4,4,33,,,0,149,2,151,463,,,,,,,,,,,,,,,,,,,,,
11,GUANAJUATO,18,PENJAMO,23,PENJAMO,1989,C01,57,10,0,32,3,5,57,,,0,168,0,168,463,,,,,,,,,,,,,,,,,,,,,
11,GUANAJUATO,18,PENJAMO,23,PENJAMO,1990,B,68,7,4,33,3,4,80,,,4,208,4,212,683,,,,,,,,,,,,,,,,,,,,,
11,GUANAJUATO,18,PENJAMO,23,PENJAMO,1990,C01,77,10,0,20,1,4,87,,,0,199,7,206,683,,,,,,,,,,,,,,,,,,,,,
11,GUANAJUATO,18,PENJAMO,23,PENJAMO,1991,B,114,8,2,12,4,4,66,,,0,218,10,228,606,,,,,,,,,,,,,,,,,,,,,
11,GUANAJUATO,18,PENJAMO,23,PENJAMO,1991,C01,91,12,2,12,1,4,54,,,1,185,5,190,605,,,,,,,,,,,,,,,,,,,,,
11,GUANAJUATO,18,PENJAMO,23,PENJAMO,1992,B,107,28,1,19,1,4,86,,,1,250,11,261,744,,,,,,,,,,,,,,,,,,,,,
11,GUANAJUATO,18,PENJAMO,23,PENJAMO,1993,B,84,17,2,11,4,7,72,,,2,208,4,213,602,,,,,,,,,,,,,,,,,,,,,
11,GUANAJUATO,18,PENJAMO,23,PENJAMO,1993,C01,105,20,2,11,1,4,65,,,2,223,11,234,602,,,,,,,,,,,,,,,,,,,,,
11,GUANAJUATO,18,PENJAMO,23,PENJAMO,1994,B,62,20,3,14,3,1,55,,,0,159,5,164,463,,,,,,,,,,,,,,,,,,,,,
11,GUANAJUATO,18,PENJAMO,23,PENJAMO,1994,C01,70,12,1,6,1,6,50,,,1,151,1,152,462,,,,,,,,,,,,,,,,,,,,,
11,GUANAJUATO,18,PENJAMO,23,PENJAMO,1995,B,28,13,0,4,2,0,61,,,2,111,2,113,413,,,,,,,,,,,,,,,,,,,,,
11,GUANAJUATO,18,PENJAMO,23,PENJAMO,1995,C01,43,16,2,9,1,6,57,,,0,138,4,142,413,,,,,,,,,,,,,,,,,,,,,
11,GUANAJUATO,18,PENJAMO,23,PENJAMO,1996,B,62,4,3,7,3,4,77,,,1,168,3,171,709,,,,,,,,,,,,,,,,,,,,,
11,GUANAJUATO,18,PENJAMO,23,PENJAMO,1996,C01,47,8,3,14,2,2,83,,,2,163,8,171,709,,,,,,,,,,,,,,,,,,,,,
11,GUANAJUATO,18,PENJAMO,23,PENJAMO,1997,B,86,1,3,37,1,0,47,,,1,182,8,190,394,,,,,,,,,,,,,,,,,,,,,
11,GUANAJUATO,18,PENJAMO,23,PENJAMO,1997,C01,56,5,0,50,0,1,47,,,1,165,5,170,394,,,,,,,,,,,,,,,,,,,,,
11,GUANAJUATO,18,PENJAMO,23,PENJAMO,1998,B,45,14,3,145,5,6,41,,,1,263,7,270,642,,,,,,,,,,,,,,,,,,,,,
11,GUANAJUATO,18,PENJAMO,23,PENJAMO,1998,C01,32,12,2,148,0,3,40,,,0,239,9,248,642,,,,,,,,,,,,,,,,,,,,,
11,GUANAJUATO,18,PENJAMO,23,PENJAMO,1999,B,114,24,2,35,2,3,33,,,1,218,3,221,725,,,,,,,,,,,,,,,,,,,,,
11,GUANAJUATO,18,PENJAMO,23,PENJAMO,2000,B,52,24,3,11,3,7,74,,,1,177,1,178,449,,,,,,,,,,,,,,,,,,,,,
11,GUANAJUATO,18,PENJAMO,23,PENJAMO,2001,B,56,13,2,30,3,0,78,,,0,185,7,192,485,,,,,,,,,,,,,,,,,,,,,
11,GUANAJUATO,18,PENJAMO,23,PENJAMO,2001,C01,49,7,1,22,4,3,65,,,0,157,1,158,485,,,,,,,,,,,,,,,,,,,,,
11,GUANAJUATO,18,PENJAMO,23,PENJAMO,2002,B,85,33,1,48,1,2,43,,,1,216,1,217,558,,,,,,,,,,,,,,,,,,,,,
11,GUANAJUATO,18,PENJAMO,23,PENJAMO,2002,C01,67,39,0,41,0,2,43,,,0,198,4,202,557,,,,,,,,,,,,,,,,,,,,,
11,GUANAJUATO,18,PENJAMO,23,PENJAMO,2003,B,71,25,0,40,1,1,21,,,0,161,6,167,611,,,,,,,,,,,,,,,,,,,,,
11,GUANAJUATO,18,PENJAMO,23,PENJAMO,2003,C01,71,26,2,21,0,2,30,,,2,157,6,163,610,,,,,,,,,,,,,,,,,,,,,
11,GUANAJUATO,18,PENJAMO,23,PENJAMO,2004,B,81,16,5,40,1,1,62,,,0,206,7,214,667,,,,,,,,,,,,,,,,,,,,,
11,GUANAJUATO,18,PENJAMO,23,PENJAMO,2005,B,80,4,3,25,2,2,46,,,0,166,4,170,680,,,,,,,,,,,,,,,,,,,,,
11,GUANAJUATO,18,PENJAMO,23,PENJAMO,2005,C01,47,4,2,12,1,2,63,,,0,141,6,147,679,,,,,,,,,,,,,,,,,,,,,
11,GUANAJUATO,18,PENJAMO,23,PENJAMO,2006,B,37,30,0,60,0,15,25,,,0,169,12,181,523,,,,,,,,,,,,,,,,,,,,,
11,GUANAJUATO,18,PENJAMO,23,PENJAMO,2006,C01,49,23,1,20,3,13,28,,,0,141,2,143,522,,,,,,,,,,,,,,,,,,,,,
11,GUANAJUATO,18,PENJAMO,23,PENJAMO,2007,B,38,8,0,3,0,2,14,,,0,68,1,69,530,,,,,,,,,,,,,,,,,,,,,
11,GUANAJUATO,18,PENJAMO,23,PENJAMO,2007,C01,48,4,0,3,0,0,13,,,0,70,0,70,530,,,,,,,,,,,,,,,,,,,,,
11,GUANAJUATO,18,PENJAMO,23,PENJAMO,2008,B,98,6,2,8,1,0,29,,,0,150,3,153,596,,,,,,,,,,,,,,,,,,,,,
11,GUANAJUATO,18,PENJAMO,23,PENJAMO,2008,C01,56,5,0,3,1,2,21,,,0,93,4,97,595,,,,,,,,,,,,,,,,,,,,,
11,GUANAJUATO,18,PENJAMO,23,PENJAMO,2009,B,36,18,7,27,4,4,58,,,0,157,5,162,705,,,,,,,,,,,,,,,,,,,,,
11,GUANAJUATO,18,PENJAMO,23,PENJAMO,2009,C01,20,16,1,27,1,4,63,,,1,139,7,146,705,,,,,,,,,,,,,,,,,,,,,
11,GUANAJUATO,18,PENJAMO,23,PENJAMO,2010,B,106,9,0,86,4,2,19,,,0,236,1,237,674,,,,,,,,,,,,,,,,,,,,,
11,GUANAJUATO,18,PENJAMO,23,PENJAMO,2011,B,44,5,2,61,2,1,45,,,1,166,5,171,492,,,,,,,,,,,,,,,,,,,,,
11,GUANAJUATO,18,PENJAMO,23,PENJAMO,2011,C01,64,9,3,39,1,1,32,,,0,152,0,152,491,,,,,,,,,,,,,,,,,,,,,
11,GUANAJUATO,18,PENJAMO,23,PENJAMO,2012,B,34,4,0,55,4,0,26,,,2,129,3,132,428,,,,,,,,,,,,,,,,,,,,,
11,GUANAJUATO,18,PENJAMO,23,PENJAMO,2012,C01,32,1,1,80,1,0,26,,,0,147,5,152,428,,,,,,,,,,,,,,,,,,,,,
11,GUANAJUATO,18,PENJAMO,23,PENJAMO,2013,B,60,9,2,38,0,2,18,,,0,131,5,136,442,,,,,,,,,,,,,,,,,,,,,
11,GUANAJUATO,18,PENJAMO,23,PENJAMO,2013,C01,63,11,2,41,1,2,28,,,1,153,9,162,441,,,,,,,,,,,,,,,,,,,,,
11,GUANAJUATO,18,PENJAMO,23,PENJAMO,2014,B,32,11,0,11,0,0,9,,,1,73,2,75,431,,,,,,,,,,,,,,,,,,,,,
11,GUANAJUATO,18,PENJAMO,23,PENJAMO,2014,C01,39,14,2,14,1,1,10,,,1,82,3,85,431,,,,,,,,,,,,,,,,,,,,,
11,GUANAJUATO,18,PENJAMO,23,PENJAMO,2015,B,69,21,10,62,1,1,39,,,1,238,5,243,516,,,,,,,,,,,,,,,,,,,,,
11,GUANAJUATO,18,PENJAMO,23,PENJAMO,2016,B,35,11,1,45,0,1,41,,,0,157,6,163,434,,,,,,,,,,,,,,,,,,,,,
11,GUANAJUATO,18,PENJAMO,23,PENJAMO,2016,C01,54,7,1,49,2,1,35,,,0,173,10,183,433,,,,,,,,,,,,,,,,,,,,,
11,GUANAJUATO,18,PENJAMO,23,PENJAMO,2017,B,69,17,1,20,1,1,41,,,1,151,0,151,750,,,,,,,,,,,,,,,,,,,,,
11,GUANAJUATO,18,PENJAMO,23,PENJAMO,2017,C01,48,27,0,38,0,6,29,,,0,150,4,154,749,,,,,,,,,,,,,,,,,,,,,
11,GUANAJUATO,18,PENJAMO,23,PENJAMO,2018,B,49,6,6,48,4,0,67,,,1,192,7,199,610,,,,,,,,,,,,,,,,,,,,,
11,GUANAJUATO,18,PENJAMO,23,PENJAMO,2018,C01,66,12,5,32,2,2,60,,,0,181,0,181,609,,,,,,,,,,,,,,,,,,,,,
11,GUANAJUATO,18,PENJAMO,23,PENJAMO,2018,C02,77,9,6,51,1,4,59,,,1,212,8,220,609,,,,,,,,,,,,,,,,,,,,,
11,GUANAJUATO,18,PENJAMO,23,PENJAMO,2019,B,70,4,1,21,0,0,29,,,0,127,2,129,394,,,,,,,,,,,,,,,,,,,,,
11,GUANAJUATO,18,PENJAMO,23,PENJAMO,2019,C01,33,3,0,22,1,1,23,,,0,83,0,83,394,,,,,,,,,,,,,,,,,,,,,
11,GUANAJUATO,18,PENJAMO,23,PENJAMO,2020,B,74,14,3,27,1,4,36,,,1,168,2,170,448,,,,,,,,,,,,,,,,,,,,,
11,GUANAJUATO,18,PENJAMO,23,PENJAMO,2020,C01,71,9,1,20,1,1,42,,,1,158,3,161,448,,,,,,,,,,,,,,,,,,,,,
11,GUANAJUATO,18,PENJAMO,23,PENJAMO,2021,B,41,23,3,27,1,1,63,,,0,164,8,172,489,,,,,,,,,,,,,,,,,,,,,
11,GUANAJUATO,18,PENJAMO,23,PENJAMO,2021,C01,54,21,0,17,3,0,47,,,0,145,10,155,488,,,,,,,,,,,,,,,,,,,,,
11,GUANAJUATO,18,PENJAMO,23,PENJAMO,2022,B,69,17,1,20,1,1,41,,,1,151,0,151,523,,,,,,,,,,,,,,,,,,,,,
11,GUANAJUATO,18,PENJAMO,23,PENJAMO,2023,B,73,4,0,13,1,1,45,,,0,140,1,141,426,,,,,,,,,,,,,,,,,,,,,
11,GUANAJUATO,18,PENJAMO,23,PENJAMO,2023,C01,60,10,0,6,1,0,56,,,0,134,4,138,426,,,,,,,,,,,,,,,,,,,,,
11,GUANAJUATO,18,PENJAMO,23,PENJAMO,2024,B,63,3,1,53,1,4,22,,,0,149,1,150,376,,,,,,,,,,,,,,,,,,,,,
11,GUANAJUATO,18,PENJAMO,23,PENJAMO,2024,C01,53,5,2,35,0,4,24,,,0,126,0,126,376,,,,,,,,,,,,,,,,,,,,,
11,GUANAJUATO,18,PENJAMO,23,PENJAMO,2025,B,90,14,3,49,2,3,30,,,0,196,12,208,676,,,,,,,,,,,,,,,,,,,,,
11,GUANAJUATO,18,PENJAMO,23,PENJAMO,2025,C01,117,9,4,40,2,3,36,,,0,213,12,225,676,,,,,,,,,,,,,,,,,,,,,
11,GUANAJUATO,18,PENJAMO,24,PUEBLO NUEVO,2026,B,185,9,0,1,2,229,26,,,9,462,0,472,707,,,,,,,,,,,,,,,,,,,,,
11,GUANAJUATO,18,PENJAMO,24,PUEBLO NUEVO,2026,C01,183,2,1,5,5,243,15,,,2,459,11,470,707,,,,,,,,,,,,,,,,,,,,,
11,GUANAJUATO,18,PENJAMO,24,PUEBLO NUEVO,2026,C02,184,10,5,6,4,237,17,,,0,464,17,481,707,,,,,,,,,,,,,,,,,,,,,
11,GUANAJUATO,18,PENJAMO,24,PUEBLO NUEVO,2027,B,100,5,2,0,1,126,11,,,0,245,7,252,402,,,,,,,,,,,,,,,,,,,,,
11,GUANAJUATO,18,PENJAMO,24,PUEBLO NUEVO,2027,C01,92,2,4,3,2,135,11,,,0,250,5,255,402,,,,,,,,,,,,,,,,,,,,,
11,GUANAJUATO,18,PENJAMO,24,PUEBLO NUEVO,2028,B,131,8,2,4,2,175,28,,,3,355,12,367,631,,,,,,,,,,,,,,,,,,,,,
11,GUANAJUATO,18,PENJAMO,24,PUEBLO NUEVO,2028,C01,121,7,1,11,3,184,23,,,1,353,11,364,630,,,,,,,,,,,,,,,,,,,,,
11,GUANAJUATO,18,PENJAMO,24,PUEBLO NUEVO,2029,B,121,5,1,1,0,277,8,,,1,415,5,420,521,,,,,,,,,,,,,,,,,,,,,
11,GUANAJUATO,18,PENJAMO,24,PUEBLO NUEVO,2029,C01,105,5,1,2,1,259,7,,,0,380,9,389,521,,,,,,,,,,,,,,,,,,,,,
11,GUANAJUATO,18,PENJAMO,24,PUEBLO NUEVO,2029,E01,141,5,2,1,0,214,10,,,2,376,7,383,593,,,,,,,,,,,,,,,,,,,,,
11,GUANAJUATO,18,PENJAMO,24,PUEBLO NUEVO,2029,E01C01,121,4,2,0,2,275,10,,,0,417,0,417,592,,,,,,,,,,,,,,,,,,,,,
11,GUANAJUATO,18,PENJAMO,24,PUEBLO NUEVO,2029,C02,131,1,2,1,0,244,1,,,0,381,7,388,521,,,,,,,,,,,,,,,,,,,,,
11,GUANAJUATO,18,PENJAMO,24,PUEBLO NUEVO,2030,B,52,1,0,0,3,247,8,,,0,311,5,316,449,,,,,,,,,,,,,,,,,,,,,
11,GUANAJUATO,18,PENJAMO,24,PUEBLO NUEVO,2030,C01,87,1,0,0,0,223,4,,,0,315,4,319,449,,,,,,,,,,,,,,,,,,,,,
11,GUANAJUATO,18,PENJAMO,24,PUEBLO NUEVO,2030,E01,97,4,1,2,0,144,4,,,1,254,5,259,401,,,,,,,,,,,,,,,,,,,,,
11,GUANAJUATO,18,PENJAMO,24,PUEBLO NUEVO,2030,E01C01,114,0,0,0,1,132,5,,,0,255,4,259,401,,,,,,,,,,,,,,,,,,,,,
11,GUANAJUATO,18,PENJAMO,24,PUEBLO NUEVO,2031,B,134,8,1,1,3,174,18,,,1,340,10,350,546,,,,,,,,,,,,,,,,,,,,,
11,GUANAJUATO,18,PENJAMO,24,PUEBLO NUEVO,2031,C01,104,10,4,4,2,215,14,,,0,354,9,363,546,,,,,,,,,,,,,,,,,,,,,
11,GUANAJUATO,18,PENJAMO,24,PUEBLO NUEVO,2032,B,107,5,4,2,0,157,17,,,0,293,5,298,465,,,,,,,,,,,,,,,,,,,,,
11,GUANAJUATO,18,PENJAMO,24,PUEBLO NUEVO,2032,C01,95,4,2,2,3,163,7,,,1,279,7,286,464,,,,,,,,,,,,,,,,,,,,,
11,GUANAJUATO,18,PENJAMO,24,PUEBLO NUEVO,2033,B,105,7,0,1,1,211,13,,,2,342,7,349,517,,,,,,,,,,,,,,,,,,,,,
11,GUANAJUATO,19,VALLE DE SANTIAGO,11,CORTAZAR,662,B,162,10,52,38,4,9,50,31,21,7,393,5,398,739,,,,,,,,,,,,,,,,,,,,,
11,GUANAJUATO,19,VALLE DE SANTIAGO,11,CORTAZAR,662,C01,162,8,59,28,11,7,42,19,35,6,398,0,398,738,,,,,,,,,,,,,,,,,,,,,
11,GUANAJUATO,19,VALLE DE SANTIAGO,11,CORTAZAR,662,C02,153,4,60,43,3,6,43,29,39,1,395,5,400,738,,,,,,,,,,,,,,,,,,,,,
11,GUANAJUATO,19,VALLE DE SANTIAGO,11,CORTAZAR,663,B,99,4,21,39,6,1,22,17,18,2,235,7,242,389,,,,,,,,,,,,,,,,,,,,,
11,GUANAJUATO,19,VALLE DE SANTIAGO,11,CORTAZAR,663,C01,94,6,23,36,1,1,20,14,16,5,225,2,227,388,,,,,,,,,,,,,,,,,,,,,
11,GUANAJUATO,19,VALLE DE SANTIAGO,11,CORTAZAR,664,B,96,9,50,44,7,5,40,22,14,7,304,8,312,515,,,,,,,,,,,,,,,,,,,,,
11,GUANAJUATO,19,VALLE DE SANTIAGO,11,CORTAZAR,664,C01,114,8,37,33,8,3,34,16,13,4,282,9,295,515,,,,,,,,,,,,,,,,,,,,,
11,GUANAJUATO,19,VALLE DE SANTIAGO,11,CORTAZAR,665,B,35,6,59,15,1,2,33,26,22,1,204,2,206,450,,,,,,,,,,,,,,,,,,,,,
11,GUANAJUATO,19,VALLE DE SANTIAGO,11,CORTAZAR,665,C01,47,6,68,15,5,3,23,18,21,5,226,7,233,450,,,,,,,,,,,,,,,,,,,,,
11,GUANAJUATO,19,VALLE DE SANTIAGO,11,CORTAZAR,666,B,61,8,35,20,7,6,46,37,18,4,253,5,258,566,,,,,,,,,,,,,,,,,,,,,
11,GUANAJUATO,19,VALLE DE SANTIAGO,11,CORTAZAR,666,C01,70,6,44,21,1,6,70,22,16,8,284,7,291,565,,,,,,,,,,,,,,,,,,,,,
11,GUANAJUATO,19,VALLE DE SANTIAGO,11,CORTAZAR,666,C02,60,4,51,16,3,3,51,36,20,3,258,10,268,565,,,,,,,,,,,,,,,,,,,,,
11,GUANAJUATO,19,VALLE DE SANTIAGO,11,CORTAZAR,667,B,58,4,45,16,2,10,39,39,27,5,270,8,278,578,,,,,,,,,,,,,,,,,,,,,
11,GUANAJUATO,19,VALLE DE SANTIAGO,11,CORTAZAR,667,C01,59,2,53,15,4,4,38,30,19,11,246,9,256,577,,,,,,,,,,,,,,,,,,,,,
11,GUANAJUATO,19,VALLE DE SANTIAGO,11,CORTAZAR,667,C02,47,6,41,24,4,4,44,21,26,5,238,3,242,577,,,,,,,,,,,,,,,,,,,,,
11,GUANAJUATO,19,VALLE DE SANTIAGO,11,CORTAZAR,667,C03,46,5,35,20,4,7,45,46,22,2,246,5,251,577,,,,,,,,,,,,,,,,,,,,,
11,GUANAJUATO,19,VALLE DE SANTIAGO,11,CORTAZAR,668,B,108,14,54,41,10,4,38,38,24,9,368,6,374,663,,,,,,,,,,,,,,,,,,,,,
11,GUANAJUATO,19,VALLE DE SANTIAGO,11,CORTAZAR,668,C01,120,10,62,44,9,6,51,28,31,14,394,5,399,663,,,,,,,,,,,,,,,,,,,,,
11,GUANAJUATO,19,VALLE DE SANTIAGO,11,CORTAZAR,668,C02,113,9,48,41,11,2,48,31,20,14,357,12,369,662,,,,,,,,,,,,,,,,,,,,,
11,GUANAJUATO,19,VALLE DE SANTIAGO,11,CORTAZAR,668,C03,139,10,47,38,11,5,44,32,27,12,391,8,399,662,,,,,,,,,,,,,,,,,,,,,
11,GUANAJUATO,19,VALLE DE SANTIAGO,11,CORTAZAR,669,B,83,4,32,32,5,9,50,20,16,6,288,8,296,505,,,,,,,,,,,,,,,,,,,,,
11,GUANAJUATO,19,VALLE DE SANTIAGO,11,CORTAZAR,669,C01,76,9,37,34,8,4,49,19,11,4,267,3,271,505,,,,,,,,,,,,,,,,,,,,,
11,GUANAJUATO,19,VALLE DE SANTIAGO,11,CORTAZAR,670,B,85,9,35,14,5,7,53,34,15,9,281,4,286,573,,,,,,,,,,,,,,,,,,,,,
11,GUANAJUATO,19,VALLE DE SANTIAGO,11,CORTAZAR,670,C01,83,12,40,27,6,6,61,28,25,18,318,5,323,573,,,,,,,,,,,,,,,,,,,,,
11,GUANAJUATO,19,VALLE DE SANTIAGO,11,CORTAZAR,671,B,126,11,46,42,3,2,38,38,40,13,380,4,384,630,,,,,,,,,,,,,,,,,,,,,
11,GUANAJUATO,19,VALLE DE SANTIAGO,11,CORTAZAR,671,C01,135,11,32,33,5,7,56,25,44,3,371,3,374,630,,,,,,,,,,,,,,,,,,,,,
11,GUANAJUATO,19,VALLE DE SANTIAGO,11,CORTAZAR,672,B,108,9,55,39,7,4,31,19,18,12,317,6,323,537,,,,,,,,,,,,,,,,,,,,,
11,GUANAJUATO,19,VALLE DE SANTIAGO,11,CORTAZAR,672,C01,102,9,46,34,5,2,38,22,16,10,293,11,304,537,,,,,,,,,,,,,,,,,,,,,
11,GUANAJUATO,19,VALLE DE SANTIAGO,11,CORTAZAR,673,B,111,13,23,45,1,11,32,24,14,11,298,6,304,442,,,,,,,,,,,,,,,,,,,,,
11,GUANAJUATO,19,VALLE DE SANTIAGO,11,CORTAZAR,673,C01,112,10,16,28,6,3,28,26,12,4,258,4,262,441,,,,,,,,,,,,,,,,,,,,,
11,GUANAJUATO,19,VALLE DE SANTIAGO,11,CORTAZAR,674,B,77,7,34,27,1,2,34,18,10,7,228,0,228,386,,,,,,,,,,,,,,,,,,,,,
11,GUANAJUATO,19,VALLE DE SANTIAGO,11,CORTAZAR,674,C01,109,9,14,21,6,2,24,23,10,11,241,5,246,385,,,,,,,,,,,,,,,,,,,,,
11,GUANAJUATO,19,VALLE DE SANTIAGO,11,CORTAZAR,675,B,93,8,20,27,6,4,25,12,21,4,237,5,242,377,,,,,,,,,,,,,,,,,,,,,
11,GUANAJUATO,19,VALLE DE SANTIAGO,11,CORTAZAR,675,C01,89,6,21,25,3,2,23,24,18,2,227,2,229,377,,,,,,,,,,,,,,,,,,,,,
11,GUANAJUATO,19,VALLE DE SANTIAGO,11,CORTAZAR,676,B,115,17,22,21,12,4,51,32,25,5,319,5,324,662,,,,,,,,,,,,,,,,,,,,,
11,GUANAJUATO,19,VALLE DE SANTIAGO,11,CORTAZAR,676,C01,101,10,41,24,11,10,47,33,34,3,337,8,346,662,,,,,,,,,,,,,,,,,,,,,
11,GUANAJUATO,19,VALLE DE SANTIAGO,11,CORTAZAR,676,C02,108,7,35,16,7,7,42,39,30,4,308,5,313,662,,,,,,,,,,,,,,,,,,,,,
11,GUANAJUATO,19,VALLE DE SANTIAGO,11,CORTAZAR,676,C03,103,7,45,16,7,10,45,36,25,3,307,10,317,661,,,,,,,,,,,,,,,,,,,,,
11,GUANAJUATO,19,VALLE DE SANTIAGO,11,CORTAZAR,676,C04,90,6,40,22,10,2,59,35,18,8,316,6,322,661,,,,,,,,,,,,,,,,,,,,,
11,GUANAJUATO,19,VALLE DE SANTIAGO,11,CORTAZAR,676,C05,107,4,36,30,3,10,44,38,18,8,313,5,319,661,,,,,,,,,,,,,,,,,,,,,
11,GUANAJUATO,19,VALLE DE SANTIAGO,11,CORTAZAR,676,C06,85,10,26,28,7,5,51,36,21,4,288,5,293,661,,,,,,,,,,,,,,,,,,,,,
11,GUANAJUATO,19,VALLE DE SANTIAGO,11,CORTAZAR,677,B,117,5,30,31,10,6,40,23,20,7,304,4,308,571,,,,,,,,,,,,,,,,,,,,,
11,GUANAJUATO,19,VALLE DE SANTIAGO,11,CORTAZAR,677,C01,118,15,34,28,8,5,35,21,14,4,299,7,307,570,,,,,,,,,,,,,,,,,,,,,
11,GUANAJUATO,19,VALLE DE SANTIAGO,11,CORTAZAR,678,B,182,12,32,46,9,12,38,23,32,12,433,9,442,725,,,,,,,,,,,,,,,,,,,,,
11,GUANAJUATO,19,VALLE DE SANTIAGO,11,CORTAZAR,679,B,101,7,18,39,9,4,23,46,33,8,304,6,310,534,,,,,,,,,,,,,,,,,,,,,
11,GUANAJUATO,19,VALLE DE SANTIAGO,11,CORTAZAR,679,C01,118,6,22,54,6,4,36,48,31,3,338,5,343,534,,,,,,,,,,,,,,,,,,,,,
11,GUANAJUATO,19,VALLE DE SANTIAGO,11,CORTAZAR,679,C02,112,4,23,44,11,4,30,37,36,4,317,4,321,534,,,,,,,,,,,,,,,,,,,,,
11,GUANAJUATO,19,VALLE DE SANTIAGO,11,CORTAZAR,680,B,95,8,53,34,9,8,30,22,24,6,299,6,305,686,,,,,,,,,,,,,,,,,,,,,
11,GUANAJUATO,19,VALLE DE SANTIAGO,11,CORTAZAR,680,C01,96,9,50,46,4,5,49,36,19,5,341,3,344,685,,,,,,,,,,,,,,,,,,,,,
11,GUANAJUATO,19,VALLE DE SANTIAGO,11,CORTAZAR,680,C02,102,13,55,45,6,8,47,31,23,3,347,5,352,685,,,,,,,,,,,,,,,,,,,,,
11,GUANAJUATO,19,VALLE DE SANTIAGO,11,CORTAZAR,681,B,95,12,42,58,24,5,43,21,34,9,355,9,364,633,,,,,,,,,,,,,,,,,,,,,
11,GUANAJUATO,19,VALLE DE SANTIAGO,11,CORTAZAR,681,C01,115,5,31,37,7,1,46,23,28,11,319,6,325,632,,,,,,,,,,,,,,,,,,,,,
11,GUANAJUATO,19,VALLE DE SANTIAGO,11,CORTAZAR,682,B,91,19,31,37,8,1,44,21,38,5,308,8,316,604,,,,,,,,,,,,,,,,,,,,,
11,GUANAJUATO,19,VALLE DE SANTIAGO,11,CORTAZAR,682,C01,99,17,44,15,5,5,55,20,35,5,322,9,331,603,,,,,,,,,,,,,,,,,,,,,
11,GUANAJUATO,19,VALLE DE SANTIAGO,11,CORTAZAR,683,B,111,12,41,27,15,6,47,32,24,5,346,6,352,620,,,,,,,,,,,,,,,,,,,,,
11,GUANAJUATO,19,VALLE DE SANTIAGO,11,CORTAZAR,683,C01,104,6,42,25,13,1,45,30,21,4,316,12,328,619,,,,,,,,,,,,,,,,,,,,,
11,GUANAJUATO,19,VALLE DE SANTIAGO,11,CORTAZAR,684,B,81,13,40,27,7,7,82,41,23,7,343,11,354,718,,,,,,,,,,,,,,,,,,,,,
11,GUANAJUATO,19,VALLE DE SANTIAGO,11,CORTAZAR,684,C01,110,7,35,24,4,5,49,72,21,5,347,9,356,717,,,,,,,,,,,,,,,,,,,,,
11,GUANAJUATO,19,VALLE DE SANTIAGO,11,CORTAZAR,684,C02,98,4,37,13,9,2,65,67,22,3,335,8,344,717,,,,,,,,,,,,,,,,,,,,,
11,GUANAJUATO,19,VALLE DE SANTIAGO,11,CORTAZAR,685,B,66,7,34,24,9,8,34,28,23,6,251,6,257,553,,,,,,,,,,,,,,,,,,,,,
11,GUANAJUATO,19,VALLE DE SANTIAGO,11,CORTAZAR,685,C01,78,8,31,36,7,6,38,24,38,6,281,10,291,553,,,,,,,,,,,,,,,,,,,,,
11,GUANAJUATO,19,VALLE DE SANTIAGO,11,CORTAZAR,686,B,143,6,30,35,13,4,31,31,26,3,345,7,352,656,,,,,,,,,,,,,,,,,,,,,
11,GUANAJUATO,19,VALLE DE SANTIAGO,11,CORTAZAR,686,C01,133,16,29,26,6,8,33,26,17,5,316,6,323,656,,,,,,,,,,,,,,,,,,,,,
11,GUANAJUATO,19,VALLE DE SANTIAGO,11,CORTAZAR,686,C02,137,13,31,29,11,7,30,35,32,7,345,11,356,655,,,,,,,,,,,,,,,,,,,,,
11,GUANAJUATO,19,VALLE DE SANTIAGO,11,CORTAZAR,686,C03,139,8,41,33,3,10,44,36,22,2,359,6,365,655,,,,,,,,,,,,,,,,,,,,,
11,GUANAJUATO,19,VALLE DE SANTIAGO,11,CORTAZAR,687,B,50,2,39,27,4,3,48,16,19,7,232,9,241,662,,,,,,,,,,,,,,,,,,,,,
11,GUANAJUATO,19,VALLE DE SANTIAGO,11,CORTAZAR,687,C01,65,3,59,24,6,2,34,18,28,4,257,5,262,662,,,,,,,,,,,,,,,,,,,,,
11,GUANAJUATO,19,VALLE DE SANTIAGO,11,CORTAZAR,687,C02,73,4,35,26,5,3,41,32,11,2,250,4,254,661,,,,,,,,,,,,,,,,,,,,,
11,GUANAJUATO,19,VALLE DE SANTIAGO,11,CORTAZAR,688,B,69,5,54,13,7,2,39,24,26,5,257,9,266,616,,,,,,,,,,,,,,,,,,,,,
11,GUANAJUATO,19,VALLE DE SANTIAGO,11,CORTAZAR,688,C01,68,6,53,22,6,4,39,28,20,7,264,7,271,616,,,,,,,,,,,,,,,,,,,,,
11,GUANAJUATO,19,VALLE DE SANTIAGO,11,CORTAZAR,688,C02,66,6,57,5,2,4,44,28,25,7,251,3,254,616,,,,,,,,,,,,,,,,,,,,,
11,GUANAJUATO,19,VALLE DE SANTIAGO,11,CORTAZAR,688,C03,75,5,56,12,5,5,41,19,27,5,266,6,272,616,,,,,,,,,,,,,,,,,,,,,
11,GUANAJUATO,19,VALLE DE SANTIAGO,11,CORTAZAR,689,B,53,3,39,14,1,6,51,46,29,4,257,2,259,574,,,,,,,,,,,,,,,,,,,,,
11,GUANAJUATO,19,VALLE DE SANTIAGO,11,CORTAZAR,689,C01,56,1,32,8,4,1,29,48,29,7,228,0,228,574,,,,,,,,,,,,,,,,,,,,,
11,GUANAJUATO,19,VALLE DE SANTIAGO,11,CORTAZAR,689,C02,49,4,28,22,8,3,45,52,27,1,249,7,256,574,,,,,,,,,,,,,,,,,,,,,
11,GUANAJUATO,19,VALLE DE SANTIAGO,11,CORTAZAR,690,B,44,6,45,16,5,5,31,57,26,3,247,7,254,541,,,,,,,,,,,,,,,,,,,,,
11,GUANAJUATO,19,VALLE DE SANTIAGO,11,CORTAZAR,690,C01,43,2,32,19,8,7,38,44,23,6,230,9,239,541,,,,,,,,,,,,,,,,,,,,,
11,GUANAJUATO,19,VALLE DE SANTIAGO,11,CORTAZAR,690,C02,55,6,29,15,4,13,48,33,24,1,238,6,244,541,,,,,,,,,,,,,,,,,,,,,
11,GUANAJUATO,19,VALLE DE SANTIAGO,11,CORTAZAR,691,B,68,6,62,29,8,4,62,42,20,5,313,5,318,720,,,,,,,,,,,,,,,,,,,,,
11,GUANAJUATO,19,VALLE DE SANTIAGO,11,CORTAZAR,691,C01,81,5,43,23,3,7,55,38,18,7,288,10,298,720,,,,,,,,,,,,,,,,,,,,,
11,GUANAJUATO,19,VALLE DE SANTIAGO,11,CORTAZAR,691,C02,65,7,61,21,5,7,48,50,22,5,304,4,308,720,,,,,,,,,,,,,,,,,,,,,
11,GUANAJUATO,19,VALLE DE SANTIAGO,11,CORTAZAR,691,C03,61,3,57,28,9,3,45,51,25,3,300,13,313,720,,,,,,,,,,,,,,,,,,,,,
11,GUANAJUATO,19,VALLE DE SANTIAGO,11,CORTAZAR,692,B,56,9,43,10,7,2,50,32,19,2,238,8,246,677,,,,,,,,,,,,,,,,,,,,,
11,GUANAJUATO,19,VALLE DE SANTIAGO,11,CORTAZAR,692,C01,52,8,51,10,7,6,76,29,27,1,273,2,275,677,,,,,,,,,,,,,,,,,,,,,
11,GUANAJUATO,19,VALLE DE SANTIAGO,11,CORTAZAR,692,C02,46,7,35,17,9,5,48,24,21,5,222,10,232,677,,,,,,,,,,,,,,,,,,,,,
11,GUANAJUATO,19,VALLE DE SANTIAGO,11,CORTAZAR,692,C03,51,7,69,16,5,7,52,30,15,2,264,5,269,677,,,,,,,,,,,,,,,,,,,,,
11,GUANAJUATO,19,VALLE DE SANTIAGO,11,CORTAZAR,693,B,52,1,21,0,3,0,6,1,5,2,94,2,96,172,,,,,,,,,,,,,,,,,,,,,
11,GUANAJUATO,19,VALLE DE SANTIAGO,11,CORTAZAR,694,B,110,13,33,17,3,1,29,26,23,3,288,10,298,568,,,,,,,,,,,,,,,,,,,,,
11,GUANAJUATO,19,VALLE DE SANTIAGO,11,CORTAZAR,694,C01,94,9,33,16,5,4,55,25,26,4,287,11,298,568,,,,,,,,,,,,,,,,,,,,,
11,GUANAJUATO,19,VALLE DE SANTIAGO,11,CORTAZAR,694,C02,84,15,32,12,10,6,40,23,20,7,268,17,285,567,,,,,,,,,,,,,,,,,,,,,
11,GUANAJUATO,19,VALLE DE SANTIAGO,11,CORTAZAR,695,B,187,17,14,11,2,1,32,3,4,3,275,2,277,674,,,,,,,,,,,,,,,,,,,,,
11,GUANAJUATO,19,VALLE DE SANTIAGO,11,CORTAZAR,695,C01,161,13,7,6,1,3,30,5,4,0,237,12,249,674,,,,,,,,,,,,,,,,,,,,,
11,GUANAJUATO,19,VALLE DE SANTIAGO,11,CORTAZAR,695,C02,178,12,7,3,1,2,30,4,4,2,249,5,254,673,,,,,,,,,,,,,,,,,,,,,
11,GUANAJUATO,19,VALLE DE SANTIAGO,11,CORTAZAR,696,B,178,9,33,10,5,3,44,33,12,2,339,11,350,582,,,,,,,,,,,,,,,,,,,,,
11,GUANAJUATO,19,VALLE DE SANTIAGO,11,CORTAZAR,696,E01,78,9,21,12,7,3,15,5,7,2,164,3,167,499,,,,,,,,,,,,,,,,,,,,,
11,GUANAJUATO,19,VALLE DE SANTIAGO,11,CORTAZAR,697,B,105,7,82,3,4,4,34,6,11,0,258,4,262,701,,,,,,,,,,,,,,,,,,,,,
11,GUANAJUATO,19,VALLE DE SANTIAGO,11,CORTAZAR,697,C01,99,6,111,6,11,2,37,11,11,0,295,3,298,701,,,,,,,,,,,,,,,,,,,,,
11,GUANAJUATO,19,VALLE DE SANTIAGO,11,CORTAZAR,697,C02,102,4,102,3,10,3,32,7,15,0,281,6,287,700,,,,,,,,,,,,,,,,,,,,,
11,GUANAJUATO,19,VALLE DE SANTIAGO,11,CORTAZAR,698,B,146,6,80,8,6,2,42,11,37,4,347,5,352,721,,,,,,,,,,,,,,,,,,,,,
11,GUANAJUATO,19,VALLE DE SANTIAGO,11,CORTAZAR,698,C01,141,14,96,4,17,1,31,13,20,0,341,4,345,720,,,,,,,,,,,,,,,,,,,,,
11,GUANAJUATO,19,VALLE DE SANTIAGO,11,CORTAZAR,699,B,144,10,13,9,1,26,27,54,28,1,318,8,326,666,,,,,,,,,,,,,,,,,,,,,
11,GUANAJUATO,19,VALLE DE SANTIAGO,11,CORTAZAR,699,C01,193,13,12,6,4,10,39,58,7,1,344,3,348,665,,,,,,,,,,,,,,,,,,,,,
11,GUANAJUATO,19,VALLE DE SANTIAGO,11,CORTAZAR,700,B,72,6,32,10,2,9,29,31,11,2,211,9,220,523,,,,,,,,,,,,,,,,,,,,,
11,GUANAJUATO,19,VALLE DE SANTIAGO,11,CORTAZAR,700,C01,78,5,49,12,3,2,25,26,11,3,225,3,228,523,,,,,,,,,,,,,,,,,,,,,
11,GUANAJUATO,19,VALLE DE SANTIAGO,11,CORTAZAR,700,C02,60,10,42,15,6,7,42,11,13,4,212,9,221,523,,,,,,,,,,,,,,,,,,,,,
11,GUANAJUATO,19,VALLE DE SANTIAGO,11,CORTAZAR,701,B,106,3,68,8,7,6,51,18,13,6,292,3,295,548,,,,,,,,,,,,,,,,,,,,,
11,GUANAJUATO,19,VALLE DE SANTIAGO,11,CORTAZAR,701,C01,106,5,69,2,4,0,47,18,13,5,275,2,277,547,,,,,,,,,,,,,,,,,,,,,
11,GUANAJUATO,19,VALLE DE SANTIAGO,11,CORTAZAR,702,B,71,7,33,7,6,6,23,22,10,2,188,6,194,400,,,,,,,,,,,,,,,,,,,,,
11,GUANAJUATO,19,VALLE DE SANTIAGO,11,CORTAZAR,702,C01,71,6,15,9,4,7,44,8,12,1,187,6,193,399,,,,,,,,,,,,,,,,,,,,,
11,GUANAJUATO,19,VALLE DE SANTIAGO,11,CORTAZAR,703,B,91,8,11,9,2,6,19,15,5,2,172,14,186,468,,,,,,,,,,,,,,,,,,,,,
11,GUANAJUATO,19,VALLE DE SANTIAGO,11,CORTAZAR,703,E01,161,13,5,12,2,3,8,3,2,0,211,6,217,441,,,,,,,,,,,,,,,,,,,,,
11,GUANAJUATO,19,VALLE DE SANTIAGO,11,CORTAZAR,704,B,97,14,10,1,0,2,13,1,2,2,145,5,150,332,,,,,,,,,,,,,,,,,,,,,
11,GUANAJUATO,19,VALLE DE SANTIAGO,11,CORTAZAR,705,B,67,12,15,9,4,4,50,8,7,2,183,8,191,575,,,,,,,,,,,,,,,,,,,,,
11,GUANAJUATO,19,VALLE DE SANTIAGO,11,CORTAZAR,705,C01,57,11,22,5,8,4,51,13,14,2,193,6,199,575,,,,,,,,,,,,,,,,,,,,,
11,GUANAJUATO,19,VALLE DE SANTIAGO,11,CORTAZAR,705,C02,70,4,18,6,6,6,50,5,10,4,183,6,189,574,,,,,,,,,,,,,,,,,,,,,
11,GUANAJUATO,19,VALLE DE SANTIAGO,11,CORTAZAR,706,B,128,16,2,2,2,12,22,6,0,0,195,4,199,491,,,,,,,,,,,,,,,,,,,,,
11,GUANAJUATO,19,VALLE DE SANTIAGO,11,CORTAZAR,707,B,32,4,27,7,6,4,31,28,5,5,153,4,157,423,,,,,,,,,,,,,,,,,,,,,
11,GUANAJUATO,19,VALLE DE SANTIAGO,11,CORTAZAR,707,C01,40,5,18,2,4,1,28,43,4,2,149,4,153,423,,,,,,,,,,,,,,,,,,,,,
11,GUANAJUATO,19,VALLE DE SANTIAGO,11,CORTAZAR,708,B,76,10,19,13,8,16,48,5,4,3,206,6,212,601,,,,,,,,,,,,,,,,,,,,,
11,GUANAJUATO,19,VALLE DE SANTIAGO,11,CORTAZAR,708,C01,67,12,25,8,7,9,33,5,3,1,177,9,186,601,,,,,,,,,,,,,,,,,,,,,
11,GUANAJUATO,19,VALLE DE SANTIAGO,11,CORTAZAR,709,B,66,12,35,15,8,6,34,8,8,5,203,9,212,667,,,,,,,,,,,,,,,,,,,,,
11,GUANAJUATO,19,VALLE DE SANTIAGO,11,CORTAZAR,709,E01,71,2,10,7,2,3,17,1,10,0,130,1,131,273,,,,,,,,,,,,,,,,,,,,,
11,GUANAJUATO,19,VALLE DE SANTIAGO,11,CORTAZAR,710,B,102,32,13,11,1,3,7,11,6,1,191,5,196,544,,,,,,,,,,,,,,,,,,,,,
11,GUANAJUATO,19,VALLE DE SANTIAGO,11,CORTAZAR,710,C01,88,22,16,3,3,4,3,4,4,1,154,7,161,544,,,,,,,,,,,,,,,,,,,,,
11,GUANAJUATO,19,VALLE DE SANTIAGO,11,CORTAZAR,711,B,70,9,11,4,3,1,33,5,1,0,138,1,139,367,,,,,,,,,,,,,,,,,,,,,
11,GUANAJUATO,19,VALLE DE SANTIAGO,11,CORTAZAR,712,B,73,6,6,4,2,4,35,4,1,0,139,15,154,590,,,,,,,,,,,,,,,,,,,,,
11,GUANAJUATO,19,VALLE DE SANTIAGO,11,CORTAZAR,713,B,57,14,11,8,4,11,39,8,8,0,166,10,176,517,,,,,,,,,,,,,,,,,,,,,
11,GUANAJUATO,19,VALLE DE SANTIAGO,11,CORTAZAR,713,C01,63,8,12,3,3,7,37,6,10,3,156,3,159,517,,,,,,,,,,,,,,,,,,,,,
11,GUANAJUATO,19,VALLE DE SANTIAGO,11,CORTAZAR,714,B,47,7,17,5,0,2,23,8,3,2,128,16,145,503,,,,,,,,,,,,,,,,,,,,,
11,GUANAJUATO,19,VALLE DE SANTIAGO,11,CORTAZAR,715,B,68,8,8,11,1,4,36,9,7,1,159,10,169,660,,,,,,,,,,,,,,,,,,,,,
11,GUANAJUATO,19,VALLE DE SANTIAGO,11,CORTAZAR,716,B,66,10,54,2,0,4,31,16,2,0,188,6,194,526,,,,,,,,,,,,,,,,,,,,,
11,GUANAJUATO,19,VALLE DE SANTIAGO,11,CORTAZAR,716,C01,76,8,63,3,5,4,17,19,5,2,202,13,215,526,,,,,,,,,,,,,,,,,,,,,
11,GUANAJUATO,19,VALLE DE SANTIAGO,18,JARAL DEL PROGRESO,1178,B,54,12,2,3,4,3,22,10,131,,404,6,410,696,,,,,,,,,,,,,,,,,,,,,
11,GUANAJUATO,19,VALLE DE SANTIAGO,18,JARAL DEL PROGRESO,1178,C01,59,12,3,2,1,2,24,8,153,,451,8,459,695,,,,,,,,,,,,,,,,,,,,,
11,GUANAJUATO,19,VALLE DE SANTIAGO,18,JARAL DEL PROGRESO,1178,C02,72,14,6,3,2,0,27,15,122,,433,12,447,695,,,,,,,,,,,,,,,,,,,,,
11,GUANAJUATO,19,VALLE DE SANTIAGO,18,JARAL DEL PROGRESO,1179,B,81,20,2,2,1,4,36,8,155,,435,13,448,655,,,,,,,,,,,,,,,,,,,,,
11,GUANAJUATO,19,VALLE DE SANTIAGO,18,JARAL DEL PROGRESO,1180,B,55,19,2,0,3,0,15,10,69,,341,6,347,496,,,,,,,,,,,,,,,,,,,,,
11,GUANAJUATO,19,VALLE DE SANTIAGO,18,JARAL DEL PROGRESO,1181,B,24,6,6,2,2,1,9,0,39,,179,8,187,250,,,,,,,,,,,,,,,,,,,,,
11,GUANAJUATO,19,VALLE DE SANTIAGO,18,JARAL DEL PROGRESO,1182,B,32,7,3,6,2,1,22,18,156,,365,12,377,609,,,,,,,,,,,,,,,,,,,,,
11,GUANAJUATO,19,VALLE DE SANTIAGO,18,JARAL DEL PROGRESO,1182,C01,37,13,5,1,2,2,20,17,177,,382,9,391,608,,,,,,,,,,,,,,,,,,,,,
11,GUANAJUATO,19,VALLE DE SANTIAGO,18,JARAL DEL PROGRESO,1183,B,43,4,14,3,2,5,18,8,128,,323,10,333,663,,,,,,,,,,,,,,,,,,,,,
11,GUANAJUATO,19,VALLE DE SANTIAGO,18,JARAL DEL PROGRESO,1183,C01,39,5,10,2,5,2,28,6,147,,356,12,368,663,,,,,,,,,,,,,,,,,,,,,
11,GUANAJUATO,19,VALLE DE SANTIAGO,18,JARAL DEL PROGRESO,1183,C02,33,5,7,2,1,3,20,2,118,,325,10,335,663,,,,,,,,,,,,,,,,,,,,,
11,GUANAJUATO,19,VALLE DE SANTIAGO,18,JARAL DEL PROGRESO,1183,C03,42,11,5,0,6,5,23,3,108,,336,10,346,662,,,,,,,,,,,,,,,,,,,,,
11,GUANAJUATO,19,VALLE DE SANTIAGO,18,JARAL DEL PROGRESO,1183,C04,44,16,7,2,7,4,21,4,129,,364,14,380,662,,,,,,,,,,,,,,,,,,,,,
11,GUANAJUATO,19,VALLE DE SANTIAGO,18,JARAL DEL PROGRESO,1184,B,47,3,8,1,6,0,30,7,137,,384,13,397,710,,,,,,,,,,,,,,,,,,,,,
11,GUANAJUATO,19,VALLE DE SANTIAGO,18,JARAL DEL PROGRESO,1184,C01,61,4,6,2,8,1,24,6,121,,375,14,391,709,,,,,,,,,,,,,,,,,,,,,
11,GUANAJUATO,19,VALLE DE SANTIAGO,18,JARAL DEL PROGRESO,1185,B,46,2,11,3,2,0,19,2,102,,320,9,330,569,,,,,,,,,,,,,,,,,,,,,
11,GUANAJUATO,19,VALLE DE SANTIAGO,18,JARAL DEL PROGRESO,1185,C01,61,0,8,0,2,0,21,5,115,,370,8,379,569,,,,,,,,,,,,,,,,,,,,,
11,GUANAJUATO,19,VALLE DE SANTIAGO,18,JARAL DEL PROGRESO,1186,B,50,2,3,6,3,1,26,6,134,,328,8,336,542,,,,,,,,,,,,,,,,,,,,,
11,GUANAJUATO,19,VALLE DE SANTIAGO,18,JARAL DEL PROGRESO,1186,C01,50,4,3,5,3,2,24,1,130,,301,14,315,541,,,,,,,,,,,,,,,,,,,,,
11,GUANAJUATO,19,VALLE DE SANTIAGO,18,JARAL DEL PROGRESO,1187,B,26,6,6,2,4,3,38,10,172,,397,6,403,685,,,,,,,,,,,,,,,,,,,,,
11,GUANAJUATO,19,VALLE DE SANTIAGO,18,JARAL DEL PROGRESO,1187,C01,45,4,11,2,7,0,25,6,190,,391,13,404,685,,,,,,,,,,,,,,,,,,,,,
11,GUANAJUATO,19,VALLE DE SANTIAGO,18,JARAL DEL PROGRESO,1188,B,29,11,6,3,7,19,20,4,117,,339,17,356,682,,,,,,,,,,,,,,,,,,,,,
11,GUANAJUATO,19,VALLE DE SANTIAGO,18,JARAL DEL PROGRESO,1188,C01,30,10,5,6,5,10,21,9,128,,331,6,337,682,,,,,,,,,,,,,,,,,,,,,
11,GUANAJUATO,19,VALLE DE SANTIAGO,18,JARAL DEL PROGRESO,1188,C02,42,10,7,5,4,10,23,4,140,,367,15,382,681,,,,,,,,,,,,,,,,,,,,,
11,GUANAJUATO,19,VALLE DE SANTIAGO,18,JARAL DEL PROGRESO,1189,B,51,9,7,3,5,8,28,4,138,,365,8,373,721,,,,,,,,,,,,,,,,,,,,,
11,GUANAJUATO,19,VALLE DE SANTIAGO,18,JARAL DEL PROGRESO,1189,C01,39,4,4,0,2,9,20,11,51,,279,16,295,720,,,,,,,,,,,,,,,,,,,,,
11,GUANAJUATO,19,VALLE DE SANTIAGO,18,JARAL DEL PROGRESO,1190,B,6,4,1,0,3,0,5,4,200,,303,9,312,434,,,,,,,,,,,,,,,,,,,,,
11,GUANAJUATO,19,VALLE DE SANTIAGO,18,JARAL DEL PROGRESO,1190,C01,3,4,3,2,1,0,9,2,185,,306,11,317,433,,,,,,,,,,,,,,,,,,,,,
11,GUANAJUATO,19,VALLE DE SANTIAGO,18,JARAL DEL PROGRESO,1191,B,21,11,3,4,18,0,28,7,101,,311,9,320,548,,,,,,,,,,,,,,,,,,,,,
11,GUANAJUATO,19,VALLE DE SANTIAGO,18,JARAL DEL PROGRESO,1191,C01,33,9,4,4,11,2,27,3,84,,289,9,298,548,,,,,,,,,,,,,,,,,,,,,
11,GUANAJUATO,19,VALLE DE SANTIAGO,18,JARAL DEL PROGRESO,1191,C02,24,13,5,13,7,1,44,2,68,,291,14,305,548,,,,,,,,,,,,,,,,,,,,,
11,GUANAJUATO,19,VALLE DE SANTIAGO,18,JARAL DEL PROGRESO,1192,B,33,6,4,2,7,3,29,4,98,,288,13,301,537,,,,,,,,,,,,,,,,,,,,,
11,GUANAJUATO,19,VALLE DE SANTIAGO,18,JARAL DEL PROGRESO,1192,C01,24,7,2,3,7,1,22,3,94,,261,6,267,537,,,,,,,,,,,,,,,,,,,,,
11,GUANAJUATO,19,VALLE DE SANTIAGO,18,JARAL DEL PROGRESO,1192,E01,30,7,3,1,4,4,27,7,160,,427,20,448,618,,,,,,,,,,,,,,,,,,,,,
11,GUANAJUATO,19,VALLE DE SANTIAGO,18,JARAL DEL PROGRESO,1193,B,47,5,1,0,6,1,22,1,26,,247,5,253,476,,,,,,,,,,,,,,,,,,,,,
11,GUANAJUATO,19,VALLE DE SANTIAGO,18,JARAL DEL PROGRESO,1193,C01,34,1,1,1,4,2,12,5,21,,252,13,265,476,,,,,,,,,,,,,,,,,,,,,
11,GUANAJUATO,19,VALLE DE SANTIAGO,18,JARAL DEL PROGRESO,1194,B,15,7,3,4,2,0,6,2,21,0,257,6,263,410,,,,,,,,,,,,,,,,,,,,,
11,GUANAJUATO,19,VALLE DE SANTIAGO,18,JARAL DEL PROGRESO,1194,C01,23,3,2,1,0,0,11,1,20,,253,9,263,409,,,,,,,,,,,,,,,,,,,,,
11,GUANAJUATO,19,VALLE DE SANTIAGO,18,JARAL DEL PROGRESO,1195,B,35,5,1,0,2,3,19,1,27,,369,20,389,713,,,,,,,,,,,,,,,,,,,,,
11,GUANAJUATO,19,VALLE DE SANTIAGO,18,JARAL DEL PROGRESO,1195,C01,24,6,0,1,5,3,21,3,25,,387,11,398,712,,,,,,,,,,,,,,,,,,,,,
11,GUANAJUATO,19,VALLE DE SANTIAGO,18,JARAL DEL PROGRESO,1196,B,18,0,1,2,0,2,19,2,29,,396,17,413,634,,,,,,,,,,,,,,,,,,,,,
11,GUANAJUATO,19,VALLE DE SANTIAGO,18,JARAL DEL PROGRESO,1196,C01,26,3,1,6,1,4,12,3,16,,400,11,411,633,,,,,,,,,,,,,,,,,,,,,
11,GUANAJUATO,19,VALLE DE SANTIAGO,18,JARAL DEL PROGRESO,1197,B,64,7,1,2,3,2,27,1,129,,364,5,370,594,,,,,,,,,,,,,,,,,,,,,
11,GUANAJUATO,19,VALLE DE SANTIAGO,18,JARAL DEL PROGRESO,1197,E01,48,7,9,1,12,7,31,3,59,,291,11,302,592,,,,,,,,,,,,,,,,,,,,,
11,GUANAJUATO,19,VALLE DE SANTIAGO,18,JARAL DEL PROGRESO,1198,B,33,6,4,6,8,36,18,2,45,,219,4,223,410,,,,,,,,,,,,,,,,,,,,,
11,GUANAJUATO,19,VALLE DE SANTIAGO,18,JARAL DEL PROGRESO,1198,C01,25,4,0,2,4,0,32,3,26,,202,4,206,409,,,,,,,,,,,,,,,,,,,,,
11,GUANAJUATO,19,VALLE DE SANTIAGO,18,JARAL DEL PROGRESO,1199,B,23,11,3,4,6,2,47,2,22,,263,10,273,631,,,,,,,,,,,,,,,,,,,,,
11,GUANAJUATO,19,VALLE DE SANTIAGO,18,JARAL DEL PROGRESO,1200,B,24,19,4,7,4,0,56,4,32,,299,8,307,697,,,,,,,,,,,,,,,,,,,,,
11,GUANAJUATO,19,VALLE DE SANTIAGO,18,JARAL DEL PROGRESO,1201,B,28,9,2,6,4,6,65,5,36,,335,12,347,667,,,,,,,,,,,,,,,,,,,,,
11,GUANAJUATO,19,VALLE DE SANTIAGO,18,JARAL DEL PROGRESO,1202,B,26,2,5,3,8,1,56,4,24,,237,13,250,476,,,,,,,,,,,,,,,,,,,,,
11,GUANAJUATO,19,VALLE DE SANTIAGO,18,JARAL DEL PROGRESO,1203,B,36,4,2,6,7,2,52,2,21,,252,1,253,422,,,,,,,,,,,,,,,,,,,,,
11,GUANAJUATO,19,VALLE DE SANTIAGO,42,VALLE DE SANTIAGO,2816,B,87,23,3,13,0,2,72,11,6,2,231,5,237,501,,,,,,,,,,,,,,,,,,,,,
11,GUANAJUATO,19,VALLE DE SANTIAGO,42,VALLE DE SANTIAGO,2816,C01,67,26,4,10,1,3,60,2,10,4,206,2,209,501,,,,,,,,,,,,,,,,,,,,,
11,GUANAJUATO,19,VALLE DE SANTIAGO,42,VALLE DE SANTIAGO,2816,E01,48,27,3,8,0,4,67,4,15,8,202,8,210,543,,,,,,,,,,,,,,,,,,,,,
11,GUANAJUATO,19,VALLE DE SANTIAGO,42,VALLE DE SANTIAGO,2816,E01C01,66,19,9,16,1,0,54,6,6,2,198,6,204,543,,,,,,,,,,,,,,,,,,,,,
11,GUANAJUATO,19,VALLE DE SANTIAGO,42,VALLE DE SANTIAGO,2816,C02,86,21,4,6,2,5,75,5,17,1,231,3,234,501,,,,,,,,,,,,,,,,,,,,,
11,GUANAJUATO,19,VALLE DE SANTIAGO,42,VALLE DE SANTIAGO,2816,E02,74,27,13,9,0,9,106,8,39,6,323,4,329,737,,,,,,,,,,,,,,,,,,,,,
11,GUANAJUATO,19,VALLE DE SANTIAGO,42,VALLE DE SANTIAGO,2816,E02C01,60,36,17,6,3,6,104,4,23,5,294,4,298,737,,,,,,,,,,,,,,,,,,,,,
11,GUANAJUATO,19,VALLE DE SANTIAGO,42,VALLE DE SANTIAGO,2816,E02C02,88,45,12,16,4,12,77,7,14,7,305,9,317,736,,,,,,,,,,,,,,,,,,,,,
11,GUANAJUATO,19,VALLE DE SANTIAGO,42,VALLE DE SANTIAGO,2816,E02C03,90,35,4,14,1,7,91,4,27,9,317,1,319,736,,,,,,,,,,,,,,,,,,,,,
11,GUANAJUATO,19,VALLE DE SANTIAGO,42,VALLE DE SANTIAGO,2817,B,95,22,17,4,0,11,80,3,21,3,283,8,293,688,,,,,,,,,,,,,,,,,,,,,
11,GUANAJUATO,19,VALLE DE SANTIAGO,42,VALLE DE SANTIAGO,2817,C01,75,41,25,9,2,14,70,4,14,5,296,10,306,687,,,,,,,,,,,,,,,,,,,,,
11,GUANAJUATO,19,VALLE DE SANTIAGO,42,VALLE DE SANTIAGO,2818,B,85,26,3,18,3,1,83,2,13,3,279,11,290,598,,,,,,,,,,,,,,,,,,,,,
11,GUANAJUATO,19,VALLE DE SANTIAGO,42,VALLE DE SANTIAGO,2818,C01,76,28,5,12,1,11,60,2,11,1,249,11,260,598,,,,,,,,,,,,,,,,,,,,,
11,GUANAJUATO,19,VALLE DE SANTIAGO,42,VALLE DE SANTIAGO,2819,B,98,28,7,7,4,4,76,6,13,5,268,1,269,517,,,,,,,,,,,,,,,,,,,,,
11,GUANAJUATO,19,VALLE DE SANTIAGO,42,VALLE DE SANTIAGO,2819,C01,101,39,7,7,11,2,78,3,6,4,268,11,279,517,,,,,,,,,,,,,,,,,,,,,
11,GUANAJUATO,19,VALLE DE SANTIAGO,42,VALLE DE SANTIAGO,2819,E01,89,25,15,6,3,3,91,6,22,3,287,11,299,618,,,,,,,,,,,,,,,,,,,,,
11,GUANAJUATO,19,VALLE DE SANTIAGO,42,VALLE DE SANTIAGO,2819,E01C01,59,45,0,12,5,4,108,2,27,4,280,7,287,618,,,,,,,,,,,,,,,,,,,,,
11,GUANAJUATO,19,VALLE DE SANTIAGO,42,VALLE DE SANTIAGO,2820,B,136,17,2,5,2,6,47,2,15,1,246,6,253,389,,,,,,,,,,,,,,,,,,,,,
11,GUANAJUATO,19,VALLE DE SANTIAGO,42,VALLE DE SANTIAGO,2820,C01,149,26,2,1,0,2,50,3,16,2,269,4,274,389,,,,,,,,,,,,,,,,,,,,,
11,GUANAJUATO,19,VALLE DE SANTIAGO,42,VALLE DE SANTIAGO,2821,B,115,38,3,12,3,8,55,8,11,5,269,11,280,503,,,,,,,,,,,,,,,,,,,,,
11,GUANAJUATO,19,VALLE DE SANTIAGO,42,VALLE DE SANTIAGO,2821,C01,131,24,5,6,1,5,54,9,14,5,271,7,278,503,,,,,,,,,,,,,,,,,,,,,
11,GUANAJUATO,19,VALLE DE SANTIAGO,42,VALLE DE SANTIAGO,2822,B,72,31,5,4,0,6,79,6,8,0,221,6,227,422,,,,,,,,,,,,,,,,,,,,,
11,GUANAJUATO,19,VALLE DE SANTIAGO,42,VALLE DE SANTIAGO,2822,C01,74,35,14,6,0,10,70,4,16,1,241,6,250,422,,,,,,,,,,,,,,,,,,,,,
11,GUANAJUATO,19,VALLE DE SANTIAGO,42,VALLE DE SANTIAGO,2823,B,132,28,10,15,1,11,104,6,7,3,351,5,356,658,,,,,,,,,,,,,,,,,,,,,
11,GUANAJUATO,19,VALLE DE SANTIAGO,42,VALLE DE SANTIAGO,2823,C01,136,37,6,28,5,8,84,2,10,1,342,10,352,657,,,,,,,,,,,,,,,,,,,,,
11,GUANAJUATO,19,VALLE DE SANTIAGO,42,VALLE DE SANTIAGO,2824,B,55,27,8,13,1,7,66,4,5,2,212,6,221,527,,,,,,,,,,,,,,,,,,,,,
11,GUANAJUATO,19,VALLE DE SANTIAGO,42,VALLE DE SANTIAGO,2824,C01,76,33,8,9,3,6,57,2,13,1,233,5,238,527,,,,,,,,,,,,,,,,,,,,,
11,GUANAJUATO,19,VALLE DE SANTIAGO,42,VALLE DE SANTIAGO,2824,C02,62,28,8,15,2,5,67,0,8,3,220,9,229,527,,,,,,,,,,,,,,,,,,,,,
11,GUANAJUATO,19,VALLE DE SANTIAGO,42,VALLE DE SANTIAGO,2825,B,62,39,9,9,1,4,61,8,16,2,231,6,238,529,,,,,,,,,,,,,,,,,,,,,
11,GUANAJUATO,19,VALLE DE SANTIAGO,42,VALLE DE SANTIAGO,2825,C01,63,40,13,5,2,7,63,13,12,1,240,8,248,528,,,,,,,,,,,,,,,,,,,,,
11,GUANAJUATO,19,VALLE DE SANTIAGO,42,VALLE DE SANTIAGO,2825,C02,65,24,5,10,1,2,73,2,16,7,222,5,227,528,,,,,,,,,,,,,,,,,,,,,
11,GUANAJUATO,19,VALLE DE SANTIAGO,42,VALLE DE SANTIAGO,2826,B,65,36,11,13,6,2,89,4,18,1,279,6,285,657,,,,,,,,,,,,,,,,,,,,,
11,GUANAJUATO,19,VALLE DE SANTIAGO,42,VALLE DE SANTIAGO,2826,C01,79,45,11,16,2,8,99,2,15,4,303,10,313,656,,,,,,,,,,,,,,,,,,,,,
11,GUANAJUATO,19,VALLE DE SANTIAGO,42,VALLE DE SANTIAGO,2827,B,27,19,6,5,4,4,70,1,7,2,153,3,157,589,,,,,,,,,,,,,,,,,,,,,
11,GUANAJUATO,19,VALLE DE SANTIAGO,42,VALLE DE SANTIAGO,2827,C01,34,18,9,9,2,12,61,1,5,2,161,6,167,588,,,,,,,,,,,,,,,,,,,,,
11,GUANAJUATO,19,VALLE DE SANTIAGO,42,VALLE DE SANTIAGO,2827,C02,34,0,0,5,1,7,58,1,12,1,166,8,174,588,,,,,,,,,,,,,,,,,,,,,
11,GUANAJUATO,19,VALLE DE SANTIAGO,42,VALLE DE SANTIAGO,2828,B,39,30,10,4,0,5,61,5,6,0,166,8,174,524,,,,,,,,,,,,,,,,,,,,,
11,GUANAJUATO,19,VALLE DE SANTIAGO,42,VALLE DE SANTIAGO,2828,C01,40,24,6,5,0,6,72,3,13,0,178,13,191,523,,,,,,,,,,,,,,,,,,,,,
11,GUANAJUATO,19,VALLE DE SANTIAGO,42,VALLE DE SANTIAGO,2828,C02,57,22,8,6,2,6,58,2,8,3,185,9,194,523,,,,,,,,,,,,,,,,,,,,,
11,GUANAJUATO,19,VALLE DE SANTIAGO,42,VALLE DE SANTIAGO,2829,B,76,40,14,7,4,9,107,2,22,7,308,10,318,671,,,,,,,,,,,,,,,,,,,,,
11,GUANAJUATO,19,VALLE DE SANTIAGO,42,VALLE DE SANTIAGO,2829,C01,93,24,15,5,1,10,99,3,24,6,293,10,303,671,,,,,,,,,,,,,,,,,,,,,
11,GUANAJUATO,19,VALLE DE SANTIAGO,42,VALLE DE SANTIAGO,2830,B,101,36,10,5,3,7,87,6,17,4,300,12,312,639,,,,,,,,,,,,,,,,,,,,,
11,GUANAJUATO,19,VALLE DE SANTIAGO,42,VALLE DE SANTIAGO,2830,C01,88,39,12,8,2,4,80,4,17,1,280,10,290,639,,,,,,,,,,,,,,,,,,,,,
11,GUANAJUATO,19,VALLE DE SANTIAGO,42,VALLE DE SANTIAGO,2831,B,92,22,9,12,3,12,87,5,15,4,295,5,301,683,,,,,,,,,,,,,,,,,,,,,
11,GUANAJUATO,19,VALLE DE SANTIAGO,42,VALLE DE SANTIAGO,2831,C01,82,29,12,16,2,22,90,2,16,5,291,7,298,682,,,,,,,,,,,,,,,,,,,,,
11,GUANAJUATO,19,VALLE DE SANTIAGO,42,VALLE DE SANTIAGO,2832,B,124,34,9,8,1,9,81,1,11,1,305,10,315,528,,,,,,,,,,,,,,,,,,,,,
11,GUANAJUATO,19,VALLE DE SANTIAGO,42,VALLE DE SANTIAGO,2832,C01,127,31,2,12,1,4,80,4,17,1,292,8,301,528,,,,,,,,,,,,,,,,,,,,,
11,GUANAJUATO,19,VALLE DE SANTIAGO,42,VALLE DE SANTIAGO,2833,B,147,18,9,9,0,1,55,4,14,3,281,7,288,500,,,,,,,,,,,,,,,,,,,,,
11,GUANAJUATO,19,VALLE DE SANTIAGO,42,VALLE DE SANTIAGO,2833,C01,152,30,9,6,3,8,46,4,9,1,291,7,298,499,,,,,,,,,,,,,,,,,,,,,
11,GUANAJUATO,19,VALLE DE SANTIAGO,42,VALLE DE SANTIAGO,2833,S01,25,28,8,7,2,1,36,2,8,4,137,4,141,0,,,,,,,,,,,,,,,,,,,,,
11,GUANAJUATO,19,VALLE DE SANTIAGO,42,VALLE DE SANTIAGO,2834,B,120,0,0,15,3,6,68,5,16,3,292,9,304,506,,,,,,,,,,,,,,,,,,,,,
11,GUANAJUATO,19,VALLE DE SANTIAGO,42,VALLE DE SANTIAGO,2834,C01,114,26,5,13,3,6,78,3,11,1,282,7,289,506,,,,,,,,,,,,,,,,,,,,,
11,GUANAJUATO,19,VALLE DE SANTIAGO,42,VALLE DE SANTIAGO,2835,B,106,29,10,18,4,12,105,4,26,7,356,14,370,742,,,,,,,,,,,,,,,,,,,,,
11,GUANAJUATO,19,VALLE DE SANTIAGO,42,VALLE DE SANTIAGO,2835,C01,102,39,7,13,2,11,103,2,19,6,336,7,343,741,,,,,,,,,,,,,,,,,,,,,
11,GUANAJUATO,19,VALLE DE SANTIAGO,42,VALLE DE SANTIAGO,2835,C02,105,28,10,16,1,13,144,6,14,6,369,11,380,741,,,,,,,,,,,,,,,,,,,,,
11,GUANAJUATO,19,VALLE DE SANTIAGO,42,VALLE DE SANTIAGO,2836,B,72,16,10,5,6,10,46,4,8,5,193,10,203,512,,,,,,,,,,,,,,,,,,,,,
11,GUANAJUATO,19,VALLE DE SANTIAGO,42,VALLE DE SANTIAGO,2836,C01,84,22,9,4,2,16,45,4,14,4,220,3,223,512,,,,,,,,,,,,,,,,,,,,,
11,GUANAJUATO,19,VALLE DE SANTIAGO,42,VALLE DE SANTIAGO,2837,B,90,31,13,4,0,10,52,2,22,0,256,5,261,580,,,,,,,,,,,,,,,,,,,,,
11,GUANAJUATO,19,VALLE DE SANTIAGO,42,VALLE DE SANTIAGO,2837,C01,91,21,8,3,1,9,73,4,11,2,241,6,247,579,,,,,,,,,,,,,,,,,,,,,
11,GUANAJUATO,19,VALLE DE SANTIAGO,42,VALLE DE SANTIAGO,2838,B,66,23,20,7,2,10,66,3,10,2,226,2,228,545,,,,,,,,,,,,,,,,,,,,,
11,GUANAJUATO,19,VALLE DE SANTIAGO,42,VALLE DE SANTIAGO,2838,C01,56,30,5,6,6,3,70,2,9,5,210,9,219,544,,,,,,,,,,,,,,,,,,,,,
11,GUANAJUATO,19,VALLE DE SANTIAGO,42,VALLE DE SANTIAGO,2838,C02,56,25,15,4,1,12,59,1,12,5,202,6,208,544,,,,,,,,,,,,,,,,,,,,,
11,GUANAJUATO,19,VALLE DE SANTIAGO,42,VALLE DE SANTIAGO,2839,B,51,24,10,5,3,10,65,3,15,3,200,7,207,504,,,,,,,,,,,,,,,,,,,,,
11,GUANAJUATO,19,VALLE DE SANTIAGO,42,VALLE DE SANTIAGO,2839,C01,49,32,8,6,2,4,48,2,9,2,168,6,175,503,,,,,,,,,,,,,,,,,,,,,
11,GUANAJUATO,19,VALLE DE SANTIAGO,42,VALLE DE SANTIAGO,2839,C02,51,26,6,0,0,10,56,0,8,9,173,9,182,503,,,,,,,,,,,,,,,,,,,,,
11,GUANAJUATO,19,VALLE DE SANTIAGO,42,VALLE DE SANTIAGO,2840,B,93,38,22,6,2,4,80,6,14,0,276,5,282,695,,,,,,,,,,,,,,,,,,,,,
11,GUANAJUATO,19,VALLE DE SANTIAGO,42,VALLE DE SANTIAGO,2840,C01,87,23,4,11,1,6,71,3,8,3,227,6,235,694,,,,,,,,,,,,,,,,,,,,,
11,GUANAJUATO,19,VALLE DE SANTIAGO,42,VALLE DE SANTIAGO,2841,B,58,25,18,6,4,14,55,2,5,3,197,2,199,681,,,,,,,,,,,,,,,,,,,,,
11,GUANAJUATO,19,VALLE DE SANTIAGO,42,VALLE DE SANTIAGO,2841,C01,54,24,11,7,1,3,60,1,3,1,170,5,175,681,,,,,,,,,,,,,,,,,,,,,
11,GUANAJUATO,19,VALLE DE SANTIAGO,42,VALLE DE SANTIAGO,2841,C02,80,13,9,4,1,6,70,1,2,2,197,3,201,681,,,,,,,,,,,,,,,,,,,,,
11,GUANAJUATO,19,VALLE DE SANTIAGO,42,VALLE DE SANTIAGO,2841,C03,47,10,7,5,2,4,51,3,7,3,146,3,149,681,,,,,,,,,,,,,,,,,,,,,
11,GUANAJUATO,19,VALLE DE SANTIAGO,42,VALLE DE SANTIAGO,2841,C04,57,36,13,8,1,6,64,4,10,1,205,8,213,681,,,,,,,,,,,,,,,,,,,,,
11,GUANAJUATO,19,VALLE DE SANTIAGO,42,VALLE DE SANTIAGO,2842,B,62,45,19,11,8,4,46,4,2,3,227,11,239,698,,,,,,,,,,,,,,,,,,,,,
11,GUANAJUATO,19,VALLE DE SANTIAGO,42,VALLE DE SANTIAGO,2842,C01,66,38,22,7,10,6,74,3,13,3,255,6,262,698,,,,,,,,,,,,,,,,,,,,,
11,GUANAJUATO,19,VALLE DE SANTIAGO,42,VALLE DE SANTIAGO,2842,C02,52,33,10,8,3,7,75,3,7,3,221,9,231,697,,,,,,,,,,,,,,,,,,,,,
11,GUANAJUATO,19,VALLE DE SANTIAGO,42,VALLE DE SANTIAGO,2843,B,46,26,13,14,2,4,65,3,9,5,192,11,203,643,,,,,,,,,,,,,,,,,,,,,
11,GUANAJUATO,19,VALLE DE SANTIAGO,42,VALLE DE SANTIAGO,2843,C01,37,31,14,8,1,15,68,3,6,1,191,4,195,642,,,,,,,,,,,,,,,,,,,,,
11,GUANAJUATO,19,VALLE DE SANTIAGO,42,VALLE DE SANTIAGO,2843,C02,29,32,11,4,2,4,46,2,7,3,147,5,153,642,,,,,,,,,,,,,,,,,,,,,
11,GUANAJUATO,19,VALLE DE SANTIAGO,42,VALLE DE SANTIAGO,2843,C03,46,44,17,10,5,18,51,0,11,4,213,4,217,642,,,,,,,,,,,,,,,,,,,,,
11,GUANAJUATO,19,VALLE DE SANTIAGO,42,VALLE DE SANTIAGO,2844,B,29,40,11,10,2,7,73,0,11,8,199,9,208,626,,,,,,,,,,,,,,,,,,,,,
11,GUANAJUATO,19,VALLE DE SANTIAGO,42,VALLE DE SANTIAGO,2844,C01,45,27,21,8,4,6,62,4,6,7,207,7,214,626,,,,,,,,,,,,,,,,,,,,,
11,GUANAJUATO,19,VALLE DE SANTIAGO,42,VALLE DE SANTIAGO,2844,C02,33,43,16,7,3,5,82,2,5,3,210,7,217,626,,,,,,,,,,,,,,,,,,,,,
11,GUANAJUATO,19,VALLE DE SANTIAGO,42,VALLE DE SANTIAGO,2845,B,62,24,15,8,3,9,74,1,12,2,219,5,224,653,,,,,,,,,,,,,,,,,,,,,
11,GUANAJUATO,19,VALLE DE SANTIAGO,42,VALLE DE SANTIAGO,2845,C01,46,29,9,1,2,10,68,0,25,1,203,9,212,653,,,,,,,,,,,,,,,,,,,,,
11,GUANAJUATO,19,VALLE DE SANTIAGO,42,VALLE DE SANTIAGO,2846,B,59,29,23,5,2,7,54,0,12,2,206,8,214,713,,,,,,,,,,,,,,,,,,,,,
11,GUANAJUATO,19,VALLE DE SANTIAGO,42,VALLE DE SANTIAGO,2846,C01,51,33,20,12,2,11,42,3,10,1,198,8,206,713,,,,,,,,,,,,,,,,,,,,,
11,GUANAJUATO,19,VALLE DE SANTIAGO,42,VALLE DE SANTIAGO,2847,B,40,31,15,10,4,5,69,1,12,3,199,5,204,691,,,,,,,,,,,,,,,,,,,,,
11,GUANAJUATO,19,VALLE DE SANTIAGO,42,VALLE DE SANTIAGO,2847,C01,36,27,10,9,1,8,63,2,8,3,180,6,186,690,,,,,,,,,,,,,,,,,,,,,
11,GUANAJUATO,19,VALLE DE SANTIAGO,42,VALLE DE SANTIAGO,2847,C02,38,21,9,8,1,9,66,3,3,1,172,4,176,690,,,,,,,,,,,,,,,,,,,,,
11,GUANAJUATO,19,VALLE DE SANTIAGO,42,VALLE DE SANTIAGO,2847,C03,51,17,9,13,5,5,65,2,8,4,196,3,199,690,,,,,,,,,,,,,,,,,,,,,
11,GUANAJUATO,19,VALLE DE SANTIAGO,42,VALLE DE SANTIAGO,2848,B,105,9,2,4,1,4,23,2,0,0,152,1,153,525,,,,,,,,,,,,,,,,,,,,,
11,GUANAJUATO,19,VALLE DE SANTIAGO,42,VALLE DE SANTIAGO,2848,C01,121,10,5,0,3,3,25,1,1,2,173,5,178,525,,,,,,,,,,,,,,,,,,,,,
11,GUANAJUATO,19,VALLE DE SANTIAGO,42,VALLE DE SANTIAGO,2848,C02,87,9,11,6,1,2,29,2,1,0,152,5,157,524,,,,,,,,,,,,,,,,,,,,,
11,GUANAJUATO,19,VALLE DE SANTIAGO,42,VALLE DE SANTIAGO,2849,B,104,5,7,6,0,1,28,4,2,3,161,10,171,634,,,,,,,,,,,,,,,,,,,,,
11,GUANAJUATO,19,VALLE DE SANTIAGO,42,VALLE DE SANTIAGO,2849,E01,122,4,2,4,1,1,9,4,0,0,147,1,148,396,,,,,,,,,,,,,,,,,,,,,
11,GUANAJUATO,19,VALLE DE SANTIAGO,42,VALLE DE SANTIAGO,2850,B,35,3,2,7,7,7,48,2,4,1,127,3,130,392,,,,,,,,,,,,,,,,,,,,,
11,GUANAJUATO,19,VALLE DE SANTIAGO,42,VALLE DE SANTIAGO,2850,C01,36,2,2,4,4,16,61,7,1,2,144,3,147,392,,,,,,,,,,,,,,,,,,,,,
11,GUANAJUATO,19,VALLE DE SANTIAGO,42,VALLE DE SANTIAGO,2850,E01,101,7,4,10,3,3,47,1,13,0,195,7,202,462,,,,,,,,,,,,,,,,,,,,,
11,GUANAJUATO,19,VALLE DE SANTIAGO,42,VALLE DE SANTIAGO,2850,E02,22,7,3,4,0,5,35,1,1,1,80,3,83,283,,,,,,,,,,,,,,,,,,,,,
11,GUANAJUATO,19,VALLE DE SANTIAGO,42,VALLE DE SANTIAGO,2851,B,62,11,4,8,3,3,67,2,2,0,166,12,178,591,,,,,,,,,,,,,,,,,,,,,
11,GUANAJUATO,19,VALLE DE SANTIAGO,42,VALLE DE SANTIAGO,2851,C01,44,13,10,4,2,4,88,2,3,1,176,7,183,591,,,,,,,,,,,,,,,,,,,,,
11,GUANAJUATO,19,VALLE DE SANTIAGO,42,VALLE DE SANTIAGO,2852,B,58,11,4,1,1,22,54,3,5,3,165,6,171,583,,,,,,,,,,,,,,,,,,,,,
11,GUANAJUATO,19,VALLE DE SANTIAGO,42,VALLE DE SANTIAGO,2852,C01,34,6,6,13,2,21,52,2,4,1,142,7,149,582,,,,,,,,,,,,,,,,,,,,,
11,GUANAJUATO,19,VALLE DE SANTIAGO,42,VALLE DE SANTIAGO,2852,E01,42,6,2,4,3,3,53,3,7,1,127,5,132,476,,,,,,,,,,,,,,,,,,,,,
11,GUANAJUATO,19,VALLE DE SANTIAGO,42,VALLE DE SANTIAGO,2853,B,60,8,7,5,3,3,44,2,0,4,138,12,150,537,,,,,,,,,,,,,,,,,,,,,
11,GUANAJUATO,19,VALLE DE SANTIAGO,42,VALLE DE SANTIAGO,2853,C01,39,6,2,8,2,6,47,6,2,2,128,3,131,537,,,,,,,,,,,,,,,,,,,,,
11,GUANAJUATO,19,VALLE DE SANTIAGO,42,VALLE DE SANTIAGO,2854,B,67,12,29,3,4,3,62,0,1,1,184,6,190,534,,,,,,,,,,,,,,,,,,,,,
11,GUANAJUATO,19,VALLE DE SANTIAGO,42,VALLE DE SANTIAGO,2855,B,62,5,5,26,12,3,66,3,6,0,197,7,204,567,,,,,,,,,,,,,,,,,,,,,
11,GUANAJUATO,19,VALLE DE SANTIAGO,42,VALLE DE SANTIAGO,2855,C01,64,9,6,19,3,4,61,4,2,0,177,10,187,567,,,,,,,,,,,,,,,,,,,,,
11,GUANAJUATO,19,VALLE DE SANTIAGO,42,VALLE DE SANTIAGO,2855,C02,53,12,12,22,3,1,53,0,2,2,164,7,171,566,,,,,,,,,,,,,,,,,,,,,
11,GUANAJUATO,19,VALLE DE SANTIAGO,42,VALLE DE SANTIAGO,2856,B,64,10,11,10,22,19,68,12,0,0,220,0,220,691,,,,,,,,,,,,,,,,,,,,,
11,GUANAJUATO,19,VALLE DE SANTIAGO,42,VALLE DE SANTIAGO,2856,C01,52,7,17,4,21,25,59,3,4,2,197,8,205,690,,,,,,,,,,,,,,,,,,,,,
11,GUANAJUATO,19,VALLE DE SANTIAGO,42,VALLE DE SANTIAGO,2857,B,38,28,10,7,1,5,39,4,3,1,143,8,151,546,,,,,,,,,,,,,,,,,,,,,
11,GUANAJUATO,19,VALLE DE SANTIAGO,42,VALLE DE SANTIAGO,2857,C01,41,23,16,9,1,3,31,2,2,1,131,5,136,546,,,,,,,,,,,,,,,,,,,,,
11,GUANAJUATO,19,VALLE DE SANTIAGO,42,VALLE DE SANTIAGO,2858,B,14,12,6,1,1,3,72,1,4,0,115,4,119,459,,,,,,,,,,,,,,,,,,,,,
11,GUANAJUATO,19,VALLE DE SANTIAGO,42,VALLE DE SANTIAGO,2858,C01,17,11,5,0,1,0,52,1,1,0,105,4,109,458,,,,,,,,,,,,,,,,,,,,,
11,GUANAJUATO,19,VALLE DE SANTIAGO,42,VALLE DE SANTIAGO,2859,B,35,19,10,5,1,1,32,0,4,0,109,3,112,457,,,,,,,,,,,,,,,,,,,,,
11,GUANAJUATO,19,VALLE DE SANTIAGO,42,VALLE DE SANTIAGO,2859,C01,35,11,9,8,1,1,38,2,4,2,114,8,122,456,,,,,,,,,,,,,,,,,,,,,
11,GUANAJUATO,19,VALLE DE SANTIAGO,42,VALLE DE SANTIAGO,2860,B,21,20,12,1,1,4,59,0,1,0,125,2,127,417,,,,,,,,,,,,,,,,,,,,,
11,GUANAJUATO,19,VALLE DE SANTIAGO,42,VALLE DE SANTIAGO,2860,C01,13,30,21,6,2,4,40,2,0,0,124,7,131,416,,,,,,,,,,,,,,,,,,,,,
11,GUANAJUATO,19,VALLE DE SANTIAGO,42,VALLE DE SANTIAGO,2860,E01,49,39,23,9,2,1,41,2,10,0,190,7,197,521,,,,,,,,,,,,,,,,,,,,,
11,GUANAJUATO,19,VALLE DE SANTIAGO,42,VALLE DE SANTIAGO,2860,E01C01,53,0,0,11,2,1,55,5,2,2,218,7,225,521,,,,,,,,,,,,,,,,,,,,,
11,GUANAJUATO,19,VALLE DE SANTIAGO,42,VALLE DE SANTIAGO,2860,E01C02,42,53,22,9,2,1,52,7,9,1,208,5,213,521,,,,,,,,,,,,,,,,,,,,,
11,GUANAJUATO,19,VALLE DE SANTIAGO,42,VALLE DE SANTIAGO,2860,E02,54,10,25,2,1,1,88,0,3,0,189,9,198,666,,,,,,,,,,,,,,,,,,,,,
11,GUANAJUATO,19,VALLE DE SANTIAGO,42,VALLE DE SANTIAGO,2861,B,59,11,69,4,1,3,44,0,5,1,200,5,205,551,,,,,,,,,,,,,,,,,,,,,
11,GUANAJUATO,19,VALLE DE SANTIAGO,42,VALLE DE SANTIAGO,2861,C01,68,14,63,4,3,3,50,2,4,4,222,8,230,550,,,,,,,,,,,,,,,,,,,,,
11,GUANAJUATO,19,VALLE DE SANTIAGO,42,VALLE DE SANTIAGO,2861,E01,49,21,8,5,0,3,24,5,2,1,124,3,127,282,,,,,,,,,,,,,,,,,,,,,
11,GUANAJUATO,19,VALLE DE SANTIAGO,42,VALLE DE SANTIAGO,2862,B,62,10,17,25,8,10,70,5,2,1,223,9,232,736,,,,,,,,,,,,,,,,,,,,,
11,GUANAJUATO,19,VALLE DE SANTIAGO,42,VALLE DE SANTIAGO,2862,C01,60,15,20,14,10,4,86,3,6,1,234,7,241,735,,,,,,,,,,,,,,,,,,,,,
11,GUANAJUATO,19,VALLE DE SANTIAGO,42,VALLE DE SANTIAGO,2863,B,53,15,6,3,3,0,45,0,1,0,135,9,144,624,,,,,,,,,,,,,,,,,,,,,
11,GUANAJUATO,19,VALLE DE SANTIAGO,42,VALLE DE SANTIAGO,2863,E01,83,3,13,2,2,3,74,5,6,1,195,8,203,714,,,,,,,,,,,,,,,,,,,,,
11,GUANAJUATO,19,VALLE DE SANTIAGO,42,VALLE DE SANTIAGO,2863,E02,33,61,9,6,1,1,42,0,6,1,165,6,171,547,,,,,,,,,,,,,,,,,,,,,
11,GUANAJUATO,19,VALLE DE SANTIAGO,42,VALLE DE SANTIAGO,2864,B,59,13,10,4,3,2,72,2,2,1,171,5,176,611,,,,,,,,,,,,,,,,,,,,,
11,GUANAJUATO,19,VALLE DE SANTIAGO,42,VALLE DE SANTIAGO,2864,C01,42,15,14,3,5,5,56,4,1,1,149,8,157,611,,,,,,,,,,,,,,,,,,,,,
11,GUANAJUATO,19,VALLE DE SANTIAGO,42,VALLE DE SANTIAGO,2864,C02,61,19,4,6,3,4,60,4,2,1,167,5,172,611,,,,,,,,,,,,,,,,,,,,,
11,GUANAJUATO,19,VALLE DE SANTIAGO,42,VALLE DE SANTIAGO,2865,B,28,12,3,1,0,3,81,3,14,1,153,4,157,577,,,,,,,,,,,,,,,,,,,,,
11,GUANAJUATO,19,VALLE DE SANTIAGO,42,VALLE DE SANTIAGO,2865,C01,39,10,3,4,0,3,60,3,8,4,135,9,144,577,,,,,,,,,,,,,,,,,,,,,
11,GUANAJUATO,19,VALLE DE SANTIAGO,42,VALLE DE SANTIAGO,2866,B,82,9,1,7,0,4,65,3,10,1,184,3,187,687,,,,,,,,,,,,,,,,,,,,,
11,GUANAJUATO,19,VALLE DE SANTIAGO,42,VALLE DE SANTIAGO,2866,C01,68,10,2,1,1,4,48,2,4,1,144,7,151,686,,,,,,,,,,,,,,,,,,,,,
11,GUANAJUATO,19,VALLE DE SANTIAGO,42,VALLE DE SANTIAGO,2867,B,47,54,16,6,3,2,35,2,3,1,182,7,189,684,,,,,,,,,,,,,,,,,,,,,
11,GUANAJUATO,19,VALLE DE SANTIAGO,42,VALLE DE SANTIAGO,2867,C01,43,40,16,3,4,0,38,2,6,0,166,9,175,684,,,,,,,,,,,,,,,,,,,,,
11,GUANAJUATO,19,VALLE DE SANTIAGO,42,VALLE DE SANTIAGO,2867,C02,50,35,15,6,1,2,30,2,1,0,147,5,152,684,,,,,,,,,,,,,,,,,,,,,
11,GUANAJUATO,19,VALLE DE SANTIAGO,42,VALLE DE SANTIAGO,2867,C03,56,68,15,3,2,1,30,2,2,0,192,5,197,683,,,,,,,,,,,,,,,,,,,,,
11,GUANAJUATO,19,VALLE DE SANTIAGO,42,VALLE DE SANTIAGO,2868,B,77,28,32,6,0,6,67,5,22,0,260,4,264,635,,,,,,,,,,,,,,,,,,,,,
11,GUANAJUATO,19,VALLE DE SANTIAGO,42,VALLE DE SANTIAGO,2868,C01,69,16,15,9,1,12,84,8,24,0,266,6,272,635,,,,,,,,,,,,,,,,,,,,,
11,GUANAJUATO,19,VALLE DE SANTIAGO,42,VALLE DE SANTIAGO,2868,C02,72,15,16,4,1,6,81,4,11,3,235,8,243,635,,,,,,,,,,,,,,,,,,,,,
11,GUANAJUATO,19,VALLE DE SANTIAGO,42,VALLE DE SANTIAGO,2869,B,72,8,12,6,2,3,52,0,4,1,192,3,195,443,,,,,,,,,,,,,,,,,,,,,
11,GUANAJUATO,19,VALLE DE SANTIAGO,42,VALLE DE SANTIAGO,2869,C01,61,9,7,4,0,1,92,1,1,1,203,3,206,443,,,,,,,,,,,,,,,,,,,,,
11,GUANAJUATO,19,VALLE DE SANTIAGO,42,VALLE DE SANTIAGO,2869,E01,133,27,10,8,1,6,61,1,7,2,264,14,278,727,,,,,,,,,,,,,,,,,,,,,
11,GUANAJUATO,19,VALLE DE SANTIAGO,42,VALLE DE SANTIAGO,2870,B,67,8,5,3,1,1,48,2,4,0,142,6,148,505,,,,,,,,,,,,,,,,,,,,,
11,GUANAJUATO,19,VALLE DE SANTIAGO,42,VALLE DE SANTIAGO,2870,E01,109,15,16,17,6,5,90,13,2,4,287,8,295,736,,,,,,,,,,,,,,,,,,,,,
11,GUANAJUATO,19,VALLE DE SANTIAGO,42,VALLE DE SANTIAGO,2870,E02,76,19,8,5,4,2,68,0,5,1,191,6,197,510,,,,,,,,,,,,,,,,,,,,,
11,GUANAJUATO,19,VALLE DE SANTIAGO,42,VALLE DE SANTIAGO,2871,B,32,30,27,12,2,2,56,1,0,1,171,1,172,496,,,,,,,,,,,,,,,,,,,,,
11,GUANAJUATO,19,VALLE DE SANTIAGO,42,VALLE DE SANTIAGO,2871,C01,22,31,31,4,3,3,57,1,1,1,162,8,170,496,,,,,,,,,,,,,,,,,,,,,
11,GUANAJUATO,19,VALLE DE SANTIAGO,42,VALLE DE SANTIAGO,2871,E01,31,15,16,4,0,3,28,1,4,3,115,5,120,379,,,,,,,,,,,,,,,,,,,,,
11,GUANAJUATO,19,VALLE DE SANTIAGO,42,VALLE DE SANTIAGO,2871,E01C01,31,15,16,4,0,3,28,1,4,3,115,5,120,379,,,,,,,,,,,,,,,,,,,,,
11,GUANAJUATO,19,VALLE DE SANTIAGO,42,VALLE DE SANTIAGO,2872,B,100,13,16,7,5,7,89,3,10,1,256,6,262,594,,,,,,,,,,,,,,,,,,,,,
11,GUANAJUATO,19,VALLE DE SANTIAGO,42,VALLE DE SANTIAGO,2872,C01,100,9,11,6,4,3,74,4,19,4,241,9,250,593,,,,,,,,,,,,,,,,,,,,,
11,GUANAJUATO,19,VALLE DE SANTIAGO,42,VALLE DE SANTIAGO,2872,E01,162,14,8,5,0,8,46,0,1,3,248,3,251,651,,,,,,,,,,,,,,,,,,,,,
11,GUANAJUATO,19,VALLE DE SANTIAGO,42,VALLE DE SANTIAGO,2873,B,62,3,6,6,2,4,117,1,20,2,228,12,240,532,,,,,,,,,,,,,,,,,,,,,
11,GUANAJUATO,19,VALLE DE SANTIAGO,42,VALLE DE SANTIAGO,2873,C01,56,8,8,4,6,4,108,1,8,1,213,11,226,531,,,,,,,,,,,,,,,,,,,,,
11,GUANAJUATO,19,VALLE DE SANTIAGO,42,VALLE DE SANTIAGO,2873,C02,58,9,3,6,9,3,101,0,12,0,204,6,210,531,,,,,,,,,,,,,,,,,,,,,
11,GUANAJUATO,19,VALLE DE SANTIAGO,42,VALLE DE SANTIAGO,2874,B,100,17,8,8,5,12,119,7,5,2,285,5,291,720,,,,,,,,,,,,,,,,,,,,,
11,GUANAJUATO,19,VALLE DE SANTIAGO,42,VALLE DE SANTIAGO,2874,C01,87,11,11,6,2,1,110,1,5,1,261,4,265,719,,,,,,,,,,,,,,,,,,,,,
11,GUANAJUATO,19,VALLE DE SANTIAGO,42,VALLE DE SANTIAGO,2875,B,114,19,19,5,2,1,72,1,7,1,241,6,247,474,,,,,,,,,,,,,,,,,,,,,
11,GUANAJUATO,19,VALLE DE SANTIAGO,42,VALLE DE SANTIAGO,2875,C01,110,24,13,3,2,4,70,2,8,1,245,6,251,473,,,,,,,,,,,,,,,,,,,,,
11,GUANAJUATO,19,VALLE DE SANTIAGO,42,VALLE DE SANTIAGO,2875,E01,106,17,8,1,1,6,24,1,8,1,176,6,182,440,,,,,,,,,,,,,,,,,,,,,
11,GUANAJUATO,19,VALLE DE SANTIAGO,42,VALLE DE SANTIAGO,2875,E01C01,96,16,8,3,0,1,12,1,3,3,147,9,156,439,,,,,,,,,,,,,,,,,,,,,
11,GUANAJUATO,19,VALLE DE SANTIAGO,42,VALLE DE SANTIAGO,2876,B,35,7,9,3,5,4,29,0,0,2,95,7,102,449,,,,,,,,,,,,,,,,,,,,,
11,GUANAJUATO,19,VALLE DE SANTIAGO,42,VALLE DE SANTIAGO,2876,C01,44,7,17,4,3,4,36,2,0,1,124,4,128,449,,,,,,,,,,,,,,,,,,,,,
11,GUANAJUATO,19,VALLE DE SANTIAGO,42,VALLE DE SANTIAGO,2876,E01,19,10,14,5,4,2,34,2,3,0,96,2,98,477,,,,,,,,,,,,,,,,,,,,,
11,GUANAJUATO,19,VALLE DE SANTIAGO,42,VALLE DE SANTIAGO,2876,E01C01,26,27,16,2,4,4,39,0,1,0,124,1,125,476,,,,,,,,,,,,,,,,,,,,,
11,GUANAJUATO,19,VALLE DE SANTIAGO,42,VALLE DE SANTIAGO,2876,E02,62,5,7,3,2,2,24,2,0,0,109,6,115,435,,,,,,,,,,,,,,,,,,,,,
11,GUANAJUATO,19,VALLE DE SANTIAGO,42,VALLE DE SANTIAGO,2877,B,53,22,13,11,1,7,49,3,6,2,198,6,204,563,,,,,,,,,,,,,,,,,,,,,
11,GUANAJUATO,19,VALLE DE SANTIAGO,42,VALLE DE SANTIAGO,2877,C01,82,25,17,8,0,9,60,5,9,4,238,8,246,563,,,,,,,,,,,,,,,,,,,,,
11,GUANAJUATO,19,VALLE DE SANTIAGO,42,VALLE DE SANTIAGO,2877,E01,40,8,7,8,0,3,44,1,3,3,137,7,144,406,,,,,,,,,,,,,,,,,,,,,
11,GUANAJUATO,19,VALLE DE SANTIAGO,42,VALLE DE SANTIAGO,2877,E01C01,35,8,3,3,3,2,30,3,2,0,107,4,111,406,,,,,,,,,,,,,,,,,,,,,
11,GUANAJUATO,19,VALLE DE SANTIAGO,42,VALLE DE SANTIAGO,2878,B,40,51,10,4,1,3,16,3,0,1,133,5,138,513,,,,,,,,,,,,,,,,,,,,,
11,GUANAJUATO,19,VALLE DE SANTIAGO,42,VALLE DE SANTIAGO,2878,C01,51,50,7,4,1,3,15,2,2,1,139,9,148,513,,,,,,,,,,,,,,,,,,,,,
11,GUANAJUATO,19,VALLE DE SANTIAGO,42,VALLE DE SANTIAGO,2878,E01,104,16,10,8,2,6,30,0,3,0,189,11,200,508,,,,,,,,,,,,,,,,,,,,,
11,GUANAJUATO,19,VALLE DE SANTIAGO,42,VALLE DE SANTIAGO,2878,C02,47,37,10,1,2,4,13,1,0,0,117,5,122,513,,,,,,,,,,,,,,,,,,,,,
11,GUANAJUATO,19,VALLE DE SANTIAGO,42,VALLE DE SANTIAGO,2879,B,64,22,15,7,5,5,39,10,7,6,188,7,196,534,,,,,,,,,,,,,,,,,,,,,
11,GUANAJUATO,19,VALLE DE SANTIAGO,42,VALLE DE SANTIAGO,2879,E01,85,46,11,12,2,2,43,1,5,0,218,11,229,618,,,,,,,,,,,,,,,,,,,,,
11,GUANAJUATO,19,VALLE DE SANTIAGO,42,VALLE DE SANTIAGO,2880,B,75,11,4,5,1,0,23,1,4,0,127,2,129,646,,,,,,,,,,,,,,,,,,,,,
11,GUANAJUATO,19,VALLE DE SANTIAGO,42,VALLE DE SANTIAGO,2880,E01,52,8,2,7,5,1,24,0,6,2,109,2,111,399,,,,,,,,,,,,,,,,,,,,,
11,GUANAJUATO,19,VALLE DE SANTIAGO,42,VALLE DE SANTIAGO,2880,E01C01,65,16,0,5,1,2,19,2,3,1,115,2,117,399,,,,,,,,,,,,,,,,,,,,,
11,GUANAJUATO,19,VALLE DE SANTIAGO,42,VALLE DE SANTIAGO,2881,B,41,29,5,2,3,4,57,3,10,1,164,12,176,549,,,,,,,,,,,,,,,,,,,,,
11,GUANAJUATO,19,VALLE DE SANTIAGO,42,VALLE DE SANTIAGO,2881,C01,48,22,13,5,1,6,63,2,4,2,172,3,175,549,,,,,,,,,,,,,,,,,,,,,
11,GUANAJUATO,19,VALLE DE SANTIAGO,42,VALLE DE SANTIAGO,2882,B,67,10,3,1,2,4,38,2,4,1,152,6,158,552,,,,,,,,,,,,,,,,,,,,,
11,GUANAJUATO,19,VALLE DE SANTIAGO,42,VALLE DE SANTIAGO,2882,C01,68,6,3,4,0,5,46,3,5,3,157,2,159,551,,,,,,,,,,,,,,,,,,,,,
11,GUANAJUATO,19,VALLE DE SANTIAGO,42,VALLE DE SANTIAGO,2882,C02,55,12,3,2,2,4,58,2,2,1,159,2,161,551,,,,,,,,,,,,,,,,,,,,,
11,GUANAJUATO,19,VALLE DE SANTIAGO,42,VALLE DE SANTIAGO,2883,B,99,12,4,8,1,2,88,2,3,3,225,8,233,692,,,,,,,,,,,,,,,,,,,,,
11,GUANAJUATO,19,VALLE DE SANTIAGO,42,VALLE DE SANTIAGO,2883,C01,106,9,10,8,3,7,80,5,4,2,237,10,247,692,,,,,,,,,,,,,,,,,,,,,
11,GUANAJUATO,19,VALLE DE SANTIAGO,42,VALLE DE SANTIAGO,2884,B,76,14,9,3,0,2,13,0,27,0,149,9,158,512,,,,,,,,,,,,,,,,,,,,,
11,GUANAJUATO,19,VALLE DE SANTIAGO,42,VALLE DE SANTIAGO,2884,C01,52,8,3,13,1,3,21,0,13,0,117,3,120,511,,,,,,,,,,,,,,,,,,,,,
11,GUANAJUATO,19,VALLE DE SANTIAGO,42,VALLE DE SANTIAGO,2885,B,39,17,13,1,2,4,41,2,5,0,125,4,129,505,,,,,,,,,,,,,,,,,,,,,
11,GUANAJUATO,19,VALLE DE SANTIAGO,42,VALLE DE SANTIAGO,2885,C01,45,20,22,8,3,6,19,3,4,0,137,5,142,505,,,,,,,,,,,,,,,,,,,,,
11,GUANAJUATO,19,VALLE DE SANTIAGO,42,VALLE DE SANTIAGO,2886,B,139,5,9,4,0,0,23,1,1,1,185,12,197,670,,,,,,,,,,,,,,,,,,,,,
11,GUANAJUATO,19,VALLE DE SANTIAGO,42,VALLE DE SANTIAGO,2886,E01,29,11,1,5,1,5,34,0,3,0,93,3,96,286,,,,,,,,,,,,,,,,,,,,,
11,GUANAJUATO,19,VALLE DE SANTIAGO,42,VALLE DE SANTIAGO,2887,B,74,13,6,7,2,3,62,1,4,0,192,10,202,724,,,,,,,,,,,,,,,,,,,,,
11,GUANAJUATO,19,VALLE DE SANTIAGO,42,VALLE DE SANTIAGO,2887,E01,29,15,8,9,4,10,54,2,1,5,179,11,190,476,,,,,,,,,,,,,,,,,,,,,
11,GUANAJUATO,19,VALLE DE SANTIAGO,42,VALLE DE SANTIAGO,2888,B,55,11,9,2,3,2,17,1,2,4,109,3,112,415,,,,,,,,,,,,,,,,,,,,,
11,GUANAJUATO,19,VALLE DE SANTIAGO,42,VALLE DE SANTIAGO,2888,C01,67,13,5,1,0,1,37,4,2,1,135,6,141,415,,,,,,,,,,,,,,,,,,,,,
11,GUANAJUATO,19,VALLE DE SANTIAGO,42,VALLE DE SANTIAGO,2888,E01,97,57,14,12,1,2,79,3,6,2,279,15,294,549,,,,,,,,,,,,,,,,,,,,,
11,GUANAJUATO,19,VALLE DE SANTIAGO,42,VALLE DE SANTIAGO,2889,B,39,7,4,2,3,1,30,2,3,1,93,2,95,540,,,,,,,,,,,,,,,,,,,,,
11,GUANAJUATO,19,VALLE DE SANTIAGO,42,VALLE DE SANTIAGO,2889,C01,35,13,6,3,1,1,32,0,5,1,99,9,108,540,,,,,,,,,,,,,,,,,,,,,
11,GUANAJUATO,19,VALLE DE SANTIAGO,42,VALLE DE SANTIAGO,2890,B,74,5,6,1,1,2,44,1,5,0,143,3,146,549,,,,,,,,,,,,,,,,,,,,,
11,GUANAJUATO,19,VALLE DE SANTIAGO,42,VALLE DE SANTIAGO,2890,E01,49,24,7,0,2,0,32,0,1,0,121,2,123,369,,,,,,,,,,,,,,,,,,,,,
11,GUANAJUATO,19,VALLE DE SANTIAGO,42,VALLE DE SANTIAGO,2890,E02,53,5,5,0,4,1,66,1,7,0,147,8,155,331,,,,,,,,,,,,,,,,,,,,,
11,GUANAJUATO,20,YURIRIA,21,MOROLEON,1859,B,75,4,4,3,12,167,31,,,0,296,7,303,675,,,,,,,,,,,,,,,,,,,,,
11,GUANAJUATO,20,YURIRIA,21,MOROLEON,1859,C01,59,2,5,4,6,183,54,,,1,314,6,320,674,,,,,,,,,,,,,,,,,,,,,
11,GUANAJUATO,20,YURIRIA,21,MOROLEON,1859,C02,81,4,2,9,8,181,52,,,1,338,1,339,674,,,,,,,,,,,,,,,,,,,,,
11,GUANAJUATO,20,YURIRIA,21,MOROLEON,1860,B,54,10,11,8,6,148,30,,,1,268,4,272,584,,,,,,,,,,,,,,,,,,,,,
11,GUANAJUATO,20,YURIRIA,21,MOROLEON,1860,C01,38,9,9,7,9,164,26,,,2,264,6,270,584,,,,,,,,,,,,,,,,,,,,,
11,GUANAJUATO,20,YURIRIA,21,MOROLEON,1861,B,53,10,7,5,9,150,61,,,2,297,5,302,616,,,,,,,,,,,,,,,,,,,,,
11,GUANAJUATO,20,YURIRIA,21,MOROLEON,1861,C01,62,15,12,5,9,160,36,,,1,301,6,307,615,,,,,,,,,,,,,,,,,,,,,
11,GUANAJUATO,20,YURIRIA,21,MOROLEON,1862,B,84,14,16,9,5,163,77,,,2,370,3,373,707,,,,,,,,,,,,,,,,,,,,,
11,GUANAJUATO,20,YURIRIA,21,MOROLEON,1863,B,55,6,5,2,6,112,29,,,2,217,12,229,431,,,,,,,,,,,,,,,,,,,,,
11,GUANAJUATO,20,YURIRIA,21,MOROLEON,1863,C01,54,9,3,4,3,95,37,,,2,207,11,218,430,,,,,,,,,,,,,,,,,,,,,
11,GUANAJUATO,20,YURIRIA,21,MOROLEON,1864,B,59,15,13,11,15,163,43,,,0,320,5,325,655,,,,,,,,,,,,,,,,,,,,,
11,GUANAJUATO,20,YURIRIA,21,MOROLEON,1864,C01,91,7,14,10,6,178,59,,,0,365,10,375,655,,,,,,,,,,,,,,,,,,,,,
11,GUANAJUATO,20,YURIRIA,21,MOROLEON,1865,B,87,12,6,8,8,146,58,,,2,327,6,333,710,,,,,,,,,,,,,,,,,,,,,
11,GUANAJUATO,20,YURIRIA,21,MOROLEON,1866,B,63,21,18,17,5,66,28,,,1,221,0,221,399,,,,,,,,,,,,,,,,,,,,,
11,GUANAJUATO,20,YURIRIA,21,MOROLEON,1866,C01,49,16,15,8,2,131,18,,,0,240,7,247,398,,,,,,,,,,,,,,,,,,,,,
11,GUANAJUATO,20,YURIRIA,21,MOROLEON,1866,S01,16,5,2,1,0,36,8,,,0,75,2,77,0,,,,,,,,,,,,,,,,,,,,,
11,GUANAJUATO,20,YURIRIA,21,MOROLEON,1867,B,66,6,18,1,11,131,50,,,1,284,4,288,517,,,,,,,,,,,,,,,,,,,,,
11,GUANAJUATO,20,YURIRIA,21,MOROLEON,1867,C01,61,9,18,10,5,123,47,,,1,274,6,280,516,,,,,,,,,,,,,,,,,,,,,
11,GUANAJUATO,20,YURIRIA,21,MOROLEON,1868,B,57,21,7,8,3,113,33,,,1,245,2,247,438,,,,,,,,,,,,,,,,,,,,,
11,GUANAJUATO,20,YURIRIA,21,MOROLEON,1868,C01,57,22,5,6,3,134,29,,,1,259,4,263,437,,,,,,,,,,,,,,,,,,,,,
11,GUANAJUATO,20,YURIRIA,21,MOROLEON,1869,B,82,13,13,5,8,194,54,,,2,371,3,374,692,,,,,,,,,,,,,,,,,,,,,
11,GUANAJUATO,20,YURIRIA,21,MOROLEON,1869,C01,75,13,16,7,16,214,69,,,1,412,4,416,692,,,,,,,,,,,,,,,,,,,,,
11,GUANAJUATO,20,YURIRIA,21,MOROLEON,1870,B,71,7,23,6,10,169,61,,,1,348,10,358,699,,,,,,,,,,,,,,,,,,,,,
11,GUANAJUATO,20,YURIRIA,21,MOROLEON,1870,C01,86,10,21,4,7,193,55,,,2,379,8,387,699,,,,,,,,,,,,,,,,,,,,,
11,GUANAJUATO,20,YURIRIA,21,MOROLEON,1871,B,56,5,12,3,9,144,41,,,0,270,6,276,572,,,,,,,,,,,,,,,,,,,,,
11,GUANAJUATO,20,YURIRIA,21,MOROLEON,1871,C01,53,9,2,2,10,167,41,,,0,284,4,288,572,,,,,,,,,,,,,,,,,,,,,
11,GUANAJUATO,20,YURIRIA,21,MOROLEON,1872,B,58,6,7,2,8,167,34,,,2,284,4,288,732,,,,,,,,,,,,,,,,,,,,,
11,GUANAJUATO,20,YURIRIA,21,MOROLEON,1872,C01,77,4,5,2,6,184,27,,,4,309,1,310,732,,,,,,,,,,,,,,,,,,,,,
11,GUANAJUATO,20,YURIRIA,21,MOROLEON,1872,C02,60,3,3,6,12,176,49,,,1,310,19,329,732,,,,,,,,,,,,,,,,,,,,,
11,GUANAJUATO,20,YURIRIA,21,MOROLEON,1872,C03,60,11,6,1,12,201,39,,,0,330,3,333,731,,,,,,,,,,,,,,,,,,,,,
11,GUANAJUATO,20,YURIRIA,21,MOROLEON,1873,B,80,4,4,10,5,161,32,,,0,296,7,303,625,,,,,,,,,,,,,,,,,,,,,
11,GUANAJUATO,20,YURIRIA,21,MOROLEON,1873,C01,75,7,5,3,6,134,46,,,2,278,7,285,625,,,,,,,,,,,,,,,,,,,,,
11,GUANAJUATO,20,YURIRIA,21,MOROLEON,1874,B,74,5,14,10,4,104,32,,,1,246,7,253,455,,,,,,,,,,,,,,,,,,,,,
11,GUANAJUATO,20,YURIRIA,21,MOROLEON,1874,C01,59,13,8,10,2,128,34,,,1,255,5,261,455,,,,,,,,,,,,,,,,,,,,,
11,GUANAJUATO,20,YURIRIA,21,MOROLEON,1875,B,67,15,21,7,15,153,61,,,1,340,5,345,686,,,,,,,,,,,,,,,,,,,,,
11,GUANAJUATO,20,YURIRIA,21,MOROLEON,1875,C01,83,12,15,6,21,144,58,,,4,343,4,347,686,,,,,,,,,,,,,,,,,,,,,
11,GUANAJUATO,20,YURIRIA,21,MOROLEON,1876,B,58,15,24,6,2,134,33,,,3,277,5,282,446,,,,,,,,,,,,,,,,,,,,,
11,GUANAJUATO,20,YURIRIA,21,MOROLEON,1876,C01,50,12,20,2,9,123,43,,,2,261,4,265,446,,,,,,,,,,,,,,,,,,,,,
11,GUANAJUATO,20,YURIRIA,21,MOROLEON,1877,B,64,17,26,17,3,126,30,,,3,286,0,286,491,,,,,,,,,,,,,,,,,,,,,
11,GUANAJUATO,20,YURIRIA,21,MOROLEON,1877,C01,75,19,21,9,4,125,27,,,2,282,10,292,490,,,,,,,,,,,,,,,,,,,,,
11,GUANAJUATO,20,YURIRIA,21,MOROLEON,1878,B,69,9,12,3,8,106,40,,,1,250,2,252,469,,,,,,,,,,,,,,,,,,,,,
11,GUANAJUATO,20,YURIRIA,21,MOROLEON,1878,C01,64,16,9,7,7,106,27,,,2,240,6,246,468,,,,,,,,,,,,,,,,,,,,,
11,GUANAJUATO,20,YURIRIA,21,MOROLEON,1879,B,47,5,6,6,19,141,38,,,1,264,2,266,609,,,,,,,,,,,,,,,,,,,,,
11,GUANAJUATO,20,YURIRIA,21,MOROLEON,1879,C01,66,11,8,11,12,152,22,,,0,282,4,286,608,,,,,,,,,,,,,,,,,,,,,
11,GUANAJUATO,20,YURIRIA,21,MOROLEON,1880,B,45,5,6,2,13,137,39,,,0,247,10,257,570,,,,,,,,,,,,,,,,,,,,,
11,GUANAJUATO,20,YURIRIA,21,MOROLEON,1880,C01,41,2,10,2,14,122,37,,,1,229,3,232,570,,,,,,,,,,,,,,,,,,,,,
11,GUANAJUATO,20,YURIRIA,21,MOROLEON,1881,B,49,7,8,6,3,86,20,,,3,182,9,191,559,,,,,,,,,,,,,,,,,,,,,
11,GUANAJUATO,20,YURIRIA,21,MOROLEON,1882,B,60,1,6,4,8,124,58,,,0,261,4,265,660,,,,,,,,,,,,,,,,,,,,,
11,GUANAJUATO,20,YURIRIA,21,MOROLEON,1882,C01,53,5,12,7,15,128,55,,,2,277,11,288,660,,,,,,,,,,,,,,,,,,,,,
11,GUANAJUATO,20,YURIRIA,21,MOROLEON,1882,C02,78,6,14,5,9,123,57,,,4,296,7,303,660,,,,,,,,,,,,,,,,,,,,,
11,GUANAJUATO,20,YURIRIA,21,MOROLEON,1882,C03,71,5,7,1,13,119,37,,,1,254,6,260,660,,,,,,,,,,,,,,,,,,,,,
11,GUANAJUATO,20,YURIRIA,21,MOROLEON,1882,C04,57,0,12,5,3,134,54,,,2,267,3,270,660,,,,,,,,,,,,,,,,,,,,,
11,GUANAJUATO,20,YURIRIA,21,MOROLEON,1883,B,47,7,2,8,11,131,44,,,1,251,8,259,701,,,,,,,,,,,,,,,,,,,,,
11,GUANAJUATO,20,YURIRIA,21,MOROLEON,1883,C01,57,4,9,4,9,128,45,,,2,258,3,261,701,,,,,,,,,,,,,,,,,,,,,
11,GUANAJUATO,20,YURIRIA,21,MOROLEON,1884,B,61,5,15,10,17,136,42,,,0,286,4,290,652,,,,,,,,,,,,,,,,,,,,,
11,GUANAJUATO,20,YURIRIA,21,MOROLEON,1884,C01,61,0,0,11,11,125,27,,,1,257,8,265,652,,,,,,,,,,,,,,,,,,,,,
11,GUANAJUATO,20,YURIRIA,21,MOROLEON,1884,C02,64,1,6,10,11,107,53,,,0,252,4,256,652,,,,,,,,,,,,,,,,,,,,,
11,GUANAJUATO,20,YURIRIA,21,MOROLEON,1884,C03,51,4,8,8,8,146,44,,,0,269,5,274,652,,,,,,,,,,,,,,,,,,,,,
11,GUANAJUATO,20,YURIRIA,21,MOROLEON,1885,B,56,11,7,10,5,161,39,,,1,292,4,296,543,,,,,,,,,,,,,,,,,,,,,
11,GUANAJUATO,20,YURIRIA,21,MOROLEON,1885,C01,61,10,12,8,9,122,34,,,0,256,7,264,542,,,,,,,,,,,,,,,,,,,,,
11,GUANAJUATO,20,YURIRIA,21,MOROLEON,1885,C02,57,9,12,20,9,159,45,,,0,311,5,316,542,,,,,,,,,,,,,,,,,,,,,
11,GUANAJUATO,20,YURIRIA,21,MOROLEON,1886,B,91,18,39,11,17,171,54,,,1,402,11,413,690,,,,,,,,,,,,,,,,,,,,,
11,GUANAJUATO,20,YURIRIA,21,MOROLEON,1886,C01,105,19,21,19,4,153,52,,,0,374,10,384,690,,,,,,,,,,,,,,,,,,,,,
11,GUANAJUATO,20,YURIRIA,21,MOROLEON,1886,C02,95,31,21,18,2,182,36,,,1,387,6,393,689,,,,,,,,,,,,,,,,,,,,,
11,GUANAJUATO,20,YURIRIA,21,MOROLEON,1887,B,62,7,9,2,4,78,43,,,0,205,8,213,573,,,,,,,,,,,,,,,,,,,,,
11,GUANAJUATO,20,YURIRIA,21,MOROLEON,1888,B,24,2,16,3,6,31,12,,,0,94,9,103,323,,,,,,,,,,,,,,,,,,,,,
11,GUANAJUATO,20,YURIRIA,21,MOROLEON,1889,B,45,0,0,2,4,95,14,,,1,166,3,169,499,,,,,,,,,,,,,,,,,,,,,
11,GUANAJUATO,20,YURIRIA,21,MOROLEON,1889,C01,21,1,2,2,1,79,18,,,0,124,3,127,499,,,,,,,,,,,,,,,,,,,,,
11,GUANAJUATO,20,YURIRIA,21,MOROLEON,1890,B,65,11,13,4,4,113,50,,,2,262,3,265,596,,,,,,,,,,,,,,,,,,,,,
11,GUANAJUATO,20,YURIRIA,21,MOROLEON,1890,C01,47,5,7,8,8,128,33,,,1,237,4,241,596,,,,,,,,,,,,,,,,,,,,,
11,GUANAJUATO,20,YURIRIA,21,MOROLEON,1890,C02,51,6,6,3,6,118,35,,,2,227,3,230,595,,,,,,,,,,,,,,,,,,,,,
11,GUANAJUATO,20,YURIRIA,21,MOROLEON,1890,C03,48,5,8,6,7,146,23,,,1,244,6,250,595,,,,,,,,,,,,,,,,,,,,,
11,GUANAJUATO,20,YURIRIA,21,MOROLEON,1891,B,104,1,7,6,5,32,5,,,0,160,9,169,491,,,,,,,,,,,,,,,,,,,,,
11,GUANAJUATO,20,YURIRIA,21,MOROLEON,1891,E01,16,6,5,4,5,75,14,,,0,125,5,130,360,,,,,,,,,,,,,,,,,,,,,
11,GUANAJUATO,20,YURIRIA,21,MOROLEON,1892,B,44,5,2,7,4,112,20,,,2,196,4,200,502,,,,,,,,,,,,,,,,,,,,,
11,GUANAJUATO,20,YURIRIA,21,MOROLEON,1892,C01,35,7,5,3,3,115,18,,,1,187,4,191,501,,,,,,,,,,,,,,,,,,,,,
11,GUANAJUATO,20,YURIRIA,21,MOROLEON,1893,B,26,5,5,1,0,67,15,,,1,120,6,126,530,,,,,,,,,,,,,,,,,,,,,
11,GUANAJUATO,20,YURIRIA,21,MOROLEON,1893,C01,26,2,4,2,3,74,35,,,0,146,3,149,530,,,,,,,,,,,,,,,,,,,,,
11,GUANAJUATO,20,YURIRIA,28,SALVATIERRA,2263,B,136,52,0,5,0,59,62,2,16,3,336,13,351,725,,,,,,,,,,,,,,,,,,,,,
11,GUANAJUATO,20,YURIRIA,28,SALVATIERRA,2263,C01,149,61,1,2,0,74,63,0,8,8,367,4,372,724,,,,,,,,,,,,,,,,,,,,,
11,GUANAJUATO,20,YURIRIA,28,SALVATIERRA,2264,B,108,29,2,3,2,48,51,0,7,2,252,2,254,583,,,,,,,,,,,,,,,,,,,,,
11,GUANAJUATO,20,YURIRIA,28,SALVATIERRA,2264,C01,108,38,2,4,0,49,60,6,9,2,281,10,292,583,,,,,,,,,,,,,,,,,,,,,
11,GUANAJUATO,20,YURIRIA,28,SALVATIERRA,2265,B,92,30,3,5,2,54,72,1,9,3,272,4,276,618,,,,,,,,,,,,,,,,,,,,,
11,GUANAJUATO,20,YURIRIA,28,SALVATIERRA,2265,C01,94,35,1,3,0,53,64,0,8,1,265,8,273,618,,,,,,,,,,,,,,,,,,,,,
11,GUANAJUATO,20,YURIRIA,28,SALVATIERRA,2265,C02,73,24,2,3,1,79,75,7,20,4,293,11,304,618,,,,,,,,,,,,,,,,,,,,,
11,GUANAJUATO,20,YURIRIA,28,SALVATIERRA,2265,C03,91,31,3,4,1,63,65,0,11,1,273,9,282,618,,,,,,,,,,,,,,,,,,,,,
11,GUANAJUATO,20,YURIRIA,28,SALVATIERRA,2266,B,127,33,1,11,1,49,78,2,26,4,333,4,338,514,,,,,,,,,,,,,,,,,,,,,
11,GUANAJUATO,20,YURIRIA,28,SALVATIERRA,2267,B,83,16,2,6,1,24,36,1,2,1,172,2,185,381,,,,,,,,,,,,,,,,,,,,,
11,GUANAJUATO,20,YURIRIA,28,SALVATIERRA,2267,C01,87,17,1,4,3,31,38,1,0,0,182,6,192,381,,,,,,,,,,,,,,,,,,,,,
11,GUANAJUATO,20,YURIRIA,28,SALVATIERRA,2268,B,55,8,2,9,0,44,44,1,2,2,172,3,175,586,,,,,,,,,,,,,,,,,,,,,
11,GUANAJUATO,20,YURIRIA,28,SALVATIERRA,2268,C01,71,17,1,5,4,44,54,3,5,0,206,1,207,586,,,,,,,,,,,,,,,,,,,,,
11,GUANAJUATO,20,YURIRIA,28,SALVATIERRA,2268,C02,50,9,2,3,1,47,43,2,5,3,168,4,175,586,,,,,,,,,,,,,,,,,,,,,
11,GUANAJUATO,20,YURIRIA,28,SALVATIERRA,2268,C03,66,15,0,11,1,49,41,2,3,1,189,6,201,585,,,,,,,,,,,,,,,,,,,,,
11,GUANAJUATO,20,YURIRIA,28,SALVATIERRA,2269,B,54,22,3,3,0,58,46,3,4,1,195,10,205,434,,,,,,,,,,,,,,,,,,,,,
11,GUANAJUATO,20,YURIRIA,28,SALVATIERRA,2269,C01,76,22,0,1,0,50,37,1,11,4,204,4,208,434,,,,,,,,,,,,,,,,,,,,,
11,GUANAJUATO,20,YURIRIA,28,SALVATIERRA,2270,B,177,79,3,4,2,56,77,1,25,2,435,9,445,716,,,,,,,,,,,,,,,,,,,,,
11,GUANAJUATO,20,YURIRIA,28,SALVATIERRA,2270,S01,21,5,1,1,6,14,24,1,1,1,78,4,83,0,,,,,,,,,,,,,,,,,,,,,
11,GUANAJUATO,20,YURIRIA,28,SALVATIERRA,2271,B,171,83,0,3,1,63,53,1,13,9,398,6,404,619,,,,,,,,,,,,,,,,,,,,,
11,GUANAJUATO,20,YURIRIA,28,SALVATIERRA,2272,B,93,12,4,7,0,74,50,0,5,2,250,7,257,590,,,,,,,,,,,,,,,,,,,,,
11,GUANAJUATO,20,YURIRIA,28,SALVATIERRA,2272,C01,84,5,6,5,0,47,53,6,7,0,216,10,226,589,,,,,,,,,,,,,,,,,,,,,
11,GUANAJUATO,20,YURIRIA,28,SALVATIERRA,2273,B,82,20,6,6,1,46,47,0,6,3,220,5,225,529,,,,,,,,,,,,,,,,,,,,,
11,GUANAJUATO,20,YURIRIA,28,SALVATIERRA,2273,C01,56,13,8,3,2,46,55,1,4,3,192,5,198,529,,,,,,,,,,,,,,,,,,,,,
11,GUANAJUATO,20,YURIRIA,28,SALVATIERRA,2273,C02,81,16,3,3,2,33,67,2,2,4,214,4,218,529,,,,,,,,,,,,,,,,,,,,,
11,GUANAJUATO,20,YURIRIA,28,SALVATIERRA,2274,B,96,44,1,8,5,105,55,3,10,1,330,5,335,635,,,,,,,,,,,,,,,,,,,,,
11,GUANAJUATO,20,YURIRIA,28,SALVATIERRA,2274,C01,115,35,2,10,2,92,74,3,12,7,355,7,362,634,,,,,,,,,,,,,,,,,,,,,
11,GUANAJUATO,20,YURIRIA,28,SALVATIERRA,2275,B,105,24,0,11,1,61,53,4,7,1,268,14,282,669,,,,,,,,,,,,,,,,,,,,,
11,GUANAJUATO,20,YURIRIA,28,SALVATIERRA,2275,C01,91,30,2,4,3,64,67,0,9,2,272,12,286,669,,,,,,,,,,,,,,,,,,,,,
11,GUANAJUATO,20,YURIRIA,28,SALVATIERRA,2276,B,73,15,3,6,2,52,73,4,5,4,241,9,250,567,,,,,,,,,,,,,,,,,,,,,
11,GUANAJUATO,20,YURIRIA,28,SALVATIERRA,2276,C01,56,27,1,6,0,38,56,0,5,3,192,11,203,566,,,,,,,,,,,,,,,,,,,,,
11,GUANAJUATO,20,YURIRIA,28,SALVATIERRA,2276,C02,70,12,2,2,1,55,71,1,2,1,219,8,227,566,,,,,,,,,,,,,,,,,,,,,
11,GUANAJUATO,20,YURIRIA,28,SALVATIERRA,2276,C03,93,9,2,1,0,41,59,2,5,2,215,11,226,566,,,,,,,,,,,,,,,,,,,,,
11,GUANAJUATO,20,YURIRIA,28,SALVATIERRA,2277,B,45,25,0,5,1,69,51,0,9,3,209,8,217,392,,,,,,,,,,,,,,,,,,,,,
11,GUANAJUATO,20,YURIRIA,28,SALVATIERRA,2277,C01,50,29,1,4,1,51,47,0,8,2,198,0,198,392,,,,,,,,,,,,,,,,,,,,,
11,GUANAJUATO,20,YURIRIA,28,SALVATIERRA,2278,B,115,13,1,7,2,41,43,2,4,1,229,5,236,448,,,,,,,,,,,,,,,,,,,,,
11,GUANAJUATO,20,YURIRIA,28,SALVATIERRA,2278,C01,90,26,1,3,0,47,37,2,7,1,216,10,226,447,,,,,,,,,,,,,,,,,,,,,
11,GUANAJUATO,20,YURIRIA,28,SALVATIERRA,2279,B,159,27,6,5,5,56,62,2,22,2,350,13,364,633,,,,,,,,,,,,,,,,,,,,,
11,GUANAJUATO,20,YURIRIA,28,SALVATIERRA,2280,B,111,36,2,13,1,90,61,0,29,3,348,11,362,666,,,,,,,,,,,,,,,,,,,,,
11,GUANAJUATO,20,YURIRIA,28,SALVATIERRA,2281,B,62,14,3,8,0,36,42,3,5,3,181,9,190,404,,,,,,,,,,,,,,,,,,,,,
11,GUANAJUATO,20,YURIRIA,28,SALVATIERRA,2282,B,58,11,0,1,1,7,5,2,1,2,91,6,97,430,,,,,,,,,,,,,,,,,,,,,
11,GUANAJUATO,20,YURIRIA,28,SALVATIERRA,2282,C01,46,21,2,8,1,37,46,2,2,3,171,10,181,430,,,,,,,,,,,,,,,,,,,,,
11,GUANAJUATO,20,YURIRIA,28,SALVATIERRA,2283,B,95,23,1,10,3,68,79,3,2,3,291,9,301,744,,,,,,,,,,,,,,,,,,,,,
11,GUANAJUATO,20,YURIRIA,28,SALVATIERRA,2284,B,57,14,1,4,0,53,38,1,3,1,174,5,179,388,,,,,,,,,,,,,,,,,,,,,
11,GUANAJUATO,20,YURIRIA,28,SALVATIERRA,2284,C01,43,11,1,3,1,48,48,4,2,2,163,4,167,387,,,,,,,,,,,,,,,,,,,,,
11,GUANAJUATO,20,YURIRIA,28,SALVATIERRA,2285,B,58,23,0,7,4,75,56,0,7,1,234,13,247,592,,,,,,,,,,,,,,,,,,,,,
11,GUANAJUATO,20,YURIRIA,28,SALVATIERRA,2285,C01,73,13,1,10,1,47,73,4,6,0,229,5,234,592,,,,,,,,,,,,,,,,,,,,,
11,GUANAJUATO,20,YURIRIA,28,SALVATIERRA,2285,C02,51,8,1,11,1,52,57,3,2,2,193,9,202,592,,,,,,,,,,,,,,,,,,,,,
11,GUANAJUATO,20,YURIRIA,28,SALVATIERRA,2285,C03,58,17,0,16,0,58,51,0,4,2,208,6,214,591,,,,,,,,,,,,,,,,,,,,,
11,GUANAJUATO,20,YURIRIA,28,SALVATIERRA,2286,B,64,29,1,2,3,68,61,1,4,3,237,7,245,501,,,,,,,,,,,,,,,,,,,,,
11,GUANAJUATO,20,YURIRIA,28,SALVATIERRA,2287,B,92,25,2,6,0,74,54,0,9,2,264,13,277,546,,,,,,,,,,,,,,,,,,,,,
11,GUANAJUATO,20,YURIRIA,28,SALVATIERRA,2287,C01,114,26,3,2,0,73,66,1,10,7,303,1,304,546,,,,,,,,,,,,,,,,,,,,,
11,GUANAJUATO,20,YURIRIA,28,SALVATIERRA,2287,C02,87,32,1,8,0,85,43,0,14,5,275,7,282,545,,,,,,,,,,,,,,,,,,,,,
11,GUANAJUATO,20,YURIRIA,28,SALVATIERRA,2288,B,69,0,0,6,2,30,68,1,3,2,207,10,217,522,,,,,,,,,,,,,,,,,,,,,
11,GUANAJUATO,20,YURIRIA,28,SALVATIERRA,2288,C01,55,11,0,5,1,33,70,3,3,1,188,3,191,522,,,,,,,,,,,,,,,,,,,,,
11,GUANAJUATO,20,YURIRIA,28,SALVATIERRA,2288,C02,60,22,2,7,1,47,54,0,3,0,198,7,205,521,,,,,,,,,,,,,,,,,,,,,
11,GUANAJUATO,20,YURIRIA,28,SALVATIERRA,2289,B,57,16,5,5,0,44,49,1,1,3,189,5,194,565,,,,,,,,,,,,,,,,,,,,,
11,GUANAJUATO,20,YURIRIA,28,SALVATIERRA,2289,C01,55,10,1,7,1,38,48,1,0,1,163,3,166,565,,,,,,,,,,,,,,,,,,,,,
11,GUANAJUATO,20,YURIRIA,28,SALVATIERRA,2289,C02,76,19,2,7,1,50,36,1,0,3,196,10,207,564,,,,,,,,,,,,,,,,,,,,,
11,GUANAJUATO,20,YURIRIA,28,SALVATIERRA,2290,B,80,19,1,9,0,20,53,2,6,2,193,9,202,502,,,,,,,,,,,,,,,,,,,,,
11,GUANAJUATO,20,YURIRIA,28,SALVATIERRA,2290,C01,72,25,3,3,2,11,42,6,3,1,168,8,176,502,,,,,,,,,,,,,,,,,,,,,
11,GUANAJUATO,20,YURIRIA,28,SALVATIERRA,2291,B,49,43,3,5,2,12,35,0,7,0,157,3,160,451,,,,,,,,,,,,,,,,,,,,,
11,GUANAJUATO,20,YURIRIA,28,SALVATIERRA,2291,C01,36,43,3,3,1,28,29,0,4,0,147,1,148,450,,,,,,,,,,,,,,,,,,,,,
11,GUANAJUATO,20,YURIRIA,28,SALVATIERRA,2292,B,117,5,3,7,4,18,59,3,2,1,221,22,243,654,,,,,,,,,,,,,,,,,,,,,
11,GUANAJUATO,20,YURIRIA,28,SALVATIERRA,2293,B,134,9,3,1,1,24,62,3,3,4,246,6,252,613,,,,,,,,,,,,,,,,,,,,,
11,GUANAJUATO,20,YURIRIA,28,SALVATIERRA,2294,B,110,14,1,5,1,14,45,11,0,0,203,0,203,560,,,,,,,,,,,,,,,,,,,,,
11,GUANAJUATO,20,YURIRIA,28,SALVATIERRA,2295,B,63,5,1,6,2,9,33,4,3,1,127,3,131,454,,,,,,,,,,,,,,,,,,,,,
11,GUANAJUATO,20,YURIRIA,28,SALVATIERRA,2295,C01,83,8,2,9,1,13,48,7,2,1,175,3,178,454,,,,,,,,,,,,,,,,,,,,,
11,GUANAJUATO,20,YURIRIA,28,SALVATIERRA,2296,B,97,9,1,11,0,9,82,1,0,0,211,4,215,575,,,,,,,,,,,,,,,,,,,,,
11,GUANAJUATO,20,YURIRIA,28,SALVATIERRA,2297,B,109,15,4,10,3,13,101,2,1,0,262,6,268,720,,,,,,,,,,,,,,,,,,,,,
11,GUANAJUATO,20,YURIRIA,28,SALVATIERRA,2297,C01,112,14,3,11,5,22,111,2,0,3,286,7,293,719,,,,,,,,,,,,,,,,,,,,,
11,GUANAJUATO,20,YURIRIA,28,SALVATIERRA,2298,B,85,12,3,7,5,14,60,0,2,1,189,12,201,410,,,,,,,,,,,,,,,,,,,,,
11,GUANAJUATO,20,YURIRIA,28,SALVATIERRA,2298,C01,98,3,3,10,1,11,65,1,2,1,197,6,203,409,,,,,,,,,,,,,,,,,,,,,
11,GUANAJUATO,20,YURIRIA,28,SALVATIERRA,2299,B,65,16,3,7,0,21,56,2,5,0,178,6,184,442,,,,,,,,,,,,,,,,,,,,,
11,GUANAJUATO,20,YURIRIA,28,SALVATIERRA,2299,C01,63,14,2,6,0,7,86,2,4,0,187,5,192,442,,,,,,,,,,,,,,,,,,,,,
11,GUANAJUATO,20,YURIRIA,28,SALVATIERRA,2300,B,76,15,6,4,2,18,65,3,3,0,194,6,200,596,,,,,,,,,,,,,,,,,,,,,
11,GUANAJUATO,20,YURIRIA,28,SALVATIERRA,2301,B,62,8,1,7,2,11,50,2,0,5,150,4,154,545,,,,,,,,,,,,,,,,,,,,,
11,GUANAJUATO,20,YURIRIA,28,SALVATIERRA,2302,B,80,5,2,19,6,18,30,0,8,0,169,10,180,391,,,,,,,,,,,,,,,,,,,,,
11,GUANAJUATO,20,YURIRIA,28,SALVATIERRA,2302,C01,74,7,3,5,2,21,38,1,2,0,154,10,164,391,,,,,,,,,,,,,,,,,,,,,
11,GUANAJUATO,20,YURIRIA,28,SALVATIERRA,2303,B,50,23,1,20,2,26,96,4,0,0,224,8,236,745,,,,,,,,,,,,,,,,,,,,,
11,GUANAJUATO,20,YURIRIA,28,SALVATIERRA,2304,B,46,14,1,17,1,28,78,1,5,2,198,3,201,572,,,,,,,,,,,,,,,,,,,,,
11,GUANAJUATO,20,YURIRIA,28,SALVATIERRA,2305,B,80,11,2,38,1,14,57,2,3,2,211,6,217,513,,,,,,,,,,,,,,,,,,,,,
11,GUANAJUATO,20,YURIRIA,28,SALVATIERRA,2305,C01,83,16,2,22,2,20,30,4,3,1,185,4,189,513,,,,,,,,,,,,,,,,,,,,,
11,GUANAJUATO,20,YURIRIA,28,SALVATIERRA,2306,B,65,16,4,9,0,32,67,0,0,0,196,4,200,487,,,,,,,,,,,,,,,,,,,,,
11,GUANAJUATO,20,YURIRIA,28,SALVATIERRA,2306,C01,63,33,3,9,1,23,65,1,1,0,200,2,202,487,,,,,,,,,,,,,,,,,,,,,
11,GUANAJUATO,20,YURIRIA,28,SALVATIERRA,2307,B,92,46,1,13,1,30,44,8,0,2,240,1,248,499,,,,,,,,,,,,,,,,,,,,,
11,GUANAJUATO,20,YURIRIA,28,SALVATIERRA,2308,B,110,18,2,2,2,35,48,2,2,1,225,8,234,446,,,,,,,,,,,,,,,,,,,,,
11,GUANAJUATO,20,YURIRIA,28,SALVATIERRA,2308,C01,87,27,1,1,3,40,47,0,2,3,212,7,219,445,,,,,,,,,,,,,,,,,,,,,
11,GUANAJUATO,20,YURIRIA,28,SALVATIERRA,2309,B,67,13,8,2,1,12,94,0,3,2,203,7,212,651,,,,,,,,,,,,,,,,,,,,,
11,GUANAJUATO,20,YURIRIA,28,SALVATIERRA,2310,B,39,6,3,4,0,5,63,1,2,1,125,9,135,408,,,,,,,,,,,,,,,,,,,,,
11,GUANAJUATO,20,YURIRIA,28,SALVATIERRA,2310,C01,34,3,3,3,1,8,65,3,1,2,125,9,134,407,,,,,,,,,,,,,,,,,,,,,
11,GUANAJUATO,20,YURIRIA,28,SALVATIERRA,2311,B,70,15,1,10,8,40,60,0,0,0,206,9,215,541,,,,,,,,,,,,,,,,,,,,,
11,GUANAJUATO,20,YURIRIA,28,SALVATIERRA,2311,C01,82,22,1,8,5,31,62,1,1,0,215,4,219,540,,,,,,,,,,,,,,,,,,,,,
11,GUANAJUATO,20,YURIRIA,28,SALVATIERRA,2312,B,87,22,2,4,9,31,69,0,2,1,228,9,237,550,,,,,,,,,,,,,,,,,,,,,
11,GUANAJUATO,20,YURIRIA,28,SALVATIERRA,2312,C01,71,33,1,5,8,39,47,3,1,1,210,12,222,549,,,,,,,,,,,,,,,,,,,,,
11,GUANAJUATO,20,YURIRIA,28,SALVATIERRA,2313,B,102,13,1,13,8,52,53,1,1,4,250,6,256,661,,,,,,,,,,,,,,,,,,,,,
11,GUANAJUATO,20,YURIRIA,28,SALVATIERRA,2313,C01,78,13,2,15,4,43,64,1,1,3,225,8,233,661,,,,,,,,,,,,,,,,,,,,,
11,GUANAJUATO,20,YURIRIA,28,SALVATIERRA,2314,B,88,14,0,4,3,50,59,3,5,1,231,7,238,537,,,,,,,,,,,,,,,,,,,,,
11,GUANAJUATO,20,YURIRIA,28,SALVATIERRA,2314,C01,79,11,2,5,1,42,65,4,2,2,215,7,222,536,,,,,,,,,,,,,,,,,,,,,
11,GUANAJUATO,20,YURIRIA,28,SALVATIERRA,2315,B,85,14,2,6,7,42,37,3,2,0,201,4,205,528,,,,,,,,,,,,,,,,,,,,,
11,GUANAJUATO,20,YURIRIA,28,SALVATIERRA,2315,C01,69,10,1,7,3,48,28,1,1,0,169,9,178,528,,,,,,,,,,,,,,,,,,,,,
11,GUANAJUATO,20,YURIRIA,28,SALVATIERRA,2315,C02,73,9,1,8,9,50,38,1,1,1,192,6,198,528,,,,,,,,,,,,,,,,,,,,,
11,GUANAJUATO,20,YURIRIA,28,SALVATIERRA,2316,B,86,5,2,3,2,7,63,1,0,2,171,6,177,390,,,,,,,,,,,,,,,,,,,,,
11,GUANAJUATO,20,YURIRIA,28,SALVATIERRA,2316,C01,76,11,3,4,1,21,66,1,1,0,189,5,194,389,,,,,,,,,,,,,,,,,,,,,
11,GUANAJUATO,20,YURIRIA,28,SALVATIERRA,2317,B,78,13,1,5,1,13,96,0,0,1,211,7,218,505,,,,,,,,,,,,,,,,,,,,,
11,GUANAJUATO,20,YURIRIA,28,SALVATIERRA,2317,C01,91,10,3,0,4,14,99,2,1,1,229,3,232,505,,,,,,,,,,,,,,,,,,,,,
11,GUANAJUATO,20,YURIRIA,28,SALVATIERRA,2318,B,59,9,2,5,0,34,39,1,5,1,155,3,159,422,,,,,,,,,,,,,,,,,,,,,
11,GUANAJUATO,20,YURIRIA,28,SALVATIERRA,2318,C01,47,10,2,4,2,32,41,0,4,3,147,5,152,422,,,,,,,,,,,,,,,,,,,,,
11,GUANAJUATO,20,YURIRIA,28,SALVATIERRA,2319,B,62,11,3,3,2,65,77,0,4,0,230,12,242,635,,,,,,,,,,,,,,,,,,,,,
11,GUANAJUATO,20,YURIRIA,28,SALVATIERRA,2319,C01,58,24,1,11,1,44,79,0,6,1,227,10,237,634,,,,,,,,,,,,,,,,,,,,,
11,GUANAJUATO,20,YURIRIA,28,SALVATIERRA,2320,B,77,17,1,4,4,46,69,3,2,0,225,5,230,612,,,,,,,,,,,,,,,,,,,,,
11,GUANAJUATO,20,YURIRIA,28,SALVATIERRA,2320,C01,91,17,3,4,1,47,71,7,5,1,248,8,256,611,,,,,,,,,,,,,,,,,,,,,
11,GUANAJUATO,20,YURIRIA,28,SALVATIERRA,2320,C02,73,24,3,3,0,52,54,0,1,1,214,2,216,611,,,,,,,,,,,,,,,,,,,,,
11,GUANAJUATO,20,YURIRIA,28,SALVATIERRA,2321,B,32,2,0,0,1,12,44,0,2,1,95,5,100,377,,,,,,,,,,,,,,,,,,,,,
11,GUANAJUATO,20,YURIRIA,28,SALVATIERRA,2321,C01,39,1,0,3,2,6,40,0,1,3,95,1,96,376,,,,,,,,,,,,,,,,,,,,,
11,GUANAJUATO,20,YURIRIA,28,SALVATIERRA,2322,B,71,10,1,8,5,12,51,0,2,1,162,9,171,693,,,,,,,,,,,,,,,,,,,,,
11,GUANAJUATO,20,YURIRIA,28,SALVATIERRA,2323,B,48,19,1,5,2,22,63,3,0,1,164,10,174,737,,,,,,,,,,,,,,,,,,,,,
11,GUANAJUATO,20,YURIRIA,28,SALVATIERRA,2324,B,83,10,1,5,3,47,65,2,6,0,222,6,229,594,,,,,,,,,,,,,,,,,,,,,
11,GUANAJUATO,20,YURIRIA,28,SALVATIERRA,2324,C01,88,13,1,13,2,36,69,1,3,1,227,8,235,594,,,,,,,,,,,,,,,,,,,,,
11,GUANAJUATO,20,YURIRIA,28,SALVATIERRA,2325,B,93,13,0,5,0,46,52,0,10,2,222,7,229,501,,,,,,,,,,,,,,,,,,,,,
11,GUANAJUATO,20,YURIRIA,28,SALVATIERRA,2325,C01,83,16,1,3,1,56,61,1,6,1,232,8,240,500,,,,,,,,,,,,,,,,,,,,,
11,GUANAJUATO,20,YURIRIA,28,SALVATIERRA,2326,B,133,15,0,10,2,34,39,1,0,1,235,3,241,586,,,,,,,,,,,,,,,,,,,,,
11,GUANAJUATO,20,YURIRIA,28,SALVATIERRA,2326,C01,101,17,1,21,2,17,45,2,2,1,211,6,223,585,,,,,,,,,,,,,,,,,,,,,
11,GUANAJUATO,20,YURIRIA,28,SALVATIERRA,2327,B,90,9,3,10,1,18,35,3,1,3,173,5,183,536,,,,,,,,,,,,,,,,,,,,,
11,GUANAJUATO,20,YURIRIA,28,SALVATIERRA,2327,C01,95,5,7,12,1,13,38,0,1,1,174,4,180,536,,,,,,,,,,,,,,,,,,,,,
11,GUANAJUATO,20,YURIRIA,28,SALVATIERRA,2327,C02,100,7,0,6,1,11,37,0,3,0,166,7,178,536,,,,,,,,,,,,,,,,,,,,,
11,GUANAJUATO,20,YURIRIA,28,SALVATIERRA,2328,B,128,17,1,8,2,25,43,1,2,2,230,3,233,728,,,,,,,,,,,,,,,,,,,,,
11,GUANAJUATO,20,YURIRIA,28,SALVATIERRA,2328,C01,131,12,3,8,0,18,35,0,3,0,213,7,221,728,,,,,,,,,,,,,,,,,,,,,
11,GUANAJUATO,20,YURIRIA,28,SALVATIERRA,2329,B,129,26,2,14,2,20,46,2,4,2,249,6,255,723,,,,,,,,,,,,,,,,,,,,,
11,GUANAJUATO,20,YURIRIA,28,SALVATIERRA,2329,C01,123,14,6,7,0,12,41,2,4,0,211,6,221,723,,,,,,,,,,,,,,,,,,,,,
11,GUANAJUATO,20,YURIRIA,28,SALVATIERRA,2329,C02,104,14,8,9,1,24,36,3,0,0,200,5,206,723,,,,,,,,,,,,,,,,,,,,,
11,GUANAJUATO,20,YURIRIA,28,SALVATIERRA,2330,B,121,34,4,10,1,6,30,1,4,0,213,13,230,640,,,,,,,,,,,,,,,,,,,,,
11,GUANAJUATO,20,YURIRIA,28,SALVATIERRA,2330,C01,86,42,4,17,2,7,33,1,5,1,202,6,208,640,,,,,,,,,,,,,,,,,,,,,
11,GUANAJUATO,20,YURIRIA,28,SALVATIERRA,2331,B,58,28,1,1,2,34,58,2,4,3,193,4,197,524,,,,,,,,,,,,,,,,,,,,,
11,GUANAJUATO,20,YURIRIA,28,SALVATIERRA,2331,C01,46,39,2,8,1,34,77,0,1,0,208,6,214,524,,,,,,,,,,,,,,,,,,,,,
11,GUANAJUATO,20,YURIRIA,28,SALVATIERRA,2332,B,51,52,1,5,2,28,79,3,2,3,227,1,228,514,,,,,,,,,,,,,,,,,,,,,
11,GUANAJUATO,20,YURIRIA,28,SALVATIERRA,2332,C01,46,55,3,2,0,30,77,0,1,2,217,13,230,514,,,,,,,,,,,,,,,,,,,,,
11,GUANAJUATO,20,YURIRIA,28,SALVATIERRA,2333,B,72,31,3,5,0,36,77,1,3,3,235,1,236,543,,,,,,,,,,,,,,,,,,,,,
11,GUANAJUATO,20,YURIRIA,28,SALVATIERRA,2333,C01,88,38,1,6,1,30,49,1,2,1,217,12,229,543,,,,,,,,,,,,,,,,,,,,,
11,GUANAJUATO,20,YURIRIA,28,SALVATIERRA,2334,B,66,11,0,9,1,13,31,0,1,0,133,3,136,407,,,,,,,,,,,,,,,,,,,,,
11,GUANAJUATO,20,YURIRIA,28,SALVATIERRA,2334,C01,40,23,1,8,0,14,35,1,0,0,122,2,124,407,,,,,,,,,,,,,,,,,,,,,
11,GUANAJUATO,20,YURIRIA,28,SALVATIERRA,2335,B,69,8,3,6,4,30,39,1,1,8,172,5,177,429,,,,,,,,,,,,,,,,,,,,,
11,GUANAJUATO,20,YURIRIA,28,SALVATIERRA,2335,C01,76,17,1,3,0,43,45,0,0,3,189,4,193,429,,,,,,,,,,,,,,,,,,,,,
11,GUANAJUATO,20,YURIRIA,28,SALVATIERRA,2336,B,60,8,5,8,7,45,93,5,4,4,241,5,248,655,,,,,,,,,,,,,,,,,,,,,
11,GUANAJUATO,20,YURIRIA,28,SALVATIERRA,2337,B,66,13,2,16,4,51,39,1,0,1,209,5,214,495,,,,,,,,,,,,,,,,,,,,,
11,GUANAJUATO,20,YURIRIA,28,SALVATIERRA,2337,C01,39,10,1,11,3,45,39,3,3,0,155,6,161,494,,,,,,,,,,,,,,,,,,,,,
11,GUANAJUATO,20,YURIRIA,28,SALVATIERRA,2338,B,125,12,3,10,2,30,59,0,3,0,246,13,259,730,,,,,,,,,,,,,,,,,,,,,
11,GUANAJUATO,20,YURIRIA,28,SALVATIERRA,2338,C01,132,7,5,14,4,35,43,0,2,1,249,4,253,729,,,,,,,,,,,,,,,,,,,,,
11,GUANAJUATO,20,YURIRIA,28,SALVATIERRA,2339,B,191,6,0,22,4,18,52,2,3,1,302,16,318,704,,,,,,,,,,,,,,,,,,,,,
11,GUANAJUATO,20,YURIRIA,28,SALVATIERRA,2340,B,78,7,2,10,1,10,25,0,1,0,137,3,140,446,,,,,,,,,,,,,,,,,,,,,
11,GUANAJUATO,20,YURIRIA,28,SALVATIERRA,2340,C01,102,14,1,7,4,12,33,1,2,0,178,13,191,445,,,,,,,,,,,,,,,,,,,,,
11,GUANAJUATO,20,YURIRIA,28,SALVATIERRA,2341,B,96,24,2,15,0,3,20,1,0,3,167,2,169,425,,,,,,,,,,,,,,,,,,,,,
11,GUANAJUATO,20,YURIRIA,28,SALVATIERRA,2341,C01,83,26,5,14,1,3,19,2,0,2,155,8,163,424,,,,,,,,,,,,,,,,,,,,,
11,GUANAJUATO,20,YURIRIA,28,SALVATIERRA,2342,B,46,20,2,11,1,20,18,2,4,3,129,8,137,447,,,,,,,,,,,,,,,,,,,,,
11,GUANAJUATO,20,YURIRIA,28,SALVATIERRA,2342,C01,51,18,1,17,1,26,15,2,0,0,132,9,142,447,,,,,,,,,,,,,,,,,,,,,
11,GUANAJUATO,20,YURIRIA,28,SALVATIERRA,2343,B,49,14,1,5,3,7,28,0,1,1,109,3,112,340,,,,,,,,,,,,,,,,,,,,,
11,GUANAJUATO,20,YURIRIA,28,SALVATIERRA,2344,B,82,30,1,8,0,3,20,0,2,2,152,4,156,482,,,,,,,,,,,,,,,,,,,,,
11,GUANAJUATO,20,YURIRIA,28,SALVATIERRA,2345,B,109,22,2,10,2,8,43,2,3,2,207,8,215,583,,,,,,,,,,,,,,,,,,,,,
11,GUANAJUATO,20,YURIRIA,28,SALVATIERRA,2346,B,40,7,0,3,2,3,11,3,0,1,70,3,73,395,,,,,,,,,,,,,,,,,,,,,
11,GUANAJUATO,20,YURIRIA,36,SANTIAGO MARAVATIO,2644,B,8,227,0,,,0,5,,,,462,26,488,656,,,,,,,,,,,,,,,,,,,,,
11,GUANAJUATO,20,YURIRIA,36,SANTIAGO MARAVATIO,2645,B,3,144,1,,,2,4,,,,289,16,305,455,,,,,,,,,,,,,,,,,,,,,MODIFICADA
11,GUANAJUATO,20,YURIRIA,36,SANTIAGO MARAVATIO,2645,C01,5,163,1,,,2,5,,,,306,14,320,455,,,,,,,,,,,,,,,,,,,,,
11,GUANAJUATO,20,YURIRIA,36,SANTIAGO MARAVATIO,2646,B,12,184,1,,,3,10,,,,463,46,509,681,,,,,,,,,,,,,,,,,,,,,
11,GUANAJUATO,20,YURIRIA,36,SANTIAGO MARAVATIO,2647,B,8,155,0,,,1,11,,,,394,10,404,528,,,,,,,,,,,,,,,,,,,,,
11,GUANAJUATO,20,YURIRIA,36,SANTIAGO MARAVATIO,2647,C01,1,191,0,,,0,9,,,,375,21,396,528,,,,,,,,,,,,,,,,,,,,,
11,GUANAJUATO,20,YURIRIA,36,SANTIAGO MARAVATIO,2648,B,3,135,0,,,0,4,,,,310,20,330,439,,,,,,,,,,,,,,,,,,,,,
11,GUANAJUATO,20,YURIRIA,36,SANTIAGO MARAVATIO,2649,B,4,157,0,,,1,9,,,,351,23,374,515,,,,,,,,,,,,,,,,,,,,,
11,GUANAJUATO,20,YURIRIA,36,SANTIAGO MARAVATIO,2649,C01,6,148,0,,,1,3,,,,351,20,371,514,,,,,,,,,,,,,,,,,,,,,
11,GUANAJUATO,20,YURIRIA,36,SANTIAGO MARAVATIO,2650,B,7,202,1,,,2,8,,,,355,15,370,530,,,,,,,,,,,,,,,,,,,,,
11,GUANAJUATO,20,YURIRIA,36,SANTIAGO MARAVATIO,2651,B,3,101,0,,,0,7,,,,201,5,206,292,,,,,,,,,,,,,,,,,,,,,
11,GUANAJUATO,20,YURIRIA,36,SANTIAGO MARAVATIO,2652,B,10,200,0,,,1,0,,,,342,13,355,653,,,,,,,,,,,,,,,,,,,,,
11,GUANAJUATO,20,YURIRIA,36,SANTIAGO MARAVATIO,2653,B,4,153,0,,,0,5,,,,303,11,314,553,,,,,,,,,,,,,,,,,,,,,
11,GUANAJUATO,20,YURIRIA,41,URIANGATO,2790,B,40,89,1,57,3,17,90,,,,299,0,299,654,,,,,,,,,,,,,,,,,,,,,
11,GUANAJUATO,20,YURIRIA,41,URIANGATO,2790,C01,26,97,1,62,0,7,88,,,,285,8,293,653,,,,,,,,,,,,,,,,,,,,,
11,GUANAJUATO,20,YURIRIA,41,URIANGATO,2790,C02,28,106,4,49,3,3,82,,,,277,5,282,653,,,,,,,,,,,,,,,,,,,,,
11,GUANAJUATO,20,YURIRIA,41,URIANGATO,2790,C03,42,94,1,70,2,5,67,,,,284,4,288,653,,,,,,,,,,,,,,,,,,,,,
11,GUANAJUATO,20,YURIRIA,41,URIANGATO,2790,C04,46,104,4,49,1,5,94,,,,303,12,315,653,,,,,,,,,,,,,,,,,,,,,
11,GUANAJUATO,20,YURIRIA,41,URIANGATO,2790,C05,43,89,1,51,0,7,89,,,,283,5,288,653,,,,,,,,,,,,,,,,,,,,,
11,GUANAJUATO,20,YURIRIA,41,URIANGATO,2791,B,27,153,0,62,0,11,69,,,,323,3,326,693,,,,,,,,,,,,,,,,,,,,,
11,GUANAJUATO,20,YURIRIA,41,URIANGATO,2791,C01,34,148,1,61,0,5,67,,,,316,3,320,692,,,,,,,,,,,,,,,,,,,,,
11,GUANAJUATO,20,YURIRIA,41,URIANGATO,2791,C02,40,116,0,66,2,6,67,,,,298,8,306,692,,,,,,,,,,,,,,,,,,,,,
11,GUANAJUATO,20,YURIRIA,41,URIANGATO,2791,C03,36,142,0,53,1,7,76,,,,319,5,324,692,,,,,,,,,,,,,,,,,,,,,
11,GUANAJUATO,20,YURIRIA,41,URIANGATO,2791,C04,41,129,0,49,0,13,44,,,,278,6,284,692,,,,,,,,,,,,,,,,,,,,,
11,GUANAJUATO,20,YURIRIA,41,URIANGATO,2791,C05,35,114,1,51,2,20,80,,,,304,3,307,692,,,,,,,,,,,,,,,,,,,,,
11,GUANAJUATO,20,YURIRIA,41,URIANGATO,2791,C06,34,114,1,55,1,5,74,,,,284,10,295,692,,,,,,,,,,,,,,,,,,,,,
11,GUANAJUATO,20,YURIRIA,41,URIANGATO,2791,C07,37,112,0,64,2,5,60,,,,282,4,286,692,,,,,,,,,,,,,,,,,,,,,
11,GUANAJUATO,20,YURIRIA,41,URIANGATO,2792,B,30,109,2,52,1,1,65,,,,261,8,269,579,,,,,,,,,,,,,,,,,,,,,
11,GUANAJUATO,20,YURIRIA,41,URIANGATO,2792,C01,36,98,0,48,2,9,56,,,,249,8,257,578,,,,,,,,,,,,,,,,,,,,,
11,GUANAJUATO,20,YURIRIA,41,URIANGATO,2792,C02,43,117,2,53,1,3,51,,,,270,8,278,578,,,,,,,,,,,,,,,,,,,,,
11,GUANAJUATO,20,YURIRIA,41,URIANGATO,2793,B,52,118,0,63,1,5,55,,,,295,5,300,635,,,,,,,,,,,,,,,,,,,,,
11,GUANAJUATO,20,YURIRIA,41,URIANGATO,2793,C01,74,89,1,61,2,7,75,,,,310,9,319,635,,,,,,,,,,,,,,,,,,,,,
11,GUANAJUATO,20,YURIRIA,41,URIANGATO,2793,C02,58,112,3,31,3,13,63,,,,284,9,293,634,,,,,,,,,,,,,,,,,,,,,
11,GUANAJUATO,20,YURIRIA,41,URIANGATO,2793,C03,46,102,2,60,3,16,65,,,,295,2,297,634,,,,,,,,,,,,,,,,,,,,,
11,GUANAJUATO,20,YURIRIA,41,URIANGATO,2794,B,35,114,1,67,1,5,61,,,,285,4,289,587,,,,,,,,,,,,,,,,,,,,,
11,GUANAJUATO,20,YURIRIA,41,URIANGATO,2794,C01,44,92,2,51,3,3,69,,,,266,12,278,587,,,,,,,,,,,,,,,,,,,,,
11,GUANAJUATO,20,YURIRIA,41,URIANGATO,2794,S01,11,41,1,25,1,2,29,,,,110,3,113,0,,,,,,,,,,,,,,,,,,,,,
11,GUANAJUATO,20,YURIRIA,41,URIANGATO,2794,C02,45,108,0,61,0,5,38,,,,258,10,268,587,,,,,,,,,,,,,,,,,,,,,
11,GUANAJUATO,20,YURIRIA,41,URIANGATO,2794,C03,43,117,3,36,1,8,52,,,,260,4,264,586,,,,,,,,,,,,,,,,,,,,,
11,GUANAJUATO,20,YURIRIA,41,URIANGATO,2795,B,18,123,0,40,2,4,64,,,,252,10,262,581,,,,,,,,,,,,,,,,,,,,,
11,GUANAJUATO,20,YURIRIA,41,URIANGATO,2795,C01,14,119,0,60,1,4,44,,,,244,3,247,580,,,,,,,,,,,,,,,,,,,,,
11,GUANAJUATO,20,YURIRIA,41,URIANGATO,2795,C02,23,118,0,38,2,2,38,,,,222,3,225,580,,,,,,,,,,,,,,,,,,,,,
11,GUANAJUATO,20,YURIRIA,41,URIANGATO,2796,B,52,114,1,83,1,12,45,,,,309,7,316,516,,,,,,,,,,,,,,,,,,,,,
11,GUANAJUATO,20,YURIRIA,41,URIANGATO,2796,C01,49,102,3,73,1,6,38,,,,274,6,280,515,,,,,,,,,,,,,,,,,,,,,
11,GUANAJUATO,20,YURIRIA,41,URIANGATO,2797,B,35,132,0,50,2,16,77,,,,314,7,322,741,,,,,,,,,,,,,,,,,,,,,
11,GUANAJUATO,20,YURIRIA,41,URIANGATO,2797,C01,39,108,0,50,5,17,106,,,,328,15,343,741,,,,,,,,,,,,,,,,,,,,,
11,GUANAJUATO,20,YURIRIA,41,URIANGATO,2798,B,26,77,1,46,3,16,77,,,,246,5,251,651,,,,,,,,,,,,,,,,,,,,,
11,GUANAJUATO,20,YURIRIA,41,URIANGATO,2798,C01,15,82,2,60,3,11,98,,,,275,7,282,650,,,,,,,,,,,,,,,,,,,,,
11,GUANAJUATO,20,YURIRIA,41,URIANGATO,2798,C02,37,77,0,45,3,13,89,,,,267,12,279,650,,,,,,,,,,,,,,,,,,,,,
11,GUANAJUATO,20,YURIRIA,41,URIANGATO,2799,B,28,106,1,59,2,17,82,,,,297,11,308,693,,,,,,,,,,,,,,,,,,,,,
11,GUANAJUATO,20,YURIRIA,41,URIANGATO,2799,C01,36,125,2,59,2,15,71,,,,312,9,321,693,,,,,,,,,,,,,,,,,,,,,
11,GUANAJUATO,20,YURIRIA,41,URIANGATO,2799,C02,42,115,2,65,1,18,77,,,,324,6,330,693,,,,,,,,,,,,,,,,,,,,,
11,GUANAJUATO,20,YURIRIA,41,URIANGATO,2800,B,44,111,3,76,2,14,85,,,,337,6,344,726,,,,,,,,,,,,,,,,,,,,,
11,GUANAJUATO,20,YURIRIA,41,URIANGATO,2800,C01,42,103,2,102,3,10,80,,,,345,5,350,725,,,,,,,,,,,,,,,,,,,,,
11,GUANAJUATO,20,YURIRIA,41,URIANGATO,2801,B,48,124,0,97,0,13,80,,,,363,3,366,652,,,,,,,,,,,,,,,,,,,,,
11,GUANAJUATO,20,YURIRIA,41,URIANGATO,2801,C01,57,137,0,84,0,14,67,,,,362,6,368,651,,,,,,,,,,,,,,,,,,,,,
11,GUANAJUATO,20,YURIRIA,41,URIANGATO,2802,B,31,107,0,66,1,0,61,,,,267,7,274,538,,,,,,,,,,,,,,,,,,,,,
11,GUANAJUATO,20,YURIRIA,41,URIANGATO,2802,C01,41,118,2,62,0,5,59,,,,288,10,298,537,,,,,,,,,,,,,,,,,,,,,
11,GUANAJUATO,20,YURIRIA,41,URIANGATO,2802,C02,52,123,0,69,2,10,67,,,,323,1,324,537,,,,,,,,,,,,,,,,,,,,,
11,GUANAJUATO,20,YURIRIA,41,URIANGATO,2803,B,39,115,1,62,0,7,55,,,,284,12,296,550,,,,,,,,,,,,,,,,,,,,,
11,GUANAJUATO,20,YURIRIA,41,URIANGATO,2803,C01,29,126,1,48,0,9,51,,,,266,6,272,549,,,,,,,,,,,,,,,,,,,,,
11,GUANAJUATO,20,YURIRIA,41,URIANGATO,2804,B,40,111,0,34,1,7,49,,,,247,5,252,527,,,,,,,,,,,,,,,,,,,,,
11,GUANAJUATO,20,YURIRIA,41,URIANGATO,2804,C01,35,118,0,41,1,7,43,,,,246,1,247,526,,,,,,,,,,,,,,,,,,,,,
11,GUANAJUATO,20,YURIRIA,41,URIANGATO,2804,C02,49,129,1,63,2,3,43,,,,292,9,301,526,,,,,,,,,,,,,,,,,,,,,
11,GUANAJUATO,20,YURIRIA,41,URIANGATO,2805,B,23,143,1,81,2,7,37,,,,297,10,307,724,,,,,,,,,,,,,,,,,,,,,
11,GUANAJUATO,20,YURIRIA,41,URIANGATO,2805,C01,34,174,0,69,1,3,33,,,,316,10,326,724,,,,,,,,,,,,,,,,,,,,,
11,GUANAJUATO,20,YURIRIA,41,URIANGATO,2806,B,45,109,3,67,0,15,40,,,,281,6,287,535,,,,,,,,,,,,,,,,,,,,,
11,GUANAJUATO,20,YURIRIA,41,URIANGATO,2806,C01,75,115,2,60,0,8,39,,,,301,5,307,535,,,,,,,,,,,,,,,,,,,,,
11,GUANAJUATO,20,YURIRIA,41,URIANGATO,2807,B,39,99,0,42,1,18,49,,,,250,8,259,664,,,,,,,,,,,,,,,,,,,,,
11,GUANAJUATO,20,YURIRIA,41,URIANGATO,2807,C01,39,126,1,54,0,12,65,,,,297,9,306,664,,,,,,,,,,,,,,,,,,,,,
11,GUANAJUATO,20,YURIRIA,41,URIANGATO,2807,C02,51,131,6,40,2,14,66,,,,312,5,318,664,,,,,,,,,,,,,,,,,,,,,
11,GUANAJUATO,20,YURIRIA,41,URIANGATO,2807,C03,43,116,3,59,4,7,52,,,,286,8,294,664,,,,,,,,,,,,,,,,,,,,,
11,GUANAJUATO,20,YURIRIA,41,URIANGATO,2807,C04,53,128,2,35,1,11,54,,,,287,5,293,664,,,,,,,,,,,,,,,,,,,,,
11,GUANAJUATO,20,YURIRIA,41,URIANGATO,2808,B,38,83,3,35,3,9,83,,,,256,8,264,651,,,,,,,,,,,,,,,,,,,,,
11,GUANAJUATO,20,YURIRIA,41,URIANGATO,2808,C01,36,64,2,31,0,8,83,,,,230,7,238,651,,,,,,,,,,,,,,,,,,,,,
11,GUANAJUATO,20,YURIRIA,41,URIANGATO,2808,C02,59,66,2,30,6,16,65,,,,246,9,255,651,,,,,,,,,,,,,,,,,,,,,
11,GUANAJUATO,20,YURIRIA,41,URIANGATO,2809,B,55,85,2,46,1,18,67,,,,279,8,287,726,,,,,,,,,,,,,,,,,,,,,
11,GUANAJUATO,20,YURIRIA,41,URIANGATO,2809,C01,59,87,2,30,1,10,85,,,,276,8,284,726,,,,,,,,,,,,,,,,,,,,,
11,GUANAJUATO,20,YURIRIA,41,URIANGATO,2809,C02,51,70,2,48,5,11,78,,,,266,6,272,726,,,,,,,,,,,,,,,,,,,,,
11,GUANAJUATO,20,YURIRIA,41,URIANGATO,2809,C03,38,90,1,39,4,15,75,,,,266,8,274,726,,,,,,,,,,,,,,,,,,,,,
11,GUANAJUATO,20,YURIRIA,41,URIANGATO,2809,C04,55,72,0,49,4,13,75,,,,269,8,277,726,,,,,,,,,,,,,,,,,,,,,
11,GUANAJUATO,20,YURIRIA,41,URIANGATO,2809,C05,53,71,5,36,5,13,75,,,,263,7,270,726,,,,,,,,,,,,,,,,,,,,,
11,GUANAJUATO,20,YURIRIA,41,URIANGATO,2809,C06,44,77,2,49,1,21,66,,,,261,7,268,725,,,,,,,,,,,,,,,,,,,,,
11,GUANAJUATO,20,YURIRIA,41,URIANGATO,2810,B,32,115,1,32,2,3,56,,,,242,11,253,489,,,,,,,,,,,,,,,,,,,,,
11,GUANAJUATO,20,YURIRIA,41,URIANGATO,2810,C01,28,120,0,34,1,5,51,,,,241,2,243,489,,,,,,,,,,,,,,,,,,,,,
11,GUANAJUATO,20,YURIRIA,41,URIANGATO,2810,E01,46,134,2,57,2,10,83,,,,335,2,337,614,,,,,,,,,,,,,,,,,,,,,
11,GUANAJUATO,20,YURIRIA,41,URIANGATO,2811,B,10,51,3,14,2,15,35,,,,132,3,138,377,,,,,,,,,,,,,,,,,,,,,
11,GUANAJUATO,20,YURIRIA,41,URIANGATO,2811,C01,7,53,0,15,2,2,26,,,,107,4,111,376,,,,,,,,,,,,,,,,,,,,,
11,GUANAJUATO,20,YURIRIA,41,URIANGATO,2812,B,73,91,2,90,4,9,44,,,,317,15,332,711,,,,,,,,,,,,,,,,,,,,,
11,GUANAJUATO,20,YURIRIA,41,URIANGATO,2812,E01,14,55,0,8,0,7,12,,,,97,5,102,267,,,,,,,,,,,,,,,,,,,,,
11,GUANAJUATO,20,YURIRIA,41,URIANGATO,2813,B,18,76,2,20,0,8,59,,,,185,4,189,533,,,,,,,,,,,,,,,,,,,,,
11,GUANAJUATO,20,YURIRIA,41,URIANGATO,2813,C01,14,86,3,14,3,4,56,,,,182,5,187,533,,,,,,,,,,,,,,,,,,,,,
11,GUANAJUATO,20,YURIRIA,41,URIANGATO,2813,C02,10,78,1,15,3,8,64,,,,182,5,187,533,,,,,,,,,,,,,,,,,,,,,
11,GUANAJUATO,20,YURIRIA,41,URIANGATO,2814,B,18,39,4,10,1,1,113,,,,187,9,196,570,,,,,,,,,,,,,,,,,,,,,
11,GUANAJUATO,20,YURIRIA,41,URIANGATO,2814,C01,17,50,2,9,3,7,90,,,,180,10,190,570,,,,,,,,,,,,,,,,,,,,,
11,GUANAJUATO,20,YURIRIA,41,URIANGATO,2815,B,5,31,1,7,0,1,27,,,,73,4,77,379,,,,,,,,,,,,,,,,,,,,,
11,GUANAJUATO,20,YURIRIA,41,URIANGATO,2815,C01,2,28,1,8,1,4,29,,,,77,3,80,379,,,,,,,,,,,,,,,,,,,,,
11,GUANAJUATO,20,YURIRIA,46,YURIRIA,2949,B,42,92,,127,5,2,28,,1,,300,5,305,567,,,,,,,,,,,,,,,,,,,,,
11,GUANAJUATO,20,YURIRIA,46,YURIRIA,2949,C01,56,93,,120,6,6,26,,1,,308,10,318,566,,,,,,,,,,,,,,,,,,,,,
11,GUANAJUATO,20,YURIRIA,46,YURIRIA,2949,C02,55,63,,102,2,6,40,,2,,270,4,274,566,,,,,,,,,,,,,,,,,,,,,
11,GUANAJUATO,20,YURIRIA,46,YURIRIA,2949,C03,46,75,,119,3,5,35,,2,,286,8,294,566,,,,,,,,,,,,,,,,,,,,,
11,GUANAJUATO,20,YURIRIA,46,YURIRIA,2950,B,73,72,,72,1,2,36,,1,,259,4,263,476,,,,,,,,,,,,,,,,,,,,,
11,GUANAJUATO,20,YURIRIA,46,YURIRIA,2950,C01,82,63,,89,0,5,37,,1,,280,4,284,476,,,,,,,,,,,,,,,,,,,,,
11,GUANAJUATO,20,YURIRIA,46,YURIRIA,2951,B,92,71,,66,2,11,65,,0,,309,2,311,471,,,,,,,,,,,,,,,,,,,,,
11,GUANAJUATO,20,YURIRIA,46,YURIRIA,2951,C01,64,89,,79,4,4,39,,4,,286,4,290,471,,,,,,,,,,,,,,,,,,,,,
11,GUANAJUATO,20,YURIRIA,46,YURIRIA,2952,B,55,81,,103,4,5,37,,0,,288,12,300,533,,,,,,,,,,,,,,,,,,,,,
11,GUANAJUATO,20,YURIRIA,46,YURIRIA,2952,C01,47,82,,113,2,2,37,,7,,290,6,296,533,,,,,,,,,,,,,,,,,,,,,
11,GUANAJUATO,20,YURIRIA,46,YURIRIA,2953,B,66,71,,131,4,11,30,,0,,315,10,325,665,,,,,,,,,,,,,,,,,,,,,
11,GUANAJUATO,20,YURIRIA,46,YURIRIA,2954,B,82,122,,90,1,5,54,,3,,359,8,368,533,,,,,,,,,,,,,,,,,,,,,
11,GUANAJUATO,20,YURIRIA,46,YURIRIA,2954,C01,75,90,,78,5,7,51,,3,,313,7,320,532,,,,,,,,,,,,,,,,,,,,,
11,GUANAJUATO,20,YURIRIA,46,YURIRIA,2955,B,90,72,,86,2,2,49,,1,,306,8,314,525,,,,,,,,,,,,,,,,,,,,,
11,GUANAJUATO,20,YURIRIA,46,YURIRIA,2955,C01,98,72,,92,1,9,37,,1,,313,7,320,524,,,,,,,,,,,,,,,,,,,,,
11,GUANAJUATO,20,YURIRIA,46,YURIRIA,2956,B,94,94,,90,6,4,67,,3,,360,8,368,679,,,,,,,,,,,,,,,,,,,,,
11,GUANAJUATO,20,YURIRIA,46,YURIRIA,2956,C01,82,84,,101,8,2,52,,3,,337,6,346,678,,,,,,,,,,,,,,,,,,,,,
11,GUANAJUATO,20,YURIRIA,46,YURIRIA,2957,B,76,115,,138,4,9,58,,6,,407,14,421,712,,,,,,,,,,,,,,,,,,,,,
11,GUANAJUATO,20,YURIRIA,46,YURIRIA,2958,B,65,95,,104,1,7,55,,1,,330,13,343,659,,,,,,,,,,,,,,,,,,,,,
11,GUANAJUATO,20,YURIRIA,46,YURIRIA,2958,C01,70,95,,88,2,7,63,,1,,328,4,332,658,,,,,,,,,,,,,,,,,,,,,
11,GUANAJUATO,20,YURIRIA,46,YURIRIA,2959,B,73,99,,110,4,5,77,,2,,371,8,379,719,,,,,,,,,,,,,,,,,,,,,
11,GUANAJUATO,20,YURIRIA,46,YURIRIA,2959,C01,79,95,,110,4,6,71,,3,,375,11,386,719,,,,,,,,,,,,,,,,,,,,,
11,GUANAJUATO,20,YURIRIA,46,YURIRIA,2959,C02,80,101,,129,6,7,53,,1,,378,0,378,719,,,,,,,,,,,,,,,,,,,,,
11,GUANAJUATO,20,YURIRIA,46,YURIRIA,2959,C03,67,91,,123,6,4,42,,10,,347,10,357,719,,,,,,,,,,,,,,,,,,,,,
11,GUANAJUATO,20,YURIRIA,46,YURIRIA,2959,C04,105,87,,134,3,6,49,,1,,389,8,398,719,,,,,,,,,,,,,,,,,,,,,
11,GUANAJUATO,20,YURIRIA,46,YURIRIA,2959,C05,84,102,,119,1,2,59,,3,,371,13,384,718,,,,,,,,,,,,,,,,,,,,,
11,GUANAJUATO,20,YURIRIA,46,YURIRIA,2960,B,48,59,,95,1,3,38,,9,,257,6,263,566,,,,,,,,,,,,,,,,,,,,,
11,GUANAJUATO,20,YURIRIA,46,YURIRIA,2960,C01,61,74,,103,4,5,19,,2,,271,11,282,566,,,,,,,,,,,,,,,,,,,,,
11,GUANAJUATO,20,YURIRIA,46,YURIRIA,2960,C02,42,72,,118,3,6,33,,4,,281,2,283,565,,,,,,,,,,,,,,,,,,,,,
11,GUANAJUATO,20,YURIRIA,46,YURIRIA,2961,B,70,84,,80,1,2,48,,3,,289,5,294,493,,,,,,,,,,,,,,,,,,,,,
11,GUANAJUATO,20,YURIRIA,46,YURIRIA,2961,C01,71,84,,79,4,7,49,,1,,295,8,303,493,,,,,,,,,,,,,,,,,,,,,
11,GUANAJUATO,20,YURIRIA,46,YURIRIA,2962,B,75,110,,105,9,6,54,,3,,364,5,369,723,,,,,,,,,,,,,,,,,,,,,
11,GUANAJUATO,20,YURIRIA,46,YURIRIA,2962,C01,94,104,,106,4,4,45,,2,,359,9,368,723,,,,,,,,,,,,,,,,,,,,,
11,GUANAJUATO,20,YURIRIA,46,YURIRIA,2962,C02,63,102,,124,6,4,64,,3,,367,15,383,722,,,,,,,,,,,,,,,,,,,,,
11,GUANAJUATO,20,YURIRIA,46,YURIRIA,2963,B,80,79,,171,2,7,46,,5,,392,12,404,723,,,,,,,,,,,,,,,,,,,,,
11,GUANAJUATO,20,YURIRIA,46,YURIRIA,2963,C01,116,105,,146,5,2,34,,0,,410,6,416,723,,,,,,,,,,,,,,,,,,,,,
11,GUANAJUATO,20,YURIRIA,46,YURIRIA,2964,B,145,36,,49,4,8,64,,1,,311,9,320,742,,,,,,,,,,,,,,,,,,,,,
11,GUANAJUATO,20,YURIRIA,46,YURIRIA,2964,C01,127,43,,37,2,7,63,,5,,285,12,297,742,,,,,,,,,,,,,,,,,,,,,
11,GUANAJUATO,20,YURIRIA,46,YURIRIA,2965,B,84,20,,156,3,1,36,,2,,304,15,319,705,,,,,,,,,,,,,,,,,,,,,
11,GUANAJUATO,20,YURIRIA,46,YURIRIA,2965,C01,87,43,,183,1,5,33,,2,,356,3,359,705,,,,,,,,,,,,,,,,,,,,,
11,GUANAJUATO,20,YURIRIA,46,YURIRIA,2966,B,36,39,,65,2,4,26,,1,,179,4,183,543,,,,,,,,,,,,,,,,,,,,,
11,GUANAJUATO,20,YURIRIA,46,YURIRIA,2966,C01,36,41,,83,0,2,20,,5,,190,3,193,542,,,,,,,,,,,,,,,,,,,,,
11,GUANAJUATO,20,YURIRIA,46,YURIRIA,2967,B,26,25,,63,0,1,5,,1,,121,4,125,394,,,,,,,,,,,,,,,,,,,,,
11,GUANAJUATO,20,YURIRIA,46,YURIRIA,2967,C01,28,33,,53,0,0,5,,1,,121,8,129,394,,,,,,,,,,,,,,,,,,,,,
11,GUANAJUATO,20,YURIRIA,46,YURIRIA,2968,B,31,40,,75,4,1,23,,0,,176,6,182,722,,,,,,,,,,,,,,,,,,,,,
11,GUANAJUATO,20,YURIRIA,46,YURIRIA,2969,B,58,32,,59,1,1,24,,0,,175,13,188,600,,,,,,,,,,,,,,,,,,,,,
11,GUANAJUATO,20,YURIRIA,46,YURIRIA,2969,C01,44,43,,57,0,1,20,,0,,165,7,172,599,,,,,,,,,,,,,,,,,,,,,
11,GUANAJUATO,20,YURIRIA,46,YURIRIA,2970,B,19,58,,153,3,2,12,,0,,248,12,260,716,,,,,,,,,,,,,,,,,,,,,
11,GUANAJUATO,20,YURIRIA,46,YURIRIA,2971,B,32,32,,66,2,1,1,,0,,134,7,141,439,,,,,,,,,,,,,,,,,,,,,
11,GUANAJUATO,20,YURIRIA,46,YURIRIA,2971,C01,46,33,,63,1,1,34,,0,,178,8,186,438,,,,,,,,,,,,,,,,,,,,,
11,GUANAJUATO,20,YURIRIA,46,YURIRIA,2972,B,28,67,,29,0,0,2,,0,,127,1,128,423,,,,,,,,,,,,,,,,,,,,,
11,GUANAJUATO,20,YURIRIA,46,YURIRIA,2972,C01,28,62,,41,2,0,0,,0,,133,2,135,422,,,,,,,,,,,,,,,,,,,,,
11,GUANAJUATO,20,YURIRIA,46,YURIRIA,2973,B,38,81,,128,6,1,46,,1,,306,10,316,739,,,,,,,,,,,,,,,,,,,,,
11,GUANAJUATO,20,YURIRIA,46,YURIRIA,2974,B,69,34,,15,1,3,15,,1,,139,3,142,391,,,,,,,,,,,,,,,,,,,,,
11,GUANAJUATO,20,YURIRIA,46,YURIRIA,2974,C01,85,40,,11,2,0,16,,1,,155,4,159,391,,,,,,,,,,,,,,,,,,,,,
11,GUANAJUATO,20,YURIRIA,46,YURIRIA,2975,B,27,103,,81,6,4,71,,1,,294,5,299,642,,,,,,,,,,,,,,,,,,,,,
11,GUANAJUATO,20,YURIRIA,46,YURIRIA,2975,C01,35,113,,61,4,4,71,,1,,290,10,300,641,,,,,,,,,,,,,,,,,,,,,
11,GUANAJUATO,20,YURIRIA,46,YURIRIA,2976,B,53,27,,38,0,2,38,,1,,162,6,168,471,,,,,,,,,,,,,,,,,,,,,
11,GUANAJUATO,20,YURIRIA,46,YURIRIA,2977,B,61,88,,55,0,2,81,,1,,288,8,296,580,,,,,,,,,,,,,,,,,,,,,
11,GUANAJUATO,20,YURIRIA,46,YURIRIA,2978,B,58,74,,66,5,0,65,,2,,270,7,277,592,,,,,,,,,,,,,,,,,,,,,
11,GUANAJUATO,20,YURIRIA,46,YURIRIA,2979,B,82,107,,49,2,2,67,,2,,311,14,325,731,,,,,,,,,,,,,,,,,,,,,
11,GUANAJUATO,20,YURIRIA,46,YURIRIA,2980,B,77,32,,7,3,1,48,,3,,175,3,178,485,,,,,,,,,,,,,,,,,,,,,
11,GUANAJUATO,20,YURIRIA,46,YURIRIA,2980,C01,67,32,,11,3,0,34,,4,,152,3,155,485,,,,,,,,,,,,,,,,,,,,,
11,GUANAJUATO,20,YURIRIA,46,YURIRIA,2981,B,28,95,,53,2,2,11,,0,,191,5,196,411,,,,,,,,,,,,,,,,,,,,,
11,GUANAJUATO,20,YURIRIA,46,YURIRIA,2981,C01,29,93,,46,0,1,6,,1,,177,0,177,410,,,,,,,,,,,,,,,,,,,,,
11,GUANAJUATO,20,YURIRIA,46,YURIRIA,2982,B,16,77,,90,0,2,4,,0,,190,0,190,574,,,,,,,,,,,,,,,,,,,,,
11,GUANAJUATO,20,YURIRIA,46,YURIRIA,2983,B,74,31,,140,1,1,15,,1,,266,16,282,643,,,,,,,,,,,,,,,,,,,,,
11,GUANAJUATO,20,YURIRIA,46,YURIRIA,2983,C01,78,33,,119,5,0,22,,2,,259,18,277,643,,,,,,,,,,,,,,,,,,,,,
11,GUANAJUATO,20,YURIRIA,46,YURIRIA,2984,B,50,103,,139,5,0,22,,2,,323,10,333,744,,,,,,,,,,,,,,,,,,,,,
11,GUANAJUATO,20,YURIRIA,46,YURIRIA,2984,C01,63,88,,161,1,2,12,,1,,330,6,336,744,,,,,,,,,,,,,,,,,,,,,
11,GUANAJUATO,20,YURIRIA,46,YURIRIA,2984,C02,64,120,,160,1,2,19,,0,,366,3,369,744,,,,,,,,,,,,,,,,,,,,,
11,GUANAJUATO,20,YURIRIA,46,YURIRIA,2985,B,34,65,,76,1,1,28,,2,,211,9,220,551,,,,,,,,,,,,,,,,,,,,,
11,GUANAJUATO,20,YURIRIA,46,YURIRIA,2986,B,67,77,,16,2,1,13,,1,,179,8,188,612,,,,,,,,,,,,,,,,,,,,,
11,GUANAJUATO,20,YURIRIA,46,YURIRIA,2986,C01,67,37,,7,1,4,14,,0,,132,8,140,611,,,,,,,,,,,,,,,,,,,,,
11,GUANAJUATO,20,YURIRIA,46,YURIRIA,2987,B,32,35,,44,2,2,23,,0,,138,6,144,478,,,,,,,,,,,,,,,,,,,,,
11,GUANAJUATO,20,YURIRIA,46,YURIRIA,2987,C01,21,44,,53,3,2,24,,1,,150,7,157,478,,,,,,,,,,,,,,,,,,,,,
11,GUANAJUATO,20,YURIRIA,46,YURIRIA,2988,B,76,76,,18,0,10,19,,1,,202,7,209,467,,,,,,,,,,,,,,,,,,,,,
11,GUANAJUATO,20,YURIRIA,46,YURIRIA,2989,B,15,36,,26,1,0,21,,1,,100,0,100,269,,,,,,,,,,,,,,,,,,,,,
11,GUANAJUATO,20,YURIRIA,46,YURIRIA,2990,B,17,61,,64,0,2,14,,0,,159,5,164,463,,,,,,,,,,,,,,,,,,,,,
11,GUANAJUATO,20,YURIRIA,46,YURIRIA,2990,C01,22,45,,81,0,0,8,,0,,156,24,180,462,,,,,,,,,,,,,,,,,,,,,
11,GUANAJUATO,20,YURIRIA,46,YURIRIA,2991,B,43,27,,38,1,2,15,,5,,135,12,147,453,,,,,,,,,,,,,,,,,,,,,
11,GUANAJUATO,20,YURIRIA,46,YURIRIA,2991,C01,41,30,,39,1,4,16,,1,,136,7,143,452,,,,,,,,,,,,,,,,,,,,,
11,GUANAJUATO,20,YURIRIA,46,YURIRIA,2992,B,92,35,,35,5,1,23,,4,,200,7,207,651,,,,,,,,,,,,,,,,,,,,,
11,GUANAJUATO,20,YURIRIA,46,YURIRIA,2992,C01,91,50,,37,5,2,27,,0,,216,7,223,651,,,,,,,,,,,,,,,,,,,,,
11,GUANAJUATO,20,YURIRIA,46,YURIRIA,2993,B,60,66,,18,0,2,15,,0,,163,10,173,561,,,,,,,,,,,,,,,,,,,,,
11,GUANAJUATO,20,YURIRIA,46,YURIRIA,2993,C01,67,76,,16,1,2,12,,2,,178,7,185,561,,,,,,,,,,,,,,,,,,,,,
11,GUANAJUATO,20,YURIRIA,46,YURIRIA,2993,C02,59,62,,18,2,3,12,,0,,158,6,164,561,,,,,,,,,,,,,,,,,,,,,
11,GUANAJUATO,20,YURIRIA,46,YURIRIA,2994,B,66,61,,66,4,5,35,,2,,242,7,249,727,,,,,,,,,,,,,,,,,,,,,
11,GUANAJUATO,20,YURIRIA,46,YURIRIA,2994,C01,66,72,,65,3,4,39,,2,,252,13,265,726,,,,,,,,,,,,,,,,,,,,,
11,GUANAJUATO,20,YURIRIA,46,YURIRIA,2995,B,106,72,,41,0,2,7,,3,,234,10,244,692,,,,,,,,,,,,,,,,,,,,,
11,GUANAJUATO,20,YURIRIA,46,YURIRIA,2996,B,80,33,,26,2,1,5,,0,,149,6,155,524,,,,,,,,,,,,,,,,,,,,,
11,GUANAJUATO,20,YURIRIA,46,YURIRIA,2996,C01,74,40,,38,2,2,7,,0,,164,3,167,523,,,,,,,,,,,,,,,,,,,,,
11,GUANAJUATO,20,YURIRIA,46,YURIRIA,2997,B,31,43,,85,0,2,7,,0,,169,7,176,542,,,,,,,,,,,,,,,,,,,,,
11,GUANAJUATO,20,YURIRIA,46,YURIRIA,2997,C01,32,54,,73,2,1,16,,1,,180,1,181,542,,,,,,,,,,,,,,,,,,,,,
11,GUANAJUATO,20,YURIRIA,46,YURIRIA,2997,C02,32,49,,116,1,2,15,,3,,219,1,220,542,,,,,,,,,,,,,,,,,,,,,
11,GUANAJUATO,20,YURIRIA,46,YURIRIA,2998,B,43,59,,60,4,6,30,,6,,210,8,218,512,,,,,,,,,,,,,,,,,,,,,
11,GUANAJUATO,20,YURIRIA,46,YURIRIA,2998,C01,52,57,,64,1,2,32,,8,,218,8,226,511,,,,,,,,,,,,,,,,,,,,,
11,GUANAJUATO,20,YURIRIA,46,YURIRIA,2998,C02,52,56,,30,2,5,32,,5,,184,9,193,511,,,,,,,,,,,,,,,,,,,,,
11,GUANAJUATO,20,YURIRIA,46,YURIRIA,2999,B,69,61,,29,3,16,75,,4,,258,0,258,658,,,,,,,,,,,,,,,,,,,,,
11,GUANAJUATO,20,YURIRIA,46,YURIRIA,2999,C01,57,77,,42,3,5,36,,6,,231,8,239,657,,,,,,,,,,,,,,,,,,,,,
11,GUANAJUATO,20,YURIRIA,46,YURIRIA,3000,B,43,79,,29,6,2,22,,2,,183,5,188,538,,,,,,,,,,,,,,,,,,,,,
11,GUANAJUATO,20,YURIRIA,46,YURIRIA,3000,C01,33,79,,33,1,4,22,,1,,174,10,184,538,,,,,,,,,,,,,,,,,,,,,
11,GUANAJUATO,20,YURIRIA,46,YURIRIA,3000,C02,52,78,,25,4,3,24,,2,,188,10,198,538,,,,,,,,,,,,,,,,,,,,,
11,GUANAJUATO,20,YURIRIA,46,YURIRIA,3001,B,17,74,,57,3,2,22,,2,,179,5,184,549,,,,,,,,,,,,,,,,,,,,,
11,GUANAJUATO,20,YURIRIA,46,YURIRIA,3001,C01,29,81,,55,2,3,29,,3,,204,1,205,549,,,,,,,,,,,,,,,,,,,,,
11,GUANAJUATO,20,YURIRIA,46,YURIRIA,3001,C02,36,81,,58,3,4,23,,2,,207,6,213,548,,,,,,,,,,,,,,,,,,,,,
11,GUANAJUATO,20,YURIRIA,46,YURIRIA,3002,B,59,43,,32,2,6,16,,2,,162,3,165,464,,,,,,,,,,,,,,,,,,,,,
11,GUANAJUATO,20,YURIRIA,46,YURIRIA,3002,C01,58,39,,32,0,0,14,,0,,145,4,149,464,,,,,,,,,,,,,,,,,,,,,
11,GUANAJUATO,20,YURIRIA,46,YURIRIA,3003,B,37,31,,52,3,3,9,,1,,139,10,149,410,,,,,,,,,,,,,,,,,,,,,
11,GUANAJUATO,20,YURIRIA,46,YURIRIA,3003,C01,25,39,,38,0,1,7,,0,,111,5,116,409,,,,,,,,,,,,,,,,,,,,,
11,GUANAJUATO,20,YURIRIA,46,YURIRIA,3004,B,44,34,,10,1,1,20,,2,,113,2,115,383,,,,,,,,,,,,,,,,,,,,,
11,GUANAJUATO,20,YURIRIA,46,YURIRIA,3004,C01,50,28,,18,3,6,16,,0,,122,3,130,383,,,,,,,,,,,,,,,,,,,,,
11,GUANAJUATO,20,YURIRIA,46,YURIRIA,3005,B,28,86,,70,1,0,17,,0,,202,4,206,430,,,,,,,,,,,,,,,,,,,,,
11,GUANAJUATO,20,YURIRIA,46,YURIRIA,3005,C01,13,42,,89,2,3,15,,1,,167,4,171,430,,,,,,,,,,,,,,,,,,,,,
11,GUANAJUATO,21,LEON,20,LEON,1436,B,105,24,14,13,4,5,70,3,2,0,240,7,247,532,,,,,,,,,,,,,,,,,,,,,
11,GUANAJUATO,21,LEON,20,LEON,1436,C01,126,11,2,22,3,9,83,2,1,0,262,3,265,532,,,,,,,,,,,,,,,,,,,,,
11,GUANAJUATO,21,LEON,20,LEON,1437,B,386,20,2,9,1,23,54,0,0,3,500,2,502,672,,,,,,,,,,,,,,,,,,,,,
11,GUANAJUATO,21,LEON,20,LEON,1437,C01,364,13,5,7,1,31,51,0,1,1,474,6,481,671,,,,,,,,,,,,,,,,,,,,,
11,GUANAJUATO,21,LEON,20,LEON,1438,B,148,6,2,6,3,6,45,1,1,1,220,14,234,554,,,,,,,,,,,,,,,,,,,,,
11,GUANAJUATO,21,LEON,20,LEON,1438,C01,139,12,4,10,1,5,65,2,2,1,242,2,244,553,,,,,,,,,,,,,,,,,,,,,
11,GUANAJUATO,21,LEON,20,LEON,1438,C02,144,16,0,6,3,17,74,1,1,1,264,9,273,553,,,,,,,,,,,,,,,,,,,,,
11,GUANAJUATO,21,LEON,20,LEON,1450,B,270,24,5,9,1,32,61,1,1,1,406,10,416,641,,,,,,,,,,,,,,,,,,,,,
11,GUANAJUATO,21,LEON,20,LEON,1450,C01,279,21,1,6,3,18,51,1,1,2,383,3,386,641,,,,,,,,,,,,,,,,,,,,,
11,GUANAJUATO,21,LEON,20,LEON,1450,C02,257,12,6,4,2,8,70,1,0,1,362,6,368,641,,,,,,,,,,,,,,,,,,,,,
11,GUANAJUATO,21,LEON,20,LEON,1450,C03,266,16,3,8,1,19,46,3,0,3,367,4,371,641,,,,,,,,,,,,,,,,,,,,,
11,GUANAJUATO,21,LEON,20,LEON,1450,C04,277,26,5,3,1,12,53,2,1,0,381,6,387,640,,,,,,,,,,,,,,,,,,,,,
11,GUANAJUATO,21,LEON,20,LEON,1451,B,173,15,4,21,2,8,106,1,2,2,334,3,337,657,,,,,,,,,,,,,,,,,,,,,
11,GUANAJUATO,21,LEON,20,LEON,1451,C01,177,26,3,9,2,16,95,1,1,2,334,7,341,656,,,,,,,,,,,,,,,,,,,,,
11,GUANAJUATO,21,LEON,20,LEON,1452,B,135,13,4,21,2,5,102,3,2,2,291,7,298,608,,,,,,,,,,,,,,,,,,,,,
11,GUANAJUATO,21,LEON,20,LEON,1452,C01,131,13,2,22,2,4,89,3,3,3,276,6,282,607,,,,,,,,,,,,,,,,,,,,,
11,GUANAJUATO,21,LEON,20,LEON,1453,B,239,32,0,30,2,15,90,1,0,0,412,7,421,682,,,,,,,,,,,,,,,,,,,,,
11,GUANAJUATO,21,LEON,20,LEON,1453,C01,230,17,3,35,2,21,113,1,3,5,433,6,439,682,,,,,,,,,,,,,,,,,,,,,
11,GUANAJUATO,21,LEON,20,LEON,1531,B,154,16,5,20,4,15,81,2,2,1,302,6,309,542,,,,,,,,,,,,,,,,,,,,,
11,GUANAJUATO,21,LEON,20,LEON,1531,C01,198,12,9,17,0,14,60,1,0,1,317,5,322,541,,,,,,,,,,,,,,,,,,,,,
11,GUANAJUATO,21,LEON,20,LEON,1532,B,308,32,2,7,0,18,58,2,2,3,434,3,437,666,,,,,,,,,,,,,,,,,,,,,
11,GUANAJUATO,21,LEON,20,LEON,1532,C01,282,30,2,5,5,15,52,0,1,4,399,9,408,665,,,,,,,,,,,,,,,,,,,,,
11,GUANAJUATO,21,LEON,20,LEON,1533,B,212,9,4,11,3,10,60,0,0,0,311,7,318,523,,,,,,,,,,,,,,,,,,,,,
11,GUANAJUATO,21,LEON,20,LEON,1533,C01,199,17,5,12,2,12,73,1,0,1,323,6,329,523,,,,,,,,,,,,,,,,,,,,,
11,GUANAJUATO,21,LEON,20,LEON,1558,B,165,15,5,12,1,13,74,2,0,0,288,8,296,595,,,,,,,,,,,,,,,,,,,,,
11,GUANAJUATO,21,LEON,20,LEON,1558,C01,166,19,4,4,2,8,56,3,0,2,268,4,272,595,,,,,,,,,,,,,,,,,,,,,
11,GUANAJUATO,21,LEON,20,LEON,1558,C02,156,16,5,7,1,13,75,2,3,2,282,0,282,594,,,,,,,,,,,,,,,,,,,,,
11,GUANAJUATO,21,LEON,20,LEON,1559,B,196,18,2,18,1,10,92,1,0,3,347,8,355,633,,,,,,,,,,,,,,,,,,,,,
11,GUANAJUATO,21,LEON,20,LEON,1559,C01,200,19,4,4,2,14,81,0,3,2,333,7,340,632,,,,,,,,,,,,,,,,,,,,,
11,GUANAJUATO,21,LEON,20,LEON,1560,B,144,13,4,8,1,9,67,2,2,1,254,8,262,444,,,,,,,,,,,,,,,,,,,,,
11,GUANAJUATO,21,LEON,20,LEON,1560,C01,151,16,2,13,1,8,72,3,1,3,277,7,285,443,,,,,,,,,,,,,,,,,,,,,
11,GUANAJUATO,21,LEON,20,LEON,1561,B,332,24,2,11,2,24,63,1,1,1,466,2,468,711,,,,,,,,,,,,,,,,,,,,,
11,GUANAJUATO,21,LEON,20,LEON,1561,C01,351,27,5,4,1,24,54,0,1,1,477,5,482,711,,,,,,,,,,,,,,,,,,,,,
11,GUANAJUATO,21,LEON,20,LEON,1561,C02,332,21,6,10,2,17,54,0,1,1,450,10,462,711,,,,,,,,,,,,,,,,,,,,,
11,GUANAJUATO,21,LEON,20,LEON,1562,B,299,21,2,6,1,19,50,1,0,1,404,6,410,621,,,,,,,,,,,,,,,,,,,,,
11,GUANAJUATO,21,LEON,20,LEON,1562,C01,261,26,3,5,4,24,56,2,0,1,385,8,395,620,,,,,,,,,,,,,,,,,,,,,
11,GUANAJUATO,21,LEON,20,LEON,1563,B,206,16,0,4,0,5,42,2,1,0,279,4,283,437,,,,,,,,,,,,,,,,,,,,,
11,GUANAJUATO,21,LEON,20,LEON,1563,C01,187,14,0,8,0,8,46,0,0,4,267,4,271,437,,,,,,,,,,,,,,,,,,,,,
11,GUANAJUATO,21,LEON,20,LEON,1564,B,250,16,5,6,0,13,49,0,0,0,340,1,341,528,,,,,,,,,,,,,,,,,,,,,
11,GUANAJUATO,21,LEON,20,LEON,1564,C01,282,24,2,4,0,15,44,2,0,1,374,2,376,527,,,,,,,,,,,,,,,,,,,,,
11,GUANAJUATO,21,LEON,20,LEON,1565,B,193,22,1,1,0,13,47,1,1,0,281,2,283,462,,,,,,,,,,,,,,,,,,,,,
11,GUANAJUATO,21,LEON,20,LEON,1565,C01,229,18,2,4,3,18,45,0,0,2,327,2,330,462,,,,,,,,,,,,,,,,,,,,,
11,GUANAJUATO,21,LEON,20,LEON,1566,B,213,29,4,9,3,16,109,4,1,2,398,8,406,644,,,,,,,,,,,,,,,,,,,,,
11,GUANAJUATO,21,LEON,20,LEON,1566,C01,226,29,6,6,2,23,97,2,2,2,398,9,407,643,,,,,,,,,,,,,,,,,,,,,
11,GUANAJUATO,21,LEON,20,LEON,1567,B,179,28,4,14,3,14,72,1,1,4,324,10,334,564,,,,,,,,,,,,,,,,,,,,,
11,GUANAJUATO,21,LEON,20,LEON,1567,C01,184,20,3,7,0,14,93,3,2,3,333,15,348,564,,,,,,,,,,,,,,,,,,,,,
11,GUANAJUATO,21,LEON,20,LEON,1581,B,237,21,2,8,1,13,88,3,1,1,378,6,384,686,,,,,,,,,,,,,,,,,,,,,
11,GUANAJUATO,21,LEON,20,LEON,1581,C01,251,18,2,7,4,10,72,1,1,3,376,12,388,686,,,,,,,,,,,,,,,,,,,,,
11,GUANAJUATO,21,LEON,20,LEON,1582,B,191,14,3,1,3,14,47,1,0,1,277,4,282,446,,,,,,,,,,,,,,,,,,,,,
11,GUANAJUATO,21,LEON,20,LEON,1582,C01,189,27,4,2,1,17,35,1,0,2,279,3,283,445,,,,,,,,,,,,,,,,,,,,,
11,GUANAJUATO,21,LEON,20,LEON,1583,B,237,21,1,7,2,13,38,2,0,3,327,7,334,543,,,,,,,,,,,,,,,,,,,,,
11,GUANAJUATO,21,LEON,20,LEON,1583,C01,215,21,2,11,2,9,53,1,0,5,322,2,324,542,,,,,,,,,,,,,,,,,,,,,
11,GUANAJUATO,21,LEON,20,LEON,1583,C02,228,26,5,4,2,12,60,2,1,0,342,2,344,542,,,,,,,,,,,,,,,,,,,,,
11,GUANAJUATO,21,LEON,20,LEON,1584,B,205,1,7,0,12,45,2,0,0,0,272,6,278,462,,,,,,,,,,,,,,,,,,,,,
11,GUANAJUATO,21,LEON,20,LEON,1584,C01,168,15,4,4,1,7,53,2,0,3,260,19,279,462,,,,,,,,,,,,,,,,,,,,,
11,GUANAJUATO,21,LEON,20,LEON,1585,B,202,15,8,10,3,15,93,1,0,4,355,7,362,681,,,,,,,,,,,,,,,,,,,,,
11,GUANAJUATO,21,LEON,20,LEON,1585,C01,194,13,2,17,3,10,65,2,0,4,313,7,320,681,,,,,,,,,,,,,,,,,,,,,
11,GUANAJUATO,21,LEON,20,LEON,1585,C02,232,24,5,13,4,19,62,3,0,1,368,8,376,681,,,,,,,,,,,,,,,,,,,,,
11,GUANAJUATO,21,LEON,20,LEON,1585,C03,172,24,4,17,0,13,88,5,1,3,328,8,336,681,,,,,,,,,,,,,,,,,,,,,
11,GUANAJUATO,21,LEON,20,LEON,1585,C04,188,13,7,8,0,22,64,1,1,3,313,6,322,681,,,,,,,,,,,,,,,,,,,,,
11,GUANAJUATO,21,LEON,20,LEON,1585,C05,192,14,1,4,1,17,72,6,0,2,312,3,315,681,,,,,,,,,,,,,,,,,,,,,
11,GUANAJUATO,21,LEON,20,LEON,1585,C06,182,17,0,20,0,14,78,4,1,3,320,8,328,680,,,,,,,,,,,,,,,,,,,,,
11,GUANAJUATO,21,LEON,20,LEON,1585,C07,188,23,7,11,1,21,78,4,2,5,341,1,347,680,,,,,,,,,,,,,,,,,,,,,
11,GUANAJUATO,21,LEON,20,LEON,1585,C08,186,16,1,1,2,13,80,3,1,3,308,5,313,680,,,,,,,,,,,,,,,,,,,,,
11,GUANAJUATO,21,LEON,20,LEON,1586,B,161,32,5,11,5,11,59,0,0,4,295,7,302,546,,,,,,,,,,,,,,,,,,,,,
11,GUANAJUATO,21,LEON,20,LEON,1586,C01,199,27,1,9,1,11,57,0,1,2,310,8,318,546,,,,,,,,,,,,,,,,,,,,,
11,GUANAJUATO,21,LEON,20,LEON,1587,B,152,30,2,4,1,10,58,1,1,1,263,9,273,514,,,,,,,,,,,,,,,,,,,,,
11,GUANAJUATO,21,LEON,20,LEON,1587,C01,180,13,2,7,22,6,39,3,1,4,279,6,285,513,,,,,,,,,,,,,,,,,,,,,
11,GUANAJUATO,21,LEON,20,LEON,1588,B,191,12,7,5,3,11,56,1,1,5,295,4,299,582,,,,,,,,,,,,,,,,,,,,,
11,GUANAJUATO,21,LEON,20,LEON,1588,C01,179,19,2,6,3,17,42,4,3,3,280,6,286,581,,,,,,,,,,,,,,,,,,,,,
11,GUANAJUATO,21,LEON,20,LEON,1588,C02,209,15,4,8,2,10,44,1,0,1,302,4,306,581,,,,,,,,,,,,,,,,,,,,,
11,GUANAJUATO,21,LEON,20,LEON,1589,B,213,17,6,18,1,5,76,1,3,3,348,6,355,713,,,,,,,,,,,,,,,,,,,,,
11,GUANAJUATO,21,LEON,20,LEON,1589,C01,179,27,0,15,0,15,71,1,5,3,322,4,326,713,,,,,,,,,,,,,,,,,,,,,
11,GUANAJUATO,21,LEON,20,LEON,1590,B,153,18,2,11,2,10,56,1,2,4,260,2,263,579,,,,,,,,,,,,,,,,,,,,,
11,GUANAJUATO,21,LEON,20,LEON,1590,C01,136,16,3,8,1,11,66,1,3,0,246,1,247,578,,,,,,,,,,,,,,,,,,,,,
11,GUANAJUATO,21,LEON,20,LEON,1590,C02,140,14,2,11,0,7,61,0,0,6,242,6,248,578,,,,,,,,,,,,,,,,,,,,,
11,GUANAJUATO,21,LEON,20,LEON,1614,B,239,24,4,6,3,12,59,0,2,3,353,5,359,724,,,,,,,,,,,,,,,,,,,,,
11,GUANAJUATO,21,LEON,20,LEON,1614,C01,236,20,6,7,1,13,69,2,2,2,362,3,365,724,,,,,,,,,,,,,,,,,,,,,
11,GUANAJUATO,21,LEON,20,LEON,1614,C02,211,24,3,6,2,13,74,1,0,4,344,9,353,724,,,,,,,,,,,,,,,,,,,,,
11,GUANAJUATO,21,LEON,20,LEON,1614,C03,235,27,4,5,4,15,59,0,2,3,358,0,358,724,,,,,,,,,,,,,,,,,,,,,
11,GUANAJUATO,21,LEON,20,LEON,1614,C04,268,18,3,6,2,10,66,2,2,1,380,4,384,724,,,,,,,,,,,,,,,,,,,,,
11,GUANAJUATO,21,LEON,20,LEON,1614,C05,261,26,4,11,2,18,62,2,0,2,390,3,393,724,,,,,,,,,,,,,,,,,,,,,
11,GUANAJUATO,21,LEON,20,LEON,1614,C06,243,23,4,18,4,20,78,2,1,5,403,7,410,724,,,,,,,,,,,,,,,,,,,,,
11,GUANAJUATO,21,LEON,20,LEON,1614,C07,258,20,1,4,7,23,71,3,4,0,391,8,399,724,,,,,,,,,,,,,,,,,,,,,
11,GUANAJUATO,21,LEON,20,LEON,1614,C08,252,18,1,7,0,20,81,3,0,0,385,5,391,724,,,,,,,,,,,,,,,,,,,,,
11,GUANAJUATO,21,LEON,20,LEON,1614,C09,277,16,3,11,2,10,57,3,0,1,386,7,393,724,,,,,,,,,,,,,,,,,,,,,
11,GUANAJUATO,21,LEON,20,LEON,1614,C10,248,29,4,11,2,14,60,2,0,0,380,4,386,724,,,,,,,,,,,,,,,,,,,,,
11,GUANAJUATO,21,LEON,20,LEON,1614,C11,246,19,5,11,2,12,61,2,1,2,362,6,368,724,,,,,,,,,,,,,,,,,,,,,
11,GUANAJUATO,21,LEON,20,LEON,1614,C12,241,14,1,5,1,21,67,0,2,1,359,2,361,723,,,,,,,,,,,,,,,,,,,,,
11,GUANAJUATO,21,LEON,20,LEON,1614,C13,244,13,3,9,2,17,76,3,0,4,379,3,382,723,,,,,,,,,,,,,,,,,,,,,
11,GUANAJUATO,21,LEON,20,LEON,1614,C14,222,28,3,10,1,14,71,2,0,4,357,4,361,723,,,,,,,,,,,,,,,,,,,,,
11,GUANAJUATO,21,LEON,20,LEON,1614,C15,246,25,3,5,2,16,69,1,0,1,371,8,379,723,,,,,,,,,,,,,,,,,,,,,
11,GUANAJUATO,21,LEON,20,LEON,1614,C16,222,16,4,1,3,13,74,1,0,2,347,2,349,723,,,,,,,,,,,,,,,,,,,,,
11,GUANAJUATO,21,LEON,20,LEON,1614,C17,250,21,4,9,4,21,50,5,1,2,371,6,377,723,,,,,,,,,,,,,,,,,,,,,
11,GUANAJUATO,21,LEON,20,LEON,1614,C18,239,17,1,8,3,22,69,0,2,1,367,9,377,723,,,,,,,,,,,,,,,,,,,,,
11,GUANAJUATO,21,LEON,20,LEON,1614,C19,255,14,4,7,0,20,68,6,4,2,389,7,396,723,,,,,,,,,,,,,,,,,,,,,
11,GUANAJUATO,21,LEON,20,LEON,1615,B,125,19,1,8,2,10,62,1,1,0,235,4,239,438,,,,,,,,,,,,,,,,,,,,,
11,GUANAJUATO,21,LEON,20,LEON,1615,C01,128,12,1,5,2,4,65,0,1,0,231,3,234,438,,,,,,,,,,,,,,,,,,,,,
11,GUANAJUATO,21,LEON,20,LEON,1616,B,163,7,2,8,1,11,50,1,1,2,248,7,255,457,,,,,,,,,,,,,,,,,,,,,
11,GUANAJUATO,21,LEON,20,LEON,1616,C01,164,15,2,2,1,11,61,0,2,0,261,6,267,457,,,,,,,,,,,,,,,,,,,,,
11,GUANAJUATO,21,LEON,20,LEON,1617,B,195,9,1,8,2,9,54,2,0,4,286,1,287,514,,,,,,,,,,,,,,,,,,,,,
11,GUANAJUATO,21,LEON,20,LEON,1617,C01,183,14,2,4,2,14,55,0,0,1,277,2,280,514,,,,,,,,,,,,,,,,,,,,,
11,GUANAJUATO,21,LEON,20,LEON,1617,C02,165,10,3,2,4,12,63,0,0,3,267,5,272,514,,,,,,,,,,,,,,,,,,,,,
11,GUANAJUATO,21,LEON,20,LEON,1618,B,156,20,2,7,2,10,59,2,3,2,270,9,279,476,,,,,,,,,,,,,,,,,,,,,
11,GUANAJUATO,21,LEON,20,LEON,1618,C01,186,15,4,7,5,5,56,0,1,1,285,4,291,475,,,,,,,,,,,,,,,,,,,,,
11,GUANAJUATO,21,LEON,20,LEON,1619,B,168,15,3,19,3,14,78,2,0,2,307,5,312,492,,,,,,,,,,,,,,,,,,,,,
11,GUANAJUATO,21,LEON,20,LEON,1619,C01,183,17,2,7,3,12,50,2,0,2,280,6,288,492,,,,,,,,,,,,,,,,,,,,,
11,GUANAJUATO,21,LEON,20,LEON,1620,B,112,10,3,7,2,2,93,0,1,5,237,6,244,699,,,,,,,,,,,,,,,,,,,,,
11,GUANAJUATO,21,LEON,20,LEON,1620,C01,145,17,3,17,2,9,65,2,2,5,270,8,278,699,,,,,,,,,,,,,,,,,,,,,
11,GUANAJUATO,21,LEON,20,LEON,1620,C02,135,15,2,5,0,8,82,0,3,4,261,9,270,698,,,,,,,,,,,,,,,,,,,,,
11,GUANAJUATO,21,LEON,20,LEON,1620,C03,143,16,3,11,3,6,64,2,1,4,256,4,260,698,,,,,,,,,,,,,,,,,,,,,
11,GUANAJUATO,21,LEON,20,LEON,1620,C04,138,13,1,13,6,6,78,0,1,3,264,6,270,698,,,,,,,,,,,,,,,,,,,,,
11,GUANAJUATO,21,LEON,20,LEON,1620,C05,151,14,3,9,2,13,58,3,4,3,262,6,268,698,,,,,,,,,,,,,,,,,,,,,
11,GUANAJUATO,21,LEON,20,LEON,1620,C06,126,24,4,10,4,9,76,1,1,2,260,4,264,698,,,,,,,,,,,,,,,,,,,,,
11,GUANAJUATO,21,LEON,20,LEON,1620,C07,156,19,3,8,0,8,71,2,3,1,273,2,275,698,,,,,,,,,,,,,,,,,,,,,
11,GUANAJUATO,21,LEON,20,LEON,1620,C08,121,16,1,6,2,9,91,0,4,0,255,13,268,698,,,,,,,,,,,,,,,,,,,,,
11,GUANAJUATO,21,LEON,20,LEON,1621,B,187,24,2,17,1,15,49,1,2,3,302,5,307,538,,,,,,,,,,,,,,,,,,,,,
11,GUANAJUATO,21,LEON,20,LEON,1621,C01,186,15,3,18,1,14,60,1,1,0,306,6,312,537,,,,,,,,,,,,,,,,,,,,,
11,GUANAJUATO,21,LEON,20,LEON,1630,B,157,15,5,9,1,6,71,0,0,2,268,6,274,454,,,,,,,,,,,,,,,,,,,,,
11,GUANAJUATO,21,LEON,20,LEON,1630,C01,165,12,2,7,3,8,56,0,1,1,256,3,260,454,,,,,,,,,,,,,,,,,,,,,
11,GUANAJUATO,21,LEON,20,LEON,1631,B,131,21,2,7,6,6,89,1,1,1,268,5,273,695,,,,,,,,,,,,,,,,,,,,,
11,GUANAJUATO,21,LEON,20,LEON,1631,C01,149,20,5,4,2,12,71,1,1,0,269,3,272,695,,,,,,,,,,,,,,,,,,,,,
11,GUANAJUATO,21,LEON,20,LEON,1631,C02,116,17,2,5,3,5,88,2,2,2,246,4,253,695,,,,,,,,,,,,,,,,,,,,,
11,GUANAJUATO,21,LEON,20,LEON,1631,C03,104,13,3,11,3,11,71,1,1,1,222,2,224,695,,,,,,,,,,,,,,,,,,,,,
11,GUANAJUATO,21,LEON,20,LEON,1631,C04,134,12,6,5,0,9,85,1,4,0,258,7,265,695,,,,,,,,,,,,,,,,,,,,,
11,GUANAJUATO,21,LEON,20,LEON,1631,C05,145,15,1,9,2,13,94,3,2,3,290,1,291,695,,,,,,,,,,,,,,,,,,,,,
11,GUANAJUATO,21,LEON,20,LEON,1633,B,177,13,2,8,2,15,72,3,2,4,301,4,305,710,,,,,,,,,,,,,,,,,,,,,
11,GUANAJUATO,21,LEON,20,LEON,1633,C01,182,10,3,6,1,8,83,0,2,1,299,8,307,710,,,,,,,,,,,,,,,,,,,,,
11,GUANAJUATO,21,LEON,20,LEON,1633,C02,182,1,2,10,2,17,61,6,3,0,285,3,288,710,,,,,,,,,,,,,,,,,,,,,
11,GUANAJUATO,21,LEON,20,LEON,1633,C03,179,15,2,7,1,13,65,3,1,5,294,8,302,710,,,,,,,,,,,,,,,,,,,,,
11,GUANAJUATO,21,LEON,20,LEON,1633,C04,191,22,2,14,1,11,67,0,0,4,316,3,319,709,,,,,,,,,,,,,,,,,,,,,
11,GUANAJUATO,21,LEON,20,LEON,1633,C05,175,6,1,9,4,19,78,2,2,1,298,7,305,709,,,,,,,,,,,,,,,,,,,,,
11,GUANAJUATO,21,LEON,20,LEON,1633,C06,180,15,3,7,1,19,58,2,3,1,292,5,297,709,,,,,,,,,,,,,,,,,,,,,
11,GUANAJUATO,21,LEON,20,LEON,1633,C07,156,4,8,8,3,11,68,2,2,1,264,0,264,709,,,,,,,,,,,,,,,,,,,,,
11,GUANAJUATO,21,LEON,20,LEON,1633,C08,181,14,2,12,6,12,65,2,1,1,300,8,308,709,,,,,,,,,,,,,,,,,,,,,
11,GUANAJUATO,21,LEON,20,LEON,1633,C09,151,13,1,7,4,26,64,3,0,0,272,6,278,709,,,,,,,,,,,,,,,,,,,,,
11,GUANAJUATO,21,LEON,20,LEON,1634,B,209,19,3,14,2,9,68,0,1,1,333,5,338,723,,,,,,,,,,,,,,,,,,,,,
11,GUANAJUATO,21,LEON,20,LEON,1634,C01,236,20,3,13,3,8,66,4,2,1,361,3,364,723,,,,,,,,,,,,,,,,,,,,,
11,GUANAJUATO,21,LEON,20,LEON,1634,C02,211,26,2,6,2,19,80,2,3,3,361,6,367,723,,,,,,,,,,,,,,,,,,,,,
11,GUANAJUATO,21,LEON,20,LEON,1634,C03,227,18,2,11,1,14,65,2,4,4,353,3,357,723,,,,,,,,,,,,,,,,,,,,,
11,GUANAJUATO,21,LEON,20,LEON,1634,C04,213,19,1,9,3,10,81,2,5,2,351,9,360,723,,,,,,,,,,,,,,,,,,,,,
11,GUANAJUATO,21,LEON,20,LEON,1634,C05,204,28,3,8,2,24,62,3,1,4,346,7,353,723,,,,,,,,,,,,,,,,,,,,,
11,GUANAJUATO,21,LEON,20,LEON,1634,C06,246,20,1,15,1,16,68,2,1,4,376,6,382,723,,,,,,,,,,,,,,,,,,,,,
11,GUANAJUATO,21,LEON,20,LEON,1634,C07,208,15,4,9,0,13,81,0,0,3,333,7,340,723,,,,,,,,,,,,,,,,,,,,,
11,GUANAJUATO,21,LEON,20,LEON,1634,C08,214,21,1,13,2,13,65,1,2,2,340,5,345,723,,,,,,,,,,,,,,,,,,,,,
11,GUANAJUATO,21,LEON,20,LEON,1634,C09,189,15,2,11,1,13,89,1,0,2,330,6,336,723,,,,,,,,,,,,,,,,,,,,,
11,GUANAJUATO,21,LEON,20,LEON,1634,C10,226,20,0,7,0,14,79,4,2,1,356,6,362,723,,,,,,,,,,,,,,,,,,,,,
11,GUANAJUATO,21,LEON,20,LEON,1634,C11,212,16,4,10,1,11,88,3,2,1,357,5,363,723,,,,,,,,,,,,,,,,,,,,,
11,GUANAJUATO,21,LEON,20,LEON,1634,C12,202,25,10,10,1,15,66,8,2,0,340,10,350,722,,,,,,,,,,,,,,,,,,,,,
11,GUANAJUATO,21,LEON,20,LEON,1634,C13,176,19,4,6,4,17,80,5,0,2,317,3,320,722,,,,,,,,,,,,,,,,,,,,,
11,GUANAJUATO,21,LEON,20,LEON,1634,C14,173,26,3,8,1,18,88,6,2,3,335,4,339,722,,,,,,,,,,,,,,,,,,,,,
11,GUANAJUATO,21,LEON,20,LEON,1634,C15,191,20,1,6,3,18,79,2,2,4,331,4,335,722,,,,,,,,,,,,,,,,,,,,,
11,GUANAJUATO,21,LEON,20,LEON,1634,C16,196,18,2,10,0,13,79,3,0,0,328,7,335,722,,,,,,,,,,,,,,,,,,,,,
11,GUANAJUATO,21,LEON,20,LEON,1634,C17,239,20,1,6,3,12,66,4,0,3,358,6,364,722,,,,,,,,,,,,,,,,,,,,,
11,GUANAJUATO,21,LEON,20,LEON,1634,C18,232,22,1,12,1,16,75,5,0,3,373,5,378,722,,,,,,,,,,,,,,,,,,,,,
11,GUANAJUATO,21,LEON,20,LEON,1635,B,210,11,5,9,2,10,84,1,0,5,342,2,344,658,,,,,,,,,,,,,,,,,,,,,
11,GUANAJUATO,21,LEON,20,LEON,1635,C01,213,21,4,7,1,12,79,1,2,0,342,7,349,658,,,,,,,,,,,,,,,,,,,,,
11,GUANAJUATO,21,LEON,20,LEON,1635,C02,219,15,3,11,3,12,83,2,2,2,354,7,361,658,,,,,,,,,,,,,,,,,,,,,
11,GUANAJUATO,21,LEON,20,LEON,1635,C03,201,16,1,11,6,16,79,6,1,3,342,14,358,657,,,,,,,,,,,,,,,,,,,,,
11,GUANAJUATO,21,LEON,20,LEON,1635,C04,201,19,2,7,1,17,79,5,0,1,338,8,346,657,,,,,,,,,,,,,,,,,,,,,
11,GUANAJUATO,21,LEON,20,LEON,1641,B,107,14,0,14,1,8,90,6,1,1,244,4,248,680,,,,,,,,,,,,,,,,,,,,,
11,GUANAJUATO,21,LEON,20,LEON,1641,C01,127,12,3,8,3,11,73,1,0,2,241,5,248,680,,,,,,,,,,,,,,,,,,,,,
11,GUANAJUATO,21,LEON,20,LEON,1641,C02,125,11,2,8,5,11,62,0,1,4,231,4,235,680,,,,,,,,,,,,,,,,,,,,,
11,GUANAJUATO,21,LEON,20,LEON,1641,C03,122,20,4,9,0,6,71,5,2,1,241,8,249,680,,,,,,,,,,,,,,,,,,,,,
11,GUANAJUATO,21,LEON,20,LEON,1641,C04,128,17,0,6,2,7,90,5,0,1,260,0,260,680,,,,,,,,,,,,,,,,,,,,,
11,GUANAJUATO,21,LEON,20,LEON,1641,C05,129,8,2,7,3,12,63,3,3,1,232,2,234,680,,,,,,,,,,,,,,,,,,,,,
11,GUANAJUATO,21,LEON,20,LEON,1641,C06,134,18,5,13,0,13,69,0,2,3,261,3,264,680,,,,,,,,,,,,,,,,,,,,,
11,GUANAJUATO,21,LEON,20,LEON,1641,C07,118,13,3,8,0,10,74,2,1,2,234,6,240,680,,,,,,,,,,,,,,,,,,,,,
11,GUANAJUATO,21,LEON,20,LEON,1642,B,144,10,6,13,0,6,63,3,0,3,252,9,261,733,,,,,,,,,,,,,,,,,,,,,
11,GUANAJUATO,21,LEON,20,LEON,1642,C01,133,31,4,7,2,17,75,2,1,0,277,3,280,733,,,,,,,,,,,,,,,,,,,,,
11,GUANAJUATO,21,LEON,20,LEON,1642,C02,139,12,4,14,4,12,69,1,1,1,259,7,267,733,,,,,,,,,,,,,,,,,,,,,
11,GUANAJUATO,21,LEON,20,LEON,1642,C03,116,17,1,6,2,9,56,1,0,1,210,1,211,733,,,,,,,,,,,,,,,,,,,,,
11,GUANAJUATO,21,LEON,20,LEON,1642,C04,139,11,1,8,1,15,72,3,3,2,259,7,266,733,,,,,,,,,,,,,,,,,,,,,
11,GUANAJUATO,21,LEON,20,LEON,1642,C05,153,17,1,3,0,7,62,4,0,0,251,3,254,733,,,,,,,,,,,,,,,,,,,,,
11,GUANAJUATO,21,LEON,20,LEON,1642,C06,136,19,3,1,3,8,77,1,3,1,253,7,260,733,,,,,,,,,,,,,,,,,,,,,
11,GUANAJUATO,21,LEON,20,LEON,1642,C07,153,13,4,14,0,12,72,4,2,1,277,9,286,733,,,,,,,,,,,,,,,,,,,,,
11,GUANAJUATO,21,LEON,20,LEON,1642,C08,105,18,2,10,2,10,60,1,0,0,210,6,217,733,,,,,,,,,,,,,,,,,,,,,
11,GUANAJUATO,21,LEON,20,LEON,1642,C09,153,19,2,14,1,12,76,2,0,0,282,3,285,733,,,,,,,,,,,,,,,,,,,,,
11,GUANAJUATO,21,LEON,20,LEON,1642,C10,158,11,0,13,1,8,67,1,2,5,266,6,272,733,,,,,,,,,,,,,,,,,,,,,
11,GUANAJUATO,21,LEON,20,LEON,1642,C11,144,14,1,5,1,9,5,1,0,2,185,6,191,733,,,,,,,,,,,,,,,,,,,,,
11,GUANAJUATO,21,LEON,20,LEON,1642,C12,142,8,2,6,0,9,64,2,1,6,242,0,242,732,,,,,,,,,,,,,,,,,,,,,
11,GUANAJUATO,21,LEON,20,LEON,1642,C13,132,13,1,4,0,8,64,3,0,3,230,2,232,732,,,,,,,,,,,,,,,,,,,,,
11,GUANAJUATO,21,LEON,20,LEON,1642,C14,141,16,3,8,3,9,70,1,2,3,259,7,266,732,,,,,,,,,,,,,,,,,,,,,
11,GUANAJUATO,21,LEON,20,LEON,1642,C15,140,17,3,6,1,10,62,0,1,0,244,6,251,732,,,,,,,,,,,,,,,,,,,,,
11,GUANAJUATO,21,LEON,20,LEON,1642,C16,125,12,3,4,1,8,72,2,1,2,233,3,237,732,,,,,,,,,,,,,,,,,,,,,
11,GUANAJUATO,21,LEON,20,LEON,1642,C17,121,19,1,11,1,19,82,2,1,0,260,5,265,732,,,,,,,,,,,,,,,,,,,,,
11,GUANAJUATO,21,LEON,20,LEON,1642,C18,135,14,3,8,1,11,74,2,1,3,256,7,265,732,,,,,,,,,,,,,,,,,,,,,
11,GUANAJUATO,21,LEON,20,LEON,1642,C19,126,26,1,6,1,6,57,2,1,1,227,4,231,732,,,,,,,,,,,,,,,,,,,,,
11,GUANAJUATO,21,LEON,20,LEON,1642,C20,140,13,3,4,3,5,66,2,0,1,239,4,243,732,,,,,,,,,,,,,,,,,,,,,
11,GUANAJUATO,21,LEON,20,LEON,1642,C21,134,12,2,3,2,13,69,5,1,2,244,3,247,732,,,,,,,,,,,,,,,,,,,,,
11,GUANAJUATO,21,LEON,20,LEON,1643,B,144,11,3,7,1,5,71,2,1,0,246,3,249,692,,,,,,,,,,,,,,,,,,,,,
11,GUANAJUATO,21,LEON,20,LEON,1643,C01,140,16,0,6,1,10,74,0,2,2,254,7,261,692,,,,,,,,,,,,,,,,,,,,,
11,GUANAJUATO,21,LEON,20,LEON,1643,C02,115,24,2,9,1,10,74,3,2,2,243,5,248,692,,,,,,,,,,,,,,,,,,,,,
11,GUANAJUATO,21,LEON,20,LEON,1643,C03,138,21,1,6,1,5,74,1,1,2,250,3,253,692,,,,,,,,,,,,,,,,,,,,,
11,GUANAJUATO,21,LEON,20,LEON,1643,C04,114,11,3,7,2,8,74,1,0,3,224,3,227,691,,,,,,,,,,,,,,,,,,,,,
11,GUANAJUATO,21,LEON,20,LEON,1643,C05,98,21,3,13,1,15,61,0,2,1,215,4,219,691,,,,,,,,,,,,,,,,,,,,,
11,GUANAJUATO,21,LEON,20,LEON,1643,C06,108,14,1,9,2,4,55,0,0,2,196,11,207,691,,,,,,,,,,,,,,,,,,,,,
11,GUANAJUATO,21,LEON,20,LEON,1643,C07,118,23,1,10,2,10,78,3,2,2,250,5,255,691,,,,,,,,,,,,,,,,,,,,,
11,GUANAJUATO,21,LEON,20,LEON,1643,C08,104,12,2,3,2,9,96,1,1,1,233,7,240,691,,,,,,,,,,,,,,,,,,,,,
11,GUANAJUATO,21,LEON,20,LEON,1643,C09,110,16,1,9,2,7,77,2,0,1,226,3,230,691,,,,,,,,,,,,,,,,,,,,,
11,GUANAJUATO,21,LEON,20,LEON,1643,C10,124,12,2,8,0,7,84,2,1,1,241,5,246,691,,,,,,,,,,,,,,,,,,,,,
11,GUANAJUATO,21,LEON,20,LEON,1643,C11,104,22,3,8,1,14,60,1,0,2,216,1,217,691,,,,,,,,,,,,,,,,,,,,,
11,GUANAJUATO,21,LEON,20,LEON,1647,B,137,11,2,4,5,5,59,3,2,1,230,8,238,720,,,,,,,,,,,,,,,,,,,,,
11,GUANAJUATO,21,LEON,20,LEON,1647,C01,106,8,1,13,3,4,81,3,1,2,222,2,224,720,,,,,,,,,,,,,,,,,,,,,
11,GUANAJUATO,21,LEON,20,LEON,1647,C02,109,24,5,1,0,11,61,1,1,0,216,4,220,720,,,,,,,,,,,,,,,,,,,,,
11,GUANAJUATO,21,LEON,20,LEON,1647,C03,107,18,2,5,2,5,6,1,1,0,150,10,160,720,,,,,,,,,,,,,,,,,,,,,
11,GUANAJUATO,21,LEON,20,LEON,1647,C04,127,15,0,12,1,4,53,1,0,2,215,1,216,720,,,,,,,,,,,,,,,,,,,,,
11,GUANAJUATO,21,LEON,20,LEON,1647,C05,124,18,1,15,0,11,51,2,1,2,228,4,232,719,,,,,,,,,,,,,,,,,,,,,
11,GUANAJUATO,21,LEON,20,LEON,1647,C06,116,2,2,9,2,6,57,2,4,1,202,4,206,719,,,,,,,,,,,,,,,,,,,,,
11,GUANAJUATO,21,LEON,20,LEON,1647,C07,118,21,2,9,2,9,62,4,3,3,235,4,239,719,,,,,,,,,,,,,,,,,,,,,
11,GUANAJUATO,21,LEON,20,LEON,1647,C08,142,18,0,2,1,7,49,1,2,2,227,5,232,719,,,,,,,,,,,,,,,,,,,,,
11,GUANAJUATO,21,LEON,20,LEON,1647,C09,143,14,3,9,3,6,61,0,0,0,239,5,244,719,,,,,,,,,,,,,,,,,,,,,
11,GUANAJUATO,21,LEON,20,LEON,1647,C10,125,25,2,5,3,2,58,0,4,4,230,10,240,719,,,,,,,,,,,,,,,,,,,,,
11,GUANAJUATO,21,LEON,20,LEON,1647,C11,109,16,1,9,1,7,59,0,1,3,207,4,211,719,,,,,,,,,,,,,,,,,,,,,
11,GUANAJUATO,21,LEON,20,LEON,1647,C12,131,13,1,9,2,15,54,3,1,3,236,1,237,719,,,,,,,,,,,,,,,,,,,,,
11,GUANAJUATO,21,LEON,20,LEON,1647,C13,105,12,0,5,3,7,78,3,1,2,216,6,222,719,,,,,,,,,,,,,,,,,,,,,
11,GUANAJUATO,21,LEON,20,LEON,1647,C14,117,11,4,9,1,10,58,3,2,3,220,7,227,719,,,,,,,,,,,,,,,,,,,,,
11,GUANAJUATO,21,LEON,20,LEON,1647,C15,107,19,2,10,6,9,56,2,0,1,214,3,217,719,,,,,,,,,,,,,,,,,,,,,
11,GUANAJUATO,21,LEON,20,LEON,1647,C16,118,15,1,8,2,7,84,2,1,3,243,11,254,719,,,,,,,,,,,,,,,,,,,,,
11,GUANAJUATO,21,LEON,20,LEON,1647,C17,124,14,1,9,2,9,8,0,1,1,170,5,175,719,,,,,,,,,,,,,,,,,,,,,
11,GUANAJUATO,21,LEON,20,LEON,1647,C18,116,14,3,9,2,5,61,3,1,2,217,9,226,719,,,,,,,,,,,,,,,,,,,,,
11,GUANAJUATO,21,LEON,20,LEON,3042,B,354,19,1,3,2,22,78,1,0,2,485,3,489,711,,,,,,,,,,,,,,,,,,,,,
11,GUANAJUATO,21,LEON,20,LEON,3043,B,364,12,4,10,2,43,64,0,0,4,503,4,508,596,,,,,,,,,,,,,,,,,,,,,
11,GUANAJUATO,21,LEON,20,LEON,3045,B,350,18,4,7,2,23,23,1,1,0,433,8,441,638,,,,,,,,,,,,,,,,,,,,,
11,GUANAJUATO,21,LEON,20,LEON,3048,B,196,9,2,7,2,14,67,1,1,1,300,6,306,543,,,,,,,,,,,,,,,,,,,,,
11,GUANAJUATO,21,LEON,20,LEON,3049,B,238,13,2,7,2,19,87,7,1,1,378,5,383,658,,,,,,,,,,,,,,,,,,,,,
11,GUANAJUATO,21,LEON,20,LEON,3050,B,186,9,1,4,1,22,68,3,2,2,305,7,312,602,,,,,,,,,,,,,,,,,,,,,
11,GUANAJUATO,21,LEON,20,LEON,3052,B,248,19,6,11,2,29,69,3,0,0,391,7,398,703,,,,,,,,,,,,,,,,,,,,,
11,GUANAJUATO,21,LEON,20,LEON,3053,B,265,18,5,12,3,24,82,2,1,3,418,7,425,697,,,,,,,,,,,,,,,,,,,,,
11,GUANAJUATO,21,LEON,20,LEON,3054,B,194,15,7,11,6,15,106,2,3,3,385,3,388,696,,,,,,,,,,,,,,,,,,,,,
11,GUANAJUATO,21,LEON,20,LEON,3055,B,76,15,0,5,2,3,58,1,0,1,162,5,168,426,,,,,,,,,,,,,,,,,,,,,
11,GUANAJUATO,21,LEON,20,LEON,3055,C01,88,9,0,10,0,4,41,2,0,2,157,6,163,426,,,,,,,,,,,,,,,,,,,,,
11,GUANAJUATO,21,LEON,20,LEON,3056,B,210,13,5,8,3,16,51,1,2,2,311,3,314,551,,,,,,,,,,,,,,,,,,,,,
11,GUANAJUATO,21,LEON,20,LEON,3057,B,193,23,3,10,7,13,90,7,3,2,352,7,359,667,,,,,,,,,,,,,,,,,,,,,
11,GUANAJUATO,21,LEON,20,LEON,3058,B,167,10,3,6,0,8,52,0,0,1,250,3,253,451,,,,,,,,,,,,,,,,,,,,,
11,GUANAJUATO,21,LEON,20,LEON,3059,B,67,12,2,4,1,5,51,1,2,2,147,4,151,417,,,,,,,,,,,,,,,,,,,,,
11,GUANAJUATO,21,LEON,20,LEON,3059,C01,86,4,1,6,2,4,53,3,1,2,162,0,162,416,,,,,,,,,,,,,,,,,,,,,
11,GUANAJUATO,21,LEON,20,LEON,3060,B,110,10,1,6,1,5,55,1,1,1,192,2,194,397,,,,,,,,,,,,,,,,,,,,,
11,GUANAJUATO,21,LEON,20,LEON,3060,C01,91,7,1,4,0,8,35,2,1,3,154,2,156,397,,,,,,,,,,,,,,,,,,,,,
11,GUANAJUATO,21,LEON,20,LEON,3061,B,88,11,1,6,1,9,46,1,0,4,167,22,189,407,,,,,,,,,,,,,,,,,,,,,
11,GUANAJUATO,21,LEON,20,LEON,3061,C01,77,4,1,6,1,4,54,0,1,3,152,1,153,406,,,,,,,,,,,,,,,,,,,,,
11,GUANAJUATO,21,LEON,20,LEON,3062,B,83,7,0,5,0,6,55,0,2,0,160,2,162,392,,,,,,,,,,,,,,,,,,,,,
11,GUANAJUATO,21,LEON,20,LEON,3062,C01,94,9,2,4,1,4,48,0,0,0,162,2,165,391,,,,,,,,,,,,,,,,,,,,,
11,GUANAJUATO,21,LEON,20,LEON,3063,B,128,16,5,10,0,10,80,1,1,2,255,9,264,583,,,,,,,,,,,,,,,,,,,,,
11,GUANAJUATO,21,LEON,20,LEON,3064,B,69,9,1,6,2,12,35,0,0,0,134,4,138,392,,,,,,,,,,,,,,,,,,,,,
11,GUANAJUATO,21,LEON,20,LEON,3064,C01,66,8,1,9,1,3,32,1,0,1,125,3,129,391,,,,,,,,,,,,,,,,,,,,,
11,GUANAJUATO,21,LEON,20,LEON,3065,B,184,13,1,17,4,16,87,1,1,3,334,7,341,727,,,,,,,,,,,,,,,,,,,,,
11,GUANAJUATO,21,LEON,20,LEON,3066,B,173,14,7,15,0,7,61,1,1,0,279,5,284,564,,,,,,,,,,,,,,,,,,,,,
11,GUANAJUATO,21,LEON,20,LEON,3067,B,208,2,1,10,1,7,65,2,2,4,316,6,322,601,,,,,,,,,,,,,,,,,,,,,
11,GUANAJUATO,21,LEON,20,LEON,3068,B,170,8,3,11,3,13,93,3,0,1,311,8,319,675,,,,,,,,,,,,,,,,,,,,,
11,GUANAJUATO,21,LEON,20,LEON,3069,B,237,15,3,11,2,11,57,0,0,1,345,2,347,512,,,,,,,,,,,,,,,,,,,,,
11,GUANAJUATO,21,LEON,20,LEON,3069,C01,230,8,5,7,0,19,75,1,2,4,352,7,359,511,,,,,,,,,,,,,,,,,,,,,
11,GUANAJUATO,21,LEON,20,LEON,3070,B,151,18,3,9,1,5,75,2,0,2,274,5,279,510,,,,,,,,,,,,,,,,,,,,,
11,GUANAJUATO,21,LEON,20,LEON,3121,B,118,15,1,13,1,7,73,0,1,2,234,7,241,539,,,,,,,,,,,,,,,,,,,,,
11,GUANAJUATO,21,LEON,20,LEON,3121,C01,111,17,6,10,3,9,54,1,1,0,214,3,217,539,,,,,,,,,,,,,,,,,,,,,
11,GUANAJUATO,21,LEON,20,LEON,3121,C02,96,12,1,12,1,7,65,1,0,1,200,3,204,539,,,,,,,,,,,,,,,,,,,,,
11,GUANAJUATO,21,LEON,20,LEON,3122,B,158,18,3,6,3,11,82,2,1,2,293,11,304,665,,,,,,,,,,,,,,,,,,,,,
11,GUANAJUATO,21,LEON,20,LEON,3122,C01,169,9,3,5,2,8,74,0,2,2,277,4,281,664,,,,,,,,,,,,,,,,,,,,,
11,GUANAJUATO,21,LEON,20,LEON,3123,B,149,13,4,9,1,9,46,0,1,5,240,3,243,592,,,,,,,,,,,,,,,,,,,,,
11,GUANAJUATO,21,LEON,20,LEON,3123,C01,134,9,5,10,1,8,70,5,3,4,250,0,250,592,,,,,,,,,,,,,,,,,,,,,
11,GUANAJUATO,21,LEON,20,LEON,3123,C02,156,18,1,4,1,7,59,1,0,4,252,2,254,591,,,,,,,,,,,,,,,,,,,,,
11,GUANAJUATO,21,LEON,20,LEON,3124,B,230,13,8,11,1,10,89,0,1,2,368,5,373,723,,,,,,,,,,,,,,,,,,,,,
11,GUANAJUATO,21,LEON,20,LEON,3124,C01,205,23,2,19,5,10,87,0,0,2,361,4,365,722,,,,,,,,,,,,,,,,,,,,,
11,GUANAJUATO,21,LEON,20,LEON,3125,B,185,12,4,15,2,11,79,2,2,2,318,2,320,727,,,,,,,,,,,,,,,,,,,,,
11,GUANAJUATO,21,LEON,20,LEON,3125,C01,219,16,1,7,1,15,71,4,2,5,344,4,348,727,,,,,,,,,,,,,,,,,,,,,
11,GUANAJUATO,21,LEON,20,LEON,3126,B,153,16,3,13,0,18,49,0,0,0,256,4,260,638,,,,,,,,,,,,,,,,,,,,,
11,GUANAJUATO,21,LEON,20,LEON,3126,C01,164,13,2,13,1,14,51,1,0,3,269,7,276,638,,,,,,,,,,,,,,,,,,,,,
11,GUANAJUATO,21,LEON,20,LEON,3127,B,126,13,1,9,2,7,68,3,0,2,234,7,242,633,,,,,,,,,,,,,,,,,,,,,
11,GUANAJUATO,21,LEON,20,LEON,3127,C01,137,17,2,2,1,9,90,1,1,1,262,6,269,633,,,,,,,,,,,,,,,,,,,,,
11,GUANAJUATO,21,LEON,20,LEON,3127,C02,147,18,0,8,0,10,63,1,0,4,254,2,256,632,,,,,,,,,,,,,,,,,,,,,
11,GUANAJUATO,21,LEON,20,LEON,3128,B,153,15,1,11,1,16,81,0,1,2,285,12,297,633,,,,,,,,,,,,,,,,,,,,,
11,GUANAJUATO,21,LEON,20,LEON,3128,C01,143,23,4,3,3,11,72,1,0,1,265,5,270,633,,,,,,,,,,,,,,,,,,,,,
11,GUANAJUATO,21,LEON,20,LEON,3128,C02,142,17,2,2,2,5,56,1,0,0,229,5,234,633,,,,,,,,,,,,,,,,,,,,,
11,GUANAJUATO,21,LEON,20,LEON,3128,C03,153,20,4,7,4,18,91,2,1,1,307,7,314,633,,,,,,,,,,,,,,,,,,,,,
11,GUANAJUATO,21,LEON,20,LEON,3129,B,155,17,2,8,2,22,75,1,0,5,289,5,295,666,,,,,,,,,,,,,,,,,,,,,
11,GUANAJUATO,21,LEON,20,LEON,3129,C01,157,13,6,9,3,10,85,1,0,5,293,1,294,666,,,,,,,,,,,,,,,,,,,,,
11,GUANAJUATO,21,LEON,20,LEON,3129,C02,147,14,1,8,0,10,80,1,2,2,266,0,267,665,,,,,,,,,,,,,,,,,,,,,
11,GUANAJUATO,21,LEON,20,LEON,3130,B,148,5,0,9,1,8,82,3,2,3,263,8,271,642,,,,,,,,,,,,,,,,,,,,,
11,GUANAJUATO,21,LEON,20,LEON,3130,C01,127,9,1,14,1,6,79,1,0,1,240,5,245,642,,,,,,,,,,,,,,,,,,,,,
11,GUANAJUATO,21,LEON,20,LEON,3130,C02,137,6,3,10,0,10,68,0,0,3,239,3,242,642,,,,,,,,,,,,,,,,,,,,,
11,GUANAJUATO,21,LEON,20,LEON,3130,C03,120,7,3,10,3,9,80,1,2,1,239,5,244,641,,,,,,,,,,,,,,,,,,,,,
11,GUANAJUATO,21,LEON,20,LEON,3132,B,239,12,2,10,5,14,64,0,0,1,349,2,352,705,,,,,,,,,,,,,,,,,,,,,
11,GUANAJUATO,21,LEON,20,LEON,3132,C01,228,9,0,7,3,14,76,7,7,3,357,6,363,704,,,,,,,,,,,,,,,,,,,,,
11,GUANAJUATO,21,LEON,20,LEON,3143,B,268,14,0,10,2,21,59,1,1,1,378,8,386,731,,,,,,,,,,,,,,,,,,,,,
11,GUANAJUATO,21,LEON,20,LEON,3143,C01,240,17,0,9,3,24,56,2,3,0,356,7,364,730,,,,,,,,,,,,,,,,,,,,,
11,GUANAJUATO,21,LEON,20,LEON,3144,B,69,14,1,8,1,5,57,4,1,2,164,5,169,617,,,,,,,,,,,,,,,,,,,,,
11,GUANAJUATO,21,LEON,20,LEON,3144,C01,92,9,2,3,5,43,72,2,4,4,238,4,242,617,,,,,,,,,,,,,,,,,,,,,
11,GUANAJUATO,21,LEON,20,LEON,3145,B,60,10,0,4,1,11,61,0,0,1,151,6,157,546,,,,,,,,,,,,,,,,,,,,,
11,GUANAJUATO,21,LEON,20,LEON,3145,C01,81,14,2,5,7,10,44,1,1,1,171,4,175,545,,,,,,,,,,,,,,,,,,,,,
11,GUANAJUATO,21,LEON,20,LEON,3146,B,98,6,1,4,1,0,57,0,1,0,169,3,172,580,,,,,,,,,,,,,,,,,,,,,
11,GUANAJUATO,21,LEON,20,LEON,3146,C01,98,10,1,4,2,5,41,0,1,0,168,7,175,579,,,,,,,,,,,,,,,,,,,,,
11,GUANAJUATO,21,LEON,20,LEON,3147,B,96,18,3,10,1,5,52,7,0,0,193,1,194,609,,,,,,,,,,,,,,,,,,,,,
11,GUANAJUATO,21,LEON,20,LEON,3147,C01,101,10,1,4,1,4,58,8,1,1,189,3,192,608,,,,,,,,,,,,,,,,,,,,,
11,GUANAJUATO,21,LEON,20,LEON,3148,B,339,21,5,5,3,16,42,1,0,1,436,3,439,750,,,,,,,,,,,,,,,,,,,,,
11,GUANAJUATO,21,LEON,20,LEON,3148,C01,310,12,5,8,4,23,52,2,1,3,425,8,433,749,,,,,,,,,,,,,,,,,,,,,
11,GUANAJUATO,21,LEON,20,LEON,3148,C02,375,12,1,5,4,27,39,0,2,1,475,6,481,749,,,,,,,,,,,,,,,,,,,,,
11,GUANAJUATO,21,LEON,20,LEON,3148,C03,340,15,4,7,2,21,56,1,0,0,448,5,453,749,,,,,,,,,,,,,,,,,,,,,
11,GUANAJUATO,22,ACAMBARO,2,ACAMBARO,51,B,71,7,19,7,10,16,93,5,5,3,294,8,303,700,,,,,,,,,,,,,,,,,,,,,
11,GUANAJUATO,22,ACAMBARO,2,ACAMBARO,51,C01,81,6,18,6,9,14,78,4,3,1,296,10,306,699,,,,,,,,,,,,,,,,,,,,,
11,GUANAJUATO,22,ACAMBARO,2,ACAMBARO,51,C02,75,9,22,4,11,11,84,2,12,3,304,6,311,699,,,,,,,,,,,,,,,,,,,,,
11,GUANAJUATO,22,ACAMBARO,2,ACAMBARO,51,C03,84,11,25,5,9,4,93,2,3,0,295,10,305,699,,,,,,,,,,,,,,,,,,,,,
11,GUANAJUATO,22,ACAMBARO,2,ACAMBARO,51,C04,86,7,23,6,3,18,70,5,7,7,302,12,314,699,,,,,,,,,,,,,,,,,,,,,
11,GUANAJUATO,22,ACAMBARO,2,ACAMBARO,52,B,62,3,9,0,5,13,32,0,3,3,166,5,173,383,,,,,,,,,,,,,,,,,,,,,
11,GUANAJUATO,22,ACAMBARO,2,ACAMBARO,52,C01,55,4,4,3,4,9,42,1,3,1,157,9,172,382,,,,,,,,,,,,,,,,,,,,,
11,GUANAJUATO,22,ACAMBARO,2,ACAMBARO,53,B,88,8,13,2,2,11,29,7,9,5,228,7,235,387,,,,,,,,,,,,,,,,,,,,,
11,GUANAJUATO,22,ACAMBARO,2,ACAMBARO,53,C01,76,3,4,1,0,8,59,7,1,1,210,5,216,387,,,,,,,,,,,,,,,,,,,,,
11,GUANAJUATO,22,ACAMBARO,2,ACAMBARO,54,B,51,12,11,3,6,7,57,4,1,2,205,2,207,391,,,,,,,,,,,,,,,,,,,,,
11,GUANAJUATO,22,ACAMBARO,2,ACAMBARO,54,C01,62,8,8,3,5,8,63,1,5,3,228,12,240,390,,,,,,,,,,,,,,,,,,,,,
11,GUANAJUATO,22,ACAMBARO,2,ACAMBARO,55,B,85,16,21,4,10,15,77,0,10,0,309,16,327,610,,,,,,,,,,,,,,,,,,,,,
11,GUANAJUATO,22,ACAMBARO,2,ACAMBARO,56,B,85,8,8,5,10,5,69,3,2,1,273,12,285,662,,,,,,,,,,,,,,,,,,,,,
11,GUANAJUATO,22,ACAMBARO,2,ACAMBARO,56,C01,89,11,10,5,11,10,52,6,5,3,246,22,268,661,,,,,,,,,,,,,,,,,,,,,
11,GUANAJUATO,22,ACAMBARO,2,ACAMBARO,57,B,54,3,12,5,7,8,37,2,3,1,179,6,185,558,,,,,,,,,,,,,,,,,,,,,
11,GUANAJUATO,22,ACAMBARO,2,ACAMBARO,57,C01,42,5,15,9,6,7,41,2,7,1,162,8,170,557,,,,,,,,,,,,,,,,,,,,,
11,GUANAJUATO,22,ACAMBARO,2,ACAMBARO,58,B,55,4,16,1,5,5,46,1,3,4,189,3,193,549,,,,,,,,,,,,,,,,,,,,,
11,GUANAJUATO,22,ACAMBARO,2,ACAMBARO,58,C01,44,3,17,10,5,13,29,2,5,2,174,5,179,549,,,,,,,,,,,,,,,,,,,,,
11,GUANAJUATO,22,ACAMBARO,2,ACAMBARO,58,C02,64,5,17,8,0,6,59,2,3,3,194,7,202,549,,,,,,,,,,,,,,,,,,,,,
11,GUANAJUATO,22,ACAMBARO,2,ACAMBARO,59,B,92,14,11,1,4,16,49,6,2,3,243,11,255,503,,,,,,,,,,,,,,,,,,,,,
11,GUANAJUATO,22,ACAMBARO,2,ACAMBARO,59,C01,89,2,6,6,4,21,58,5,3,2,237,10,247,502,,,,,,,,,,,,,,,,,,,,,
11,GUANAJUATO,22,ACAMBARO,2,ACAMBARO,60,B,116,6,9,1,4,5,45,2,6,2,234,6,240,406,,,,,,,,,,,,,,,,,,,,,
11,GUANAJUATO,22,ACAMBARO,2,ACAMBARO,60,C01,92,7,9,3,10,4,34,3,4,2,215,5,221,405,,,,,,,,,,,,,,,,,,,,,
11,GUANAJUATO,22,ACAMBARO,2,ACAMBARO,61,B,64,4,12,5,5,15,40,0,6,0,226,3,231,446,,,,,,,,,,,,,,,,,,,,,
11,GUANAJUATO,22,ACAMBARO,2,ACAMBARO,61,C01,80,7,15,2,6,25,53,0,8,3,254,4,258,446,,,,,,,,,,,,,,,,,,,,,
11,GUANAJUATO,22,ACAMBARO,2,ACAMBARO,62,B,62,8,11,8,3,19,47,2,2,3,230,10,242,449,,,,,,,,,,,,,,,,,,,,,
11,GUANAJUATO,22,ACAMBARO,2,ACAMBARO,62,C01,64,5,15,2,6,23,45,1,4,1,218,4,222,449,,,,,,,,,,,,,,,,,,,,,
11,GUANAJUATO,22,ACAMBARO,2,ACAMBARO,63,B,127,16,20,5,7,11,66,2,4,0,326,5,331,589,,,,,,,,,,,,,,,,,,,,,
11,GUANAJUATO,22,ACAMBARO,2,ACAMBARO,64,B,46,21,10,3,8,10,48,8,4,2,189,6,195,399,,,,,,,,,,,,,,,,,,,,,
11,GUANAJUATO,22,ACAMBARO,2,ACAMBARO,64,C01,51,4,4,4,2,6,60,1,4,2,184,7,191,398,,,,,,,,,,,,,,,,,,,,,
11,GUANAJUATO,22,ACAMBARO,2,ACAMBARO,65,B,72,9,4,11,9,10,49,2,1,3,204,13,217,530,,,,,,,,,,,,,,,,,,,,,
11,GUANAJUATO,22,ACAMBARO,2,ACAMBARO,65,C01,70,10,8,15,6,12,52,0,5,1,216,7,223,530,,,,,,,,,,,,,,,,,,,,,
11,GUANAJUATO,22,ACAMBARO,2,ACAMBARO,66,B,112,11,18,5,9,11,90,1,15,4,356,14,370,729,,,,,,,,,,,,,,,,,,,,,
11,GUANAJUATO,22,ACAMBARO,2,ACAMBARO,67,B,51,2,8,11,8,18,51,3,7,6,240,11,251,667,,,,,,,,,,,,,,,,,,,,,
11,GUANAJUATO,22,ACAMBARO,2,ACAMBARO,67,C01,93,12,13,4,1,21,50,0,3,2,253,7,260,667,,,,,,,,,,,,,,,,,,,,,
11,GUANAJUATO,22,ACAMBARO,2,ACAMBARO,67,C02,82,4,13,5,3,18,55,1,3,3,244,10,254,667,,,,,,,,,,,,,,,,,,,,,
11,GUANAJUATO,22,ACAMBARO,2,ACAMBARO,67,C03,102,3,9,3,5,30,52,2,5,1,267,7,274,666,,,,,,,,,,,,,,,,,,,,,
11,GUANAJUATO,22,ACAMBARO,2,ACAMBARO,68,B,69,8,9,0,8,12,54,0,2,1,209,4,217,393,,,,,,,,,,,,,,,,,,,,,
11,GUANAJUATO,22,ACAMBARO,2,ACAMBARO,68,C01,80,12,4,4,7,15,44,1,4,0,211,8,220,392,,,,,,,,,,,,,,,,,,,,,
11,GUANAJUATO,22,ACAMBARO,2,ACAMBARO,69,B,108,13,26,4,10,13,85,5,5,4,340,11,354,650,,,,,,,,,,,,,,,,,,,,,
11,GUANAJUATO,22,ACAMBARO,2,ACAMBARO,70,B,50,0,0,3,11,4,61,2,3,1,210,6,216,494,,,,,,,,,,,,,,,,,,,,,
11,GUANAJUATO,22,ACAMBARO,2,ACAMBARO,70,C01,41,7,7,5,5,6,50,3,3,1,148,7,155,493,,,,,,,,,,,,,,,,,,,,,
11,GUANAJUATO,22,ACAMBARO,2,ACAMBARO,71,B,75,7,14,1,15,7,55,2,1,3,204,8,212,624,,,,,,,,,,,,,,,,,,,,,
11,GUANAJUATO,22,ACAMBARO,2,ACAMBARO,71,C01,70,14,11,2,9,11,55,2,2,3,222,7,229,623,,,,,,,,,,,,,,,,,,,,,
11,GUANAJUATO,22,ACAMBARO,2,ACAMBARO,72,B,59,8,15,9,6,11,59,5,2,1,212,9,224,521,,,,,,,,,,,,,,,,,,,,,
11,GUANAJUATO,22,ACAMBARO,2,ACAMBARO,72,C01,62,12,20,4,11,10,41,2,2,1,204,4,208,521,,,,,,,,,,,,,,,,,,,,,
11,GUANAJUATO,22,ACAMBARO,2,ACAMBARO,73,B,68,13,5,5,5,13,57,6,1,2,231,6,238,400,,,,,,,,,,,,,,,,,,,,,
11,GUANAJUATO,22,ACAMBARO,2,ACAMBARO,73,C01,86,2,13,5,8,10,45,3,2,3,223,13,236,400,,,,,,,,,,,,,,,,,,,,,
11,GUANAJUATO,22,ACAMBARO,2,ACAMBARO,74,B,124,13,12,4,7,8,65,3,3,1,304,11,318,569,,,,,,,,,,,,,,,,,,,,,
11,GUANAJUATO,22,ACAMBARO,2,ACAMBARO,74,C01,103,6,9,7,4,13,88,3,1,2,290,7,298,569,,,,,,,,,,,,,,,,,,,,,
11,GUANAJUATO,22,ACAMBARO,2,ACAMBARO,74,C02,95,3,6,5,5,8,80,7,5,2,263,12,276,568,,,,,,,,,,,,,,,,,,,,,
11,GUANAJUATO,22,ACAMBARO,2,ACAMBARO,75,B,103,16,12,7,6,12,69,12,3,5,289,14,303,679,,,,,,,,,,,,,,,,,,,,,
11,GUANAJUATO,22,ACAMBARO,2,ACAMBARO,76,B,53,7,5,2,6,4,44,12,6,1,169,8,177,404,,,,,,,,,,,,,,,,,,,,,
11,GUANAJUATO,22,ACAMBARO,2,ACAMBARO,76,C01,71,10,9,0,3,7,37,4,11,0,171,5,176,403,,,,,,,,,,,,,,,,,,,,,
11,GUANAJUATO,22,ACAMBARO,2,ACAMBARO,77,B,77,6,9,5,8,10,54,4,4,0,227,13,240,625,,,,,,,,,,,,,,,,,,,,,
11,GUANAJUATO,22,ACAMBARO,2,ACAMBARO,77,C01,90,5,9,6,7,20,73,1,2,2,262,6,270,625,,,,,,,,,,,,,,,,,,,,,
11,GUANAJUATO,22,ACAMBARO,2,ACAMBARO,78,B,75,18,9,5,7,9,87,5,4,1,269,11,280,703,,,,,,,,,,,,,,,,,,,,,
11,GUANAJUATO,22,ACAMBARO,2,ACAMBARO,78,C01,89,17,6,7,3,19,95,3,2,1,292,13,306,702,,,,,,,,,,,,,,,,,,,,,
11,GUANAJUATO,22,ACAMBARO,2,ACAMBARO,79,B,62,2,11,4,6,10,55,1,2,3,181,5,186,524,,,,,,,,,,,,,,,,,,,,,
11,GUANAJUATO,22,ACAMBARO,2,ACAMBARO,79,C01,57,7,10,6,5,11,59,1,3,2,189,12,201,524,,,,,,,,,,,,,,,,,,,,,
11,GUANAJUATO,22,ACAMBARO,2,ACAMBARO,79,C02,81,8,5,3,6,14,66,4,3,2,232,6,239,524,,,,,,,,,,,,,,,,,,,,,
11,GUANAJUATO,22,ACAMBARO,2,ACAMBARO,80,B,74,5,8,8,7,16,71,5,6,4,239,10,250,629,,,,,,,,,,,,,,,,,,,,,
11,GUANAJUATO,22,ACAMBARO,2,ACAMBARO,80,C01,69,13,8,8,3,12,82,4,7,1,265,12,277,628,,,,,,,,,,,,,,,,,,,,,
11,GUANAJUATO,22,ACAMBARO,2,ACAMBARO,81,B,83,5,14,4,6,17,98,10,5,3,328,13,341,721,,,,,,,,,,,,,,,,,,,,,
11,GUANAJUATO,22,ACAMBARO,2,ACAMBARO,81,C01,107,4,13,3,6,7,72,6,4,5,301,8,309,720,,,,,,,,,,,,,,,,,,,,,
11,GUANAJUATO,22,ACAMBARO,2,ACAMBARO,81,S01,31,7,2,5,3,6,32,0,4,2,99,1,102,0,,,,,,,,,,,,,,,,,,,,,
11,GUANAJUATO,22,ACAMBARO,2,ACAMBARO,81,C02,103,13,17,5,11,9,84,7,5,4,325,0,325,720,,,,,,,,,,,,,,,,,,,,,
11,GUANAJUATO,22,ACAMBARO,2,ACAMBARO,81,C03,115,9,20,11,13,18,80,5,4,3,365,12,377,720,,,,,,,,,,,,,,,,,,,,,
11,GUANAJUATO,22,ACAMBARO,2,ACAMBARO,81,C04,117,2,15,5,6,11,100,0,3,4,327,7,334,720,,,,,,,,,,,,,,,,,,,,,
11,GUANAJUATO,22,ACAMBARO,2,ACAMBARO,82,B,66,4,14,2,4,10,62,1,2,2,214,6,226,603,,,,,,,,,,,,,,,,,,,,,
11,GUANAJUATO,22,ACAMBARO,2,ACAMBARO,82,C01,69,3,6,3,5,7,56,1,3,3,201,11,212,602,,,,,,,,,,,,,,,,,,,,,
11,GUANAJUATO,22,ACAMBARO,2,ACAMBARO,83,B,81,6,10,6,8,15,64,0,1,1,242,13,256,724,,,,,,,,,,,,,,,,,,,,,
11,GUANAJUATO,22,ACAMBARO,2,ACAMBARO,83,C01,83,5,10,9,11,11,83,3,3,3,276,11,290,724,,,,,,,,,,,,,,,,,,,,,
11,GUANAJUATO,22,ACAMBARO,2,ACAMBARO,84,B,85,5,7,6,8,5,49,1,6,3,232,13,245,725,,,,,,,,,,,,,,,,,,,,,
11,GUANAJUATO,22,ACAMBARO,2,ACAMBARO,84,C01,84,5,12,6,5,10,63,5,3,5,260,7,267,724,,,,,,,,,,,,,,,,,,,,,
11,GUANAJUATO,22,ACAMBARO,2,ACAMBARO,85,B,93,5,6,6,5,7,70,3,4,2,280,3,284,685,,,,,,,,,,,,,,,,,,,,,
11,GUANAJUATO,22,ACAMBARO,2,ACAMBARO,85,C01,90,4,9,7,8,8,64,3,4,1,261,11,272,685,,,,,,,,,,,,,,,,,,,,,
11,GUANAJUATO,22,ACAMBARO,2,ACAMBARO,86,B,73,5,5,5,10,10,85,1,4,1,240,6,247,690,,,,,,,,,,,,,,,,,,,,,
11,GUANAJUATO,22,ACAMBARO,2,ACAMBARO,86,C01,73,6,9,7,5,5,79,1,5,5,226,12,238,689,,,,,,,,,,,,,,,,,,,,,
11,GUANAJUATO,22,ACAMBARO,2,ACAMBARO,86,C02,62,11,6,5,10,1,92,1,5,0,211,10,221,689,,,,,,,,,,,,,,,,,,,,,
11,GUANAJUATO,22,ACAMBARO,2,ACAMBARO,86,C03,62,7,6,3,3,6,80,4,7,2,212,13,225,689,,,,,,,,,,,,,,,,,,,,,
11,GUANAJUATO,22,ACAMBARO,2,ACAMBARO,86,C04,82,9,8,3,7,12,78,4,0,2,231,10,242,689,,,,,,,,,,,,,,,,,,,,,
11,GUANAJUATO,22,ACAMBARO,2,ACAMBARO,86,C05,58,10,8,8,4,8,79,1,3,2,220,7,227,689,,,,,,,,,,,,,,,,,,,,,
11,GUANAJUATO,22,ACAMBARO,2,ACAMBARO,87,B,16,12,12,0,5,4,46,1,0,0,101,4,105,298,,,,,,,,,,,,,,,,,,,,,
11,GUANAJUATO,22,ACAMBARO,2,ACAMBARO,88,B,37,5,8,1,0,3,10,0,1,1,79,1,80,198,,,,,,,,,,,,,,,,,,,,,
11,GUANAJUATO,22,ACAMBARO,2,ACAMBARO,89,B,105,11,7,0,6,5,41,7,2,1,197,13,210,740,,,,,,,,,,,,,,,,,,,,,
11,GUANAJUATO,22,ACAMBARO,2,ACAMBARO,90,B,19,2,8,2,4,4,32,1,3,2,104,4,108,400,,,,,,,,,,,,,,,,,,,,,
11,GUANAJUATO,22,ACAMBARO,2,ACAMBARO,91,B,50,4,6,2,5,1,52,0,2,0,129,0,129,486,,,,,,,,,,,,,,,,,,,,,
11,GUANAJUATO,22,ACAMBARO,2,ACAMBARO,91,C01,55,3,10,3,6,4,56,2,2,1,155,1,156,486,,,,,,,,,,,,,,,,,,,,,
11,GUANAJUATO,22,ACAMBARO,2,ACAMBARO,92,B,40,5,4,9,5,3,58,0,2,1,135,6,141,550,,,,,,,,,,,,,,,,,,,,,
11,GUANAJUATO,22,ACAMBARO,2,ACAMBARO,93,B,33,6,6,4,7,2,35,1,1,1,125,9,134,459,,,,,,,,,,,,,,,,,,,,,
11,GUANAJUATO,22,ACAMBARO,2,ACAMBARO,93,C01,36,10,7,2,2,5,25,0,2,2,121,5,126,458,,,,,,,,,,,,,,,,,,,,,
11,GUANAJUATO,22,ACAMBARO,2,ACAMBARO,94,B,55,5,2,4,2,7,38,1,5,1,152,6,158,380,,,,,,,,,,,,,,,,,,,,,
11,GUANAJUATO,22,ACAMBARO,2,ACAMBARO,94,C01,61,9,4,2,4,2,23,2,3,2,134,9,143,380,,,,,,,,,,,,,,,,,,,,,
11,GUANAJUATO,22,ACAMBARO,2,ACAMBARO,95,B,43,7,1,0,1,4,34,1,3,1,133,5,138,409,,,,,,,,,,,,,,,,,,,,,
11,GUANAJUATO,22,ACAMBARO,2,ACAMBARO,95,C01,42,6,1,2,4,3,38,0,1,0,121,4,125,409,,,,,,,,,,,,,,,,,,,,,
11,GUANAJUATO,22,ACAMBARO,2,ACAMBARO,96,B,36,9,3,5,3,2,49,2,1,2,155,4,159,488,,,,,,,,,,,,,,,,,,,,,
11,GUANAJUATO,22,ACAMBARO,2,ACAMBARO,96,C01,50,6,6,3,6,8,52,1,1,1,180,2,182,487,,,,,,,,,,,,,,,,,,,,,
11,GUANAJUATO,22,ACAMBARO,2,ACAMBARO,97,B,43,10,5,3,3,3,51,3,0,5,170,7,177,528,,,,,,,,,,,,,,,,,,,,,
11,GUANAJUATO,22,ACAMBARO,2,ACAMBARO,97,C01,46,9,2,3,3,5,52,3,4,3,181,6,187,528,,,,,,,,,,,,,,,,,,,,,
11,GUANAJUATO,22,ACAMBARO,2,ACAMBARO,98,B,42,9,9,2,3,5,61,0,4,0,136,5,141,500,,,,,,,,,,,,,,,,,,,,,
11,GUANAJUATO,22,ACAMBARO,2,ACAMBARO,99,B,51,8,10,7,0,4,21,4,1,3,118,7,127,512,,,,,,,,,,,,,,,,,,,,,
11,GUANAJUATO,22,ACAMBARO,2,ACAMBARO,99,C01,33,6,6,11,2,3,30,0,6,0,107,11,118,511,,,,,,,,,,,,,,,,,,,,,
11,GUANAJUATO,22,ACAMBARO,2,ACAMBARO,100,B,41,6,6,0,3,5,32,1,1,0,104,3,107,504,,,,,,,,,,,,,,,,,,,,,
11,GUANAJUATO,22,ACAMBARO,2,ACAMBARO,100,C01,54,5,5,3,5,1,24,1,3,1,110,4,114,504,,,,,,,,,,,,,,,,,,,,,
11,GUANAJUATO,22,ACAMBARO,2,ACAMBARO,101,B,32,3,10,3,5,4,74,2,2,1,151,0,151,541,,,,,,,,,,,,,,,,,,,,,
11,GUANAJUATO,22,ACAMBARO,2,ACAMBARO,101,C01,27,5,11,2,3,4,65,0,2,3,144,5,149,541,,,,,,,,,,,,,,,,,,,,,
11,GUANAJUATO,22,ACAMBARO,2,ACAMBARO,102,B,59,5,9,5,3,5,44,0,5,0,164,6,170,540,,,,,,,,,,,,,,,,,,,,,
11,GUANAJUATO,22,ACAMBARO,2,ACAMBARO,102,C01,57,8,4,4,1,2,66,5,4,1,165,6,171,539,,,,,,,,,,,,,,,,,,,,,
11,GUANAJUATO,22,ACAMBARO,2,ACAMBARO,103,B,45,4,10,5,3,1,71,0,1,1,160,4,164,462,,,,,,,,,,,,,,,,,,,,,
11,GUANAJUATO,22,ACAMBARO,2,ACAMBARO,103,C01,29,4,6,4,3,3,96,0,1,1,158,4,162,462,,,,,,,,,,,,,,,,,,,,,
11,GUANAJUATO,22,ACAMBARO,2,ACAMBARO,104,B,33,11,2,5,5,4,75,2,5,3,190,6,196,444,,,,,,,,,,,,,,,,,,,,,
11,GUANAJUATO,22,ACAMBARO,2,ACAMBARO,104,C01,25,12,14,2,7,2,76,3,3,1,212,9,221,443,,,,,,,,,,,,,,,,,,,,,
11,GUANAJUATO,22,ACAMBARO,2,ACAMBARO,105,B,30,6,5,5,2,5,56,3,7,3,156,10,166,471,,,,,,,,,,,,,,,,,,,,,
11,GUANAJUATO,22,ACAMBARO,2,ACAMBARO,106,B,69,4,6,1,2,0,81,0,4,1,179,2,181,442,,,,,,,,,,,,,,,,,,,,,
11,GUANAJUATO,22,ACAMBARO,2,ACAMBARO,106,C01,63,1,1,0,2,3,79,0,2,1,166,4,170,442,,,,,,,,,,,,,,,,,,,,,
11,GUANAJUATO,22,ACAMBARO,2,ACAMBARO,107,B,71,3,5,4,2,7,130,0,11,0,258,7,265,697,,,,,,,,,,,,,,,,,,,,,
11,GUANAJUATO,22,ACAMBARO,2,ACAMBARO,108,B,27,5,9,3,3,2,43,1,3,3,113,6,119,421,,,,,,,,,,,,,,,,,,,,,
11,GUANAJUATO,22,ACAMBARO,2,ACAMBARO,108,C01,19,7,12,1,3,5,48,0,5,2,115,5,120,421,,,,,,,,,,,,,,,,,,,,,
11,GUANAJUATO,22,ACAMBARO,2,ACAMBARO,109,B,70,6,8,3,3,8,82,2,1,2,206,8,214,736,,,,,,,,,,,,,,,,,,,,,
11,GUANAJUATO,22,ACAMBARO,2,ACAMBARO,109,C01,74,5,5,4,4,3,87,0,3,1,207,8,216,735,,,,,,,,,,,,,,,,,,,,,
11,GUANAJUATO,22,ACAMBARO,2,ACAMBARO,110,B,52,4,5,6,1,6,54,0,1,2,160,4,164,633,,,,,,,,,,,,,,,,,,,,,
11,GUANAJUATO,22,ACAMBARO,2,ACAMBARO,111,B,52,7,10,3,3,3,67,2,10,5,166,4,170,415,,,,,,,,,,,,,,,,,,,,,
11,GUANAJUATO,22,ACAMBARO,2,ACAMBARO,111,C01,42,2,5,2,3,4,87,1,5,4,166,4,170,415,,,,,,,,,,,,,,,,,,,,,
11,GUANAJUATO,22,ACAMBARO,2,ACAMBARO,112,B,91,19,13,3,7,5,68,0,6,3,253,8,261,731,,,,,,,,,,,,,,,,,,,,,
11,GUANAJUATO,22,ACAMBARO,2,ACAMBARO,113,B,56,19,23,1,4,9,152,4,7,18,323,9,332,724,,,,,,,,,,,,,,,,,,,,,
11,GUANAJUATO,22,ACAMBARO,2,ACAMBARO,114,B,38,6,2,5,2,6,54,2,3,6,142,6,148,526,,,,,,,,,,,,,,,,,,,,,
11,GUANAJUATO,22,ACAMBARO,2,ACAMBARO,114,C01,50,3,6,4,6,6,69,0,2,3,166,8,174,526,,,,,,,,,,,,,,,,,,,,,
11,GUANAJUATO,22,ACAMBARO,2,ACAMBARO,114,C02,50,2,9,6,6,2,58,0,0,3,169,7,177,526,,,,,,,,,,,,,,,,,,,,,
11,GUANAJUATO,22,ACAMBARO,2,ACAMBARO,115,B,73,2,4,4,6,4,85,2,9,1,215,7,222,507,,,,,,,,,,,,,,,,,,,,,
11,GUANAJUATO,22,ACAMBARO,2,ACAMBARO,115,C01,57,6,9,0,1,1,98,1,4,2,197,4,201,506,,,,,,,,,,,,,,,,,,,,,
11,GUANAJUATO,22,ACAMBARO,2,ACAMBARO,115,C02,44,2,0,2,2,6,107,2,4,0,182,3,185,506,,,,,,,,,,,,,,,,,,,,,
11,GUANAJUATO,22,ACAMBARO,2,ACAMBARO,116,B,78,5,6,6,2,2,98,2,2,2,219,7,226,496,,,,,,,,,,,,,,,,,,,,,
11,GUANAJUATO,22,ACAMBARO,2,ACAMBARO,116,C01,55,6,6,9,3,9,90,3,1,0,199,3,202,496,,,,,,,,,,,,,,,,,,,,,
11,GUANAJUATO,22,ACAMBARO,2,ACAMBARO,117,B,57,13,15,1,7,1,103,1,3,0,210,15,225,712,,,,,,,,,,,,,,,,,,,,,
11,GUANAJUATO,22,ACAMBARO,2,ACAMBARO,118,B,60,12,6,5,2,3,32,1,1,0,132,2,134,381,,,,,,,,,,,,,,,,,,,,,
11,GUANAJUATO,22,ACAMBARO,2,ACAMBARO,118,C01,46,6,5,2,3,3,46,3,4,1,139,7,146,381,,,,,,,,,,,,,,,,,,,,,
11,GUANAJUATO,22,ACAMBARO,2,ACAMBARO,118,E01,31,4,4,1,4,0,53,2,3,0,118,5,123,324,,,,,,,,,,,,,,,,,,,,,
11,GUANAJUATO,22,ACAMBARO,2,ACAMBARO,119,B,46,12,7,3,5,7,43,1,5,1,140,6,146,395,,,,,,,,,,,,,,,,,,,,,
11,GUANAJUATO,22,ACAMBARO,2,ACAMBARO,119,C01,49,9,14,3,2,9,35,4,3,2,146,5,151,395,,,,,,,,,,,,,,,,,,,,,
11,GUANAJUATO,22,ACAMBARO,2,ACAMBARO,120,B,65,18,9,6,4,8,68,4,8,3,219,5,224,725,,,,,,,,,,,,,,,,,,,,,
11,GUANAJUATO,22,ACAMBARO,2,ACAMBARO,121,B,98,5,7,4,9,5,86,4,8,2,245,4,249,674,,,,,,,,,,,,,,,,,,,,,
11,GUANAJUATO,22,ACAMBARO,2,ACAMBARO,121,C01,81,11,14,2,3,7,85,3,3,0,222,5,227,674,,,,,,,,,,,,,,,,,,,,,
11,GUANAJUATO,22,ACAMBARO,2,ACAMBARO,122,B,86,21,16,4,13,28,95,1,4,5,319,17,336,743,,,,,,,,,,,,,,,,,,,,,
11,GUANAJUATO,22,ACAMBARO,2,ACAMBARO,123,B,39,9,23,2,1,4,75,0,2,0,180,4,184,523,,,,,,,,,,,,,,,,,,,,,
11,GUANAJUATO,22,ACAMBARO,2,ACAMBARO,123,C01,51,24,16,0,2,5,94,1,1,2,207,12,220,523,,,,,,,,,,,,,,,,,,,,,
11,GUANAJUATO,22,ACAMBARO,2,ACAMBARO,123,C02,42,4,14,1,6,1,64,2,3,1,143,5,149,523,,,,,,,,,,,,,,,,,,,,,
11,GUANAJUATO,22,ACAMBARO,2,ACAMBARO,124,B,79,7,5,6,2,0,55,1,3,0,171,7,178,460,,,,,,,,,,,,,,,,,,,,,
11,GUANAJUATO,22,ACAMBARO,2,ACAMBARO,125,B,71,48,1,2,5,2,55,1,1,0,189,9,198,518,,,,,,,,,,,,,,,,,,,,,
11,GUANAJUATO,22,ACAMBARO,2,ACAMBARO,126,B,64,59,6,6,3,5,31,5,6,4,198,0,198,670,,,,,,,,,,,,,,,,,,,,,
11,GUANAJUATO,22,ACAMBARO,2,ACAMBARO,126,E01,23,8,13,2,1,1,31,2,2,2,94,2,96,254,,,,,,,,,,,,,,,,,,,,,
11,GUANAJUATO,22,ACAMBARO,2,ACAMBARO,127,B,28,2,11,2,8,1,101,0,6,2,173,5,178,420,,,,,,,,,,,,,,,,,,,,,
11,GUANAJUATO,22,ACAMBARO,2,ACAMBARO,128,B,74,8,23,1,3,7,61,3,2,2,227,7,234,604,,,,,,,,,,,,,,,,,,,,,
11,GUANAJUATO,22,ACAMBARO,2,ACAMBARO,128,C01,59,6,40,0,10,4,70,8,3,2,235,15,252,603,,,,,,,,,,,,,,,,,,,,,
11,GUANAJUATO,22,ACAMBARO,2,ACAMBARO,129,B,41,6,6,2,4,1,84,1,3,3,160,4,164,617,,,,,,,,,,,,,,,,,,,,,
11,GUANAJUATO,22,ACAMBARO,2,ACAMBARO,130,B,43,12,13,2,0,2,26,4,7,6,146,9,156,403,,,,,,,,,,,,,,,,,,,,,
11,GUANAJUATO,22,ACAMBARO,2,ACAMBARO,130,E01,39,4,5,2,2,2,32,3,3,2,110,5,115,205,,,,,,,,,,,,,,,,,,,,,
11,GUANAJUATO,22,ACAMBARO,2,ACAMBARO,131,B,70,17,2,5,6,19,39,4,1,3,188,1,189,659,,,,,,,,,,,,,,,,,,,,,
11,GUANAJUATO,22,ACAMBARO,2,ACAMBARO,131,C01,74,9,8,7,5,14,49,4,2,3,190,2,193,659,,,,,,,,,,,,,,,,,,,,,
11,GUANAJUATO,22,ACAMBARO,2,ACAMBARO,132,B,76,7,8,7,1,8,47,0,6,2,178,6,189,541,,,,,,,,,,,,,,,,,,,,,
11,GUANAJUATO,22,ACAMBARO,2,ACAMBARO,132,C01,74,16,9,10,0,12,41,2,5,1,183,12,195,540,,,,,,,,,,,,,,,,,,,,,
11,GUANAJUATO,22,ACAMBARO,2,ACAMBARO,133,B,54,18,12,7,1,5,71,2,7,2,192,14,209,606,,,,,,,,,,,,,,,,,,,,,
11,GUANAJUATO,22,ACAMBARO,2,ACAMBARO,134,B,29,5,19,0,5,6,52,4,2,1,124,0,124,568,,,,,,,,,,,,,,,,,,,,,
11,GUANAJUATO,22,ACAMBARO,2,ACAMBARO,135,B,42,5,12,4,1,6,65,6,0,3,179,8,188,732,,,,,,,,,,,,,,,,,,,,,
11,GUANAJUATO,22,ACAMBARO,2,ACAMBARO,136,B,96,8,17,3,0,5,53,1,2,3,264,14,278,659,,,,,,,,,,,,,,,,,,,,,
11,GUANAJUATO,22,ACAMBARO,2,ACAMBARO,136,C01,88,8,11,2,1,3,56,2,3,3,242,12,254,659,,,,,,,,,,,,,,,,,,,,,
11,GUANAJUATO,22,ACAMBARO,2,ACAMBARO,136,C02,83,7,11,4,2,5,55,4,3,2,228,7,235,658,,,,,,,,,,,,,,,,,,,,,
11,GUANAJUATO,22,ACAMBARO,2,ACAMBARO,137,B,83,6,8,2,1,1,43,2,4,3,197,8,205,533,,,,,,,,,,,,,,,,,,,,,
11,GUANAJUATO,22,ACAMBARO,2,ACAMBARO,137,C01,53,6,9,2,2,1,30,2,3,1,179,6,185,532,,,,,,,,,,,,,,,,,,,,,
11,GUANAJUATO,22,ACAMBARO,2,ACAMBARO,137,C02,51,7,7,2,1,3,35,3,4,2,158,8,166,532,,,,,,,,,,,,,,,,,,,,,
11,GUANAJUATO,22,ACAMBARO,2,ACAMBARO,138,B,74,7,10,0,5,7,51,1,2,1,198,6,204,660,,,,,,,,,,,,,,,,,,,,,
11,GUANAJUATO,22,ACAMBARO,2,ACAMBARO,138,C01,90,6,8,4,3,2,46,0,2,1,200,9,210,660,,,,,,,,,,,,,,,,,,,,,
11,GUANAJUATO,22,ACAMBARO,2,ACAMBARO,138,C02,75,10,11,4,3,3,48,3,2,0,199,4,203,660,,,,,,,,,,,,,,,,,,,,,
11,GUANAJUATO,22,ACAMBARO,2,ACAMBARO,139,B,33,6,8,2,2,4,39,3,6,0,124,3,127,379,,,,,,,,,,,,,,,,,,,,,
11,GUANAJUATO,22,ACAMBARO,2,ACAMBARO,139,C01,49,2,9,2,2,5,22,2,4,1,130,1,131,378,,,,,,,,,,,,,,,,,,,,,
11,GUANAJUATO,22,ACAMBARO,2,ACAMBARO,140,B,54,7,4,2,4,4,50,4,3,4,143,12,155,640,,,,,,,,,,,,,,,,,,,,,
11,GUANAJUATO,22,ACAMBARO,2,ACAMBARO,140,C01,39,7,10,1,3,2,32,2,6,2,126,8,134,639,,,,,,,,,,,,,,,,,,,,,
11,GUANAJUATO,22,ACAMBARO,4,APASEO EL ALTO,244,B,74,9,3,99,,107,36,4,8,,343,7,351,725,,,,,,,,,,,,,,,,,,,,,
11,GUANAJUATO,22,ACAMBARO,4,APASEO EL ALTO,244,C01,99,10,1,88,,110,33,7,9,,361,9,371,724,,,,,,,,,,,,,,,,,,,,,
11,GUANAJUATO,22,ACAMBARO,4,APASEO EL ALTO,245,B,136,8,2,62,,97,50,15,2,,372,10,382,689,,,,,,,,,,,,,,,,,,,,,
11,GUANAJUATO,22,ACAMBARO,4,APASEO EL ALTO,245,C01,171,10,0,70,,84,34,9,3,,384,13,397,688,,,,,,,,,,,,,,,,,,,,,
11,GUANAJUATO,22,ACAMBARO,4,APASEO EL ALTO,246,B,86,0,0,44,,52,25,11,5,,233,6,239,501,,,,,,,,,,,,,,,,,,,,,
11,GUANAJUATO,22,ACAMBARO,4,APASEO EL ALTO,246,C01,81,6,0,33,,42,33,8,6,,210,7,219,500,,,,,,,,,,,,,,,,,,,,,
11,GUANAJUATO,22,ACAMBARO,4,APASEO EL ALTO,246,C02,70,0,0,51,,61,23,6,2,,225,8,233,500,,,,,,,,,,,,,,,,,,,,,
11,GUANAJUATO,22,ACAMBARO,4,APASEO EL ALTO,247,B,91,5,0,59,,65,30,5,5,,262,7,269,550,,,,,,,,,,,,,,,,,,,,,
11,GUANAJUATO,22,ACAMBARO,4,APASEO EL ALTO,247,C01,60,11,2,43,,57,34,4,3,,214,9,223,550,,,,,,,,,,,,,,,,,,,,,
11,GUANAJUATO,22,ACAMBARO,4,APASEO EL ALTO,247,C02,70,2,2,63,,76,34,6,8,,264,4,268,550,,,,,,,,,,,,,,,,,,,,,
11,GUANAJUATO,22,ACAMBARO,4,APASEO EL ALTO,248,B,197,16,2,46,,68,45,5,1,,384,5,389,694,,,,,,,,,,,,,,,,,,,,,
11,GUANAJUATO,22,ACAMBARO,4,APASEO EL ALTO,248,C01,123,21,2,42,,100,39,7,5,,341,12,353,693,,,,,,,,,,,,,,,,,,,,,
11,GUANAJUATO,22,ACAMBARO,4,APASEO EL ALTO,248,S01,21,2,2,8,,16,10,1,2,,62,0,62,0,,,,,,,,,,,,,,,,,,,,,
11,GUANAJUATO,22,ACAMBARO,4,APASEO EL ALTO,249,B,118,16,2,38,,56,22,10,5,,267,6,273,476,,,,,,,,,,,,,,,,,,,,,
11,GUANAJUATO,22,ACAMBARO,4,APASEO EL ALTO,249,C01,115,13,1,21,,61,37,4,4,,258,13,271,476,,,,,,,,,,,,,,,,,,,,,
11,GUANAJUATO,22,ACAMBARO,4,APASEO EL ALTO,250,B,85,5,3,56,,73,27,6,3,,262,6,268,488,,,,,,,,,,,,,,,,,,,,,
11,GUANAJUATO,22,ACAMBARO,4,APASEO EL ALTO,250,C01,103,3,3,55,,46,30,3,1,,247,4,251,487,,,,,,,,,,,,,,,,,,,,,
11,GUANAJUATO,22,ACAMBARO,4,APASEO EL ALTO,251,B,66,0,0,70,,97,40,6,3,,297,8,305,631,,,,,,,,,,,,,,,,,,,,,
11,GUANAJUATO,22,ACAMBARO,4,APASEO EL ALTO,251,C01,65,9,1,98,,71,30,2,1,,279,7,286,631,,,,,,,,,,,,,,,,,,,,,
11,GUANAJUATO,22,ACAMBARO,4,APASEO EL ALTO,251,C02,79,9,1,87,,76,48,4,1,,305,8,313,630,,,,,,,,,,,,,,,,,,,,,
11,GUANAJUATO,22,ACAMBARO,4,APASEO EL ALTO,251,C03,61,15,1,70,,71,43,8,4,,275,13,288,630,,,,,,,,,,,,,,,,,,,,,
11,GUANAJUATO,22,ACAMBARO,4,APASEO EL ALTO,252,B,58,12,1,61,,63,29,3,0,,230,10,240,639,,,,,,,,,,,,,,,,,,,,,
11,GUANAJUATO,22,ACAMBARO,4,APASEO EL ALTO,252,C01,35,7,3,49,,51,31,2,1,,182,8,191,639,,,,,,,,,,,,,,,,,,,,,
11,GUANAJUATO,22,ACAMBARO,4,APASEO EL ALTO,252,C02,71,7,1,70,,87,20,7,2,,265,5,270,638,,,,,,,,,,,,,,,,,,,,,
11,GUANAJUATO,22,ACAMBARO,4,APASEO EL ALTO,252,C03,49,11,3,80,,75,16,2,3,,241,3,244,638,,,,,,,,,,,,,,,,,,,,,
11,GUANAJUATO,22,ACAMBARO,4,APASEO EL ALTO,252,C04,48,10,0,83,,69,22,2,1,,237,13,250,638,,,,,,,,,,,,,,,,,,,,,
11,GUANAJUATO,22,ACAMBARO,4,APASEO EL ALTO,253,B,124,17,0,79,,57,38,3,6,,324,9,333,571,,,,,,,,,,,,,,,,,,,,,
11,GUANAJUATO,22,ACAMBARO,4,APASEO EL ALTO,254,B,90,5,2,50,,54,16,0,2,,221,4,225,477,,,,,,,,,,,,,,,,,,,,,
11,GUANAJUATO,22,ACAMBARO,4,APASEO EL ALTO,254,C01,67,4,0,62,,76,18,5,4,,239,12,251,476,,,,,,,,,,,,,,,,,,,,,
11,GUANAJUATO,22,ACAMBARO,4,APASEO EL ALTO,255,B,56,6,1,49,,78,34,6,2,,235,8,243,560,,,,,,,,,,,,,,,,,,,,,
11,GUANAJUATO,22,ACAMBARO,4,APASEO EL ALTO,255,C01,57,6,1,64,,70,30,4,1,,233,8,241,559,,,,,,,,,,,,,,,,,,,,,
11,GUANAJUATO,22,ACAMBARO,4,APASEO EL ALTO,255,C02,49,8,2,47,,72,33,1,3,,215,2,217,559,,,,,,,,,,,,,,,,,,,,,
11,GUANAJUATO,22,ACAMBARO,4,APASEO EL ALTO,256,B,72,6,1,59,,51,22,5,6,,223,5,228,533,,,,,,,,,,,,,,,,,,,,,
11,GUANAJUATO,22,ACAMBARO,4,APASEO EL ALTO,256,C01,60,9,1,54,,56,25,4,3,,215,9,224,533,,,,,,,,,,,,,,,,,,,,,
11,GUANAJUATO,22,ACAMBARO,4,APASEO EL ALTO,256,C02,60,7,1,58,,45,24,5,3,,204,6,210,532,,,,,,,,,,,,,,,,,,,,,
11,GUANAJUATO,22,ACAMBARO,4,APASEO EL ALTO,257,B,82,10,1,58,,78,26,4,2,,264,5,269,527,,,,,,,,,,,,,,,,,,,,,
11,GUANAJUATO,22,ACAMBARO,4,APASEO EL ALTO,257,C01,64,4,1,40,,102,28,4,0,,247,4,251,526,,,,,,,,,,,,,,,,,,,,,
11,GUANAJUATO,22,ACAMBARO,4,APASEO EL ALTO,257,C02,67,9,4,45,,86,22,0,3,,237,5,242,526,,,,,,,,,,,,,,,,,,,,,
11,GUANAJUATO,22,ACAMBARO,4,APASEO EL ALTO,258,B,76,9,2,41,,81,24,6,4,,243,8,251,539,,,,,,,,,,,,,,,,,,,,,
11,GUANAJUATO,22,ACAMBARO,4,APASEO EL ALTO,258,C01,48,6,2,40,,28,30,2,1,,157,7,164,538,,,,,,,,,,,,,,,,,,,,,
11,GUANAJUATO,22,ACAMBARO,4,APASEO EL ALTO,258,C02,76,10,1,59,,63,30,2,3,,245,9,254,538,,,,,,,,,,,,,,,,,,,,,
11,GUANAJUATO,22,ACAMBARO,4,APASEO EL ALTO,259,B,64,10,3,65,,73,23,3,3,,246,9,257,664,,,,,,,,,,,,,,,,,,,,,
11,GUANAJUATO,22,ACAMBARO,4,APASEO EL ALTO,259,C01,71,7,1,51,,96,22,6,7,,263,8,271,663,,,,,,,,,,,,,,,,,,,,,
11,GUANAJUATO,22,ACAMBARO,4,APASEO EL ALTO,260,B,92,2,1,28,,18,12,1,0,,154,8,162,418,,,,,,,,,,,,,,,,,,,,,
11,GUANAJUATO,22,ACAMBARO,4,APASEO EL ALTO,260,C01,72,0,0,29,,29,13,0,2,,145,5,150,418,,,,,,,,,,,,,,,,,,,,,
11,GUANAJUATO,22,ACAMBARO,4,APASEO EL ALTO,261,B,87,17,4,23,,14,53,2,2,,204,4,208,578,,,,,,,,,,,,,,,,,,,,,
11,GUANAJUATO,22,ACAMBARO,4,APASEO EL ALTO,261,C01,98,15,0,33,,12,39,1,3,,203,6,209,578,,,,,,,,,,,,,,,,,,,,,
11,GUANAJUATO,22,ACAMBARO,4,APASEO EL ALTO,261,C02,96,10,0,21,,13,32,3,4,,180,8,188,578,,,,,,,,,,,,,,,,,,,,,
11,GUANAJUATO,22,ACAMBARO,4,APASEO EL ALTO,262,B,70,8,0,18,,7,61,5,0,,170,4,174,393,,,,,,,,,,,,,,,,,,,,,
11,GUANAJUATO,22,ACAMBARO,4,APASEO EL ALTO,262,C01,56,8,0,18,,7,41,2,3,,136,7,143,392,,,,,,,,,,,,,,,,,,,,,
11,GUANAJUATO,22,ACAMBARO,4,APASEO EL ALTO,263,B,34,23,3,33,,7,95,1,15,,211,7,218,544,,,,,,,,,,,,,,,,,,,,,
11,GUANAJUATO,22,ACAMBARO,4,APASEO EL ALTO,263,C01,45,18,4,35,,15,94,6,16,,233,5,238,544,,,,,,,,,,,,,,,,,,,,,
11,GUANAJUATO,22,ACAMBARO,4,APASEO EL ALTO,263,C02,63,22,1,34,,10,80,5,0,,219,7,226,544,,,,,,,,,,,,,,,,,,,,,
11,GUANAJUATO,22,ACAMBARO,4,APASEO EL ALTO,264,B,99,15,9,53,,13,117,2,9,,318,6,324,671,,,,,,,,,,,,,,,,,,,,,
11,GUANAJUATO,22,ACAMBARO,4,APASEO EL ALTO,264,C01,141,16,2,45,,3,124,5,5,,341,14,355,671,,,,,,,,,,,,,,,,,,,,,
11,GUANAJUATO,22,ACAMBARO,4,APASEO EL ALTO,265,B,140,3,3,50,,6,114,2,5,,324,9,333,743,,,,,,,,,,,,,,,,,,,,,
11,GUANAJUATO,22,ACAMBARO,4,APASEO EL ALTO,265,C01,169,2,2,48,,6,105,3,4,,343,5,348,743,,,,,,,,,,,,,,,,,,,,,
11,GUANAJUATO,22,ACAMBARO,4,APASEO EL ALTO,266,B,116,6,5,15,,16,13,2,2,,177,3,180,584,,,,,,,,,,,,,,,,,,,,,
11,GUANAJUATO,22,ACAMBARO,4,APASEO EL ALTO,267,B,55,12,1,33,,20,13,3,2,,140,6,146,386,,,,,,,,,,,,,,,,,,,,,
11,GUANAJUATO,22,ACAMBARO,4,APASEO EL ALTO,268,B,89,25,0,36,,33,33,3,2,,222,12,234,742,,,,,,,,,,,,,,,,,,,,,
11,GUANAJUATO,22,ACAMBARO,4,APASEO EL ALTO,269,B,43,11,4,40,,9,80,3,1,,195,0,195,521,,,,,,,,,,,,,,,,,,,,,
11,GUANAJUATO,22,ACAMBARO,4,APASEO EL ALTO,269,C01,80,10,2,22,,20,65,2,2,,205,7,212,521,,,,,,,,,,,,,,,,,,,,,
11,GUANAJUATO,22,ACAMBARO,4,APASEO EL ALTO,269,C02,61,12,3,37,,8,64,8,2,,195,5,200,520,,,,,,,,,,,,,,,,,,,,,
11,GUANAJUATO,22,ACAMBARO,4,APASEO EL ALTO,270,B,39,13,2,24,,9,27,14,2,,132,1,133,391,,,,,,,,,,,,,,,,,,,,,
11,GUANAJUATO,22,ACAMBARO,4,APASEO EL ALTO,270,C01,40,12,4,28,,19,32,9,1,,148,0,148,391,,,,,,,,,,,,,,,,,,,,,
11,GUANAJUATO,22,ACAMBARO,4,APASEO EL ALTO,271,B,99,9,1,21,,16,45,0,2,,195,10,205,504,,,,,,,,,,,,,,,,,,,,,
11,GUANAJUATO,22,ACAMBARO,4,APASEO EL ALTO,271,C01,96,12,0,21,,20,30,3,3,,187,7,194,504,,,,,,,,,,,,,,,,,,,,,
11,GUANAJUATO,22,ACAMBARO,4,APASEO EL ALTO,271,C02,79,11,3,41,,14,12,4,4,,170,9,179,504,,,,,,,,,,,,,,,,,,,,,
11,GUANAJUATO,22,ACAMBARO,4,APASEO EL ALTO,272,B,115,8,1,40,,12,7,2,1,,186,12,198,442,,,,,,,,,,,,,,,,,,,,,
11,GUANAJUATO,22,ACAMBARO,4,APASEO EL ALTO,272,C01,130,7,0,26,,7,11,5,2,,189,9,198,441,,,,,,,,,,,,,,,,,,,,,
11,GUANAJUATO,22,ACAMBARO,4,APASEO EL ALTO,273,B,55,8,2,45,,35,9,10,4,,168,8,177,511,,,,,,,,,,,,,,,,,,,,,
11,GUANAJUATO,22,ACAMBARO,4,APASEO EL ALTO,273,C01,64,12,1,55,,28,20,5,3,,189,12,201,510,,,,,,,,,,,,,,,,,,,,,
11,GUANAJUATO,22,ACAMBARO,4,APASEO EL ALTO,273,C02,59,8,2,65,,29,10,2,1,,177,15,192,510,,,,,,,,,,,,,,,,,,,,,
11,GUANAJUATO,22,ACAMBARO,4,APASEO EL ALTO,274,B,84,10,4,55,,20,36,16,2,,228,11,239,569,,,,,,,,,,,,,,,,,,,,,
11,GUANAJUATO,22,ACAMBARO,4,APASEO EL ALTO,275,B,62,7,2,42,,21,12,4,3,,153,5,158,566,,,,,,,,,,,,,,,,,,,,,
11,GUANAJUATO,22,ACAMBARO,4,APASEO EL ALTO,275,C01,56,6,1,23,,27,25,2,4,,144,8,152,566,,,,,,,,,,,,,,,,,,,,,
11,GUANAJUATO,22,ACAMBARO,4,APASEO EL ALTO,276,B,125,0,0,73,,21,16,8,7,,263,7,270,481,,,,,,,,,,,,,,,,,,,,,
11,GUANAJUATO,22,ACAMBARO,4,APASEO EL ALTO,276,C01,135,0,0,53,,12,16,2,8,,245,8,253,481,,,,,,,,,,,,,,,,,,,,,
11,GUANAJUATO,22,ACAMBARO,4,APASEO EL ALTO,277,B,49,29,3,54,,39,27,4,6,,214,12,226,669,,,,,,,,,,,,,,,,,,,,,
11,GUANAJUATO,22,ACAMBARO,4,APASEO EL ALTO,278,B,47,19,2,62,,15,27,2,2,,178,14,192,584,,,,,,,,,,,,,,,,,,,,,
11,GUANAJUATO,22,ACAMBARO,4,APASEO EL ALTO,279,B,60,0,0,32,,19,15,4,1,,146,5,151,464,,,,,,,,,,,,,,,,,,,,,
11,GUANAJUATO,22,ACAMBARO,4,APASEO EL ALTO,279,C01,56,14,2,28,,19,10,6,4,,139,7,147,464,,,,,,,,,,,,,,,,,,,,,
11,GUANAJUATO,22,ACAMBARO,4,APASEO EL ALTO,280,B,62,9,4,76,,14,28,21,1,,228,12,240,491,,,,,,,,,,,,,,,,,,,,,
11,GUANAJUATO,22,ACAMBARO,4,APASEO EL ALTO,280,C01,69,10,1,59,,19,30,16,5,,210,10,220,490,,,,,,,,,,,,,,,,,,,,,
11,GUANAJUATO,22,ACAMBARO,4,APASEO EL ALTO,281,B,34,12,5,70,,63,7,0,1,,195,11,206,660,,,,,,,,,,,,,,,,,,,,,
11,GUANAJUATO,22,ACAMBARO,4,APASEO EL ALTO,282,B,36,16,10,38,,128,24,4,2,,262,4,266,591,,,,,,,,,,,,,,,,,,,,,
11,GUANAJUATO,22,ACAMBARO,4,APASEO EL ALTO,283,B,63,8,1,75,,13,23,0,1,,193,2,195,413,,,,,,,,,,,,,,,,,,,,,
11,GUANAJUATO,22,ACAMBARO,4,APASEO EL ALTO,283,C01,68,9,4,80,,9,27,8,2,,221,5,226,412,,,,,,,,,,,,,,,,,,,,,
11,GUANAJUATO,22,ACAMBARO,4,APASEO EL ALTO,284,B,71,13,2,31,,25,12,5,2,,161,8,169,523,,,,,,,,,,,,,,,,,,,,,
11,GUANAJUATO,22,ACAMBARO,4,APASEO EL ALTO,285,B,56,6,5,30,,22,24,1,3,,148,5,153,390,,,,,,,,,,,,,,,,,,,,,
11,GUANAJUATO,22,ACAMBARO,4,APASEO EL ALTO,285,C01,38,5,2,22,,29,26,1,2,,125,7,132,390,,,,,,,,,,,,,,,,,,,,,
11,GUANAJUATO,22,ACAMBARO,4,APASEO EL ALTO,286,B,65,12,3,59,,59,50,1,2,,254,13,267,713,,,,,,,,,,,,,,,,,,,,,
11,GUANAJUATO,22,ACAMBARO,4,APASEO EL ALTO,286,C01,43,17,1,50,,57,101,4,4,,282,8,290,712,,,,,,,,,,,,,,,,,,,,,
11,GUANAJUATO,22,ACAMBARO,4,APASEO EL ALTO,287,B,47,10,0,36,,37,14,5,12,,163,6,169,466,,,,,,,,,,,,,,,,,,,,,
11,GUANAJUATO,22,ACAMBARO,10,CORONEO,652,B,119,6,89,25,,4,36,,,,293,12,305,473,,,,,,,,,,,,,,,,,,,,,
11,GUANAJUATO,22,ACAMBARO,10,CORONEO,652,C01,138,6,47,18,,6,37,,,,266,8,274,472,,,,,,,,,,,,,,,,,,,,,
11,GUANAJUATO,22,ACAMBARO,10,CORONEO,653,B,143,2,42,17,,1,23,,,,248,7,255,426,,,,,,,,,,,,,,,,,,,,,
11,GUANAJUATO,22,ACAMBARO,10,CORONEO,653,C01,127,2,64,17,,3,29,,,,255,1,256,425,,,,,,,,,,,,,,,,,,,,,
11,GUANAJUATO,22,ACAMBARO,10,CORONEO,654,B,159,3,95,9,,5,45,,,,336,6,342,566,,,,,,,,,,,,,,,,,,,,,
11,GUANAJUATO,22,ACAMBARO,10,CORONEO,654,C01,150,3,86,12,,5,57,,,,337,6,343,566,,,,,,,,,,,,,,,,,,,,,
11,GUANAJUATO,22,ACAMBARO,10,CORONEO,654,C02,154,3,77,23,,4,36,,,,311,6,317,566,,,,,,,,,,,,,,,,,,,,,
11,GUANAJUATO,22,ACAMBARO,10,CORONEO,655,B,144,4,60,14,,0,17,,,,259,12,271,491,,,,,,,,,,,,,,,,,,,,,
11,GUANAJUATO,22,ACAMBARO,10,CORONEO,655,C01,137,8,55,17,,6,15,,,,259,5,264,491,,,,,,,,,,,,,,,,,,,,,
11,GUANAJUATO,22,ACAMBARO,10,CORONEO,656,B,143,7,76,37,,8,25,,,,326,23,349,648,,,,,,,,,,,,,,,,,,,,,
11,GUANAJUATO,22,ACAMBARO,10,CORONEO,657,B,164,3,96,45,,7,19,,,,374,11,385,664,,,,,,,,,,,,,,,,,,,,,
11,GUANAJUATO,22,ACAMBARO,10,CORONEO,658,B,197,4,87,25,,8,25,,,,415,15,430,739,,,,,,,,,,,,,,,,,,,,,
11,GUANAJUATO,22,ACAMBARO,10,CORONEO,659,B,138,8,88,19,,4,24,,,,319,14,333,516,,,,,,,,,,,,,,,,,,,,,
11,GUANAJUATO,22,ACAMBARO,10,CORONEO,660,B,180,3,85,16,,3,22,,,,318,11,329,560,,,,,,,,,,,,,,,,,,,,,
11,GUANAJUATO,22,ACAMBARO,10,CORONEO,660,C01,154,1,78,23,,5,32,,,,308,9,317,559,,,,,,,,,,,,,,,,,,,,,
11,GUANAJUATO,22,ACAMBARO,10,CORONEO,660,C02,191,2,70,19,,3,29,,,,329,10,339,559,,,,,,,,,,,,,,,,,,,,,
11,GUANAJUATO,22,ACAMBARO,10,CORONEO,661,B,141,8,25,6,,2,34,,,,230,12,242,433,,,,,,,,,,,,,,,,,,,,,
11,GUANAJUATO,22,ACAMBARO,10,CORONEO,661,C01,130,1,31,7,,1,26,,,,229,7,236,433,,,,,,,,,,,,,,,,,,,,,
11,GUANAJUATO,22,ACAMBARO,19,JERECUARO,1204,B,45,89,11,0,,9,102,12,,,277,3,280,477,,,,,,,,,,,,,,,,,,,,,
11,GUANAJUATO,22,ACAMBARO,19,JERECUARO,1204,C01,63,85,12,0,,5,83,0,,,253,4,257,476,,,,,,,,,,,,,,,,,,,,,
11,GUANAJUATO,22,ACAMBARO,19,JERECUARO,1205,B,87,145,13,1,,26,136,12,,,428,8,436,734,,,,,,,,,,,,,,,,,,,,,
11,GUANAJUATO,22,ACAMBARO,19,JERECUARO,1205,C01,62,140,2,3,,26,125,9,,,384,13,397,733,,,,,,,,,,,,,,,,,,,,,
11,GUANAJUATO,22,ACAMBARO,19,JERECUARO,1205,C02,87,141,11,3,,26,118,21,,,418,13,431,733,,,,,,,,,,,,,,,,,,,,,
11,GUANAJUATO,22,ACAMBARO,19,JERECUARO,1206,B,47,134,5,3,,11,108,4,,,318,7,325,519,,,,,,,,,,,,,,,,,,,,,
11,GUANAJUATO,22,ACAMBARO,19,JERECUARO,1206,C01,52,111,9,1,,14,105,7,,,307,5,312,519,,,,,,,,,,,,,,,,,,,,,
11,GUANAJUATO,22,ACAMBARO,19,JERECUARO,1207,B,52,75,8,1,,14,84,3,,,244,6,250,436,,,,,,,,,,,,,,,,,,,,,
11,GUANAJUATO,22,ACAMBARO,19,JERECUARO,1207,C01,50,93,7,1,,8,98,5,,,265,6,271,436,,,,,,,,,,,,,,,,,,,,,
11,GUANAJUATO,22,ACAMBARO,19,JERECUARO,1208,B,52,110,4,0,,10,110,9,,,305,10,315,532,,,,,,,,,,,,,,,,,,,,,
11,GUANAJUATO,22,ACAMBARO,19,JERECUARO,1208,C01,54,129,0,3,,13,102,13,,,318,8,326,531,,,,,,,,,,,,,,,,,,,,,
11,GUANAJUATO,22,ACAMBARO,19,JERECUARO,1208,C02,49,90,3,2,,15,106,10,,,282,8,290,531,,,,,,,,,,,,,,,,,,,,,
11,GUANAJUATO,22,ACAMBARO,19,JERECUARO,1209,B,67,69,4,4,,6,91,8,,,254,16,270,550,,,,,,,,,,,,,,,,,,,,,
11,GUANAJUATO,22,ACAMBARO,19,JERECUARO,1209,C01,74,79,1,5,,9,88,7,,,266,9,275,549,,,,,,,,,,,,,,,,,,,,,
11,GUANAJUATO,22,ACAMBARO,19,JERECUARO,1210,B,37,87,5,6,,4,74,12,,,232,11,243,708,,,,,,,,,,,,,,,,,,,,,
11,GUANAJUATO,22,ACAMBARO,19,JERECUARO,1210,C01,53,83,3,8,,12,73,3,,,240,11,251,707,,,,,,,,,,,,,,,,,,,,,
11,GUANAJUATO,22,ACAMBARO,19,JERECUARO,1211,B,48,68,2,3,,11,30,13,,,176,9,185,529,,,,,,,,,,,,,,,,,,,,,
11,GUANAJUATO,22,ACAMBARO,19,JERECUARO,1212,B,47,55,0,3,,28,93,6,,,246,16,262,666,,,,,,,,,,,,,,,,,,,,,
11,GUANAJUATO,22,ACAMBARO,19,JERECUARO,1213,B,46,63,1,0,,7,7,9,,,137,2,139,374,,,,,,,,,,,,,,,,,,,,,
11,GUANAJUATO,22,ACAMBARO,19,JERECUARO,1214,B,68,27,3,2,,10,55,9,,,180,9,189,444,,,,,,,,,,,,,,,,,,,,,
11,GUANAJUATO,22,ACAMBARO,19,JERECUARO,1214,C01,66,47,2,4,,12,77,5,,,215,11,226,443,,,,,,,,,,,,,,,,,,,,,
11,GUANAJUATO,22,ACAMBARO,19,JERECUARO,1215,B,62,24,1,5,,10,34,7,,,172,3,175,469,,,,,,,,,,,,,,,,,,,,,
11,GUANAJUATO,22,ACAMBARO,19,JERECUARO,1215,C01,87,32,0,2,,7,28,0,,,160,7,167,469,,,,,,,,,,,,,,,,,,,,,
11,GUANAJUATO,22,ACAMBARO,19,JERECUARO,1216,B,30,28,2,4,,8,20,3,,,97,6,104,396,,,,,,,,,,,,,,,,,,,,,
11,GUANAJUATO,22,ACAMBARO,19,JERECUARO,1217,B,21,110,1,3,,5,33,3,,,177,7,184,550,,,,,,,,,,,,,,,,,,,,,
11,GUANAJUATO,22,ACAMBARO,19,JERECUARO,1218,B,53,155,1,3,,13,41,2,,,269,12,281,628,,,,,,,,,,,,,,,,,,,,,
11,GUANAJUATO,22,ACAMBARO,19,JERECUARO,1218,C01,66,124,0,5,,15,46,3,,,259,7,266,628,,,,,,,,,,,,,,,,,,,,,
11,GUANAJUATO,22,ACAMBARO,19,JERECUARO,1219,B,72,87,2,1,,7,24,7,,,201,6,207,462,,,,,,,,,,,,,,,,,,,,,
11,GUANAJUATO,22,ACAMBARO,19,JERECUARO,1220,B,22,32,2,3,,4,64,1,,,133,8,141,441,,,,,,,,,,,,,,,,,,,,,
11,GUANAJUATO,22,ACAMBARO,19,JERECUARO,1220,C01,28,42,0,0,,13,39,9,,,137,9,146,441,,,,,,,,,,,,,,,,,,,,,
11,GUANAJUATO,22,ACAMBARO,19,JERECUARO,1221,B,35,75,3,4,,25,9,9,,,161,14,175,462,,,,,,,,,,,,,,,,,,,,,
11,GUANAJUATO,22,ACAMBARO,19,JERECUARO,1222,B,108,193,0,2,,8,23,6,,,343,8,351,602,,,,,,,,,,,,,,,,,,,,,
11,GUANAJUATO,22,ACAMBARO,19,JERECUARO,1223,B,67,229,0,3,,7,48,8,,,363,10,373,621,,,,,,,,,,,,,,,,,,,,,
11,GUANAJUATO,22,ACAMBARO,19,JERECUARO,1224,B,22,102,1,4,,13,27,5,,,175,11,186,410,,,,,,,,,,,,,,,,,,,,,
11,GUANAJUATO,22,ACAMBARO,19,JERECUARO,1224,C01,31,90,1,2,,3,17,3,,,150,8,158,410,,,,,,,,,,,,,,,,,,,,,
11,GUANAJUATO,22,ACAMBARO,19,JERECUARO,1225,B,22,32,2,2,,39,79,8,,,188,11,199,519,,,,,,,,,,,,,,,,,,,,,
11,GUANAJUATO,22,ACAMBARO,19,JERECUARO,1225,C01,21,35,2,2,,45,85,5,,,198,8,206,519,,,,,,,,,,,,,,,,,,,,,
11,GUANAJUATO,22,ACAMBARO,19,JERECUARO,1226,B,50,100,2,0,,14,35,5,,,210,10,220,534,,,,,,,,,,,,,,,,,,,,,
11,GUANAJUATO,22,ACAMBARO,19,JERECUARO,1226,C01,70,95,0,1,,29,30,3,,,234,19,253,534,,,,,,,,,,,,,,,,,,,,,
11,GUANAJUATO,22,ACAMBARO,19,JERECUARO,1227,B,49,154,4,4,,23,65,17,,,318,14,332,594,,,,,,,,,,,,,,,,,,,,,
11,GUANAJUATO,22,ACAMBARO,19,JERECUARO,1228,B,41,54,2,3,,9,38,10,,,160,12,172,332,,,,,,,,,,,,,,,,,,,,,
11,GUANAJUATO,22,ACAMBARO,19,JERECUARO,1229,B,30,124,4,5,,20,68,13,,,271,22,293,602,,,,,,,,,,,,,,,,,,,,,
11,GUANAJUATO,22,ACAMBARO,19,JERECUARO,1229,C01,40,139,5,3,,27,68,6,,,296,11,307,601,,,,,,,,,,,,,,,,,,,,,
11,GUANAJUATO,22,ACAMBARO,19,JERECUARO,1230,B,18,47,3,4,,37,63,9,,,184,14,198,545,,,,,,,,,,,,,,,,,,,,,
11,GUANAJUATO,22,ACAMBARO,19,JERECUARO,1230,C01,27,70,2,0,,43,46,7,,,197,8,205,545,,,,,,,,,,,,,,,,,,,,,
11,GUANAJUATO,22,ACAMBARO,19,JERECUARO,1231,B,3,37,3,0,,8,21,1,,,75,4,79,121,,,,,,,,,,,,,,,,,,,,,
11,GUANAJUATO,22,ACAMBARO,19,JERECUARO,1232,B,21,88,2,1,,13,33,11,,,170,10,180,366,,,,,,,,,,,,,,,,,,,,,
11,GUANAJUATO,22,ACAMBARO,19,JERECUARO,1233,B,22,114,3,0,,9,78,11,,,240,8,248,633,,,,,,,,,,,,,,,,,,,,,
11,GUANAJUATO,22,ACAMBARO,19,JERECUARO,1234,B,26,53,1,3,,29,16,1,,,130,5,135,395,,,,,,,,,,,,,,,,,,,,,
11,GUANAJUATO,22,ACAMBARO,19,JERECUARO,1235,B,25,54,0,4,,14,64,9,,,179,10,189,451,,,,,,,,,,,,,,,,,,,,,
11,GUANAJUATO,22,ACAMBARO,19,JERECUARO,1235,C01,28,80,0,3,,9,58,10,,,192,10,202,451,,,,,,,,,,,,,,,,,,,,,
11,GUANAJUATO,22,ACAMBARO,19,JERECUARO,1236,B,13,118,5,7,,16,69,5,,,241,8,249,547,,,,,,,,,,,,,,,,,,,,,
11,GUANAJUATO,22,ACAMBARO,19,JERECUARO,1237,B,21,38,0,2,,4,31,3,,,104,5,109,361,,,,,,,,,,,,,,,,,,,,,
11,GUANAJUATO,22,ACAMBARO,19,JERECUARO,1238,B,18,31,2,0,,3,12,10,,,79,15,94,173,,,,,,,,,,,,,,,,,,,,,
11,GUANAJUATO,22,ACAMBARO,19,JERECUARO,1239,B,38,74,1,3,,6,28,3,,,153,8,161,362,,,,,,,,,,,,,,,,,,,,,
11,GUANAJUATO,22,ACAMBARO,19,JERECUARO,1240,B,5,44,0,2,,2,16,4,,,73,2,75,139,,,,,,,,,,,,,,,,,,,,,
11,GUANAJUATO,22,ACAMBARO,19,JERECUARO,1241,B,41,100,2,1,,14,72,12,,,242,14,256,700,,,,,,,,,,,,,,,,,,,,,
11,GUANAJUATO,22,ACAMBARO,19,JERECUARO,1241,C01,49,80,2,8,,24,81,11,,,262,13,275,699,,,,,,,,,,,,,,,,,,,,,
11,GUANAJUATO,22,ACAMBARO,19,JERECUARO,1242,B,22,182,4,3,,4,36,2,,,256,7,263,652,,,,,,,,,,,,,,,,,,,,,
11,GUANAJUATO,22,ACAMBARO,19,JERECUARO,1243,B,33,138,2,4,,12,58,7,,,259,15,274,685,,,,,,,,,,,,,,,,,,,,,
11,GUANAJUATO,22,ACAMBARO,19,JERECUARO,1244,B,82,129,1,0,,12,42,5,,,273,5,278,555,,,,,,,,,,,,,,,,,,,,,
11,GUANAJUATO,22,ACAMBARO,19,JERECUARO,1244,C01,71,119,0,1,,25,47,6,,,277,13,290,555,,,,,,,,,,,,,,,,,,,,,
11,GUANAJUATO,22,ACAMBARO,19,JERECUARO,1245,B,73,77,1,1,,8,27,3,,,193,6,199,428,,,,,,,,,,,,,,,,,,,,,
11,GUANAJUATO,22,ACAMBARO,19,JERECUARO,1246,B,17,100,2,3,,15,77,12,,,229,13,242,651,,,,,,,,,,,,,,,,,,,,,
11,GUANAJUATO,22,ACAMBARO,19,JERECUARO,1247,B,100,145,6,5,,7,68,5,,,336,9,345,658,,,,,,,,,,,,,,,,,,,,,
11,GUANAJUATO,22,ACAMBARO,19,JERECUARO,1248,B,79,176,8,1,,40,54,4,,,366,10,376,596,,,,,,,,,,,,,,,,,,,,,
11,GUANAJUATO,22,ACAMBARO,19,JERECUARO,1249,B,67,84,2,5,,13,96,7,,,279,16,295,634,,,,,,,,,,,,,,,,,,,,,
11,GUANAJUATO,22,ACAMBARO,19,JERECUARO,1250,B,26,121,3,2,,13,96,12,,,281,12,293,695,,,,,,,,,,,,,,,,,,,,,
11,GUANAJUATO,22,ACAMBARO,19,JERECUARO,1251,B,9,135,2,2,,14,170,13,,,347,7,354,613,,,,,,,,,,,,,,,,,,,,,
11,GUANAJUATO,22,ACAMBARO,19,JERECUARO,1252,B,26,98,3,3,,28,47,4,,,219,8,227,377,,,,,,,,,,,,,,,,,,,,,
11,GUANAJUATO,22,ACAMBARO,19,JERECUARO,1254,B,63,231,1,1,,47,53,2,,,408,21,429,738,,,,,,,,,,,,,,,,,,,,,
11,GUANAJUATO,22,ACAMBARO,19,JERECUARO,1254,C01,45,224,0,0,,58,71,7,,,410,10,420,737,,,,,,,,,,,,,,,,,,,,,
11,GUANAJUATO,22,ACAMBARO,19,JERECUARO,1255,B,37,119,1,2,,18,63,6,,,251,13,264,500,,,,,,,,,,,,,,,,,,,,,
11,GUANAJUATO,22,ACAMBARO,19,JERECUARO,1255,C01,38,146,0,2,,20,42,7,,,257,6,263,500,,,,,,,,,,,,,,,,,,,,,
11,GUANAJUATO,22,ACAMBARO,19,JERECUARO,1256,B,65,120,2,4,,11,61,6,,,272,7,279,403,,,,,,,,,,,,,,,,,,,,,
11,GUANAJUATO,22,ACAMBARO,19,JERECUARO,1257,B,44,106,0,3,,8,25,4,,,197,6,203,332,,,,,,,,,,,,,,,,,,,,,
11,GUANAJUATO,22,ACAMBARO,19,JERECUARO,1257,E01,34,164,1,4,,5,49,5,,,266,11,277,457,,,,,,,,,,,,,,,,,,,,,
11,GUANAJUATO,22,ACAMBARO,19,JERECUARO,1258,B,31,137,0,2,,8,58,5,,,242,3,245,384,,,,,,,,,,,,,,,,,,,,,
11,GUANAJUATO,22,ACAMBARO,19,JERECUARO,1258,C01,41,129,0,1,,5,37,6,,,224,8,232,383,,,,,,,,,,,,,,,,,,,,,
11,GUANAJUATO,22,ACAMBARO,19,JERECUARO,1259,B,27,45,0,2,,11,60,3,,,154,13,167,523,,,,,,,,,,,,,,,,,,,,,
11,GUANAJUATO,22,ACAMBARO,19,JERECUARO,1259,C01,24,119,4,3,,6,85,7,,,252,8,260,522,,,,,,,,,,,,,,,,,,,,,
11,GUANAJUATO,22,ACAMBARO,19,JERECUARO,1260,B,6,76,1,1,,3,14,1,,,105,1,106,210,,,,,,,,,,,,,,,,,,,,,
11,GUANAJUATO,22,ACAMBARO,38,TARANDACUAO,2732,B,97,105,3,2,,7,43,,,,260,6,272,486,,,,,,,,,,,,,,,,,,,,,
11,GUANAJUATO,22,ACAMBARO,38,TARANDACUAO,2732,C01,76,108,4,11,,10,41,,,,250,7,258,485,,,,,,,,,,,,,,,,,,,,,
11,GUANAJUATO,22,ACAMBARO,38,TARANDACUAO,2733,B,133,109,5,13,,9,31,,,,300,5,305,516,,,,,,,,,,,,,,,,,,,,,
11,GUANAJUATO,22,ACAMBARO,38,TARANDACUAO,2734,B,126,95,8,15,,8,27,,,,279,6,285,593,,,,,,,,,,,,,,,,,,,,,
11,GUANAJUATO,22,ACAMBARO,38,TARANDACUAO,2735,B,74,84,1,8,,9,21,,,,198,6,204,405,,,,,,,,,,,,,,,,,,,,,
11,GUANAJUATO,22,ACAMBARO,38,TARANDACUAO,2735,C01,105,73,1,16,,8,13,,,,217,4,221,405,,,,,,,,,,,,,,,,,,,,,
11,GUANAJUATO,22,ACAMBARO,38,TARANDACUAO,2736,B,111,121,5,14,,6,22,,,,280,10,290,527,,,,,,,,,,,,,,,,,,,,,
11,GUANAJUATO,22,ACAMBARO,38,TARANDACUAO,2736,C01,102,99,2,10,,6,36,,,,256,8,264,526,,,,,,,,,,,,,,,,,,,,,
11,GUANAJUATO,22,ACAMBARO,38,TARANDACUAO,2737,B,80,88,2,15,,3,31,,,,219,11,230,410,,,,,,,,,,,,,,,,,,,,,
11,GUANAJUATO,22,ACAMBARO,38,TARANDACUAO,2737,C01,74,72,2,13,,4,36,,,,202,10,212,410,,,,,,,,,,,,,,,,,,,,,
11,GUANAJUATO,22,ACAMBARO,38,TARANDACUAO,2738,B,113,116,4,23,,5,41,,,,302,6,308,644,,,,,,,,,,,,,,,,,,,,,
11,GUANAJUATO,22,ACAMBARO,38,TARANDACUAO,2738,C01,119,109,2,23,,6,46,,,,309,12,321,644,,,,,,,,,,,,,,,,,,,,,
11,GUANAJUATO,22,ACAMBARO,38,TARANDACUAO,2738,C02,120,114,2,27,,4,43,,,,311,11,322,644,,,,,,,,,,,,,,,,,,,,,
11,GUANAJUATO,22,ACAMBARO,38,TARANDACUAO,2739,B,79,85,3,23,,11,26,,,,229,10,239,507,,,,,,,,,,,,,,,,,,,,,
11,GUANAJUATO,22,ACAMBARO,38,TARANDACUAO,2740,B,137,86,1,14,,3,21,,,,262,11,273,528,,,,,,,,,,,,,,,,,,,,,
11,GUANAJUATO,22,ACAMBARO,38,TARANDACUAO,2741,B,117,136,7,19,,8,31,,,,319,6,325,601,,,,,,,,,,,,,,,,,,,,,
11,GUANAJUATO,22,ACAMBARO,38,TARANDACUAO,2741,C01,106,94,8,13,,13,28,,,,264,3,267,601,,,,,,,,,,,,,,,,,,,,,
11,GUANAJUATO,22,ACAMBARO,38,TARANDACUAO,2742,B,94,55,6,17,,7,22,,,,203,6,209,459,,,,,,,,,,,,,,,,,,,,,
11,GUANAJUATO,22,ACAMBARO,38,TARANDACUAO,2742,C01,51,55,6,26,,12,29,,,,180,12,192,458,,,,,,,,,,,,,,,,,,,,,
11,GUANAJUATO,22,ACAMBARO,38,TARANDACUAO,2743,B,58,158,3,67,,0,41,,,,328,10,338,684,,,,,,,,,,,,,,,,,,,,,
