ID_ESTADO,NOMBRE_ESTADO,ID_DISTRITO,CABECERA_DISTRITAL,ID_MUNICIPIO,MUNICIPIO,SECCION,TIPO_DE_CASILLA,PAN,PRI,PRD,PVEM,PT,MC,NVA_ALIANZA,MORENA,PH,ES,NUM_VOTOS_CAN_NREG,NUM_VOTOS_VALIDOS,NUM_VOTOS_NULOS,TOTAL_VOTOS,LISTA_NOMINAL
11,GUANAJUATO,13,SALAMANCA,1,ABASOLO,1,B,109,60,6,49,9,0,11,2,5,20,0,271,8,279,502
11,GUANAJUATO,13,SALAMANCA,1,ABASOLO,1,C01,119,78,5,43,6,0,9,1,2,15,0,278,5,283,502
11,GUANAJUATO,13,SALAMANCA,1,ABASOLO,1,C02,95,78,4,46,7,0,5,2,5,21,0,263,8,271,501
11,GUANAJUATO,13,SALAMANCA,1,ABASOLO,2,B,179,66,1,89,6,1,5,1,4,36,0,388,10,398,645
11,GUANAJUATO,13,SALAMANCA,1,ABASOLO,2,C01,163,73,2,85,6,2,5,1,5,24,0,366,7,373,645
11,GUANAJUATO,13,SALAMANCA,1,ABASOLO,2,C02,146,94,0,88,4,0,5,3,4,28,0,372,0,372,645
11,GUANAJUATO,13,SALAMANCA,1,ABASOLO,3,B,167,108,11,75,3,2,8,5,3,34,0,416,9,425,741
11,GUANAJUATO,13,SALAMANCA,1,ABASOLO,3,C01,182,95,6,75,6,2,6,4,3,34,0,413,14,427,741
11,GUANAJUATO,13,SALAMANCA,1,ABASOLO,4,B,122,92,1,47,5,0,4,2,4,29,1,307,5,312,512
11,GUANAJUATO,13,SALAMANCA,1,ABASOLO,4,C01,142,81,1,42,5,1,5,3,4,32,0,316,0,316,512
11,GUANAJUATO,13,SALAMANCA,1,ABASOLO,5,B,110,89,0,40,13,1,14,4,4,23,1,299,13,312,535
11,GUANAJUATO,13,SALAMANCA,1,ABASOLO,5,C01,108,112,2,37,7,3,6,4,5,36,0,320,9,329,535
11,GUANAJUATO,13,SALAMANCA,1,ABASOLO,6,B,134,77,1,60,12,6,5,3,5,33,0,336,11,347,645
11,GUANAJUATO,13,SALAMANCA,1,ABASOLO,6,C01,97,90,5,85,8,2,12,2,5,29,0,335,7,342,645
11,GUANAJUATO,13,SALAMANCA,1,ABASOLO,6,C02,87,88,2,79,7,2,8,4,6,31,0,314,15,329,645
11,GUANAJUATO,13,SALAMANCA,1,ABASOLO,6,C03,133,106,4,59,6,0,5,4,6,31,0,354,5,359,645
11,GUANAJUATO,13,SALAMANCA,1,ABASOLO,7,B,149,87,1,68,13,1,3,2,4,53,0,381,7,388,669
11,GUANAJUATO,13,SALAMANCA,1,ABASOLO,7,C01,133,101,5,58,8,2,6,4,8,53,0,378,9,387,669
11,GUANAJUATO,13,SALAMANCA,1,ABASOLO,8,B,160,115,4,80,4,0,2,0,8,43,0,416,9,425,698
11,GUANAJUATO,13,SALAMANCA,1,ABASOLO,8,C01,165,116,3,67,7,0,3,6,10,29,0,406,8,414,697
11,GUANAJUATO,13,SALAMANCA,1,ABASOLO,9,B,220,105,5,61,5,1,4,1,3,32,0,437,4,441,727
11,GUANAJUATO,13,SALAMANCA,1,ABASOLO,9,C01,173,113,17,54,6,0,3,2,1,26,0,395,5,400,726
11,GUANAJUATO,13,SALAMANCA,1,ABASOLO,9,C02,168,102,5,60,6,0,6,1,5,36,0,389,4,393,726
11,GUANAJUATO,13,SALAMANCA,1,ABASOLO,10,B,152,78,2,64,5,2,8,3,16,24,0,354,9,363,595
11,GUANAJUATO,13,SALAMANCA,1,ABASOLO,10,C01,110,94,3,70,4,1,5,5,6,49,0,347,4,351,595
11,GUANAJUATO,13,SALAMANCA,1,ABASOLO,10,C02,121,97,2,71,3,1,5,9,9,32,0,350,8,358,595
11,GUANAJUATO,13,SALAMANCA,1,ABASOLO,11,B,178,60,0,68,9,6,7,10,2,35,0,375,1,376,620
11,GUANAJUATO,13,SALAMANCA,1,ABASOLO,11,C01,143,44,1,86,22,0,6,3,3,45,0,353,4,357,619
11,GUANAJUATO,13,SALAMANCA,1,ABASOLO,11,C02,134,59,2,64,13,1,11,3,8,57,0,352,4,356,619
11,GUANAJUATO,13,SALAMANCA,1,ABASOLO,11,C03,148,53,1,75,13,0,4,3,4,48,0,349,9,358,619
11,GUANAJUATO,13,SALAMANCA,1,ABASOLO,11,C04,153,77,1,54,14,2,5,4,2,53,0,365,7,372,619
11,GUANAJUATO,13,SALAMANCA,1,ABASOLO,12,B,51,93,5,131,5,1,3,1,1,0,0,291,9,300,643
11,GUANAJUATO,13,SALAMANCA,1,ABASOLO,12,C01,51,112,3,93,2,1,9,5,9,1,0,286,9,295,643
11,GUANAJUATO,13,SALAMANCA,1,ABASOLO,13,B,118,106,9,93,10,1,5,4,2,2,0,350,10,360,711
11,GUANAJUATO,13,SALAMANCA,1,ABASOLO,14,B,42,22,4,89,0,0,1,1,0,0,0,159,0,159,372
11,GUANAJUATO,13,SALAMANCA,1,ABASOLO,15,B,112,39,5,45,3,1,11,6,1,0,0,223,11,234,731
11,GUANAJUATO,13,SALAMANCA,1,ABASOLO,16,B,112,63,9,48,5,0,3,12,0,0,0,252,0,252,580
11,GUANAJUATO,13,SALAMANCA,1,ABASOLO,16,C01,93,102,1,31,10,0,2,0,0,1,0,240,5,245,580
11,GUANAJUATO,13,SALAMANCA,1,ABASOLO,16,C02,91,70,9,37,27,0,3,0,0,1,0,238,7,245,579
11,GUANAJUATO,13,SALAMANCA,1,ABASOLO,17,B,122,104,35,21,0,0,5,10,0,2,0,299,9,308,671
11,GUANAJUATO,13,SALAMANCA,1,ABASOLO,17,C01,97,110,22,33,2,3,4,14,2,2,0,289,10,299,671
11,GUANAJUATO,13,SALAMANCA,1,ABASOLO,18,B,71,50,6,76,5,2,3,8,3,2,0,226,5,231,421
11,GUANAJUATO,13,SALAMANCA,1,ABASOLO,18,C01,59,35,5,75,0,2,1,2,2,1,0,182,4,186,420
11,GUANAJUATO,13,SALAMANCA,1,ABASOLO,19,B,50,47,19,50,1,0,3,7,1,6,0,184,4,188,553
11,GUANAJUATO,13,SALAMANCA,1,ABASOLO,19,C01,39,42,37,31,3,1,4,13,2,2,0,174,5,179,553
11,GUANAJUATO,13,SALAMANCA,1,ABASOLO,20,B,143,60,1,43,1,0,4,4,0,0,0,256,0,256,630
11,GUANAJUATO,13,SALAMANCA,1,ABASOLO,20,C01,117,65,3,53,3,1,5,5,0,0,0,252,8,260,630
11,GUANAJUATO,13,SALAMANCA,1,ABASOLO,20,C02,172,61,3,27,2,2,2,4,0,0,0,273,12,285,630
11,GUANAJUATO,13,SALAMANCA,1,ABASOLO,21,B,64,119,6,23,7,0,4,6,2,1,0,232,7,239,573
11,GUANAJUATO,13,SALAMANCA,1,ABASOLO,21,C01,77,115,4,34,10,3,2,2,1,2,1,251,2,253,573
11,GUANAJUATO,13,SALAMANCA,1,ABASOLO,21,C02,47,193,1,14,2,1,2,4,0,0,0,264,7,271,572
11,GUANAJUATO,13,SALAMANCA,1,ABASOLO,22,B,82,97,17,96,4,0,3,1,0,10,0,310,10,320,703
11,GUANAJUATO,13,SALAMANCA,1,ABASOLO,22,C01,74,98,7,116,3,1,2,0,1,2,0,304,9,313,703
11,GUANAJUATO,13,SALAMANCA,1,ABASOLO,22,C02,71,86,8,118,2,0,3,3,1,1,0,293,12,305,703
11,GUANAJUATO,13,SALAMANCA,1,ABASOLO,23,B,128,34,2,76,1,1,3,3,2,4,0,254,4,258,468
11,GUANAJUATO,13,SALAMANCA,1,ABASOLO,24,B,98,153,3,57,4,0,6,10,3,6,0,340,11,351,587
11,GUANAJUATO,13,SALAMANCA,1,ABASOLO,24,C01,92,137,1,61,1,1,5,30,2,6,0,336,7,343,587
11,GUANAJUATO,13,SALAMANCA,1,ABASOLO,24,C02,101,129,5,66,0,2,5,12,5,4,0,329,14,343,586
11,GUANAJUATO,13,SALAMANCA,1,ABASOLO,25,B,118,77,1,71,3,0,6,3,1,3,0,283,2,285,475
11,GUANAJUATO,13,SALAMANCA,1,ABASOLO,25,C01,95,68,3,71,1,1,8,3,3,2,0,255,1,256,474
11,GUANAJUATO,13,SALAMANCA,1,ABASOLO,26,B,41,46,2,220,2,0,1,0,0,4,0,316,2,318,508
11,GUANAJUATO,13,SALAMANCA,1,ABASOLO,26,C01,51,25,8,230,2,1,3,0,1,2,0,323,8,331,508
11,GUANAJUATO,13,SALAMANCA,1,ABASOLO,26,C02,51,59,1,237,0,1,2,0,0,2,0,353,2,355,508
11,GUANAJUATO,13,SALAMANCA,1,ABASOLO,27,B,112,71,1,114,47,0,7,9,0,9,0,370,6,376,717
11,GUANAJUATO,13,SALAMANCA,1,ABASOLO,27,C01,134,90,5,97,25,4,4,4,1,10,0,374,7,381,716
11,GUANAJUATO,13,SALAMANCA,1,ABASOLO,28,B,83,20,0,114,2,0,5,0,0,4,0,228,1,229,362
11,GUANAJUATO,13,SALAMANCA,1,ABASOLO,29,B,62,79,1,82,6,4,5,2,2,14,0,257,6,263,494
11,GUANAJUATO,13,SALAMANCA,1,ABASOLO,29,C01,65,78,1,86,7,1,6,0,0,9,0,253,10,263,494
11,GUANAJUATO,13,SALAMANCA,1,ABASOLO,30,B,63,45,3,57,2,0,6,0,3,0,0,179,9,188,376
11,GUANAJUATO,13,SALAMANCA,1,ABASOLO,30,C01,69,37,2,62,0,1,2,1,1,0,0,175,4,179,375
11,GUANAJUATO,13,SALAMANCA,1,ABASOLO,31,B,129,22,0,110,1,1,5,3,2,1,0,274,6,280,528
11,GUANAJUATO,13,SALAMANCA,1,ABASOLO,31,C01,140,33,0,96,5,0,5,0,2,3,0,284,5,289,527
11,GUANAJUATO,13,SALAMANCA,1,ABASOLO,31,C02,118,42,0,103,8,1,4,0,3,1,0,280,5,285,527
11,GUANAJUATO,13,SALAMANCA,1,ABASOLO,32,B,145,110,1,126,4,1,5,3,2,2,0,399,6,405,604
11,GUANAJUATO,13,SALAMANCA,1,ABASOLO,32,C01,120,91,1,125,3,0,4,0,1,3,0,348,11,359,603
11,GUANAJUATO,13,SALAMANCA,1,ABASOLO,33,B,210,85,17,118,12,1,4,2,2,16,0,467,6,473,738
11,GUANAJUATO,13,SALAMANCA,1,ABASOLO,34,B,87,44,4,60,0,6,2,1,1,3,0,208,10,218,561
11,GUANAJUATO,13,SALAMANCA,1,ABASOLO,34,C01,84,47,8,77,2,2,4,2,5,7,0,238,7,245,561
11,GUANAJUATO,13,SALAMANCA,1,ABASOLO,34,C02,97,53,2,64,0,1,5,0,0,4,0,226,11,237,560
11,GUANAJUATO,13,SALAMANCA,1,ABASOLO,35,B,66,79,0,79,5,2,5,1,1,7,0,245,5,250,483
11,GUANAJUATO,13,SALAMANCA,1,ABASOLO,35,C01,57,86,2,62,4,2,3,0,0,13,0,229,2,231,482
11,GUANAJUATO,13,SALAMANCA,1,ABASOLO,36,B,66,107,2,41,6,2,2,2,5,11,0,244,8,252,428
11,GUANAJUATO,13,SALAMANCA,1,ABASOLO,36,C01,55,89,1,46,2,3,3,1,3,6,0,209,6,215,427
11,GUANAJUATO,13,SALAMANCA,1,ABASOLO,37,B,85,47,3,123,0,1,5,5,1,0,0,270,9,279,567
11,GUANAJUATO,13,SALAMANCA,1,ABASOLO,37,C01,91,44,4,125,1,1,6,3,3,4,0,282,7,289,567
11,GUANAJUATO,13,SALAMANCA,1,ABASOLO,38,B,164,70,10,88,12,25,3,1,6,33,0,412,14,426,743
11,GUANAJUATO,13,SALAMANCA,1,ABASOLO,38,C01,207,84,11,56,14,9,2,2,3,33,0,421,18,439,743
11,GUANAJUATO,13,SALAMANCA,1,ABASOLO,38,C02,191,80,12,91,6,10,5,5,10,17,0,427,8,435,742
11,GUANAJUATO,13,SALAMANCA,1,ABASOLO,39,B,109,48,7,95,9,2,6,6,5,17,0,304,6,310,516
11,GUANAJUATO,13,SALAMANCA,1,ABASOLO,39,C01,117,50,2,88,7,1,3,4,3,14,0,289,4,293,515
11,GUANAJUATO,13,SALAMANCA,1,ABASOLO,39,C02,116,50,6,85,4,1,5,2,5,13,0,287,5,292,515
11,GUANAJUATO,13,SALAMANCA,1,ABASOLO,40,B,186,132,10,57,2,1,3,4,7,2,0,404,10,414,698
11,GUANAJUATO,13,SALAMANCA,1,ABASOLO,40,C01,174,119,6,89,4,1,2,0,2,0,0,397,12,409,698
11,GUANAJUATO,13,SALAMANCA,1,ABASOLO,41,B,188,69,2,66,0,0,2,1,2,7,0,337,9,346,651
11,GUANAJUATO,13,SALAMANCA,1,ABASOLO,41,C01,176,63,1,86,0,1,1,1,1,4,0,334,6,340,651
11,GUANAJUATO,13,SALAMANCA,1,ABASOLO,42,B,99,59,2,63,0,1,1,1,1,0,0,227,4,231,631
11,GUANAJUATO,13,SALAMANCA,1,ABASOLO,42,C01,82,43,4,54,2,0,0,2,0,0,0,187,10,197,631
11,GUANAJUATO,13,SALAMANCA,1,ABASOLO,43,B,71,79,2,60,6,4,5,1,4,13,0,245,9,254,406
11,GUANAJUATO,13,SALAMANCA,1,ABASOLO,44,B,80,52,0,47,3,0,5,7,3,5,0,202,5,207,404
11,GUANAJUATO,13,SALAMANCA,1,ABASOLO,44,C01,47,55,3,39,3,2,4,4,1,7,0,165,5,170,404
11,GUANAJUATO,13,SALAMANCA,1,ABASOLO,45,B,79,28,2,58,3,1,0,1,0,2,0,174,2,176,407
11,GUANAJUATO,13,SALAMANCA,1,ABASOLO,46,B,78,30,4,65,3,0,6,0,0,10,0,196,4,200,425
11,GUANAJUATO,13,SALAMANCA,1,ABASOLO,46,C01,90,16,3,39,0,1,6,2,1,16,0,174,7,181,424
11,GUANAJUATO,13,SALAMANCA,1,ABASOLO,47,B,137,38,5,94,3,3,3,6,4,13,0,306,9,315,690
11,GUANAJUATO,13,SALAMANCA,1,ABASOLO,47,C01,161,19,3,62,7,0,3,5,1,7,0,268,8,276,690
11,GUANAJUATO,13,SALAMANCA,1,ABASOLO,48,B,85,42,1,65,2,1,7,1,8,17,0,229,7,236,513
11,GUANAJUATO,13,SALAMANCA,1,ABASOLO,48,C01,88,16,5,61,0,0,4,0,1,9,0,184,4,188,512
11,GUANAJUATO,13,SALAMANCA,1,ABASOLO,49,B,100,47,12,59,1,2,5,3,7,20,0,256,14,270,597
11,GUANAJUATO,13,SALAMANCA,1,ABASOLO,50,B,113,68,15,24,2,0,2,16,0,1,0,241,1,242,555
11,GUANAJUATO,13,SALAMANCA,1,ABASOLO,50,C01,101,69,18,26,1,0,1,25,1,0,0,242,4,246,554
11,GUANAJUATO,13,SALAMANCA,1,ABASOLO,50,C02,114,38,21,37,3,1,2,12,1,0,0,229,4,233,554
11,GUANAJUATO,22,ACAMBARO,2,ACAMBARO,51,B,72,4,134,23,6,0,21,8,0,0,1,269,10,279,605
11,GUANAJUATO,22,ACAMBARO,2,ACAMBARO,51,C01,65,8,113,19,1,0,25,8,0,0,0,239,12,251,605
11,GUANAJUATO,22,ACAMBARO,2,ACAMBARO,51,C02,71,9,130,27,5,0,29,7,0,0,0,278,19,297,605
11,GUANAJUATO,22,ACAMBARO,2,ACAMBARO,51,C03,80,3,103,33,6,0,19,8,0,0,0,252,0,252,604
11,GUANAJUATO,22,ACAMBARO,2,ACAMBARO,51,C04,73,9,130,19,17,0,23,4,0,0,0,275,2,277,604
11,GUANAJUATO,22,ACAMBARO,2,ACAMBARO,52,B,144,9,146,22,13,0,22,8,0,0,1,365,22,387,750
11,GUANAJUATO,22,ACAMBARO,2,ACAMBARO,53,B,87,12,110,22,7,0,6,4,0,0,0,248,13,261,428
11,GUANAJUATO,22,ACAMBARO,2,ACAMBARO,53,C01,85,14,96,34,2,0,10,1,0,0,1,243,6,249,428
11,GUANAJUATO,22,ACAMBARO,2,ACAMBARO,54,B,94,11,90,15,3,0,10,6,0,0,0,229,4,233,412
11,GUANAJUATO,22,ACAMBARO,2,ACAMBARO,54,C01,89,4,77,23,6,0,14,4,0,0,0,217,10,227,411
11,GUANAJUATO,22,ACAMBARO,2,ACAMBARO,55,B,102,8,126,40,0,0,25,10,0,0,0,311,12,323,626
11,GUANAJUATO,22,ACAMBARO,2,ACAMBARO,56,B,94,16,109,49,6,0,20,5,0,0,0,299,9,308,672
11,GUANAJUATO,22,ACAMBARO,2,ACAMBARO,56,C01,83,11,116,4,0,0,4,0,0,0,1,219,18,237,671
11,GUANAJUATO,22,ACAMBARO,2,ACAMBARO,57,B,57,10,68,30,6,0,13,2,0,0,0,186,10,196,504
11,GUANAJUATO,22,ACAMBARO,2,ACAMBARO,57,C01,59,6,68,38,1,0,21,2,0,0,0,195,7,202,504
11,GUANAJUATO,22,ACAMBARO,2,ACAMBARO,58,B,89,14,136,34,5,0,16,0,0,0,0,294,0,294,696
11,GUANAJUATO,22,ACAMBARO,2,ACAMBARO,58,C01,66,7,109,53,1,0,20,5,0,0,0,261,2,263,696
11,GUANAJUATO,22,ACAMBARO,2,ACAMBARO,59,B,106,9,89,30,4,0,13,1,0,0,0,252,5,257,508
11,GUANAJUATO,22,ACAMBARO,2,ACAMBARO,59,C01,77,3,107,33,3,0,14,3,0,0,0,240,5,245,508
11,GUANAJUATO,22,ACAMBARO,2,ACAMBARO,60,B,75,7,85,24,4,0,13,4,0,0,0,212,12,224,423
11,GUANAJUATO,22,ACAMBARO,2,ACAMBARO,60,C01,75,9,103,17,4,0,18,4,0,0,1,231,0,231,423
11,GUANAJUATO,22,ACAMBARO,2,ACAMBARO,61,B,100,5,101,30,8,0,14,5,0,0,0,263,10,273,466
11,GUANAJUATO,22,ACAMBARO,2,ACAMBARO,61,C01,106,5,102,25,7,0,19,6,0,0,0,270,15,285,465
11,GUANAJUATO,22,ACAMBARO,2,ACAMBARO,62,B,100,13,93,17,2,0,15,8,0,0,0,248,14,262,450
11,GUANAJUATO,22,ACAMBARO,2,ACAMBARO,62,C01,82,6,101,22,3,0,16,3,0,0,1,234,9,243,450
11,GUANAJUATO,22,ACAMBARO,2,ACAMBARO,63,B,97,15,160,34,6,0,14,3,0,0,0,329,12,341,643
11,GUANAJUATO,22,ACAMBARO,2,ACAMBARO,64,B,55,11,101,18,5,0,11,4,0,0,0,205,6,211,416
11,GUANAJUATO,22,ACAMBARO,2,ACAMBARO,64,C01,40,10,76,24,4,0,11,5,0,0,0,170,7,177,415
11,GUANAJUATO,22,ACAMBARO,2,ACAMBARO,65,B,54,15,108,39,0,0,17,5,0,0,0,238,8,246,539
11,GUANAJUATO,22,ACAMBARO,2,ACAMBARO,65,C01,59,10,108,22,4,0,15,4,0,0,0,222,11,233,539
11,GUANAJUATO,22,ACAMBARO,2,ACAMBARO,66,B,119,17,167,40,4,0,27,9,0,0,1,384,27,411,745
11,GUANAJUATO,22,ACAMBARO,2,ACAMBARO,67,B,87,15,103,25,1,0,18,3,0,0,0,252,5,257,606
11,GUANAJUATO,22,ACAMBARO,2,ACAMBARO,67,C01,84,9,116,23,0,0,17,3,0,0,0,252,7,259,605
11,GUANAJUATO,22,ACAMBARO,2,ACAMBARO,67,C02,102,10,101,26,3,0,9,6,0,0,0,257,10,267,605
11,GUANAJUATO,22,ACAMBARO,2,ACAMBARO,67,C03,88,7,113,37,5,0,11,6,0,0,0,267,13,280,605
11,GUANAJUATO,22,ACAMBARO,2,ACAMBARO,68,B,66,8,111,27,3,0,11,8,0,0,0,234,10,244,400
11,GUANAJUATO,22,ACAMBARO,2,ACAMBARO,68,C01,79,6,97,18,3,0,13,7,0,0,2,225,10,235,400
11,GUANAJUATO,22,ACAMBARO,2,ACAMBARO,69,B,94,10,150,27,1,0,14,5,0,0,0,301,18,319,614
11,GUANAJUATO,22,ACAMBARO,2,ACAMBARO,70,B,72,7,74,34,7,0,13,6,0,0,0,213,7,220,525
11,GUANAJUATO,22,ACAMBARO,2,ACAMBARO,70,C01,71,8,82,35,8,0,15,11,0,0,2,232,7,239,524
11,GUANAJUATO,22,ACAMBARO,2,ACAMBARO,71,B,83,10,80,38,1,0,19,4,0,0,0,235,10,245,607
11,GUANAJUATO,22,ACAMBARO,2,ACAMBARO,71,C01,71,8,119,38,4,0,14,6,0,0,0,260,13,273,607
11,GUANAJUATO,22,ACAMBARO,2,ACAMBARO,72,B,63,5,109,18,3,0,18,12,0,0,0,228,12,240,529
11,GUANAJUATO,22,ACAMBARO,2,ACAMBARO,72,C01,78,10,80,25,1,0,22,11,0,0,0,227,14,241,529
11,GUANAJUATO,22,ACAMBARO,2,ACAMBARO,73,B,87,7,108,14,2,0,13,6,0,0,0,237,17,254,439
11,GUANAJUATO,22,ACAMBARO,2,ACAMBARO,73,C01,79,13,109,18,4,0,15,3,0,0,0,241,8,249,438
11,GUANAJUATO,22,ACAMBARO,2,ACAMBARO,74,B,91,16,110,25,1,0,32,3,0,0,0,278,11,289,582
11,GUANAJUATO,22,ACAMBARO,2,ACAMBARO,74,C01,84,10,106,30,6,0,18,11,0,0,1,266,12,278,582
11,GUANAJUATO,22,ACAMBARO,2,ACAMBARO,74,C02,87,10,122,33,0,0,19,4,0,0,0,275,12,287,581
11,GUANAJUATO,22,ACAMBARO,2,ACAMBARO,75,B,87,10,157,23,7,0,25,6,0,0,1,316,17,333,728
11,GUANAJUATO,22,ACAMBARO,2,ACAMBARO,76,B,47,10,99,19,2,0,12,5,0,0,0,194,11,205,422
11,GUANAJUATO,22,ACAMBARO,2,ACAMBARO,76,C01,53,9,110,13,2,0,12,4,0,0,0,203,8,211,421
11,GUANAJUATO,22,ACAMBARO,2,ACAMBARO,77,B,59,9,122,47,4,0,31,8,0,0,0,280,16,296,636
11,GUANAJUATO,22,ACAMBARO,2,ACAMBARO,77,C01,70,11,125,29,4,0,39,9,0,0,0,287,13,300,636
11,GUANAJUATO,22,ACAMBARO,2,ACAMBARO,78,B,77,15,128,21,1,0,26,5,0,0,0,273,11,284,702
11,GUANAJUATO,22,ACAMBARO,2,ACAMBARO,78,C01,81,8,134,23,2,0,42,8,0,0,0,298,14,312,701
11,GUANAJUATO,22,ACAMBARO,2,ACAMBARO,79,B,114,11,127,25,5,0,15,3,0,0,0,300,12,312,735
11,GUANAJUATO,22,ACAMBARO,2,ACAMBARO,79,C01,95,8,126,23,11,0,17,6,0,0,0,286,11,297,734
11,GUANAJUATO,22,ACAMBARO,2,ACAMBARO,80,B,71,12,96,17,4,0,14,7,0,0,0,221,9,230,601
11,GUANAJUATO,22,ACAMBARO,2,ACAMBARO,80,C01,73,13,106,20,7,0,22,4,0,0,0,245,7,252,601
11,GUANAJUATO,22,ACAMBARO,2,ACAMBARO,81,B,133,10,143,40,4,0,34,12,0,0,1,377,7,384,748
11,GUANAJUATO,22,ACAMBARO,2,ACAMBARO,81,C01,117,16,138,33,6,0,28,15,0,0,0,353,13,366,748
11,GUANAJUATO,22,ACAMBARO,2,ACAMBARO,81,C02,96,12,145,40,5,0,24,14,0,0,1,337,12,349,748
11,GUANAJUATO,22,ACAMBARO,2,ACAMBARO,81,C03,105,17,177,34,4,0,19,5,0,0,0,361,19,380,747
11,GUANAJUATO,22,ACAMBARO,2,ACAMBARO,81,S01,28,10,34,11,2,0,9,1,0,0,0,95,3,98,0
11,GUANAJUATO,22,ACAMBARO,2,ACAMBARO,82,B,69,5,96,23,4,0,13,5,0,0,0,215,0,215,547
11,GUANAJUATO,22,ACAMBARO,2,ACAMBARO,82,C01,68,5,107,23,6,0,14,2,0,0,0,225,9,234,546
11,GUANAJUATO,22,ACAMBARO,2,ACAMBARO,83,B,96,7,119,28,12,0,12,3,0,0,0,277,12,289,732
11,GUANAJUATO,22,ACAMBARO,2,ACAMBARO,83,C01,65,7,102,31,11,0,18,4,0,0,0,238,0,238,732
11,GUANAJUATO,22,ACAMBARO,2,ACAMBARO,84,B,93,12,132,25,9,0,7,4,0,0,0,282,0,282,705
11,GUANAJUATO,22,ACAMBARO,2,ACAMBARO,84,C01,77,15,125,33,17,0,10,1,0,0,1,279,11,290,705
11,GUANAJUATO,22,ACAMBARO,2,ACAMBARO,85,B,88,12,120,27,7,0,14,3,0,0,1,272,11,283,684
11,GUANAJUATO,22,ACAMBARO,2,ACAMBARO,85,C01,74,9,138,25,10,0,11,2,0,0,0,269,6,275,684
11,GUANAJUATO,22,ACAMBARO,2,ACAMBARO,86,B,86,13,140,19,5,0,9,3,0,0,0,275,12,287,747
11,GUANAJUATO,22,ACAMBARO,2,ACAMBARO,86,C01,88,14,117,28,13,0,5,3,0,0,0,268,0,268,747
11,GUANAJUATO,22,ACAMBARO,2,ACAMBARO,86,C02,83,23,118,19,12,0,12,2,0,0,0,269,8,277,747
11,GUANAJUATO,22,ACAMBARO,2,ACAMBARO,86,C03,93,16,119,21,15,0,16,3,0,0,0,283,14,297,747
11,GUANAJUATO,22,ACAMBARO,2,ACAMBARO,86,C04,81,18,138,16,5,0,6,5,0,0,0,269,20,289,746
11,GUANAJUATO,22,ACAMBARO,2,ACAMBARO,87,B,42,20,29,2,0,0,12,0,0,0,0,105,0,105,305
11,GUANAJUATO,22,ACAMBARO,2,ACAMBARO,88,B,11,7,67,3,3,0,1,0,0,0,0,92,7,99,216
11,GUANAJUATO,22,ACAMBARO,2,ACAMBARO,89,B,55,9,68,14,0,0,3,1,0,0,0,150,8,158,379
11,GUANAJUATO,22,ACAMBARO,2,ACAMBARO,89,C01,39,6,88,9,0,0,1,2,0,0,0,145,3,148,379
11,GUANAJUATO,22,ACAMBARO,2,ACAMBARO,90,B,32,13,72,8,1,0,6,1,0,0,0,133,8,141,396
11,GUANAJUATO,22,ACAMBARO,2,ACAMBARO,91,B,55,13,76,6,1,0,7,1,0,0,0,159,8,167,472
11,GUANAJUATO,22,ACAMBARO,2,ACAMBARO,91,C01,46,12,90,9,1,0,10,1,0,0,0,169,7,176,472
11,GUANAJUATO,22,ACAMBARO,2,ACAMBARO,92,B,19,12,56,7,3,0,1,0,0,0,0,98,5,103,266
11,GUANAJUATO,22,ACAMBARO,2,ACAMBARO,92,E01,42,4,29,6,0,0,1,0,0,0,0,82,0,82,275
11,GUANAJUATO,22,ACAMBARO,2,ACAMBARO,93,B,59,7,69,3,1,0,12,2,0,0,0,153,4,157,451
11,GUANAJUATO,22,ACAMBARO,2,ACAMBARO,93,C01,57,7,67,2,0,0,12,1,0,0,0,146,4,150,450
11,GUANAJUATO,22,ACAMBARO,2,ACAMBARO,94,B,81,7,53,4,2,0,7,2,0,0,0,156,3,159,411
11,GUANAJUATO,22,ACAMBARO,2,ACAMBARO,94,C01,81,14,54,13,1,0,7,0,0,0,0,170,2,172,410
11,GUANAJUATO,22,ACAMBARO,2,ACAMBARO,95,B,76,7,53,7,1,0,3,0,0,0,0,147,4,151,404
11,GUANAJUATO,22,ACAMBARO,2,ACAMBARO,95,C01,57,9,50,10,2,0,3,1,0,0,0,132,5,137,403
11,GUANAJUATO,22,ACAMBARO,2,ACAMBARO,96,B,75,2,85,3,0,0,11,2,0,0,0,178,2,180,455
11,GUANAJUATO,22,ACAMBARO,2,ACAMBARO,96,C01,80,6,83,5,4,0,5,1,0,0,0,184,0,184,454
11,GUANAJUATO,22,ACAMBARO,2,ACAMBARO,97,B,70,5,64,11,1,0,16,0,0,0,0,167,3,170,477
11,GUANAJUATO,22,ACAMBARO,2,ACAMBARO,97,C01,76,13,67,16,3,0,13,0,0,0,0,188,5,193,477
11,GUANAJUATO,22,ACAMBARO,2,ACAMBARO,98,B,28,15,84,8,8,0,1,4,0,0,0,148,7,155,485
11,GUANAJUATO,22,ACAMBARO,2,ACAMBARO,99,B,50,16,34,19,5,0,2,7,0,0,0,133,4,137,529
11,GUANAJUATO,22,ACAMBARO,2,ACAMBARO,99,C01,42,11,53,10,4,0,5,6,0,0,0,131,4,135,528
11,GUANAJUATO,22,ACAMBARO,2,ACAMBARO,100,B,40,12,60,12,5,0,2,4,0,0,0,135,6,141,517
11,GUANAJUATO,22,ACAMBARO,2,ACAMBARO,100,C01,29,11,77,10,3,0,6,1,0,0,0,137,12,149,517
11,GUANAJUATO,22,ACAMBARO,2,ACAMBARO,101,B,100,12,50,5,2,0,5,1,0,0,0,175,9,184,538
11,GUANAJUATO,22,ACAMBARO,2,ACAMBARO,101,C01,66,18,66,5,4,0,7,3,0,0,0,169,13,182,538
11,GUANAJUATO,22,ACAMBARO,2,ACAMBARO,102,B,72,6,75,20,4,0,4,6,0,0,2,189,8,197,547
11,GUANAJUATO,22,ACAMBARO,2,ACAMBARO,102,C01,91,15,74,18,4,0,6,3,0,0,0,211,7,218,547
11,GUANAJUATO,22,ACAMBARO,2,ACAMBARO,103,B,34,12,92,25,3,0,3,0,0,0,0,169,8,177,471
11,GUANAJUATO,22,ACAMBARO,2,ACAMBARO,103,C01,33,5,106,17,2,0,6,4,0,0,0,173,7,180,471
11,GUANAJUATO,22,ACAMBARO,2,ACAMBARO,104,B,57,5,133,14,1,0,4,4,0,0,0,218,7,225,467
11,GUANAJUATO,22,ACAMBARO,2,ACAMBARO,104,C01,54,11,139,11,3,0,8,5,0,0,0,231,14,245,466
11,GUANAJUATO,22,ACAMBARO,2,ACAMBARO,105,B,107,12,48,19,3,0,11,2,0,0,0,202,7,209,468
11,GUANAJUATO,22,ACAMBARO,2,ACAMBARO,106,B,53,6,55,82,1,0,1,2,0,0,0,200,4,204,437
11,GUANAJUATO,22,ACAMBARO,2,ACAMBARO,106,C01,51,3,54,76,2,0,4,0,0,0,0,190,8,198,436
11,GUANAJUATO,22,ACAMBARO,2,ACAMBARO,107,B,112,15,110,21,12,0,12,1,0,0,0,283,17,300,726
11,GUANAJUATO,22,ACAMBARO,2,ACAMBARO,108,B,42,5,58,9,2,0,6,4,0,0,0,126,6,132,441
11,GUANAJUATO,22,ACAMBARO,2,ACAMBARO,108,C01,33,4,49,9,3,0,15,3,0,0,0,116,5,121,440
11,GUANAJUATO,22,ACAMBARO,2,ACAMBARO,109,B,48,4,98,11,6,0,15,10,0,0,1,193,8,201,680
11,GUANAJUATO,22,ACAMBARO,2,ACAMBARO,109,C01,65,9,92,18,1,0,15,9,0,0,0,209,13,222,679
11,GUANAJUATO,22,ACAMBARO,2,ACAMBARO,110,B,50,9,76,13,1,0,8,5,0,0,0,162,11,173,587
11,GUANAJUATO,22,ACAMBARO,2,ACAMBARO,111,B,102,5,76,14,4,0,1,7,0,0,0,209,4,213,400
11,GUANAJUATO,22,ACAMBARO,2,ACAMBARO,111,C01,105,6,63,8,8,0,2,2,0,0,0,194,0,194,400
11,GUANAJUATO,22,ACAMBARO,2,ACAMBARO,112,B,63,50,111,18,16,0,6,3,0,0,0,267,27,294,721
11,GUANAJUATO,22,ACAMBARO,2,ACAMBARO,113,B,119,16,128,26,3,0,10,2,0,0,0,304,12,316,730
11,GUANAJUATO,22,ACAMBARO,2,ACAMBARO,114,B,50,12,62,13,7,0,15,3,0,0,0,162,17,179,524
11,GUANAJUATO,22,ACAMBARO,2,ACAMBARO,114,C01,65,17,92,13,6,0,5,2,0,0,0,200,3,203,524
11,GUANAJUATO,22,ACAMBARO,2,ACAMBARO,114,C02,68,17,70,17,18,0,6,2,0,0,0,198,11,209,524
11,GUANAJUATO,22,ACAMBARO,2,ACAMBARO,115,B,51,3,134,11,5,0,6,1,0,0,0,211,16,227,506
11,GUANAJUATO,22,ACAMBARO,2,ACAMBARO,115,C01,81,5,103,17,3,0,8,3,0,0,0,220,9,229,506
11,GUANAJUATO,22,ACAMBARO,2,ACAMBARO,115,C02,56,3,117,8,2,0,7,0,0,0,0,193,4,197,505
11,GUANAJUATO,22,ACAMBARO,2,ACAMBARO,116,B,51,8,174,9,1,0,7,1,0,0,0,251,8,259,505
11,GUANAJUATO,22,ACAMBARO,2,ACAMBARO,116,C01,47,13,104,5,2,0,11,4,0,0,0,186,12,198,505
11,GUANAJUATO,22,ACAMBARO,2,ACAMBARO,117,B,18,3,105,13,0,0,6,1,0,0,0,146,6,152,386
11,GUANAJUATO,22,ACAMBARO,2,ACAMBARO,117,C01,14,5,93,9,2,0,5,4,0,0,0,132,0,132,386
11,GUANAJUATO,22,ACAMBARO,2,ACAMBARO,118,B,53,5,95,14,0,0,12,4,0,0,0,183,8,191,638
11,GUANAJUATO,22,ACAMBARO,2,ACAMBARO,118,E01,41,27,131,19,2,0,10,0,0,0,0,230,14,244,444
11,GUANAJUATO,22,ACAMBARO,2,ACAMBARO,119,B,61,2,73,9,2,0,4,4,0,0,0,155,10,165,386
11,GUANAJUATO,22,ACAMBARO,2,ACAMBARO,119,C01,60,8,87,3,0,0,8,1,0,0,0,167,11,178,386
11,GUANAJUATO,22,ACAMBARO,2,ACAMBARO,120,B,54,11,202,8,2,0,8,0,0,0,0,285,11,296,697
11,GUANAJUATO,22,ACAMBARO,2,ACAMBARO,121,B,57,12,205,14,4,0,4,2,0,0,0,298,7,305,683
11,GUANAJUATO,22,ACAMBARO,2,ACAMBARO,121,C01,62,11,184,17,3,0,11,3,0,0,0,291,18,309,682
11,GUANAJUATO,22,ACAMBARO,2,ACAMBARO,122,B,123,12,130,28,2,0,23,1,0,0,0,319,16,335,731
11,GUANAJUATO,22,ACAMBARO,2,ACAMBARO,123,B,81,22,171,21,1,0,20,3,0,0,0,319,10,329,718
11,GUANAJUATO,22,ACAMBARO,2,ACAMBARO,123,C01,78,18,132,32,5,0,14,5,0,0,0,284,17,301,718
11,GUANAJUATO,22,ACAMBARO,2,ACAMBARO,124,B,30,17,67,43,2,0,6,2,0,0,0,167,7,174,446
11,GUANAJUATO,22,ACAMBARO,2,ACAMBARO,125,B,35,13,84,16,3,0,4,3,0,0,0,158,9,167,526
11,GUANAJUATO,22,ACAMBARO,2,ACAMBARO,126,B,46,48,96,42,6,0,4,0,0,0,0,242,11,253,659
11,GUANAJUATO,22,ACAMBARO,2,ACAMBARO,126,E01,31,12,62,4,0,0,2,1,0,0,0,112,9,121,264
11,GUANAJUATO,22,ACAMBARO,2,ACAMBARO,127,B,51,9,80,10,2,0,13,0,0,0,0,165,13,178,418
11,GUANAJUATO,22,ACAMBARO,2,ACAMBARO,128,B,76,7,142,22,0,0,14,2,0,0,0,263,16,279,601
11,GUANAJUATO,22,ACAMBARO,2,ACAMBARO,128,C01,62,13,132,33,5,0,17,10,0,0,0,272,18,290,600
11,GUANAJUATO,22,ACAMBARO,2,ACAMBARO,129,B,45,6,89,4,0,0,0,0,0,0,0,144,8,152,290
11,GUANAJUATO,22,ACAMBARO,2,ACAMBARO,129,E01,35,10,50,20,1,0,6,0,0,0,0,122,8,130,322
11,GUANAJUATO,22,ACAMBARO,2,ACAMBARO,130,B,41,10,132,5,15,0,1,0,0,0,0,204,4,208,403
11,GUANAJUATO,22,ACAMBARO,2,ACAMBARO,130,E01,17,5,71,9,2,0,1,0,0,0,0,105,5,110,191
11,GUANAJUATO,22,ACAMBARO,2,ACAMBARO,131,B,37,40,67,12,2,0,6,1,0,0,0,165,6,171,417
11,GUANAJUATO,22,ACAMBARO,2,ACAMBARO,131,C01,43,24,75,23,1,0,4,0,0,0,0,170,7,177,417
11,GUANAJUATO,22,ACAMBARO,2,ACAMBARO,131,E01,57,22,76,14,2,0,7,3,0,0,0,181,1,182,434
11,GUANAJUATO,22,ACAMBARO,2,ACAMBARO,132,B,46,38,43,20,1,0,6,5,0,0,0,159,4,163,476
11,GUANAJUATO,22,ACAMBARO,2,ACAMBARO,132,C01,49,50,54,16,7,0,4,5,0,0,0,185,0,185,476
11,GUANAJUATO,22,ACAMBARO,2,ACAMBARO,133,B,51,79,47,23,6,0,9,3,0,0,0,218,17,235,632
11,GUANAJUATO,22,ACAMBARO,2,ACAMBARO,134,B,110,3,50,2,1,0,3,1,0,0,0,170,5,175,550
11,GUANAJUATO,22,ACAMBARO,2,ACAMBARO,135,B,86,11,72,11,6,0,13,5,0,0,0,204,14,218,704
11,GUANAJUATO,22,ACAMBARO,2,ACAMBARO,136,B,156,10,96,8,3,0,4,2,0,0,0,279,8,287,602
11,GUANAJUATO,22,ACAMBARO,2,ACAMBARO,136,C01,135,12,91,8,3,0,2,0,0,0,0,251,3,254,601
11,GUANAJUATO,22,ACAMBARO,2,ACAMBARO,136,C02,141,8,112,8,2,0,3,2,0,0,0,276,7,283,601
11,GUANAJUATO,22,ACAMBARO,2,ACAMBARO,137,B,103,17,91,5,0,0,3,3,0,0,0,222,8,230,528
11,GUANAJUATO,22,ACAMBARO,2,ACAMBARO,137,C01,96,16,87,8,1,0,2,0,0,0,1,211,5,216,528
11,GUANAJUATO,22,ACAMBARO,2,ACAMBARO,137,C02,97,16,89,5,2,0,3,1,0,0,0,213,2,215,527
11,GUANAJUATO,22,ACAMBARO,2,ACAMBARO,138,B,76,18,107,8,1,0,4,1,0,0,0,215,6,221,609
11,GUANAJUATO,22,ACAMBARO,2,ACAMBARO,138,C01,87,12,79,18,0,0,3,0,0,0,0,199,14,213,609
11,GUANAJUATO,22,ACAMBARO,2,ACAMBARO,138,C02,84,9,115,20,1,0,5,2,0,0,0,236,11,247,609
11,GUANAJUATO,22,ACAMBARO,2,ACAMBARO,139,B,118,23,114,17,4,0,4,0,0,0,3,283,9,292,676
11,GUANAJUATO,22,ACAMBARO,2,ACAMBARO,140,B,27,21,85,12,1,0,11,0,0,0,0,157,8,165,585
11,GUANAJUATO,22,ACAMBARO,2,ACAMBARO,140,C01,36,17,68,7,1,0,6,2,0,0,0,137,4,141,584
11,GUANAJUATO,9,SAN MIGUEL DE ALLENDE,3,SAN MIGUEL DE ALLENDE,141,B,171,55,3,8,7,11,3,0,58,13,0,337,13,350,734
11,GUANAJUATO,9,SAN MIGUEL DE ALLENDE,3,SAN MIGUEL DE ALLENDE,141,C01,152,64,1,7,9,6,3,0,57,19,0,323,8,331,733
11,GUANAJUATO,9,SAN MIGUEL DE ALLENDE,3,SAN MIGUEL DE ALLENDE,141,C02,162,57,2,6,3,10,5,0,49,16,1,315,10,325,733
11,GUANAJUATO,9,SAN MIGUEL DE ALLENDE,3,SAN MIGUEL DE ALLENDE,141,C03,145,76,2,8,4,6,5,0,46,20,1,314,5,319,733
11,GUANAJUATO,9,SAN MIGUEL DE ALLENDE,3,SAN MIGUEL DE ALLENDE,141,C04,181,53,2,7,4,8,4,0,53,12,0,327,16,343,733
11,GUANAJUATO,9,SAN MIGUEL DE ALLENDE,3,SAN MIGUEL DE ALLENDE,141,C05,179,58,2,7,5,6,6,0,50,20,1,337,14,351,733
11,GUANAJUATO,9,SAN MIGUEL DE ALLENDE,3,SAN MIGUEL DE ALLENDE,142,B,126,49,1,13,1,9,6,0,44,13,0,268,1,269,608
11,GUANAJUATO,9,SAN MIGUEL DE ALLENDE,3,SAN MIGUEL DE ALLENDE,142,C01,128,36,1,10,4,11,4,0,46,25,0,267,14,281,607
11,GUANAJUATO,9,SAN MIGUEL DE ALLENDE,3,SAN MIGUEL DE ALLENDE,143,B,172,90,3,8,3,14,4,0,92,37,1,432,13,445,734
11,GUANAJUATO,9,SAN MIGUEL DE ALLENDE,3,SAN MIGUEL DE ALLENDE,143,C01,231,70,2,10,2,15,6,0,87,26,2,455,20,475,734
11,GUANAJUATO,9,SAN MIGUEL DE ALLENDE,3,SAN MIGUEL DE ALLENDE,144,B,121,55,1,7,8,6,4,0,48,15,0,265,12,277,510
11,GUANAJUATO,9,SAN MIGUEL DE ALLENDE,3,SAN MIGUEL DE ALLENDE,144,C01,148,50,3,8,6,9,3,0,43,27,0,300,9,309,510
11,GUANAJUATO,9,SAN MIGUEL DE ALLENDE,3,SAN MIGUEL DE ALLENDE,145,B,164,53,1,10,1,5,3,0,48,11,0,300,9,309,715
11,GUANAJUATO,9,SAN MIGUEL DE ALLENDE,3,SAN MIGUEL DE ALLENDE,145,C01,145,69,2,13,0,4,3,0,33,12,0,285,15,300,715
11,GUANAJUATO,9,SAN MIGUEL DE ALLENDE,3,SAN MIGUEL DE ALLENDE,145,C02,158,54,3,10,6,4,2,0,41,14,0,298,10,308,714
11,GUANAJUATO,9,SAN MIGUEL DE ALLENDE,3,SAN MIGUEL DE ALLENDE,145,C03,124,61,2,7,4,15,0,0,56,8,0,282,9,291,714
11,GUANAJUATO,9,SAN MIGUEL DE ALLENDE,3,SAN MIGUEL DE ALLENDE,145,C04,151,85,3,4,2,12,5,0,46,6,1,324,15,339,714
11,GUANAJUATO,9,SAN MIGUEL DE ALLENDE,3,SAN MIGUEL DE ALLENDE,145,C05,138,73,1,10,6,5,9,0,53,8,0,307,9,316,714
11,GUANAJUATO,9,SAN MIGUEL DE ALLENDE,3,SAN MIGUEL DE ALLENDE,145,C06,120,72,4,7,3,9,4,0,42,8,1,276,8,284,714
11,GUANAJUATO,9,SAN MIGUEL DE ALLENDE,3,SAN MIGUEL DE ALLENDE,146,B,152,48,2,5,1,7,1,0,62,29,0,312,15,327,639
11,GUANAJUATO,9,SAN MIGUEL DE ALLENDE,3,SAN MIGUEL DE ALLENDE,146,C01,149,43,7,6,12,8,2,0,49,27,0,310,15,325,639
11,GUANAJUATO,9,SAN MIGUEL DE ALLENDE,3,SAN MIGUEL DE ALLENDE,146,C02,129,63,3,3,5,4,5,0,51,13,0,279,11,290,638
11,GUANAJUATO,9,SAN MIGUEL DE ALLENDE,3,SAN MIGUEL DE ALLENDE,147,B,132,54,5,4,4,0,0,0,47,28,0,275,11,286,529
11,GUANAJUATO,9,SAN MIGUEL DE ALLENDE,3,SAN MIGUEL DE ALLENDE,147,C01,132,52,1,4,4,5,1,0,49,18,1,267,14,281,529
11,GUANAJUATO,9,SAN MIGUEL DE ALLENDE,3,SAN MIGUEL DE ALLENDE,148,B,129,42,0,0,4,8,4,0,45,26,0,261,6,267,414
11,GUANAJUATO,9,SAN MIGUEL DE ALLENDE,3,SAN MIGUEL DE ALLENDE,148,C01,109,48,3,0,3,6,2,0,29,32,2,236,5,241,414
11,GUANAJUATO,9,SAN MIGUEL DE ALLENDE,3,SAN MIGUEL DE ALLENDE,149,B,135,64,0,5,4,7,10,0,48,27,1,308,8,316,593
11,GUANAJUATO,9,SAN MIGUEL DE ALLENDE,3,SAN MIGUEL DE ALLENDE,149,C01,137,50,2,7,4,8,7,0,47,30,1,294,8,302,593
11,GUANAJUATO,9,SAN MIGUEL DE ALLENDE,3,SAN MIGUEL DE ALLENDE,150,B,117,34,1,6,0,6,2,0,39,14,0,221,12,233,387
11,GUANAJUATO,9,SAN MIGUEL DE ALLENDE,3,SAN MIGUEL DE ALLENDE,150,C01,113,57,1,3,5,4,2,0,27,14,2,290,8,298,387
11,GUANAJUATO,9,SAN MIGUEL DE ALLENDE,3,SAN MIGUEL DE ALLENDE,151,B,141,79,3,16,3,13,11,0,65,35,0,374,14,388,679
11,GUANAJUATO,9,SAN MIGUEL DE ALLENDE,3,SAN MIGUEL DE ALLENDE,152,B,193,66,5,8,3,13,5,0,41,39,0,378,21,399,738
11,GUANAJUATO,9,SAN MIGUEL DE ALLENDE,3,SAN MIGUEL DE ALLENDE,153,B,123,42,1,7,8,12,8,0,50,25,0,277,6,283,545
11,GUANAJUATO,9,SAN MIGUEL DE ALLENDE,3,SAN MIGUEL DE ALLENDE,153,C01,145,46,3,5,1,6,5,0,53,29,0,296,9,305,544
11,GUANAJUATO,9,SAN MIGUEL DE ALLENDE,3,SAN MIGUEL DE ALLENDE,154,B,163,56,2,5,3,10,2,0,62,22,0,331,12,343,614
11,GUANAJUATO,9,SAN MIGUEL DE ALLENDE,3,SAN MIGUEL DE ALLENDE,154,C01,161,37,2,5,4,3,7,0,50,24,0,298,15,313,613
11,GUANAJUATO,9,SAN MIGUEL DE ALLENDE,3,SAN MIGUEL DE ALLENDE,155,B,121,49,0,7,1,4,5,0,57,21,0,273,0,273,564
11,GUANAJUATO,9,SAN MIGUEL DE ALLENDE,3,SAN MIGUEL DE ALLENDE,155,C01,130,38,0,2,8,10,2,0,47,19,0,260,5,265,564
11,GUANAJUATO,9,SAN MIGUEL DE ALLENDE,3,SAN MIGUEL DE ALLENDE,155,C02,139,42,4,3,2,4,5,0,36,18,0,254,0,254,564
11,GUANAJUATO,9,SAN MIGUEL DE ALLENDE,3,SAN MIGUEL DE ALLENDE,155,C03,130,50,2,1,3,6,4,0,44,31,0,271,13,284,564
11,GUANAJUATO,9,SAN MIGUEL DE ALLENDE,3,SAN MIGUEL DE ALLENDE,156,B,130,56,5,5,2,8,3,0,42,0,0,254,8,262,648
11,GUANAJUATO,9,SAN MIGUEL DE ALLENDE,3,SAN MIGUEL DE ALLENDE,156,C01,125,58,6,6,4,2,3,0,37,12,0,257,7,264,648
11,GUANAJUATO,9,SAN MIGUEL DE ALLENDE,3,SAN MIGUEL DE ALLENDE,156,C02,116,53,4,8,3,5,6,0,43,11,0,255,12,267,648
11,GUANAJUATO,9,SAN MIGUEL DE ALLENDE,3,SAN MIGUEL DE ALLENDE,156,C03,118,86,5,7,6,3,5,0,32,22,0,284,8,292,647
11,GUANAJUATO,9,SAN MIGUEL DE ALLENDE,3,SAN MIGUEL DE ALLENDE,156,C04,136,57,7,12,6,9,2,0,44,20,6,304,0,304,647
11,GUANAJUATO,9,SAN MIGUEL DE ALLENDE,3,SAN MIGUEL DE ALLENDE,157,B,127,82,2,3,3,15,1,0,64,32,0,331,0,331,633
11,GUANAJUATO,9,SAN MIGUEL DE ALLENDE,3,SAN MIGUEL DE ALLENDE,157,C01,152,69,0,10,5,13,4,0,56,35,1,349,8,357,633
11,GUANAJUATO,9,SAN MIGUEL DE ALLENDE,3,SAN MIGUEL DE ALLENDE,157,C02,143,74,2,4,9,21,7,0,62,33,4,362,4,366,632
11,GUANAJUATO,9,SAN MIGUEL DE ALLENDE,3,SAN MIGUEL DE ALLENDE,157,C03,136,68,2,7,3,10,6,0,68,31,1,336,13,349,632
11,GUANAJUATO,9,SAN MIGUEL DE ALLENDE,3,SAN MIGUEL DE ALLENDE,157,C04,128,65,1,11,2,13,2,0,64,47,0,340,8,348,632
11,GUANAJUATO,9,SAN MIGUEL DE ALLENDE,3,SAN MIGUEL DE ALLENDE,157,E01,116,41,5,5,7,6,3,0,38,19,0,244,11,255,569
11,GUANAJUATO,9,SAN MIGUEL DE ALLENDE,3,SAN MIGUEL DE ALLENDE,157,E01C01,134,37,8,5,3,7,3,0,36,17,1,255,15,270,568
11,GUANAJUATO,9,SAN MIGUEL DE ALLENDE,3,SAN MIGUEL DE ALLENDE,157,S01,26,15,1,2,5,2,1,0,17,2,0,75,3,78,0
11,GUANAJUATO,9,SAN MIGUEL DE ALLENDE,3,SAN MIGUEL DE ALLENDE,158,B,146,45,3,6,5,6,6,0,36,17,0,273,10,283,566
11,GUANAJUATO,9,SAN MIGUEL DE ALLENDE,3,SAN MIGUEL DE ALLENDE,158,C01,111,41,2,15,3,4,1,0,46,27,0,253,10,263,566
11,GUANAJUATO,9,SAN MIGUEL DE ALLENDE,3,SAN MIGUEL DE ALLENDE,158,C02,116,56,3,21,3,6,4,0,47,19,0,282,6,288,565
11,GUANAJUATO,9,SAN MIGUEL DE ALLENDE,3,SAN MIGUEL DE ALLENDE,159,B,124,59,10,5,4,11,6,0,55,20,0,297,11,308,614
11,GUANAJUATO,9,SAN MIGUEL DE ALLENDE,3,SAN MIGUEL DE ALLENDE,159,C01,117,50,4,3,2,6,4,0,72,25,1,287,7,294,614
11,GUANAJUATO,9,SAN MIGUEL DE ALLENDE,3,SAN MIGUEL DE ALLENDE,160,B,115,53,1,5,2,8,2,0,36,33,0,258,12,270,442
11,GUANAJUATO,9,SAN MIGUEL DE ALLENDE,3,SAN MIGUEL DE ALLENDE,160,C01,91,34,2,5,6,7,6,0,35,36,0,223,14,237,441
11,GUANAJUATO,9,SAN MIGUEL DE ALLENDE,3,SAN MIGUEL DE ALLENDE,161,B,115,51,7,2,2,10,4,0,33,34,0,258,9,267,486
11,GUANAJUATO,9,SAN MIGUEL DE ALLENDE,3,SAN MIGUEL DE ALLENDE,162,B,106,27,1,6,4,14,3,0,19,33,0,215,9,224,406
11,GUANAJUATO,9,SAN MIGUEL DE ALLENDE,3,SAN MIGUEL DE ALLENDE,163,B,154,96,2,5,6,11,6,0,65,19,3,374,14,388,705
11,GUANAJUATO,9,SAN MIGUEL DE ALLENDE,3,SAN MIGUEL DE ALLENDE,164,B,143,68,2,11,6,8,1,0,50,30,0,325,6,331,726
11,GUANAJUATO,9,SAN MIGUEL DE ALLENDE,3,SAN MIGUEL DE ALLENDE,164,C01,137,47,5,10,5,11,1,0,56,18,0,297,12,309,726
11,GUANAJUATO,9,SAN MIGUEL DE ALLENDE,3,SAN MIGUEL DE ALLENDE,164,C02,137,64,2,17,4,3,2,0,37,19,0,291,22,313,726
11,GUANAJUATO,9,SAN MIGUEL DE ALLENDE,3,SAN MIGUEL DE ALLENDE,164,C03,148,74,8,12,5,7,2,0,46,18,0,320,7,327,725
11,GUANAJUATO,9,SAN MIGUEL DE ALLENDE,3,SAN MIGUEL DE ALLENDE,164,C04,156,57,0,11,8,9,7,0,49,23,1,324,4,328,725
11,GUANAJUATO,9,SAN MIGUEL DE ALLENDE,3,SAN MIGUEL DE ALLENDE,165,B,124,73,1,15,8,7,4,0,49,14,0,302,13,315,663
11,GUANAJUATO,9,SAN MIGUEL DE ALLENDE,3,SAN MIGUEL DE ALLENDE,165,C01,118,98,4,7,7,12,4,0,54,18,0,322,7,329,663
11,GUANAJUATO,9,SAN MIGUEL DE ALLENDE,3,SAN MIGUEL DE ALLENDE,166,B,64,30,2,3,3,6,6,0,12,23,0,149,14,163,272
11,GUANAJUATO,9,SAN MIGUEL DE ALLENDE,3,SAN MIGUEL DE ALLENDE,167,B,115,51,2,5,4,7,5,0,18,29,0,236,7,243,424
11,GUANAJUATO,9,SAN MIGUEL DE ALLENDE,3,SAN MIGUEL DE ALLENDE,168,B,169,54,4,8,7,10,6,0,45,24,2,332,8,340,565
11,GUANAJUATO,9,SAN MIGUEL DE ALLENDE,3,SAN MIGUEL DE ALLENDE,168,C01,145,61,3,10,5,10,2,0,43,25,0,309,10,319,565
11,GUANAJUATO,9,SAN MIGUEL DE ALLENDE,3,SAN MIGUEL DE ALLENDE,169,B,182,52,4,4,11,7,3,0,39,35,0,341,13,354,685
11,GUANAJUATO,9,SAN MIGUEL DE ALLENDE,3,SAN MIGUEL DE ALLENDE,169,C01,178,51,1,3,11,10,4,0,55,34,0,347,8,355,685
11,GUANAJUATO,9,SAN MIGUEL DE ALLENDE,3,SAN MIGUEL DE ALLENDE,170,B,166,72,9,5,13,15,5,0,63,32,1,385,18,403,736
11,GUANAJUATO,9,SAN MIGUEL DE ALLENDE,3,SAN MIGUEL DE ALLENDE,171,B,104,92,5,20,9,10,5,0,42,20,1,318,9,327,666
11,GUANAJUATO,9,SAN MIGUEL DE ALLENDE,3,SAN MIGUEL DE ALLENDE,171,C01,104,74,6,9,4,10,7,0,35,22,0,279,15,294,665
11,GUANAJUATO,9,SAN MIGUEL DE ALLENDE,3,SAN MIGUEL DE ALLENDE,172,B,166,69,2,10,5,15,10,0,53,34,0,369,17,386,716
11,GUANAJUATO,9,SAN MIGUEL DE ALLENDE,3,SAN MIGUEL DE ALLENDE,172,C01,164,83,4,7,2,17,5,0,66,25,2,382,14,396,715
11,GUANAJUATO,9,SAN MIGUEL DE ALLENDE,3,SAN MIGUEL DE ALLENDE,172,C02,162,83,2,4,7,17,8,0,65,28,0,380,8,388,715
11,GUANAJUATO,9,SAN MIGUEL DE ALLENDE,3,SAN MIGUEL DE ALLENDE,172,C03,166,80,6,6,7,15,8,0,82,42,0,421,17,438,715
11,GUANAJUATO,9,SAN MIGUEL DE ALLENDE,3,SAN MIGUEL DE ALLENDE,172,S01,40,21,0,3,4,2,4,0,12,3,0,89,3,92,0
11,GUANAJUATO,9,SAN MIGUEL DE ALLENDE,3,SAN MIGUEL DE ALLENDE,173,B,152,41,2,1,9,13,13,0,73,17,0,322,16,338,646
11,GUANAJUATO,9,SAN MIGUEL DE ALLENDE,3,SAN MIGUEL DE ALLENDE,173,C01,128,51,2,5,11,8,7,0,45,17,0,277,12,289,646
11,GUANAJUATO,9,SAN MIGUEL DE ALLENDE,3,SAN MIGUEL DE ALLENDE,173,C02,133,43,3,6,8,19,12,0,49,25,0,299,16,315,646
11,GUANAJUATO,9,SAN MIGUEL DE ALLENDE,3,SAN MIGUEL DE ALLENDE,173,C03,162,41,10,3,7,11,3,0,36,21,0,297,12,309,645
11,GUANAJUATO,9,SAN MIGUEL DE ALLENDE,3,SAN MIGUEL DE ALLENDE,173,C04,129,56,2,7,11,8,48,0,4,17,0,285,16,301,645
11,GUANAJUATO,9,SAN MIGUEL DE ALLENDE,3,SAN MIGUEL DE ALLENDE,174,B,123,59,4,12,3,8,5,0,41,21,0,281,5,286,615
11,GUANAJUATO,9,SAN MIGUEL DE ALLENDE,3,SAN MIGUEL DE ALLENDE,174,C01,124,65,4,12,6,7,1,0,40,31,0,297,11,308,615
11,GUANAJUATO,9,SAN MIGUEL DE ALLENDE,3,SAN MIGUEL DE ALLENDE,175,B,140,59,2,1,4,6,2,0,14,36,1,271,11,282,582
11,GUANAJUATO,9,SAN MIGUEL DE ALLENDE,3,SAN MIGUEL DE ALLENDE,175,C01,111,76,2,5,6,3,3,0,36,11,0,260,17,277,581
11,GUANAJUATO,9,SAN MIGUEL DE ALLENDE,3,SAN MIGUEL DE ALLENDE,175,C02,126,72,1,4,5,4,5,0,39,16,0,275,0,275,581
11,GUANAJUATO,9,SAN MIGUEL DE ALLENDE,3,SAN MIGUEL DE ALLENDE,175,C03,140,66,2,2,3,3,3,0,16,12,0,250,6,256,581
11,GUANAJUATO,9,SAN MIGUEL DE ALLENDE,3,SAN MIGUEL DE ALLENDE,175,S01,28,15,0,0,2,0,0,0,5,1,0,52,2,54,0
11,GUANAJUATO,9,SAN MIGUEL DE ALLENDE,3,SAN MIGUEL DE ALLENDE,176,B,137,35,3,5,7,8,6,0,17,19,2,240,20,260,513
11,GUANAJUATO,9,SAN MIGUEL DE ALLENDE,3,SAN MIGUEL DE ALLENDE,176,C01,125,48,1,12,5,10,5,0,18,18,0,244,14,258,512
11,GUANAJUATO,9,SAN MIGUEL DE ALLENDE,3,SAN MIGUEL DE ALLENDE,177,B,167,44,3,13,3,2,0,0,17,2,0,253,3,256,513
11,GUANAJUATO,9,SAN MIGUEL DE ALLENDE,3,SAN MIGUEL DE ALLENDE,177,C01,132,83,3,9,4,3,2,0,19,1,0,265,7,272,513
11,GUANAJUATO,9,SAN MIGUEL DE ALLENDE,3,SAN MIGUEL DE ALLENDE,177,C02,164,52,1,3,7,2,2,0,20,1,0,255,6,261,513
11,GUANAJUATO,9,SAN MIGUEL DE ALLENDE,3,SAN MIGUEL DE ALLENDE,178,B,137,46,1,4,2,1,0,0,21,0,0,215,12,227,483
11,GUANAJUATO,9,SAN MIGUEL DE ALLENDE,3,SAN MIGUEL DE ALLENDE,179,B,150,66,1,6,1,2,2,0,0,0,0,228,15,243,478
11,GUANAJUATO,9,SAN MIGUEL DE ALLENDE,3,SAN MIGUEL DE ALLENDE,179,C01,128,44,0,0,0,1,0,0,5,1,0,179,0,179,478
11,GUANAJUATO,9,SAN MIGUEL DE ALLENDE,3,SAN MIGUEL DE ALLENDE,180,B,95,123,5,13,3,1,3,0,3,17,0,267,14,281,678
11,GUANAJUATO,9,SAN MIGUEL DE ALLENDE,3,SAN MIGUEL DE ALLENDE,180,C01,179,128,5,15,6,5,5,0,12,22,11,394,11,405,677
11,GUANAJUATO,9,SAN MIGUEL DE ALLENDE,3,SAN MIGUEL DE ALLENDE,181,B,155,89,5,4,4,2,7,0,13,7,0,288,10,298,594
11,GUANAJUATO,9,SAN MIGUEL DE ALLENDE,3,SAN MIGUEL DE ALLENDE,182,B,119,90,0,6,0,5,4,0,9,1,0,234,9,243,733
11,GUANAJUATO,9,SAN MIGUEL DE ALLENDE,3,SAN MIGUEL DE ALLENDE,183,B,91,71,1,5,2,7,0,0,11,3,0,194,19,213,601
11,GUANAJUATO,9,SAN MIGUEL DE ALLENDE,3,SAN MIGUEL DE ALLENDE,183,C01,98,59,3,7,4,6,2,0,8,2,0,189,9,198,601
11,GUANAJUATO,9,SAN MIGUEL DE ALLENDE,3,SAN MIGUEL DE ALLENDE,184,B,77,44,0,2,7,17,5,0,3,1,0,156,7,163,474
11,GUANAJUATO,9,SAN MIGUEL DE ALLENDE,3,SAN MIGUEL DE ALLENDE,184,C01,87,51,1,0,5,20,7,0,6,3,0,182,13,195,474
11,GUANAJUATO,9,SAN MIGUEL DE ALLENDE,3,SAN MIGUEL DE ALLENDE,185,B,110,114,2,5,1,5,3,0,19,9,1,273,11,284,670
11,GUANAJUATO,9,SAN MIGUEL DE ALLENDE,3,SAN MIGUEL DE ALLENDE,185,C01,102,94,3,3,1,4,5,0,13,20,0,249,13,262,669
11,GUANAJUATO,9,SAN MIGUEL DE ALLENDE,3,SAN MIGUEL DE ALLENDE,186,B,59,68,3,6,1,8,4,0,11,5,1,168,10,178,414
11,GUANAJUATO,9,SAN MIGUEL DE ALLENDE,3,SAN MIGUEL DE ALLENDE,186,C01,60,65,0,11,4,6,6,0,10,16,0,180,8,188,414
11,GUANAJUATO,9,SAN MIGUEL DE ALLENDE,3,SAN MIGUEL DE ALLENDE,187,B,150,38,4,3,1,6,0,0,5,3,0,214,12,226,470
11,GUANAJUATO,9,SAN MIGUEL DE ALLENDE,3,SAN MIGUEL DE ALLENDE,188,B,113,59,2,8,8,3,4,0,23,1,0,224,48,272,591
11,GUANAJUATO,9,SAN MIGUEL DE ALLENDE,3,SAN MIGUEL DE ALLENDE,188,C01,118,52,3,11,3,1,1,0,25,5,0,222,0,222,591
11,GUANAJUATO,9,SAN MIGUEL DE ALLENDE,3,SAN MIGUEL DE ALLENDE,188,C02,117,86,0,9,6,5,1,0,26,1,0,255,8,263,590
11,GUANAJUATO,9,SAN MIGUEL DE ALLENDE,3,SAN MIGUEL DE ALLENDE,189,B,94,70,5,42,4,1,8,0,20,2,0,248,0,248,542
11,GUANAJUATO,9,SAN MIGUEL DE ALLENDE,3,SAN MIGUEL DE ALLENDE,189,C01,92,90,4,10,4,1,7,0,23,2,0,240,6,246,541
11,GUANAJUATO,9,SAN MIGUEL DE ALLENDE,3,SAN MIGUEL DE ALLENDE,190,B,98,69,0,11,3,6,1,0,34,8,0,230,0,230,506
11,GUANAJUATO,9,SAN MIGUEL DE ALLENDE,3,SAN MIGUEL DE ALLENDE,190,C01,112,55,0,12,6,2,3,0,20,14,0,238,11,249,506
11,GUANAJUATO,9,SAN MIGUEL DE ALLENDE,3,SAN MIGUEL DE ALLENDE,190,C02,105,49,0,5,1,0,1,0,25,4,0,203,12,215,505
11,GUANAJUATO,9,SAN MIGUEL DE ALLENDE,3,SAN MIGUEL DE ALLENDE,191,B,126,46,8,5,1,0,1,0,20,4,0,211,24,235,481
11,GUANAJUATO,9,SAN MIGUEL DE ALLENDE,3,SAN MIGUEL DE ALLENDE,191,C01,132,59,9,9,5,3,1,0,11,0,0,232,15,247,481
11,GUANAJUATO,9,SAN MIGUEL DE ALLENDE,3,SAN MIGUEL DE ALLENDE,192,B,148,81,3,5,2,0,2,0,4,4,0,249,0,249,615
11,GUANAJUATO,9,SAN MIGUEL DE ALLENDE,3,SAN MIGUEL DE ALLENDE,193,B,123,63,3,3,2,12,4,0,8,2,0,221,12,233,594
11,GUANAJUATO,9,SAN MIGUEL DE ALLENDE,3,SAN MIGUEL DE ALLENDE,194,B,74,107,5,8,46,6,2,0,6,5,1,265,18,283,681
11,GUANAJUATO,9,SAN MIGUEL DE ALLENDE,3,SAN MIGUEL DE ALLENDE,194,C01,75,155,5,5,22,2,5,0,5,2,0,284,32,316,680
11,GUANAJUATO,9,SAN MIGUEL DE ALLENDE,3,SAN MIGUEL DE ALLENDE,195,B,95,73,5,14,10,6,5,0,13,4,0,226,12,238,535
11,GUANAJUATO,9,SAN MIGUEL DE ALLENDE,3,SAN MIGUEL DE ALLENDE,196,B,53,47,3,5,2,0,2,0,10,3,0,125,7,132,266
11,GUANAJUATO,9,SAN MIGUEL DE ALLENDE,3,SAN MIGUEL DE ALLENDE,197,B,122,125,6,9,8,8,9,0,16,17,0,324,20,344,717
11,GUANAJUATO,9,SAN MIGUEL DE ALLENDE,3,SAN MIGUEL DE ALLENDE,197,C01,100,97,5,6,11,8,4,0,17,7,0,257,14,271,717
11,GUANAJUATO,9,SAN MIGUEL DE ALLENDE,3,SAN MIGUEL DE ALLENDE,198,B,165,17,6,1,2,4,2,0,11,7,0,215,19,234,528
11,GUANAJUATO,9,SAN MIGUEL DE ALLENDE,3,SAN MIGUEL DE ALLENDE,199,B,123,39,3,4,3,1,1,0,11,2,0,188,0,188,404
11,GUANAJUATO,9,SAN MIGUEL DE ALLENDE,3,SAN MIGUEL DE ALLENDE,200,B,117,30,1,5,4,10,2,0,28,12,0,212,8,220,441
11,GUANAJUATO,9,SAN MIGUEL DE ALLENDE,3,SAN MIGUEL DE ALLENDE,200,C01,139,24,1,5,4,11,3,0,16,27,0,232,6,238,441
11,GUANAJUATO,9,SAN MIGUEL DE ALLENDE,3,SAN MIGUEL DE ALLENDE,200,E01,89,29,3,5,6,4,4,0,51,15,0,320,10,330,429
11,GUANAJUATO,9,SAN MIGUEL DE ALLENDE,3,SAN MIGUEL DE ALLENDE,200,E01C01,108,33,2,10,5,5,4,0,36,18,0,222,7,229,428
11,GUANAJUATO,9,SAN MIGUEL DE ALLENDE,3,SAN MIGUEL DE ALLENDE,201,B,159,78,9,9,2,3,5,0,12,8,0,293,6,299,550
11,GUANAJUATO,9,SAN MIGUEL DE ALLENDE,3,SAN MIGUEL DE ALLENDE,201,C01,114,120,5,9,2,1,2,0,31,4,0,292,15,307,549
11,GUANAJUATO,9,SAN MIGUEL DE ALLENDE,3,SAN MIGUEL DE ALLENDE,202,B,80,109,3,13,4,6,2,0,17,7,0,253,4,257,558
11,GUANAJUATO,9,SAN MIGUEL DE ALLENDE,3,SAN MIGUEL DE ALLENDE,202,C01,91,94,1,7,3,7,4,0,23,11,0,246,4,250,557
11,GUANAJUATO,9,SAN MIGUEL DE ALLENDE,3,SAN MIGUEL DE ALLENDE,203,B,104,72,0,9,8,0,12,0,15,2,0,231,14,245,664
11,GUANAJUATO,9,SAN MIGUEL DE ALLENDE,3,SAN MIGUEL DE ALLENDE,204,B,118,105,1,9,2,4,1,0,10,3,0,257,14,271,675
11,GUANAJUATO,9,SAN MIGUEL DE ALLENDE,3,SAN MIGUEL DE ALLENDE,205,B,136,55,1,8,3,10,2,0,16,25,0,257,7,264,508
11,GUANAJUATO,9,SAN MIGUEL DE ALLENDE,3,SAN MIGUEL DE ALLENDE,205,C01,151,27,4,5,1,6,3,0,37,23,0,257,21,278,508
11,GUANAJUATO,9,SAN MIGUEL DE ALLENDE,3,SAN MIGUEL DE ALLENDE,206,B,159,38,10,7,3,2,1,0,7,9,0,239,20,259,582
11,GUANAJUATO,9,SAN MIGUEL DE ALLENDE,3,SAN MIGUEL DE ALLENDE,206,C01,163,64,16,7,2,2,3,0,7,5,0,272,10,282,582
11,GUANAJUATO,9,SAN MIGUEL DE ALLENDE,3,SAN MIGUEL DE ALLENDE,207,B,74,68,1,10,4,0,0,0,2,2,0,166,8,174,399
11,GUANAJUATO,9,SAN MIGUEL DE ALLENDE,3,SAN MIGUEL DE ALLENDE,207,C01,94,67,3,2,1,0,0,0,1,1,0,171,11,182,398
11,GUANAJUATO,9,SAN MIGUEL DE ALLENDE,3,SAN MIGUEL DE ALLENDE,208,B,117,54,7,3,10,0,3,0,20,3,0,220,12,232,464
11,GUANAJUATO,9,SAN MIGUEL DE ALLENDE,3,SAN MIGUEL DE ALLENDE,208,C01,116,57,3,10,5,0,1,0,9,1,0,203,7,210,463
11,GUANAJUATO,9,SAN MIGUEL DE ALLENDE,3,SAN MIGUEL DE ALLENDE,209,B,151,27,1,0,1,4,2,0,6,1,0,195,5,200,391
11,GUANAJUATO,9,SAN MIGUEL DE ALLENDE,3,SAN MIGUEL DE ALLENDE,210,B,92,85,6,9,5,7,2,0,14,7,0,227,8,235,499
11,GUANAJUATO,9,SAN MIGUEL DE ALLENDE,3,SAN MIGUEL DE ALLENDE,210,C01,75,87,5,18,3,6,1,0,12,4,0,221,7,228,499
11,GUANAJUATO,9,SAN MIGUEL DE ALLENDE,3,SAN MIGUEL DE ALLENDE,211,B,171,39,5,1,2,3,3,0,27,8,0,261,12,273,561
11,GUANAJUATO,9,SAN MIGUEL DE ALLENDE,3,SAN MIGUEL DE ALLENDE,212,B,112,46,1,6,3,2,3,0,19,6,0,198,6,204,420
11,GUANAJUATO,9,SAN MIGUEL DE ALLENDE,3,SAN MIGUEL DE ALLENDE,212,C01,96,85,0,7,2,1,11,0,19,5,0,228,7,235,419
11,GUANAJUATO,9,SAN MIGUEL DE ALLENDE,3,SAN MIGUEL DE ALLENDE,213,B,89,45,4,7,4,3,1,0,21,7,0,183,7,190,537
11,GUANAJUATO,9,SAN MIGUEL DE ALLENDE,3,SAN MIGUEL DE ALLENDE,213,C01,89,33,2,4,9,1,4,0,36,4,0,182,14,196,537
11,GUANAJUATO,9,SAN MIGUEL DE ALLENDE,3,SAN MIGUEL DE ALLENDE,214,B,46,65,0,0,3,0,0,0,4,3,0,121,0,121,417
11,GUANAJUATO,9,SAN MIGUEL DE ALLENDE,3,SAN MIGUEL DE ALLENDE,214,C01,21,61,1,2,1,0,4,0,1,5,0,96,11,107,417
11,GUANAJUATO,9,SAN MIGUEL DE ALLENDE,3,SAN MIGUEL DE ALLENDE,214,E01,68,196,3,10,12,3,5,0,6,4,0,321,10,331,655
11,GUANAJUATO,9,SAN MIGUEL DE ALLENDE,3,SAN MIGUEL DE ALLENDE,215,B,56,132,2,8,0,1,0,0,1,0,0,204,15,219,442
11,GUANAJUATO,9,SAN MIGUEL DE ALLENDE,3,SAN MIGUEL DE ALLENDE,216,B,189,53,1,25,3,6,5,0,17,10,0,310,11,321,675
11,GUANAJUATO,9,SAN MIGUEL DE ALLENDE,3,SAN MIGUEL DE ALLENDE,216,C01,145,60,3,10,4,3,3,0,34,10,0,279,7,286,674
11,GUANAJUATO,9,SAN MIGUEL DE ALLENDE,3,SAN MIGUEL DE ALLENDE,216,E01,248,74,6,6,23,1,3,0,6,2,0,375,10,385,715
11,GUANAJUATO,9,SAN MIGUEL DE ALLENDE,3,SAN MIGUEL DE ALLENDE,217,B,103,87,2,13,1,4,3,0,16,11,0,245,14,259,519
11,GUANAJUATO,9,SAN MIGUEL DE ALLENDE,3,SAN MIGUEL DE ALLENDE,218,B,130,65,3,5,3,9,10,0,21,15,0,263,13,276,482
11,GUANAJUATO,9,SAN MIGUEL DE ALLENDE,3,SAN MIGUEL DE ALLENDE,218,C01,139,76,0,6,1,4,5,0,24,15,0,274,7,281,481
11,GUANAJUATO,9,SAN MIGUEL DE ALLENDE,3,SAN MIGUEL DE ALLENDE,218,E01,90,118,2,8,7,4,6,0,46,18,0,306,13,319,595
11,GUANAJUATO,9,SAN MIGUEL DE ALLENDE,3,SAN MIGUEL DE ALLENDE,219,B,106,70,7,4,3,2,4,0,17,10,0,227,10,237,617
11,GUANAJUATO,9,SAN MIGUEL DE ALLENDE,3,SAN MIGUEL DE ALLENDE,219,C01,105,77,3,9,66,7,3,0,14,3,0,291,20,311,616
11,GUANAJUATO,9,SAN MIGUEL DE ALLENDE,3,SAN MIGUEL DE ALLENDE,220,B,129,28,1,8,3,2,2,0,16,5,0,194,9,203,431
11,GUANAJUATO,9,SAN MIGUEL DE ALLENDE,3,SAN MIGUEL DE ALLENDE,220,C01,96,48,2,8,7,1,1,0,6,6,0,175,10,185,431
11,GUANAJUATO,9,SAN MIGUEL DE ALLENDE,3,SAN MIGUEL DE ALLENDE,221,B,79,36,1,2,4,0,3,0,5,2,0,134,5,139,284
11,GUANAJUATO,9,SAN MIGUEL DE ALLENDE,3,SAN MIGUEL DE ALLENDE,222,B,129,27,6,4,2,1,1,0,1,1,0,175,11,186,486
11,GUANAJUATO,9,SAN MIGUEL DE ALLENDE,3,SAN MIGUEL DE ALLENDE,222,C01,106,53,1,7,2,4,4,0,5,5,0,187,13,200,486
11,GUANAJUATO,9,SAN MIGUEL DE ALLENDE,3,SAN MIGUEL DE ALLENDE,223,B,147,138,5,6,8,3,3,0,4,3,0,318,0,318,689
11,GUANAJUATO,9,SAN MIGUEL DE ALLENDE,3,SAN MIGUEL DE ALLENDE,224,B,65,73,0,0,1,0,3,0,7,2,0,155,4,159,418
11,GUANAJUATO,9,SAN MIGUEL DE ALLENDE,3,SAN MIGUEL DE ALLENDE,224,C01,64,95,2,8,2,0,1,0,7,5,0,187,15,202,418
11,GUANAJUATO,9,SAN MIGUEL DE ALLENDE,3,SAN MIGUEL DE ALLENDE,225,B,147,87,7,4,10,3,3,0,25,0,0,286,24,310,746
11,GUANAJUATO,9,SAN MIGUEL DE ALLENDE,3,SAN MIGUEL DE ALLENDE,226,B,100,53,4,4,4,1,0,0,4,2,0,173,17,190,509
11,GUANAJUATO,9,SAN MIGUEL DE ALLENDE,3,SAN MIGUEL DE ALLENDE,226,C01,94,59,2,12,4,1,2,0,5,6,0,185,11,196,509
11,GUANAJUATO,9,SAN MIGUEL DE ALLENDE,3,SAN MIGUEL DE ALLENDE,227,B,92,166,1,11,6,1,4,0,8,5,0,315,27,342,744
11,GUANAJUATO,9,SAN MIGUEL DE ALLENDE,3,SAN MIGUEL DE ALLENDE,227,C01,58,191,1,7,3,1,7,0,10,0,0,290,13,303,744
11,GUANAJUATO,9,SAN MIGUEL DE ALLENDE,3,SAN MIGUEL DE ALLENDE,228,B,131,45,2,4,1,7,1,0,22,2,0,215,4,219,379
11,GUANAJUATO,9,SAN MIGUEL DE ALLENDE,3,SAN MIGUEL DE ALLENDE,229,B,106,38,2,2,10,2,11,0,27,6,0,206,7,213,482
11,GUANAJUATO,9,SAN MIGUEL DE ALLENDE,3,SAN MIGUEL DE ALLENDE,229,C01,107,54,2,5,3,2,4,0,22,0,0,201,2,203,481
11,GUANAJUATO,9,SAN MIGUEL DE ALLENDE,3,SAN MIGUEL DE ALLENDE,230,B,109,18,1,6,6,4,1,0,21,2,0,169,8,177,414
11,GUANAJUATO,9,SAN MIGUEL DE ALLENDE,3,SAN MIGUEL DE ALLENDE,230,C01,84,25,2,4,9,2,1,0,26,1,0,155,7,162,413
11,GUANAJUATO,9,SAN MIGUEL DE ALLENDE,3,SAN MIGUEL DE ALLENDE,231,B,77,100,5,8,15,2,9,0,62,13,0,299,36,335,622
11,GUANAJUATO,9,SAN MIGUEL DE ALLENDE,3,SAN MIGUEL DE ALLENDE,232,B,59,10,1,2,0,2,1,0,13,0,0,88,5,93,226
11,GUANAJUATO,9,SAN MIGUEL DE ALLENDE,3,SAN MIGUEL DE ALLENDE,233,B,95,80,4,7,6,2,0,0,0,0,0,197,12,209,416
11,GUANAJUATO,9,SAN MIGUEL DE ALLENDE,3,SAN MIGUEL DE ALLENDE,233,C01,107,71,2,4,4,0,3,0,2,0,0,193,13,206,415
11,GUANAJUATO,9,SAN MIGUEL DE ALLENDE,3,SAN MIGUEL DE ALLENDE,234,B,75,69,1,1,2,0,1,0,0,0,0,149,5,154,230
11,GUANAJUATO,9,SAN MIGUEL DE ALLENDE,3,SAN MIGUEL DE ALLENDE,235,B,103,68,5,15,7,4,10,0,16,3,0,231,11,242,433
11,GUANAJUATO,9,SAN MIGUEL DE ALLENDE,3,SAN MIGUEL DE ALLENDE,235,C01,94,64,3,8,8,2,8,0,13,3,0,203,15,218,432
11,GUANAJUATO,9,SAN MIGUEL DE ALLENDE,3,SAN MIGUEL DE ALLENDE,236,B,178,16,2,11,14,1,3,0,19,0,0,245,13,258,500
11,GUANAJUATO,9,SAN MIGUEL DE ALLENDE,3,SAN MIGUEL DE ALLENDE,236,C01,151,41,3,11,8,7,1,0,16,1,0,240,13,253,500
11,GUANAJUATO,9,SAN MIGUEL DE ALLENDE,3,SAN MIGUEL DE ALLENDE,237,B,40,172,0,3,1,2,1,0,10,3,0,243,4,247,667
11,GUANAJUATO,9,SAN MIGUEL DE ALLENDE,3,SAN MIGUEL DE ALLENDE,238,B,86,171,9,6,3,1,1,0,3,1,0,286,23,309,714
11,GUANAJUATO,9,SAN MIGUEL DE ALLENDE,3,SAN MIGUEL DE ALLENDE,239,B,55,63,3,5,2,0,1,0,6,1,0,139,17,156,343
11,GUANAJUATO,9,SAN MIGUEL DE ALLENDE,3,SAN MIGUEL DE ALLENDE,240,B,34,40,1,0,0,0,0,0,0,1,0,76,13,89,237
11,GUANAJUATO,9,SAN MIGUEL DE ALLENDE,3,SAN MIGUEL DE ALLENDE,241,B,81,103,1,4,4,1,0,0,6,2,0,202,15,217,484
11,GUANAJUATO,9,SAN MIGUEL DE ALLENDE,3,SAN MIGUEL DE ALLENDE,242,B,122,109,1,0,3,0,0,0,4,3,0,242,14,256,583
11,GUANAJUATO,9,SAN MIGUEL DE ALLENDE,3,SAN MIGUEL DE ALLENDE,243,B,158,102,1,9,0,0,0,0,9,1,0,281,0,281,448
11,GUANAJUATO,17,APASEO EL GRANDE,4,APASEO EL ALTO,244,B,122,39,32,49,3,101,8,0,0,0,0,354,9,363,737
11,GUANAJUATO,17,APASEO EL GRANDE,4,APASEO EL ALTO,244,C01,155,73,23,40,9,108,15,0,0,0,0,423,5,428,736
11,GUANAJUATO,17,APASEO EL GRANDE,4,APASEO EL ALTO,245,B,196,73,38,28,2,82,10,0,0,0,1,430,8,438,669
11,GUANAJUATO,17,APASEO EL GRANDE,4,APASEO EL ALTO,245,C01,188,57,44,40,1,63,16,0,0,0,0,409,7,416,668
11,GUANAJUATO,17,APASEO EL GRANDE,4,APASEO EL ALTO,246,B,137,56,39,38,3,80,17,0,0,0,0,370,6,376,671
11,GUANAJUATO,17,APASEO EL GRANDE,4,APASEO EL ALTO,246,C01,144,59,20,39,2,69,16,0,0,0,0,349,9,358,671
11,GUANAJUATO,17,APASEO EL GRANDE,4,APASEO EL ALTO,247,B,140,27,11,42,2,55,2,0,0,0,0,279,5,284,524
11,GUANAJUATO,17,APASEO EL GRANDE,4,APASEO EL ALTO,247,C01,113,22,8,46,0,69,6,0,0,0,0,264,8,272,524
11,GUANAJUATO,17,APASEO EL GRANDE,4,APASEO EL ALTO,247,C02,137,29,13,33,0,60,3,0,0,0,0,275,7,282,523
11,GUANAJUATO,17,APASEO EL GRANDE,4,APASEO EL ALTO,248,B,214,29,29,40,1,73,12,0,0,0,0,398,0,398,673
11,GUANAJUATO,17,APASEO EL GRANDE,4,APASEO EL ALTO,248,C01,193,33,36,39,1,61,0,0,0,0,0,363,14,377,673
11,GUANAJUATO,17,APASEO EL GRANDE,4,APASEO EL ALTO,248,S01,14,5,6,13,1,3,0,0,0,0,0,42,0,42,0
11,GUANAJUATO,17,APASEO EL GRANDE,4,APASEO EL ALTO,249,B,158,38,20,22,3,60,11,0,0,0,0,312,2,314,498
11,GUANAJUATO,17,APASEO EL GRANDE,4,APASEO EL ALTO,249,C01,148,32,10,20,5,51,6,0,0,0,0,272,2,274,498
11,GUANAJUATO,17,APASEO EL GRANDE,4,APASEO EL ALTO,250,B,139,26,11,52,4,71,7,0,0,0,0,310,7,317,531
11,GUANAJUATO,17,APASEO EL GRANDE,4,APASEO EL ALTO,250,C01,163,31,21,52,6,48,5,0,0,0,0,326,10,336,531
11,GUANAJUATO,17,APASEO EL GRANDE,4,APASEO EL ALTO,251,B,170,26,22,49,0,122,8,0,0,0,0,397,7,404,739
11,GUANAJUATO,17,APASEO EL GRANDE,4,APASEO EL ALTO,251,C01,154,35,40,2,2,122,8,0,0,0,0,363,4,367,739
11,GUANAJUATO,17,APASEO EL GRANDE,4,APASEO EL ALTO,251,C02,129,19,18,57,2,156,7,0,0,0,1,389,10,399,738
11,GUANAJUATO,17,APASEO EL GRANDE,4,APASEO EL ALTO,252,B,110,32,12,29,3,146,4,0,0,0,0,336,9,345,695
11,GUANAJUATO,17,APASEO EL GRANDE,4,APASEO EL ALTO,252,C01,123,36,10,39,6,131,5,0,0,0,0,350,8,358,694
11,GUANAJUATO,17,APASEO EL GRANDE,4,APASEO EL ALTO,252,C02,121,32,17,47,5,148,5,0,0,0,0,375,8,383,694
11,GUANAJUATO,17,APASEO EL GRANDE,4,APASEO EL ALTO,252,C03,115,24,16,52,4,137,4,0,0,0,0,352,6,358,694
11,GUANAJUATO,17,APASEO EL GRANDE,4,APASEO EL ALTO,253,B,185,41,20,41,1,72,13,0,0,0,0,373,9,382,616
11,GUANAJUATO,17,APASEO EL GRANDE,4,APASEO EL ALTO,254,B,141,23,3,28,2,62,4,0,0,0,0,263,5,268,471
11,GUANAJUATO,17,APASEO EL GRANDE,4,APASEO EL ALTO,254,C01,140,15,9,24,1,64,4,0,0,0,0,257,6,263,471
11,GUANAJUATO,17,APASEO EL GRANDE,4,APASEO EL ALTO,255,B,127,28,16,71,0,101,2,0,0,0,0,345,10,355,679
11,GUANAJUATO,17,APASEO EL GRANDE,4,APASEO EL ALTO,255,C01,109,19,17,56,0,81,4,0,0,0,0,286,5,291,678
11,GUANAJUATO,17,APASEO EL GRANDE,4,APASEO EL ALTO,256,B,108,18,13,45,2,60,6,0,0,0,0,252,0,252,505
11,GUANAJUATO,17,APASEO EL GRANDE,4,APASEO EL ALTO,256,C01,100,20,4,37,1,77,5,0,0,0,0,244,7,251,505
11,GUANAJUATO,17,APASEO EL GRANDE,4,APASEO EL ALTO,256,C02,89,20,18,41,0,44,1,0,0,0,0,213,8,221,504
11,GUANAJUATO,17,APASEO EL GRANDE,4,APASEO EL ALTO,257,B,139,20,9,30,2,96,4,0,0,0,0,300,5,305,510
11,GUANAJUATO,17,APASEO EL GRANDE,4,APASEO EL ALTO,257,C01,106,24,7,26,3,85,5,0,0,0,0,256,3,259,510
11,GUANAJUATO,17,APASEO EL GRANDE,4,APASEO EL ALTO,257,C02,123,24,13,37,1,86,3,0,0,0,0,287,6,293,510
11,GUANAJUATO,17,APASEO EL GRANDE,4,APASEO EL ALTO,258,B,149,31,26,29,1,164,7,0,0,0,0,407,13,420,723
11,GUANAJUATO,17,APASEO EL GRANDE,4,APASEO EL ALTO,258,C01,172,45,21,27,3,132,8,0,0,0,0,408,12,420,722
11,GUANAJUATO,17,APASEO EL GRANDE,4,APASEO EL ALTO,259,B,107,21,6,28,2,123,3,0,0,0,0,290,7,297,636
11,GUANAJUATO,17,APASEO EL GRANDE,4,APASEO EL ALTO,259,C01,119,17,6,37,1,139,1,0,0,0,0,320,11,331,635
11,GUANAJUATO,17,APASEO EL GRANDE,4,APASEO EL ALTO,260,B,59,41,7,15,0,63,1,0,0,0,0,186,2,188,383
11,GUANAJUATO,17,APASEO EL GRANDE,4,APASEO EL ALTO,260,C01,62,18,1,9,2,61,2,0,0,0,0,155,4,159,383
11,GUANAJUATO,17,APASEO EL GRANDE,4,APASEO EL ALTO,261,B,62,30,8,48,1,57,11,0,0,0,0,217,12,229,519
11,GUANAJUATO,17,APASEO EL GRANDE,4,APASEO EL ALTO,261,C01,56,17,13,42,3,61,2,0,0,0,0,194,6,200,519
11,GUANAJUATO,17,APASEO EL GRANDE,4,APASEO EL ALTO,261,C02,58,29,1,49,1,40,6,0,0,0,1,185,6,191,519
11,GUANAJUATO,17,APASEO EL GRANDE,4,APASEO EL ALTO,262,B,33,28,6,60,1,49,5,0,0,0,0,182,8,190,469
11,GUANAJUATO,17,APASEO EL GRANDE,4,APASEO EL ALTO,262,C01,51,24,4,44,1,48,1,0,0,0,0,173,0,173,468
11,GUANAJUATO,17,APASEO EL GRANDE,4,APASEO EL ALTO,263,B,28,52,27,58,1,70,4,0,0,0,0,240,8,248,536
11,GUANAJUATO,17,APASEO EL GRANDE,4,APASEO EL ALTO,263,C01,32,47,36,61,4,53,3,0,0,0,0,236,3,239,536
11,GUANAJUATO,17,APASEO EL GRANDE,4,APASEO EL ALTO,263,C02,32,43,44,59,1,61,4,0,0,0,0,244,10,254,536
11,GUANAJUATO,17,APASEO EL GRANDE,4,APASEO EL ALTO,264,B,126,38,18,82,1,37,2,0,0,0,0,304,5,309,648
11,GUANAJUATO,17,APASEO EL GRANDE,4,APASEO EL ALTO,264,C01,127,49,24,88,2,35,8,0,0,0,0,333,5,338,647
11,GUANAJUATO,17,APASEO EL GRANDE,4,APASEO EL ALTO,265,B,89,33,11,104,1,59,4,0,0,0,0,301,6,307,646
11,GUANAJUATO,17,APASEO EL GRANDE,4,APASEO EL ALTO,265,C01,98,37,24,98,0,40,3,0,0,0,0,300,2,302,645
11,GUANAJUATO,17,APASEO EL GRANDE,4,APASEO EL ALTO,266,B,37,36,26,23,1,53,3,0,0,0,0,179,5,184,587
11,GUANAJUATO,17,APASEO EL GRANDE,4,APASEO EL ALTO,267,B,70,30,5,25,1,48,5,0,0,0,0,184,15,199,358
11,GUANAJUATO,17,APASEO EL GRANDE,4,APASEO EL ALTO,268,B,74,30,8,76,2,104,4,0,0,0,0,298,9,307,738
11,GUANAJUATO,17,APASEO EL GRANDE,4,APASEO EL ALTO,269,B,82,54,50,50,2,92,7,0,0,0,0,337,0,337,671
11,GUANAJUATO,17,APASEO EL GRANDE,4,APASEO EL ALTO,269,C01,71,43,57,45,3,109,3,0,0,0,0,331,13,344,671
11,GUANAJUATO,17,APASEO EL GRANDE,4,APASEO EL ALTO,270,B,19,180,92,26,4,77,3,0,0,0,0,401,15,416,721
11,GUANAJUATO,17,APASEO EL GRANDE,4,APASEO EL ALTO,271,B,153,54,25,47,2,44,5,0,0,0,0,330,0,330,715
11,GUANAJUATO,17,APASEO EL GRANDE,4,APASEO EL ALTO,271,C01,165,42,12,39,1,30,5,0,0,0,0,294,13,307,715
11,GUANAJUATO,17,APASEO EL GRANDE,4,APASEO EL ALTO,272,B,80,38,7,56,0,47,12,0,0,0,0,240,1,241,421
11,GUANAJUATO,17,APASEO EL GRANDE,4,APASEO EL ALTO,272,C01,67,47,12,55,0,51,19,0,0,0,0,251,0,251,421
11,GUANAJUATO,17,APASEO EL GRANDE,4,APASEO EL ALTO,273,B,131,54,30,36,4,77,2,0,0,0,0,334,7,341,702
11,GUANAJUATO,17,APASEO EL GRANDE,4,APASEO EL ALTO,273,C01,140,45,23,34,2,56,2,0,0,0,0,302,10,312,701
11,GUANAJUATO,17,APASEO EL GRANDE,4,APASEO EL ALTO,274,B,126,55,14,21,2,119,2,0,0,0,0,339,14,353,582
11,GUANAJUATO,17,APASEO EL GRANDE,4,APASEO EL ALTO,275,B,80,16,3,36,0,72,4,0,0,0,0,211,0,211,537
11,GUANAJUATO,17,APASEO EL GRANDE,4,APASEO EL ALTO,275,C01,63,32,3,27,0,55,5,0,0,0,0,185,0,185,536
11,GUANAJUATO,17,APASEO EL GRANDE,4,APASEO EL ALTO,276,B,87,47,19,78,5,37,3,0,0,0,0,276,16,292,461
11,GUANAJUATO,17,APASEO EL GRANDE,4,APASEO EL ALTO,276,C01,92,40,13,86,3,15,5,0,0,0,0,254,14,268,460
11,GUANAJUATO,17,APASEO EL GRANDE,4,APASEO EL ALTO,277,B,125,51,10,36,2,51,5,0,0,0,0,280,12,292,685
11,GUANAJUATO,17,APASEO EL GRANDE,4,APASEO EL ALTO,278,B,116,27,0,36,2,55,4,0,0,0,0,240,8,248,567
11,GUANAJUATO,17,APASEO EL GRANDE,4,APASEO EL ALTO,279,B,82,69,3,33,0,31,1,0,0,0,0,219,0,219,419
11,GUANAJUATO,17,APASEO EL GRANDE,4,APASEO EL ALTO,279,C01,63,49,4,35,0,39,1,0,0,0,0,191,3,194,418
11,GUANAJUATO,17,APASEO EL GRANDE,4,APASEO EL ALTO,280,B,56,76,25,13,0,62,3,0,0,0,0,235,16,251,464
11,GUANAJUATO,17,APASEO EL GRANDE,4,APASEO EL ALTO,280,C01,36,82,30,19,2,85,4,0,0,0,0,258,5,263,464
11,GUANAJUATO,17,APASEO EL GRANDE,4,APASEO EL ALTO,281,B,82,54,10,21,1,94,2,0,0,0,0,264,8,272,647
11,GUANAJUATO,17,APASEO EL GRANDE,4,APASEO EL ALTO,282,B,79,95,1,35,1,59,17,0,0,0,0,287,11,298,562
11,GUANAJUATO,17,APASEO EL GRANDE,4,APASEO EL ALTO,283,B,84,71,7,13,1,26,1,0,0,0,0,203,1,204,399
11,GUANAJUATO,17,APASEO EL GRANDE,4,APASEO EL ALTO,283,C01,84,68,15,29,0,19,2,0,0,0,0,217,5,222,398
11,GUANAJUATO,17,APASEO EL GRANDE,4,APASEO EL ALTO,284,B,42,64,13,33,1,83,6,0,0,0,0,242,0,242,529
11,GUANAJUATO,17,APASEO EL GRANDE,4,APASEO EL ALTO,285,B,83,34,9,10,0,43,1,0,0,0,0,180,6,186,383
11,GUANAJUATO,17,APASEO EL GRANDE,4,APASEO EL ALTO,285,C01,108,40,6,11,1,33,1,0,0,0,0,200,5,205,383
11,GUANAJUATO,17,APASEO EL GRANDE,4,APASEO EL ALTO,286,B,193,85,8,18,5,59,3,0,0,0,0,371,17,388,684
11,GUANAJUATO,17,APASEO EL GRANDE,4,APASEO EL ALTO,286,C01,162,105,9,33,4,64,4,0,0,0,0,381,17,398,684
11,GUANAJUATO,17,APASEO EL GRANDE,4,APASEO EL ALTO,287,B,48,38,7,12,0,124,3,0,0,0,0,232,12,244,428
11,GUANAJUATO,17,APASEO EL GRANDE,5,APASEO EL GRANDE,288,B,84,72,9,1,2,36,5,61,0,3,0,273,12,285,569
11,GUANAJUATO,17,APASEO EL GRANDE,5,APASEO EL GRANDE,288,C01,110,71,7,3,2,42,2,49,0,6,0,293,5,298,569
11,GUANAJUATO,17,APASEO EL GRANDE,5,APASEO EL GRANDE,288,C02,82,81,12,3,2,47,1,34,0,6,0,271,5,276,568
11,GUANAJUATO,17,APASEO EL GRANDE,5,APASEO EL GRANDE,288,C03,88,68,15,2,5,35,1,41,0,3,0,260,11,271,568
11,GUANAJUATO,17,APASEO EL GRANDE,5,APASEO EL GRANDE,289,B,172,37,21,3,5,43,1,31,0,1,0,317,9,326,596
11,GUANAJUATO,17,APASEO EL GRANDE,5,APASEO EL GRANDE,289,C01,171,31,11,3,25,60,0,39,0,3,0,344,8,352,595
11,GUANAJUATO,17,APASEO EL GRANDE,5,APASEO EL GRANDE,289,C02,144,52,10,0,9,57,0,36,0,5,1,317,3,320,595
11,GUANAJUATO,17,APASEO EL GRANDE,5,APASEO EL GRANDE,289,C03,144,47,17,2,7,40,0,35,0,5,0,297,8,305,595
11,GUANAJUATO,17,APASEO EL GRANDE,5,APASEO EL GRANDE,290,B,159,61,11,5,9,42,2,36,0,6,0,332,6,338,566
11,GUANAJUATO,17,APASEO EL GRANDE,5,APASEO EL GRANDE,290,C01,131,33,2,5,3,59,1,41,0,6,0,284,5,289,566
11,GUANAJUATO,17,APASEO EL GRANDE,5,APASEO EL GRANDE,290,C02,151,53,9,3,5,36,0,37,0,2,1,299,9,308,566
11,GUANAJUATO,17,APASEO EL GRANDE,5,APASEO EL GRANDE,291,B,157,62,9,0,4,30,2,23,0,2,0,289,7,296,542
11,GUANAJUATO,17,APASEO EL GRANDE,5,APASEO EL GRANDE,291,C01,146,54,7,6,6,52,2,24,0,4,0,302,11,313,542
11,GUANAJUATO,17,APASEO EL GRANDE,5,APASEO EL GRANDE,291,C02,129,46,7,5,10,56,2,37,0,3,0,295,8,303,542
11,GUANAJUATO,17,APASEO EL GRANDE,5,APASEO EL GRANDE,291,S01,27,17,0,2,2,15,1,5,0,2,0,71,1,72,0
11,GUANAJUATO,17,APASEO EL GRANDE,5,APASEO EL GRANDE,292,B,130,70,20,8,9,49,8,28,0,8,0,331,8,339,639
11,GUANAJUATO,17,APASEO EL GRANDE,5,APASEO EL GRANDE,292,C01,146,51,13,7,8,50,8,23,0,3,0,309,7,316,639
11,GUANAJUATO,17,APASEO EL GRANDE,5,APASEO EL GRANDE,292,C02,156,51,17,3,10,66,7,28,0,5,1,344,9,353,639
11,GUANAJUATO,17,APASEO EL GRANDE,5,APASEO EL GRANDE,292,C03,122,44,15,0,16,58,5,30,0,7,0,297,4,301,638
11,GUANAJUATO,17,APASEO EL GRANDE,5,APASEO EL GRANDE,293,B,185,40,21,2,7,44,0,55,0,4,0,358,7,365,652
11,GUANAJUATO,17,APASEO EL GRANDE,5,APASEO EL GRANDE,293,C01,185,52,18,2,7,51,0,39,0,8,0,362,10,372,652
11,GUANAJUATO,17,APASEO EL GRANDE,5,APASEO EL GRANDE,294,B,121,92,20,3,4,53,1,22,0,15,0,335,10,345,701
11,GUANAJUATO,17,APASEO EL GRANDE,5,APASEO EL GRANDE,294,C01,172,79,12,3,6,43,2,15,0,6,0,340,2,342,700
11,GUANAJUATO,17,APASEO EL GRANDE,5,APASEO EL GRANDE,294,C02,151,66,22,5,5,44,3,14,0,9,0,320,9,329,700
11,GUANAJUATO,17,APASEO EL GRANDE,5,APASEO EL GRANDE,294,C03,121,44,18,1,3,68,2,18,0,18,0,293,19,312,700
11,GUANAJUATO,17,APASEO EL GRANDE,5,APASEO EL GRANDE,294,C04,117,59,21,3,3,48,1,18,0,13,0,291,14,305,700
11,GUANAJUATO,17,APASEO EL GRANDE,5,APASEO EL GRANDE,294,C05,106,79,14,2,3,40,2,23,0,8,0,277,14,291,700
11,GUANAJUATO,17,APASEO EL GRANDE,5,APASEO EL GRANDE,295,B,126,28,13,1,5,54,1,21,0,4,0,253,7,260,515
11,GUANAJUATO,17,APASEO EL GRANDE,5,APASEO EL GRANDE,295,C01,114,39,10,6,5,58,2,17,0,5,0,259,1,260,514
11,GUANAJUATO,17,APASEO EL GRANDE,5,APASEO EL GRANDE,295,C02,125,28,14,3,8,46,3,24,0,5,0,259,6,265,514
11,GUANAJUATO,17,APASEO EL GRANDE,5,APASEO EL GRANDE,296,B,186,45,10,6,6,81,5,23,0,5,0,367,8,375,618
11,GUANAJUATO,17,APASEO EL GRANDE,5,APASEO EL GRANDE,296,C01,207,39,9,0,6,57,1,29,0,7,0,355,11,366,617
11,GUANAJUATO,17,APASEO EL GRANDE,5,APASEO EL GRANDE,297,B,136,49,30,2,4,67,0,41,0,8,0,338,11,349,575
11,GUANAJUATO,17,APASEO EL GRANDE,5,APASEO EL GRANDE,297,C01,130,43,21,3,5,61,1,31,0,16,0,311,4,315,574
11,GUANAJUATO,17,APASEO EL GRANDE,5,APASEO EL GRANDE,298,B,106,96,14,6,4,23,3,8,0,5,0,265,17,282,628
11,GUANAJUATO,17,APASEO EL GRANDE,5,APASEO EL GRANDE,299,B,37,43,11,3,2,37,2,14,0,4,0,156,18,174,465
11,GUANAJUATO,17,APASEO EL GRANDE,5,APASEO EL GRANDE,299,C01,33,52,18,6,4,24,1,16,0,1,0,156,14,170,465
11,GUANAJUATO,17,APASEO EL GRANDE,5,APASEO EL GRANDE,300,B,41,78,12,4,1,83,0,14,0,4,0,237,13,250,638
11,GUANAJUATO,17,APASEO EL GRANDE,5,APASEO EL GRANDE,300,C01,46,92,8,9,3,68,2,13,0,2,0,244,6,250,637
11,GUANAJUATO,17,APASEO EL GRANDE,5,APASEO EL GRANDE,301,B,54,75,6,1,2,33,1,19,0,2,0,194,7,201,415
11,GUANAJUATO,17,APASEO EL GRANDE,5,APASEO EL GRANDE,301,C01,61,76,8,2,1,28,1,9,0,5,0,191,1,192,414
11,GUANAJUATO,17,APASEO EL GRANDE,5,APASEO EL GRANDE,301,E01,7,35,24,3,1,33,3,22,0,9,0,138,1,139,270
11,GUANAJUATO,17,APASEO EL GRANDE,5,APASEO EL GRANDE,302,B,131,81,4,4,3,29,5,5,0,5,1,268,6,274,726
11,GUANAJUATO,17,APASEO EL GRANDE,5,APASEO EL GRANDE,302,C01,145,68,7,6,3,32,5,19,0,4,0,289,11,300,726
11,GUANAJUATO,17,APASEO EL GRANDE,5,APASEO EL GRANDE,302,C02,132,67,6,14,1,34,0,18,0,4,0,277,6,283,726
11,GUANAJUATO,17,APASEO EL GRANDE,5,APASEO EL GRANDE,303,B,80,63,7,9,0,9,5,13,0,4,0,190,3,193,477
11,GUANAJUATO,17,APASEO EL GRANDE,5,APASEO EL GRANDE,303,C01,77,77,6,7,1,4,2,12,0,5,0,191,3,194,477
11,GUANAJUATO,17,APASEO EL GRANDE,5,APASEO EL GRANDE,304,B,70,186,7,10,1,10,1,16,0,1,0,303,3,306,609
11,GUANAJUATO,17,APASEO EL GRANDE,5,APASEO EL GRANDE,304,C01,55,212,5,5,1,3,0,18,0,5,0,304,7,311,608
11,GUANAJUATO,17,APASEO EL GRANDE,5,APASEO EL GRANDE,304,C02,58,206,4,11,3,9,0,15,0,4,0,312,7,319,608
11,GUANAJUATO,17,APASEO EL GRANDE,5,APASEO EL GRANDE,305,B,125,45,6,4,2,20,1,10,0,7,0,221,5,226,705
11,GUANAJUATO,17,APASEO EL GRANDE,5,APASEO EL GRANDE,305,C01,146,72,3,4,1,25,3,14,0,6,0,274,11,285,705
11,GUANAJUATO,17,APASEO EL GRANDE,5,APASEO EL GRANDE,306,B,85,49,13,6,2,42,2,5,0,5,0,209,7,216,515
11,GUANAJUATO,17,APASEO EL GRANDE,5,APASEO EL GRANDE,307,B,78,77,4,5,0,28,1,21,0,3,0,218,6,224,517
11,GUANAJUATO,17,APASEO EL GRANDE,5,APASEO EL GRANDE,307,C01,39,74,4,3,0,9,4,32,0,3,0,169,12,181,516
11,GUANAJUATO,17,APASEO EL GRANDE,5,APASEO EL GRANDE,307,C02,71,74,6,1,2,18,0,21,0,2,0,199,8,207,516
11,GUANAJUATO,17,APASEO EL GRANDE,5,APASEO EL GRANDE,308,B,112,56,7,4,1,31,1,7,0,4,0,224,3,227,522
11,GUANAJUATO,17,APASEO EL GRANDE,5,APASEO EL GRANDE,309,B,117,123,18,2,2,41,1,4,0,3,0,314,6,320,684
11,GUANAJUATO,17,APASEO EL GRANDE,5,APASEO EL GRANDE,309,C01,143,99,29,3,0,30,2,6,0,4,0,317,9,326,684
11,GUANAJUATO,17,APASEO EL GRANDE,5,APASEO EL GRANDE,310,B,70,89,7,4,0,32,3,38,0,4,0,253,7,260,536
11,GUANAJUATO,17,APASEO EL GRANDE,5,APASEO EL GRANDE,310,C01,57,81,1,3,2,44,3,33,0,3,0,228,5,233,535
11,GUANAJUATO,17,APASEO EL GRANDE,5,APASEO EL GRANDE,311,B,61,187,6,6,0,25,0,28,0,3,0,316,3,319,575
11,GUANAJUATO,17,APASEO EL GRANDE,5,APASEO EL GRANDE,311,C01,60,211,10,1,3,21,3,11,0,7,0,332,2,334,575
11,GUANAJUATO,17,APASEO EL GRANDE,5,APASEO EL GRANDE,311,C02,71,211,12,2,3,29,1,2,0,5,0,337,4,341,575
11,GUANAJUATO,17,APASEO EL GRANDE,5,APASEO EL GRANDE,311,C03,63,196,6,4,0,38,0,9,0,3,0,322,1,323,574
11,GUANAJUATO,17,APASEO EL GRANDE,5,APASEO EL GRANDE,312,B,98,107,45,7,6,38,3,24,0,1,0,334,3,337,685
11,GUANAJUATO,17,APASEO EL GRANDE,5,APASEO EL GRANDE,313,B,95,60,4,4,1,26,4,3,0,4,0,203,6,209,424
11,GUANAJUATO,17,APASEO EL GRANDE,5,APASEO EL GRANDE,313,C01,76,55,3,1,2,35,3,9,0,4,0,190,4,194,423
11,GUANAJUATO,17,APASEO EL GRANDE,5,APASEO EL GRANDE,313,E01,83,73,8,5,1,30,0,9,0,6,0,217,10,227,526
11,GUANAJUATO,17,APASEO EL GRANDE,5,APASEO EL GRANDE,314,B,86,67,9,7,0,18,2,22,0,3,0,215,9,224,674
11,GUANAJUATO,17,APASEO EL GRANDE,5,APASEO EL GRANDE,314,C01,76,82,15,4,0,13,6,8,0,2,0,207,5,212,674
11,GUANAJUATO,17,APASEO EL GRANDE,5,APASEO EL GRANDE,314,C02,97,85,8,5,1,7,4,9,0,1,0,220,7,227,674
11,GUANAJUATO,17,APASEO EL GRANDE,5,APASEO EL GRANDE,315,B,61,105,5,10,0,20,1,5,0,5,0,214,8,222,720
11,GUANAJUATO,17,APASEO EL GRANDE,5,APASEO EL GRANDE,315,C01,86,110,2,8,1,22,1,5,0,6,0,245,10,255,719
11,GUANAJUATO,17,APASEO EL GRANDE,5,APASEO EL GRANDE,315,E01,54,31,9,6,0,14,2,10,0,10,1,137,8,145,594
11,GUANAJUATO,17,APASEO EL GRANDE,5,APASEO EL GRANDE,316,B,50,62,17,6,2,65,0,7,0,4,0,217,9,226,579
11,GUANAJUATO,17,APASEO EL GRANDE,5,APASEO EL GRANDE,316,C01,47,68,24,7,1,63,1,1,0,2,0,214,8,222,578
11,GUANAJUATO,17,APASEO EL GRANDE,5,APASEO EL GRANDE,317,B,73,70,3,9,4,28,1,18,0,3,0,209,3,212,442
11,GUANAJUATO,17,APASEO EL GRANDE,5,APASEO EL GRANDE,317,C01,67,55,11,7,5,24,4,20,0,5,0,199,12,211,442
11,GUANAJUATO,17,APASEO EL GRANDE,5,APASEO EL GRANDE,318,B,90,82,8,3,1,27,2,43,0,4,1,263,12,275,638
11,GUANAJUATO,17,APASEO EL GRANDE,5,APASEO EL GRANDE,319,B,67,97,11,11,8,41,1,7,0,2,0,249,5,254,708
11,GUANAJUATO,17,APASEO EL GRANDE,5,APASEO EL GRANDE,319,C01,86,80,23,10,9,28,6,3,0,4,0,250,8,258,707
11,GUANAJUATO,17,APASEO EL GRANDE,5,APASEO EL GRANDE,320,B,105,50,16,3,13,93,0,18,0,5,0,303,5,308,644
11,GUANAJUATO,17,APASEO EL GRANDE,5,APASEO EL GRANDE,320,C01,81,62,9,2,4,110,3,14,0,6,1,292,7,299,643
11,GUANAJUATO,17,APASEO EL GRANDE,5,APASEO EL GRANDE,321,B,181,57,21,6,23,28,0,14,0,3,0,335,7,342,638
11,GUANAJUATO,17,APASEO EL GRANDE,5,APASEO EL GRANDE,322,B,125,84,6,4,4,51,2,9,0,6,0,292,3,295,535
11,GUANAJUATO,17,APASEO EL GRANDE,5,APASEO EL GRANDE,322,C01,104,122,5,0,4,36,2,12,0,3,0,290,5,295,535
11,GUANAJUATO,17,APASEO EL GRANDE,5,APASEO EL GRANDE,322,C02,96,91,12,9,6,41,0,18,0,5,0,280,6,286,535
11,GUANAJUATO,17,APASEO EL GRANDE,5,APASEO EL GRANDE,323,B,113,47,25,5,3,36,3,7,0,10,0,250,6,256,460
11,GUANAJUATO,17,APASEO EL GRANDE,5,APASEO EL GRANDE,323,C01,89,57,16,6,4,27,1,10,0,2,0,213,4,217,460
11,GUANAJUATO,17,APASEO EL GRANDE,5,APASEO EL GRANDE,324,B,73,72,22,6,2,75,2,5,0,3,0,261,7,268,605
11,GUANAJUATO,17,APASEO EL GRANDE,5,APASEO EL GRANDE,324,C01,73,90,21,2,1,73,5,14,0,4,1,286,6,292,605
11,GUANAJUATO,17,APASEO EL GRANDE,5,APASEO EL GRANDE,324,C02,79,55,22,5,5,80,3,9,0,6,0,264,9,273,605
11,GUANAJUATO,17,APASEO EL GRANDE,5,APASEO EL GRANDE,325,B,51,55,7,7,2,26,2,6,0,2,0,162,9,171,386
11,GUANAJUATO,17,APASEO EL GRANDE,5,APASEO EL GRANDE,325,C01,34,60,3,4,4,25,2,4,0,5,0,143,5,148,386
11,GUANAJUATO,17,APASEO EL GRANDE,5,APASEO EL GRANDE,326,B,76,69,5,8,3,24,6,5,0,7,0,203,11,214,560
11,GUANAJUATO,17,APASEO EL GRANDE,5,APASEO EL GRANDE,326,C01,93,72,5,11,3,24,4,3,0,4,0,220,0,220,560
11,GUANAJUATO,17,APASEO EL GRANDE,5,APASEO EL GRANDE,326,C02,84,67,3,7,1,18,5,4,0,1,0,195,6,201,560
11,GUANAJUATO,17,APASEO EL GRANDE,5,APASEO EL GRANDE,327,B,73,79,14,11,3,31,10,12,0,3,0,239,3,242,739
11,GUANAJUATO,17,APASEO EL GRANDE,5,APASEO EL GRANDE,327,C01,86,99,10,14,3,30,9,4,0,1,0,258,7,265,738
11,GUANAJUATO,17,APASEO EL GRANDE,5,APASEO EL GRANDE,328,B,78,63,4,10,3,38,4,4,0,4,0,208,10,218,570
11,GUANAJUATO,17,APASEO EL GRANDE,5,APASEO EL GRANDE,328,C01,95,88,3,16,1,52,7,9,0,8,0,279,9,288,570
11,GUANAJUATO,17,APASEO EL GRANDE,5,APASEO EL GRANDE,328,C02,66,86,2,14,1,40,5,10,0,4,0,229,10,239,569
11,GUANAJUATO,17,APASEO EL GRANDE,5,APASEO EL GRANDE,329,B,81,48,3,11,2,44,0,5,0,4,0,199,12,211,467
11,GUANAJUATO,17,APASEO EL GRANDE,5,APASEO EL GRANDE,329,C01,86,38,3,9,2,48,6,9,0,3,0,205,13,218,466
11,GUANAJUATO,17,APASEO EL GRANDE,5,APASEO EL GRANDE,330,B,110,76,3,18,4,42,4,6,0,7,0,273,9,282,693
11,GUANAJUATO,17,APASEO EL GRANDE,5,APASEO EL GRANDE,330,C01,83,76,5,12,7,58,4,5,0,3,0,254,16,270,692
11,GUANAJUATO,2,SAN LUIS DE LA PAZ,6,ATARJEA,331,B,367,111,0,79,0,0,5,0,0,0,0,570,9,579,672
11,GUANAJUATO,2,SAN LUIS DE LA PAZ,6,ATARJEA,332,B,112,20,0,3,0,0,0,0,0,0,0,135,7,142,181
11,GUANAJUATO,2,SAN LUIS DE LA PAZ,6,ATARJEA,332,E01,277,43,0,29,0,0,2,0,0,0,0,354,5,359,405
11,GUANAJUATO,2,SAN LUIS DE LA PAZ,6,ATARJEA,332,E02,62,38,0,12,0,0,0,0,0,0,0,113,2,115,156
11,GUANAJUATO,2,SAN LUIS DE LA PAZ,6,ATARJEA,333,B,106,26,0,7,0,0,1,0,0,0,0,140,2,142,167
11,GUANAJUATO,2,SAN LUIS DE LA PAZ,6,ATARJEA,333,E01,200,86,0,62,0,0,5,0,0,0,0,360,2,362,427
11,GUANAJUATO,2,SAN LUIS DE LA PAZ,6,ATARJEA,333,E01C01,164,104,0,74,0,0,2,0,0,0,0,350,14,364,427
11,GUANAJUATO,2,SAN LUIS DE LA PAZ,6,ATARJEA,334,B,359,128,0,71,0,0,3,0,0,0,0,570,8,578,668
11,GUANAJUATO,2,SAN LUIS DE LA PAZ,6,ATARJEA,335,B,192,159,0,34,0,0,6,0,0,0,0,398,7,405,490
11,GUANAJUATO,2,SAN LUIS DE LA PAZ,6,ATARJEA,335,C01,195,171,0,23,0,0,3,0,0,0,0,397,5,402,490
11,GUANAJUATO,16,CELAYA,7,CELAYA,336,B,131,54,4,9,6,24,9,24,9,15,0,288,5,293,739
11,GUANAJUATO,16,CELAYA,7,CELAYA,336,C01,114,49,6,10,10,18,12,31,13,17,0,284,4,288,739
11,GUANAJUATO,16,CELAYA,7,CELAYA,336,C02,107,59,10,14,10,25,15,17,10,8,1,277,0,277,739
11,GUANAJUATO,16,CELAYA,7,CELAYA,336,C03,108,65,10,13,4,34,15,11,7,17,0,284,8,292,739
11,GUANAJUATO,16,CELAYA,7,CELAYA,336,C04,126,44,10,14,10,23,11,20,6,15,0,280,12,292,739
11,GUANAJUATO,16,CELAYA,7,CELAYA,336,C05,113,55,7,10,5,23,10,11,8,15,0,260,8,268,739
11,GUANAJUATO,16,CELAYA,7,CELAYA,336,C06,113,61,6,17,8,23,19,23,3,13,0,290,9,299,739
11,GUANAJUATO,16,CELAYA,7,CELAYA,336,C07,91,54,5,13,3,34,10,29,8,11,0,262,5,267,739
11,GUANAJUATO,16,CELAYA,7,CELAYA,336,C08,111,55,5,20,9,21,10,15,6,10,0,265,5,270,739
11,GUANAJUATO,16,CELAYA,7,CELAYA,336,C09,131,46,11,18,8,28,16,19,5,14,0,298,8,306,739
11,GUANAJUATO,16,CELAYA,7,CELAYA,336,C10,110,65,5,13,5,26,10,27,4,10,1,279,9,288,739
11,GUANAJUATO,16,CELAYA,7,CELAYA,336,C11,120,58,9,19,9,13,8,20,11,19,0,289,9,298,739
11,GUANAJUATO,16,CELAYA,7,CELAYA,336,C12,110,62,9,9,9,23,5,28,7,11,1,278,6,284,739
11,GUANAJUATO,16,CELAYA,7,CELAYA,336,C13,107,44,8,11,7,22,5,16,4,11,1,237,9,246,739
11,GUANAJUATO,16,CELAYA,7,CELAYA,336,C14,96,45,5,19,5,17,15,23,10,9,1,248,8,256,738
11,GUANAJUATO,16,CELAYA,7,CELAYA,336,C15,85,51,9,15,6,20,7,20,5,14,0,236,0,236,738
11,GUANAJUATO,16,CELAYA,7,CELAYA,336,C16,115,54,7,8,8,14,11,24,8,18,0,272,9,281,738
11,GUANAJUATO,16,CELAYA,7,CELAYA,336,C17,109,68,7,10,14,23,10,25,10,14,0,291,11,302,738
11,GUANAJUATO,16,CELAYA,7,CELAYA,336,C18,111,58,3,12,6,22,10,19,9,14,0,265,7,272,738
11,GUANAJUATO,16,CELAYA,7,CELAYA,337,B,133,54,5,12,2,26,10,31,2,0,0,275,0,275,638
11,GUANAJUATO,16,CELAYA,7,CELAYA,337,C01,144,56,1,17,3,21,14,30,0,4,0,293,7,300,638
11,GUANAJUATO,16,CELAYA,7,CELAYA,338,B,135,59,6,9,3,15,10,29,9,10,0,287,7,294,671
11,GUANAJUATO,16,CELAYA,7,CELAYA,338,C01,142,60,9,7,5,18,9,28,8,8,0,294,11,305,671
11,GUANAJUATO,16,CELAYA,7,CELAYA,338,C02,132,40,4,6,8,18,13,18,6,7,0,253,16,269,670
11,GUANAJUATO,16,CELAYA,7,CELAYA,338,C03,130,31,7,9,10,16,15,32,7,9,0,268,10,278,670
11,GUANAJUATO,16,CELAYA,7,CELAYA,338,C04,154,49,6,10,9,16,9,25,10,13,1,304,4,308,670
11,GUANAJUATO,16,CELAYA,7,CELAYA,339,B,137,57,8,11,9,26,10,19,13,11,0,305,7,312,728
11,GUANAJUATO,16,CELAYA,7,CELAYA,339,C01,140,44,8,12,5,16,7,16,7,16,1,274,3,277,728
11,GUANAJUATO,16,CELAYA,7,CELAYA,339,C02,90,46,14,3,8,20,16,20,13,6,0,238,10,248,727
11,GUANAJUATO,16,CELAYA,7,CELAYA,339,C03,113,54,10,17,12,18,9,21,11,17,0,286,4,290,727
11,GUANAJUATO,16,CELAYA,7,CELAYA,339,C04,117,49,5,22,11,12,10,25,13,13,3,280,12,292,727
11,GUANAJUATO,16,CELAYA,7,CELAYA,340,B,76,63,8,14,8,22,6,21,11,8,0,241,4,245,629
11,GUANAJUATO,16,CELAYA,7,CELAYA,340,C01,68,38,4,13,6,39,17,26,1,8,0,223,13,236,629
11,GUANAJUATO,16,CELAYA,7,CELAYA,340,C02,77,57,8,9,2,33,7,16,9,6,0,225,5,230,628
11,GUANAJUATO,16,CELAYA,7,CELAYA,341,B,83,71,4,12,3,19,5,9,10,11,0,234,10,244,704
11,GUANAJUATO,16,CELAYA,7,CELAYA,341,C01,71,53,3,20,6,24,13,15,3,6,0,217,3,220,704
11,GUANAJUATO,16,CELAYA,7,CELAYA,341,C02,51,67,9,13,7,20,8,18,3,11,0,208,0,208,704
11,GUANAJUATO,16,CELAYA,7,CELAYA,341,C03,93,57,10,15,4,25,11,25,5,6,0,256,12,268,704
11,GUANAJUATO,16,CELAYA,7,CELAYA,341,C04,72,56,6,14,8,19,8,13,9,9,0,216,7,223,703
11,GUANAJUATO,16,CELAYA,7,CELAYA,341,C05,57,56,5,14,4,24,4,17,4,10,0,198,5,203,703
11,GUANAJUATO,16,CELAYA,7,CELAYA,341,C06,74,58,10,22,7,20,6,9,3,5,0,221,2,223,703
11,GUANAJUATO,16,CELAYA,7,CELAYA,342,B,76,54,3,12,6,31,11,13,2,6,0,215,5,220,659
11,GUANAJUATO,16,CELAYA,7,CELAYA,342,C01,57,44,7,18,5,24,3,21,4,13,0,200,0,200,658
11,GUANAJUATO,16,CELAYA,7,CELAYA,342,C02,62,50,2,8,9,19,7,15,7,9,0,192,5,197,658
11,GUANAJUATO,16,CELAYA,7,CELAYA,342,C03,65,48,5,15,2,15,12,13,7,6,0,193,3,196,658
11,GUANAJUATO,16,CELAYA,7,CELAYA,342,C04,91,64,7,17,7,14,8,8,2,14,0,238,10,248,658
11,GUANAJUATO,16,CELAYA,7,CELAYA,343,B,97,43,5,10,14,20,18,18,6,11,0,246,6,252,727
11,GUANAJUATO,16,CELAYA,7,CELAYA,343,C01,76,65,4,20,7,25,11,25,5,10,0,250,7,257,727
11,GUANAJUATO,16,CELAYA,7,CELAYA,343,C02,97,52,5,10,16,24,10,15,8,10,2,251,8,259,727
11,GUANAJUATO,16,CELAYA,7,CELAYA,343,C03,101,51,9,15,15,25,7,24,7,9,0,263,3,266,727
11,GUANAJUATO,16,CELAYA,7,CELAYA,343,C04,94,44,10,19,9,17,7,29,4,15,0,251,7,258,727
11,GUANAJUATO,16,CELAYA,7,CELAYA,343,C05,102,45,8,11,17,32,14,21,7,12,0,269,0,269,727
11,GUANAJUATO,16,CELAYA,7,CELAYA,343,C06,86,39,6,18,9,22,6,13,10,9,1,220,7,227,727
11,GUANAJUATO,16,CELAYA,7,CELAYA,343,C07,93,53,2,15,14,17,17,20,9,11,0,251,8,259,727
11,GUANAJUATO,16,CELAYA,7,CELAYA,343,C08,103,47,4,17,10,22,5,18,5,13,0,246,3,249,727
11,GUANAJUATO,16,CELAYA,7,CELAYA,343,C09,96,51,9,12,10,23,7,29,4,12,0,255,6,261,727
11,GUANAJUATO,16,CELAYA,7,CELAYA,343,C10,104,46,4,11,10,17,22,13,7,18,0,252,4,256,726
11,GUANAJUATO,16,CELAYA,7,CELAYA,344,B,61,72,6,31,7,20,14,20,8,13,0,259,3,262,686
11,GUANAJUATO,16,CELAYA,7,CELAYA,344,C01,47,67,2,30,3,34,10,10,3,4,0,220,5,225,686
11,GUANAJUATO,16,CELAYA,7,CELAYA,344,C02,70,76,1,24,7,25,18,18,5,8,0,252,0,252,685
11,GUANAJUATO,16,CELAYA,7,CELAYA,345,B,84,60,5,12,4,29,8,14,4,4,0,224,10,234,592
11,GUANAJUATO,16,CELAYA,7,CELAYA,345,C01,79,49,6,19,8,24,9,19,2,8,0,231,4,235,592
11,GUANAJUATO,16,CELAYA,7,CELAYA,346,B,115,53,17,21,4,22,8,25,5,11,0,284,13,297,750
11,GUANAJUATO,16,CELAYA,7,CELAYA,346,C01,94,62,18,22,7,33,4,19,9,23,0,297,4,301,750
11,GUANAJUATO,15,CELAYA,7,CELAYA,348,B,71,51,8,21,4,14,3,11,3,6,0,193,10,203,596
11,GUANAJUATO,15,CELAYA,7,CELAYA,348,C01,62,39,2,16,7,6,2,13,2,7,1,161,12,173,596
11,GUANAJUATO,15,CELAYA,7,CELAYA,349,B,88,46,4,17,12,17,4,15,9,13,0,230,9,239,622
11,GUANAJUATO,15,CELAYA,7,CELAYA,349,C01,92,38,7,20,5,32,5,13,3,2,0,220,9,229,622
11,GUANAJUATO,16,CELAYA,7,CELAYA,350,B,81,50,12,9,3,14,11,24,9,11,0,229,11,240,608
11,GUANAJUATO,16,CELAYA,7,CELAYA,350,C01,78,58,13,16,9,16,9,23,6,8,0,237,7,244,607
11,GUANAJUATO,16,CELAYA,7,CELAYA,351,B,115,62,9,10,5,13,8,35,8,9,0,278,12,290,483
11,GUANAJUATO,16,CELAYA,7,CELAYA,351,C01,100,59,3,10,3,23,11,30,6,9,0,256,15,271,482
11,GUANAJUATO,16,CELAYA,7,CELAYA,352,B,59,57,5,25,3,48,2,10,6,11,0,231,1,232,659
11,GUANAJUATO,16,CELAYA,7,CELAYA,352,C01,82,44,3,17,4,47,5,9,3,4,1,222,8,230,659
11,GUANAJUATO,16,CELAYA,7,CELAYA,352,C02,45,41,3,12,6,43,6,11,6,13,0,191,12,203,658
11,GUANAJUATO,16,CELAYA,7,CELAYA,352,C03,57,41,3,14,2,46,4,14,3,6,1,194,5,199,658
11,GUANAJUATO,16,CELAYA,7,CELAYA,353,B,83,63,6,18,9,14,6,29,8,12,1,253,10,263,656
11,GUANAJUATO,16,CELAYA,7,CELAYA,353,C01,77,69,1,17,4,21,6,19,4,9,1,236,6,242,655
11,GUANAJUATO,16,CELAYA,7,CELAYA,354,B,40,44,2,16,4,13,3,20,0,12,0,156,3,159,390
11,GUANAJUATO,16,CELAYA,7,CELAYA,354,C01,43,36,3,14,6,20,5,8,3,10,0,153,2,155,390
11,GUANAJUATO,16,CELAYA,7,CELAYA,355,B,56,56,3,11,9,16,7,15,5,6,0,189,1,190,518
11,GUANAJUATO,16,CELAYA,7,CELAYA,355,C01,68,66,2,15,7,16,10,24,3,8,0,223,1,224,518
11,GUANAJUATO,16,CELAYA,7,CELAYA,355,C02,73,53,10,20,6,15,9,26,7,7,0,229,13,242,517
11,GUANAJUATO,16,CELAYA,7,CELAYA,356,B,132,57,2,12,11,16,10,12,5,3,0,263,6,269,619
11,GUANAJUATO,16,CELAYA,7,CELAYA,356,C01,115,48,3,11,9,16,9,18,7,6,0,243,6,249,619
11,GUANAJUATO,16,CELAYA,7,CELAYA,356,C02,153,58,1,14,5,16,13,15,3,5,0,287,6,293,619
11,GUANAJUATO,16,CELAYA,7,CELAYA,356,C03,99,58,1,19,9,8,7,21,2,6,0,236,8,244,619
11,GUANAJUATO,16,CELAYA,7,CELAYA,356,C04,108,38,2,13,8,11,5,17,7,8,0,220,4,224,618
11,GUANAJUATO,16,CELAYA,7,CELAYA,357,B,75,47,8,7,3,14,18,11,14,12,0,212,6,218,543
11,GUANAJUATO,16,CELAYA,7,CELAYA,357,C01,83,38,3,5,2,5,11,9,13,6,0,175,4,179,543
11,GUANAJUATO,16,CELAYA,7,CELAYA,357,C02,106,37,7,7,7,7,4,10,5,4,0,197,0,197,543
11,GUANAJUATO,16,CELAYA,7,CELAYA,358,B,75,66,5,7,5,14,9,37,8,10,2,240,15,255,510
11,GUANAJUATO,16,CELAYA,7,CELAYA,359,B,90,97,5,20,11,16,13,33,5,5,2,297,15,312,570
11,GUANAJUATO,16,CELAYA,7,CELAYA,359,C01,114,88,3,12,6,19,13,20,3,14,0,297,16,313,570
11,GUANAJUATO,15,CELAYA,7,CELAYA,360,B,97,63,3,11,4,15,16,29,5,6,0,253,10,263,595
11,GUANAJUATO,15,CELAYA,7,CELAYA,360,C01,94,60,8,13,4,22,11,15,5,12,0,245,6,251,595
11,GUANAJUATO,15,CELAYA,7,CELAYA,361,B,147,47,1,17,11,15,9,33,6,12,3,302,18,320,667
11,GUANAJUATO,15,CELAYA,7,CELAYA,361,C01,140,40,2,15,11,8,9,32,5,8,0,270,10,280,666
11,GUANAJUATO,15,CELAYA,7,CELAYA,362,B,171,46,7,11,4,19,14,42,5,10,0,332,9,341,628
11,GUANAJUATO,15,CELAYA,7,CELAYA,362,C01,172,42,5,8,9,12,9,30,8,9,0,304,13,317,627
11,GUANAJUATO,15,CELAYA,7,CELAYA,362,C02,161,36,5,17,11,17,8,45,6,15,0,323,12,335,627
11,GUANAJUATO,15,CELAYA,7,CELAYA,362,C03,174,37,7,6,9,18,10,33,16,7,2,320,11,331,627
11,GUANAJUATO,15,CELAYA,7,CELAYA,363,B,109,44,2,15,3,39,7,20,8,12,0,260,8,268,521
11,GUANAJUATO,15,CELAYA,7,CELAYA,363,C01,116,36,6,8,2,27,3,19,7,8,0,235,7,242,520
11,GUANAJUATO,15,CELAYA,7,CELAYA,364,B,88,46,4,14,9,24,10,20,11,3,0,232,5,237,494
11,GUANAJUATO,15,CELAYA,7,CELAYA,364,C01,99,41,9,20,13,15,6,12,13,11,0,241,9,250,494
11,GUANAJUATO,15,CELAYA,7,CELAYA,365,B,110,68,3,9,12,19,4,7,2,12,1,253,16,269,562
11,GUANAJUATO,15,CELAYA,7,CELAYA,366,B,114,73,5,17,7,15,19,28,13,14,1,306,10,316,716
11,GUANAJUATO,15,CELAYA,7,CELAYA,366,C01,117,72,9,23,9,16,16,28,6,12,0,314,7,321,716
11,GUANAJUATO,15,CELAYA,7,CELAYA,366,C02,131,64,6,17,5,16,16,17,7,10,0,295,10,305,716
11,GUANAJUATO,15,CELAYA,7,CELAYA,366,C03,108,65,8,17,7,17,8,27,9,11,0,280,13,293,716
11,GUANAJUATO,15,CELAYA,7,CELAYA,366,C04,109,65,3,11,4,21,8,24,15,8,0,271,0,271,715
11,GUANAJUATO,15,CELAYA,7,CELAYA,367,B,71,40,3,11,2,6,5,13,7,7,0,171,10,181,424
11,GUANAJUATO,15,CELAYA,7,CELAYA,367,C01,71,42,2,14,2,8,6,6,8,8,0,171,10,181,424
11,GUANAJUATO,15,CELAYA,7,CELAYA,368,B,98,49,10,10,10,15,8,14,7,16,0,240,6,246,487
11,GUANAJUATO,15,CELAYA,7,CELAYA,368,C01,87,35,4,16,4,10,13,22,14,7,0,216,7,223,487
11,GUANAJUATO,15,CELAYA,7,CELAYA,369,B,124,48,5,3,8,11,11,26,9,4,0,253,7,260,463
11,GUANAJUATO,15,CELAYA,7,CELAYA,369,C01,106,55,4,13,7,20,12,34,6,3,0,261,10,271,462
11,GUANAJUATO,15,CELAYA,7,CELAYA,370,B,78,63,5,11,2,17,5,15,2,5,0,210,6,216,556
11,GUANAJUATO,15,CELAYA,7,CELAYA,370,C01,75,53,7,12,9,8,11,18,5,5,0,203,8,211,556
11,GUANAJUATO,15,CELAYA,7,CELAYA,371,B,72,61,2,12,2,8,6,15,7,5,0,193,10,203,505
11,GUANAJUATO,15,CELAYA,7,CELAYA,371,C01,74,35,2,20,4,15,9,14,2,2,0,183,9,192,504
11,GUANAJUATO,15,CELAYA,7,CELAYA,371,C02,87,41,0,12,2,10,3,11,3,6,0,178,14,192,504
11,GUANAJUATO,16,CELAYA,7,CELAYA,372,B,146,52,3,2,8,9,11,23,5,2,0,266,8,274,600
11,GUANAJUATO,16,CELAYA,7,CELAYA,372,C01,129,35,3,10,11,14,9,26,3,12,0,253,2,255,599
11,GUANAJUATO,16,CELAYA,7,CELAYA,373,B,93,49,6,7,3,7,7,13,9,13,1,210,5,215,521
11,GUANAJUATO,16,CELAYA,7,CELAYA,373,C01,86,41,4,15,8,4,6,10,9,3,0,186,6,192,520
11,GUANAJUATO,16,CELAYA,7,CELAYA,373,C02,84,48,4,8,8,9,4,19,8,10,0,206,7,213,520
11,GUANAJUATO,16,CELAYA,7,CELAYA,374,B,130,41,5,7,3,17,9,19,4,5,0,243,7,250,502
11,GUANAJUATO,16,CELAYA,7,CELAYA,374,C01,142,46,5,10,6,14,8,22,6,5,0,268,5,273,501
11,GUANAJUATO,16,CELAYA,7,CELAYA,374,C02,125,144,5,3,9,6,10,21,2,7,0,332,8,340,501
11,GUANAJUATO,16,CELAYA,7,CELAYA,375,B,81,58,5,14,11,21,8,24,6,8,0,239,8,247,591
11,GUANAJUATO,16,CELAYA,7,CELAYA,375,C01,87,74,6,16,6,20,7,17,2,6,0,246,5,251,591
11,GUANAJUATO,16,CELAYA,7,CELAYA,376,B,172,46,4,9,6,16,13,48,17,19,2,354,10,364,716
11,GUANAJUATO,16,CELAYA,7,CELAYA,376,C01,148,44,4,9,5,18,11,45,10,12,1,308,9,317,715
11,GUANAJUATO,15,CELAYA,7,CELAYA,377,B,104,43,4,16,8,2,7,19,6,14,0,230,0,230,480
11,GUANAJUATO,15,CELAYA,7,CELAYA,377,C01,90,51,4,11,7,14,8,11,8,8,0,214,0,214,479
11,GUANAJUATO,15,CELAYA,7,CELAYA,378,B,117,46,3,20,10,19,8,21,7,11,0,272,9,281,539
11,GUANAJUATO,15,CELAYA,7,CELAYA,378,C01,84,55,10,22,12,21,7,19,4,10,0,244,14,258,538
11,GUANAJUATO,15,CELAYA,7,CELAYA,379,B,93,53,11,13,4,12,7,29,11,9,2,246,9,255,600
11,GUANAJUATO,15,CELAYA,7,CELAYA,379,C01,88,65,11,16,3,12,5,28,10,10,0,255,5,260,599
11,GUANAJUATO,15,CELAYA,7,CELAYA,380,B,65,47,3,17,7,5,8,14,7,7,2,194,14,208,390
11,GUANAJUATO,15,CELAYA,7,CELAYA,380,C01,65,29,6,15,8,8,4,18,3,6,0,164,7,171,390
11,GUANAJUATO,15,CELAYA,7,CELAYA,381,B,128,80,6,19,4,17,13,23,9,15,0,316,4,320,692
11,GUANAJUATO,15,CELAYA,7,CELAYA,381,C01,100,74,4,19,3,9,9,31,13,11,1,278,5,283,692
11,GUANAJUATO,15,CELAYA,7,CELAYA,382,B,103,69,2,16,4,21,10,23,1,10,0,261,4,265,668
11,GUANAJUATO,15,CELAYA,7,CELAYA,382,C01,106,57,4,15,6,26,13,19,7,12,0,269,11,280,668
11,GUANAJUATO,15,CELAYA,7,CELAYA,383,B,135,67,7,17,8,24,5,33,4,14,0,317,14,331,689
11,GUANAJUATO,15,CELAYA,7,CELAYA,383,C01,151,49,5,7,9,14,12,32,9,17,1,307,11,318,688
11,GUANAJUATO,15,CELAYA,7,CELAYA,384,B,133,39,8,9,7,15,9,34,5,11,0,272,4,276,567
11,GUANAJUATO,15,CELAYA,7,CELAYA,384,C01,140,42,11,12,5,22,8,38,6,13,1,302,8,310,567
11,GUANAJUATO,15,CELAYA,7,CELAYA,384,C02,128,43,6,13,8,19,7,30,4,8,0,268,14,282,566
11,GUANAJUATO,15,CELAYA,7,CELAYA,385,B,155,36,2,8,10,11,13,33,13,12,1,295,16,311,547
11,GUANAJUATO,15,CELAYA,7,CELAYA,385,C01,139,35,2,12,6,9,6,27,6,13,1,259,16,275,547
11,GUANAJUATO,15,CELAYA,7,CELAYA,386,B,145,28,3,7,8,21,8,29,6,10,0,265,8,273,461
11,GUANAJUATO,15,CELAYA,7,CELAYA,386,C01,120,36,5,5,3,20,9,25,4,6,0,233,10,243,461
11,GUANAJUATO,15,CELAYA,7,CELAYA,387,B,142,56,7,22,4,15,9,32,5,7,0,303,12,315,706
11,GUANAJUATO,15,CELAYA,7,CELAYA,387,C01,120,59,3,14,16,13,17,33,6,14,0,301,6,307,705
11,GUANAJUATO,16,CELAYA,7,CELAYA,388,B,174,82,3,7,5,17,8,23,2,4,1,326,17,343,523
11,GUANAJUATO,16,CELAYA,7,CELAYA,388,C01,165,78,1,8,13,14,6,12,1,4,0,305,20,325,523
11,GUANAJUATO,16,CELAYA,7,CELAYA,389,B,136,67,2,9,0,10,12,8,1,1,0,249,9,258,384
11,GUANAJUATO,16,CELAYA,7,CELAYA,389,C01,138,59,4,2,2,11,6,16,0,2,0,241,7,248,383
11,GUANAJUATO,16,CELAYA,7,CELAYA,390,B,118,40,3,12,13,15,7,28,9,6,0,256,4,260,482
11,GUANAJUATO,16,CELAYA,7,CELAYA,390,C01,109,57,1,7,8,17,5,23,5,7,0,245,0,245,481
11,GUANAJUATO,16,CELAYA,7,CELAYA,391,B,96,58,0,14,10,8,5,16,4,10,0,225,5,230,475
11,GUANAJUATO,16,CELAYA,7,CELAYA,391,C01,100,41,2,9,9,6,4,15,3,5,0,198,9,207,474
11,GUANAJUATO,15,CELAYA,7,CELAYA,392,B,95,52,4,18,10,20,7,21,6,9,0,249,9,258,617
11,GUANAJUATO,15,CELAYA,7,CELAYA,392,C01,110,51,5,12,6,14,8,15,5,9,0,238,8,246,616
11,GUANAJUATO,15,CELAYA,7,CELAYA,393,B,174,21,2,6,9,15,8,31,6,8,0,283,9,292,503
11,GUANAJUATO,15,CELAYA,7,CELAYA,393,C01,170,33,3,7,6,21,8,31,4,5,0,288,11,299,502
11,GUANAJUATO,16,CELAYA,7,CELAYA,394,B,178,77,4,9,9,20,13,20,5,7,0,349,8,357,688
11,GUANAJUATO,16,CELAYA,7,CELAYA,395,B,121,39,4,9,10,11,8,23,3,9,0,240,8,248,441
11,GUANAJUATO,16,CELAYA,7,CELAYA,396,B,228,70,4,10,5,15,17,32,4,1,0,390,9,399,589
11,GUANAJUATO,16,CELAYA,7,CELAYA,397,B,216,103,3,19,9,29,10,19,6,9,3,431,19,450,713
11,GUANAJUATO,16,CELAYA,7,CELAYA,398,B,109,52,4,11,7,18,4,27,2,2,0,242,9,251,492
11,GUANAJUATO,16,CELAYA,7,CELAYA,398,C01,98,49,5,13,6,15,5,11,6,10,0,222,5,227,491
11,GUANAJUATO,16,CELAYA,7,CELAYA,399,B,148,109,4,11,7,21,11,24,10,11,0,360,9,369,635
11,GUANAJUATO,16,CELAYA,7,CELAYA,399,C01,143,70,3,13,4,21,8,26,5,6,1,307,13,320,634
11,GUANAJUATO,16,CELAYA,7,CELAYA,400,B,96,52,0,13,3,9,6,6,3,3,1,194,10,204,503
11,GUANAJUATO,16,CELAYA,7,CELAYA,400,C01,94,46,8,11,7,13,7,9,1,8,0,204,3,207,503
11,GUANAJUATO,16,CELAYA,7,CELAYA,401,B,106,73,4,12,8,9,10,22,8,8,0,270,17,287,670
11,GUANAJUATO,16,CELAYA,7,CELAYA,401,C01,105,85,4,5,9,18,12,15,5,7,2,272,11,283,670
11,GUANAJUATO,16,CELAYA,7,CELAYA,402,B,152,83,9,11,3,18,9,15,2,4,1,310,7,317,701
11,GUANAJUATO,16,CELAYA,7,CELAYA,402,C01,159,70,4,5,3,24,7,20,4,2,0,301,10,311,700
11,GUANAJUATO,16,CELAYA,7,CELAYA,402,C02,124,65,6,22,12,24,6,10,5,7,0,285,11,296,700
11,GUANAJUATO,16,CELAYA,7,CELAYA,402,C03,134,57,5,10,6,28,5,24,1,6,0,283,8,291,700
11,GUANAJUATO,16,CELAYA,7,CELAYA,402,C04,141,63,1,9,3,20,4,21,9,6,0,278,7,285,700
11,GUANAJUATO,16,CELAYA,7,CELAYA,402,C05,145,63,9,15,2,17,10,17,10,8,0,299,5,304,700
11,GUANAJUATO,16,CELAYA,7,CELAYA,403,B,167,71,1,11,5,17,9,21,7,11,0,321,5,326,593
11,GUANAJUATO,16,CELAYA,7,CELAYA,404,B,174,52,4,8,10,21,9,26,1,7,0,315,10,325,574
11,GUANAJUATO,16,CELAYA,7,CELAYA,405,B,169,45,4,16,6,28,5,55,14,7,2,358,10,368,641
11,GUANAJUATO,16,CELAYA,7,CELAYA,406,B,125,76,5,18,11,7,11,28,6,9,0,301,7,308,640
11,GUANAJUATO,15,CELAYA,7,CELAYA,407,B,100,45,8,21,4,14,7,17,4,11,0,236,10,246,475
11,GUANAJUATO,15,CELAYA,7,CELAYA,407,C01,107,53,1,26,3,14,13,20,8,6,0,256,7,263,474
11,GUANAJUATO,15,CELAYA,7,CELAYA,408,B,135,40,9,4,12,13,11,33,6,9,1,278,4,282,484
11,GUANAJUATO,15,CELAYA,7,CELAYA,408,C01,153,40,2,7,4,13,7,17,12,10,1,269,6,275,483
11,GUANAJUATO,15,CELAYA,7,CELAYA,409,B,124,48,8,6,8,15,9,25,4,10,0,258,10,268,419
11,GUANAJUATO,15,CELAYA,7,CELAYA,409,C01,120,47,8,6,3,13,4,29,2,6,0,238,9,247,418
11,GUANAJUATO,15,CELAYA,7,CELAYA,410,B,91,44,12,15,10,7,5,18,4,11,0,218,3,221,414
11,GUANAJUATO,15,CELAYA,7,CELAYA,410,C01,80,47,4,15,5,10,4,16,3,14,0,199,6,205,414
11,GUANAJUATO,15,CELAYA,7,CELAYA,411,B,76,44,9,9,5,10,8,18,7,2,0,193,12,205,422
11,GUANAJUATO,15,CELAYA,7,CELAYA,411,C01,60,53,4,7,5,10,7,19,9,11,0,185,17,202,422
11,GUANAJUATO,15,CELAYA,7,CELAYA,412,B,167,41,7,12,17,26,12,34,10,11,0,340,9,349,698
11,GUANAJUATO,15,CELAYA,7,CELAYA,412,C01,161,38,8,6,6,19,7,37,5,14,0,305,17,322,698
11,GUANAJUATO,15,CELAYA,7,CELAYA,412,C02,141,52,7,16,11,14,7,44,13,14,0,319,15,334,698
11,GUANAJUATO,15,CELAYA,7,CELAYA,412,C03,144,45,9,12,10,23,9,30,6,19,0,309,15,324,698
11,GUANAJUATO,15,CELAYA,7,CELAYA,412,C04,166,50,11,11,5,21,11,23,9,13,0,320,18,338,698
11,GUANAJUATO,15,CELAYA,7,CELAYA,412,C05,166,54,12,9,11,17,5,34,10,15,0,337,17,354,698
11,GUANAJUATO,15,CELAYA,7,CELAYA,412,C06,151,41,11,16,14,21,15,34,12,16,1,335,9,344,698
11,GUANAJUATO,15,CELAYA,7,CELAYA,412,C07,160,52,10,11,10,18,5,36,10,15,0,327,8,335,698
11,GUANAJUATO,15,CELAYA,7,CELAYA,412,C08,154,39,8,15,6,15,12,49,8,13,0,321,6,327,698
11,GUANAJUATO,15,CELAYA,7,CELAYA,412,C09,146,49,10,17,10,24,6,31,6,11,0,392,17,409,698
11,GUANAJUATO,15,CELAYA,7,CELAYA,412,C10,155,45,5,10,7,18,11,36,3,18,1,312,15,327,697
11,GUANAJUATO,15,CELAYA,7,CELAYA,412,C11,154,31,8,7,11,14,5,37,10,10,0,291,15,306,697
11,GUANAJUATO,15,CELAYA,7,CELAYA,413,B,115,62,5,11,3,12,7,14,9,13,0,252,7,259,451
11,GUANAJUATO,15,CELAYA,7,CELAYA,413,C01,103,64,6,14,12,3,4,18,11,15,2,255,6,261,451
11,GUANAJUATO,15,CELAYA,7,CELAYA,414,B,140,40,3,13,13,8,6,27,9,9,0,271,15,286,479
11,GUANAJUATO,15,CELAYA,7,CELAYA,414,C01,136,36,7,2,5,10,15,40,7,8,0,267,8,275,479
11,GUANAJUATO,15,CELAYA,7,CELAYA,415,B,212,39,5,14,11,20,7,23,8,11,0,351,17,368,586
11,GUANAJUATO,15,CELAYA,7,CELAYA,415,C01,186,45,3,5,8,16,9,39,8,9,0,329,0,329,585
11,GUANAJUATO,15,CELAYA,7,CELAYA,416,B,109,58,2,14,11,13,9,20,9,14,0,265,16,281,544
11,GUANAJUATO,15,CELAYA,7,CELAYA,416,C01,99,56,4,11,15,15,8,29,8,5,0,256,10,266,544
11,GUANAJUATO,15,CELAYA,7,CELAYA,417,B,114,71,6,21,13,4,8,27,17,16,0,301,14,315,671
11,GUANAJUATO,15,CELAYA,7,CELAYA,418,B,120,77,3,12,14,15,12,37,8,10,0,311,17,328,726
11,GUANAJUATO,16,CELAYA,7,CELAYA,419,B,142,67,3,8,13,14,8,25,6,8,0,295,9,304,565
11,GUANAJUATO,16,CELAYA,7,CELAYA,420,B,132,39,2,11,10,20,6,12,6,6,1,246,6,252,509
11,GUANAJUATO,16,CELAYA,7,CELAYA,421,B,162,72,5,6,9,22,12,21,8,11,0,335,9,344,735
11,GUANAJUATO,16,CELAYA,7,CELAYA,422,B,135,68,3,16,10,9,1,36,12,11,0,308,12,320,594
11,GUANAJUATO,16,CELAYA,7,CELAYA,422,C01,149,76,5,3,19,10,2,20,14,5,0,308,17,325,593
11,GUANAJUATO,16,CELAYA,7,CELAYA,423,B,102,61,15,15,6,14,5,18,7,10,0,260,13,273,694
11,GUANAJUATO,16,CELAYA,7,CELAYA,424,B,74,43,1,15,6,4,6,15,5,5,1,182,7,189,399
11,GUANAJUATO,16,CELAYA,7,CELAYA,424,C01,83,36,9,13,3,2,7,14,4,5,0,182,6,188,398
11,GUANAJUATO,16,CELAYA,7,CELAYA,425,B,69,51,0,10,2,11,5,7,0,7,0,168,2,170,503
11,GUANAJUATO,16,CELAYA,7,CELAYA,425,C01,40,56,6,19,4,9,12,4,2,6,0,164,8,172,502
11,GUANAJUATO,16,CELAYA,7,CELAYA,426,B,63,46,5,12,4,11,8,7,10,6,0,175,3,178,471
11,GUANAJUATO,16,CELAYA,7,CELAYA,426,C01,54,70,0,16,4,14,12,9,6,4,0,192,2,194,470
11,GUANAJUATO,16,CELAYA,7,CELAYA,427,B,63,33,3,7,1,10,6,11,12,2,0,149,7,156,385
11,GUANAJUATO,16,CELAYA,7,CELAYA,427,C01,47,48,4,17,6,7,5,17,9,8,0,170,5,175,385
11,GUANAJUATO,16,CELAYA,7,CELAYA,428,B,93,58,4,13,9,11,10,19,1,12,2,240,5,245,444
11,GUANAJUATO,16,CELAYA,7,CELAYA,429,B,95,42,3,5,4,4,9,18,9,5,0,197,7,204,408
11,GUANAJUATO,16,CELAYA,7,CELAYA,430,B,41,30,0,2,2,3,4,10,1,4,0,99,6,105,174
11,GUANAJUATO,15,CELAYA,7,CELAYA,431,B,132,45,4,13,11,10,8,27,5,5,0,265,22,287,507
11,GUANAJUATO,15,CELAYA,7,CELAYA,431,C01,120,46,5,14,7,10,4,42,4,3,0,259,7,266,506
11,GUANAJUATO,15,CELAYA,7,CELAYA,432,B,167,80,2,15,8,20,14,23,6,12,0,351,16,367,700
11,GUANAJUATO,15,CELAYA,7,CELAYA,433,B,171,52,3,4,7,15,12,23,1,6,0,297,10,307,579
11,GUANAJUATO,15,CELAYA,7,CELAYA,434,B,114,74,10,14,8,19,7,11,8,8,1,275,8,283,566
11,GUANAJUATO,15,CELAYA,7,CELAYA,434,C01,104,63,9,17,10,10,10,28,6,8,1,270,4,274,566
11,GUANAJUATO,15,CELAYA,7,CELAYA,435,B,92,65,2,7,4,22,18,9,5,3,0,234,6,240,511
11,GUANAJUATO,15,CELAYA,7,CELAYA,435,C01,109,59,4,14,1,23,13,15,5,11,0,258,9,267,510
11,GUANAJUATO,15,CELAYA,7,CELAYA,436,B,211,52,3,2,9,8,7,27,5,18,1,346,12,358,613
11,GUANAJUATO,15,CELAYA,7,CELAYA,436,C01,206,37,3,10,5,16,4,23,6,14,0,324,21,345,612
11,GUANAJUATO,15,CELAYA,7,CELAYA,436,C02,197,46,5,9,5,10,9,38,2,10,2,336,12,348,612
11,GUANAJUATO,15,CELAYA,7,CELAYA,437,B,137,56,2,3,2,6,7,22,3,3,0,244,7,251,449
11,GUANAJUATO,15,CELAYA,7,CELAYA,437,C01,131,41,3,4,4,10,6,23,3,2,0,229,7,236,448
11,GUANAJUATO,15,CELAYA,7,CELAYA,437,S01,22,10,1,2,4,6,0,7,1,2,0,56,3,59,0
11,GUANAJUATO,15,CELAYA,7,CELAYA,438,B,72,40,4,13,9,5,10,28,5,2,0,190,3,193,385
11,GUANAJUATO,15,CELAYA,7,CELAYA,438,C01,74,35,2,9,6,6,4,20,8,7,0,173,9,182,385
11,GUANAJUATO,16,CELAYA,7,CELAYA,439,B,104,55,0,11,4,11,6,35,4,4,1,241,8,249,458
11,GUANAJUATO,16,CELAYA,7,CELAYA,440,B,47,21,2,5,9,12,1,11,4,1,0,113,4,117,212
11,GUANAJUATO,16,CELAYA,7,CELAYA,441,B,116,70,6,15,12,6,9,25,2,7,0,277,20,297,596
11,GUANAJUATO,16,CELAYA,7,CELAYA,442,B,140,63,2,14,5,16,6,26,5,3,1,281,11,292,645
11,GUANAJUATO,16,CELAYA,7,CELAYA,442,C01,146,46,8,8,9,22,7,16,5,9,0,282,13,295,645
11,GUANAJUATO,16,CELAYA,7,CELAYA,443,B,205,54,7,7,7,11,3,28,4,7,0,333,9,342,555
11,GUANAJUATO,16,CELAYA,7,CELAYA,443,C01,220,50,1,7,4,15,3,34,6,13,0,354,16,370,555
11,GUANAJUATO,16,CELAYA,7,CELAYA,444,B,90,37,4,9,3,11,6,14,8,6,0,192,2,194,378
11,GUANAJUATO,16,CELAYA,7,CELAYA,444,C01,92,26,1,7,6,13,5,5,3,8,0,169,10,179,378
11,GUANAJUATO,16,CELAYA,7,CELAYA,444,S01,103,67,4,16,4,12,18,27,9,9,0,274,5,279,0
11,GUANAJUATO,16,CELAYA,7,CELAYA,445,B,99,50,2,9,6,7,7,15,2,12,1,212,6,218,422
11,GUANAJUATO,16,CELAYA,7,CELAYA,445,C01,103,50,0,10,7,10,1,20,7,8,0,222,4,226,421
11,GUANAJUATO,16,CELAYA,7,CELAYA,446,B,153,63,1,7,12,17,6,26,7,37,0,329,13,342,748
11,GUANAJUATO,16,CELAYA,7,CELAYA,447,B,79,41,6,25,9,13,6,18,7,16,0,223,13,236,416
11,GUANAJUATO,15,CELAYA,7,CELAYA,448,B,82,51,5,9,5,12,7,11,8,6,0,198,3,201,408
11,GUANAJUATO,15,CELAYA,7,CELAYA,448,C01,98,34,3,11,3,20,3,12,10,4,0,200,8,208,408
11,GUANAJUATO,15,CELAYA,7,CELAYA,449,B,186,59,4,7,3,19,5,29,4,7,0,328,17,345,599
11,GUANAJUATO,15,CELAYA,7,CELAYA,449,C01,197,32,4,12,6,17,11,28,2,4,2,317,5,322,598
11,GUANAJUATO,15,CELAYA,7,CELAYA,449,C02,190,50,0,10,8,18,8,36,8,6,0,337,9,346,598
11,GUANAJUATO,15,CELAYA,7,CELAYA,450,B,189,76,3,25,15,17,4,35,11,8,1,385,12,397,672
11,GUANAJUATO,15,CELAYA,7,CELAYA,450,C01,194,87,7,19,15,22,7,28,6,11,1,400,20,420,671
11,GUANAJUATO,15,CELAYA,7,CELAYA,451,B,81,36,7,6,7,10,5,23,11,11,0,197,10,207,482
11,GUANAJUATO,15,CELAYA,7,CELAYA,451,C01,73,40,8,14,6,8,6,17,17,16,0,207,9,216,481
11,GUANAJUATO,16,CELAYA,7,CELAYA,452,B,145,68,3,11,6,19,9,21,13,11,0,309,9,318,615
11,GUANAJUATO,16,CELAYA,7,CELAYA,452,C01,151,49,7,16,12,19,11,38,6,17,0,328,14,342,615
11,GUANAJUATO,16,CELAYA,7,CELAYA,453,B,94,43,3,9,7,1,16,16,11,16,0,216,6,222,460
11,GUANAJUATO,16,CELAYA,7,CELAYA,453,C01,105,39,1,13,8,12,9,6,7,3,0,206,6,212,460
11,GUANAJUATO,16,CELAYA,7,CELAYA,454,B,88,66,6,11,3,6,1,13,5,14,0,217,5,222,475
11,GUANAJUATO,16,CELAYA,7,CELAYA,454,C01,78,70,3,10,7,7,4,15,3,9,0,209,6,215,475
11,GUANAJUATO,16,CELAYA,7,CELAYA,455,B,105,50,8,22,11,9,7,17,5,6,0,246,12,258,501
11,GUANAJUATO,16,CELAYA,7,CELAYA,455,C01,98,44,7,14,4,17,4,9,4,13,0,220,4,224,500
11,GUANAJUATO,16,CELAYA,7,CELAYA,456,B,260,58,10,3,5,16,5,24,5,14,0,402,11,413,738
11,GUANAJUATO,16,CELAYA,7,CELAYA,456,C01,244,53,4,15,8,18,1,34,4,12,0,394,7,401,737
11,GUANAJUATO,16,CELAYA,7,CELAYA,457,B,86,38,7,18,3,20,7,14,10,4,0,210,9,219,453
11,GUANAJUATO,16,CELAYA,7,CELAYA,457,C01,78,54,6,15,5,15,1,16,4,8,0,207,8,215,453
11,GUANAJUATO,16,CELAYA,7,CELAYA,458,B,65,39,6,11,0,11,7,11,4,13,0,169,0,169,393
11,GUANAJUATO,16,CELAYA,7,CELAYA,458,C01,50,45,1,22,3,15,5,11,0,4,0,162,8,170,393
11,GUANAJUATO,16,CELAYA,7,CELAYA,459,B,169,50,1,10,7,17,11,35,6,10,1,321,9,330,647
11,GUANAJUATO,16,CELAYA,7,CELAYA,459,C01,179,53,9,9,3,13,15,30,7,8,0,328,9,337,647
11,GUANAJUATO,16,CELAYA,7,CELAYA,460,B,139,60,5,15,11,21,1,23,22,18,1,317,5,322,720
11,GUANAJUATO,16,CELAYA,7,CELAYA,460,C01,145,42,8,12,12,14,8,21,6,15,0,288,6,294,720
11,GUANAJUATO,16,CELAYA,7,CELAYA,460,C02,146,40,10,8,13,17,8,41,4,11,1,303,10,313,719
11,GUANAJUATO,16,CELAYA,7,CELAYA,460,C03,127,97,2,17,17,21,8,32,10,10,0,341,11,352,719
11,GUANAJUATO,16,CELAYA,7,CELAYA,460,C04,142,47,7,7,9,26,4,27,9,4,0,285,8,293,719
11,GUANAJUATO,16,CELAYA,7,CELAYA,461,B,90,59,5,14,7,9,6,19,7,16,2,234,5,239,613
11,GUANAJUATO,16,CELAYA,7,CELAYA,462,B,64,30,27,14,11,6,3,10,9,13,1,192,5,197,489
11,GUANAJUATO,16,CELAYA,7,CELAYA,463,B,146,83,4,12,5,15,9,22,5,11,0,319,6,325,592
11,GUANAJUATO,16,CELAYA,7,CELAYA,464,B,114,57,14,18,16,24,3,38,6,16,0,307,17,324,568
11,GUANAJUATO,16,CELAYA,7,CELAYA,465,B,68,39,3,9,6,11,13,10,2,8,1,176,7,183,456
11,GUANAJUATO,16,CELAYA,7,CELAYA,465,C01,82,39,2,10,3,13,3,14,8,6,0,192,6,198,456
11,GUANAJUATO,15,CELAYA,7,CELAYA,466,B,112,77,3,19,8,10,7,13,7,9,0,271,15,286,640
11,GUANAJUATO,15,CELAYA,7,CELAYA,466,C01,93,110,6,21,8,5,6,13,10,10,1,286,7,293,639
11,GUANAJUATO,15,CELAYA,7,CELAYA,467,B,92,45,1,11,5,6,6,27,8,7,0,210,6,216,391
11,GUANAJUATO,15,CELAYA,7,CELAYA,467,C01,88,37,3,15,4,8,9,19,10,9,1,205,3,208,391
11,GUANAJUATO,15,CELAYA,7,CELAYA,468,B,140,35,6,14,8,7,10,24,2,6,0,255,7,262,545
11,GUANAJUATO,15,CELAYA,7,CELAYA,468,C01,145,58,6,10,5,10,9,20,1,6,0,270,8,278,545
11,GUANAJUATO,16,CELAYA,7,CELAYA,469,B,120,52,4,11,10,7,6,35,9,11,0,267,9,276,573
11,GUANAJUATO,16,CELAYA,7,CELAYA,470,B,129,59,4,9,4,13,6,18,6,16,0,264,8,272,605
11,GUANAJUATO,16,CELAYA,7,CELAYA,471,B,146,47,5,18,11,9,14,30,5,7,0,297,12,309,664
11,GUANAJUATO,16,CELAYA,7,CELAYA,471,C01,118,44,4,8,16,16,14,30,9,20,0,281,8,289,664
11,GUANAJUATO,16,CELAYA,7,CELAYA,471,C02,132,62,3,14,3,18,8,20,3,13,0,277,12,289,664
11,GUANAJUATO,16,CELAYA,7,CELAYA,471,C03,155,38,1,12,13,15,17,15,11,13,0,293,8,301,664
11,GUANAJUATO,16,CELAYA,7,CELAYA,471,C04,121,51,11,17,10,22,17,24,5,7,0,289,0,289,664
11,GUANAJUATO,16,CELAYA,7,CELAYA,471,C05,112,59,5,14,13,24,13,19,10,0,0,274,0,274,664
11,GUANAJUATO,16,CELAYA,7,CELAYA,471,C06,104,56,4,10,11,14,11,21,12,4,1,250,11,261,663
11,GUANAJUATO,16,CELAYA,7,CELAYA,472,B,73,43,6,16,8,13,8,14,3,3,1,196,7,203,612
11,GUANAJUATO,16,CELAYA,7,CELAYA,472,C01,74,64,2,16,2,10,10,15,9,7,0,214,7,221,611
11,GUANAJUATO,16,CELAYA,7,CELAYA,472,C02,72,63,5,12,4,7,13,14,6,3,0,204,9,213,611
11,GUANAJUATO,16,CELAYA,7,CELAYA,473,B,65,52,6,10,11,22,9,20,5,6,0,212,4,216,667
11,GUANAJUATO,16,CELAYA,7,CELAYA,473,C01,77,56,4,20,7,27,7,12,3,6,2,222,8,230,667
11,GUANAJUATO,16,CELAYA,7,CELAYA,473,C02,59,54,5,20,4,18,7,22,2,12,0,209,4,213,667
11,GUANAJUATO,16,CELAYA,7,CELAYA,473,C03,74,45,9,12,8,12,5,11,3,7,0,194,6,200,666
11,GUANAJUATO,16,CELAYA,7,CELAYA,473,C04,80,45,8,15,2,25,6,15,4,8,0,209,11,220,666
11,GUANAJUATO,16,CELAYA,7,CELAYA,473,C05,58,57,7,24,7,21,7,13,6,9,1,210,0,210,666
11,GUANAJUATO,15,CELAYA,7,CELAYA,474,B,86,46,4,11,3,9,7,14,7,8,0,198,1,199,607
11,GUANAJUATO,15,CELAYA,7,CELAYA,474,C01,115,34,3,14,8,16,7,13,14,5,1,234,8,242,607
11,GUANAJUATO,15,CELAYA,7,CELAYA,475,B,114,56,3,19,4,11,13,14,2,12,0,256,12,268,635
11,GUANAJUATO,15,CELAYA,7,CELAYA,475,C01,118,62,6,20,10,9,5,15,7,7,0,266,8,274,634
11,GUANAJUATO,15,CELAYA,7,CELAYA,476,B,91,52,4,11,10,10,3,11,5,6,2,208,15,223,545
11,GUANAJUATO,15,CELAYA,7,CELAYA,476,C01,68,35,7,10,7,8,4,10,9,6,0,170,6,176,545
11,GUANAJUATO,15,CELAYA,7,CELAYA,476,C02,64,41,6,11,3,4,6,10,1,8,0,159,10,169,544
11,GUANAJUATO,15,CELAYA,7,CELAYA,477,B,100,53,1,25,6,13,5,12,12,8,0,247,7,254,618
11,GUANAJUATO,15,CELAYA,7,CELAYA,477,C01,103,47,6,26,9,9,1,20,13,7,0,245,9,254,618
11,GUANAJUATO,15,CELAYA,7,CELAYA,477,C02,84,54,9,17,11,18,3,11,8,2,0,222,3,225,617
11,GUANAJUATO,15,CELAYA,7,CELAYA,477,C03,76,35,6,20,13,28,9,11,9,9,0,222,8,230,617
11,GUANAJUATO,15,CELAYA,7,CELAYA,478,B,64,59,4,19,9,13,16,12,8,13,0,218,3,221,694
11,GUANAJUATO,15,CELAYA,7,CELAYA,478,C01,74,46,6,22,8,15,5,17,8,2,1,209,13,222,693
11,GUANAJUATO,15,CELAYA,7,CELAYA,478,C02,75,63,8,22,8,12,3,20,10,12,0,236,7,243,693
11,GUANAJUATO,15,CELAYA,7,CELAYA,479,B,55,52,1,17,3,13,8,7,3,3,0,164,25,189,589
11,GUANAJUATO,15,CELAYA,7,CELAYA,479,C01,49,35,10,20,2,11,1,15,4,8,0,159,3,162,588
11,GUANAJUATO,15,CELAYA,7,CELAYA,479,C02,61,49,6,17,5,8,3,18,4,8,1,182,10,192,588
11,GUANAJUATO,15,CELAYA,7,CELAYA,480,B,65,65,2,9,12,10,3,22,8,12,0,215,9,224,665
11,GUANAJUATO,15,CELAYA,7,CELAYA,480,C01,78,53,5,15,5,15,3,21,2,7,0,204,0,204,665
11,GUANAJUATO,15,CELAYA,7,CELAYA,480,C02,83,69,5,15,9,7,9,14,10,3,0,228,10,238,665
11,GUANAJUATO,15,CELAYA,7,CELAYA,481,B,102,63,7,12,5,18,4,15,9,7,0,252,5,257,711
11,GUANAJUATO,15,CELAYA,7,CELAYA,481,C01,81,60,6,23,5,12,7,19,7,4,0,228,16,244,710
11,GUANAJUATO,16,CELAYA,7,CELAYA,482,B,55,61,4,17,6,14,8,8,3,7,0,188,8,196,591
11,GUANAJUATO,16,CELAYA,7,CELAYA,482,C01,74,47,5,12,4,17,8,11,6,4,0,189,10,199,590
11,GUANAJUATO,16,CELAYA,7,CELAYA,482,C02,55,47,8,26,1,12,5,6,5,4,1,178,8,186,590
11,GUANAJUATO,16,CELAYA,7,CELAYA,482,C03,65,64,8,11,3,10,4,11,4,0,0,183,6,189,590
11,GUANAJUATO,16,CELAYA,7,CELAYA,483,B,127,64,3,19,9,21,12,19,4,9,0,290,12,302,653
11,GUANAJUATO,16,CELAYA,7,CELAYA,483,C01,147,57,6,13,13,17,9,20,6,13,0,304,11,315,653
11,GUANAJUATO,15,CELAYA,7,CELAYA,484,B,65,38,0,11,11,11,8,12,7,10,0,176,4,180,451
11,GUANAJUATO,15,CELAYA,7,CELAYA,484,C01,70,37,2,8,5,13,4,9,7,4,0,163,9,172,450
11,GUANAJUATO,15,CELAYA,7,CELAYA,485,B,40,43,2,3,4,1,6,17,8,9,0,136,4,140,563
11,GUANAJUATO,15,CELAYA,7,CELAYA,485,C01,44,53,5,19,9,8,4,14,3,7,0,170,10,180,562
11,GUANAJUATO,15,CELAYA,7,CELAYA,486,B,42,59,6,20,10,12,2,7,7,4,0,170,8,178,536
11,GUANAJUATO,15,CELAYA,7,CELAYA,486,C01,55,49,5,19,3,17,6,2,6,2,0,169,8,177,536
11,GUANAJUATO,15,CELAYA,7,CELAYA,486,C02,51,55,5,17,9,24,7,8,10,8,0,202,11,213,536
11,GUANAJUATO,15,CELAYA,7,CELAYA,487,B,65,64,3,21,1,22,4,5,5,3,1,195,7,202,700
11,GUANAJUATO,15,CELAYA,7,CELAYA,487,C01,47,55,3,21,14,24,4,17,4,4,0,199,4,203,700
11,GUANAJUATO,15,CELAYA,7,CELAYA,487,C02,47,51,5,19,1,18,5,13,8,8,0,176,6,182,700
11,GUANAJUATO,15,CELAYA,7,CELAYA,487,C03,56,61,6,19,3,28,2,10,7,2,0,194,4,198,700
11,GUANAJUATO,15,CELAYA,7,CELAYA,487,C04,58,65,7,22,3,26,5,18,9,8,1,230,13,243,700
11,GUANAJUATO,15,CELAYA,7,CELAYA,487,C05,52,51,2,16,6,26,5,11,8,8,0,195,11,206,700
11,GUANAJUATO,15,CELAYA,7,CELAYA,488,B,0,41,9,12,0,6,10,10,9,8,0,105,0,105,572
11,GUANAJUATO,15,CELAYA,7,CELAYA,488,C01,41,55,5,22,5,6,6,10,4,5,0,163,10,173,571
11,GUANAJUATO,15,CELAYA,7,CELAYA,489,B,109,44,1,20,4,13,8,10,10,11,0,230,8,238,655
11,GUANAJUATO,15,CELAYA,7,CELAYA,489,C01,112,44,2,13,6,15,6,11,7,9,0,229,3,232,654
11,GUANAJUATO,15,CELAYA,7,CELAYA,489,C02,100,50,5,13,3,14,1,12,6,5,1,214,4,218,654
11,GUANAJUATO,16,CELAYA,7,CELAYA,490,B,111,74,4,19,3,14,9,16,7,19,0,279,5,284,676
11,GUANAJUATO,16,CELAYA,7,CELAYA,490,C01,132,42,5,16,11,13,7,11,11,12,0,262,12,274,675
11,GUANAJUATO,15,CELAYA,7,CELAYA,491,B,93,38,3,9,2,7,4,16,7,8,1,190,6,196,610
11,GUANAJUATO,15,CELAYA,7,CELAYA,491,C01,111,39,3,13,6,11,8,7,3,5,0,213,4,217,610
11,GUANAJUATO,15,CELAYA,7,CELAYA,491,C02,119,34,1,17,3,8,7,9,7,17,0,227,13,240,610
11,GUANAJUATO,15,CELAYA,7,CELAYA,491,C03,96,42,3,8,2,16,6,12,8,10,0,206,6,212,609
11,GUANAJUATO,15,CELAYA,7,CELAYA,492,B,103,38,5,9,4,13,8,12,8,8,0,212,5,217,736
11,GUANAJUATO,15,CELAYA,7,CELAYA,492,C01,102,42,2,21,3,10,9,12,3,5,0,209,4,213,736
11,GUANAJUATO,15,CELAYA,7,CELAYA,492,C02,105,53,10,10,8,13,7,14,6,7,0,233,8,241,736
11,GUANAJUATO,16,CELAYA,7,CELAYA,493,B,182,46,3,12,4,9,6,10,7,7,0,286,9,295,663
11,GUANAJUATO,16,CELAYA,7,CELAYA,494,B,55,73,2,4,1,75,14,2,0,1,0,235,0,235,527
11,GUANAJUATO,16,CELAYA,7,CELAYA,494,C01,42,50,3,9,1,93,9,1,5,0,0,214,17,231,526
11,GUANAJUATO,16,CELAYA,7,CELAYA,495,B,97,87,3,15,6,56,5,6,0,1,0,276,6,282,613
11,GUANAJUATO,16,CELAYA,7,CELAYA,495,C01,107,71,1,14,5,44,9,12,2,0,0,273,5,278,613
11,GUANAJUATO,16,CELAYA,7,CELAYA,495,C02,95,71,2,22,3,45,8,11,4,0,0,262,10,272,613
11,GUANAJUATO,16,CELAYA,7,CELAYA,496,B,84,262,3,27,1,14,11,2,1,4,0,424,16,440,737
11,GUANAJUATO,15,CELAYA,7,CELAYA,497,B,117,43,23,8,4,22,6,3,5,5,0,236,10,246,538
11,GUANAJUATO,15,CELAYA,7,CELAYA,497,C01,114,47,18,4,4,23,12,11,2,7,0,243,6,249,538
11,GUANAJUATO,15,CELAYA,7,CELAYA,497,C02,93,49,18,12,4,26,8,13,3,5,0,233,12,245,538
11,GUANAJUATO,15,CELAYA,7,CELAYA,498,B,100,51,128,12,8,19,17,6,2,4,0,353,17,370,641
11,GUANAJUATO,15,CELAYA,7,CELAYA,498,C01,94,54,125,15,11,32,13,4,2,4,0,361,9,370,640
11,GUANAJUATO,16,CELAYA,7,CELAYA,499,B,97,57,2,20,1,20,12,7,2,5,0,227,6,233,604
11,GUANAJUATO,16,CELAYA,7,CELAYA,499,C01,90,63,1,16,2,23,8,8,4,3,0,221,7,228,604
11,GUANAJUATO,16,CELAYA,7,CELAYA,499,C02,91,65,5,21,1,42,6,4,5,2,0,246,6,252,604
11,GUANAJUATO,16,CELAYA,7,CELAYA,500,B,97,94,4,10,3,22,11,6,2,7,0,262,8,270,567
11,GUANAJUATO,16,CELAYA,7,CELAYA,500,C01,88,79,1,13,5,40,14,12,3,4,0,266,4,270,567
11,GUANAJUATO,16,CELAYA,7,CELAYA,500,C02,91,91,3,11,1,24,24,9,1,4,0,263,4,267,567
11,GUANAJUATO,16,CELAYA,7,CELAYA,500,C03,74,95,3,10,0,26,20,2,1,5,0,238,6,244,566
11,GUANAJUATO,16,CELAYA,7,CELAYA,501,B,127,105,1,10,7,17,15,12,2,6,0,306,6,312,711
11,GUANAJUATO,16,CELAYA,7,CELAYA,501,C01,125,106,4,11,4,13,18,12,6,18,0,327,0,327,711
11,GUANAJUATO,16,CELAYA,7,CELAYA,501,C02,155,93,2,18,1,11,12,20,3,6,0,328,13,341,710
11,GUANAJUATO,16,CELAYA,7,CELAYA,502,B,91,89,1,7,0,22,29,1,1,8,0,250,3,253,512
11,GUANAJUATO,16,CELAYA,7,CELAYA,502,C01,92,79,0,13,0,11,21,7,3,3,0,233,3,236,512
11,GUANAJUATO,16,CELAYA,7,CELAYA,503,B,136,137,0,9,2,11,13,8,1,4,0,322,4,326,614
11,GUANAJUATO,16,CELAYA,7,CELAYA,503,C01,157,98,2,14,0,7,21,4,1,4,0,312,4,316,614
11,GUANAJUATO,16,CELAYA,7,CELAYA,503,C02,51,80,1,12,1,18,20,10,3,2,0,202,5,207,614
11,GUANAJUATO,16,CELAYA,7,CELAYA,503,C03,123,106,0,12,1,3,21,2,2,1,0,276,4,280,614
11,GUANAJUATO,16,CELAYA,7,CELAYA,504,B,126,119,2,22,1,7,20,16,4,8,0,331,4,335,649
11,GUANAJUATO,16,CELAYA,7,CELAYA,504,C01,98,124,1,14,1,14,16,8,2,7,0,290,5,295,648
11,GUANAJUATO,16,CELAYA,7,CELAYA,505,B,148,96,3,6,2,14,6,10,3,3,0,295,10,305,733
11,GUANAJUATO,16,CELAYA,7,CELAYA,505,C01,146,112,0,12,1,20,12,4,1,4,0,312,9,321,733
11,GUANAJUATO,16,CELAYA,7,CELAYA,505,C02,135,106,1,7,0,10,6,18,3,4,0,296,4,300,733
11,GUANAJUATO,16,CELAYA,7,CELAYA,506,B,82,43,4,13,2,42,3,5,4,3,0,204,11,215,573
11,GUANAJUATO,16,CELAYA,7,CELAYA,506,C01,82,45,4,11,4,30,14,10,3,3,0,206,5,211,573
11,GUANAJUATO,16,CELAYA,7,CELAYA,506,C02,66,43,4,17,2,28,9,7,1,2,0,181,5,186,572
11,GUANAJUATO,16,CELAYA,7,CELAYA,507,B,67,59,2,15,3,36,13,13,0,9,0,227,4,231,571
11,GUANAJUATO,16,CELAYA,7,CELAYA,507,C01,80,49,5,18,9,33,13,20,2,4,0,233,3,236,571
11,GUANAJUATO,16,CELAYA,7,CELAYA,507,C02,66,58,2,23,4,26,8,15,2,6,0,220,11,231,570
11,GUANAJUATO,15,CELAYA,7,CELAYA,508,B,94,38,3,10,1,24,6,0,1,2,0,182,4,186,441
11,GUANAJUATO,15,CELAYA,7,CELAYA,508,C01,77,34,8,5,0,24,8,3,0,5,0,165,0,165,441
11,GUANAJUATO,15,CELAYA,7,CELAYA,509,B,70,89,9,15,3,37,7,2,3,23,0,259,9,268,548
11,GUANAJUATO,15,CELAYA,7,CELAYA,509,C01,48,97,6,8,0,37,8,4,3,39,0,250,0,250,548
11,GUANAJUATO,15,CELAYA,7,CELAYA,509,C02,53,77,5,7,2,30,12,3,16,0,0,206,5,211,548
11,GUANAJUATO,16,CELAYA,7,CELAYA,510,B,85,37,7,9,8,23,11,15,1,6,0,203,3,206,561
11,GUANAJUATO,16,CELAYA,7,CELAYA,510,C01,86,49,4,5,14,13,12,10,2,3,0,199,9,208,561
11,GUANAJUATO,16,CELAYA,7,CELAYA,511,B,74,55,6,6,1,15,16,9,2,7,0,196,10,206,592
11,GUANAJUATO,16,CELAYA,7,CELAYA,511,C01,99,56,2,19,3,24,9,12,3,2,0,229,6,235,591
11,GUANAJUATO,16,CELAYA,7,CELAYA,511,C02,98,49,1,8,5,14,24,13,1,2,0,219,8,227,591
11,GUANAJUATO,15,CELAYA,7,CELAYA,512,B,87,71,4,23,2,25,14,8,3,6,0,248,8,256,621
11,GUANAJUATO,15,CELAYA,7,CELAYA,512,C01,99,72,4,20,1,21,20,9,7,9,0,264,3,267,621
11,GUANAJUATO,15,CELAYA,7,CELAYA,512,C02,88,78,10,18,1,30,11,8,2,7,0,258,5,263,620
11,GUANAJUATO,15,CELAYA,7,CELAYA,513,B,81,102,4,15,8,59,13,4,2,2,0,294,6,300,623
11,GUANAJUATO,15,CELAYA,7,CELAYA,513,C01,96,110,2,22,7,49,18,11,0,0,0,318,7,325,623
11,GUANAJUATO,15,CELAYA,7,CELAYA,513,C02,71,86,7,17,6,58,15,7,2,4,0,282,0,282,622
11,GUANAJUATO,15,CELAYA,7,CELAYA,514,B,183,72,3,17,12,20,6,27,6,4,0,354,7,361,700
11,GUANAJUATO,15,CELAYA,7,CELAYA,514,C01,142,60,3,13,3,35,6,14,0,3,1,288,9,297,606
11,GUANAJUATO,15,CELAYA,7,CELAYA,514,C02,133,53,1,12,3,20,13,14,4,6,0,266,3,269,606
11,GUANAJUATO,15,CELAYA,7,CELAYA,514,C03,126,68,3,7,4,24,9,9,1,3,0,257,6,263,606
11,GUANAJUATO,15,CELAYA,7,CELAYA,514,C04,115,66,2,13,6,35,12,22,1,4,0,279,0,279,605
11,GUANAJUATO,16,CELAYA,7,CELAYA,516,B,69,44,4,11,3,28,23,9,1,4,0,202,7,209,500
11,GUANAJUATO,16,CELAYA,7,CELAYA,516,C01,64,40,2,7,6,22,39,12,0,4,0,201,2,203,499
11,GUANAJUATO,16,CELAYA,7,CELAYA,517,B,117,45,9,9,4,24,10,14,0,5,0,239,7,246,629
11,GUANAJUATO,16,CELAYA,7,CELAYA,517,C01,111,43,4,5,0,15,12,11,0,3,0,208,5,213,629
11,GUANAJUATO,16,CELAYA,7,CELAYA,518,B,135,91,8,8,15,25,17,16,2,6,0,326,0,326,714
11,GUANAJUATO,16,CELAYA,7,CELAYA,518,C01,111,51,6,12,8,14,23,24,2,4,0,260,3,263,714
11,GUANAJUATO,16,CELAYA,7,CELAYA,519,B,120,69,6,8,10,13,28,23,2,6,0,295,5,300,715
11,GUANAJUATO,16,CELAYA,7,CELAYA,519,C01,122,60,7,17,10,7,22,14,2,4,0,278,9,287,715
11,GUANAJUATO,16,CELAYA,7,CELAYA,520,B,91,65,4,13,14,32,5,13,2,6,0,253,11,264,673
11,GUANAJUATO,16,CELAYA,7,CELAYA,520,C01,92,53,6,7,2,35,18,9,0,4,0,236,5,241,673
11,GUANAJUATO,16,CELAYA,7,CELAYA,520,C02,81,52,4,11,5,26,14,5,2,0,0,207,6,213,673
11,GUANAJUATO,16,CELAYA,7,CELAYA,520,C03,80,62,1,15,6,25,18,7,1,3,0,225,1,226,673
11,GUANAJUATO,16,CELAYA,7,CELAYA,520,C04,106,54,3,8,8,19,32,8,4,0,0,248,0,248,673
11,GUANAJUATO,16,CELAYA,7,CELAYA,521,B,93,54,1,7,7,18,8,13,2,1,0,204,3,207,523
11,GUANAJUATO,16,CELAYA,7,CELAYA,521,C01,91,60,1,7,5,13,9,10,1,1,0,206,0,206,522
11,GUANAJUATO,16,CELAYA,7,CELAYA,521,C02,73,53,4,13,9,8,9,17,0,2,0,193,4,197,522
11,GUANAJUATO,16,CELAYA,7,CELAYA,522,B,89,61,4,7,5,17,17,7,0,7,0,217,2,219,554
11,GUANAJUATO,16,CELAYA,7,CELAYA,522,C01,74,46,1,12,4,9,12,7,1,1,0,168,3,171,554
11,GUANAJUATO,16,CELAYA,7,CELAYA,523,B,94,47,5,14,6,44,11,13,8,4,0,248,4,252,633
11,GUANAJUATO,16,CELAYA,7,CELAYA,523,C01,86,32,6,25,8,38,8,13,6,16,0,239,6,245,632
11,GUANAJUATO,16,CELAYA,7,CELAYA,523,C02,68,31,5,16,5,31,7,10,6,10,0,193,15,208,632
11,GUANAJUATO,16,CELAYA,7,CELAYA,523,C03,103,39,4,21,1,33,4,12,3,12,0,233,8,241,632
11,GUANAJUATO,16,CELAYA,7,CELAYA,524,B,65,36,7,15,1,31,5,4,2,3,0,170,6,176,507
11,GUANAJUATO,16,CELAYA,7,CELAYA,524,C01,65,30,5,10,0,22,11,5,3,5,1,161,3,164,507
11,GUANAJUATO,16,CELAYA,7,CELAYA,524,C02,50,27,5,11,3,32,4,5,2,8,0,148,3,151,506
11,GUANAJUATO,15,CELAYA,7,CELAYA,525,B,117,34,4,15,4,33,4,1,1,3,0,216,6,222,466
11,GUANAJUATO,15,CELAYA,7,CELAYA,525,C01,99,49,4,14,4,45,6,4,5,9,0,239,0,239,465
11,GUANAJUATO,15,CELAYA,7,CELAYA,526,B,98,77,5,16,3,38,17,9,2,3,0,268,8,276,704
11,GUANAJUATO,15,CELAYA,7,CELAYA,526,C01,99,55,3,12,9,60,12,13,4,2,0,270,5,275,704
11,GUANAJUATO,15,CELAYA,7,CELAYA,526,C02,117,72,5,10,3,36,10,10,2,5,1,274,11,285,704
11,GUANAJUATO,15,CELAYA,7,CELAYA,526,C03,98,63,6,8,5,44,15,15,4,1,0,260,4,264,704
11,GUANAJUATO,15,CELAYA,7,CELAYA,526,C04,114,65,0,6,5,63,15,10,2,9,0,290,9,299,704
11,GUANAJUATO,15,CELAYA,7,CELAYA,526,C05,128,70,2,9,5,50,10,18,4,2,0,300,7,307,703
11,GUANAJUATO,15,CELAYA,7,CELAYA,527,B,128,58,10,8,3,22,4,7,2,8,0,253,4,257,600
11,GUANAJUATO,15,CELAYA,7,CELAYA,527,C01,133,44,11,8,4,28,4,7,5,5,0,251,4,255,599
11,GUANAJUATO,15,CELAYA,7,CELAYA,527,C02,174,41,7,4,3,19,2,9,0,4,0,264,3,267,599
11,GUANAJUATO,15,CELAYA,7,CELAYA,527,C03,182,42,6,7,3,15,3,21,3,5,0,287,0,287,599
11,GUANAJUATO,15,CELAYA,7,CELAYA,528,B,141,46,9,15,5,26,10,10,2,5,0,269,8,277,657
11,GUANAJUATO,15,CELAYA,7,CELAYA,528,C01,126,51,8,30,3,20,7,15,7,6,0,276,3,279,657
11,GUANAJUATO,15,CELAYA,7,CELAYA,529,B,121,84,6,17,2,18,21,10,4,6,1,295,10,305,742
11,GUANAJUATO,15,CELAYA,7,CELAYA,529,C01,105,72,5,15,2,13,15,12,4,3,0,249,12,261,742
11,GUANAJUATO,15,CELAYA,7,CELAYA,529,C02,81,85,7,17,1,18,27,12,5,11,0,269,10,279,741
11,GUANAJUATO,15,CELAYA,7,CELAYA,529,C03,91,133,10,11,2,27,7,8,2,7,0,304,5,309,741
11,GUANAJUATO,15,CELAYA,7,CELAYA,529,C04,86,84,5,13,4,19,19,17,2,9,0,262,11,273,741
11,GUANAJUATO,15,CELAYA,7,CELAYA,529,C05,96,84,3,18,9,20,10,20,6,6,0,279,11,290,741
11,GUANAJUATO,16,CELAYA,7,CELAYA,530,B,105,76,7,20,1,9,3,10,2,3,0,239,6,245,591
11,GUANAJUATO,16,CELAYA,7,CELAYA,530,C01,113,49,5,23,2,14,4,11,3,4,0,234,11,245,591
11,GUANAJUATO,16,CELAYA,7,CELAYA,530,C02,104,63,15,21,3,16,9,16,0,1,0,252,5,257,591
11,GUANAJUATO,15,CELAYA,7,CELAYA,531,B,78,70,3,10,5,17,8,7,4,2,0,207,6,213,570
11,GUANAJUATO,15,CELAYA,7,CELAYA,531,C01,59,45,6,15,4,28,5,7,6,5,0,185,3,188,570
11,GUANAJUATO,15,CELAYA,7,CELAYA,531,C02,97,51,3,7,4,35,14,11,5,5,0,236,7,243,570
11,GUANAJUATO,15,CELAYA,7,CELAYA,532,B,103,75,8,16,5,41,5,10,11,11,0,290,10,300,746
11,GUANAJUATO,15,CELAYA,7,CELAYA,532,C01,116,74,7,17,4,44,16,10,1,7,0,300,7,307,746
11,GUANAJUATO,16,CELAYA,7,CELAYA,533,B,84,53,0,12,2,8,3,8,3,2,0,185,3,188,533
11,GUANAJUATO,16,CELAYA,7,CELAYA,533,C01,90,84,3,16,4,7,3,10,1,6,0,226,0,226,533
11,GUANAJUATO,15,CELAYA,7,CELAYA,534,B,100,25,6,12,1,54,10,4,2,3,0,217,0,217,416
11,GUANAJUATO,15,CELAYA,7,CELAYA,534,C01,94,22,2,19,0,52,5,0,0,2,0,196,7,203,415
11,GUANAJUATO,15,CELAYA,7,CELAYA,535,B,50,89,2,19,1,16,6,3,5,3,0,201,4,205,494
11,GUANAJUATO,15,CELAYA,7,CELAYA,536,B,60,83,0,23,6,10,7,3,5,2,0,203,0,203,598
11,GUANAJUATO,15,CELAYA,7,CELAYA,536,C01,48,102,3,29,2,16,8,5,3,5,0,233,6,239,597
11,GUANAJUATO,15,CELAYA,7,CELAYA,537,B,52,48,1,19,0,6,3,0,5,6,0,142,0,142,451
11,GUANAJUATO,15,CELAYA,7,CELAYA,537,C01,55,71,1,14,2,4,5,12,3,5,0,173,7,180,450
11,GUANAJUATO,15,CELAYA,7,CELAYA,538,B,98,53,4,10,4,14,5,8,1,5,0,207,10,217,476
11,GUANAJUATO,15,CELAYA,7,CELAYA,538,C01,95,46,3,10,4,15,2,12,8,3,0,202,6,208,475
11,GUANAJUATO,15,CELAYA,7,CELAYA,538,E01,157,42,7,15,2,24,7,5,1,2,0,262,12,274,543
11,GUANAJUATO,16,CELAYA,7,CELAYA,539,B,152,16,6,21,7,18,8,10,5,6,0,252,9,261,543
11,GUANAJUATO,16,CELAYA,7,CELAYA,539,C01,162,33,2,10,4,15,3,16,4,7,0,260,2,262,543
11,GUANAJUATO,16,CELAYA,7,CELAYA,539,E01,40,33,2,12,0,4,13,2,2,4,0,115,5,120,240
11,GUANAJUATO,15,CELAYA,7,CELAYA,540,B,114,23,7,16,2,8,1,7,2,2,0,183,8,191,466
11,GUANAJUATO,15,CELAYA,7,CELAYA,540,C01,117,25,4,20,8,6,9,4,2,7,0,202,8,210,466
11,GUANAJUATO,15,CELAYA,7,CELAYA,541,B,123,36,3,9,0,57,3,7,7,0,0,248,14,262,620
11,GUANAJUATO,15,CELAYA,7,CELAYA,541,C01,130,15,4,10,7,46,3,10,3,2,0,230,19,249,619
11,GUANAJUATO,16,CELAYA,7,CELAYA,542,B,98,68,0,10,3,17,6,5,2,6,0,223,9,232,627
11,GUANAJUATO,16,CELAYA,7,CELAYA,542,C01,81,85,2,14,1,16,2,7,4,6,0,224,8,232,626
11,GUANAJUATO,16,CELAYA,7,CELAYA,543,B,112,44,2,12,5,25,3,1,4,1,0,209,13,222,592
11,GUANAJUATO,16,CELAYA,7,CELAYA,543,C01,84,43,1,10,4,16,2,7,5,0,0,174,11,185,592
11,GUANAJUATO,16,CELAYA,7,CELAYA,544,B,96,23,0,6,5,20,1,2,1,0,0,154,7,161,362
11,GUANAJUATO,16,CELAYA,7,CELAYA,545,B,166,59,1,23,2,21,9,2,3,0,0,288,15,303,746
11,GUANAJUATO,16,CELAYA,7,CELAYA,546,B,146,73,2,34,2,34,12,5,4,5,0,317,13,330,721
11,GUANAJUATO,16,CELAYA,7,CELAYA,546,C01,167,73,3,32,2,18,13,9,7,3,0,332,16,348,721
11,GUANAJUATO,16,CELAYA,7,CELAYA,547,B,223,48,6,17,2,10,6,12,1,3,0,330,15,345,748
11,GUANAJUATO,16,CELAYA,7,CELAYA,547,C01,223,33,7,23,5,29,3,15,2,10,0,351,13,364,748
11,GUANAJUATO,16,CELAYA,7,CELAYA,548,B,32,22,0,4,0,1,2,0,0,1,0,65,4,69,173
11,GUANAJUATO,16,CELAYA,7,CELAYA,549,B,158,33,5,8,5,8,1,5,1,4,0,233,7,240,464
11,GUANAJUATO,16,CELAYA,7,CELAYA,550,B,99,57,2,13,3,5,8,0,0,3,0,192,7,199,495
11,GUANAJUATO,16,CELAYA,7,CELAYA,550,C01,98,43,0,8,2,5,5,0,0,2,0,167,9,176,495
11,GUANAJUATO,16,CELAYA,7,CELAYA,551,B,112,52,1,16,3,19,7,8,2,1,0,223,6,229,612
11,GUANAJUATO,16,CELAYA,7,CELAYA,551,C01,115,55,4,23,1,6,7,2,2,5,0,222,4,226,612
11,GUANAJUATO,16,CELAYA,7,CELAYA,552,B,126,33,2,13,4,17,0,3,4,4,0,208,14,222,579
11,GUANAJUATO,16,CELAYA,7,CELAYA,552,C01,123,33,4,16,7,11,2,5,5,0,6,212,0,212,579
11,GUANAJUATO,16,CELAYA,7,CELAYA,553,B,109,39,7,15,1,16,5,2,2,2,0,202,4,206,475
11,GUANAJUATO,16,CELAYA,7,CELAYA,553,C01,69,57,5,9,2,22,3,6,2,6,0,181,0,181,474
11,GUANAJUATO,16,CELAYA,7,CELAYA,554,B,86,65,0,18,5,11,11,1,4,0,0,204,0,204,477
11,GUANAJUATO,16,CELAYA,7,CELAYA,554,C01,64,83,15,14,13,9,7,4,1,1,1,215,7,222,477
11,GUANAJUATO,16,CELAYA,7,CELAYA,555,B,96,87,15,15,4,11,7,5,2,3,0,247,7,254,588
11,GUANAJUATO,16,CELAYA,7,CELAYA,555,C01,87,101,9,29,0,10,11,4,3,7,0,265,11,276,588
11,GUANAJUATO,16,CELAYA,7,CELAYA,556,B,111,62,12,15,6,6,7,4,1,1,0,226,6,232,490
11,GUANAJUATO,16,CELAYA,7,CELAYA,556,C01,107,56,12,18,9,15,6,5,2,4,0,236,6,242,489
11,GUANAJUATO,16,CELAYA,7,CELAYA,557,B,98,43,4,10,5,15,12,6,3,4,0,203,14,217,441
11,GUANAJUATO,16,CELAYA,7,CELAYA,557,C01,77,52,4,10,3,23,12,8,1,2,0,193,0,193,441
11,GUANAJUATO,16,CELAYA,7,CELAYA,558,B,138,57,4,15,5,7,8,8,1,4,0,247,9,256,513
11,GUANAJUATO,16,CELAYA,7,CELAYA,558,C01,115,57,7,11,4,11,7,7,1,0,0,224,7,231,513
11,GUANAJUATO,16,CELAYA,7,CELAYA,558,C02,116,61,9,5,7,9,8,4,1,2,0,224,6,230,512
11,GUANAJUATO,16,CELAYA,7,CELAYA,559,B,96,42,13,13,6,2,13,6,1,1,0,194,6,200,492
11,GUANAJUATO,16,CELAYA,7,CELAYA,559,C01,70,53,6,14,4,5,13,9,0,8,0,185,8,193,492
11,GUANAJUATO,16,CELAYA,7,CELAYA,560,B,69,28,7,9,1,4,6,5,2,5,0,141,4,145,403
11,GUANAJUATO,16,CELAYA,7,CELAYA,560,C01,79,24,5,6,3,5,9,3,1,2,0,141,1,142,402
11,GUANAJUATO,16,CELAYA,7,CELAYA,561,B,45,17,27,14,3,0,6,3,6,2,0,126,8,134,325
11,GUANAJUATO,15,CELAYA,7,CELAYA,563,B,86,98,6,19,5,8,7,7,2,4,1,246,6,252,605
11,GUANAJUATO,15,CELAYA,7,CELAYA,563,C01,78,87,6,15,6,9,4,10,3,1,0,221,8,229,605
11,GUANAJUATO,15,CELAYA,7,CELAYA,563,C02,126,68,2,17,1,4,6,4,0,4,0,235,9,244,605
11,GUANAJUATO,16,CELAYA,7,CELAYA,564,B,111,31,1,12,2,7,4,2,3,3,0,176,4,180,385
11,GUANAJUATO,16,CELAYA,7,CELAYA,564,C01,99,26,3,5,0,8,5,4,0,0,0,151,2,153,385
11,GUANAJUATO,16,CELAYA,7,CELAYA,565,B,106,28,1,11,2,5,2,3,1,4,0,165,7,172,433
11,GUANAJUATO,16,CELAYA,7,CELAYA,565,C01,101,21,0,9,4,5,3,3,1,3,0,151,6,157,432
11,GUANAJUATO,16,CELAYA,7,CELAYA,566,B,33,56,5,10,2,0,1,0,0,1,0,113,8,121,332
11,GUANAJUATO,18,PENJAMO,8,MANUEL DOBLADO,567,B,187,97,64,2,0,0,3,4,0,0,0,364,7,371,635
11,GUANAJUATO,18,PENJAMO,8,MANUEL DOBLADO,567,C01,200,89,47,0,0,0,4,2,0,0,0,350,5,355,635
11,GUANAJUATO,18,PENJAMO,8,MANUEL DOBLADO,568,B,124,95,63,1,0,0,0,5,0,0,0,290,6,296,487
11,GUANAJUATO,18,PENJAMO,8,MANUEL DOBLADO,568,C01,122,84,53,1,0,0,7,2,0,0,0,272,10,282,486
11,GUANAJUATO,18,PENJAMO,8,MANUEL DOBLADO,569,B,188,181,40,2,0,0,11,2,0,0,0,436,6,442,683
11,GUANAJUATO,18,PENJAMO,8,MANUEL DOBLADO,570,B,127,87,35,4,0,0,16,2,0,0,1,273,7,280,465
11,GUANAJUATO,18,PENJAMO,8,MANUEL DOBLADO,570,C01,142,74,29,1,0,0,9,4,0,0,0,266,5,271,465
11,GUANAJUATO,18,PENJAMO,8,MANUEL DOBLADO,571,B,181,114,57,0,0,0,11,5,0,0,0,371,6,377,669
11,GUANAJUATO,18,PENJAMO,8,MANUEL DOBLADO,571,C01,194,108,66,6,0,0,9,3,0,0,0,395,5,400,669
11,GUANAJUATO,18,PENJAMO,8,MANUEL DOBLADO,572,B,122,78,38,0,0,0,2,2,0,0,0,245,4,249,468
11,GUANAJUATO,18,PENJAMO,8,MANUEL DOBLADO,572,C01,125,75,40,2,0,0,4,1,0,0,0,249,1,250,468
11,GUANAJUATO,18,PENJAMO,8,MANUEL DOBLADO,573,B,167,166,42,12,0,0,7,2,0,0,0,403,13,416,664
11,GUANAJUATO,18,PENJAMO,8,MANUEL DOBLADO,574,B,142,109,68,4,0,0,7,7,0,0,0,344,9,353,631
11,GUANAJUATO,18,PENJAMO,8,MANUEL DOBLADO,574,C01,170,114,55,5,0,0,9,2,0,0,0,363,3,366,631
11,GUANAJUATO,18,PENJAMO,8,MANUEL DOBLADO,575,B,159,115,86,7,0,0,4,6,0,0,0,382,6,388,702
11,GUANAJUATO,18,PENJAMO,8,MANUEL DOBLADO,575,C01,154,120,94,5,0,0,11,1,0,0,0,397,13,410,702
11,GUANAJUATO,18,PENJAMO,8,MANUEL DOBLADO,575,C02,190,128,72,4,0,0,4,4,0,0,0,410,6,416,701
11,GUANAJUATO,18,PENJAMO,8,MANUEL DOBLADO,576,B,105,83,56,2,0,0,1,1,0,0,0,250,6,256,459
11,GUANAJUATO,18,PENJAMO,8,MANUEL DOBLADO,576,C01,99,99,43,2,0,0,0,1,0,0,0,249,9,258,459
11,GUANAJUATO,18,PENJAMO,8,MANUEL DOBLADO,577,B,73,154,40,4,0,0,3,1,0,0,0,281,8,289,713
11,GUANAJUATO,18,PENJAMO,8,MANUEL DOBLADO,578,B,160,128,92,4,0,0,12,1,0,0,0,406,5,411,663
11,GUANAJUATO,18,PENJAMO,8,MANUEL DOBLADO,579,B,74,158,21,0,0,0,0,0,0,0,0,259,4,263,513
11,GUANAJUATO,18,PENJAMO,8,MANUEL DOBLADO,579,C01,64,125,31,2,0,0,0,0,0,0,0,226,7,233,512
11,GUANAJUATO,18,PENJAMO,8,MANUEL DOBLADO,580,B,33,48,8,2,0,0,1,0,0,0,0,95,2,97,241
11,GUANAJUATO,18,PENJAMO,8,MANUEL DOBLADO,581,B,97,47,34,0,0,0,3,1,0,0,0,188,5,193,331
11,GUANAJUATO,18,PENJAMO,8,MANUEL DOBLADO,582,B,156,109,13,1,0,0,2,1,0,0,0,288,7,295,529
11,GUANAJUATO,18,PENJAMO,8,MANUEL DOBLADO,582,C01,131,135,18,3,0,0,17,1,0,0,0,309,15,324,528
11,GUANAJUATO,18,PENJAMO,8,MANUEL DOBLADO,583,B,77,116,145,2,0,0,1,5,0,0,0,356,9,365,640
11,GUANAJUATO,18,PENJAMO,8,MANUEL DOBLADO,584,B,88,63,7,1,0,0,0,0,0,0,0,161,1,162,335
11,GUANAJUATO,18,PENJAMO,8,MANUEL DOBLADO,585,B,60,28,6,1,0,0,1,0,0,0,0,96,5,101,218
11,GUANAJUATO,18,PENJAMO,8,MANUEL DOBLADO,586,B,101,109,16,3,0,0,3,3,0,0,0,245,11,256,709
11,GUANAJUATO,18,PENJAMO,8,MANUEL DOBLADO,587,B,103,67,48,1,0,0,0,1,0,0,1,221,3,224,399
11,GUANAJUATO,18,PENJAMO,8,MANUEL DOBLADO,587,C01,112,66,40,2,0,0,2,0,0,0,0,233,3,236,399
11,GUANAJUATO,18,PENJAMO,8,MANUEL DOBLADO,588,B,57,44,19,3,0,0,1,0,0,0,0,127,5,132,201
11,GUANAJUATO,18,PENJAMO,8,MANUEL DOBLADO,589,B,79,78,34,7,0,0,3,1,0,0,0,204,18,222,720
11,GUANAJUATO,18,PENJAMO,8,MANUEL DOBLADO,590,B,69,95,12,5,0,0,2,2,0,0,0,187,4,191,486
11,GUANAJUATO,18,PENJAMO,8,MANUEL DOBLADO,591,B,94,57,92,2,0,0,1,3,0,0,0,253,8,261,581
11,GUANAJUATO,18,PENJAMO,8,MANUEL DOBLADO,592,B,104,53,53,1,0,0,2,1,0,0,0,215,3,218,348
11,GUANAJUATO,18,PENJAMO,8,MANUEL DOBLADO,593,B,74,183,51,3,0,0,7,0,0,0,0,326,7,333,489
11,GUANAJUATO,18,PENJAMO,8,MANUEL DOBLADO,594,B,85,126,215,1,0,0,3,0,0,0,0,434,4,438,701
11,GUANAJUATO,18,PENJAMO,8,MANUEL DOBLADO,594,C01,99,88,233,0,0,0,2,0,0,0,0,430,5,435,701
11,GUANAJUATO,18,PENJAMO,8,MANUEL DOBLADO,595,B,36,104,46,3,0,0,0,0,0,0,0,192,6,198,291
11,GUANAJUATO,18,PENJAMO,8,MANUEL DOBLADO,596,B,94,65,34,2,0,0,4,0,0,0,0,200,9,209,461
11,GUANAJUATO,18,PENJAMO,8,MANUEL DOBLADO,596,C01,133,57,26,6,0,0,2,1,0,0,0,227,6,233,461
11,GUANAJUATO,18,PENJAMO,8,MANUEL DOBLADO,597,B,122,49,95,0,0,0,2,5,0,0,0,275,10,285,565
11,GUANAJUATO,18,PENJAMO,8,MANUEL DOBLADO,597,C01,103,56,110,2,0,0,3,1,0,0,0,280,3,283,564
11,GUANAJUATO,18,PENJAMO,8,MANUEL DOBLADO,598,B,26,62,13,1,0,0,1,0,0,0,0,106,2,108,222
11,GUANAJUATO,18,PENJAMO,8,MANUEL DOBLADO,599,B,74,68,71,2,0,0,3,6,0,0,0,230,3,233,444
11,GUANAJUATO,18,PENJAMO,8,MANUEL DOBLADO,600,B,25,51,85,3,0,0,2,1,0,0,0,170,3,173,263
11,GUANAJUATO,18,PENJAMO,8,MANUEL DOBLADO,601,B,100,65,72,3,0,0,1,2,0,0,0,249,7,256,429
11,GUANAJUATO,18,PENJAMO,8,MANUEL DOBLADO,601,C01,102,82,72,2,0,0,1,0,0,0,0,263,5,268,429
11,GUANAJUATO,18,PENJAMO,8,MANUEL DOBLADO,602,B,42,176,39,9,0,0,2,1,0,0,0,279,7,286,632
11,GUANAJUATO,18,PENJAMO,8,MANUEL DOBLADO,603,B,54,87,32,6,0,0,0,1,0,0,0,184,12,196,436
11,GUANAJUATO,18,PENJAMO,8,MANUEL DOBLADO,603,C01,52,86,30,1,0,0,2,1,0,0,0,175,6,181,435
11,GUANAJUATO,18,PENJAMO,8,MANUEL DOBLADO,604,B,129,108,75,2,0,0,0,0,0,0,0,319,8,327,558
11,GUANAJUATO,18,PENJAMO,8,MANUEL DOBLADO,604,C01,125,122,49,0,0,0,0,0,0,0,0,303,7,310,557
11,GUANAJUATO,18,PENJAMO,8,MANUEL DOBLADO,605,B,10,11,15,1,0,0,0,1,0,0,0,43,2,45,113
11,GUANAJUATO,18,PENJAMO,8,MANUEL DOBLADO,606,B,77,95,49,2,0,0,2,4,0,0,0,233,5,238,448
11,GUANAJUATO,18,PENJAMO,8,MANUEL DOBLADO,606,C01,90,86,62,2,0,0,2,0,0,0,0,247,7,254,447
11,GUANAJUATO,18,PENJAMO,8,MANUEL DOBLADO,607,B,25,49,60,1,0,0,0,0,0,0,0,137,4,141,316
11,GUANAJUATO,18,PENJAMO,8,MANUEL DOBLADO,608,B,19,56,7,1,0,0,0,1,0,0,0,85,4,89,180
11,GUANAJUATO,17,APASEO EL GRANDE,9,COMONFORT,609,B,91,75,13,0,0,15,15,5,0,0,0,313,17,330,654
11,GUANAJUATO,17,APASEO EL GRANDE,9,COMONFORT,609,C01,80,57,20,0,0,19,16,9,0,0,0,336,4,340,653
11,GUANAJUATO,17,APASEO EL GRANDE,9,COMONFORT,609,C02,85,47,18,0,0,14,13,4,0,0,0,294,13,307,653
11,GUANAJUATO,17,APASEO EL GRANDE,9,COMONFORT,609,C03,55,69,13,0,0,18,1,2,0,0,0,309,10,319,653
11,GUANAJUATO,17,APASEO EL GRANDE,9,COMONFORT,610,B,66,35,25,0,0,13,10,6,0,0,0,276,10,286,606
11,GUANAJUATO,17,APASEO EL GRANDE,9,COMONFORT,610,C01,39,50,18,0,0,13,4,2,0,0,0,232,12,244,606
11,GUANAJUATO,17,APASEO EL GRANDE,9,COMONFORT,611,B,79,50,14,0,0,14,9,3,0,0,0,290,11,301,560
11,GUANAJUATO,17,APASEO EL GRANDE,9,COMONFORT,611,C01,65,39,16,0,0,17,15,2,0,0,0,290,7,297,560
11,GUANAJUATO,17,APASEO EL GRANDE,9,COMONFORT,611,C02,77,48,15,0,0,15,14,3,0,0,0,288,5,293,559
11,GUANAJUATO,17,APASEO EL GRANDE,9,COMONFORT,612,B,52,67,27,0,0,30,17,2,0,0,0,301,9,310,663
11,GUANAJUATO,17,APASEO EL GRANDE,9,COMONFORT,612,C01,54,85,26,0,0,34,0,10,0,0,0,327,0,327,663
11,GUANAJUATO,17,APASEO EL GRANDE,9,COMONFORT,612,C02,52,57,39,0,0,26,12,2,0,0,0,294,20,314,663
11,GUANAJUATO,17,APASEO EL GRANDE,9,COMONFORT,613,B,64,104,17,0,0,40,10,6,0,0,0,354,8,362,648
11,GUANAJUATO,17,APASEO EL GRANDE,9,COMONFORT,613,C01,57,102,22,0,0,37,5,5,0,0,0,338,8,346,647
11,GUANAJUATO,17,APASEO EL GRANDE,9,COMONFORT,613,S01,1,2,3,0,0,4,3,0,0,0,0,23,0,23,0
11,GUANAJUATO,17,APASEO EL GRANDE,9,COMONFORT,614,B,68,38,25,0,0,39,16,1,0,0,0,304,7,311,604
11,GUANAJUATO,17,APASEO EL GRANDE,9,COMONFORT,614,C01,49,34,30,0,0,31,29,3,0,0,0,296,9,305,603
11,GUANAJUATO,17,APASEO EL GRANDE,9,COMONFORT,615,B,35,52,22,0,0,42,15,1,0,0,0,271,3,274,714
11,GUANAJUATO,17,APASEO EL GRANDE,9,COMONFORT,615,C01,46,68,22,0,0,42,12,2,0,0,0,301,7,308,713
11,GUANAJUATO,17,APASEO EL GRANDE,9,COMONFORT,616,B,47,52,11,0,0,49,12,2,0,0,0,295,5,300,528
11,GUANAJUATO,17,APASEO EL GRANDE,9,COMONFORT,616,C01,46,26,7,0,0,34,9,1,0,0,0,251,5,256,528
11,GUANAJUATO,17,APASEO EL GRANDE,9,COMONFORT,616,C02,49,37,15,0,0,25,6,5,0,0,1,255,1,256,527
11,GUANAJUATO,17,APASEO EL GRANDE,9,COMONFORT,617,B,81,63,14,0,0,33,25,4,0,0,1,362,9,371,638
11,GUANAJUATO,17,APASEO EL GRANDE,9,COMONFORT,617,C01,77,62,18,0,0,32,20,5,0,0,1,382,4,386,638
11,GUANAJUATO,17,APASEO EL GRANDE,9,COMONFORT,618,B,65,44,17,0,0,22,13,4,0,0,0,333,5,338,584
11,GUANAJUATO,17,APASEO EL GRANDE,9,COMONFORT,618,C01,63,37,14,0,0,17,17,2,0,0,0,305,7,312,583
11,GUANAJUATO,17,APASEO EL GRANDE,9,COMONFORT,619,B,73,37,15,0,0,46,19,4,0,0,0,342,6,348,692
11,GUANAJUATO,17,APASEO EL GRANDE,9,COMONFORT,619,C01,62,41,11,0,0,42,20,2,0,0,0,318,10,328,691
11,GUANAJUATO,17,APASEO EL GRANDE,9,COMONFORT,620,B,43,52,17,0,0,23,12,2,0,0,0,209,11,220,572
11,GUANAJUATO,17,APASEO EL GRANDE,9,COMONFORT,620,C01,45,65,12,0,0,18,10,1,0,0,1,217,4,221,572
11,GUANAJUATO,17,APASEO EL GRANDE,9,COMONFORT,620,C02,39,80,8,0,0,14,13,4,0,0,1,234,14,248,571
11,GUANAJUATO,17,APASEO EL GRANDE,9,COMONFORT,621,B,85,37,13,0,0,36,5,2,0,0,0,259,5,264,572
11,GUANAJUATO,17,APASEO EL GRANDE,9,COMONFORT,621,C01,69,34,26,0,0,25,5,4,0,0,0,237,12,249,572
11,GUANAJUATO,17,APASEO EL GRANDE,9,COMONFORT,622,B,79,29,15,0,0,16,5,2,0,0,0,228,6,234,542
11,GUANAJUATO,17,APASEO EL GRANDE,9,COMONFORT,622,C01,88,28,20,0,0,14,2,1,0,0,0,225,8,233,541
11,GUANAJUATO,17,APASEO EL GRANDE,9,COMONFORT,623,B,83,34,16,0,0,17,9,2,0,0,0,243,12,255,579
11,GUANAJUATO,17,APASEO EL GRANDE,9,COMONFORT,623,C01,79,37,27,0,0,23,4,3,0,0,0,235,12,247,579
11,GUANAJUATO,17,APASEO EL GRANDE,9,COMONFORT,624,B,35,71,20,0,0,8,3,1,0,0,0,160,6,166,377
11,GUANAJUATO,17,APASEO EL GRANDE,9,COMONFORT,624,C01,31,81,14,0,0,8,2,1,0,0,0,152,1,153,377
11,GUANAJUATO,17,APASEO EL GRANDE,9,COMONFORT,625,B,58,22,3,0,0,14,12,2,0,0,0,169,11,180,498
11,GUANAJUATO,17,APASEO EL GRANDE,9,COMONFORT,625,C01,81,16,6,0,0,18,8,0,0,0,1,205,10,215,497
11,GUANAJUATO,17,APASEO EL GRANDE,9,COMONFORT,626,B,31,93,14,0,0,10,12,1,0,0,0,176,7,183,440
11,GUANAJUATO,17,APASEO EL GRANDE,9,COMONFORT,626,C01,45,83,12,0,0,18,7,0,0,0,0,181,7,188,440
11,GUANAJUATO,17,APASEO EL GRANDE,9,COMONFORT,627,B,40,87,6,0,0,49,10,1,0,0,0,244,16,260,721
11,GUANAJUATO,17,APASEO EL GRANDE,9,COMONFORT,627,C01,47,68,8,0,0,27,20,5,0,0,0,219,7,226,721
11,GUANAJUATO,17,APASEO EL GRANDE,9,COMONFORT,628,B,79,90,6,0,0,6,7,2,0,0,0,213,10,223,468
11,GUANAJUATO,17,APASEO EL GRANDE,9,COMONFORT,628,C01,87,71,3,0,0,7,4,0,0,0,0,197,9,206,468
11,GUANAJUATO,17,APASEO EL GRANDE,9,COMONFORT,629,B,51,41,9,0,0,21,6,0,0,0,1,155,12,167,426
11,GUANAJUATO,17,APASEO EL GRANDE,9,COMONFORT,629,C01,44,39,6,0,0,27,4,9,0,0,0,184,1,185,426
11,GUANAJUATO,17,APASEO EL GRANDE,9,COMONFORT,630,B,120,34,13,0,0,26,14,3,0,0,0,275,10,285,718
11,GUANAJUATO,17,APASEO EL GRANDE,9,COMONFORT,630,C01,112,26,12,0,0,15,9,2,0,0,0,238,14,252,718
11,GUANAJUATO,17,APASEO EL GRANDE,9,COMONFORT,630,C02,126,49,14,0,0,16,8,3,0,0,0,278,19,297,718
11,GUANAJUATO,17,APASEO EL GRANDE,9,COMONFORT,631,B,83,68,23,0,0,12,7,0,0,0,0,258,14,272,648
11,GUANAJUATO,17,APASEO EL GRANDE,9,COMONFORT,631,C01,100,66,20,0,0,9,8,1,0,0,0,279,18,297,648
11,GUANAJUATO,17,APASEO EL GRANDE,9,COMONFORT,632,B,54,47,11,0,0,19,13,3,0,0,0,206,8,214,557
11,GUANAJUATO,17,APASEO EL GRANDE,9,COMONFORT,632,C01,54,28,15,0,0,29,11,2,0,0,0,185,11,196,556
11,GUANAJUATO,17,APASEO EL GRANDE,9,COMONFORT,633,B,61,126,22,0,0,7,7,1,0,0,0,270,8,278,673
11,GUANAJUATO,17,APASEO EL GRANDE,9,COMONFORT,633,C01,55,140,15,0,0,14,2,2,0,0,0,279,20,299,673
11,GUANAJUATO,17,APASEO EL GRANDE,9,COMONFORT,634,B,65,67,17,0,0,8,5,2,0,0,0,245,9,254,423
11,GUANAJUATO,17,APASEO EL GRANDE,9,COMONFORT,634,C01,51,48,7,0,0,12,0,0,0,0,0,217,11,228,423
11,GUANAJUATO,17,APASEO EL GRANDE,9,COMONFORT,635,B,95,85,21,0,0,12,8,1,0,0,0,289,21,310,607
11,GUANAJUATO,17,APASEO EL GRANDE,9,COMONFORT,636,B,60,56,16,0,0,9,6,0,0,0,0,250,16,266,577
11,GUANAJUATO,17,APASEO EL GRANDE,9,COMONFORT,636,C01,65,60,24,0,0,8,5,2,0,0,0,253,10,263,576
11,GUANAJUATO,17,APASEO EL GRANDE,9,COMONFORT,636,C02,91,66,19,0,0,9,7,0,0,0,0,289,4,293,576
11,GUANAJUATO,17,APASEO EL GRANDE,9,COMONFORT,637,B,70,45,13,0,0,29,12,5,0,0,0,252,17,269,524
11,GUANAJUATO,17,APASEO EL GRANDE,9,COMONFORT,637,C01,73,47,9,0,0,27,14,0,0,0,0,232,21,253,524
11,GUANAJUATO,17,APASEO EL GRANDE,9,COMONFORT,637,C02,81,40,12,0,0,22,9,0,0,0,0,231,26,257,524
11,GUANAJUATO,17,APASEO EL GRANDE,9,COMONFORT,638,B,152,134,22,0,0,7,1,0,0,0,0,347,18,365,692
11,GUANAJUATO,17,APASEO EL GRANDE,9,COMONFORT,638,C01,123,126,16,0,0,10,3,0,0,0,0,335,15,350,692
11,GUANAJUATO,17,APASEO EL GRANDE,9,COMONFORT,638,C02,118,108,23,0,0,9,2,2,0,0,0,324,25,349,692
11,GUANAJUATO,17,APASEO EL GRANDE,9,COMONFORT,639,B,67,72,17,0,0,8,3,1,0,0,0,193,16,209,513
11,GUANAJUATO,17,APASEO EL GRANDE,9,COMONFORT,639,C01,57,79,3,0,0,8,7,2,0,0,0,174,15,189,513
11,GUANAJUATO,17,APASEO EL GRANDE,9,COMONFORT,639,C02,55,69,10,0,0,13,9,2,0,0,0,175,21,196,512
11,GUANAJUATO,17,APASEO EL GRANDE,9,COMONFORT,640,B,49,37,23,0,0,23,11,1,0,0,0,211,7,218,386
11,GUANAJUATO,17,APASEO EL GRANDE,9,COMONFORT,640,C01,33,33,30,0,0,14,4,4,0,0,0,181,7,188,386
11,GUANAJUATO,17,APASEO EL GRANDE,9,COMONFORT,641,B,61,35,19,0,0,19,18,3,0,0,1,259,14,273,612
11,GUANAJUATO,17,APASEO EL GRANDE,9,COMONFORT,641,C01,56,17,17,0,0,28,8,1,0,0,0,268,11,279,612
11,GUANAJUATO,17,APASEO EL GRANDE,9,COMONFORT,641,C02,61,32,9,0,0,24,11,1,0,0,0,244,8,252,612
11,GUANAJUATO,17,APASEO EL GRANDE,9,COMONFORT,641,C03,72,36,11,0,0,26,8,1,0,0,0,250,12,262,611
11,GUANAJUATO,17,APASEO EL GRANDE,9,COMONFORT,642,B,77,84,44,0,0,17,4,2,0,0,0,246,19,265,518
11,GUANAJUATO,17,APASEO EL GRANDE,9,COMONFORT,642,C01,62,59,25,0,0,12,4,1,0,0,0,203,14,217,517
11,GUANAJUATO,17,APASEO EL GRANDE,9,COMONFORT,643,B,133,19,48,0,0,11,2,2,0,0,0,313,7,320,518
11,GUANAJUATO,17,APASEO EL GRANDE,9,COMONFORT,643,C01,134,13,59,0,0,13,2,2,0,0,0,306,5,311,518
11,GUANAJUATO,17,APASEO EL GRANDE,9,COMONFORT,644,B,83,23,106,0,0,9,5,8,0,0,0,366,10,376,660
11,GUANAJUATO,17,APASEO EL GRANDE,9,COMONFORT,645,B,58,17,149,0,0,12,8,4,0,0,0,299,8,307,585
11,GUANAJUATO,17,APASEO EL GRANDE,9,COMONFORT,645,C01,65,27,146,0,0,3,3,1,0,0,0,286,7,293,585
11,GUANAJUATO,17,APASEO EL GRANDE,9,COMONFORT,645,C02,42,19,152,0,0,11,1,4,0,0,0,279,3,282,585
11,GUANAJUATO,17,APASEO EL GRANDE,9,COMONFORT,645,C03,62,10,128,0,0,8,1,2,0,0,0,264,7,271,585
11,GUANAJUATO,17,APASEO EL GRANDE,9,COMONFORT,646,B,73,18,178,0,0,11,9,3,0,0,0,361,5,366,679
11,GUANAJUATO,17,APASEO EL GRANDE,9,COMONFORT,646,C01,97,31,166,0,0,13,4,3,0,0,0,385,10,395,679
11,GUANAJUATO,17,APASEO EL GRANDE,9,COMONFORT,647,B,90,12,113,0,0,13,2,2,0,0,0,331,3,334,566
11,GUANAJUATO,17,APASEO EL GRANDE,9,COMONFORT,648,B,62,17,83,0,0,7,5,0,0,0,0,267,3,270,493
11,GUANAJUATO,17,APASEO EL GRANDE,9,COMONFORT,648,C01,82,15,63,0,0,10,4,2,0,0,0,273,8,281,492
11,GUANAJUATO,17,APASEO EL GRANDE,9,COMONFORT,649,B,93,24,127,0,0,13,12,5,0,0,0,331,4,335,560
11,GUANAJUATO,17,APASEO EL GRANDE,9,COMONFORT,649,C01,82,26,131,0,0,6,9,4,0,0,1,308,10,318,559
11,GUANAJUATO,17,APASEO EL GRANDE,9,COMONFORT,650,B,74,27,132,0,0,13,5,2,0,0,0,324,7,331,648
11,GUANAJUATO,17,APASEO EL GRANDE,9,COMONFORT,650,C01,70,24,143,0,0,20,6,4,0,0,0,320,9,329,648
11,GUANAJUATO,17,APASEO EL GRANDE,9,COMONFORT,650,C02,74,25,146,0,0,9,9,3,0,0,0,330,8,338,647
11,GUANAJUATO,17,APASEO EL GRANDE,9,COMONFORT,651,B,77,27,135,0,0,23,13,1,0,0,0,325,11,336,542
11,GUANAJUATO,22,ACAMBARO,10,CORONEO,652,B,88,142,7,21,35,19,1,0,0,0,0,321,5,326,464
11,GUANAJUATO,22,ACAMBARO,10,CORONEO,652,C01,107,121,7,22,32,12,0,0,0,0,0,314,9,323,464
11,GUANAJUATO,22,ACAMBARO,10,CORONEO,653,B,72,110,1,16,15,14,5,0,0,0,1,236,8,244,391
11,GUANAJUATO,22,ACAMBARO,10,CORONEO,653,C01,83,111,1,22,14,8,4,0,0,0,0,252,8,260,390
11,GUANAJUATO,22,ACAMBARO,10,CORONEO,654,B,115,144,0,25,18,20,3,0,0,0,0,333,9,342,515
11,GUANAJUATO,22,ACAMBARO,10,CORONEO,654,C01,100,133,1,37,21,18,0,0,0,0,0,317,8,325,515
11,GUANAJUATO,22,ACAMBARO,10,CORONEO,654,C02,119,146,3,27,16,16,2,0,0,0,0,334,7,341,515
11,GUANAJUATO,22,ACAMBARO,10,CORONEO,655,B,57,134,2,9,15,6,3,0,0,0,0,232,4,236,391
11,GUANAJUATO,22,ACAMBARO,10,CORONEO,655,E01,115,190,5,6,25,12,1,0,0,0,0,368,12,380,579
11,GUANAJUATO,22,ACAMBARO,10,CORONEO,656,B,88,201,5,32,21,11,4,0,0,0,0,374,33,407,732
11,GUANAJUATO,22,ACAMBARO,10,CORONEO,657,B,118,217,3,27,30,17,2,0,0,0,0,423,12,435,688
11,GUANAJUATO,22,ACAMBARO,10,CORONEO,658,B,130,254,5,25,16,16,2,0,0,0,0,471,10,481,717
11,GUANAJUATO,22,ACAMBARO,10,CORONEO,659,B,122,181,5,16,17,6,0,0,0,0,0,357,11,368,519
11,GUANAJUATO,22,ACAMBARO,10,CORONEO,660,B,188,222,1,25,31,32,2,0,0,0,0,510,7,517,746
11,GUANAJUATO,22,ACAMBARO,10,CORONEO,660,C01,178,194,2,26,15,22,4,0,0,0,0,456,15,471,746
11,GUANAJUATO,22,ACAMBARO,10,CORONEO,661,B,94,104,4,10,11,3,1,0,0,0,0,238,15,253,422
11,GUANAJUATO,22,ACAMBARO,10,CORONEO,661,C01,93,130,2,7,15,3,2,0,0,0,0,258,5,263,422
11,GUANAJUATO,21,SALVATIERRA,11,CORTAZAR,662,B,107,52,82,47,1,6,13,3,0,0,0,311,6,317,566
11,GUANAJUATO,21,SALVATIERRA,11,CORTAZAR,662,C01,66,56,90,53,2,5,12,12,0,0,1,297,6,303,566
11,GUANAJUATO,21,SALVATIERRA,11,CORTAZAR,662,C02,79,66,84,32,1,3,13,6,0,0,0,284,0,284,565
11,GUANAJUATO,21,SALVATIERRA,11,CORTAZAR,663,B,72,56,42,59,2,2,9,7,0,0,0,249,6,255,393
11,GUANAJUATO,21,SALVATIERRA,11,CORTAZAR,663,C01,68,47,41,72,1,4,8,9,0,0,0,250,5,255,392
11,GUANAJUATO,21,SALVATIERRA,11,CORTAZAR,664,B,89,35,84,63,3,6,15,20,0,0,1,316,3,319,535
11,GUANAJUATO,21,SALVATIERRA,11,CORTAZAR,664,C01,110,45,66,45,5,5,19,15,0,0,1,311,5,316,535
11,GUANAJUATO,21,SALVATIERRA,11,CORTAZAR,665,B,37,33,87,49,3,0,6,3,0,0,0,218,7,225,456
11,GUANAJUATO,21,SALVATIERRA,11,CORTAZAR,665,C01,35,44,72,39,6,2,8,4,0,0,0,210,14,224,455
11,GUANAJUATO,21,SALVATIERRA,11,CORTAZAR,666,B,76,45,106,46,3,3,14,9,0,0,0,302,4,306,538
11,GUANAJUATO,21,SALVATIERRA,11,CORTAZAR,666,C01,77,40,94,40,4,4,19,7,0,0,0,285,6,291,537
11,GUANAJUATO,21,SALVATIERRA,11,CORTAZAR,666,C02,67,47,86,34,2,4,22,9,0,0,0,271,5,276,537
11,GUANAJUATO,21,SALVATIERRA,11,CORTAZAR,667,B,53,41,90,50,5,4,13,12,0,0,0,268,13,281,530
11,GUANAJUATO,21,SALVATIERRA,11,CORTAZAR,667,C01,60,33,103,42,9,5,13,5,0,0,0,270,5,275,530
11,GUANAJUATO,21,SALVATIERRA,11,CORTAZAR,667,C02,49,55,99,42,3,2,13,6,0,0,0,269,7,276,530
11,GUANAJUATO,21,SALVATIERRA,11,CORTAZAR,668,B,73,61,80,58,4,1,28,16,0,0,0,321,6,327,602
11,GUANAJUATO,21,SALVATIERRA,11,CORTAZAR,668,C01,66,67,90,59,7,8,19,9,0,0,0,325,12,337,602
11,GUANAJUATO,21,SALVATIERRA,11,CORTAZAR,668,C02,60,79,100,46,5,3,21,23,0,0,0,337,7,344,602
11,GUANAJUATO,21,SALVATIERRA,11,CORTAZAR,668,C03,75,85,92,47,3,4,29,15,0,0,0,350,5,355,601
11,GUANAJUATO,21,SALVATIERRA,11,CORTAZAR,669,B,82,36,102,37,2,4,13,12,0,0,0,288,13,301,515
11,GUANAJUATO,21,SALVATIERRA,11,CORTAZAR,669,C01,74,43,103,44,5,2,12,12,0,0,0,295,6,301,515
11,GUANAJUATO,21,SALVATIERRA,11,CORTAZAR,670,B,67,48,110,40,8,6,11,18,0,0,0,308,10,318,588
11,GUANAJUATO,21,SALVATIERRA,11,CORTAZAR,670,C01,66,68,102,38,2,5,14,12,0,0,0,307,12,319,587
11,GUANAJUATO,21,SALVATIERRA,11,CORTAZAR,671,B,87,92,94,61,2,2,25,31,0,0,0,394,3,397,655
11,GUANAJUATO,21,SALVATIERRA,11,CORTAZAR,671,C01,130,63,76,48,5,5,23,28,0,0,0,378,6,384,655
11,GUANAJUATO,21,SALVATIERRA,11,CORTAZAR,672,B,81,59,74,59,6,1,14,6,0,0,0,300,11,311,516
11,GUANAJUATO,21,SALVATIERRA,11,CORTAZAR,672,C01,81,64,56,62,6,1,8,13,0,0,0,291,2,293,516
11,GUANAJUATO,21,SALVATIERRA,11,CORTAZAR,673,B,64,55,70,57,3,3,15,6,0,0,0,273,3,276,447
11,GUANAJUATO,21,SALVATIERRA,11,CORTAZAR,673,C01,73,61,53,67,2,4,10,7,0,0,0,277,8,285,447
11,GUANAJUATO,21,SALVATIERRA,11,CORTAZAR,674,B,61,66,44,38,2,4,12,3,0,0,0,230,5,235,376
11,GUANAJUATO,21,SALVATIERRA,11,CORTAZAR,674,C01,70,55,49,48,2,2,9,15,0,0,0,250,1,251,376
11,GUANAJUATO,21,SALVATIERRA,11,CORTAZAR,675,B,52,43,54,48,4,5,23,8,0,0,0,237,11,248,396
11,GUANAJUATO,21,SALVATIERRA,11,CORTAZAR,675,C01,58,48,48,37,6,5,21,14,0,0,0,237,3,240,396
11,GUANAJUATO,21,SALVATIERRA,11,CORTAZAR,676,B,87,69,116,53,1,6,24,9,0,0,1,366,10,376,730
11,GUANAJUATO,21,SALVATIERRA,11,CORTAZAR,676,C01,89,52,118,54,4,7,35,6,0,0,0,365,6,371,730
11,GUANAJUATO,21,SALVATIERRA,11,CORTAZAR,676,C02,107,62,110,50,2,4,26,16,0,0,0,377,5,382,730
11,GUANAJUATO,21,SALVATIERRA,11,CORTAZAR,676,C03,97,69,136,54,4,6,21,10,0,0,0,397,6,403,730
11,GUANAJUATO,21,SALVATIERRA,11,CORTAZAR,676,C04,87,46,118,37,8,3,41,5,0,0,0,345,8,353,729
11,GUANAJUATO,21,SALVATIERRA,11,CORTAZAR,677,B,93,46,97,41,7,4,25,7,0,0,0,320,12,332,596
11,GUANAJUATO,21,SALVATIERRA,11,CORTAZAR,677,C01,89,42,105,43,6,4,34,4,0,0,0,327,9,336,596
11,GUANAJUATO,21,SALVATIERRA,11,CORTAZAR,678,B,65,53,44,37,0,5,21,10,0,0,0,235,7,242,386
11,GUANAJUATO,21,SALVATIERRA,11,CORTAZAR,678,C01,59,35,67,28,2,6,24,4,0,0,1,226,8,234,385
11,GUANAJUATO,21,SALVATIERRA,11,CORTAZAR,679,B,74,75,109,85,9,3,30,14,0,0,1,400,11,411,738
11,GUANAJUATO,21,SALVATIERRA,11,CORTAZAR,679,C01,99,84,72,86,5,4,40,22,0,0,0,412,9,421,737
11,GUANAJUATO,21,SALVATIERRA,11,CORTAZAR,680,B,59,56,89,61,3,7,21,11,0,0,1,308,5,313,598
11,GUANAJUATO,21,SALVATIERRA,11,CORTAZAR,680,C01,70,54,102,58,3,11,11,7,0,0,0,316,6,322,598
11,GUANAJUATO,21,SALVATIERRA,11,CORTAZAR,680,C02,80,51,95,42,2,7,20,16,0,0,0,313,8,321,597
11,GUANAJUATO,21,SALVATIERRA,11,CORTAZAR,681,B,61,97,78,63,10,7,26,11,0,0,0,353,10,363,639
11,GUANAJUATO,21,SALVATIERRA,11,CORTAZAR,681,C01,61,82,107,56,4,3,16,26,0,0,0,355,11,366,639
11,GUANAJUATO,21,SALVATIERRA,11,CORTAZAR,682,B,68,94,89,49,7,3,22,12,0,0,0,344,10,354,642
11,GUANAJUATO,21,SALVATIERRA,11,CORTAZAR,682,C01,76,88,100,48,4,1,21,4,0,0,0,342,12,354,641
11,GUANAJUATO,21,SALVATIERRA,11,CORTAZAR,683,B,114,65,122,49,3,8,24,13,0,0,0,398,2,400,633
11,GUANAJUATO,21,SALVATIERRA,11,CORTAZAR,683,C01,82,80,82,53,5,6,19,14,0,0,0,341,10,351,632
11,GUANAJUATO,21,SALVATIERRA,11,CORTAZAR,684,B,71,48,110,52,4,8,16,13,0,0,0,322,8,330,670
11,GUANAJUATO,21,SALVATIERRA,11,CORTAZAR,684,C01,85,46,122,68,7,7,23,8,0,0,0,366,4,370,669
11,GUANAJUATO,21,SALVATIERRA,11,CORTAZAR,684,C02,96,48,116,51,3,4,13,16,0,0,0,347,6,353,669
11,GUANAJUATO,21,SALVATIERRA,11,CORTAZAR,685,B,64,56,86,40,4,4,28,11,0,0,0,293,11,304,560
11,GUANAJUATO,21,SALVATIERRA,11,CORTAZAR,685,C01,73,53,83,35,5,8,20,11,0,0,0,288,14,302,560
11,GUANAJUATO,21,SALVATIERRA,11,CORTAZAR,686,B,107,81,96,49,5,8,20,23,0,0,0,389,11,400,731
11,GUANAJUATO,21,SALVATIERRA,11,CORTAZAR,686,C01,94,99,83,48,5,13,21,16,0,0,0,379,10,389,730
11,GUANAJUATO,21,SALVATIERRA,11,CORTAZAR,686,C02,118,79,89,58,2,8,21,15,0,0,0,390,11,401,730
11,GUANAJUATO,21,SALVATIERRA,11,CORTAZAR,687,B,53,47,87,32,4,1,5,4,0,0,0,233,6,239,585
11,GUANAJUATO,21,SALVATIERRA,11,CORTAZAR,687,C01,49,61,74,34,1,4,9,3,0,0,0,235,9,244,585
11,GUANAJUATO,21,SALVATIERRA,11,CORTAZAR,687,C02,44,57,75,33,1,6,7,9,0,0,0,232,7,239,585
11,GUANAJUATO,21,SALVATIERRA,11,CORTAZAR,688,B,103,48,93,37,5,5,19,7,0,0,0,317,14,331,711
11,GUANAJUATO,21,SALVATIERRA,11,CORTAZAR,688,C01,101,45,103,35,5,3,12,6,0,0,1,311,7,318,711
11,GUANAJUATO,21,SALVATIERRA,11,CORTAZAR,688,C02,101,44,103,35,3,10,22,1,0,0,1,320,13,333,711
11,GUANAJUATO,21,SALVATIERRA,11,CORTAZAR,689,B,64,35,82,39,3,8,8,7,0,0,0,246,4,250,581
11,GUANAJUATO,21,SALVATIERRA,11,CORTAZAR,689,C01,74,34,69,22,1,9,11,9,0,0,0,229,5,234,581
11,GUANAJUATO,21,SALVATIERRA,11,CORTAZAR,689,C02,59,28,116,29,1,8,19,4,0,0,0,264,0,264,581
11,GUANAJUATO,21,SALVATIERRA,11,CORTAZAR,690,B,58,37,115,32,5,3,13,6,0,0,0,269,1,270,533
11,GUANAJUATO,21,SALVATIERRA,11,CORTAZAR,690,C01,42,38,105,28,5,6,19,7,0,0,0,250,4,254,532
11,GUANAJUATO,21,SALVATIERRA,11,CORTAZAR,690,C02,55,33,94,37,1,2,21,3,0,0,0,246,6,252,532
11,GUANAJUATO,21,SALVATIERRA,11,CORTAZAR,691,B,68,41,117,38,2,5,12,7,0,0,0,290,11,301,625
11,GUANAJUATO,21,SALVATIERRA,11,CORTAZAR,691,C01,52,36,126,46,4,5,16,6,0,0,0,291,9,300,625
11,GUANAJUATO,21,SALVATIERRA,11,CORTAZAR,691,C02,59,57,104,41,4,7,10,8,0,0,0,290,9,299,625
11,GUANAJUATO,21,SALVATIERRA,11,CORTAZAR,691,C03,64,42,102,37,3,6,7,8,0,0,0,269,7,276,625
11,GUANAJUATO,21,SALVATIERRA,11,CORTAZAR,692,B,94,74,98,45,3,10,8,8,0,0,0,340,12,352,741
11,GUANAJUATO,21,SALVATIERRA,11,CORTAZAR,692,C01,58,55,100,54,4,9,22,6,0,0,0,308,4,312,741
11,GUANAJUATO,21,SALVATIERRA,11,CORTAZAR,692,C02,79,68,95,47,7,4,21,3,0,0,0,324,11,335,741
11,GUANAJUATO,21,SALVATIERRA,11,CORTAZAR,693,B,28,13,50,3,2,0,8,3,0,0,0,107,0,107,156
11,GUANAJUATO,21,SALVATIERRA,11,CORTAZAR,694,B,72,52,97,52,5,2,10,7,0,0,0,297,12,309,543
11,GUANAJUATO,21,SALVATIERRA,11,CORTAZAR,694,C01,72,63,82,56,5,4,9,6,0,0,0,297,10,307,542
11,GUANAJUATO,21,SALVATIERRA,11,CORTAZAR,694,C02,60,55,102,36,5,1,12,2,0,0,0,273,6,279,542
11,GUANAJUATO,21,SALVATIERRA,11,CORTAZAR,695,B,96,93,67,30,13,1,10,1,0,0,0,311,12,323,599
11,GUANAJUATO,21,SALVATIERRA,11,CORTAZAR,695,C01,92,56,69,24,9,2,6,3,0,0,0,261,15,276,599
11,GUANAJUATO,21,SALVATIERRA,11,CORTAZAR,695,C02,95,67,74,24,10,1,9,3,0,0,0,283,17,300,599
11,GUANAJUATO,21,SALVATIERRA,11,CORTAZAR,696,B,144,44,103,32,4,6,8,8,0,0,0,349,10,359,524
11,GUANAJUATO,21,SALVATIERRA,11,CORTAZAR,696,E01,34,47,90,12,6,2,6,0,0,0,0,197,7,204,464
11,GUANAJUATO,21,SALVATIERRA,11,CORTAZAR,697,B,78,62,61,33,4,11,3,1,0,0,0,253,11,264,636
11,GUANAJUATO,21,SALVATIERRA,11,CORTAZAR,697,C01,89,41,66,28,8,4,5,1,0,0,0,242,3,245,636
11,GUANAJUATO,21,SALVATIERRA,11,CORTAZAR,697,C02,99,46,80,18,3,6,6,1,0,0,0,259,8,267,636
11,GUANAJUATO,21,SALVATIERRA,11,CORTAZAR,698,B,88,83,81,32,4,7,7,9,0,0,0,311,7,318,697
11,GUANAJUATO,21,SALVATIERRA,11,CORTAZAR,698,C01,89,84,78,33,7,1,9,3,0,0,0,304,20,324,697
11,GUANAJUATO,21,SALVATIERRA,11,CORTAZAR,699,B,97,75,55,52,4,7,12,12,0,0,1,315,4,319,613
11,GUANAJUATO,21,SALVATIERRA,11,CORTAZAR,699,C01,112,62,55,59,6,4,8,11,0,0,0,317,13,330,613
11,GUANAJUATO,21,SALVATIERRA,11,CORTAZAR,700,B,84,47,76,16,5,1,14,9,0,0,0,252,2,254,614
11,GUANAJUATO,21,SALVATIERRA,11,CORTAZAR,700,C01,58,53,104,26,3,4,6,8,0,0,0,262,8,270,613
11,GUANAJUATO,21,SALVATIERRA,11,CORTAZAR,701,B,81,35,113,26,0,3,12,2,0,0,0,272,6,278,532
11,GUANAJUATO,21,SALVATIERRA,11,CORTAZAR,701,C01,99,51,99,30,3,2,11,0,0,0,0,295,5,300,532
11,GUANAJUATO,21,SALVATIERRA,11,CORTAZAR,702,B,112,98,79,33,3,10,13,8,0,0,0,356,11,367,728
11,GUANAJUATO,21,SALVATIERRA,11,CORTAZAR,703,B,66,43,96,12,3,1,5,0,0,0,0,226,4,230,460
11,GUANAJUATO,21,SALVATIERRA,11,CORTAZAR,703,E01,136,29,26,22,4,6,11,0,0,0,0,234,3,237,380
11,GUANAJUATO,21,SALVATIERRA,11,CORTAZAR,704,B,39,49,34,20,6,2,10,3,0,0,0,163,0,163,306
11,GUANAJUATO,21,SALVATIERRA,11,CORTAZAR,705,B,83,31,62,18,7,4,8,3,0,0,0,216,0,216,519
11,GUANAJUATO,21,SALVATIERRA,11,CORTAZAR,705,C01,88,26,72,25,7,1,5,1,0,0,0,225,6,231,519
11,GUANAJUATO,21,SALVATIERRA,11,CORTAZAR,705,C02,101,19,52,25,9,4,3,2,0,0,0,215,10,225,519
11,GUANAJUATO,21,SALVATIERRA,11,CORTAZAR,706,B,60,74,29,12,9,1,4,1,0,0,0,190,8,198,432
11,GUANAJUATO,21,SALVATIERRA,11,CORTAZAR,707,B,30,46,49,26,4,4,6,0,0,0,0,165,8,173,424
11,GUANAJUATO,21,SALVATIERRA,11,CORTAZAR,707,C01,43,29,49,22,5,2,6,2,0,0,0,158,7,165,423
11,GUANAJUATO,21,SALVATIERRA,11,CORTAZAR,708,B,80,51,58,29,8,2,15,3,0,0,0,246,5,251,561
11,GUANAJUATO,21,SALVATIERRA,11,CORTAZAR,708,C01,89,44,60,25,6,2,9,3,0,0,0,238,11,249,561
11,GUANAJUATO,21,SALVATIERRA,11,CORTAZAR,709,B,113,45,110,14,4,1,4,4,0,0,0,295,12,307,634
11,GUANAJUATO,21,SALVATIERRA,11,CORTAZAR,709,E01,62,26,22,24,3,0,6,1,0,0,0,144,8,152,258
11,GUANAJUATO,21,SALVATIERRA,11,CORTAZAR,710,B,46,61,87,44,5,2,3,2,0,0,0,250,16,266,528
11,GUANAJUATO,21,SALVATIERRA,11,CORTAZAR,710,C01,53,55,65,27,4,5,4,1,0,0,0,214,27,241,527
11,GUANAJUATO,21,SALVATIERRA,11,CORTAZAR,711,B,107,22,31,19,1,2,7,1,0,0,0,190,2,192,357
11,GUANAJUATO,21,SALVATIERRA,11,CORTAZAR,712,B,64,37,23,27,4,3,2,1,0,0,0,161,11,172,545
11,GUANAJUATO,21,SALVATIERRA,11,CORTAZAR,713,B,75,54,46,21,8,1,5,2,0,0,0,212,15,227,502
11,GUANAJUATO,21,SALVATIERRA,11,CORTAZAR,713,C01,55,58,49,17,4,3,6,3,0,0,0,195,16,211,502
11,GUANAJUATO,21,SALVATIERRA,11,CORTAZAR,714,B,65,41,48,21,4,0,4,2,0,0,0,185,13,198,497
11,GUANAJUATO,21,SALVATIERRA,11,CORTAZAR,715,B,54,65,52,16,4,3,4,3,0,0,0,201,14,215,662
11,GUANAJUATO,21,SALVATIERRA,11,CORTAZAR,716,B,133,44,24,28,10,1,2,1,0,0,0,243,6,249,509
11,GUANAJUATO,21,SALVATIERRA,11,CORTAZAR,716,C01,126,32,33,20,7,1,2,2,0,0,0,223,0,223,508
11,GUANAJUATO,18,PENJAMO,12,CUERAMARO,717,B,163,15,79,0,6,0,10,0,0,0,0,273,10,283,458
11,GUANAJUATO,18,PENJAMO,12,CUERAMARO,717,C01,155,10,67,0,6,0,5,0,0,0,0,243,4,247,458
11,GUANAJUATO,18,PENJAMO,12,CUERAMARO,718,B,159,24,77,0,6,0,12,0,0,0,0,278,9,287,488
11,GUANAJUATO,18,PENJAMO,12,CUERAMARO,718,C01,187,22,68,0,5,0,7,0,0,0,0,289,3,292,488
11,GUANAJUATO,18,PENJAMO,12,CUERAMARO,719,B,211,35,152,0,8,0,15,1,0,0,0,422,11,433,718
11,GUANAJUATO,18,PENJAMO,12,CUERAMARO,720,B,199,24,144,0,4,0,23,1,0,0,0,395,5,400,608
11,GUANAJUATO,18,PENJAMO,12,CUERAMARO,720,C01,203,35,116,0,5,0,8,0,0,0,0,367,6,373,607
11,GUANAJUATO,18,PENJAMO,12,CUERAMARO,721,B,220,30,95,0,8,0,11,0,0,0,0,364,12,376,623
11,GUANAJUATO,18,PENJAMO,12,CUERAMARO,722,B,178,23,77,0,13,0,8,0,0,0,0,299,6,305,466
11,GUANAJUATO,18,PENJAMO,12,CUERAMARO,722,C01,176,20,69,0,2,0,8,0,0,0,0,275,4,279,466
11,GUANAJUATO,18,PENJAMO,12,CUERAMARO,723,B,195,23,85,0,3,0,12,0,0,0,0,318,8,326,583
11,GUANAJUATO,18,PENJAMO,12,CUERAMARO,723,C01,202,31,100,0,1,0,4,0,0,0,0,338,7,345,583
11,GUANAJUATO,18,PENJAMO,12,CUERAMARO,724,B,176,16,83,0,2,0,8,0,0,0,0,285,11,296,520
11,GUANAJUATO,18,PENJAMO,12,CUERAMARO,724,C01,175,20,62,0,6,0,7,0,0,0,0,270,5,275,520
11,GUANAJUATO,18,PENJAMO,12,CUERAMARO,724,C02,143,30,74,0,5,0,6,1,0,0,0,259,4,263,520
11,GUANAJUATO,18,PENJAMO,12,CUERAMARO,725,B,288,33,73,0,5,0,12,0,0,0,0,411,7,418,715
11,GUANAJUATO,18,PENJAMO,12,CUERAMARO,725,C01,235,27,79,0,2,0,10,3,0,0,0,356,11,367,715
11,GUANAJUATO,18,PENJAMO,12,CUERAMARO,725,C02,257,24,90,0,9,0,18,1,0,0,0,399,8,407,715
11,GUANAJUATO,18,PENJAMO,12,CUERAMARO,726,B,205,29,105,0,8,0,14,1,0,0,0,362,7,369,592
11,GUANAJUATO,18,PENJAMO,12,CUERAMARO,726,C01,199,11,118,0,2,0,13,0,0,0,0,343,4,347,592
11,GUANAJUATO,18,PENJAMO,12,CUERAMARO,726,C02,179,26,109,0,10,0,13,1,0,0,0,338,7,345,591
11,GUANAJUATO,18,PENJAMO,12,CUERAMARO,727,B,268,23,116,0,3,0,6,0,0,0,1,417,15,432,693
11,GUANAJUATO,18,PENJAMO,12,CUERAMARO,728,B,280,16,113,0,8,0,1,0,0,0,0,418,4,422,624
11,GUANAJUATO,18,PENJAMO,12,CUERAMARO,729,B,241,9,91,0,4,0,7,0,0,0,0,352,6,358,602
11,GUANAJUATO,18,PENJAMO,12,CUERAMARO,731,B,160,7,76,0,5,0,5,0,0,0,0,253,6,259,421
11,GUANAJUATO,18,PENJAMO,12,CUERAMARO,731,C01,165,13,84,0,2,0,12,0,0,0,0,276,5,281,421
11,GUANAJUATO,18,PENJAMO,12,CUERAMARO,732,B,130,10,83,0,5,0,2,1,0,0,0,231,5,236,385
11,GUANAJUATO,18,PENJAMO,12,CUERAMARO,732,C01,122,6,115,0,6,0,1,0,0,0,0,250,3,253,384
11,GUANAJUATO,18,PENJAMO,12,CUERAMARO,733,B,182,19,124,0,7,0,2,0,0,0,0,334,10,344,497
11,GUANAJUATO,18,PENJAMO,12,CUERAMARO,734,B,82,9,79,0,3,0,2,0,0,0,0,175,3,178,272
11,GUANAJUATO,18,PENJAMO,12,CUERAMARO,736,B,190,29,116,0,8,0,5,0,0,0,0,348,4,352,661
11,GUANAJUATO,18,PENJAMO,12,CUERAMARO,736,C01,223,27,77,0,10,0,9,1,0,0,0,347,6,353,660
11,GUANAJUATO,18,PENJAMO,12,CUERAMARO,736,C02,231,33,78,0,11,0,8,0,0,0,0,361,13,374,660
11,GUANAJUATO,18,PENJAMO,12,CUERAMARO,737,B,226,17,77,0,9,0,12,0,0,0,0,341,11,352,549
11,GUANAJUATO,18,PENJAMO,12,CUERAMARO,738,B,202,10,110,0,6,0,15,1,0,0,0,344,11,355,627
11,GUANAJUATO,18,PENJAMO,12,CUERAMARO,738,C01,215,15,115,0,7,0,10,0,0,0,0,362,8,370,627
11,GUANAJUATO,18,PENJAMO,12,CUERAMARO,738,C02,202,8,159,0,8,0,9,1,0,0,0,387,9,396,626
11,GUANAJUATO,18,PENJAMO,12,CUERAMARO,739,B,246,10,126,0,5,0,5,0,0,0,0,392,6,398,709
11,GUANAJUATO,18,PENJAMO,12,CUERAMARO,739,C01,249,15,121,0,2,0,3,0,0,0,0,390,12,402,708
11,GUANAJUATO,2,SAN LUIS DE LA PAZ,13,DOCTOR MORA,740,B,285,161,9,10,0,0,48,8,0,0,0,521,10,531,746
11,GUANAJUATO,2,SAN LUIS DE LA PAZ,13,DOCTOR MORA,740,C01,251,171,10,14,0,0,50,9,5,0,1,511,9,520,746
11,GUANAJUATO,2,SAN LUIS DE LA PAZ,13,DOCTOR MORA,740,C02,248,179,11,19,0,0,36,7,10,0,0,510,10,520,745
11,GUANAJUATO,2,SAN LUIS DE LA PAZ,13,DOCTOR MORA,741,B,255,143,12,8,0,0,27,9,3,0,0,457,15,472,694
11,GUANAJUATO,2,SAN LUIS DE LA PAZ,13,DOCTOR MORA,741,C01,276,122,12,7,0,0,30,1,4,0,0,452,11,463,694
11,GUANAJUATO,2,SAN LUIS DE LA PAZ,13,DOCTOR MORA,741,C02,291,108,6,7,0,0,53,7,5,0,0,477,11,488,693
11,GUANAJUATO,2,SAN LUIS DE LA PAZ,13,DOCTOR MORA,742,B,137,108,20,4,0,0,75,14,10,0,1,369,9,378,625
11,GUANAJUATO,2,SAN LUIS DE LA PAZ,13,DOCTOR MORA,742,C01,148,122,8,9,0,0,43,26,4,0,0,360,13,373,625
11,GUANAJUATO,2,SAN LUIS DE LA PAZ,13,DOCTOR MORA,743,B,131,114,12,9,0,0,55,17,1,0,0,339,0,339,573
11,GUANAJUATO,2,SAN LUIS DE LA PAZ,13,DOCTOR MORA,744,B,208,147,24,14,0,0,42,23,8,0,0,466,10,476,700
11,GUANAJUATO,2,SAN LUIS DE LA PAZ,13,DOCTOR MORA,745,B,225,181,14,14,0,0,45,6,7,0,0,492,14,506,718
11,GUANAJUATO,2,SAN LUIS DE LA PAZ,13,DOCTOR MORA,746,B,221,90,8,12,0,0,27,9,6,0,0,373,0,373,531
11,GUANAJUATO,2,SAN LUIS DE LA PAZ,13,DOCTOR MORA,746,C01,231,101,17,12,0,0,32,7,4,0,0,404,7,411,531
11,GUANAJUATO,2,SAN LUIS DE LA PAZ,13,DOCTOR MORA,747,B,195,133,13,8,0,0,67,7,10,0,1,434,9,443,650
11,GUANAJUATO,2,SAN LUIS DE LA PAZ,13,DOCTOR MORA,747,C01,202,123,9,10,0,0,52,12,15,0,0,423,7,430,650
11,GUANAJUATO,2,SAN LUIS DE LA PAZ,13,DOCTOR MORA,747,C02,219,120,7,22,0,0,37,13,4,0,0,422,8,430,649
11,GUANAJUATO,2,SAN LUIS DE LA PAZ,13,DOCTOR MORA,747,C03,267,125,6,12,0,0,37,9,14,0,0,470,10,480,649
11,GUANAJUATO,2,SAN LUIS DE LA PAZ,13,DOCTOR MORA,748,B,242,119,2,3,0,0,37,2,35,0,0,440,11,451,653
11,GUANAJUATO,2,SAN LUIS DE LA PAZ,13,DOCTOR MORA,748,C01,239,82,2,2,0,0,60,2,35,0,0,422,9,431,653
11,GUANAJUATO,2,SAN LUIS DE LA PAZ,13,DOCTOR MORA,748,C02,225,73,3,7,0,0,60,2,39,0,0,409,9,418,652
11,GUANAJUATO,2,SAN LUIS DE LA PAZ,13,DOCTOR MORA,749,B,163,104,12,10,0,0,29,4,4,0,0,326,8,334,530
11,GUANAJUATO,2,SAN LUIS DE LA PAZ,13,DOCTOR MORA,749,C01,172,91,21,11,0,0,22,5,2,0,0,324,19,343,530
11,GUANAJUATO,2,SAN LUIS DE LA PAZ,13,DOCTOR MORA,749,C02,173,68,14,9,0,0,39,4,2,0,0,309,3,312,530
11,GUANAJUATO,2,SAN LUIS DE LA PAZ,13,DOCTOR MORA,750,B,175,94,14,5,0,0,32,15,4,0,0,339,10,349,533
11,GUANAJUATO,2,SAN LUIS DE LA PAZ,13,DOCTOR MORA,750,C01,219,117,7,1,0,0,19,6,5,0,0,374,2,376,532
11,GUANAJUATO,2,SAN LUIS DE LA PAZ,13,DOCTOR MORA,751,B,192,104,11,8,0,0,18,5,5,0,0,343,5,348,472
11,GUANAJUATO,2,SAN LUIS DE LA PAZ,13,DOCTOR MORA,751,C01,168,99,6,4,0,0,20,4,1,0,0,302,7,309,472
11,GUANAJUATO,1,DOLORES HIDALGO C.I.N.,14,DOLORES HIDALGO C.I.N.,752,B,147,106,10,29,10,7,7,8,17,0,0,341,14,355,724
11,GUANAJUATO,1,DOLORES HIDALGO C.I.N.,14,DOLORES HIDALGO C.I.N.,752,C01,167,95,14,38,4,3,7,20,4,0,0,352,10,362,724
11,GUANAJUATO,1,DOLORES HIDALGO C.I.N.,14,DOLORES HIDALGO C.I.N.,752,C02,126,117,13,33,9,8,8,12,10,0,0,336,10,346,723
11,GUANAJUATO,1,DOLORES HIDALGO C.I.N.,14,DOLORES HIDALGO C.I.N.,753,B,104,60,26,31,23,2,26,16,12,0,2,302,14,316,626
11,GUANAJUATO,1,DOLORES HIDALGO C.I.N.,14,DOLORES HIDALGO C.I.N.,753,C01,108,52,18,34,10,11,29,21,6,0,0,289,12,301,625
11,GUANAJUATO,1,DOLORES HIDALGO C.I.N.,14,DOLORES HIDALGO C.I.N.,753,C02,89,54,12,26,10,4,21,21,15,0,0,252,12,264,625
11,GUANAJUATO,1,DOLORES HIDALGO C.I.N.,14,DOLORES HIDALGO C.I.N.,753,C03,109,59,22,28,13,5,20,14,6,0,0,276,14,290,625
11,GUANAJUATO,1,DOLORES HIDALGO C.I.N.,14,DOLORES HIDALGO C.I.N.,753,C04,103,65,12,20,15,5,18,24,11,0,0,273,6,279,625
11,GUANAJUATO,1,DOLORES HIDALGO C.I.N.,14,DOLORES HIDALGO C.I.N.,754,B,89,83,14,34,34,8,29,29,8,0,0,328,10,338,692
11,GUANAJUATO,1,DOLORES HIDALGO C.I.N.,14,DOLORES HIDALGO C.I.N.,754,C01,91,85,24,25,27,12,35,32,8,0,0,339,12,351,691
11,GUANAJUATO,1,DOLORES HIDALGO C.I.N.,14,DOLORES HIDALGO C.I.N.,755,B,117,39,17,30,37,8,22,23,8,0,1,302,8,310,647
11,GUANAJUATO,1,DOLORES HIDALGO C.I.N.,14,DOLORES HIDALGO C.I.N.,755,C01,127,61,22,24,19,2,15,24,7,0,0,301,10,311,646
11,GUANAJUATO,1,DOLORES HIDALGO C.I.N.,14,DOLORES HIDALGO C.I.N.,755,C02,108,44,16,27,14,6,24,24,3,0,0,266,9,275,646
11,GUANAJUATO,1,DOLORES HIDALGO C.I.N.,14,DOLORES HIDALGO C.I.N.,755,C03,98,48,20,41,16,12,19,24,8,0,0,286,10,296,646
11,GUANAJUATO,1,DOLORES HIDALGO C.I.N.,14,DOLORES HIDALGO C.I.N.,756,B,141,70,21,26,13,4,20,24,16,0,0,335,21,356,704
11,GUANAJUATO,1,DOLORES HIDALGO C.I.N.,14,DOLORES HIDALGO C.I.N.,756,C01,163,82,13,34,17,9,14,16,8,0,1,357,16,373,703
11,GUANAJUATO,1,DOLORES HIDALGO C.I.N.,14,DOLORES HIDALGO C.I.N.,756,C02,126,71,17,36,31,7,24,21,6,0,0,339,7,346,703
11,GUANAJUATO,1,DOLORES HIDALGO C.I.N.,14,DOLORES HIDALGO C.I.N.,757,B,65,61,9,13,26,9,20,25,11,0,1,240,10,250,401
11,GUANAJUATO,1,DOLORES HIDALGO C.I.N.,14,DOLORES HIDALGO C.I.N.,757,C01,89,51,12,20,21,9,18,16,7,0,0,243,10,253,401
11,GUANAJUATO,1,DOLORES HIDALGO C.I.N.,14,DOLORES HIDALGO C.I.N.,758,B,97,71,25,44,20,12,31,15,18,0,0,333,14,347,687
11,GUANAJUATO,1,DOLORES HIDALGO C.I.N.,14,DOLORES HIDALGO C.I.N.,758,C01,111,54,15,49,18,5,22,29,26,0,0,329,16,345,687
11,GUANAJUATO,1,DOLORES HIDALGO C.I.N.,14,DOLORES HIDALGO C.I.N.,759,B,97,65,25,25,17,6,15,23,9,0,0,282,13,295,566
11,GUANAJUATO,1,DOLORES HIDALGO C.I.N.,14,DOLORES HIDALGO C.I.N.,759,C01,124,71,21,36,7,7,21,20,10,0,0,317,3,320,566
11,GUANAJUATO,1,DOLORES HIDALGO C.I.N.,14,DOLORES HIDALGO C.I.N.,759,C02,79,70,15,46,16,7,13,19,7,0,0,272,11,283,566
11,GUANAJUATO,1,DOLORES HIDALGO C.I.N.,14,DOLORES HIDALGO C.I.N.,759,C03,86,64,23,30,30,5,27,16,0,0,0,281,6,287,566
11,GUANAJUATO,9,SAN MIGUEL DE ALLENDE,14,DOLORES HIDALGO C.I.N.,760,B,123,66,14,30,20,2,31,17,13,0,0,316,0,316,661
11,GUANAJUATO,9,SAN MIGUEL DE ALLENDE,14,DOLORES HIDALGO C.I.N.,760,C01,114,72,14,35,19,5,24,17,6,0,0,306,9,315,660
11,GUANAJUATO,9,SAN MIGUEL DE ALLENDE,14,DOLORES HIDALGO C.I.N.,760,C02,109,69,16,24,21,7,19,15,13,0,1,294,9,303,660
11,GUANAJUATO,9,SAN MIGUEL DE ALLENDE,14,DOLORES HIDALGO C.I.N.,760,C03,98,57,11,27,24,7,18,31,7,0,0,280,14,294,660
11,GUANAJUATO,9,SAN MIGUEL DE ALLENDE,14,DOLORES HIDALGO C.I.N.,760,C04,108,77,19,28,14,4,27,26,6,0,0,309,12,321,660
11,GUANAJUATO,9,SAN MIGUEL DE ALLENDE,14,DOLORES HIDALGO C.I.N.,760,C05,110,56,17,30,18,4,24,28,9,0,0,296,9,305,660
11,GUANAJUATO,9,SAN MIGUEL DE ALLENDE,14,DOLORES HIDALGO C.I.N.,760,C06,126,65,16,41,20,10,18,19,11,0,1,327,8,335,660
11,GUANAJUATO,9,SAN MIGUEL DE ALLENDE,14,DOLORES HIDALGO C.I.N.,761,B,110,74,39,31,19,2,9,24,21,0,0,329,18,347,620
11,GUANAJUATO,9,SAN MIGUEL DE ALLENDE,14,DOLORES HIDALGO C.I.N.,761,C01,104,49,30,25,12,9,13,16,10,0,0,268,13,281,619
11,GUANAJUATO,9,SAN MIGUEL DE ALLENDE,14,DOLORES HIDALGO C.I.N.,762,B,126,47,18,33,21,6,19,12,8,0,1,291,10,301,601
11,GUANAJUATO,9,SAN MIGUEL DE ALLENDE,14,DOLORES HIDALGO C.I.N.,762,C01,112,48,25,30,22,7,33,22,19,0,0,318,9,327,601
11,GUANAJUATO,9,SAN MIGUEL DE ALLENDE,14,DOLORES HIDALGO C.I.N.,763,B,84,44,9,24,11,15,23,22,5,0,0,237,4,241,435
11,GUANAJUATO,9,SAN MIGUEL DE ALLENDE,14,DOLORES HIDALGO C.I.N.,763,C01,98,47,12,26,10,13,27,25,3,0,0,261,6,267,435
11,GUANAJUATO,9,SAN MIGUEL DE ALLENDE,14,DOLORES HIDALGO C.I.N.,763,S01,102,80,13,21,18,4,11,6,4,0,0,259,8,267,0
11,GUANAJUATO,9,SAN MIGUEL DE ALLENDE,14,DOLORES HIDALGO C.I.N.,764,B,107,54,9,33,20,12,25,22,8,0,0,290,12,302,548
11,GUANAJUATO,9,SAN MIGUEL DE ALLENDE,14,DOLORES HIDALGO C.I.N.,764,C01,95,56,12,25,19,7,33,20,9,0,0,276,13,289,548
11,GUANAJUATO,9,SAN MIGUEL DE ALLENDE,14,DOLORES HIDALGO C.I.N.,765,B,85,61,40,34,25,5,27,18,7,0,0,302,10,312,563
11,GUANAJUATO,9,SAN MIGUEL DE ALLENDE,14,DOLORES HIDALGO C.I.N.,765,C01,75,79,10,35,21,11,21,27,10,0,0,289,11,300,563
11,GUANAJUATO,9,SAN MIGUEL DE ALLENDE,14,DOLORES HIDALGO C.I.N.,765,C02,86,68,21,43,14,10,33,18,4,0,0,297,9,306,563
11,GUANAJUATO,9,SAN MIGUEL DE ALLENDE,14,DOLORES HIDALGO C.I.N.,765,C03,70,84,16,26,10,10,28,27,6,0,0,277,11,288,563
11,GUANAJUATO,9,SAN MIGUEL DE ALLENDE,14,DOLORES HIDALGO C.I.N.,766,B,78,119,6,21,19,2,8,11,5,0,0,269,19,288,665
11,GUANAJUATO,9,SAN MIGUEL DE ALLENDE,14,DOLORES HIDALGO C.I.N.,766,C01,81,132,14,31,11,4,18,10,1,0,0,302,9,311,665
11,GUANAJUATO,9,SAN MIGUEL DE ALLENDE,14,DOLORES HIDALGO C.I.N.,766,C02,83,127,17,27,17,4,16,7,16,0,0,314,0,314,664
11,GUANAJUATO,9,SAN MIGUEL DE ALLENDE,14,DOLORES HIDALGO C.I.N.,766,C03,62,112,14,42,13,3,11,14,9,0,0,280,16,296,664
11,GUANAJUATO,9,SAN MIGUEL DE ALLENDE,14,DOLORES HIDALGO C.I.N.,767,B,96,113,7,19,11,10,19,12,11,0,1,299,9,308,637
11,GUANAJUATO,9,SAN MIGUEL DE ALLENDE,14,DOLORES HIDALGO C.I.N.,767,C01,81,107,8,22,14,7,10,14,12,0,0,275,15,290,637
11,GUANAJUATO,9,SAN MIGUEL DE ALLENDE,14,DOLORES HIDALGO C.I.N.,767,C02,81,116,8,21,17,11,24,17,8,0,0,303,11,314,636
11,GUANAJUATO,9,SAN MIGUEL DE ALLENDE,14,DOLORES HIDALGO C.I.N.,768,B,67,62,9,18,8,1,21,11,5,0,0,202,12,214,522
11,GUANAJUATO,9,SAN MIGUEL DE ALLENDE,14,DOLORES HIDALGO C.I.N.,768,C01,103,57,7,29,10,1,15,20,5,0,1,248,5,253,522
11,GUANAJUATO,9,SAN MIGUEL DE ALLENDE,14,DOLORES HIDALGO C.I.N.,768,C02,101,69,14,22,18,5,21,16,6,0,0,272,11,283,522
11,GUANAJUATO,9,SAN MIGUEL DE ALLENDE,14,DOLORES HIDALGO C.I.N.,769,B,103,68,20,25,20,9,14,19,12,0,1,291,8,299,588
11,GUANAJUATO,9,SAN MIGUEL DE ALLENDE,14,DOLORES HIDALGO C.I.N.,769,C01,101,86,12,26,20,8,24,10,6,0,0,293,13,306,587
11,GUANAJUATO,9,SAN MIGUEL DE ALLENDE,14,DOLORES HIDALGO C.I.N.,770,B,117,68,21,26,23,8,31,29,31,0,0,354,19,373,676
11,GUANAJUATO,9,SAN MIGUEL DE ALLENDE,14,DOLORES HIDALGO C.I.N.,770,C01,132,76,17,34,12,7,29,53,18,0,0,378,5,383,676
11,GUANAJUATO,9,SAN MIGUEL DE ALLENDE,14,DOLORES HIDALGO C.I.N.,771,B,91,55,11,23,10,2,8,16,10,0,0,226,14,240,502
11,GUANAJUATO,9,SAN MIGUEL DE ALLENDE,14,DOLORES HIDALGO C.I.N.,771,C01,86,49,12,36,12,6,14,18,3,0,0,236,11,247,501
11,GUANAJUATO,9,SAN MIGUEL DE ALLENDE,14,DOLORES HIDALGO C.I.N.,772,B,80,104,10,35,11,3,18,17,3,0,0,281,10,291,672
11,GUANAJUATO,9,SAN MIGUEL DE ALLENDE,14,DOLORES HIDALGO C.I.N.,772,C01,84,105,8,26,16,8,15,16,3,0,0,281,17,298,672
11,GUANAJUATO,9,SAN MIGUEL DE ALLENDE,14,DOLORES HIDALGO C.I.N.,772,C02,87,126,13,33,13,7,11,17,8,0,0,315,10,325,672
11,GUANAJUATO,9,SAN MIGUEL DE ALLENDE,14,DOLORES HIDALGO C.I.N.,772,C03,83,123,10,23,14,2,10,9,6,0,0,280,12,292,672
11,GUANAJUATO,9,SAN MIGUEL DE ALLENDE,14,DOLORES HIDALGO C.I.N.,773,B,119,79,13,21,13,5,36,29,8,0,2,325,23,348,634
11,GUANAJUATO,9,SAN MIGUEL DE ALLENDE,14,DOLORES HIDALGO C.I.N.,773,C01,107,57,21,39,15,4,42,24,8,0,0,317,15,332,634
11,GUANAJUATO,9,SAN MIGUEL DE ALLENDE,14,DOLORES HIDALGO C.I.N.,774,B,116,100,0,31,27,7,19,19,3,0,0,322,21,343,731
11,GUANAJUATO,9,SAN MIGUEL DE ALLENDE,14,DOLORES HIDALGO C.I.N.,774,C01,121,78,10,39,17,20,18,12,7,0,0,322,11,333,731
11,GUANAJUATO,9,SAN MIGUEL DE ALLENDE,14,DOLORES HIDALGO C.I.N.,774,C02,119,84,11,42,28,7,18,17,7,0,0,333,0,333,731
11,GUANAJUATO,9,SAN MIGUEL DE ALLENDE,14,DOLORES HIDALGO C.I.N.,774,C03,111,84,9,48,31,5,24,12,10,0,1,335,10,345,730
11,GUANAJUATO,9,SAN MIGUEL DE ALLENDE,14,DOLORES HIDALGO C.I.N.,775,B,82,102,14,40,9,9,35,19,1,0,0,311,21,332,678
11,GUANAJUATO,9,SAN MIGUEL DE ALLENDE,14,DOLORES HIDALGO C.I.N.,775,C01,92,91,11,34,21,10,30,20,11,0,0,320,8,328,678
11,GUANAJUATO,9,SAN MIGUEL DE ALLENDE,14,DOLORES HIDALGO C.I.N.,775,C02,90,73,22,21,17,9,42,13,6,0,1,294,17,311,678
11,GUANAJUATO,9,SAN MIGUEL DE ALLENDE,14,DOLORES HIDALGO C.I.N.,775,C03,88,111,4,45,14,11,40,23,7,0,0,343,12,355,678
11,GUANAJUATO,9,SAN MIGUEL DE ALLENDE,14,DOLORES HIDALGO C.I.N.,775,C04,78,83,10,39,20,10,37,19,6,0,0,302,12,314,678
11,GUANAJUATO,9,SAN MIGUEL DE ALLENDE,14,DOLORES HIDALGO C.I.N.,775,C05,99,77,16,34,14,10,34,20,6,0,1,311,11,322,678
11,GUANAJUATO,1,DOLORES HIDALGO C.I.N.,14,DOLORES HIDALGO C.I.N.,776,B,98,75,5,49,14,1,15,6,6,0,0,269,0,269,595
11,GUANAJUATO,1,DOLORES HIDALGO C.I.N.,14,DOLORES HIDALGO C.I.N.,776,E01,62,60,0,27,5,6,3,8,3,0,0,174,12,186,344
11,GUANAJUATO,1,DOLORES HIDALGO C.I.N.,14,DOLORES HIDALGO C.I.N.,777,B,121,43,15,19,16,2,5,2,0,0,0,223,11,234,552
11,GUANAJUATO,1,DOLORES HIDALGO C.I.N.,14,DOLORES HIDALGO C.I.N.,777,C01,93,36,13,30,9,1,1,2,1,0,0,186,12,198,551
11,GUANAJUATO,1,DOLORES HIDALGO C.I.N.,14,DOLORES HIDALGO C.I.N.,778,B,83,113,7,11,10,9,5,2,4,0,0,244,12,256,589
11,GUANAJUATO,1,DOLORES HIDALGO C.I.N.,14,DOLORES HIDALGO C.I.N.,778,C01,96,82,8,26,10,8,3,3,2,0,0,238,12,250,588
11,GUANAJUATO,1,DOLORES HIDALGO C.I.N.,14,DOLORES HIDALGO C.I.N.,778,C02,114,103,8,27,13,9,6,2,3,0,0,285,15,300,588
11,GUANAJUATO,1,DOLORES HIDALGO C.I.N.,14,DOLORES HIDALGO C.I.N.,779,B,139,110,9,40,8,1,1,1,3,0,0,312,11,323,585
11,GUANAJUATO,1,DOLORES HIDALGO C.I.N.,14,DOLORES HIDALGO C.I.N.,779,E01,22,28,35,19,2,5,1,0,1,0,1,114,10,124,227
11,GUANAJUATO,1,DOLORES HIDALGO C.I.N.,14,DOLORES HIDALGO C.I.N.,780,B,63,53,31,27,12,3,9,1,1,0,0,200,12,212,589
11,GUANAJUATO,1,DOLORES HIDALGO C.I.N.,14,DOLORES HIDALGO C.I.N.,780,C01,62,51,33,29,4,3,16,2,2,0,0,202,18,220,589
11,GUANAJUATO,1,DOLORES HIDALGO C.I.N.,14,DOLORES HIDALGO C.I.N.,781,B,176,162,5,33,5,3,3,0,5,0,0,392,11,403,719
11,GUANAJUATO,1,DOLORES HIDALGO C.I.N.,14,DOLORES HIDALGO C.I.N.,781,C01,158,145,7,29,9,9,2,1,2,0,0,362,14,376,718
11,GUANAJUATO,1,DOLORES HIDALGO C.I.N.,14,DOLORES HIDALGO C.I.N.,782,B,76,96,4,27,5,2,3,3,2,0,0,218,14,232,468
11,GUANAJUATO,1,DOLORES HIDALGO C.I.N.,14,DOLORES HIDALGO C.I.N.,782,C01,100,88,0,20,13,5,4,2,5,0,0,237,14,251,468
11,GUANAJUATO,1,DOLORES HIDALGO C.I.N.,14,DOLORES HIDALGO C.I.N.,783,B,157,86,14,29,4,6,4,4,5,0,0,309,18,327,680
11,GUANAJUATO,9,SAN MIGUEL DE ALLENDE,14,DOLORES HIDALGO C.I.N.,784,B,140,108,19,24,5,8,6,4,7,0,0,321,18,339,639
11,GUANAJUATO,9,SAN MIGUEL DE ALLENDE,14,DOLORES HIDALGO C.I.N.,784,C01,133,93,9,25,7,9,3,4,2,0,0,285,14,299,639
11,GUANAJUATO,1,DOLORES HIDALGO C.I.N.,14,DOLORES HIDALGO C.I.N.,785,B,78,139,9,31,4,2,3,3,1,0,0,270,8,278,576
11,GUANAJUATO,1,DOLORES HIDALGO C.I.N.,14,DOLORES HIDALGO C.I.N.,785,C01,113,113,5,22,7,3,1,1,1,0,0,266,8,274,576
11,GUANAJUATO,1,DOLORES HIDALGO C.I.N.,14,DOLORES HIDALGO C.I.N.,786,B,80,77,13,22,5,7,5,1,2,0,0,212,8,220,515
11,GUANAJUATO,1,DOLORES HIDALGO C.I.N.,14,DOLORES HIDALGO C.I.N.,786,C01,61,74,9,16,7,3,10,2,2,0,0,184,8,192,515
11,GUANAJUATO,1,DOLORES HIDALGO C.I.N.,14,DOLORES HIDALGO C.I.N.,787,B,113,78,11,11,6,11,5,7,1,0,0,243,4,247,480
11,GUANAJUATO,1,DOLORES HIDALGO C.I.N.,14,DOLORES HIDALGO C.I.N.,787,C01,84,77,5,14,5,7,10,1,3,0,0,206,10,216,480
11,GUANAJUATO,1,DOLORES HIDALGO C.I.N.,14,DOLORES HIDALGO C.I.N.,788,B,97,102,0,21,4,0,3,1,1,0,0,229,0,229,396
11,GUANAJUATO,1,DOLORES HIDALGO C.I.N.,14,DOLORES HIDALGO C.I.N.,788,C01,97,117,2,12,3,2,4,2,1,0,0,240,9,249,395
11,GUANAJUATO,1,DOLORES HIDALGO C.I.N.,14,DOLORES HIDALGO C.I.N.,789,B,93,135,9,10,13,1,3,2,0,0,0,266,8,274,508
11,GUANAJUATO,9,SAN MIGUEL DE ALLENDE,14,DOLORES HIDALGO C.I.N.,790,B,112,77,10,35,5,5,4,1,2,0,0,251,14,265,607
11,GUANAJUATO,9,SAN MIGUEL DE ALLENDE,14,DOLORES HIDALGO C.I.N.,790,C01,123,53,5,36,5,8,6,1,3,0,0,240,11,251,607
11,GUANAJUATO,9,SAN MIGUEL DE ALLENDE,14,DOLORES HIDALGO C.I.N.,790,C02,108,63,6,41,9,12,7,5,7,0,0,258,6,264,606
11,GUANAJUATO,9,SAN MIGUEL DE ALLENDE,14,DOLORES HIDALGO C.I.N.,791,B,85,101,19,55,8,10,2,3,1,0,0,284,9,293,595
11,GUANAJUATO,9,SAN MIGUEL DE ALLENDE,14,DOLORES HIDALGO C.I.N.,791,C01,106,92,19,30,12,11,6,1,2,0,1,280,12,292,594
11,GUANAJUATO,1,DOLORES HIDALGO C.I.N.,14,DOLORES HIDALGO C.I.N.,792,B,97,57,7,64,4,3,21,9,7,0,0,269,14,283,533
11,GUANAJUATO,1,DOLORES HIDALGO C.I.N.,14,DOLORES HIDALGO C.I.N.,792,C01,102,41,7,55,5,5,12,9,4,0,0,240,15,255,533
11,GUANAJUATO,1,DOLORES HIDALGO C.I.N.,14,DOLORES HIDALGO C.I.N.,792,C02,86,42,6,71,6,6,17,8,3,0,0,245,4,249,532
11,GUANAJUATO,1,DOLORES HIDALGO C.I.N.,14,DOLORES HIDALGO C.I.N.,793,B,148,76,10,30,19,1,1,6,11,0,0,302,18,320,625
11,GUANAJUATO,1,DOLORES HIDALGO C.I.N.,14,DOLORES HIDALGO C.I.N.,793,C01,120,88,10,30,17,5,8,7,13,0,0,298,17,315,625
11,GUANAJUATO,1,DOLORES HIDALGO C.I.N.,14,DOLORES HIDALGO C.I.N.,793,C02,161,93,7,22,9,2,7,3,5,0,6,315,14,329,625
11,GUANAJUATO,1,DOLORES HIDALGO C.I.N.,14,DOLORES HIDALGO C.I.N.,794,B,85,88,5,22,11,7,4,6,2,0,0,230,21,251,586
11,GUANAJUATO,1,DOLORES HIDALGO C.I.N.,14,DOLORES HIDALGO C.I.N.,794,C01,102,73,5,16,8,1,8,2,3,0,0,218,26,244,586
11,GUANAJUATO,1,DOLORES HIDALGO C.I.N.,14,DOLORES HIDALGO C.I.N.,795,B,113,93,13,19,9,6,6,0,2,0,0,261,21,282,679
11,GUANAJUATO,1,DOLORES HIDALGO C.I.N.,14,DOLORES HIDALGO C.I.N.,795,E01,93,42,25,14,4,7,1,0,12,0,0,198,8,206,426
11,GUANAJUATO,1,DOLORES HIDALGO C.I.N.,14,DOLORES HIDALGO C.I.N.,796,B,143,108,6,20,7,8,5,1,6,0,0,304,10,314,614
11,GUANAJUATO,1,DOLORES HIDALGO C.I.N.,14,DOLORES HIDALGO C.I.N.,796,C01,144,63,5,17,8,8,7,3,0,0,0,255,10,265,614
11,GUANAJUATO,1,DOLORES HIDALGO C.I.N.,14,DOLORES HIDALGO C.I.N.,797,B,150,71,7,35,10,7,6,7,10,0,0,303,8,311,611
11,GUANAJUATO,1,DOLORES HIDALGO C.I.N.,14,DOLORES HIDALGO C.I.N.,797,C01,145,99,12,24,7,4,7,5,4,0,0,307,13,320,611
11,GUANAJUATO,1,DOLORES HIDALGO C.I.N.,14,DOLORES HIDALGO C.I.N.,797,E01,165,40,2,31,5,7,7,5,5,0,0,267,18,285,601
11,GUANAJUATO,1,DOLORES HIDALGO C.I.N.,14,DOLORES HIDALGO C.I.N.,797,E02,60,66,6,29,5,3,2,6,1,0,0,178,15,193,365
11,GUANAJUATO,9,SAN MIGUEL DE ALLENDE,14,DOLORES HIDALGO C.I.N.,798,B,74,108,20,29,12,4,28,1,11,0,0,287,15,302,727
11,GUANAJUATO,9,SAN MIGUEL DE ALLENDE,14,DOLORES HIDALGO C.I.N.,798,E01,40,81,2,30,1,6,2,2,0,0,0,164,10,174,337
11,GUANAJUATO,1,DOLORES HIDALGO C.I.N.,14,DOLORES HIDALGO C.I.N.,799,B,64,105,5,20,12,2,21,8,14,0,0,251,19,270,575
11,GUANAJUATO,1,DOLORES HIDALGO C.I.N.,14,DOLORES HIDALGO C.I.N.,800,B,46,48,4,24,4,2,5,4,9,0,0,146,5,151,395
11,GUANAJUATO,1,DOLORES HIDALGO C.I.N.,14,DOLORES HIDALGO C.I.N.,800,C01,49,43,7,26,4,5,2,2,6,0,0,144,8,152,394
11,GUANAJUATO,1,DOLORES HIDALGO C.I.N.,14,DOLORES HIDALGO C.I.N.,801,B,65,129,12,36,22,9,3,5,6,0,0,287,10,297,570
11,GUANAJUATO,1,DOLORES HIDALGO C.I.N.,14,DOLORES HIDALGO C.I.N.,801,E01,83,169,38,25,12,1,6,4,3,0,0,341,32,373,689
11,GUANAJUATO,1,DOLORES HIDALGO C.I.N.,14,DOLORES HIDALGO C.I.N.,801,E02,23,100,1,18,8,2,5,1,12,0,0,170,15,185,393
11,GUANAJUATO,9,SAN MIGUEL DE ALLENDE,14,DOLORES HIDALGO C.I.N.,802,B,78,126,18,49,11,8,8,4,3,0,0,305,7,312,603
11,GUANAJUATO,9,SAN MIGUEL DE ALLENDE,14,DOLORES HIDALGO C.I.N.,802,C01,91,99,14,30,9,9,4,9,9,0,0,274,11,285,603
11,GUANAJUATO,9,SAN MIGUEL DE ALLENDE,14,DOLORES HIDALGO C.I.N.,802,C02,88,105,13,31,14,6,4,6,3,0,0,270,19,289,602
11,GUANAJUATO,9,SAN MIGUEL DE ALLENDE,14,DOLORES HIDALGO C.I.N.,803,B,128,71,7,23,1,3,5,5,2,0,0,245,16,261,463
11,GUANAJUATO,9,SAN MIGUEL DE ALLENDE,14,DOLORES HIDALGO C.I.N.,803,C01,136,78,7,21,3,5,1,9,2,0,0,262,5,267,463
11,GUANAJUATO,9,SAN MIGUEL DE ALLENDE,14,DOLORES HIDALGO C.I.N.,803,E01,174,30,0,29,3,2,4,2,2,0,0,246,16,262,509
11,GUANAJUATO,9,SAN MIGUEL DE ALLENDE,14,DOLORES HIDALGO C.I.N.,804,B,55,75,4,66,5,1,4,1,4,0,0,215,9,224,503
11,GUANAJUATO,9,SAN MIGUEL DE ALLENDE,14,DOLORES HIDALGO C.I.N.,804,C01,66,81,1,59,2,3,4,1,5,0,0,222,14,236,502
11,GUANAJUATO,9,SAN MIGUEL DE ALLENDE,14,DOLORES HIDALGO C.I.N.,804,E01,167,65,14,68,23,16,8,9,3,0,0,373,10,383,733
11,GUANAJUATO,1,DOLORES HIDALGO C.I.N.,14,DOLORES HIDALGO C.I.N.,805,B,95,95,11,40,25,3,6,4,8,0,0,287,16,303,613
11,GUANAJUATO,1,DOLORES HIDALGO C.I.N.,14,DOLORES HIDALGO C.I.N.,805,C01,112,86,7,38,17,3,2,3,7,0,0,275,8,283,613
11,GUANAJUATO,1,DOLORES HIDALGO C.I.N.,14,DOLORES HIDALGO C.I.N.,805,C02,82,110,2,33,22,3,5,0,12,0,0,269,12,281,612
11,GUANAJUATO,1,DOLORES HIDALGO C.I.N.,14,DOLORES HIDALGO C.I.N.,806,B,88,44,1,6,12,4,11,2,7,0,0,175,12,187,482
11,GUANAJUATO,1,DOLORES HIDALGO C.I.N.,14,DOLORES HIDALGO C.I.N.,806,C01,83,61,11,15,13,7,4,2,5,0,0,201,8,209,482
11,GUANAJUATO,9,SAN MIGUEL DE ALLENDE,14,DOLORES HIDALGO C.I.N.,807,B,68,56,7,22,4,1,3,2,4,0,1,168,7,175,564
11,GUANAJUATO,9,SAN MIGUEL DE ALLENDE,14,DOLORES HIDALGO C.I.N.,807,C01,42,79,13,23,4,4,5,6,1,0,0,177,11,188,563
11,GUANAJUATO,9,SAN MIGUEL DE ALLENDE,14,DOLORES HIDALGO C.I.N.,807,E01,120,51,5,7,3,4,3,0,8,0,0,201,14,215,405
11,GUANAJUATO,9,SAN MIGUEL DE ALLENDE,14,DOLORES HIDALGO C.I.N.,808,B,113,57,38,36,5,0,2,3,14,0,0,268,8,276,569
11,GUANAJUATO,9,SAN MIGUEL DE ALLENDE,14,DOLORES HIDALGO C.I.N.,808,C01,122,55,35,31,7,3,7,3,3,0,0,266,10,276,568
11,GUANAJUATO,9,SAN MIGUEL DE ALLENDE,14,DOLORES HIDALGO C.I.N.,808,E01,67,151,3,21,15,1,1,2,1,0,0,262,6,268,467
11,GUANAJUATO,9,SAN MIGUEL DE ALLENDE,14,DOLORES HIDALGO C.I.N.,808,E01C01,66,125,2,29,9,3,4,1,2,0,0,241,5,246,467
11,GUANAJUATO,9,SAN MIGUEL DE ALLENDE,14,DOLORES HIDALGO C.I.N.,809,B,119,50,45,50,19,3,2,8,3,0,0,299,8,307,648
11,GUANAJUATO,9,SAN MIGUEL DE ALLENDE,14,DOLORES HIDALGO C.I.N.,809,C01,118,34,35,70,16,6,8,4,4,0,0,295,11,306,647
11,GUANAJUATO,9,SAN MIGUEL DE ALLENDE,14,DOLORES HIDALGO C.I.N.,809,E01,126,113,41,62,7,6,5,4,3,0,0,367,9,376,724
11,GUANAJUATO,9,SAN MIGUEL DE ALLENDE,14,DOLORES HIDALGO C.I.N.,810,B,68,115,10,39,7,2,3,4,4,0,0,252,20,272,511
11,GUANAJUATO,9,SAN MIGUEL DE ALLENDE,14,DOLORES HIDALGO C.I.N.,810,C01,83,102,4,26,5,8,4,0,2,0,0,234,14,248,511
11,GUANAJUATO,9,SAN MIGUEL DE ALLENDE,14,DOLORES HIDALGO C.I.N.,811,B,60,99,3,80,9,0,5,2,2,0,0,260,0,260,566
11,GUANAJUATO,9,SAN MIGUEL DE ALLENDE,14,DOLORES HIDALGO C.I.N.,811,C01,62,111,3,84,8,4,5,1,5,0,0,283,12,295,566
11,GUANAJUATO,9,SAN MIGUEL DE ALLENDE,14,DOLORES HIDALGO C.I.N.,811,C02,49,95,4,56,9,4,5,4,2,0,0,228,23,251,566
11,GUANAJUATO,1,DOLORES HIDALGO C.I.N.,14,DOLORES HIDALGO C.I.N.,812,B,33,61,1,3,0,1,3,2,0,0,0,104,12,116,274
11,GUANAJUATO,9,SAN MIGUEL DE ALLENDE,14,DOLORES HIDALGO C.I.N.,813,B,39,114,4,21,34,2,6,1,0,0,0,221,11,232,473
11,GUANAJUATO,9,SAN MIGUEL DE ALLENDE,14,DOLORES HIDALGO C.I.N.,813,C01,40,104,5,53,26,1,3,0,1,0,0,233,21,254,473
11,GUANAJUATO,9,SAN MIGUEL DE ALLENDE,14,DOLORES HIDALGO C.I.N.,813,E01,39,34,11,11,15,0,3,0,2,0,0,115,12,127,254
11,GUANAJUATO,9,SAN MIGUEL DE ALLENDE,14,DOLORES HIDALGO C.I.N.,814,B,104,46,10,50,38,0,8,3,5,0,0,264,17,281,603
11,GUANAJUATO,9,SAN MIGUEL DE ALLENDE,14,DOLORES HIDALGO C.I.N.,815,B,77,65,8,15,12,1,3,3,2,0,0,186,20,206,455
11,GUANAJUATO,9,SAN MIGUEL DE ALLENDE,14,DOLORES HIDALGO C.I.N.,815,C01,67,77,8,27,15,5,2,0,3,0,0,204,9,213,454
11,GUANAJUATO,9,SAN MIGUEL DE ALLENDE,14,DOLORES HIDALGO C.I.N.,816,B,67,70,15,28,12,2,5,3,16,0,0,218,10,228,364
11,GUANAJUATO,9,SAN MIGUEL DE ALLENDE,14,DOLORES HIDALGO C.I.N.,816,E01,41,69,3,8,30,3,6,0,14,0,0,174,15,189,533
11,GUANAJUATO,9,SAN MIGUEL DE ALLENDE,14,DOLORES HIDALGO C.I.N.,817,B,58,50,6,13,16,3,1,0,6,0,0,153,12,165,495
11,GUANAJUATO,9,SAN MIGUEL DE ALLENDE,14,DOLORES HIDALGO C.I.N.,817,C01,51,51,6,16,24,1,5,2,3,0,0,159,11,170,494
11,GUANAJUATO,9,SAN MIGUEL DE ALLENDE,14,DOLORES HIDALGO C.I.N.,818,B,59,89,19,24,21,0,3,2,3,0,0,220,8,228,509
11,GUANAJUATO,9,SAN MIGUEL DE ALLENDE,14,DOLORES HIDALGO C.I.N.,818,C01,49,101,16,32,11,1,5,1,5,0,0,221,15,236,509
11,GUANAJUATO,9,SAN MIGUEL DE ALLENDE,14,DOLORES HIDALGO C.I.N.,818,C02,73,85,6,34,29,1,5,0,3,0,0,236,14,250,509
11,GUANAJUATO,9,SAN MIGUEL DE ALLENDE,14,DOLORES HIDALGO C.I.N.,819,B,64,56,12,37,50,1,11,7,6,0,0,244,11,255,667
11,GUANAJUATO,9,SAN MIGUEL DE ALLENDE,14,DOLORES HIDALGO C.I.N.,820,B,27,148,4,19,1,2,1,0,1,0,0,203,0,203,536
11,GUANAJUATO,9,SAN MIGUEL DE ALLENDE,14,DOLORES HIDALGO C.I.N.,820,C01,42,125,4,18,3,2,1,2,3,0,0,200,18,218,535
11,GUANAJUATO,9,SAN MIGUEL DE ALLENDE,14,DOLORES HIDALGO C.I.N.,821,B,88,165,8,18,22,5,8,8,4,0,0,326,24,350,670
11,GUANAJUATO,9,SAN MIGUEL DE ALLENDE,14,DOLORES HIDALGO C.I.N.,821,C01,51,194,6,32,22,1,9,1,5,0,0,321,20,341,669
11,GUANAJUATO,9,SAN MIGUEL DE ALLENDE,14,DOLORES HIDALGO C.I.N.,822,B,67,69,6,7,11,4,4,0,2,0,0,170,17,187,520
11,GUANAJUATO,9,SAN MIGUEL DE ALLENDE,14,DOLORES HIDALGO C.I.N.,822,C01,92,89,0,14,6,2,5,2,4,0,0,214,22,236,519
11,GUANAJUATO,8,GUANAJUATO,15,GUANAJUATO,823,B,64,101,75,12,2,0,3,13,7,0,0,277,15,292,533
11,GUANAJUATO,8,GUANAJUATO,15,GUANAJUATO,823,C01,72,80,76,10,3,0,1,15,9,0,0,268,8,276,533
11,GUANAJUATO,8,GUANAJUATO,15,GUANAJUATO,824,B,60,87,77,9,4,0,6,10,4,0,1,258,7,265,654
11,GUANAJUATO,8,GUANAJUATO,15,GUANAJUATO,824,C01,65,74,67,8,6,0,5,19,13,0,1,258,14,272,653
11,GUANAJUATO,8,GUANAJUATO,15,GUANAJUATO,825,B,73,69,30,7,4,0,2,18,8,0,1,215,9,224,536
11,GUANAJUATO,8,GUANAJUATO,15,GUANAJUATO,825,C01,68,50,38,10,0,0,9,11,7,0,0,193,15,208,536
11,GUANAJUATO,8,GUANAJUATO,15,GUANAJUATO,826,B,56,63,49,6,0,0,0,11,3,0,0,188,9,197,481
11,GUANAJUATO,8,GUANAJUATO,15,GUANAJUATO,826,C01,43,77,67,5,4,0,3,3,5,0,0,207,10,217,481
11,GUANAJUATO,8,GUANAJUATO,15,GUANAJUATO,827,B,43,79,75,8,3,0,6,7,10,0,2,233,6,239,635
11,GUANAJUATO,8,GUANAJUATO,15,GUANAJUATO,827,C01,46,87,68,8,3,0,4,6,6,0,2,231,3,234,634
11,GUANAJUATO,8,GUANAJUATO,15,GUANAJUATO,828,B,35,83,46,6,5,0,6,12,6,0,0,200,10,210,612
11,GUANAJUATO,8,GUANAJUATO,15,GUANAJUATO,828,C01,26,88,52,12,1,0,2,3,12,0,0,196,0,196,612
11,GUANAJUATO,8,GUANAJUATO,15,GUANAJUATO,828,C02,38,66,79,15,0,0,15,4,8,0,0,226,0,226,612
11,GUANAJUATO,8,GUANAJUATO,15,GUANAJUATO,829,B,48,66,71,4,3,0,7,14,4,0,2,221,5,226,493
11,GUANAJUATO,8,GUANAJUATO,15,GUANAJUATO,829,C01,31,106,66,10,2,0,5,9,11,0,0,240,11,251,492
11,GUANAJUATO,8,GUANAJUATO,15,GUANAJUATO,830,B,37,74,47,13,9,0,3,9,9,0,1,202,0,202,539
11,GUANAJUATO,8,GUANAJUATO,15,GUANAJUATO,830,C01,38,71,51,6,3,0,4,11,7,0,1,192,5,197,539
11,GUANAJUATO,8,GUANAJUATO,15,GUANAJUATO,831,B,38,72,55,5,4,0,5,6,5,0,0,196,2,198,646
11,GUANAJUATO,8,GUANAJUATO,15,GUANAJUATO,831,C01,45,78,84,7,5,0,7,2,3,0,0,231,6,237,646
11,GUANAJUATO,8,GUANAJUATO,15,GUANAJUATO,832,B,45,99,69,4,7,0,14,4,9,0,1,252,13,265,706
11,GUANAJUATO,8,GUANAJUATO,15,GUANAJUATO,832,C01,59,104,83,2,2,0,6,8,6,0,1,273,10,283,706
11,GUANAJUATO,8,GUANAJUATO,15,GUANAJUATO,833,B,32,73,44,6,2,0,5,11,3,0,2,180,4,184,376
11,GUANAJUATO,8,GUANAJUATO,15,GUANAJUATO,833,C01,36,60,48,2,1,0,1,4,8,0,0,163,13,176,375
11,GUANAJUATO,8,GUANAJUATO,15,GUANAJUATO,834,B,37,124,53,15,5,0,12,15,7,0,0,268,10,278,616
11,GUANAJUATO,8,GUANAJUATO,15,GUANAJUATO,834,C01,39,111,85,6,3,0,8,5,7,0,0,264,11,275,616
11,GUANAJUATO,8,GUANAJUATO,15,GUANAJUATO,835,B,49,103,75,18,10,0,7,10,12,0,1,285,11,296,655
11,GUANAJUATO,8,GUANAJUATO,15,GUANAJUATO,835,C01,50,84,81,10,1,0,4,10,9,0,0,249,10,259,654
11,GUANAJUATO,8,GUANAJUATO,15,GUANAJUATO,836,B,32,62,69,4,4,0,3,5,5,0,0,185,12,197,558
11,GUANAJUATO,8,GUANAJUATO,15,GUANAJUATO,836,C01,33,64,70,9,3,0,5,5,2,0,0,191,6,197,558
11,GUANAJUATO,8,GUANAJUATO,15,GUANAJUATO,836,C02,17,99,71,9,2,0,2,5,3,0,0,208,10,218,558
11,GUANAJUATO,8,GUANAJUATO,15,GUANAJUATO,837,B,25,95,70,5,2,0,5,2,11,0,0,220,4,224,610
11,GUANAJUATO,8,GUANAJUATO,15,GUANAJUATO,837,C01,35,93,82,12,5,0,3,11,4,0,1,246,10,256,609
11,GUANAJUATO,8,GUANAJUATO,15,GUANAJUATO,838,B,33,70,50,7,2,0,1,4,3,0,0,170,6,176,485
11,GUANAJUATO,8,GUANAJUATO,15,GUANAJUATO,838,C01,31,59,60,12,6,0,0,7,6,0,1,186,10,196,484
11,GUANAJUATO,8,GUANAJUATO,15,GUANAJUATO,839,B,42,77,70,12,3,0,2,10,5,0,0,222,7,229,580
11,GUANAJUATO,8,GUANAJUATO,15,GUANAJUATO,840,B,38,44,50,4,2,0,5,12,8,0,0,164,9,173,275
11,GUANAJUATO,8,GUANAJUATO,15,GUANAJUATO,841,B,27,82,46,1,2,0,0,12,8,0,0,261,17,278,451
11,GUANAJUATO,8,GUANAJUATO,15,GUANAJUATO,841,C01,32,73,56,7,1,0,4,14,0,0,1,190,10,200,450
11,GUANAJUATO,8,GUANAJUATO,15,GUANAJUATO,842,B,36,72,48,3,0,0,1,10,7,0,0,183,5,188,402
11,GUANAJUATO,8,GUANAJUATO,15,GUANAJUATO,842,C01,23,71,40,2,3,0,3,8,3,0,1,156,5,161,401
11,GUANAJUATO,8,GUANAJUATO,15,GUANAJUATO,843,B,72,106,96,8,4,0,5,9,9,0,0,314,12,326,584
11,GUANAJUATO,8,GUANAJUATO,15,GUANAJUATO,844,B,33,85,65,7,3,0,7,11,9,0,3,230,7,237,488
11,GUANAJUATO,8,GUANAJUATO,15,GUANAJUATO,844,C01,41,86,65,7,7,0,8,18,2,0,1,237,8,245,488
11,GUANAJUATO,8,GUANAJUATO,15,GUANAJUATO,845,B,53,126,117,8,2,0,3,12,10,0,1,336,10,346,737
11,GUANAJUATO,8,GUANAJUATO,15,GUANAJUATO,845,C01,73,129,128,10,2,0,6,16,8,0,1,377,7,384,737
11,GUANAJUATO,8,GUANAJUATO,15,GUANAJUATO,846,B,55,83,51,6,4,0,2,12,13,0,2,235,4,239,510
11,GUANAJUATO,8,GUANAJUATO,15,GUANAJUATO,846,C01,36,97,66,7,2,0,6,8,6,0,0,234,9,243,510
11,GUANAJUATO,8,GUANAJUATO,15,GUANAJUATO,847,B,60,127,82,8,4,0,10,15,7,0,3,319,15,334,747
11,GUANAJUATO,8,GUANAJUATO,15,GUANAJUATO,848,B,36,50,54,4,5,0,3,16,3,0,0,175,7,182,354
11,GUANAJUATO,8,GUANAJUATO,15,GUANAJUATO,849,B,26,34,72,2,0,0,5,0,4,0,1,144,5,149,292
11,GUANAJUATO,8,GUANAJUATO,15,GUANAJUATO,850,B,26,70,48,4,2,0,3,2,3,0,0,163,2,165,399
11,GUANAJUATO,8,GUANAJUATO,15,GUANAJUATO,850,C01,50,75,39,7,2,0,6,2,4,0,0,188,3,191,398
11,GUANAJUATO,8,GUANAJUATO,15,GUANAJUATO,851,B,46,107,70,3,0,0,2,5,6,0,0,244,7,251,503
11,GUANAJUATO,8,GUANAJUATO,15,GUANAJUATO,851,C01,48,107,61,7,3,0,6,4,6,0,0,245,9,254,502
11,GUANAJUATO,8,GUANAJUATO,15,GUANAJUATO,852,B,40,100,56,5,3,0,3,7,6,0,0,227,10,237,500
11,GUANAJUATO,8,GUANAJUATO,15,GUANAJUATO,852,C01,38,92,67,7,4,0,9,7,6,0,1,236,10,246,500
11,GUANAJUATO,8,GUANAJUATO,15,GUANAJUATO,853,B,32,88,73,8,2,0,8,7,8,0,0,230,8,238,750
11,GUANAJUATO,8,GUANAJUATO,15,GUANAJUATO,853,C01,26,89,64,13,2,0,3,5,6,0,0,212,8,220,749
11,GUANAJUATO,8,GUANAJUATO,15,GUANAJUATO,853,C02,45,97,65,11,5,0,2,8,3,0,0,248,11,259,749
11,GUANAJUATO,8,GUANAJUATO,15,GUANAJUATO,853,C03,32,99,56,10,1,0,5,9,2,0,1,222,11,233,749
11,GUANAJUATO,8,GUANAJUATO,15,GUANAJUATO,853,C04,41,82,63,15,1,0,5,2,1,0,0,215,9,224,749
11,GUANAJUATO,8,GUANAJUATO,15,GUANAJUATO,853,C05,38,102,64,12,5,0,7,8,3,0,0,244,4,248,749
11,GUANAJUATO,8,GUANAJUATO,15,GUANAJUATO,854,B,41,98,89,10,4,0,2,8,6,0,0,268,18,286,707
11,GUANAJUATO,8,GUANAJUATO,15,GUANAJUATO,854,C01,36,101,79,7,8,0,4,14,11,0,0,274,0,274,707
11,GUANAJUATO,8,GUANAJUATO,15,GUANAJUATO,854,C02,51,93,95,6,7,0,6,6,6,0,0,271,11,282,707
11,GUANAJUATO,8,GUANAJUATO,15,GUANAJUATO,855,B,50,76,62,5,5,0,5,4,4,0,1,212,6,218,547
11,GUANAJUATO,8,GUANAJUATO,15,GUANAJUATO,855,C01,49,88,82,2,6,0,11,5,4,0,0,249,13,262,547
11,GUANAJUATO,8,GUANAJUATO,15,GUANAJUATO,856,B,57,93,56,11,8,0,6,6,6,0,0,247,10,257,543
11,GUANAJUATO,8,GUANAJUATO,15,GUANAJUATO,857,B,48,121,100,8,4,0,8,12,10,0,1,313,11,324,734
11,GUANAJUATO,8,GUANAJUATO,15,GUANAJUATO,857,C01,39,101,92,6,6,0,7,13,11,0,0,280,14,294,734
11,GUANAJUATO,8,GUANAJUATO,15,GUANAJUATO,858,B,32,69,57,6,2,0,12,4,2,0,0,187,0,187,411
11,GUANAJUATO,8,GUANAJUATO,15,GUANAJUATO,858,C01,21,74,39,5,3,0,6,3,4,0,0,159,7,166,410
11,GUANAJUATO,8,GUANAJUATO,15,GUANAJUATO,859,B,43,62,55,15,6,0,4,8,5,0,0,202,9,211,404
11,GUANAJUATO,8,GUANAJUATO,15,GUANAJUATO,860,B,51,99,86,11,6,0,1,20,5,0,0,283,8,291,597
11,GUANAJUATO,8,GUANAJUATO,15,GUANAJUATO,861,B,43,68,56,11,2,0,5,7,3,0,0,201,9,210,489
11,GUANAJUATO,8,GUANAJUATO,15,GUANAJUATO,861,C01,51,74,75,6,1,0,5,6,5,0,0,223,7,230,488
11,GUANAJUATO,8,GUANAJUATO,15,GUANAJUATO,862,B,44,91,67,17,3,0,8,14,8,0,0,261,10,271,513
11,GUANAJUATO,8,GUANAJUATO,15,GUANAJUATO,862,C01,42,89,86,8,2,0,1,15,4,0,0,251,9,260,513
11,GUANAJUATO,8,GUANAJUATO,15,GUANAJUATO,863,B,44,66,74,5,5,0,7,4,5,0,0,211,10,221,428
11,GUANAJUATO,8,GUANAJUATO,15,GUANAJUATO,863,C01,51,57,59,3,5,0,15,11,8,0,1,211,12,223,427
11,GUANAJUATO,8,GUANAJUATO,15,GUANAJUATO,864,B,49,54,57,7,1,0,3,11,8,0,0,204,0,204,425
11,GUANAJUATO,8,GUANAJUATO,15,GUANAJUATO,864,C01,46,63,84,7,3,0,6,9,7,0,2,229,5,234,425
11,GUANAJUATO,8,GUANAJUATO,15,GUANAJUATO,865,B,45,77,60,9,2,0,4,4,6,0,0,210,6,216,509
11,GUANAJUATO,8,GUANAJUATO,15,GUANAJUATO,865,C01,35,70,56,5,4,0,4,10,4,0,0,193,10,203,508
11,GUANAJUATO,8,GUANAJUATO,15,GUANAJUATO,865,C02,44,68,50,11,3,0,5,11,7,0,0,199,5,204,508
11,GUANAJUATO,8,GUANAJUATO,15,GUANAJUATO,866,B,26,76,68,9,2,0,10,10,3,0,0,210,0,210,618
11,GUANAJUATO,8,GUANAJUATO,15,GUANAJUATO,866,C01,27,76,86,7,3,0,2,6,1,0,0,216,7,223,618
11,GUANAJUATO,8,GUANAJUATO,15,GUANAJUATO,866,C02,36,86,74,13,2,0,2,6,5,0,0,230,6,236,617
11,GUANAJUATO,8,GUANAJUATO,15,GUANAJUATO,867,B,61,91,89,22,2,0,11,17,3,0,0,298,14,312,545
11,GUANAJUATO,8,GUANAJUATO,15,GUANAJUATO,867,C01,81,94,77,16,3,0,7,20,5,0,0,307,19,326,544
11,GUANAJUATO,8,GUANAJUATO,15,GUANAJUATO,868,B,84,93,74,6,2,0,6,9,11,0,2,290,10,300,644
11,GUANAJUATO,8,GUANAJUATO,15,GUANAJUATO,869,B,41,82,49,11,2,0,5,2,3,0,0,199,6,205,570
11,GUANAJUATO,8,GUANAJUATO,15,GUANAJUATO,869,C01,45,81,45,8,3,0,6,4,9,0,0,206,11,217,569
11,GUANAJUATO,8,GUANAJUATO,15,GUANAJUATO,870,B,37,80,46,11,1,0,6,6,5,0,0,196,2,198,615
11,GUANAJUATO,8,GUANAJUATO,15,GUANAJUATO,870,C01,25,74,54,8,0,0,5,11,4,0,0,187,10,197,615
11,GUANAJUATO,8,GUANAJUATO,15,GUANAJUATO,871,B,46,90,79,6,4,0,1,12,6,0,1,245,9,254,485
11,GUANAJUATO,8,GUANAJUATO,15,GUANAJUATO,871,C01,57,78,89,11,3,0,0,6,2,0,0,248,7,255,484
11,GUANAJUATO,8,GUANAJUATO,15,GUANAJUATO,872,B,57,97,91,11,3,0,4,5,6,0,1,278,16,294,666
11,GUANAJUATO,8,GUANAJUATO,15,GUANAJUATO,872,C01,62,106,107,14,5,0,7,20,6,0,0,332,17,349,665
11,GUANAJUATO,8,GUANAJUATO,15,GUANAJUATO,873,B,60,101,76,7,2,0,10,12,5,0,0,279,2,281,713
11,GUANAJUATO,8,GUANAJUATO,15,GUANAJUATO,873,C01,62,118,92,6,8,0,5,10,4,0,1,309,18,327,713
11,GUANAJUATO,8,GUANAJUATO,15,GUANAJUATO,873,C02,77,115,70,8,1,0,10,17,8,0,0,315,13,328,713
11,GUANAJUATO,8,GUANAJUATO,15,GUANAJUATO,874,B,78,64,65,15,2,0,6,14,2,0,1,251,10,261,501
11,GUANAJUATO,8,GUANAJUATO,15,GUANAJUATO,874,C01,62,75,75,12,7,0,3,12,2,0,0,255,12,267,501
11,GUANAJUATO,8,GUANAJUATO,15,GUANAJUATO,874,C02,106,73,38,6,2,0,2,7,9,0,1,245,11,256,501
11,GUANAJUATO,8,GUANAJUATO,15,GUANAJUATO,875,B,47,63,44,7,3,0,9,7,4,0,0,189,11,200,604
11,GUANAJUATO,8,GUANAJUATO,15,GUANAJUATO,875,C01,55,79,61,9,2,0,2,12,7,0,0,230,3,233,604
11,GUANAJUATO,8,GUANAJUATO,15,GUANAJUATO,875,C02,53,50,75,12,1,0,7,9,7,0,0,217,4,221,603
11,GUANAJUATO,8,GUANAJUATO,15,GUANAJUATO,875,C03,44,85,64,13,3,0,4,6,2,0,0,225,14,239,603
11,GUANAJUATO,8,GUANAJUATO,15,GUANAJUATO,876,B,46,50,47,8,3,0,4,7,6,0,0,172,34,206,733
11,GUANAJUATO,8,GUANAJUATO,15,GUANAJUATO,876,C01,54,71,71,7,6,0,6,4,6,0,1,232,31,263,733
11,GUANAJUATO,8,GUANAJUATO,15,GUANAJUATO,876,C02,65,55,43,1,6,0,5,4,3,0,0,186,20,206,733
11,GUANAJUATO,8,GUANAJUATO,15,GUANAJUATO,876,C03,56,56,36,4,2,0,11,7,0,0,0,172,0,172,732
11,GUANAJUATO,8,GUANAJUATO,15,GUANAJUATO,877,B,62,82,76,9,3,0,5,9,6,0,0,256,5,261,600
11,GUANAJUATO,8,GUANAJUATO,15,GUANAJUATO,877,C01,76,67,56,8,2,0,3,16,9,0,0,241,12,253,599
11,GUANAJUATO,8,GUANAJUATO,15,GUANAJUATO,878,B,72,86,81,12,7,0,7,7,8,0,3,287,9,296,737
11,GUANAJUATO,8,GUANAJUATO,15,GUANAJUATO,878,C01,92,89,82,7,9,0,6,7,10,0,0,307,9,316,737
11,GUANAJUATO,8,GUANAJUATO,15,GUANAJUATO,878,C02,93,88,90,12,8,0,12,7,10,0,0,323,14,337,737
11,GUANAJUATO,8,GUANAJUATO,15,GUANAJUATO,878,C03,88,94,70,10,8,0,6,20,10,0,3,313,17,330,737
11,GUANAJUATO,8,GUANAJUATO,15,GUANAJUATO,878,C04,70,78,83,12,4,0,14,14,8,0,1,286,7,293,737
11,GUANAJUATO,8,GUANAJUATO,15,GUANAJUATO,878,C05,58,85,102,11,3,0,5,5,3,0,0,272,7,279,737
11,GUANAJUATO,8,GUANAJUATO,15,GUANAJUATO,878,C06,58,86,92,14,6,0,7,15,8,0,0,289,7,296,737
11,GUANAJUATO,8,GUANAJUATO,15,GUANAJUATO,878,C07,67,81,92,13,4,0,13,12,3,0,0,288,12,300,737
11,GUANAJUATO,8,GUANAJUATO,15,GUANAJUATO,878,C08,66,102,90,10,5,0,8,11,13,0,0,308,4,312,737
11,GUANAJUATO,8,GUANAJUATO,15,GUANAJUATO,878,C09,71,101,76,8,3,0,16,7,10,0,0,295,10,305,736
11,GUANAJUATO,8,GUANAJUATO,15,GUANAJUATO,878,C10,74,74,102,11,8,0,13,8,11,0,0,307,9,316,736
11,GUANAJUATO,8,GUANAJUATO,15,GUANAJUATO,878,C11,65,102,104,5,5,0,4,5,7,0,0,303,8,311,736
11,GUANAJUATO,8,GUANAJUATO,15,GUANAJUATO,878,C12,62,86,93,12,6,0,5,6,9,0,0,283,8,291,736
11,GUANAJUATO,8,GUANAJUATO,15,GUANAJUATO,878,C13,65,81,101,9,9,0,11,3,7,0,1,294,10,304,736
11,GUANAJUATO,8,GUANAJUATO,15,GUANAJUATO,878,C14,64,98,79,16,6,0,5,8,11,0,1,290,10,300,736
11,GUANAJUATO,8,GUANAJUATO,15,GUANAJUATO,878,C15,74,81,90,9,6,0,8,9,6,0,0,285,10,295,736
11,GUANAJUATO,8,GUANAJUATO,15,GUANAJUATO,878,C16,74,81,103,12,3,0,7,19,10,0,0,312,6,318,736
11,GUANAJUATO,8,GUANAJUATO,15,GUANAJUATO,878,C17,76,73,96,15,4,0,9,9,3,0,0,285,10,295,736
11,GUANAJUATO,8,GUANAJUATO,15,GUANAJUATO,878,S01,17,34,16,4,3,0,1,3,1,0,1,80,4,84,0
11,GUANAJUATO,8,GUANAJUATO,15,GUANAJUATO,879,B,73,82,90,19,2,0,2,17,11,0,2,298,13,311,555
11,GUANAJUATO,8,GUANAJUATO,15,GUANAJUATO,879,C01,67,72,87,7,5,0,8,14,6,0,2,269,10,279,555
11,GUANAJUATO,8,GUANAJUATO,15,GUANAJUATO,879,C02,67,79,90,4,5,0,11,16,11,0,0,289,16,305,555
11,GUANAJUATO,8,GUANAJUATO,15,GUANAJUATO,880,B,76,120,2,10,1,0,0,2,1,0,0,214,0,214,516
11,GUANAJUATO,8,GUANAJUATO,15,GUANAJUATO,881,B,93,26,6,2,5,0,1,1,2,0,0,136,0,136,465
11,GUANAJUATO,8,GUANAJUATO,15,GUANAJUATO,882,B,44,104,4,8,0,0,1,1,2,0,0,165,7,172,386
11,GUANAJUATO,8,GUANAJUATO,15,GUANAJUATO,883,B,27,84,1,3,2,0,1,4,2,0,0,137,13,150,397
11,GUANAJUATO,8,GUANAJUATO,15,GUANAJUATO,883,C01,38,76,7,6,3,0,1,3,1,0,0,151,7,158,397
11,GUANAJUATO,8,GUANAJUATO,15,GUANAJUATO,884,B,20,36,3,7,1,0,2,0,3,0,0,73,3,76,238
11,GUANAJUATO,8,GUANAJUATO,15,GUANAJUATO,885,B,152,59,10,10,0,0,2,0,1,0,0,234,4,238,672
11,GUANAJUATO,8,GUANAJUATO,15,GUANAJUATO,885,E01,71,13,8,5,2,0,2,0,2,0,0,103,6,109,240
11,GUANAJUATO,8,GUANAJUATO,15,GUANAJUATO,886,B,72,48,2,4,1,0,1,2,1,0,1,133,6,139,353
11,GUANAJUATO,8,GUANAJUATO,15,GUANAJUATO,887,B,85,125,6,4,4,0,6,2,4,0,0,240,4,244,575
11,GUANAJUATO,8,GUANAJUATO,15,GUANAJUATO,887,C01,85,126,10,19,1,0,4,3,2,0,0,258,7,265,575
11,GUANAJUATO,8,GUANAJUATO,15,GUANAJUATO,888,B,138,43,17,8,3,0,7,2,8,0,0,227,4,231,646
11,GUANAJUATO,8,GUANAJUATO,15,GUANAJUATO,888,C01,130,52,9,10,5,0,6,6,3,0,0,222,6,228,646
11,GUANAJUATO,8,GUANAJUATO,15,GUANAJUATO,889,B,84,72,32,23,5,0,3,5,4,0,0,236,19,255,581
11,GUANAJUATO,8,GUANAJUATO,15,GUANAJUATO,889,C01,86,63,53,22,4,0,4,5,4,0,0,250,12,262,581
11,GUANAJUATO,8,GUANAJUATO,15,GUANAJUATO,890,B,51,61,18,12,5,0,5,2,3,0,0,159,7,166,462
11,GUANAJUATO,8,GUANAJUATO,15,GUANAJUATO,890,C01,73,67,15,9,6,0,5,4,3,0,0,186,12,198,462
11,GUANAJUATO,8,GUANAJUATO,15,GUANAJUATO,890,E01,65,117,4,13,2,0,2,0,0,0,0,222,9,231,357
11,GUANAJUATO,8,GUANAJUATO,15,GUANAJUATO,891,B,26,36,18,13,5,0,4,2,0,0,0,104,4,108,301
11,GUANAJUATO,8,GUANAJUATO,15,GUANAJUATO,892,B,4,17,5,2,1,0,0,0,2,0,0,32,3,35,99
11,GUANAJUATO,8,GUANAJUATO,15,GUANAJUATO,893,B,65,55,11,16,5,0,4,7,3,0,0,168,5,173,675
11,GUANAJUATO,8,GUANAJUATO,15,GUANAJUATO,894,B,66,38,39,8,7,0,4,2,3,0,0,167,4,171,491
11,GUANAJUATO,8,GUANAJUATO,15,GUANAJUATO,894,C01,76,35,29,8,2,0,3,3,5,0,0,161,9,170,491
11,GUANAJUATO,8,GUANAJUATO,15,GUANAJUATO,895,B,95,94,30,19,3,0,4,1,2,0,0,248,9,257,614
11,GUANAJUATO,8,GUANAJUATO,15,GUANAJUATO,895,C01,102,84,41,9,2,0,2,3,8,0,0,251,0,251,613
11,GUANAJUATO,8,GUANAJUATO,15,GUANAJUATO,896,B,102,100,32,16,4,0,7,10,4,0,0,280,9,289,746
11,GUANAJUATO,8,GUANAJUATO,15,GUANAJUATO,896,C01,80,128,23,13,8,0,4,5,2,0,0,267,10,277,746
11,GUANAJUATO,8,GUANAJUATO,15,GUANAJUATO,896,C02,94,104,53,14,3,0,5,9,6,0,0,294,12,306,746
11,GUANAJUATO,8,GUANAJUATO,15,GUANAJUATO,896,C03,101,87,38,11,4,0,7,4,3,0,4,264,6,270,745
11,GUANAJUATO,8,GUANAJUATO,15,GUANAJUATO,897,B,60,75,58,17,0,0,8,7,7,0,0,235,0,235,585
11,GUANAJUATO,8,GUANAJUATO,15,GUANAJUATO,897,C01,66,100,31,16,4,0,5,7,7,0,0,242,2,244,584
11,GUANAJUATO,8,GUANAJUATO,15,GUANAJUATO,897,C02,55,57,35,11,0,0,6,9,4,0,0,177,6,183,584
11,GUANAJUATO,8,GUANAJUATO,15,GUANAJUATO,898,B,68,104,48,16,4,0,15,6,3,0,0,268,5,273,731
11,GUANAJUATO,8,GUANAJUATO,15,GUANAJUATO,898,C01,65,104,49,14,7,0,8,9,7,0,0,266,0,266,731
11,GUANAJUATO,8,GUANAJUATO,15,GUANAJUATO,899,B,64,86,46,13,2,0,1,4,6,0,1,228,3,231,690
11,GUANAJUATO,8,GUANAJUATO,15,GUANAJUATO,899,C01,53,92,56,11,5,0,5,5,7,0,0,241,8,249,689
11,GUANAJUATO,8,GUANAJUATO,15,GUANAJUATO,899,C02,51,74,54,16,3,0,3,12,6,0,0,224,5,229,689
11,GUANAJUATO,8,GUANAJUATO,15,GUANAJUATO,899,E01,75,112,46,12,3,0,12,1,3,0,0,271,11,282,744
11,GUANAJUATO,8,GUANAJUATO,15,GUANAJUATO,900,B,77,46,60,15,2,0,6,8,8,0,2,227,5,232,616
11,GUANAJUATO,8,GUANAJUATO,15,GUANAJUATO,900,C01,63,54,64,9,8,0,9,8,7,0,0,223,9,232,615
11,GUANAJUATO,8,GUANAJUATO,15,GUANAJUATO,900,C02,83,60,67,5,5,0,6,6,8,0,0,241,9,250,615
11,GUANAJUATO,8,GUANAJUATO,15,GUANAJUATO,901,B,68,54,35,11,0,0,4,10,5,0,0,189,13,202,536
11,GUANAJUATO,8,GUANAJUATO,15,GUANAJUATO,901,C01,55,63,25,11,2,0,7,2,2,0,0,169,15,184,536
11,GUANAJUATO,8,GUANAJUATO,15,GUANAJUATO,901,C02,53,70,22,10,2,0,4,3,3,0,0,174,9,183,535
11,GUANAJUATO,8,GUANAJUATO,15,GUANAJUATO,902,B,89,103,45,9,5,0,7,5,3,0,1,271,21,292,733
11,GUANAJUATO,8,GUANAJUATO,15,GUANAJUATO,902,C01,60,102,37,26,4,0,6,6,4,0,0,248,0,248,733
11,GUANAJUATO,8,GUANAJUATO,15,GUANAJUATO,902,C02,70,81,52,13,5,0,8,18,3,0,0,250,14,264,732
11,GUANAJUATO,8,GUANAJUATO,15,GUANAJUATO,903,B,57,48,25,4,1,0,2,0,5,0,0,143,8,151,384
11,GUANAJUATO,8,GUANAJUATO,15,GUANAJUATO,903,C01,49,33,22,3,1,0,2,3,5,0,0,118,7,125,384
11,GUANAJUATO,8,GUANAJUATO,15,GUANAJUATO,903,E01,85,73,29,15,1,0,6,5,7,0,0,221,8,229,515
11,GUANAJUATO,8,GUANAJUATO,15,GUANAJUATO,904,B,45,59,18,11,2,0,1,5,5,0,0,154,10,164,532
11,GUANAJUATO,8,GUANAJUATO,15,GUANAJUATO,904,C01,33,59,16,14,5,0,4,5,4,0,0,143,16,159,531
11,GUANAJUATO,8,GUANAJUATO,15,GUANAJUATO,904,E01,66,50,11,7,1,0,5,3,8,0,0,152,7,159,375
11,GUANAJUATO,8,GUANAJUATO,15,GUANAJUATO,905,B,49,45,8,7,3,0,4,5,2,0,0,123,4,127,405
11,GUANAJUATO,8,GUANAJUATO,15,GUANAJUATO,905,C01,50,56,13,4,3,0,1,1,2,0,2,135,2,137,404
11,GUANAJUATO,8,GUANAJUATO,15,GUANAJUATO,905,E01,61,68,32,15,3,0,5,8,2,0,0,196,15,211,667
11,GUANAJUATO,8,GUANAJUATO,15,GUANAJUATO,906,B,79,60,11,5,4,0,8,5,0,0,0,172,5,177,385
11,GUANAJUATO,8,GUANAJUATO,15,GUANAJUATO,906,C01,56,56,12,2,2,0,1,6,0,0,0,135,5,140,385
11,GUANAJUATO,8,GUANAJUATO,15,GUANAJUATO,907,B,86,80,10,10,2,0,1,1,2,0,0,194,6,200,651
11,GUANAJUATO,8,GUANAJUATO,15,GUANAJUATO,907,C01,78,93,6,13,0,0,4,5,4,0,0,207,3,210,650
11,GUANAJUATO,8,GUANAJUATO,15,GUANAJUATO,908,B,46,110,7,12,2,0,4,2,3,0,0,190,4,194,581
11,GUANAJUATO,8,GUANAJUATO,15,GUANAJUATO,908,C01,57,88,4,13,3,0,2,1,3,0,0,173,6,179,581
11,GUANAJUATO,8,GUANAJUATO,15,GUANAJUATO,908,C02,39,118,5,8,3,0,2,0,4,0,0,183,2,185,581
11,GUANAJUATO,8,GUANAJUATO,15,GUANAJUATO,908,C03,68,97,9,13,3,0,4,2,1,0,0,202,2,204,581
11,GUANAJUATO,8,GUANAJUATO,15,GUANAJUATO,909,B,114,63,24,10,4,0,2,13,4,0,0,235,11,246,736
11,GUANAJUATO,8,GUANAJUATO,15,GUANAJUATO,909,C01,106,54,18,10,2,0,0,19,1,0,0,211,0,211,735
11,GUANAJUATO,8,GUANAJUATO,15,GUANAJUATO,909,C02,91,55,22,12,7,0,6,20,2,0,0,218,14,232,735
11,GUANAJUATO,8,GUANAJUATO,15,GUANAJUATO,910,B,101,55,7,14,2,0,4,1,3,0,0,192,9,201,523
11,GUANAJUATO,8,GUANAJUATO,15,GUANAJUATO,910,C01,63,61,7,26,2,0,7,1,4,0,0,173,6,179,522
11,GUANAJUATO,8,GUANAJUATO,15,GUANAJUATO,910,E01,90,39,14,15,3,0,4,1,1,0,0,167,17,184,616
11,GUANAJUATO,8,GUANAJUATO,15,GUANAJUATO,911,B,36,75,12,9,5,0,5,3,3,0,0,152,6,158,563
11,GUANAJUATO,8,GUANAJUATO,15,GUANAJUATO,911,C01,66,109,17,15,3,0,7,3,5,0,0,225,4,229,563
11,GUANAJUATO,8,GUANAJUATO,15,GUANAJUATO,912,B,76,43,8,8,2,0,5,1,1,0,0,145,2,147,496
11,GUANAJUATO,8,GUANAJUATO,15,GUANAJUATO,912,C01,115,20,4,11,0,0,2,1,0,0,0,154,5,159,495
11,GUANAJUATO,8,GUANAJUATO,15,GUANAJUATO,912,E01,40,41,14,7,2,0,2,14,1,0,0,121,5,126,410
11,GUANAJUATO,8,GUANAJUATO,15,GUANAJUATO,912,E01C01,35,20,23,6,1,0,3,8,4,0,0,100,1,101,410
11,GUANAJUATO,8,GUANAJUATO,15,GUANAJUATO,912,E02,39,51,13,15,2,0,1,0,4,0,0,139,2,141,324
11,GUANAJUATO,8,GUANAJUATO,15,GUANAJUATO,913,B,113,54,2,5,1,0,6,3,4,0,0,189,6,195,522
11,GUANAJUATO,8,GUANAJUATO,15,GUANAJUATO,913,C01,75,39,4,6,0,0,3,2,0,0,0,130,5,135,522
11,GUANAJUATO,8,GUANAJUATO,15,GUANAJUATO,914,B,90,62,1,10,2,0,10,1,1,0,0,177,3,180,631
11,GUANAJUATO,8,GUANAJUATO,15,GUANAJUATO,914,C01,85,55,4,4,1,0,3,3,1,0,0,158,4,162,630
11,GUANAJUATO,8,GUANAJUATO,15,GUANAJUATO,914,C02,89,43,9,8,1,0,5,5,3,0,0,166,2,168,630
11,GUANAJUATO,8,GUANAJUATO,15,GUANAJUATO,915,B,68,79,66,14,2,0,8,20,8,0,2,267,17,284,686
11,GUANAJUATO,8,GUANAJUATO,15,GUANAJUATO,915,C01,67,108,80,12,5,0,8,12,10,0,0,305,12,317,686
11,GUANAJUATO,8,GUANAJUATO,15,GUANAJUATO,915,C02,63,65,84,11,4,0,8,10,7,0,3,258,18,276,686
11,GUANAJUATO,8,GUANAJUATO,15,GUANAJUATO,915,C03,68,97,89,13,1,0,8,10,12,0,1,301,9,310,685
11,GUANAJUATO,19,VALLE DE SANTIAGO,16,HUANIMARO,916,B,133,27,13,135,8,28,4,3,59,11,0,421,7,428,686
11,GUANAJUATO,19,VALLE DE SANTIAGO,16,HUANIMARO,916,C01,132,19,12,153,8,29,2,2,48,15,0,420,4,424,685
11,GUANAJUATO,19,VALLE DE SANTIAGO,16,HUANIMARO,917,B,139,23,9,105,3,13,9,12,58,7,0,378,3,381,573
11,GUANAJUATO,19,VALLE DE SANTIAGO,16,HUANIMARO,917,C01,129,34,7,94,6,12,3,3,64,7,0,359,4,363,572
11,GUANAJUATO,19,VALLE DE SANTIAGO,16,HUANIMARO,917,C02,120,21,13,130,1,19,3,1,48,8,0,364,6,370,572
11,GUANAJUATO,19,VALLE DE SANTIAGO,16,HUANIMARO,918,B,144,40,13,89,9,50,13,5,74,9,0,446,5,451,674
11,GUANAJUATO,19,VALLE DE SANTIAGO,16,HUANIMARO,918,C01,159,41,11,98,12,29,15,3,61,6,0,435,2,437,673
11,GUANAJUATO,19,VALLE DE SANTIAGO,16,HUANIMARO,919,B,106,20,4,51,0,123,80,1,6,4,0,395,3,398,733
11,GUANAJUATO,19,VALLE DE SANTIAGO,16,HUANIMARO,919,C01,160,14,5,40,2,121,63,1,10,12,0,428,7,435,732
11,GUANAJUATO,19,VALLE DE SANTIAGO,16,HUANIMARO,920,B,79,13,14,32,1,48,15,0,32,26,0,260,1,261,438
11,GUANAJUATO,19,VALLE DE SANTIAGO,16,HUANIMARO,921,B,95,18,2,57,6,5,79,1,4,2,0,269,4,273,424
11,GUANAJUATO,19,VALLE DE SANTIAGO,16,HUANIMARO,921,C01,70,18,2,91,1,16,64,1,10,1,0,274,9,283,423
11,GUANAJUATO,19,VALLE DE SANTIAGO,16,HUANIMARO,922,B,85,34,16,45,4,126,5,0,18,38,0,371,2,373,542
11,GUANAJUATO,19,VALLE DE SANTIAGO,16,HUANIMARO,922,C01,97,15,13,51,1,123,6,0,8,39,0,353,4,357,542
11,GUANAJUATO,19,VALLE DE SANTIAGO,16,HUANIMARO,922,C02,100,23,11,28,0,154,7,0,2,41,0,366,3,369,541
11,GUANAJUATO,19,VALLE DE SANTIAGO,16,HUANIMARO,923,B,79,40,18,74,30,61,76,7,23,2,0,410,13,423,682
11,GUANAJUATO,19,VALLE DE SANTIAGO,16,HUANIMARO,923,C01,109,35,12,67,19,66,80,2,39,6,0,435,0,435,682
11,GUANAJUATO,19,VALLE DE SANTIAGO,16,HUANIMARO,923,C02,78,38,12,65,14,74,100,4,29,3,0,417,15,432,681
11,GUANAJUATO,19,VALLE DE SANTIAGO,16,HUANIMARO,924,B,62,16,17,61,9,87,14,5,11,9,0,291,5,296,410
11,GUANAJUATO,19,VALLE DE SANTIAGO,16,HUANIMARO,924,C01,54,20,5,91,9,84,10,9,10,3,0,295,5,300,410
11,GUANAJUATO,19,VALLE DE SANTIAGO,16,HUANIMARO,925,B,79,26,19,48,4,32,151,7,34,6,0,406,8,414,661
11,GUANAJUATO,19,VALLE DE SANTIAGO,16,HUANIMARO,925,C01,84,20,19,46,5,38,160,5,34,8,0,419,18,437,661
11,GUANAJUATO,19,VALLE DE SANTIAGO,16,HUANIMARO,926,B,80,18,12,29,38,57,35,2,15,9,0,295,9,304,492
11,GUANAJUATO,19,VALLE DE SANTIAGO,16,HUANIMARO,927,B,115,9,7,80,40,36,5,2,70,12,0,376,5,381,620
11,GUANAJUATO,19,VALLE DE SANTIAGO,16,HUANIMARO,927,C01,90,13,19,63,35,49,3,0,45,15,0,332,4,336,620
11,GUANAJUATO,19,VALLE DE SANTIAGO,16,HUANIMARO,928,B,97,21,32,68,11,25,14,2,23,20,0,313,7,320,526
11,GUANAJUATO,19,VALLE DE SANTIAGO,16,HUANIMARO,928,C01,67,20,23,67,4,27,17,4,28,27,0,284,5,289,526
11,GUANAJUATO,19,VALLE DE SANTIAGO,16,HUANIMARO,928,C02,96,24,17,65,7,18,14,1,31,35,0,308,3,311,526
11,GUANAJUATO,11,IRAPUATO,17,IRAPUATO,929,B,169,76,4,6,3,11,7,7,0,0,0,286,8,294,631
11,GUANAJUATO,11,IRAPUATO,17,IRAPUATO,929,C01,149,68,1,11,1,7,9,12,0,0,0,259,12,271,631
11,GUANAJUATO,11,IRAPUATO,17,IRAPUATO,929,C02,148,87,3,4,1,4,5,12,0,0,0,270,14,284,631
11,GUANAJUATO,11,IRAPUATO,17,IRAPUATO,929,C03,128,73,5,14,6,5,4,12,0,0,0,250,13,263,630
11,GUANAJUATO,11,IRAPUATO,17,IRAPUATO,929,C04,128,80,2,8,2,9,9,3,0,0,0,244,12,256,630
11,GUANAJUATO,11,IRAPUATO,17,IRAPUATO,929,C05,146,76,5,9,1,11,3,9,0,0,0,263,15,278,630
11,GUANAJUATO,12,IRAPUATO,17,IRAPUATO,930,B,87,94,4,17,1,3,5,11,0,0,6,229,6,235,685
11,GUANAJUATO,12,IRAPUATO,17,IRAPUATO,930,C01,77,88,3,20,0,6,6,4,0,0,0,209,8,217,685
11,GUANAJUATO,12,IRAPUATO,17,IRAPUATO,930,C02,77,74,2,11,0,6,6,5,0,0,0,185,7,192,685
11,GUANAJUATO,12,IRAPUATO,17,IRAPUATO,930,C03,97,63,4,12,1,6,4,0,0,0,0,188,6,194,685
11,GUANAJUATO,12,IRAPUATO,17,IRAPUATO,930,C04,79,76,1,11,1,3,2,8,0,0,0,182,6,188,685
11,GUANAJUATO,12,IRAPUATO,17,IRAPUATO,930,C05,78,66,3,9,4,6,2,6,0,0,0,175,13,188,685
11,GUANAJUATO,12,IRAPUATO,17,IRAPUATO,930,C06,91,83,1,9,3,2,3,7,0,0,0,199,6,205,685
11,GUANAJUATO,12,IRAPUATO,17,IRAPUATO,930,C07,93,84,4,15,3,4,4,4,0,0,0,213,5,218,685
11,GUANAJUATO,12,IRAPUATO,17,IRAPUATO,931,B,138,52,4,7,2,7,5,16,0,0,1,232,12,244,559
11,GUANAJUATO,12,IRAPUATO,17,IRAPUATO,931,C01,135,57,4,11,0,8,6,16,0,0,1,239,9,248,558
11,GUANAJUATO,12,IRAPUATO,17,IRAPUATO,931,C02,155,61,8,6,2,8,1,11,0,0,1,253,22,275,558
11,GUANAJUATO,12,IRAPUATO,17,IRAPUATO,932,B,187,64,4,7,2,14,12,19,0,0,0,309,12,321,626
11,GUANAJUATO,12,IRAPUATO,17,IRAPUATO,932,C01,186,63,5,10,2,3,12,27,0,0,1,311,9,320,626
11,GUANAJUATO,12,IRAPUATO,17,IRAPUATO,932,C02,204,63,1,11,1,4,9,17,0,0,3,313,14,327,626
11,GUANAJUATO,12,IRAPUATO,17,IRAPUATO,932,C03,190,81,11,11,2,9,9,21,0,0,1,338,18,356,626
11,GUANAJUATO,12,IRAPUATO,17,IRAPUATO,932,C04,197,71,4,8,1,10,11,23,0,0,0,325,10,335,626
11,GUANAJUATO,12,IRAPUATO,17,IRAPUATO,932,C05,196,67,7,8,1,10,12,29,0,0,0,330,15,345,625
11,GUANAJUATO,12,IRAPUATO,17,IRAPUATO,933,B,198,70,6,6,3,12,10,23,0,0,1,331,18,349,694
11,GUANAJUATO,12,IRAPUATO,17,IRAPUATO,933,C01,184,93,3,2,2,12,6,15,0,0,2,323,7,330,694
11,GUANAJUATO,11,IRAPUATO,17,IRAPUATO,934,B,166,74,9,9,3,6,6,20,0,0,0,297,9,306,622
11,GUANAJUATO,11,IRAPUATO,17,IRAPUATO,934,C01,175,88,6,8,1,6,6,16,0,0,1,307,11,318,621
11,GUANAJUATO,11,IRAPUATO,17,IRAPUATO,934,C02,172,85,8,9,2,10,5,9,0,0,0,301,16,317,621
11,GUANAJUATO,11,IRAPUATO,17,IRAPUATO,935,B,145,70,1,13,0,6,13,9,0,0,0,261,11,272,571
11,GUANAJUATO,11,IRAPUATO,17,IRAPUATO,935,C01,124,63,2,11,2,5,11,12,0,0,0,232,7,239,571
11,GUANAJUATO,11,IRAPUATO,17,IRAPUATO,936,B,106,68,1,12,0,4,8,11,0,0,0,212,9,221,472
11,GUANAJUATO,11,IRAPUATO,17,IRAPUATO,936,C01,104,65,4,9,1,6,4,6,0,0,0,199,8,207,472
11,GUANAJUATO,11,IRAPUATO,17,IRAPUATO,937,B,118,67,2,13,1,8,9,6,0,0,1,232,6,238,529
11,GUANAJUATO,11,IRAPUATO,17,IRAPUATO,937,C01,86,60,3,8,3,7,4,12,0,0,1,188,6,194,528
11,GUANAJUATO,11,IRAPUATO,17,IRAPUATO,937,C02,88,74,1,5,1,11,4,9,0,0,0,195,5,200,528
11,GUANAJUATO,11,IRAPUATO,17,IRAPUATO,938,B,102,67,5,10,4,13,10,11,0,0,0,224,6,230,552
11,GUANAJUATO,11,IRAPUATO,17,IRAPUATO,938,C01,109,75,6,12,1,5,5,12,0,0,1,227,6,233,552
11,GUANAJUATO,12,IRAPUATO,17,IRAPUATO,939,B,219,61,1,5,2,12,6,15,0,0,1,325,17,342,592
11,GUANAJUATO,12,IRAPUATO,17,IRAPUATO,939,C01,180,80,3,8,2,9,5,14,0,0,2,303,27,330,592
11,GUANAJUATO,12,IRAPUATO,17,IRAPUATO,940,B,201,73,0,9,0,9,7,21,0,0,3,325,16,341,579
11,GUANAJUATO,12,IRAPUATO,17,IRAPUATO,940,C01,162,69,6,4,2,5,8,13,0,0,4,274,12,286,578
11,GUANAJUATO,12,IRAPUATO,17,IRAPUATO,941,B,139,59,0,3,1,7,12,15,0,0,1,239,13,252,521
11,GUANAJUATO,12,IRAPUATO,17,IRAPUATO,941,C01,152,59,2,9,2,6,11,20,0,0,1,262,16,278,521
11,GUANAJUATO,11,IRAPUATO,17,IRAPUATO,942,B,149,134,5,10,3,11,23,13,0,0,0,351,17,368,648
11,GUANAJUATO,11,IRAPUATO,17,IRAPUATO,943,B,199,74,4,7,0,12,5,18,0,0,0,319,16,335,612
11,GUANAJUATO,11,IRAPUATO,17,IRAPUATO,943,C01,186,69,3,5,0,9,8,16,0,0,0,298,12,310,611
11,GUANAJUATO,11,IRAPUATO,17,IRAPUATO,944,B,242,71,7,6,0,14,6,15,0,0,0,361,14,375,681
11,GUANAJUATO,11,IRAPUATO,17,IRAPUATO,944,C01,205,86,6,5,2,8,10,12,0,0,3,339,10,349,681
11,GUANAJUATO,11,IRAPUATO,17,IRAPUATO,944,C02,215,92,2,3,5,7,8,25,0,0,6,367,13,380,681
11,GUANAJUATO,11,IRAPUATO,17,IRAPUATO,944,C03,221,75,5,15,1,13,9,15,0,0,2,356,11,367,681
11,GUANAJUATO,12,IRAPUATO,17,IRAPUATO,945,B,125,60,0,4,5,4,3,14,0,0,0,216,12,228,424
11,GUANAJUATO,12,IRAPUATO,17,IRAPUATO,945,C01,125,54,4,5,4,2,10,21,0,0,1,228,7,235,424
11,GUANAJUATO,11,IRAPUATO,17,IRAPUATO,946,B,164,58,3,6,1,8,6,14,0,0,2,262,14,276,493
11,GUANAJUATO,11,IRAPUATO,17,IRAPUATO,946,C01,166,48,2,2,1,9,7,19,0,0,0,254,13,267,492
11,GUANAJUATO,11,IRAPUATO,17,IRAPUATO,947,B,141,65,3,9,1,6,3,23,0,0,1,256,13,269,575
11,GUANAJUATO,11,IRAPUATO,17,IRAPUATO,947,C01,138,54,4,8,1,7,6,16,0,0,4,239,13,252,575
11,GUANAJUATO,11,IRAPUATO,17,IRAPUATO,947,C02,116,64,4,6,4,9,3,18,0,0,0,228,18,246,574
11,GUANAJUATO,12,IRAPUATO,17,IRAPUATO,948,B,218,87,1,2,3,8,3,14,0,0,0,341,23,364,631
11,GUANAJUATO,12,IRAPUATO,17,IRAPUATO,948,C01,212,88,1,5,0,4,8,14,0,0,1,337,17,354,630
11,GUANAJUATO,12,IRAPUATO,17,IRAPUATO,949,B,171,64,1,12,3,5,3,14,0,0,0,273,17,290,516
11,GUANAJUATO,12,IRAPUATO,17,IRAPUATO,949,C01,158,81,5,10,2,6,2,11,0,0,0,277,9,286,516
11,GUANAJUATO,12,IRAPUATO,17,IRAPUATO,950,B,147,85,2,8,2,10,6,12,0,0,0,277,15,292,538
11,GUANAJUATO,12,IRAPUATO,17,IRAPUATO,950,C01,194,85,1,12,2,9,5,9,0,0,0,319,14,333,538
11,GUANAJUATO,12,IRAPUATO,17,IRAPUATO,951,B,187,84,7,10,3,12,14,17,0,0,0,336,13,349,648
11,GUANAJUATO,12,IRAPUATO,17,IRAPUATO,951,C01,155,88,3,9,0,15,16,32,0,0,0,319,15,334,647
11,GUANAJUATO,12,IRAPUATO,17,IRAPUATO,951,C02,173,62,8,6,1,12,16,15,0,0,3,300,13,313,647
11,GUANAJUATO,12,IRAPUATO,17,IRAPUATO,952,B,126,52,1,7,1,5,4,8,0,0,0,205,6,211,389
11,GUANAJUATO,12,IRAPUATO,17,IRAPUATO,952,C01,129,84,3,5,1,2,1,4,0,0,0,229,3,232,388
11,GUANAJUATO,12,IRAPUATO,17,IRAPUATO,953,B,196,90,0,3,3,6,5,17,0,0,1,324,14,338,552
11,GUANAJUATO,12,IRAPUATO,17,IRAPUATO,953,C01,184,70,3,4,0,8,7,13,0,0,2,291,12,303,552
11,GUANAJUATO,11,IRAPUATO,17,IRAPUATO,954,B,108,49,1,10,1,9,1,9,0,0,1,194,9,203,396
11,GUANAJUATO,11,IRAPUATO,17,IRAPUATO,954,C01,121,62,1,5,2,5,9,6,0,0,0,287,2,289,396
11,GUANAJUATO,11,IRAPUATO,17,IRAPUATO,955,B,66,63,8,11,1,4,5,10,0,0,0,171,0,171,511
11,GUANAJUATO,11,IRAPUATO,17,IRAPUATO,955,C01,89,56,4,15,3,6,0,8,0,0,0,183,8,191,511
11,GUANAJUATO,11,IRAPUATO,17,IRAPUATO,956,B,116,62,4,6,0,0,6,7,0,0,3,208,3,211,467
11,GUANAJUATO,11,IRAPUATO,17,IRAPUATO,956,C01,107,58,3,7,1,6,4,4,0,0,2,194,4,198,467
11,GUANAJUATO,11,IRAPUATO,17,IRAPUATO,957,B,112,82,2,11,2,5,9,7,0,0,0,234,11,245,738
11,GUANAJUATO,11,IRAPUATO,17,IRAPUATO,957,C01,121,71,1,11,1,14,10,15,0,0,0,248,10,258,738
11,GUANAJUATO,11,IRAPUATO,17,IRAPUATO,958,B,88,65,5,13,2,1,3,8,0,0,2,189,10,199,694
11,GUANAJUATO,11,IRAPUATO,17,IRAPUATO,958,C01,100,71,4,24,4,11,4,6,0,0,0,226,11,237,694
11,GUANAJUATO,11,IRAPUATO,17,IRAPUATO,958,C02,71,71,0,15,1,11,4,6,0,0,0,181,4,185,693
11,GUANAJUATO,11,IRAPUATO,17,IRAPUATO,958,C03,85,68,0,17,2,7,6,6,0,0,0,194,12,206,693
11,GUANAJUATO,11,IRAPUATO,17,IRAPUATO,958,C04,81,66,1,16,0,7,3,8,0,0,0,186,9,195,693
11,GUANAJUATO,11,IRAPUATO,17,IRAPUATO,958,C05,101,74,0,8,2,9,1,4,0,0,1,200,4,204,693
11,GUANAJUATO,11,IRAPUATO,17,IRAPUATO,959,B,112,74,10,9,3,5,13,6,0,0,0,237,10,247,576
11,GUANAJUATO,11,IRAPUATO,17,IRAPUATO,959,C01,101,60,2,14,2,9,7,10,0,0,0,210,8,218,575
11,GUANAJUATO,11,IRAPUATO,17,IRAPUATO,960,B,162,85,5,8,5,10,6,17,0,0,1,302,10,312,741
11,GUANAJUATO,11,IRAPUATO,17,IRAPUATO,960,C01,135,75,2,11,1,12,6,5,0,0,0,248,13,261,741
11,GUANAJUATO,11,IRAPUATO,17,IRAPUATO,960,C02,131,92,3,20,4,18,11,11,0,0,2,293,11,304,740
11,GUANAJUATO,11,IRAPUATO,17,IRAPUATO,961,B,105,65,5,5,1,5,3,4,0,0,0,194,10,204,405
11,GUANAJUATO,11,IRAPUATO,17,IRAPUATO,961,C01,92,54,2,6,0,8,2,6,0,0,0,175,2,177,404
11,GUANAJUATO,12,IRAPUATO,17,IRAPUATO,962,B,291,118,2,8,1,5,2,13,0,0,0,447,8,455,744
11,GUANAJUATO,12,IRAPUATO,17,IRAPUATO,963,B,107,84,4,8,1,5,6,18,0,0,0,238,10,248,552
11,GUANAJUATO,12,IRAPUATO,17,IRAPUATO,963,C01,106,63,1,12,1,2,2,9,0,0,0,199,7,206,552
11,GUANAJUATO,12,IRAPUATO,17,IRAPUATO,964,B,86,38,1,16,4,8,5,12,0,0,0,170,3,173,433
11,GUANAJUATO,12,IRAPUATO,17,IRAPUATO,964,C01,79,40,6,12,1,2,4,8,0,0,0,153,7,160,432
11,GUANAJUATO,12,IRAPUATO,17,IRAPUATO,965,B,178,43,0,11,0,18,13,17,0,0,2,284,16,300,640
11,GUANAJUATO,12,IRAPUATO,17,IRAPUATO,965,C01,140,73,4,13,3,8,12,19,0,0,0,274,6,280,640
11,GUANAJUATO,12,IRAPUATO,17,IRAPUATO,965,C02,141,64,3,9,1,12,8,21,0,0,0,260,10,270,639
11,GUANAJUATO,12,IRAPUATO,17,IRAPUATO,965,C03,145,61,4,10,7,13,16,21,0,0,1,365,6,371,639
11,GUANAJUATO,12,IRAPUATO,17,IRAPUATO,965,C04,148,63,4,4,0,13,14,17,0,0,1,266,13,279,639
11,GUANAJUATO,12,IRAPUATO,17,IRAPUATO,966,B,49,71,5,6,4,5,1,7,0,0,0,162,0,162,695
11,GUANAJUATO,12,IRAPUATO,17,IRAPUATO,966,C01,88,60,0,14,2,10,3,5,0,0,0,183,6,189,695
11,GUANAJUATO,12,IRAPUATO,17,IRAPUATO,966,C02,68,77,9,12,5,5,5,11,0,0,0,193,1,194,695
11,GUANAJUATO,12,IRAPUATO,17,IRAPUATO,966,C03,70,52,1,11,5,2,3,2,0,0,0,147,1,148,695
11,GUANAJUATO,12,IRAPUATO,17,IRAPUATO,966,C04,66,67,0,11,5,2,4,2,0,0,0,162,4,166,695
11,GUANAJUATO,12,IRAPUATO,17,IRAPUATO,966,C05,69,69,7,8,2,3,4,3,0,0,0,166,0,166,694
11,GUANAJUATO,12,IRAPUATO,17,IRAPUATO,966,C06,63,88,3,11,7,5,2,3,0,0,0,183,3,186,694
11,GUANAJUATO,12,IRAPUATO,17,IRAPUATO,966,C07,54,72,5,9,2,4,2,5,0,0,0,156,6,162,694
11,GUANAJUATO,12,IRAPUATO,17,IRAPUATO,966,C08,64,50,5,13,2,4,3,4,0,0,0,147,3,150,694
11,GUANAJUATO,12,IRAPUATO,17,IRAPUATO,966,C09,60,72,6,7,5,3,0,10,0,0,0,164,0,164,694
11,GUANAJUATO,12,IRAPUATO,17,IRAPUATO,967,B,80,102,6,16,4,7,4,20,0,0,0,241,8,249,729
11,GUANAJUATO,12,IRAPUATO,17,IRAPUATO,967,C01,76,101,4,15,1,6,3,12,0,0,0,221,5,226,729
11,GUANAJUATO,12,IRAPUATO,17,IRAPUATO,967,C02,75,100,9,12,1,7,4,12,0,0,0,222,10,232,728
11,GUANAJUATO,12,IRAPUATO,17,IRAPUATO,967,C03,81,101,4,16,2,4,4,14,0,0,0,226,6,232,728
11,GUANAJUATO,12,IRAPUATO,17,IRAPUATO,967,C04,69,104,6,11,3,4,3,12,0,0,0,213,0,213,728
11,GUANAJUATO,12,IRAPUATO,17,IRAPUATO,967,C05,94,94,6,12,0,3,11,10,0,0,0,230,6,236,728
11,GUANAJUATO,12,IRAPUATO,17,IRAPUATO,968,B,62,21,2,7,0,5,9,9,0,0,0,115,4,119,567
11,GUANAJUATO,12,IRAPUATO,17,IRAPUATO,969,B,76,44,7,8,5,5,7,8,0,0,0,168,5,173,475
11,GUANAJUATO,12,IRAPUATO,17,IRAPUATO,969,C01,85,45,1,8,2,2,8,7,0,0,0,158,0,158,475
11,GUANAJUATO,12,IRAPUATO,17,IRAPUATO,970,B,107,80,1,5,1,7,3,22,0,0,0,227,10,237,519
11,GUANAJUATO,12,IRAPUATO,17,IRAPUATO,971,B,96,62,3,5,0,0,5,11,0,0,0,184,14,198,447
11,GUANAJUATO,12,IRAPUATO,17,IRAPUATO,971,C01,116,47,2,6,0,5,8,11,0,0,0,197,5,202,446
11,GUANAJUATO,11,IRAPUATO,17,IRAPUATO,972,B,143,62,3,3,0,8,4,20,0,0,0,248,11,259,566
11,GUANAJUATO,11,IRAPUATO,17,IRAPUATO,972,C01,127,62,1,7,1,10,7,14,0,0,0,229,14,243,566
11,GUANAJUATO,11,IRAPUATO,17,IRAPUATO,973,B,126,72,0,12,1,6,5,9,0,0,0,233,8,241,674
11,GUANAJUATO,11,IRAPUATO,17,IRAPUATO,973,C01,85,51,1,21,1,5,4,12,0,0,0,184,13,197,674
11,GUANAJUATO,11,IRAPUATO,17,IRAPUATO,973,C02,94,62,4,14,6,9,3,9,0,0,0,205,9,214,674
11,GUANAJUATO,11,IRAPUATO,17,IRAPUATO,973,C03,108,75,2,14,2,3,8,8,0,0,0,220,12,232,674
11,GUANAJUATO,11,IRAPUATO,17,IRAPUATO,973,C04,107,68,2,17,0,6,9,10,0,0,0,222,0,222,674
11,GUANAJUATO,11,IRAPUATO,17,IRAPUATO,973,C05,117,62,3,14,1,6,4,5,0,0,0,216,14,230,673
11,GUANAJUATO,11,IRAPUATO,17,IRAPUATO,974,B,95,71,2,16,4,4,5,8,0,0,0,206,5,211,535
11,GUANAJUATO,11,IRAPUATO,17,IRAPUATO,974,C01,112,59,0,8,3,7,4,6,0,0,0,200,13,213,534
11,GUANAJUATO,11,IRAPUATO,17,IRAPUATO,975,B,113,71,3,15,3,6,4,15,0,0,0,233,12,245,732
11,GUANAJUATO,11,IRAPUATO,17,IRAPUATO,975,C01,99,57,3,23,1,5,3,4,0,0,0,198,4,202,731
11,GUANAJUATO,12,IRAPUATO,17,IRAPUATO,976,B,138,97,2,7,4,7,12,13,0,0,0,284,12,296,695
11,GUANAJUATO,12,IRAPUATO,17,IRAPUATO,977,B,75,61,4,4,1,7,3,9,0,0,0,170,8,178,480
11,GUANAJUATO,12,IRAPUATO,17,IRAPUATO,977,C01,78,70,3,7,2,5,3,5,0,0,0,173,4,177,479
11,GUANAJUATO,12,IRAPUATO,17,IRAPUATO,978,B,116,64,5,14,4,5,4,9,0,0,0,224,2,226,565
11,GUANAJUATO,12,IRAPUATO,17,IRAPUATO,978,C01,137,71,2,13,2,4,6,12,0,0,0,250,9,259,565
11,GUANAJUATO,12,IRAPUATO,17,IRAPUATO,979,B,69,61,2,26,0,7,10,8,0,0,1,185,6,191,521
11,GUANAJUATO,12,IRAPUATO,17,IRAPUATO,979,C01,75,63,3,10,5,6,10,9,0,0,0,181,7,188,520
11,GUANAJUATO,12,IRAPUATO,17,IRAPUATO,980,B,59,81,2,12,3,1,6,4,0,0,0,170,2,172,697
11,GUANAJUATO,12,IRAPUATO,17,IRAPUATO,980,C01,53,103,6,8,1,4,3,2,0,0,0,181,2,183,697
11,GUANAJUATO,12,IRAPUATO,17,IRAPUATO,980,C02,65,120,2,9,3,3,2,3,0,0,0,207,13,220,697
11,GUANAJUATO,12,IRAPUATO,17,IRAPUATO,980,C03,66,90,6,9,2,4,4,2,0,0,0,184,8,192,697
11,GUANAJUATO,12,IRAPUATO,17,IRAPUATO,980,C04,70,88,3,9,4,7,2,1,0,0,1,185,3,188,697
11,GUANAJUATO,12,IRAPUATO,17,IRAPUATO,980,C05,82,76,4,7,1,7,3,8,0,0,0,199,6,205,697
11,GUANAJUATO,12,IRAPUATO,17,IRAPUATO,980,C06,66,81,3,9,2,2,5,4,0,0,0,173,7,180,697
11,GUANAJUATO,12,IRAPUATO,17,IRAPUATO,980,C07,82,67,4,16,1,9,2,1,0,0,0,188,9,197,697
11,GUANAJUATO,12,IRAPUATO,17,IRAPUATO,980,C08,71,73,3,7,0,2,3,8,0,0,0,168,2,170,696
11,GUANAJUATO,12,IRAPUATO,17,IRAPUATO,980,C09,68,85,4,19,0,0,2,2,0,0,0,184,5,189,696
11,GUANAJUATO,12,IRAPUATO,17,IRAPUATO,981,B,83,45,4,5,3,2,2,7,0,0,0,154,0,154,422
11,GUANAJUATO,12,IRAPUATO,17,IRAPUATO,981,C01,73,47,3,9,0,3,7,8,0,0,0,150,4,154,422
11,GUANAJUATO,12,IRAPUATO,17,IRAPUATO,982,B,87,51,4,9,0,2,0,9,0,0,0,162,3,165,462
11,GUANAJUATO,12,IRAPUATO,17,IRAPUATO,982,C01,72,50,2,8,0,2,8,4,0,0,0,149,10,159,462
11,GUANAJUATO,12,IRAPUATO,17,IRAPUATO,982,S01,62,69,6,14,2,3,6,8,0,0,0,171,6,177,0
11,GUANAJUATO,12,IRAPUATO,17,IRAPUATO,982,S02,87,44,1,3,0,1,2,10,0,0,1,149,0,149,0
11,GUANAJUATO,12,IRAPUATO,17,IRAPUATO,983,B,110,56,2,6,0,7,5,8,0,0,0,194,14,208,413
11,GUANAJUATO,12,IRAPUATO,17,IRAPUATO,983,C01,86,48,5,9,0,1,2,8,0,0,1,163,9,172,413
11,GUANAJUATO,12,IRAPUATO,17,IRAPUATO,984,B,153,102,6,15,2,7,5,15,0,0,0,310,7,317,717
11,GUANAJUATO,12,IRAPUATO,17,IRAPUATO,985,B,127,48,2,3,2,9,2,17,0,0,0,212,10,222,443
11,GUANAJUATO,12,IRAPUATO,17,IRAPUATO,986,B,137,80,2,12,1,9,8,11,0,0,0,261,3,264,480
11,GUANAJUATO,11,IRAPUATO,17,IRAPUATO,987,B,171,74,6,6,3,8,12,11,0,0,0,294,17,311,713
11,GUANAJUATO,11,IRAPUATO,17,IRAPUATO,987,C01,177,71,13,8,6,7,9,13,0,0,1,306,13,319,713
11,GUANAJUATO,11,IRAPUATO,17,IRAPUATO,987,C02,172,71,5,15,4,10,10,11,0,0,0,300,8,308,713
11,GUANAJUATO,11,IRAPUATO,17,IRAPUATO,987,C03,124,59,8,11,2,7,8,18,0,0,1,241,8,249,713
11,GUANAJUATO,11,IRAPUATO,17,IRAPUATO,987,C04,149,91,3,14,3,6,9,8,0,0,0,284,6,290,713
11,GUANAJUATO,11,IRAPUATO,17,IRAPUATO,987,C05,144,90,6,5,1,5,11,14,0,0,0,278,20,298,712
11,GUANAJUATO,11,IRAPUATO,17,IRAPUATO,987,C06,167,70,7,9,4,12,7,11,0,0,0,288,15,303,712
11,GUANAJUATO,11,IRAPUATO,17,IRAPUATO,988,B,195,83,1,2,1,7,4,10,0,0,0,306,17,323,573
11,GUANAJUATO,12,IRAPUATO,17,IRAPUATO,989,B,125,51,2,3,1,3,3,4,0,0,2,197,15,212,424
11,GUANAJUATO,12,IRAPUATO,17,IRAPUATO,989,C01,127,53,0,5,1,4,5,10,0,0,2,208,13,221,424
11,GUANAJUATO,12,IRAPUATO,17,IRAPUATO,990,B,140,81,5,8,1,6,6,11,0,0,0,261,12,273,638
11,GUANAJUATO,12,IRAPUATO,17,IRAPUATO,991,B,80,54,1,8,2,3,3,3,0,0,0,154,9,163,383
11,GUANAJUATO,12,IRAPUATO,17,IRAPUATO,991,C01,79,50,1,8,2,3,3,3,0,0,0,153,9,162,382
11,GUANAJUATO,12,IRAPUATO,17,IRAPUATO,992,B,104,49,2,9,3,3,4,3,0,0,0,178,7,185,411
11,GUANAJUATO,12,IRAPUATO,17,IRAPUATO,992,C01,94,51,0,7,0,4,4,10,0,0,1,173,8,181,410
11,GUANAJUATO,11,IRAPUATO,17,IRAPUATO,993,B,114,74,2,9,2,4,5,3,0,0,0,213,18,231,489
11,GUANAJUATO,11,IRAPUATO,17,IRAPUATO,993,C01,125,67,4,3,1,4,5,4,0,0,0,213,14,227,488
11,GUANAJUATO,11,IRAPUATO,17,IRAPUATO,994,B,81,67,7,12,0,5,9,7,0,0,0,192,5,197,567
11,GUANAJUATO,11,IRAPUATO,17,IRAPUATO,994,C01,94,75,1,9,3,5,10,13,0,0,0,213,8,221,566
11,GUANAJUATO,12,IRAPUATO,17,IRAPUATO,995,B,79,78,6,6,1,6,3,8,0,0,1,188,10,198,425
11,GUANAJUATO,12,IRAPUATO,17,IRAPUATO,995,C01,79,75,1,3,2,3,2,5,0,0,0,173,8,181,424
11,GUANAJUATO,12,IRAPUATO,17,IRAPUATO,996,B,113,70,7,10,0,3,4,9,0,0,0,220,6,226,483
11,GUANAJUATO,12,IRAPUATO,17,IRAPUATO,997,B,80,74,6,9,1,3,7,14,0,0,0,197,6,203,555
11,GUANAJUATO,12,IRAPUATO,17,IRAPUATO,997,C01,88,74,3,11,4,11,3,7,0,0,0,206,8,214,554
11,GUANAJUATO,12,IRAPUATO,17,IRAPUATO,998,B,39,52,1,6,6,6,2,9,0,0,0,126,7,133,459
11,GUANAJUATO,12,IRAPUATO,17,IRAPUATO,998,C01,66,49,2,11,5,3,3,3,0,0,0,149,5,154,459
11,GUANAJUATO,12,IRAPUATO,17,IRAPUATO,999,B,57,101,3,14,0,8,4,7,0,0,0,198,9,207,632
11,GUANAJUATO,12,IRAPUATO,17,IRAPUATO,999,C01,75,113,6,14,4,10,8,2,0,0,2,236,12,248,631
11,GUANAJUATO,12,IRAPUATO,17,IRAPUATO,1000,B,99,62,7,9,0,11,11,16,0,0,1,220,6,226,655
11,GUANAJUATO,12,IRAPUATO,17,IRAPUATO,1000,C01,99,73,2,11,1,7,10,14,0,0,0,218,6,224,655
11,GUANAJUATO,12,IRAPUATO,17,IRAPUATO,1000,C02,107,63,6,5,0,13,10,8,0,0,0,214,8,222,655
11,GUANAJUATO,12,IRAPUATO,17,IRAPUATO,1000,C03,87,70,1,14,2,7,9,10,0,0,0,203,12,215,655
11,GUANAJUATO,12,IRAPUATO,17,IRAPUATO,1000,C04,79,69,8,8,1,6,8,8,0,0,0,188,6,194,654
11,GUANAJUATO,12,IRAPUATO,17,IRAPUATO,1000,C05,95,69,5,9,2,9,14,4,0,0,1,210,8,218,654
11,GUANAJUATO,12,IRAPUATO,17,IRAPUATO,1001,B,99,59,4,4,1,6,10,6,0,0,0,191,10,201,484
11,GUANAJUATO,12,IRAPUATO,17,IRAPUATO,1002,B,84,64,4,5,1,3,2,11,0,0,0,176,7,183,458
11,GUANAJUATO,12,IRAPUATO,17,IRAPUATO,1003,B,129,64,2,9,2,3,3,15,0,0,2,229,12,241,487
11,GUANAJUATO,12,IRAPUATO,17,IRAPUATO,1004,B,116,106,3,7,5,7,5,12,0,0,1,267,11,278,584
11,GUANAJUATO,12,IRAPUATO,17,IRAPUATO,1005,B,92,54,3,6,0,5,4,7,0,0,0,173,8,181,441
11,GUANAJUATO,12,IRAPUATO,17,IRAPUATO,1005,C01,85,57,1,6,1,2,2,21,0,0,0,179,10,189,440
11,GUANAJUATO,11,IRAPUATO,17,IRAPUATO,1006,B,107,71,3,9,0,3,10,15,0,0,0,220,11,231,520
11,GUANAJUATO,11,IRAPUATO,17,IRAPUATO,1006,C01,141,75,5,8,1,9,3,14,0,0,0,256,11,267,519
11,GUANAJUATO,11,IRAPUATO,17,IRAPUATO,1007,B,74,67,8,11,6,9,7,7,0,0,1,193,10,203,514
11,GUANAJUATO,11,IRAPUATO,17,IRAPUATO,1007,C01,85,73,18,12,4,7,8,8,0,0,0,217,17,234,514
11,GUANAJUATO,11,IRAPUATO,17,IRAPUATO,1008,B,96,60,4,10,2,10,4,5,0,0,0,191,7,198,562
11,GUANAJUATO,11,IRAPUATO,17,IRAPUATO,1008,C01,85,57,2,9,0,9,5,13,0,0,0,180,9,189,561
11,GUANAJUATO,11,IRAPUATO,17,IRAPUATO,1008,C02,76,51,4,2,3,1,6,14,0,0,0,158,14,172,561
11,GUANAJUATO,11,IRAPUATO,17,IRAPUATO,1009,B,98,56,2,14,5,5,5,10,0,0,0,198,7,205,468
11,GUANAJUATO,11,IRAPUATO,17,IRAPUATO,1009,C01,79,64,2,3,4,5,6,12,0,0,0,177,6,183,468
11,GUANAJUATO,11,IRAPUATO,17,IRAPUATO,1010,B,106,50,2,8,8,10,11,20,0,0,1,218,16,234,484
11,GUANAJUATO,11,IRAPUATO,17,IRAPUATO,1010,C01,118,41,7,5,4,7,11,17,0,0,1,215,5,220,484
11,GUANAJUATO,11,IRAPUATO,17,IRAPUATO,1011,B,182,88,4,10,4,7,13,18,0,0,1,330,26,356,628
11,GUANAJUATO,11,IRAPUATO,17,IRAPUATO,1012,B,176,109,4,20,0,7,12,22,0,0,0,353,22,375,749
11,GUANAJUATO,11,IRAPUATO,17,IRAPUATO,1013,B,57,73,1,10,7,4,6,9,0,0,0,170,7,177,397
11,GUANAJUATO,11,IRAPUATO,17,IRAPUATO,1013,C01,71,71,2,10,1,5,5,9,0,0,1,177,9,186,397
11,GUANAJUATO,12,IRAPUATO,17,IRAPUATO,1014,B,128,95,2,11,3,7,5,16,0,0,0,271,7,278,721
11,GUANAJUATO,12,IRAPUATO,17,IRAPUATO,1015,B,144,75,2,8,3,9,9,24,0,0,0,276,12,288,684
11,GUANAJUATO,12,IRAPUATO,17,IRAPUATO,1016,B,159,67,1,14,6,2,4,17,0,0,0,272,11,283,597
11,GUANAJUATO,12,IRAPUATO,17,IRAPUATO,1017,B,97,42,5,7,2,3,6,11,0,0,0,174,14,188,399
11,GUANAJUATO,12,IRAPUATO,17,IRAPUATO,1017,C01,86,56,3,6,3,6,5,6,0,0,0,172,6,178,398
11,GUANAJUATO,11,IRAPUATO,17,IRAPUATO,1018,B,169,85,9,10,3,7,11,16,0,0,1,312,15,327,742
11,GUANAJUATO,11,IRAPUATO,17,IRAPUATO,1019,B,106,60,0,3,1,3,4,12,0,0,0,192,8,200,438
11,GUANAJUATO,11,IRAPUATO,17,IRAPUATO,1019,C01,98,57,2,4,0,4,12,9,0,0,0,188,5,193,438
11,GUANAJUATO,11,IRAPUATO,17,IRAPUATO,1020,B,114,82,1,11,4,12,14,4,0,0,1,246,5,251,635
11,GUANAJUATO,11,IRAPUATO,17,IRAPUATO,1021,B,83,74,3,10,4,8,6,15,0,0,0,203,5,208,482
11,GUANAJUATO,11,IRAPUATO,17,IRAPUATO,1021,C01,88,73,3,9,3,4,9,4,0,0,2,197,13,210,482
11,GUANAJUATO,11,IRAPUATO,17,IRAPUATO,1022,B,83,58,5,5,4,5,11,3,0,0,0,176,0,176,402
11,GUANAJUATO,11,IRAPUATO,17,IRAPUATO,1022,C01,77,66,1,5,1,3,8,6,0,0,0,169,10,179,401
11,GUANAJUATO,11,IRAPUATO,17,IRAPUATO,1023,B,130,63,3,17,6,8,12,11,0,0,1,255,8,263,634
11,GUANAJUATO,12,IRAPUATO,17,IRAPUATO,1024,B,86,75,1,3,1,5,11,10,0,0,0,196,3,199,483
11,GUANAJUATO,12,IRAPUATO,17,IRAPUATO,1024,C01,70,65,1,10,3,8,4,16,0,0,0,177,0,177,482
11,GUANAJUATO,12,IRAPUATO,17,IRAPUATO,1025,B,77,79,4,8,1,2,0,14,0,0,0,187,8,195,580
11,GUANAJUATO,12,IRAPUATO,17,IRAPUATO,1025,C01,75,70,5,10,0,3,1,7,0,0,1,173,8,181,579
11,GUANAJUATO,12,IRAPUATO,17,IRAPUATO,1026,B,86,84,2,7,1,4,5,8,0,0,1,200,14,214,620
11,GUANAJUATO,12,IRAPUATO,17,IRAPUATO,1026,C01,88,102,3,14,3,3,2,9,0,0,0,226,7,233,620
11,GUANAJUATO,12,IRAPUATO,17,IRAPUATO,1027,B,87,76,4,5,2,4,6,6,0,0,4,198,10,208,458
11,GUANAJUATO,12,IRAPUATO,17,IRAPUATO,1027,C01,89,54,2,10,3,10,3,14,0,0,2,188,10,198,458
11,GUANAJUATO,12,IRAPUATO,17,IRAPUATO,1028,B,54,67,3,11,1,9,7,8,0,0,0,162,6,168,513
11,GUANAJUATO,12,IRAPUATO,17,IRAPUATO,1028,C01,67,76,8,7,3,8,3,5,0,0,0,177,5,182,513
11,GUANAJUATO,12,IRAPUATO,17,IRAPUATO,1028,C02,91,67,2,14,0,8,7,4,0,0,0,195,5,200,513
11,GUANAJUATO,12,IRAPUATO,17,IRAPUATO,1029,B,90,71,1,11,2,3,2,3,0,0,0,186,11,197,570
11,GUANAJUATO,12,IRAPUATO,17,IRAPUATO,1029,C01,85,87,2,5,2,10,7,9,0,0,1,210,5,215,570
11,GUANAJUATO,12,IRAPUATO,17,IRAPUATO,1030,B,86,62,5,9,0,6,4,0,0,0,0,173,17,190,461
11,GUANAJUATO,12,IRAPUATO,17,IRAPUATO,1031,B,112,72,5,15,2,9,4,10,0,0,1,231,11,242,502
11,GUANAJUATO,12,IRAPUATO,17,IRAPUATO,1032,B,190,84,6,5,2,10,7,15,0,0,2,324,14,338,727
11,GUANAJUATO,12,IRAPUATO,17,IRAPUATO,1033,B,103,55,0,6,0,5,6,9,0,0,0,184,8,192,444
11,GUANAJUATO,12,IRAPUATO,17,IRAPUATO,1034,B,98,60,7,10,2,4,7,8,0,0,1,199,14,213,530
11,GUANAJUATO,12,IRAPUATO,17,IRAPUATO,1034,C01,87,82,3,7,2,4,7,12,0,0,0,206,8,214,530
11,GUANAJUATO,11,IRAPUATO,17,IRAPUATO,1035,B,102,93,5,22,1,7,2,11,0,0,0,247,7,254,586
11,GUANAJUATO,11,IRAPUATO,17,IRAPUATO,1035,C01,94,83,6,16,3,3,7,18,0,0,1,242,10,252,585
11,GUANAJUATO,11,IRAPUATO,17,IRAPUATO,1036,B,143,84,8,10,1,6,10,12,0,0,0,280,10,290,717
11,GUANAJUATO,11,IRAPUATO,17,IRAPUATO,1036,C01,110,85,5,11,2,4,12,7,0,0,0,241,5,246,716
11,GUANAJUATO,11,IRAPUATO,17,IRAPUATO,1036,C02,114,74,4,9,5,10,16,20,0,0,1,256,10,266,716
11,GUANAJUATO,11,IRAPUATO,17,IRAPUATO,1036,C03,122,76,4,10,4,6,4,8,0,0,1,236,10,246,716
11,GUANAJUATO,11,IRAPUATO,17,IRAPUATO,1037,B,80,65,3,17,2,0,6,6,0,0,0,179,7,186,548
11,GUANAJUATO,11,IRAPUATO,17,IRAPUATO,1037,C01,78,47,8,8,0,4,4,6,0,0,0,157,6,163,548
11,GUANAJUATO,11,IRAPUATO,17,IRAPUATO,1037,C02,80,58,3,9,2,6,3,8,0,0,0,173,5,178,548
11,GUANAJUATO,11,IRAPUATO,17,IRAPUATO,1038,B,129,75,7,17,2,5,19,6,0,0,0,262,6,268,712
11,GUANAJUATO,11,IRAPUATO,17,IRAPUATO,1038,C01,111,97,7,12,5,4,12,11,0,0,2,271,7,278,712
11,GUANAJUATO,11,IRAPUATO,17,IRAPUATO,1038,C02,119,84,4,13,3,12,5,14,0,0,0,260,10,270,712
11,GUANAJUATO,11,IRAPUATO,17,IRAPUATO,1039,B,127,82,3,11,2,4,8,9,0,0,0,249,8,257,636
11,GUANAJUATO,11,IRAPUATO,17,IRAPUATO,1039,C01,126,71,5,18,1,3,5,6,0,0,0,240,12,252,636
11,GUANAJUATO,11,IRAPUATO,17,IRAPUATO,1040,B,120,72,3,8,1,7,10,10,0,0,0,240,7,247,645
11,GUANAJUATO,11,IRAPUATO,17,IRAPUATO,1040,C01,119,77,1,12,2,14,3,16,0,0,0,247,21,268,645
11,GUANAJUATO,11,IRAPUATO,17,IRAPUATO,1041,B,144,56,2,15,1,2,4,6,0,0,0,231,3,234,576
11,GUANAJUATO,11,IRAPUATO,17,IRAPUATO,1041,C01,102,74,4,10,4,9,9,12,0,0,0,231,9,240,575
11,GUANAJUATO,11,IRAPUATO,17,IRAPUATO,1042,B,151,114,10,16,1,5,6,24,0,0,0,331,9,340,689
11,GUANAJUATO,12,IRAPUATO,17,IRAPUATO,1043,B,54,90,4,7,2,5,5,16,0,0,0,187,8,195,549
11,GUANAJUATO,12,IRAPUATO,17,IRAPUATO,1044,B,104,80,5,11,1,2,3,11,0,0,0,223,3,226,489
11,GUANAJUATO,12,IRAPUATO,17,IRAPUATO,1044,C01,85,73,4,9,1,5,7,11,0,0,0,199,3,202,488
11,GUANAJUATO,12,IRAPUATO,17,IRAPUATO,1045,B,90,56,12,6,3,6,3,9,0,0,1,188,6,194,376
11,GUANAJUATO,12,IRAPUATO,17,IRAPUATO,1045,C01,103,59,2,7,0,7,3,6,0,0,0,189,6,195,376
11,GUANAJUATO,12,IRAPUATO,17,IRAPUATO,1046,B,61,71,2,12,3,8,4,9,0,0,0,170,1,171,487
11,GUANAJUATO,12,IRAPUATO,17,IRAPUATO,1046,C01,84,76,3,7,2,9,12,4,0,0,2,203,5,208,487
11,GUANAJUATO,12,IRAPUATO,17,IRAPUATO,1047,B,76,56,3,10,1,1,8,7,0,0,1,165,9,174,449
11,GUANAJUATO,12,IRAPUATO,17,IRAPUATO,1047,C01,104,70,1,8,0,2,3,4,0,0,0,192,7,199,448
11,GUANAJUATO,12,IRAPUATO,17,IRAPUATO,1048,B,159,132,1,12,3,5,5,5,0,0,0,329,6,335,738
11,GUANAJUATO,12,IRAPUATO,17,IRAPUATO,1049,B,83,48,1,7,1,5,8,10,0,0,0,167,5,172,407
11,GUANAJUATO,12,IRAPUATO,17,IRAPUATO,1049,C01,74,63,0,9,0,3,3,6,0,0,0,160,0,160,406
11,GUANAJUATO,11,IRAPUATO,17,IRAPUATO,1050,B,117,58,2,13,2,8,5,14,0,0,0,223,10,233,492
11,GUANAJUATO,11,IRAPUATO,17,IRAPUATO,1050,C01,97,76,5,5,1,10,6,11,0,0,0,213,14,227,491
11,GUANAJUATO,11,IRAPUATO,17,IRAPUATO,1051,B,128,104,3,23,0,9,11,14,0,0,0,295,17,312,748
11,GUANAJUATO,11,IRAPUATO,17,IRAPUATO,1051,C01,137,102,2,16,3,11,14,11,0,0,1,299,11,310,747
11,GUANAJUATO,11,IRAPUATO,17,IRAPUATO,1052,B,129,118,1,13,2,3,6,14,0,0,0,290,12,302,681
11,GUANAJUATO,11,IRAPUATO,17,IRAPUATO,1052,C01,113,109,6,8,1,9,11,13,0,0,0,273,12,285,681
11,GUANAJUATO,11,IRAPUATO,17,IRAPUATO,1053,B,98,71,0,10,2,9,6,20,0,0,0,220,9,229,512
11,GUANAJUATO,11,IRAPUATO,17,IRAPUATO,1053,C01,99,57,3,8,0,7,11,24,0,0,0,211,15,226,511
11,GUANAJUATO,11,IRAPUATO,17,IRAPUATO,1054,B,85,76,3,10,7,9,3,19,0,0,1,215,13,228,552
11,GUANAJUATO,11,IRAPUATO,17,IRAPUATO,1054,C01,109,74,3,9,3,11,5,17,0,0,0,233,10,243,551
11,GUANAJUATO,11,IRAPUATO,17,IRAPUATO,1055,B,110,55,3,5,4,8,6,11,0,0,0,203,0,203,439
11,GUANAJUATO,11,IRAPUATO,17,IRAPUATO,1055,C01,83,65,2,7,2,5,3,7,0,0,0,175,7,182,439
11,GUANAJUATO,12,IRAPUATO,17,IRAPUATO,1056,B,98,92,1,14,1,1,8,11,0,0,0,230,4,234,524
11,GUANAJUATO,12,IRAPUATO,17,IRAPUATO,1056,C01,81,85,1,15,2,8,6,3,0,0,1,204,8,212,524
11,GUANAJUATO,12,IRAPUATO,17,IRAPUATO,1057,B,93,107,4,9,1,2,8,6,0,0,0,232,18,250,594
11,GUANAJUATO,12,IRAPUATO,17,IRAPUATO,1057,C01,105,73,6,13,2,3,4,13,0,0,0,219,4,223,594
11,GUANAJUATO,12,IRAPUATO,17,IRAPUATO,1058,B,110,100,3,11,3,12,7,8,0,0,0,258,2,260,599
11,GUANAJUATO,12,IRAPUATO,17,IRAPUATO,1058,C01,117,106,3,0,3,2,0,3,0,0,0,234,6,240,599
11,GUANAJUATO,12,IRAPUATO,17,IRAPUATO,1059,B,144,76,2,14,0,7,9,11,0,0,0,264,6,270,700
11,GUANAJUATO,12,IRAPUATO,17,IRAPUATO,1059,C01,115,81,2,12,4,12,8,9,0,0,0,243,4,247,699
11,GUANAJUATO,12,IRAPUATO,17,IRAPUATO,1059,C02,124,77,6,8,1,8,4,14,0,0,0,243,0,243,699
11,GUANAJUATO,12,IRAPUATO,17,IRAPUATO,1059,C03,117,86,2,21,2,8,5,12,0,0,0,254,7,261,699
11,GUANAJUATO,12,IRAPUATO,17,IRAPUATO,1059,C04,112,72,6,11,0,6,8,12,0,0,0,231,10,241,699
11,GUANAJUATO,12,IRAPUATO,17,IRAPUATO,1059,C05,133,87,7,11,1,4,8,6,0,0,0,261,3,264,699
11,GUANAJUATO,12,IRAPUATO,17,IRAPUATO,1059,C06,118,87,3,6,0,7,6,5,0,0,1,236,10,246,699
11,GUANAJUATO,12,IRAPUATO,17,IRAPUATO,1059,C07,125,79,9,8,0,8,7,10,0,0,0,248,14,262,699
11,GUANAJUATO,12,IRAPUATO,17,IRAPUATO,1059,C08,97,95,2,9,3,5,7,11,0,0,1,232,10,242,699
11,GUANAJUATO,12,IRAPUATO,17,IRAPUATO,1059,C09,125,70,4,10,1,8,8,16,0,0,0,246,6,252,699
11,GUANAJUATO,12,IRAPUATO,17,IRAPUATO,1059,C10,98,82,6,12,1,7,7,22,0,0,0,237,6,243,699
11,GUANAJUATO,12,IRAPUATO,17,IRAPUATO,1060,B,135,93,4,14,2,16,18,15,0,0,1,299,9,308,749
11,GUANAJUATO,12,IRAPUATO,17,IRAPUATO,1060,C01,143,71,3,10,3,11,18,16,0,0,0,276,16,292,748
11,GUANAJUATO,12,IRAPUATO,17,IRAPUATO,1060,C02,143,68,1,9,1,10,11,12,0,0,0,257,9,266,748
11,GUANAJUATO,12,IRAPUATO,17,IRAPUATO,1060,C03,158,77,6,12,1,16,18,10,0,0,2,301,17,318,748
11,GUANAJUATO,12,IRAPUATO,17,IRAPUATO,1061,B,149,104,7,6,4,6,10,9,0,0,0,295,5,300,606
11,GUANAJUATO,12,IRAPUATO,17,IRAPUATO,1061,C01,124,102,1,9,0,5,9,13,0,0,0,265,11,276,605
11,GUANAJUATO,12,IRAPUATO,17,IRAPUATO,1062,B,123,85,7,5,1,8,4,13,0,0,1,249,7,256,561
11,GUANAJUATO,12,IRAPUATO,17,IRAPUATO,1062,C01,109,91,4,9,3,10,7,11,0,0,1,245,7,252,560
11,GUANAJUATO,11,IRAPUATO,17,IRAPUATO,1063,B,140,94,4,110,2,9,9,16,0,0,0,391,14,405,702
11,GUANAJUATO,11,IRAPUATO,17,IRAPUATO,1063,C01,142,74,6,9,6,11,6,10,0,0,0,269,11,280,702
11,GUANAJUATO,11,IRAPUATO,17,IRAPUATO,1064,B,134,51,6,4,2,5,12,11,0,0,0,227,5,232,558
11,GUANAJUATO,11,IRAPUATO,17,IRAPUATO,1064,C01,109,72,2,4,0,9,7,7,0,0,0,213,13,226,557
11,GUANAJUATO,11,IRAPUATO,17,IRAPUATO,1065,B,74,72,5,10,1,2,2,11,0,0,1,185,5,190,537
11,GUANAJUATO,11,IRAPUATO,17,IRAPUATO,1065,C01,76,86,4,7,1,5,7,7,0,0,0,197,5,202,536
11,GUANAJUATO,11,IRAPUATO,17,IRAPUATO,1066,B,88,67,2,9,4,0,7,0,0,0,0,177,0,177,495
11,GUANAJUATO,11,IRAPUATO,17,IRAPUATO,1066,C01,84,56,2,6,1,7,4,10,0,0,0,173,2,175,495
11,GUANAJUATO,11,IRAPUATO,17,IRAPUATO,1067,B,135,91,4,11,2,9,9,13,0,0,0,279,8,287,674
11,GUANAJUATO,11,IRAPUATO,17,IRAPUATO,1067,C01,137,78,3,12,1,9,10,16,0,0,0,266,12,278,674
11,GUANAJUATO,11,IRAPUATO,17,IRAPUATO,1068,B,113,85,5,17,4,10,7,11,0,0,0,255,16,271,668
11,GUANAJUATO,11,IRAPUATO,17,IRAPUATO,1068,C01,120,75,4,10,3,7,14,15,0,0,0,255,20,275,667
11,GUANAJUATO,11,IRAPUATO,17,IRAPUATO,1069,B,56,68,3,12,3,3,5,13,0,0,0,166,2,168,484
11,GUANAJUATO,11,IRAPUATO,17,IRAPUATO,1069,C01,54,89,3,7,2,5,5,4,0,0,0,174,0,174,484
11,GUANAJUATO,12,IRAPUATO,17,IRAPUATO,1070,B,77,82,0,2,0,1,8,3,0,0,0,177,8,185,547
11,GUANAJUATO,12,IRAPUATO,17,IRAPUATO,1070,C01,86,76,2,13,2,4,5,4,0,0,0,194,8,202,546
11,GUANAJUATO,12,IRAPUATO,17,IRAPUATO,1071,B,85,118,0,11,1,11,4,2,0,0,0,233,8,241,580
11,GUANAJUATO,12,IRAPUATO,17,IRAPUATO,1071,C01,110,99,4,10,2,6,11,12,0,0,0,262,0,262,579
11,GUANAJUATO,12,IRAPUATO,17,IRAPUATO,1072,B,107,69,2,11,2,4,12,5,0,0,0,215,10,225,549
11,GUANAJUATO,12,IRAPUATO,17,IRAPUATO,1072,C01,75,85,9,10,0,4,8,10,0,0,1,205,1,206,549
11,GUANAJUATO,12,IRAPUATO,17,IRAPUATO,1073,B,130,67,7,8,1,9,10,15,0,0,0,252,16,268,580
11,GUANAJUATO,12,IRAPUATO,17,IRAPUATO,1073,C01,117,90,0,10,0,4,11,9,0,0,0,245,9,254,579
11,GUANAJUATO,11,IRAPUATO,17,IRAPUATO,1074,B,154,115,9,10,8,8,12,17,0,0,0,337,10,347,729
11,GUANAJUATO,11,IRAPUATO,17,IRAPUATO,1074,C01,137,104,9,11,8,13,14,16,0,0,0,315,9,324,729
11,GUANAJUATO,11,IRAPUATO,17,IRAPUATO,1075,B,69,88,1,16,2,1,7,11,0,0,0,195,8,203,548
11,GUANAJUATO,11,IRAPUATO,17,IRAPUATO,1075,C01,74,78,4,10,1,3,5,5,0,0,0,186,5,191,547
11,GUANAJUATO,11,IRAPUATO,17,IRAPUATO,1076,B,63,68,2,10,0,5,3,2,0,0,0,153,0,153,445
11,GUANAJUATO,11,IRAPUATO,17,IRAPUATO,1076,C01,54,58,4,10,0,7,0,5,0,0,0,140,9,149,445
11,GUANAJUATO,11,IRAPUATO,17,IRAPUATO,1077,B,124,70,3,13,0,10,7,14,0,0,0,243,5,248,703
11,GUANAJUATO,11,IRAPUATO,17,IRAPUATO,1077,C01,142,81,9,12,6,8,6,12,0,0,1,282,10,292,703
11,GUANAJUATO,11,IRAPUATO,17,IRAPUATO,1077,C02,141,74,2,14,4,6,5,11,0,0,0,259,7,266,703
11,GUANAJUATO,11,IRAPUATO,17,IRAPUATO,1077,C03,108,77,6,9,0,8,10,4,0,0,0,232,18,250,702
11,GUANAJUATO,11,IRAPUATO,17,IRAPUATO,1077,C04,121,80,7,15,2,9,7,8,0,0,0,250,0,250,702
11,GUANAJUATO,11,IRAPUATO,17,IRAPUATO,1078,B,92,77,5,14,0,1,11,9,0,0,0,209,5,214,684
11,GUANAJUATO,11,IRAPUATO,17,IRAPUATO,1078,C01,72,86,3,8,2,6,6,4,0,0,0,191,6,197,683
11,GUANAJUATO,11,IRAPUATO,17,IRAPUATO,1078,C02,72,93,4,11,1,5,7,9,0,0,0,205,9,214,683
11,GUANAJUATO,11,IRAPUATO,17,IRAPUATO,1078,C03,83,79,2,9,4,7,12,16,0,0,0,214,6,220,683
11,GUANAJUATO,11,IRAPUATO,17,IRAPUATO,1078,C04,89,88,10,15,2,8,5,12,0,0,0,233,1,234,683
11,GUANAJUATO,11,IRAPUATO,17,IRAPUATO,1078,C05,80,87,4,10,3,5,7,5,0,0,0,201,6,207,683
11,GUANAJUATO,11,IRAPUATO,17,IRAPUATO,1078,C06,83,71,6,13,2,10,9,9,0,0,3,210,2,212,683
11,GUANAJUATO,11,IRAPUATO,17,IRAPUATO,1078,C07,88,82,1,9,0,5,8,8,0,0,0,203,10,213,683
11,GUANAJUATO,11,IRAPUATO,17,IRAPUATO,1078,C08,94,82,5,14,0,4,14,3,0,0,0,218,3,221,683
11,GUANAJUATO,11,IRAPUATO,17,IRAPUATO,1079,B,99,103,10,13,3,3,5,7,0,0,0,248,10,258,711
11,GUANAJUATO,12,IRAPUATO,17,IRAPUATO,1080,B,68,124,6,12,6,4,10,7,0,0,2,246,5,251,679
11,GUANAJUATO,12,IRAPUATO,17,IRAPUATO,1080,C01,72,166,5,11,3,3,8,11,0,0,0,279,3,282,679
11,GUANAJUATO,12,IRAPUATO,17,IRAPUATO,1081,B,64,63,1,6,1,13,10,6,0,0,0,166,6,172,429
11,GUANAJUATO,12,IRAPUATO,17,IRAPUATO,1081,C01,79,87,4,8,3,3,4,7,0,0,1,198,8,206,429
11,GUANAJUATO,12,IRAPUATO,17,IRAPUATO,1082,B,120,111,6,16,2,11,13,14,0,0,0,298,12,310,686
11,GUANAJUATO,12,IRAPUATO,17,IRAPUATO,1082,C01,118,118,6,22,3,10,7,14,0,0,0,301,14,315,685
11,GUANAJUATO,11,IRAPUATO,17,IRAPUATO,1083,B,132,110,1,7,1,12,4,7,0,0,0,277,9,286,657
11,GUANAJUATO,11,IRAPUATO,17,IRAPUATO,1084,B,71,118,3,10,0,9,8,13,0,0,0,232,12,244,647
11,GUANAJUATO,11,IRAPUATO,17,IRAPUATO,1084,C01,85,110,2,10,2,6,8,9,0,0,0,236,10,246,647
11,GUANAJUATO,11,IRAPUATO,17,IRAPUATO,1085,B,57,80,2,2,1,6,6,4,0,0,0,161,6,167,489
11,GUANAJUATO,11,IRAPUATO,17,IRAPUATO,1085,C01,89,72,4,7,1,3,7,4,0,0,0,188,4,192,489
11,GUANAJUATO,11,IRAPUATO,17,IRAPUATO,1086,B,56,64,2,6,4,1,4,8,0,0,0,148,4,152,463
11,GUANAJUATO,11,IRAPUATO,17,IRAPUATO,1086,C01,70,77,3,6,2,2,4,6,0,0,0,170,3,173,463
11,GUANAJUATO,11,IRAPUATO,17,IRAPUATO,1087,B,83,85,19,12,2,6,3,9,0,0,0,221,12,233,648
11,GUANAJUATO,11,IRAPUATO,17,IRAPUATO,1087,C01,89,95,4,6,3,7,4,6,0,0,0,214,5,219,647
11,GUANAJUATO,11,IRAPUATO,17,IRAPUATO,1088,B,55,62,2,10,6,2,5,7,0,0,0,149,4,153,475
11,GUANAJUATO,11,IRAPUATO,17,IRAPUATO,1088,C01,48,56,3,8,1,2,5,3,0,0,0,130,8,138,474
11,GUANAJUATO,11,IRAPUATO,17,IRAPUATO,1089,B,101,136,7,7,2,3,2,2,0,0,0,260,4,264,583
11,GUANAJUATO,11,IRAPUATO,17,IRAPUATO,1089,C01,92,129,6,9,2,2,3,3,0,0,0,251,2,253,582
11,GUANAJUATO,11,IRAPUATO,17,IRAPUATO,1090,B,56,70,3,20,0,1,3,5,0,0,0,159,1,160,494
11,GUANAJUATO,11,IRAPUATO,17,IRAPUATO,1090,C01,48,73,3,15,2,1,2,7,0,0,0,154,3,157,494
11,GUANAJUATO,11,IRAPUATO,17,IRAPUATO,1091,B,76,84,4,19,1,7,7,9,0,0,0,210,10,220,696
11,GUANAJUATO,11,IRAPUATO,17,IRAPUATO,1091,C01,93,115,7,13,1,8,3,7,0,0,0,251,5,256,695
11,GUANAJUATO,11,IRAPUATO,17,IRAPUATO,1092,B,52,83,2,8,3,1,6,8,0,0,0,170,9,179,463
11,GUANAJUATO,11,IRAPUATO,17,IRAPUATO,1092,C01,52,67,1,7,4,5,5,6,0,0,0,148,6,154,462
11,GUANAJUATO,12,IRAPUATO,17,IRAPUATO,1093,B,91,112,4,4,1,6,12,8,0,0,0,238,2,240,645
11,GUANAJUATO,12,IRAPUATO,17,IRAPUATO,1093,C01,84,118,4,9,3,10,15,11,0,0,0,254,4,258,645
11,GUANAJUATO,12,IRAPUATO,17,IRAPUATO,1094,B,144,91,4,9,5,6,9,10,0,0,0,281,15,296,696
11,GUANAJUATO,12,IRAPUATO,17,IRAPUATO,1094,C01,135,84,5,8,2,10,13,12,0,0,1,273,13,286,696
11,GUANAJUATO,11,IRAPUATO,17,IRAPUATO,1095,B,69,48,1,6,6,10,4,6,0,0,0,153,8,161,511
11,GUANAJUATO,11,IRAPUATO,17,IRAPUATO,1095,C01,56,66,2,8,1,3,5,4,0,0,0,153,9,162,510
11,GUANAJUATO,11,IRAPUATO,17,IRAPUATO,1095,C02,54,83,1,8,0,1,6,7,0,0,0,161,1,162,510
11,GUANAJUATO,11,IRAPUATO,17,IRAPUATO,1096,B,77,116,6,14,0,3,1,4,0,0,0,222,11,233,655
11,GUANAJUATO,11,IRAPUATO,17,IRAPUATO,1096,C01,58,129,1,9,0,7,10,8,0,0,3,228,10,238,655
11,GUANAJUATO,11,IRAPUATO,17,IRAPUATO,1097,B,55,64,0,12,1,3,5,4,0,0,1,149,7,156,461
11,GUANAJUATO,11,IRAPUATO,17,IRAPUATO,1097,C01,66,82,6,9,0,2,2,9,0,0,0,183,11,194,461
11,GUANAJUATO,11,IRAPUATO,17,IRAPUATO,1098,B,67,91,1,18,3,8,7,8,0,0,0,207,10,217,618
11,GUANAJUATO,11,IRAPUATO,17,IRAPUATO,1098,C01,73,103,9,15,3,8,14,6,0,0,0,234,4,238,617
11,GUANAJUATO,11,IRAPUATO,17,IRAPUATO,1099,B,101,84,3,11,0,3,7,4,0,0,0,216,6,222,745
11,GUANAJUATO,11,IRAPUATO,17,IRAPUATO,1099,C01,105,77,4,9,2,8,6,10,0,0,0,223,8,231,745
11,GUANAJUATO,11,IRAPUATO,17,IRAPUATO,1099,C02,102,86,2,17,0,5,8,9,0,0,0,235,9,244,745
11,GUANAJUATO,11,IRAPUATO,17,IRAPUATO,1099,C03,112,67,0,6,0,7,7,12,0,0,0,211,4,215,745
11,GUANAJUATO,11,IRAPUATO,17,IRAPUATO,1099,C04,108,82,3,12,1,3,6,7,0,0,0,227,2,229,745
11,GUANAJUATO,11,IRAPUATO,17,IRAPUATO,1099,C05,117,64,1,12,4,8,8,2,0,0,1,219,9,228,745
11,GUANAJUATO,11,IRAPUATO,17,IRAPUATO,1099,C06,108,69,2,21,1,2,7,4,0,0,1,217,12,229,745
11,GUANAJUATO,11,IRAPUATO,17,IRAPUATO,1099,C07,114,72,5,9,0,10,11,7,0,0,0,232,3,235,745
11,GUANAJUATO,11,IRAPUATO,17,IRAPUATO,1099,C08,128,65,3,15,0,3,5,6,0,0,0,227,5,232,745
11,GUANAJUATO,11,IRAPUATO,17,IRAPUATO,1099,C09,82,83,1,14,0,8,4,12,0,0,0,205,9,214,745
11,GUANAJUATO,11,IRAPUATO,17,IRAPUATO,1099,C10,108,93,5,16,1,4,6,9,0,0,0,246,5,251,745
11,GUANAJUATO,11,IRAPUATO,17,IRAPUATO,1099,C11,96,87,2,10,1,4,5,6,0,0,0,211,7,218,744
11,GUANAJUATO,11,IRAPUATO,17,IRAPUATO,1100,B,60,68,6,11,5,1,7,9,0,0,0,175,6,181,558
11,GUANAJUATO,11,IRAPUATO,17,IRAPUATO,1100,C01,81,63,4,17,0,3,6,6,0,0,0,183,3,186,558
11,GUANAJUATO,11,IRAPUATO,17,IRAPUATO,1101,B,86,67,2,16,0,5,4,6,0,0,1,201,8,209,530
11,GUANAJUATO,11,IRAPUATO,17,IRAPUATO,1101,C01,66,82,7,9,4,7,10,11,0,0,0,197,6,203,529
11,GUANAJUATO,11,IRAPUATO,17,IRAPUATO,1102,B,60,117,2,15,3,3,5,0,0,0,0,211,4,215,698
11,GUANAJUATO,11,IRAPUATO,17,IRAPUATO,1102,C01,63,97,3,13,1,3,6,10,0,0,0,200,7,207,697
11,GUANAJUATO,11,IRAPUATO,17,IRAPUATO,1103,B,93,113,6,8,1,4,5,8,0,0,0,240,1,241,702
11,GUANAJUATO,11,IRAPUATO,17,IRAPUATO,1103,C01,74,96,2,11,2,2,5,8,0,0,0,204,6,210,702
11,GUANAJUATO,11,IRAPUATO,17,IRAPUATO,1103,C02,83,100,3,14,1,10,1,7,0,0,0,221,13,234,702
11,GUANAJUATO,11,IRAPUATO,17,IRAPUATO,1103,C03,74,106,4,11,1,4,7,5,0,0,0,215,0,215,701
11,GUANAJUATO,11,IRAPUATO,17,IRAPUATO,1104,B,90,93,5,9,3,7,8,7,0,0,0,227,6,233,586
11,GUANAJUATO,11,IRAPUATO,17,IRAPUATO,1104,C01,65,63,5,8,2,4,9,3,0,0,1,161,4,165,586
11,GUANAJUATO,11,IRAPUATO,17,IRAPUATO,1104,C02,75,67,4,12,1,11,8,7,0,0,0,190,5,195,586
11,GUANAJUATO,12,IRAPUATO,17,IRAPUATO,1105,B,109,107,4,11,0,10,14,16,0,0,0,278,11,289,693
11,GUANAJUATO,12,IRAPUATO,17,IRAPUATO,1105,C01,121,100,3,18,4,6,6,11,0,0,0,273,12,285,693
11,GUANAJUATO,12,IRAPUATO,17,IRAPUATO,1105,C02,119,86,2,8,1,9,8,10,0,0,1,248,9,257,693
11,GUANAJUATO,11,IRAPUATO,17,IRAPUATO,1106,B,68,79,4,11,3,4,8,7,0,0,0,191,9,200,648
11,GUANAJUATO,11,IRAPUATO,17,IRAPUATO,1106,C01,75,66,7,11,2,6,10,11,0,0,0,190,6,196,647
11,GUANAJUATO,11,IRAPUATO,17,IRAPUATO,1106,C02,79,63,0,10,1,3,4,3,0,0,0,166,2,168,647
11,GUANAJUATO,11,IRAPUATO,17,IRAPUATO,1106,C03,68,53,2,12,1,4,2,5,0,0,0,147,8,155,647
11,GUANAJUATO,11,IRAPUATO,17,IRAPUATO,1106,C04,69,80,6,8,2,10,2,5,0,0,0,184,4,188,647
11,GUANAJUATO,11,IRAPUATO,17,IRAPUATO,1107,B,61,81,7,18,6,2,11,10,0,0,0,200,7,207,689
11,GUANAJUATO,11,IRAPUATO,17,IRAPUATO,1107,C01,52,77,4,16,1,0,3,8,0,0,0,165,7,172,689
11,GUANAJUATO,11,IRAPUATO,17,IRAPUATO,1107,C02,74,68,5,21,1,3,1,4,0,0,0,181,5,186,689
11,GUANAJUATO,11,IRAPUATO,17,IRAPUATO,1107,C03,213,222,15,74,8,6,32,21,0,0,0,596,0,596,689
11,GUANAJUATO,11,IRAPUATO,17,IRAPUATO,1108,B,70,75,4,12,1,3,4,7,0,0,0,179,9,188,594
11,GUANAJUATO,11,IRAPUATO,17,IRAPUATO,1108,C01,92,73,3,3,3,3,5,3,0,0,0,188,5,193,594
11,GUANAJUATO,12,IRAPUATO,17,IRAPUATO,1109,B,113,48,3,7,1,7,6,11,0,0,2,199,10,209,445
11,GUANAJUATO,12,IRAPUATO,17,IRAPUATO,1109,C01,102,45,4,5,0,6,5,7,0,0,1,175,10,185,445
11,GUANAJUATO,12,IRAPUATO,17,IRAPUATO,1110,B,139,54,3,12,1,3,8,8,0,0,0,230,11,241,713
11,GUANAJUATO,12,IRAPUATO,17,IRAPUATO,1110,C01,159,59,5,8,3,8,13,6,0,0,0,261,9,270,713
11,GUANAJUATO,12,IRAPUATO,17,IRAPUATO,1110,C02,146,52,5,8,5,8,6,6,0,0,1,238,6,244,713
11,GUANAJUATO,12,IRAPUATO,17,IRAPUATO,1110,C03,147,79,3,12,1,8,10,10,0,0,0,270,9,279,713
11,GUANAJUATO,12,IRAPUATO,17,IRAPUATO,1110,C04,143,69,3,5,1,11,6,10,0,0,0,248,9,257,713
11,GUANAJUATO,12,IRAPUATO,17,IRAPUATO,1110,C05,126,72,3,11,2,13,8,24,0,0,0,261,7,268,712
11,GUANAJUATO,12,IRAPUATO,17,IRAPUATO,1110,C06,145,67,4,12,2,4,7,15,0,0,0,258,4,262,712
11,GUANAJUATO,12,IRAPUATO,17,IRAPUATO,1110,C07,153,60,4,11,2,4,5,9,0,0,0,248,7,255,712
11,GUANAJUATO,12,IRAPUATO,17,IRAPUATO,1110,C08,139,79,3,8,4,11,4,16,0,0,2,269,10,279,712
11,GUANAJUATO,12,IRAPUATO,17,IRAPUATO,1110,C09,147,56,5,12,2,6,9,14,0,0,0,256,4,260,712
11,GUANAJUATO,12,IRAPUATO,17,IRAPUATO,1111,B,119,73,2,8,0,9,5,12,0,0,1,229,8,237,547
11,GUANAJUATO,12,IRAPUATO,17,IRAPUATO,1111,C01,137,65,1,10,2,9,5,7,0,0,0,236,3,239,547
11,GUANAJUATO,12,IRAPUATO,17,IRAPUATO,1112,B,132,115,11,13,3,8,11,16,0,0,0,309,10,319,731
11,GUANAJUATO,11,IRAPUATO,17,IRAPUATO,1113,B,88,60,3,8,2,6,10,12,0,0,0,197,0,197,530
11,GUANAJUATO,11,IRAPUATO,17,IRAPUATO,1113,C01,74,71,2,8,2,6,10,5,0,0,0,181,4,185,529
11,GUANAJUATO,11,IRAPUATO,17,IRAPUATO,1113,C02,80,66,3,3,0,2,5,9,0,0,0,170,0,170,529
11,GUANAJUATO,12,IRAPUATO,17,IRAPUATO,1114,B,101,56,10,0,1,0,4,2,0,0,0,175,6,181,515
11,GUANAJUATO,12,IRAPUATO,17,IRAPUATO,1114,C01,63,54,5,2,1,1,5,1,0,0,0,134,3,137,515
11,GUANAJUATO,12,IRAPUATO,17,IRAPUATO,1114,C02,82,66,28,3,0,3,2,2,0,0,0,189,5,194,514
11,GUANAJUATO,12,IRAPUATO,17,IRAPUATO,1115,B,60,106,12,3,2,3,6,0,0,0,0,195,6,201,652
11,GUANAJUATO,12,IRAPUATO,17,IRAPUATO,1115,C01,88,116,5,7,1,3,5,6,0,0,0,233,2,235,652
11,GUANAJUATO,12,IRAPUATO,17,IRAPUATO,1115,C02,84,81,7,11,2,3,5,4,0,0,0,198,4,202,652
11,GUANAJUATO,11,IRAPUATO,17,IRAPUATO,1116,B,110,109,20,11,4,0,3,1,0,0,0,262,8,270,740
11,GUANAJUATO,11,IRAPUATO,17,IRAPUATO,1116,C01,138,119,9,12,0,1,6,2,0,0,0,288,0,288,740
11,GUANAJUATO,11,IRAPUATO,17,IRAPUATO,1116,C02,135,122,15,11,1,1,3,3,0,0,0,293,4,297,739
11,GUANAJUATO,12,IRAPUATO,17,IRAPUATO,1117,B,79,134,3,3,0,3,13,8,0,0,0,247,5,252,709
11,GUANAJUATO,12,IRAPUATO,17,IRAPUATO,1117,C01,65,149,1,7,3,3,7,12,0,0,0,250,8,258,709
11,GUANAJUATO,12,IRAPUATO,17,IRAPUATO,1117,C02,54,133,2,5,3,3,5,5,0,0,0,227,11,238,708
11,GUANAJUATO,12,IRAPUATO,17,IRAPUATO,1118,B,91,125,6,4,1,4,6,7,0,0,0,244,0,244,678
11,GUANAJUATO,12,IRAPUATO,17,IRAPUATO,1118,C01,84,123,2,7,2,6,7,2,0,0,0,237,3,240,677
11,GUANAJUATO,12,IRAPUATO,17,IRAPUATO,1119,B,53,120,1,5,1,1,4,5,0,0,0,192,7,199,656
11,GUANAJUATO,12,IRAPUATO,17,IRAPUATO,1119,C01,77,106,7,4,1,2,0,1,0,0,0,198,4,202,656
11,GUANAJUATO,12,IRAPUATO,17,IRAPUATO,1119,C02,70,101,4,5,1,1,9,1,0,0,0,197,13,210,656
11,GUANAJUATO,12,IRAPUATO,17,IRAPUATO,1120,B,47,102,4,1,1,2,0,2,0,0,0,164,0,164,521
11,GUANAJUATO,12,IRAPUATO,17,IRAPUATO,1120,C01,59,95,2,2,0,1,10,0,0,0,0,169,11,180,521
11,GUANAJUATO,12,IRAPUATO,17,IRAPUATO,1120,C02,41,70,6,4,1,3,0,1,0,0,1,129,4,133,520
11,GUANAJUATO,12,IRAPUATO,17,IRAPUATO,1121,B,74,144,1,0,2,4,1,1,0,0,0,233,10,243,709
11,GUANAJUATO,12,IRAPUATO,17,IRAPUATO,1121,C01,68,147,7,15,1,0,10,0,0,0,0,251,3,254,708
11,GUANAJUATO,11,IRAPUATO,17,IRAPUATO,1122,B,141,65,4,12,3,1,2,2,0,0,0,233,8,241,625
11,GUANAJUATO,11,IRAPUATO,17,IRAPUATO,1122,C01,138,58,2,18,3,1,2,5,0,0,0,227,11,238,624
11,GUANAJUATO,11,IRAPUATO,17,IRAPUATO,1122,C02,114,72,5,7,2,1,2,2,0,0,0,205,6,211,624
11,GUANAJUATO,11,IRAPUATO,17,IRAPUATO,1123,B,107,34,2,11,0,1,8,4,0,0,0,169,9,178,553
11,GUANAJUATO,11,IRAPUATO,17,IRAPUATO,1123,C01,80,36,5,5,1,4,12,1,0,0,0,150,4,154,553
11,GUANAJUATO,11,IRAPUATO,17,IRAPUATO,1123,C02,92,49,1,7,1,12,13,2,0,0,0,183,6,189,552
11,GUANAJUATO,12,IRAPUATO,17,IRAPUATO,1124,B,92,59,8,8,0,0,3,2,0,0,0,178,3,181,517
11,GUANAJUATO,12,IRAPUATO,17,IRAPUATO,1124,C01,107,79,4,7,6,2,4,4,0,0,0,215,1,216,517
11,GUANAJUATO,12,IRAPUATO,17,IRAPUATO,1124,C02,99,61,5,6,2,0,3,1,0,0,0,180,12,192,516
11,GUANAJUATO,12,IRAPUATO,17,IRAPUATO,1125,B,68,105,18,0,2,1,0,7,0,0,0,206,9,215,602
11,GUANAJUATO,12,IRAPUATO,17,IRAPUATO,1125,C01,58,131,13,0,3,1,5,13,0,0,0,234,9,243,601
11,GUANAJUATO,12,IRAPUATO,17,IRAPUATO,1126,B,49,276,7,8,1,0,2,0,0,0,0,347,6,353,696
11,GUANAJUATO,12,IRAPUATO,17,IRAPUATO,1126,C01,38,231,5,8,1,4,4,4,0,0,0,299,0,299,695
11,GUANAJUATO,11,IRAPUATO,17,IRAPUATO,1127,B,111,41,4,8,1,0,11,1,0,0,0,178,15,193,691
11,GUANAJUATO,12,IRAPUATO,17,IRAPUATO,1128,B,122,39,12,4,0,4,4,1,0,0,0,186,2,188,490
11,GUANAJUATO,12,IRAPUATO,17,IRAPUATO,1128,C01,95,56,19,2,2,3,4,4,0,0,0,185,7,192,490
11,GUANAJUATO,12,IRAPUATO,17,IRAPUATO,1129,B,129,76,5,6,4,4,1,9,0,0,0,236,3,239,681
11,GUANAJUATO,12,IRAPUATO,17,IRAPUATO,1129,C01,123,75,3,12,6,3,2,6,0,0,0,232,10,242,681
11,GUANAJUATO,12,IRAPUATO,17,IRAPUATO,1129,C02,119,70,10,13,1,1,3,5,0,0,0,227,10,237,680
11,GUANAJUATO,11,IRAPUATO,17,IRAPUATO,1130,B,51,12,0,2,0,2,0,2,0,0,0,73,3,76,586
11,GUANAJUATO,11,IRAPUATO,17,IRAPUATO,1130,C01,54,18,0,0,0,1,1,1,0,0,0,75,2,77,586
11,GUANAJUATO,11,IRAPUATO,17,IRAPUATO,1130,C02,54,16,3,2,0,0,1,0,0,0,0,77,2,79,586
11,GUANAJUATO,11,IRAPUATO,17,IRAPUATO,1131,B,72,100,3,5,1,2,3,1,0,0,0,189,3,192,642
11,GUANAJUATO,11,IRAPUATO,17,IRAPUATO,1131,C01,90,86,3,8,2,0,2,5,0,0,0,200,7,207,642
11,GUANAJUATO,11,IRAPUATO,17,IRAPUATO,1131,C02,101,103,6,3,2,4,6,2,0,0,0,230,9,239,642
11,GUANAJUATO,12,IRAPUATO,17,IRAPUATO,1132,B,150,60,3,15,2,4,2,0,0,0,0,244,7,251,582
11,GUANAJUATO,12,IRAPUATO,17,IRAPUATO,1132,C01,117,94,3,0,0,3,0,3,0,0,0,220,18,238,581
11,GUANAJUATO,12,IRAPUATO,17,IRAPUATO,1132,C02,128,73,3,11,2,2,4,0,0,0,0,230,7,237,581
11,GUANAJUATO,12,IRAPUATO,17,IRAPUATO,1133,B,105,130,12,9,5,7,5,2,0,0,0,283,13,296,554
11,GUANAJUATO,12,IRAPUATO,17,IRAPUATO,1133,C01,117,130,9,14,4,0,17,3,0,0,0,294,11,305,553
11,GUANAJUATO,12,IRAPUATO,17,IRAPUATO,1134,B,131,173,20,13,2,0,2,6,0,0,0,350,16,366,675
11,GUANAJUATO,12,IRAPUATO,17,IRAPUATO,1134,C01,113,207,7,15,3,3,3,4,0,0,0,361,7,368,674
11,GUANAJUATO,11,IRAPUATO,17,IRAPUATO,1135,B,98,91,5,9,3,5,4,3,0,0,0,220,8,228,683
11,GUANAJUATO,12,IRAPUATO,17,IRAPUATO,1136,B,131,137,3,16,2,7,13,7,0,0,1,324,11,335,667
11,GUANAJUATO,12,IRAPUATO,17,IRAPUATO,1136,C01,126,129,5,16,4,2,5,8,0,0,0,303,18,321,666
11,GUANAJUATO,12,IRAPUATO,17,IRAPUATO,1137,B,145,72,4,11,2,4,4,8,0,0,0,251,11,262,600
11,GUANAJUATO,12,IRAPUATO,17,IRAPUATO,1137,C01,145,44,2,11,3,1,6,6,0,0,0,219,13,232,600
11,GUANAJUATO,12,IRAPUATO,17,IRAPUATO,1137,C02,153,68,3,10,3,5,3,6,0,0,0,252,10,262,600
11,GUANAJUATO,12,IRAPUATO,17,IRAPUATO,1137,C03,137,48,4,8,1,4,7,5,0,0,0,214,10,224,600
11,GUANAJUATO,12,IRAPUATO,17,IRAPUATO,1138,B,107,94,6,8,3,2,3,3,0,0,0,229,18,247,606
11,GUANAJUATO,12,IRAPUATO,17,IRAPUATO,1138,C01,78,87,2,11,2,6,3,4,0,0,0,197,5,202,605
11,GUANAJUATO,12,IRAPUATO,17,IRAPUATO,1138,C02,102,111,7,10,0,3,2,3,0,0,0,243,11,254,605
11,GUANAJUATO,11,IRAPUATO,17,IRAPUATO,1139,B,88,110,7,8,0,6,4,4,0,0,0,232,6,238,645
11,GUANAJUATO,11,IRAPUATO,17,IRAPUATO,1139,C01,97,90,3,10,4,7,5,2,0,0,0,220,1,221,645
11,GUANAJUATO,11,IRAPUATO,17,IRAPUATO,1139,C02,88,79,4,7,3,6,4,5,0,0,0,201,2,203,644
11,GUANAJUATO,11,IRAPUATO,17,IRAPUATO,1139,C03,109,84,7,8,2,3,3,7,0,0,0,228,5,233,644
11,GUANAJUATO,11,IRAPUATO,17,IRAPUATO,1139,C04,96,87,2,7,3,5,2,5,0,0,0,209,6,215,644
11,GUANAJUATO,12,IRAPUATO,17,IRAPUATO,1140,B,28,116,5,8,0,3,0,0,0,0,0,165,11,176,678
11,GUANAJUATO,12,IRAPUATO,17,IRAPUATO,1140,C01,31,116,5,8,2,0,3,0,0,0,0,167,5,172,678
11,GUANAJUATO,12,IRAPUATO,17,IRAPUATO,1140,E01,145,65,2,7,1,4,6,2,0,0,0,233,2,235,483
11,GUANAJUATO,12,IRAPUATO,17,IRAPUATO,1140,E01C01,135,62,10,6,3,2,6,5,0,0,0,229,0,229,483
11,GUANAJUATO,12,IRAPUATO,17,IRAPUATO,1141,B,63,139,3,8,10,3,7,3,0,0,0,240,10,250,559
11,GUANAJUATO,12,IRAPUATO,17,IRAPUATO,1141,C01,91,150,4,3,0,2,4,4,0,0,0,260,5,265,559
11,GUANAJUATO,12,IRAPUATO,17,IRAPUATO,1141,C02,107,113,4,8,2,1,2,2,0,0,0,241,6,247,558
11,GUANAJUATO,11,IRAPUATO,17,IRAPUATO,1142,B,77,104,14,6,3,1,3,3,0,0,0,213,8,221,651
11,GUANAJUATO,11,IRAPUATO,17,IRAPUATO,1142,C01,58,112,12,10,1,2,2,3,0,0,0,205,14,219,650
11,GUANAJUATO,11,IRAPUATO,17,IRAPUATO,1143,B,88,165,8,20,0,0,1,3,0,0,0,286,7,293,702
11,GUANAJUATO,12,IRAPUATO,17,IRAPUATO,1144,B,92,150,4,5,0,2,4,4,0,0,0,262,5,267,712
11,GUANAJUATO,12,IRAPUATO,17,IRAPUATO,1144,C01,165,87,5,11,3,2,4,5,0,0,0,282,18,300,712
11,GUANAJUATO,12,IRAPUATO,17,IRAPUATO,1145,B,94,57,3,13,1,1,0,2,0,0,0,173,8,181,446
11,GUANAJUATO,12,IRAPUATO,17,IRAPUATO,1145,C01,86,36,5,16,3,2,0,3,0,0,0,152,0,152,446
11,GUANAJUATO,12,IRAPUATO,17,IRAPUATO,1146,B,110,34,7,9,3,2,2,4,0,0,0,171,9,180,446
11,GUANAJUATO,12,IRAPUATO,17,IRAPUATO,1147,B,119,64,4,9,0,5,8,1,0,0,0,210,3,213,630
11,GUANAJUATO,12,IRAPUATO,17,IRAPUATO,1147,C01,142,55,7,9,4,0,1,2,0,0,0,220,7,227,630
11,GUANAJUATO,12,IRAPUATO,17,IRAPUATO,1147,C02,114,65,3,4,3,1,3,2,0,0,0,195,14,209,630
11,GUANAJUATO,12,IRAPUATO,17,IRAPUATO,1148,B,96,59,7,12,3,3,6,8,0,0,0,198,0,198,641
11,GUANAJUATO,12,IRAPUATO,17,IRAPUATO,1148,C01,87,55,3,10,2,1,5,5,0,0,0,168,0,168,641
11,GUANAJUATO,12,IRAPUATO,17,IRAPUATO,1148,C02,127,58,7,8,1,2,3,4,0,0,0,213,7,220,641
11,GUANAJUATO,12,IRAPUATO,17,IRAPUATO,1148,C03,122,51,3,8,2,1,1,3,0,0,2,195,5,200,641
11,GUANAJUATO,12,IRAPUATO,17,IRAPUATO,1148,C04,131,35,8,8,4,3,8,5,0,0,0,206,3,209,640
11,GUANAJUATO,11,IRAPUATO,17,IRAPUATO,1149,B,205,85,1,9,2,7,7,6,0,0,0,324,17,341,697
11,GUANAJUATO,11,IRAPUATO,17,IRAPUATO,1149,C01,230,87,4,8,1,4,4,14,0,0,0,353,21,374,697
11,GUANAJUATO,11,IRAPUATO,17,IRAPUATO,1149,C02,227,79,6,0,5,3,3,17,0,0,0,340,19,359,696
11,GUANAJUATO,11,IRAPUATO,17,IRAPUATO,1149,C03,231,76,3,6,0,5,5,9,0,0,0,338,12,350,696
11,GUANAJUATO,11,IRAPUATO,17,IRAPUATO,1150,B,224,92,0,2,2,6,2,8,0,0,1,339,17,356,628
11,GUANAJUATO,11,IRAPUATO,17,IRAPUATO,1150,C01,245,94,3,6,1,5,2,11,0,0,0,367,14,381,628
11,GUANAJUATO,11,IRAPUATO,17,IRAPUATO,1150,C02,207,87,2,4,3,2,3,9,0,0,0,319,0,319,628
11,GUANAJUATO,11,IRAPUATO,17,IRAPUATO,1151,B,142,60,7,6,1,6,6,8,0,0,0,239,15,254,723
11,GUANAJUATO,11,IRAPUATO,17,IRAPUATO,1151,C01,146,87,7,19,1,1,2,4,0,0,0,269,10,279,723
11,GUANAJUATO,11,IRAPUATO,17,IRAPUATO,1151,C02,138,67,4,10,0,2,6,10,0,0,0,239,8,247,723
11,GUANAJUATO,11,IRAPUATO,17,IRAPUATO,1152,B,91,173,10,10,3,5,6,9,0,0,0,310,8,318,698
11,GUANAJUATO,11,IRAPUATO,17,IRAPUATO,1152,C01,75,227,7,8,1,4,6,4,0,0,0,336,2,338,697
11,GUANAJUATO,11,IRAPUATO,17,IRAPUATO,1152,C02,87,158,4,17,3,4,12,14,0,0,0,311,12,323,697
11,GUANAJUATO,11,IRAPUATO,17,IRAPUATO,1153,B,65,151,3,19,3,6,5,20,0,0,0,276,8,284,666
11,GUANAJUATO,11,IRAPUATO,17,IRAPUATO,1153,C01,62,184,6,15,5,1,8,7,0,0,0,292,3,295,666
11,GUANAJUATO,11,IRAPUATO,17,IRAPUATO,1153,C02,66,178,12,12,1,3,5,9,0,0,0,291,11,302,665
11,GUANAJUATO,11,IRAPUATO,17,IRAPUATO,1154,B,79,171,6,13,1,5,2,17,0,0,0,298,3,301,669
11,GUANAJUATO,11,IRAPUATO,17,IRAPUATO,1154,C01,50,183,1,13,2,3,3,6,0,0,0,266,10,276,668
11,GUANAJUATO,11,IRAPUATO,17,IRAPUATO,1155,B,124,77,3,11,1,6,3,5,0,0,0,236,5,241,707
11,GUANAJUATO,11,IRAPUATO,17,IRAPUATO,1155,C01,109,72,5,8,0,8,2,12,0,0,0,220,11,231,706
11,GUANAJUATO,11,IRAPUATO,17,IRAPUATO,1155,C02,97,64,3,8,1,4,4,14,0,0,0,200,12,212,706
11,GUANAJUATO,11,IRAPUATO,17,IRAPUATO,1155,C03,106,95,2,6,0,5,4,11,0,0,0,232,4,236,706
11,GUANAJUATO,12,IRAPUATO,17,IRAPUATO,1156,B,98,54,0,5,0,1,6,1,0,0,0,165,2,167,343
11,GUANAJUATO,12,IRAPUATO,17,IRAPUATO,1157,B,90,115,2,7,0,2,2,9,0,0,10,237,10,247,683
11,GUANAJUATO,12,IRAPUATO,17,IRAPUATO,1157,C01,66,114,1,8,2,4,0,5,0,0,1,208,5,213,683
11,GUANAJUATO,12,IRAPUATO,17,IRAPUATO,1157,C02,71,128,4,5,2,1,2,7,0,0,0,220,8,228,683
11,GUANAJUATO,11,IRAPUATO,17,IRAPUATO,1158,B,146,55,3,3,3,2,1,4,0,0,0,217,10,227,601
11,GUANAJUATO,11,IRAPUATO,17,IRAPUATO,1158,C01,113,51,0,9,2,3,2,5,0,0,0,185,0,185,601
11,GUANAJUATO,11,IRAPUATO,17,IRAPUATO,1158,C02,166,72,4,6,1,4,1,5,0,0,0,259,5,264,600
11,GUANAJUATO,11,IRAPUATO,17,IRAPUATO,1158,C03,109,69,5,13,2,1,1,5,0,0,0,207,5,212,600
11,GUANAJUATO,12,IRAPUATO,17,IRAPUATO,1159,B,208,105,0,10,0,0,7,2,0,0,0,336,8,344,691
11,GUANAJUATO,12,IRAPUATO,17,IRAPUATO,1159,C01,183,126,6,7,2,0,6,3,0,0,0,335,12,347,690
11,GUANAJUATO,11,IRAPUATO,17,IRAPUATO,1160,B,83,108,5,11,1,4,6,0,0,0,0,223,8,231,618
11,GUANAJUATO,11,IRAPUATO,17,IRAPUATO,1160,C01,97,101,12,5,1,4,5,6,0,0,0,232,6,238,617
11,GUANAJUATO,11,IRAPUATO,17,IRAPUATO,1161,B,86,96,5,15,3,0,6,8,0,0,0,225,8,233,534
11,GUANAJUATO,11,IRAPUATO,17,IRAPUATO,1161,C01,131,68,2,4,0,4,2,3,0,0,0,217,12,229,534
11,GUANAJUATO,11,IRAPUATO,17,IRAPUATO,1161,C02,114,66,8,4,2,0,10,7,0,0,0,213,6,219,533
11,GUANAJUATO,11,IRAPUATO,17,IRAPUATO,1162,B,174,75,5,11,2,5,2,1,0,0,0,275,7,282,661
11,GUANAJUATO,11,IRAPUATO,17,IRAPUATO,1162,C01,191,84,4,6,1,2,10,6,0,0,0,306,10,316,661
11,GUANAJUATO,11,IRAPUATO,17,IRAPUATO,1162,C02,190,80,7,7,2,2,5,2,0,0,0,297,8,305,660
11,GUANAJUATO,12,IRAPUATO,17,IRAPUATO,1163,B,174,182,2,15,2,1,9,5,0,0,0,394,1,395,731
11,GUANAJUATO,12,IRAPUATO,17,IRAPUATO,1163,C01,173,182,4,11,1,2,17,2,0,0,0,396,2,398,730
11,GUANAJUATO,12,IRAPUATO,17,IRAPUATO,1163,C02,174,162,5,3,5,4,15,7,0,0,0,379,6,385,730
11,GUANAJUATO,11,IRAPUATO,17,IRAPUATO,1164,B,131,101,0,3,3,6,6,3,0,0,0,254,1,255,631
11,GUANAJUATO,11,IRAPUATO,17,IRAPUATO,1164,C01,116,74,0,0,0,2,4,8,0,0,0,204,0,204,630
11,GUANAJUATO,11,IRAPUATO,17,IRAPUATO,1164,C02,130,98,2,8,0,3,4,2,0,0,0,248,8,256,630
11,GUANAJUATO,11,IRAPUATO,17,IRAPUATO,1164,C03,158,85,1,4,0,2,4,4,0,0,0,260,6,266,630
11,GUANAJUATO,11,IRAPUATO,17,IRAPUATO,1165,B,93,102,5,8,3,6,1,4,0,0,0,223,7,230,636
11,GUANAJUATO,11,IRAPUATO,17,IRAPUATO,1165,C01,76,117,5,5,2,3,1,1,0,0,0,214,4,218,636
11,GUANAJUATO,11,IRAPUATO,17,IRAPUATO,1165,C02,84,122,5,8,2,1,3,3,0,0,0,233,7,240,636
11,GUANAJUATO,11,IRAPUATO,17,IRAPUATO,1165,C03,86,114,2,12,3,1,4,3,0,0,0,227,4,231,635
11,GUANAJUATO,11,IRAPUATO,17,IRAPUATO,1166,B,111,118,6,12,3,7,0,7,0,0,0,275,4,279,637
11,GUANAJUATO,11,IRAPUATO,17,IRAPUATO,1166,C01,98,124,8,9,2,7,11,8,0,0,0,267,10,277,637
11,GUANAJUATO,11,IRAPUATO,17,IRAPUATO,1166,C02,118,102,6,12,3,7,11,5,0,0,0,265,7,272,636
11,GUANAJUATO,12,IRAPUATO,17,IRAPUATO,1167,B,117,156,3,5,3,3,6,0,0,0,0,296,8,304,730
11,GUANAJUATO,12,IRAPUATO,17,IRAPUATO,1167,C01,126,148,3,5,4,3,2,2,0,0,0,295,15,310,729
11,GUANAJUATO,12,IRAPUATO,17,IRAPUATO,1167,C02,113,157,0,8,1,5,2,6,0,0,0,293,6,299,729
11,GUANAJUATO,12,IRAPUATO,17,IRAPUATO,1168,B,119,131,2,4,1,1,10,3,0,0,0,271,10,281,650
11,GUANAJUATO,12,IRAPUATO,17,IRAPUATO,1168,C01,105,123,0,3,1,3,1,3,0,0,3,249,4,253,649
11,GUANAJUATO,12,IRAPUATO,17,IRAPUATO,1168,C02,102,121,4,8,1,1,1,4,0,0,0,244,20,264,649
11,GUANAJUATO,12,IRAPUATO,17,IRAPUATO,1168,C03,106,145,4,6,2,2,12,2,0,0,0,282,11,293,649
11,GUANAJUATO,11,IRAPUATO,17,IRAPUATO,1169,B,59,74,6,5,6,5,4,3,0,0,0,164,12,176,603
11,GUANAJUATO,11,IRAPUATO,17,IRAPUATO,1169,C01,73,77,11,4,0,3,11,3,0,0,0,184,8,192,602
11,GUANAJUATO,11,IRAPUATO,17,IRAPUATO,1169,C02,81,74,7,15,0,7,9,1,0,0,0,195,6,201,602
11,GUANAJUATO,11,IRAPUATO,17,IRAPUATO,1170,B,92,68,10,10,0,4,12,8,0,0,0,207,15,222,544
11,GUANAJUATO,11,IRAPUATO,17,IRAPUATO,1170,C01,83,99,4,8,2,5,2,0,0,0,0,206,10,216,543
11,GUANAJUATO,11,IRAPUATO,17,IRAPUATO,1171,B,98,91,4,10,4,2,3,4,0,0,0,220,12,232,470
11,GUANAJUATO,11,IRAPUATO,17,IRAPUATO,1171,C01,100,80,9,14,5,2,1,8,0,0,0,221,10,231,469
11,GUANAJUATO,11,IRAPUATO,17,IRAPUATO,1172,B,203,81,1,10,1,0,2,4,0,0,0,303,8,311,631
11,GUANAJUATO,11,IRAPUATO,17,IRAPUATO,1172,C01,164,117,2,3,2,0,5,1,0,0,1,298,4,302,630
11,GUANAJUATO,11,IRAPUATO,17,IRAPUATO,1172,C02,132,118,2,1,2,2,5,0,0,0,0,266,0,266,630
11,GUANAJUATO,11,IRAPUATO,17,IRAPUATO,1173,B,111,123,18,9,4,3,2,19,0,0,0,289,10,299,660
11,GUANAJUATO,11,IRAPUATO,17,IRAPUATO,1173,C01,135,126,11,10,2,1,8,12,0,0,0,307,11,318,659
11,GUANAJUATO,11,IRAPUATO,17,IRAPUATO,1174,B,112,78,4,8,3,10,5,79,0,0,0,299,8,307,602
11,GUANAJUATO,11,IRAPUATO,17,IRAPUATO,1174,C01,102,87,6,7,4,4,2,46,0,0,0,263,9,272,602
11,GUANAJUATO,11,IRAPUATO,17,IRAPUATO,1174,C02,128,89,2,3,1,2,11,39,0,0,0,277,9,286,602
11,GUANAJUATO,11,IRAPUATO,17,IRAPUATO,1175,B,132,35,1,5,3,0,23,3,0,0,0,202,15,217,588
11,GUANAJUATO,11,IRAPUATO,17,IRAPUATO,1175,C01,161,16,6,6,1,0,12,3,0,0,0,205,6,211,587
11,GUANAJUATO,12,IRAPUATO,17,IRAPUATO,1176,B,53,3,3,9,2,1,5,0,0,0,0,80,12,92,719
11,GUANAJUATO,12,IRAPUATO,17,IRAPUATO,1176,C01,66,85,2,10,4,1,1,8,0,0,0,179,5,184,719
11,GUANAJUATO,12,IRAPUATO,17,IRAPUATO,1176,C02,78,76,0,6,3,3,3,7,0,0,0,179,12,191,719
11,GUANAJUATO,12,IRAPUATO,17,IRAPUATO,1176,C03,50,93,2,19,5,4,5,4,0,0,0,184,10,194,719
11,GUANAJUATO,12,IRAPUATO,17,IRAPUATO,1176,C04,66,86,1,16,1,0,4,6,0,0,0,184,7,191,719
11,GUANAJUATO,12,IRAPUATO,17,IRAPUATO,1177,B,95,82,1,8,1,8,4,8,0,0,0,209,6,215,575
11,GUANAJUATO,12,IRAPUATO,17,IRAPUATO,1177,C01,97,82,3,8,0,7,7,5,0,0,0,211,5,216,575
11,GUANAJUATO,12,IRAPUATO,17,IRAPUATO,1177,C02,103,76,3,7,1,4,2,9,0,0,0,210,9,219,574
11,GUANAJUATO,12,IRAPUATO,17,IRAPUATO,1177,C03,68,92,0,12,2,4,7,10,0,0,0,200,8,208,574
11,GUANAJUATO,19,VALLE DE SANTIAGO,18,JARAL DEL PROGRESO,1178,B,107,176,12,60,0,0,26,6,0,0,0,387,7,394,607
11,GUANAJUATO,19,VALLE DE SANTIAGO,18,JARAL DEL PROGRESO,1178,C01,139,174,7,74,0,0,27,6,0,0,1,428,5,433,606
11,GUANAJUATO,19,VALLE DE SANTIAGO,18,JARAL DEL PROGRESO,1178,C02,124,211,14,45,0,0,25,5,0,0,0,424,7,431,606
11,GUANAJUATO,19,VALLE DE SANTIAGO,18,JARAL DEL PROGRESO,1179,B,143,225,12,75,0,0,38,15,0,0,0,508,6,514,683
11,GUANAJUATO,19,VALLE DE SANTIAGO,18,JARAL DEL PROGRESO,1180,B,122,181,16,31,0,0,23,3,0,0,0,376,5,381,543
11,GUANAJUATO,19,VALLE DE SANTIAGO,18,JARAL DEL PROGRESO,1181,B,48,97,5,29,0,0,10,1,0,0,0,190,4,194,269
11,GUANAJUATO,19,VALLE DE SANTIAGO,18,JARAL DEL PROGRESO,1182,B,122,161,31,98,0,0,9,2,0,0,0,423,7,430,627
11,GUANAJUATO,19,VALLE DE SANTIAGO,18,JARAL DEL PROGRESO,1182,C01,100,173,33,103,0,0,16,5,0,0,0,430,9,439,626
11,GUANAJUATO,19,VALLE DE SANTIAGO,18,JARAL DEL PROGRESO,1183,B,127,126,26,102,0,0,15,7,0,0,0,403,15,418,721
11,GUANAJUATO,19,VALLE DE SANTIAGO,18,JARAL DEL PROGRESO,1183,C01,112,187,27,115,0,0,16,4,0,0,0,461,13,474,721
11,GUANAJUATO,19,VALLE DE SANTIAGO,18,JARAL DEL PROGRESO,1183,C02,118,139,21,123,0,0,19,2,0,0,0,422,7,429,720
11,GUANAJUATO,19,VALLE DE SANTIAGO,18,JARAL DEL PROGRESO,1183,C03,114,191,28,93,0,0,13,2,0,0,2,443,6,449,720
11,GUANAJUATO,19,VALLE DE SANTIAGO,18,JARAL DEL PROGRESO,1184,B,86,162,53,89,0,0,17,4,0,0,0,411,7,418,630
11,GUANAJUATO,19,VALLE DE SANTIAGO,18,JARAL DEL PROGRESO,1184,C01,117,163,59,75,0,0,26,1,0,0,0,441,7,448,630
11,GUANAJUATO,19,VALLE DE SANTIAGO,18,JARAL DEL PROGRESO,1185,B,114,157,17,52,0,0,26,5,0,0,0,371,7,378,551
11,GUANAJUATO,19,VALLE DE SANTIAGO,18,JARAL DEL PROGRESO,1185,C01,124,186,14,45,0,0,27,4,0,0,0,400,5,405,551
11,GUANAJUATO,19,VALLE DE SANTIAGO,18,JARAL DEL PROGRESO,1186,B,86,183,15,63,0,0,15,6,0,0,0,368,4,372,571
11,GUANAJUATO,19,VALLE DE SANTIAGO,18,JARAL DEL PROGRESO,1186,C01,109,149,15,77,0,0,13,5,0,0,0,368,8,376,570
11,GUANAJUATO,19,VALLE DE SANTIAGO,18,JARAL DEL PROGRESO,1187,B,104,198,22,86,0,0,28,8,0,0,0,446,7,453,632
11,GUANAJUATO,19,VALLE DE SANTIAGO,18,JARAL DEL PROGRESO,1187,C01,83,194,13,97,0,0,33,4,0,0,0,424,7,431,631
11,GUANAJUATO,19,VALLE DE SANTIAGO,18,JARAL DEL PROGRESO,1188,B,79,140,39,101,0,0,7,5,0,0,0,371,5,376,596
11,GUANAJUATO,19,VALLE DE SANTIAGO,18,JARAL DEL PROGRESO,1188,C01,64,153,21,106,0,0,20,1,0,0,0,365,0,365,595
11,GUANAJUATO,19,VALLE DE SANTIAGO,18,JARAL DEL PROGRESO,1188,C02,84,126,23,120,0,0,18,2,0,0,0,373,3,376,595
11,GUANAJUATO,19,VALLE DE SANTIAGO,18,JARAL DEL PROGRESO,1189,B,110,118,23,102,0,0,12,8,0,0,0,373,0,373,550
11,GUANAJUATO,19,VALLE DE SANTIAGO,18,JARAL DEL PROGRESO,1189,C01,86,126,23,109,0,0,12,5,0,0,0,361,3,364,550
11,GUANAJUATO,19,VALLE DE SANTIAGO,18,JARAL DEL PROGRESO,1190,B,232,190,5,53,0,0,8,7,0,0,0,495,6,501,735
11,GUANAJUATO,19,VALLE DE SANTIAGO,18,JARAL DEL PROGRESO,1191,B,82,102,6,59,0,0,14,2,0,0,0,265,5,270,707
11,GUANAJUATO,19,VALLE DE SANTIAGO,18,JARAL DEL PROGRESO,1191,C01,176,164,17,44,0,0,9,5,0,0,0,415,6,421,706
11,GUANAJUATO,19,VALLE DE SANTIAGO,18,JARAL DEL PROGRESO,1192,B,56,134,29,50,0,0,8,9,0,0,0,286,4,290,494
11,GUANAJUATO,19,VALLE DE SANTIAGO,18,JARAL DEL PROGRESO,1192,C01,58,135,26,46,0,0,10,3,0,0,0,278,9,287,494
11,GUANAJUATO,19,VALLE DE SANTIAGO,18,JARAL DEL PROGRESO,1192,E01,91,218,13,54,0,0,39,14,0,0,0,429,11,440,586
11,GUANAJUATO,19,VALLE DE SANTIAGO,18,JARAL DEL PROGRESO,1193,B,120,82,6,38,0,0,23,1,0,0,0,270,2,272,460
11,GUANAJUATO,19,VALLE DE SANTIAGO,18,JARAL DEL PROGRESO,1193,C01,106,102,11,36,0,0,18,6,0,0,0,279,2,281,459
11,GUANAJUATO,19,VALLE DE SANTIAGO,18,JARAL DEL PROGRESO,1194,B,82,102,6,59,0,0,14,2,0,0,0,265,5,270,436
11,GUANAJUATO,19,VALLE DE SANTIAGO,18,JARAL DEL PROGRESO,1194,C01,71,119,1,56,0,0,25,1,0,0,0,273,8,281,436
11,GUANAJUATO,19,VALLE DE SANTIAGO,18,JARAL DEL PROGRESO,1195,B,130,82,5,114,0,0,16,3,0,0,0,350,8,358,649
11,GUANAJUATO,19,VALLE DE SANTIAGO,18,JARAL DEL PROGRESO,1195,C01,146,93,14,99,0,0,21,12,0,0,0,385,4,389,649
11,GUANAJUATO,19,VALLE DE SANTIAGO,18,JARAL DEL PROGRESO,1196,B,115,161,9,78,0,0,11,4,0,0,0,378,11,389,605
11,GUANAJUATO,19,VALLE DE SANTIAGO,18,JARAL DEL PROGRESO,1196,C01,104,167,9,71,0,0,12,2,0,0,0,365,10,375,604
11,GUANAJUATO,19,VALLE DE SANTIAGO,18,JARAL DEL PROGRESO,1197,B,172,119,0,77,0,0,6,1,0,0,0,375,5,380,529
11,GUANAJUATO,19,VALLE DE SANTIAGO,18,JARAL DEL PROGRESO,1197,E01,113,135,12,46,0,0,17,9,0,0,0,332,5,337,554
11,GUANAJUATO,19,VALLE DE SANTIAGO,18,JARAL DEL PROGRESO,1198,B,61,87,9,93,0,0,16,0,0,0,0,266,5,271,400
11,GUANAJUATO,19,VALLE DE SANTIAGO,18,JARAL DEL PROGRESO,1198,C01,56,100,1,68,0,0,12,1,0,0,0,238,6,244,400
11,GUANAJUATO,19,VALLE DE SANTIAGO,18,JARAL DEL PROGRESO,1199,B,99,180,10,55,0,0,5,1,0,0,0,350,9,359,643
11,GUANAJUATO,19,VALLE DE SANTIAGO,18,JARAL DEL PROGRESO,1200,B,49,191,10,122,0,0,11,1,0,0,0,384,2,386,657
11,GUANAJUATO,19,VALLE DE SANTIAGO,18,JARAL DEL PROGRESO,1201,B,84,179,10,120,0,0,6,3,0,0,0,402,13,415,606
11,GUANAJUATO,19,VALLE DE SANTIAGO,18,JARAL DEL PROGRESO,1202,B,100,116,13,47,0,0,1,2,0,0,0,279,4,283,435
11,GUANAJUATO,19,VALLE DE SANTIAGO,18,JARAL DEL PROGRESO,1203,B,66,102,18,16,0,0,9,2,0,0,0,213,1,214,379
11,GUANAJUATO,22,ACAMBARO,19,JERECUARO,1204,B,78,93,1,85,0,6,1,1,0,0,0,265,10,275,452
11,GUANAJUATO,22,ACAMBARO,19,JERECUARO,1204,C01,96,98,0,56,0,11,4,0,0,0,0,265,8,273,452
11,GUANAJUATO,22,ACAMBARO,19,JERECUARO,1205,B,110,138,4,109,0,22,12,0,0,0,0,395,21,416,647
11,GUANAJUATO,22,ACAMBARO,19,JERECUARO,1205,C01,106,120,5,115,0,26,10,0,0,0,0,382,11,393,646
11,GUANAJUATO,22,ACAMBARO,19,JERECUARO,1205,C02,130,126,5,99,0,6,4,0,0,0,0,370,8,378,646
11,GUANAJUATO,22,ACAMBARO,19,JERECUARO,1206,B,109,127,1,79,0,8,6,0,0,0,0,330,16,346,534
11,GUANAJUATO,22,ACAMBARO,19,JERECUARO,1206,C01,122,100,0,85,0,10,1,0,0,0,0,318,12,330,534
11,GUANAJUATO,22,ACAMBARO,19,JERECUARO,1207,B,92,102,0,45,0,5,4,3,0,0,0,251,13,264,406
11,GUANAJUATO,22,ACAMBARO,19,JERECUARO,1207,C01,78,103,0,59,0,10,2,1,0,0,0,253,7,260,405
11,GUANAJUATO,22,ACAMBARO,19,JERECUARO,1208,B,97,85,4,101,0,6,16,0,0,0,0,309,15,324,509
11,GUANAJUATO,22,ACAMBARO,19,JERECUARO,1208,C01,124,93,1,99,0,4,7,2,0,0,0,330,10,340,509
11,GUANAJUATO,22,ACAMBARO,19,JERECUARO,1208,C02,93,97,0,89,0,7,3,0,0,0,0,289,8,297,508
11,GUANAJUATO,22,ACAMBARO,19,JERECUARO,1209,B,41,86,9,161,0,1,1,0,0,0,0,299,13,312,507
11,GUANAJUATO,22,ACAMBARO,19,JERECUARO,1209,C01,45,67,2,180,0,2,1,0,0,0,0,297,9,306,507
11,GUANAJUATO,22,ACAMBARO,19,JERECUARO,1210,B,100,75,3,158,0,1,4,1,0,0,0,342,11,353,677
11,GUANAJUATO,22,ACAMBARO,19,JERECUARO,1210,C01,104,54,2,156,0,2,4,1,0,0,0,323,18,341,676
11,GUANAJUATO,22,ACAMBARO,19,JERECUARO,1211,B,117,53,1,41,0,7,1,0,0,0,0,220,19,239,493
11,GUANAJUATO,22,ACAMBARO,19,JERECUARO,1212,B,23,76,2,181,0,5,3,1,0,0,0,291,17,308,682
11,GUANAJUATO,22,ACAMBARO,19,JERECUARO,1213,B,53,14,0,5,0,0,0,0,0,0,0,72,2,74,148
11,GUANAJUATO,22,ACAMBARO,19,JERECUARO,1213,E01,81,17,0,14,0,2,1,0,0,0,0,115,4,119,254
11,GUANAJUATO,22,ACAMBARO,19,JERECUARO,1214,B,103,60,0,43,0,0,0,0,0,0,0,206,11,217,434
11,GUANAJUATO,22,ACAMBARO,19,JERECUARO,1214,C01,121,58,1,54,0,1,0,0,0,0,0,235,8,243,433
11,GUANAJUATO,22,ACAMBARO,19,JERECUARO,1215,B,75,30,2,54,0,2,2,0,0,0,0,165,10,175,439
11,GUANAJUATO,22,ACAMBARO,19,JERECUARO,1215,C01,91,43,3,58,0,1,4,1,0,0,0,201,9,210,438
11,GUANAJUATO,22,ACAMBARO,19,JERECUARO,1216,B,69,15,1,77,0,1,2,2,0,0,0,167,19,186,403
11,GUANAJUATO,22,ACAMBARO,19,JERECUARO,1217,B,91,21,2,120,0,1,3,3,0,0,0,241,0,241,515
11,GUANAJUATO,22,ACAMBARO,19,JERECUARO,1218,B,122,78,0,104,0,2,1,0,0,0,0,307,16,323,611
11,GUANAJUATO,22,ACAMBARO,19,JERECUARO,1218,C01,103,63,0,110,0,4,0,1,0,0,0,281,9,290,611
11,GUANAJUATO,22,ACAMBARO,19,JERECUARO,1219,B,70,103,0,52,0,13,2,0,0,0,0,240,12,252,472
11,GUANAJUATO,22,ACAMBARO,19,JERECUARO,1220,B,47,31,0,92,0,2,0,1,0,0,1,174,15,189,447
11,GUANAJUATO,22,ACAMBARO,19,JERECUARO,1220,C01,46,28,1,100,0,1,2,0,0,0,0,178,12,190,447
11,GUANAJUATO,22,ACAMBARO,19,JERECUARO,1221,B,87,45,0,44,0,2,2,0,0,0,0,180,15,195,477
11,GUANAJUATO,22,ACAMBARO,19,JERECUARO,1222,B,109,77,5,85,0,6,2,1,0,0,0,285,0,285,630
11,GUANAJUATO,22,ACAMBARO,19,JERECUARO,1223,B,125,87,7,88,0,6,1,3,0,0,0,317,13,330,596
11,GUANAJUATO,22,ACAMBARO,19,JERECUARO,1224,B,25,11,2,161,0,5,2,2,0,0,0,208,9,217,400
11,GUANAJUATO,22,ACAMBARO,19,JERECUARO,1224,C01,24,18,4,150,0,3,2,0,0,0,0,201,15,216,399
11,GUANAJUATO,22,ACAMBARO,19,JERECUARO,1225,B,7,23,0,241,0,0,3,0,0,0,0,274,9,283,555
11,GUANAJUATO,22,ACAMBARO,19,JERECUARO,1225,C01,11,23,1,236,0,2,0,0,0,0,0,273,7,280,555
11,GUANAJUATO,22,ACAMBARO,19,JERECUARO,1226,B,111,85,3,21,0,4,3,0,0,0,0,227,19,246,544
11,GUANAJUATO,22,ACAMBARO,19,JERECUARO,1226,C01,130,104,4,31,0,4,2,0,0,0,0,275,19,294,544
11,GUANAJUATO,22,ACAMBARO,19,JERECUARO,1227,B,76,126,3,115,0,4,7,0,0,0,0,331,14,345,571
11,GUANAJUATO,22,ACAMBARO,19,JERECUARO,1228,B,48,44,3,62,0,3,3,0,0,0,0,163,15,178,360
11,GUANAJUATO,22,ACAMBARO,19,JERECUARO,1229,B,70,74,1,114,0,12,4,2,0,0,0,277,24,301,554
11,GUANAJUATO,22,ACAMBARO,19,JERECUARO,1229,C01,74,68,3,137,0,13,6,0,0,0,0,301,13,314,554
11,GUANAJUATO,22,ACAMBARO,19,JERECUARO,1230,B,40,69,0,108,0,8,1,1,0,0,0,227,13,240,509
11,GUANAJUATO,22,ACAMBARO,19,JERECUARO,1230,C01,53,79,2,113,0,2,3,0,0,0,0,252,11,263,509
11,GUANAJUATO,22,ACAMBARO,19,JERECUARO,1231,B,14,18,2,33,0,1,2,0,0,0,0,70,4,74,116
11,GUANAJUATO,22,ACAMBARO,19,JERECUARO,1232,B,75,58,0,35,0,5,1,0,0,0,0,174,5,179,371
11,GUANAJUATO,22,ACAMBARO,19,JERECUARO,1233,B,79,40,2,124,0,1,2,1,0,0,0,249,8,257,670
11,GUANAJUATO,22,ACAMBARO,19,JERECUARO,1234,B,35,73,1,58,0,6,0,0,0,0,0,173,8,181,453
11,GUANAJUATO,22,ACAMBARO,19,JERECUARO,1235,B,105,36,2,76,0,5,5,0,0,0,0,229,10,239,484
11,GUANAJUATO,22,ACAMBARO,19,JERECUARO,1235,C01,90,52,1,79,0,17,5,0,0,0,1,245,19,264,484
11,GUANAJUATO,22,ACAMBARO,19,JERECUARO,1236,B,22,67,1,169,0,7,4,0,0,0,0,270,12,282,576
11,GUANAJUATO,22,ACAMBARO,19,JERECUARO,1237,B,34,37,1,31,0,2,2,2,0,0,0,109,11,120,362
11,GUANAJUATO,22,ACAMBARO,19,JERECUARO,1238,B,26,30,2,15,0,0,0,0,0,0,0,73,10,83,163
11,GUANAJUATO,22,ACAMBARO,19,JERECUARO,1239,B,31,69,1,51,0,6,6,0,0,0,0,164,4,168,362
11,GUANAJUATO,22,ACAMBARO,19,JERECUARO,1240,B,15,19,0,24,0,0,1,0,0,0,0,59,5,64,138
11,GUANAJUATO,22,ACAMBARO,19,JERECUARO,1241,B,37,58,5,164,0,8,3,0,0,0,0,275,14,289,626
11,GUANAJUATO,22,ACAMBARO,19,JERECUARO,1241,C01,43,62,6,158,0,6,5,0,0,0,0,280,17,297,626
11,GUANAJUATO,22,ACAMBARO,19,JERECUARO,1242,B,59,49,2,120,0,2,1,1,0,0,0,234,8,242,584
11,GUANAJUATO,22,ACAMBARO,19,JERECUARO,1243,B,140,58,2,36,0,7,2,0,0,0,0,245,24,269,684
11,GUANAJUATO,22,ACAMBARO,19,JERECUARO,1244,B,50,131,0,72,0,5,1,1,0,0,0,260,14,274,536
11,GUANAJUATO,22,ACAMBARO,19,JERECUARO,1244,C01,53,141,1,55,0,7,4,1,0,0,0,262,11,273,535
11,GUANAJUATO,22,ACAMBARO,19,JERECUARO,1245,B,20,15,1,37,0,1,1,0,0,0,0,75,2,77,206
11,GUANAJUATO,22,ACAMBARO,19,JERECUARO,1245,E01,48,12,0,42,0,1,0,0,0,0,0,103,6,109,228
11,GUANAJUATO,22,ACAMBARO,19,JERECUARO,1246,B,141,62,5,130,0,10,4,3,0,0,0,355,18,373,673
11,GUANAJUATO,22,ACAMBARO,19,JERECUARO,1247,B,73,120,3,71,0,18,6,4,0,0,0,295,14,309,606
11,GUANAJUATO,22,ACAMBARO,19,JERECUARO,1248,B,101,157,3,97,0,11,6,0,0,0,0,375,19,394,579
11,GUANAJUATO,22,ACAMBARO,19,JERECUARO,1249,B,73,75,3,109,0,10,3,0,0,0,0,273,15,288,586
11,GUANAJUATO,22,ACAMBARO,19,JERECUARO,1250,B,84,32,2,52,0,4,1,0,0,0,0,175,6,181,382
11,GUANAJUATO,22,ACAMBARO,19,JERECUARO,1250,C01,54,40,0,77,0,2,3,0,0,0,0,176,8,184,381
11,GUANAJUATO,22,ACAMBARO,19,JERECUARO,1251,B,85,41,7,185,0,0,2,1,0,0,0,321,21,342,559
11,GUANAJUATO,22,ACAMBARO,19,JERECUARO,1252,B,56,63,2,107,0,2,3,0,0,0,0,233,12,245,360
11,GUANAJUATO,22,ACAMBARO,19,JERECUARO,1254,B,93,218,26,103,0,6,1,1,0,0,0,448,13,461,690
11,GUANAJUATO,22,ACAMBARO,19,JERECUARO,1254,C01,97,140,16,118,0,6,3,0,0,0,0,380,12,392,690
11,GUANAJUATO,22,ACAMBARO,19,JERECUARO,1255,B,59,99,9,104,0,6,0,1,0,0,0,278,11,289,484
11,GUANAJUATO,22,ACAMBARO,19,JERECUARO,1255,C01,78,86,2,98,0,1,2,1,0,0,0,268,8,276,484
11,GUANAJUATO,22,ACAMBARO,19,JERECUARO,1256,B,67,73,5,75,0,11,4,1,0,0,1,237,10,247,414
11,GUANAJUATO,22,ACAMBARO,19,JERECUARO,1257,B,126,63,3,109,0,5,1,0,0,0,0,307,10,317,588
11,GUANAJUATO,22,ACAMBARO,19,JERECUARO,1257,E01,53,47,0,60,0,0,2,1,0,0,0,163,8,171,281
11,GUANAJUATO,22,ACAMBARO,19,JERECUARO,1258,B,64,147,7,209,0,4,1,2,0,0,0,434,9,443,704
11,GUANAJUATO,22,ACAMBARO,19,JERECUARO,1259,B,87,66,3,91,0,2,3,0,0,0,0,252,0,252,475
11,GUANAJUATO,22,ACAMBARO,19,JERECUARO,1259,C01,73,73,3,81,0,4,5,1,0,0,0,240,13,253,475
11,GUANAJUATO,22,ACAMBARO,19,JERECUARO,1260,B,35,70,0,15,0,1,0,0,0,0,0,121,6,127,226
11,GUANAJUATO,4,LEON,20,LEON,1261,B,0,0,0,0,0,0,0,0,0,0,0,0,0,0,744
11,GUANAJUATO,4,LEON,20,LEON,1261,C01,132,49,3,22,1,5,3,3,5,2,0,229,8,237,744
11,GUANAJUATO,4,LEON,20,LEON,1261,C02,0,0,0,0,0,0,0,0,0,0,0,0,0,0,744
11,GUANAJUATO,4,LEON,20,LEON,1261,C03,116,83,2,21,3,4,7,5,4,9,0,260,10,270,743
11,GUANAJUATO,4,LEON,20,LEON,1261,C04,121,62,5,31,1,9,6,7,2,6,0,255,5,260,743
11,GUANAJUATO,4,LEON,20,LEON,1262,B,94,57,10,23,4,2,7,1,0,0,0,200,6,206,616
11,GUANAJUATO,4,LEON,20,LEON,1262,C01,108,73,1,21,1,1,2,2,1,3,0,220,7,227,615
11,GUANAJUATO,4,LEON,20,LEON,1263,B,163,63,2,19,1,2,1,1,1,6,0,264,4,268,585
11,GUANAJUATO,4,LEON,20,LEON,1263,C01,91,64,2,25,1,2,0,1,4,6,0,201,7,208,584
11,GUANAJUATO,4,LEON,20,LEON,1264,B,0,0,0,0,0,0,0,0,0,0,0,0,0,0,625
11,GUANAJUATO,4,LEON,20,LEON,1264,C01,0,0,0,0,0,0,0,0,0,0,0,0,0,0,625
11,GUANAJUATO,4,LEON,20,LEON,1265,B,0,0,0,0,0,0,0,0,0,0,0,0,0,0,628
11,GUANAJUATO,4,LEON,20,LEON,1265,C01,0,0,0,0,0,0,0,0,0,0,0,0,0,0,628
11,GUANAJUATO,4,LEON,20,LEON,1265,C02,98,57,2,28,1,7,3,5,7,2,0,216,20,236,628
11,GUANAJUATO,4,LEON,20,LEON,1265,C03,80,64,6,25,1,4,5,4,0,5,0,197,6,203,627
11,GUANAJUATO,4,LEON,20,LEON,1265,C04,76,60,2,23,2,6,4,3,5,6,0,192,6,198,627
11,GUANAJUATO,4,LEON,20,LEON,1266,B,121,46,6,19,5,7,5,5,4,6,0,226,9,235,614
11,GUANAJUATO,4,LEON,20,LEON,1266,C01,100,46,1,29,1,5,4,1,1,8,0,198,10,208,614
11,GUANAJUATO,4,LEON,20,LEON,1266,C02,101,45,1,28,1,9,11,7,2,6,0,218,2,220,614
11,GUANAJUATO,4,LEON,20,LEON,1266,C03,0,0,0,0,0,0,0,0,0,0,0,0,0,0,613
11,GUANAJUATO,3,LEON,20,LEON,1267,B,183,58,1,24,1,9,13,3,3,17,0,316,4,320,748
11,GUANAJUATO,3,LEON,20,LEON,1267,C01,201,40,2,13,4,6,5,6,5,9,1,294,9,303,747
11,GUANAJUATO,3,LEON,20,LEON,1267,C02,158,52,0,19,1,3,7,6,6,12,1,269,14,283,747
11,GUANAJUATO,3,LEON,20,LEON,1267,C03,164,66,6,20,1,5,8,3,4,11,0,291,8,299,747
11,GUANAJUATO,3,LEON,20,LEON,1267,C04,187,45,10,20,5,6,9,7,2,8,0,301,9,310,747
11,GUANAJUATO,3,LEON,20,LEON,1268,B,162,53,2,19,6,6,6,9,6,13,0,286,7,293,745
11,GUANAJUATO,3,LEON,20,LEON,1268,C01,152,47,7,14,1,4,4,5,5,13,0,255,5,260,745
11,GUANAJUATO,3,LEON,20,LEON,1268,C02,172,49,3,23,2,7,4,5,5,10,0,283,8,291,745
11,GUANAJUATO,3,LEON,20,LEON,1268,C03,146,61,2,10,2,7,11,5,3,8,0,256,5,261,744
11,GUANAJUATO,3,LEON,20,LEON,1269,B,156,36,6,20,1,6,10,13,9,12,0,272,12,284,749
11,GUANAJUATO,3,LEON,20,LEON,1269,C01,181,69,0,32,2,5,2,5,5,11,0,317,9,326,749
11,GUANAJUATO,3,LEON,20,LEON,1269,C02,181,51,0,17,3,3,5,7,2,12,0,284,8,292,749
11,GUANAJUATO,3,LEON,20,LEON,1269,C03,0,0,0,0,0,0,0,0,0,0,0,0,0,0,749
11,GUANAJUATO,3,LEON,20,LEON,1269,C04,187,52,0,17,1,5,5,5,4,8,0,287,14,301,749
11,GUANAJUATO,3,LEON,20,LEON,1269,C05,168,47,7,21,2,4,7,9,7,12,0,284,8,292,748
11,GUANAJUATO,4,LEON,20,LEON,1270,B,163,75,1,19,2,5,8,3,4,13,0,297,9,306,744
11,GUANAJUATO,4,LEON,20,LEON,1270,C01,159,61,1,29,3,15,5,8,5,18,0,306,11,317,744
11,GUANAJUATO,4,LEON,20,LEON,1271,B,141,66,1,26,1,5,9,5,3,3,0,262,6,268,665
11,GUANAJUATO,4,LEON,20,LEON,1271,C01,140,51,2,27,4,4,7,4,4,5,0,252,11,263,664
11,GUANAJUATO,4,LEON,20,LEON,1272,B,109,52,2,26,2,6,3,2,2,6,0,212,0,212,573
11,GUANAJUATO,4,LEON,20,LEON,1272,C01,0,0,0,0,0,0,0,0,0,0,0,0,0,0,573
11,GUANAJUATO,4,LEON,20,LEON,1272,C02,150,67,1,25,0,1,7,7,8,8,0,280,7,287,572
11,GUANAJUATO,4,LEON,20,LEON,1273,B,96,36,6,23,2,3,3,2,3,7,2,185,3,188,538
11,GUANAJUATO,4,LEON,20,LEON,1273,C01,105,28,8,24,3,8,6,3,4,5,0,198,0,198,538
11,GUANAJUATO,4,LEON,20,LEON,1273,C02,84,49,0,9,1,12,8,5,3,11,0,190,4,194,538
11,GUANAJUATO,4,LEON,20,LEON,1274,B,195,62,4,13,2,32,8,9,11,24,0,360,7,367,689
11,GUANAJUATO,4,LEON,20,LEON,1274,C01,191,57,4,7,5,26,9,10,6,17,0,335,16,351,689
11,GUANAJUATO,4,LEON,20,LEON,1274,C02,0,0,0,0,0,0,0,0,0,0,0,0,0,0,689
11,GUANAJUATO,4,LEON,20,LEON,1275,B,0,0,0,0,0,0,0,0,0,0,0,0,0,0,563
11,GUANAJUATO,4,LEON,20,LEON,1275,C01,105,53,2,8,1,6,8,1,1,6,0,195,8,203,563
11,GUANAJUATO,4,LEON,20,LEON,1275,C02,98,63,2,10,1,4,2,0,2,5,0,193,6,199,563
11,GUANAJUATO,4,LEON,20,LEON,1276,B,0,0,0,0,0,0,0,0,0,0,0,0,0,0,708
11,GUANAJUATO,4,LEON,20,LEON,1276,C01,104,63,2,12,3,1,3,4,2,4,0,201,10,211,707
11,GUANAJUATO,4,LEON,20,LEON,1276,C02,131,69,3,3,2,4,2,3,3,0,0,227,8,235,707
11,GUANAJUATO,4,LEON,20,LEON,1276,C03,104,69,2,22,0,2,8,4,4,8,0,227,3,230,707
11,GUANAJUATO,4,LEON,20,LEON,1276,C04,109,66,4,18,3,1,4,7,3,7,0,223,6,229,707
11,GUANAJUATO,4,LEON,20,LEON,1276,C05,104,75,4,20,2,2,6,3,3,9,0,234,14,248,707
11,GUANAJUATO,4,LEON,20,LEON,1276,C06,94,76,7,16,1,10,1,3,6,9,0,229,0,229,707
11,GUANAJUATO,4,LEON,20,LEON,1277,B,155,58,5,18,3,9,4,5,2,11,0,273,6,279,729
11,GUANAJUATO,4,LEON,20,LEON,1277,C01,153,59,1,17,7,0,10,10,0,9,0,268,14,282,729
11,GUANAJUATO,4,LEON,20,LEON,1277,C02,150,70,5,31,4,4,10,3,6,9,0,292,10,302,729
11,GUANAJUATO,4,LEON,20,LEON,1277,C03,145,78,2,12,2,4,2,9,3,7,1,268,3,271,729
11,GUANAJUATO,4,LEON,20,LEON,1277,C04,156,44,4,17,3,8,6,3,2,9,0,258,14,272,728
11,GUANAJUATO,4,LEON,20,LEON,1278,B,169,46,2,11,3,7,20,14,8,8,0,288,17,305,677
11,GUANAJUATO,4,LEON,20,LEON,1278,C01,182,54,1,15,1,11,4,10,5,12,0,299,5,304,677
11,GUANAJUATO,4,LEON,20,LEON,1278,C02,168,62,6,14,2,5,13,7,4,12,0,295,12,307,677
11,GUANAJUATO,4,LEON,20,LEON,1278,C03,201,42,4,13,2,7,9,8,9,9,0,305,10,315,676
11,GUANAJUATO,4,LEON,20,LEON,1278,C04,182,42,1,16,0,11,12,11,2,9,1,288,7,295,676
11,GUANAJUATO,4,LEON,20,LEON,1278,C05,0,0,0,0,0,0,0,0,0,0,0,0,0,0,676
11,GUANAJUATO,4,LEON,20,LEON,1278,C06,196,44,1,6,2,4,13,17,2,9,1,297,12,309,676
11,GUANAJUATO,4,LEON,20,LEON,1278,C07,198,52,6,14,3,4,14,4,4,5,0,307,14,321,676
11,GUANAJUATO,4,LEON,20,LEON,1278,C08,174,46,4,13,2,7,11,10,3,13,0,283,9,292,676
11,GUANAJUATO,4,LEON,20,LEON,1278,C09,166,55,5,7,3,11,10,9,6,13,1,287,13,300,676
11,GUANAJUATO,4,LEON,20,LEON,1279,B,245,65,5,13,3,7,6,12,4,24,2,386,19,405,735
11,GUANAJUATO,4,LEON,20,LEON,1279,C01,224,56,4,12,5,12,3,10,8,16,0,350,10,360,735
11,GUANAJUATO,4,LEON,20,LEON,1279,C02,223,65,5,16,5,11,9,13,3,17,0,367,7,374,735
11,GUANAJUATO,4,LEON,20,LEON,1279,C03,0,0,0,0,0,0,0,0,0,0,0,0,0,0,734
11,GUANAJUATO,4,LEON,20,LEON,1280,B,112,77,4,47,3,7,10,2,1,12,0,279,2,281,711
11,GUANAJUATO,4,LEON,20,LEON,1280,C01,132,70,3,27,2,10,13,3,6,19,1,286,5,291,711
11,GUANAJUATO,3,LEON,20,LEON,1281,B,203,67,2,19,5,7,2,7,0,9,0,323,24,347,654
11,GUANAJUATO,3,LEON,20,LEON,1281,C01,186,58,2,33,0,11,4,11,2,7,0,315,22,337,654
11,GUANAJUATO,3,LEON,20,LEON,1281,C02,230,53,1,22,1,6,5,6,3,10,1,338,11,349,653
11,GUANAJUATO,3,LEON,20,LEON,1282,B,285,62,1,8,1,11,2,4,5,6,0,389,16,405,668
11,GUANAJUATO,3,LEON,20,LEON,1282,C01,0,0,0,0,0,0,0,0,0,0,0,0,0,0,668
11,GUANAJUATO,3,LEON,20,LEON,1282,C02,257,62,2,15,1,10,4,14,2,6,1,375,18,393,668
11,GUANAJUATO,3,LEON,20,LEON,1282,C03,260,52,4,12,1,10,4,8,8,7,1,367,18,385,667
11,GUANAJUATO,3,LEON,20,LEON,1282,C04,259,59,2,12,0,10,1,3,9,3,1,359,25,384,667
11,GUANAJUATO,3,LEON,20,LEON,1282,C05,271,69,4,7,0,4,2,5,7,1,0,370,13,383,667
11,GUANAJUATO,3,LEON,20,LEON,1282,C06,263,60,2,11,2,3,4,6,7,3,1,364,6,370,667
11,GUANAJUATO,3,LEON,20,LEON,1282,C07,298,58,1,11,1,8,3,11,4,8,0,404,8,412,667
11,GUANAJUATO,3,LEON,20,LEON,1282,E01,78,13,1,9,2,3,2,3,3,6,0,120,3,123,511
11,GUANAJUATO,3,LEON,20,LEON,1282,E01C01,148,36,2,17,2,5,3,4,4,11,1,235,7,242,511
11,GUANAJUATO,3,LEON,20,LEON,1282,E01C02,131,35,5,11,0,5,3,2,3,10,1,209,13,222,511
11,GUANAJUATO,3,LEON,20,LEON,1282,S01,153,34,4,17,1,5,3,7,4,5,0,234,14,248,0
11,GUANAJUATO,4,LEON,20,LEON,1283,B,236,59,3,19,4,11,6,3,3,16,0,362,11,373,674
11,GUANAJUATO,4,LEON,20,LEON,1283,C01,220,53,3,16,1,10,5,7,5,14,0,335,13,348,673
11,GUANAJUATO,4,LEON,20,LEON,1283,C02,196,44,3,12,1,14,4,13,6,18,2,314,12,326,673
11,GUANAJUATO,4,LEON,20,LEON,1283,C03,199,68,3,16,0,5,11,7,6,15,1,334,16,350,673
11,GUANAJUATO,4,LEON,20,LEON,1283,C04,197,57,4,11,1,13,6,7,6,26,0,328,9,337,673
11,GUANAJUATO,4,LEON,20,LEON,1284,B,144,57,5,17,2,5,9,4,5,7,0,260,7,267,711
11,GUANAJUATO,4,LEON,20,LEON,1284,C01,167,74,0,23,1,9,14,3,10,8,0,311,8,319,711
11,GUANAJUATO,4,LEON,20,LEON,1284,C02,168,56,4,23,1,10,7,6,11,16,1,307,15,322,711
11,GUANAJUATO,4,LEON,20,LEON,1284,C03,151,48,3,28,0,5,6,7,8,10,0,270,8,278,711
11,GUANAJUATO,4,LEON,20,LEON,1284,C04,136,60,2,14,0,5,9,1,8,7,0,249,13,262,711
11,GUANAJUATO,4,LEON,20,LEON,1284,C05,152,64,2,16,1,9,12,7,10,10,0,283,7,290,710
11,GUANAJUATO,4,LEON,20,LEON,1284,C06,178,60,4,19,3,7,5,7,9,15,0,310,7,317,710
11,GUANAJUATO,4,LEON,20,LEON,1284,C07,149,56,3,19,3,5,6,5,8,11,2,270,5,275,710
11,GUANAJUATO,4,LEON,20,LEON,1284,C08,143,65,3,20,0,4,7,6,8,10,1,270,12,282,710
11,GUANAJUATO,4,LEON,20,LEON,1285,B,225,46,7,17,1,11,12,2,6,6,0,333,10,343,727
11,GUANAJUATO,4,LEON,20,LEON,1285,C01,220,69,2,17,2,6,10,9,6,20,0,363,12,375,726
11,GUANAJUATO,4,LEON,20,LEON,1285,C02,206,45,4,9,1,11,18,10,7,12,0,324,10,334,726
11,GUANAJUATO,4,LEON,20,LEON,1285,C03,222,51,4,14,4,11,11,16,16,15,0,364,10,374,726
11,GUANAJUATO,4,LEON,20,LEON,1285,C04,212,52,2,15,1,11,9,16,5,6,0,331,18,349,726
11,GUANAJUATO,4,LEON,20,LEON,1285,C05,194,46,4,8,1,5,11,16,2,10,0,297,21,318,726
11,GUANAJUATO,4,LEON,20,LEON,1285,C06,241,47,1,10,1,8,9,12,5,15,0,349,8,357,726
11,GUANAJUATO,4,LEON,20,LEON,1285,C07,201,49,6,23,1,8,12,8,5,14,0,334,13,347,726
11,GUANAJUATO,4,LEON,20,LEON,1285,C08,209,38,3,15,1,14,14,11,15,19,2,345,9,354,726
11,GUANAJUATO,4,LEON,20,LEON,1285,C09,201,60,5,10,4,13,17,8,2,15,0,335,9,344,726
11,GUANAJUATO,4,LEON,20,LEON,1286,B,184,56,3,18,2,5,11,7,3,11,0,303,6,309,622
11,GUANAJUATO,4,LEON,20,LEON,1286,C01,172,45,1,25,0,7,14,5,5,11,0,288,9,297,622
11,GUANAJUATO,4,LEON,20,LEON,1286,C02,147,59,1,12,1,8,11,4,6,8,0,259,15,274,622
11,GUANAJUATO,4,LEON,20,LEON,1287,B,181,54,2,26,3,6,9,10,6,16,0,316,12,328,648
11,GUANAJUATO,4,LEON,20,LEON,1287,C01,141,58,1,16,2,9,5,12,4,9,0,260,6,266,648
11,GUANAJUATO,4,LEON,20,LEON,1287,C02,179,54,4,16,3,4,7,6,3,16,0,295,8,303,648
11,GUANAJUATO,4,LEON,20,LEON,1288,B,179,46,2,20,3,3,6,4,4,4,2,277,12,289,699
11,GUANAJUATO,4,LEON,20,LEON,1288,C01,165,70,7,24,4,3,8,3,5,10,0,301,7,308,698
11,GUANAJUATO,4,LEON,20,LEON,1289,B,98,60,3,25,3,8,1,10,4,8,1,225,7,232,570
11,GUANAJUATO,4,LEON,20,LEON,1289,C01,110,59,3,19,3,6,5,8,8,3,0,232,7,239,570
11,GUANAJUATO,4,LEON,20,LEON,1289,C02,0,0,0,0,0,0,0,0,0,0,0,0,0,0,569
11,GUANAJUATO,3,LEON,20,LEON,1290,B,168,32,2,11,2,9,8,8,1,6,0,248,15,263,505
11,GUANAJUATO,3,LEON,20,LEON,1291,B,166,51,1,6,1,4,3,3,2,9,0,248,10,258,495
11,GUANAJUATO,4,LEON,20,LEON,1292,B,158,55,1,16,1,5,2,9,2,11,0,260,6,266,625
11,GUANAJUATO,4,LEON,20,LEON,1292,C01,143,61,2,10,2,7,5,10,6,5,0,251,9,260,625
11,GUANAJUATO,4,LEON,20,LEON,1292,C02,0,0,0,0,0,0,0,0,0,0,0,0,0,0,625
11,GUANAJUATO,4,LEON,20,LEON,1293,B,120,61,5,25,1,8,10,6,6,13,0,258,15,273,621
11,GUANAJUATO,4,LEON,20,LEON,1293,C01,128,67,4,28,4,8,8,4,4,12,0,271,12,283,620
11,GUANAJUATO,4,LEON,20,LEON,1294,B,120,55,0,12,2,3,4,6,2,7,0,214,9,223,533
11,GUANAJUATO,4,LEON,20,LEON,1294,C01,117,59,2,20,1,6,10,9,3,6,0,236,6,242,532
11,GUANAJUATO,4,LEON,20,LEON,1295,B,0,0,0,0,0,0,0,0,0,0,0,0,0,0,588
11,GUANAJUATO,4,LEON,20,LEON,1295,C01,135,46,3,15,3,4,15,5,5,3,1,236,9,245,588
11,GUANAJUATO,4,LEON,20,LEON,1296,B,115,59,2,12,2,4,7,3,3,8,0,215,0,215,427
11,GUANAJUATO,4,LEON,20,LEON,1296,C01,103,41,2,8,3,5,10,2,1,8,0,193,6,199,427
11,GUANAJUATO,4,LEON,20,LEON,1297,B,107,52,1,22,2,7,2,5,5,8,0,213,5,218,720
11,GUANAJUATO,4,LEON,20,LEON,1297,C01,0,0,0,0,0,0,0,0,0,0,0,0,0,0,719
11,GUANAJUATO,4,LEON,20,LEON,1297,C02,124,55,3,18,3,0,6,6,7,8,0,230,15,245,719
11,GUANAJUATO,4,LEON,20,LEON,1297,C03,130,51,5,17,1,6,6,1,7,7,0,233,5,238,719
11,GUANAJUATO,4,LEON,20,LEON,1297,C04,124,64,3,16,2,2,6,6,9,6,0,242,13,255,719
11,GUANAJUATO,4,LEON,20,LEON,1297,C05,105,59,2,25,1,3,5,7,8,8,0,223,14,237,719
11,GUANAJUATO,4,LEON,20,LEON,1297,C06,0,0,0,0,0,0,0,0,0,0,0,0,0,0,719
11,GUANAJUATO,4,LEON,20,LEON,1298,B,145,54,2,12,0,6,4,7,8,8,0,247,9,256,639
11,GUANAJUATO,4,LEON,20,LEON,1298,C01,153,69,2,19,5,6,5,7,5,9,0,284,7,291,639
11,GUANAJUATO,4,LEON,20,LEON,1298,C02,0,0,0,0,0,0,0,0,0,0,0,0,0,0,639
11,GUANAJUATO,4,LEON,20,LEON,1298,C03,160,53,3,9,1,2,3,2,5,8,0,250,9,259,639
11,GUANAJUATO,4,LEON,20,LEON,1298,C04,122,62,2,18,0,8,10,8,3,8,0,244,10,254,639
11,GUANAJUATO,4,LEON,20,LEON,1299,B,94,39,5,15,0,6,5,7,5,5,0,184,8,192,440
11,GUANAJUATO,4,LEON,20,LEON,1299,C01,115,38,5,14,1,6,6,5,5,3,0,198,0,198,439
11,GUANAJUATO,4,LEON,20,LEON,1300,B,142,59,0,16,0,6,6,6,3,6,0,246,16,262,515
11,GUANAJUATO,4,LEON,20,LEON,1300,C01,148,48,3,8,4,10,4,8,2,6,0,244,4,248,515
11,GUANAJUATO,4,LEON,20,LEON,1300,C02,0,0,0,0,0,0,0,0,0,0,0,0,0,0,514
11,GUANAJUATO,4,LEON,20,LEON,1301,B,176,54,2,10,4,9,19,14,6,9,0,307,13,320,651
11,GUANAJUATO,4,LEON,20,LEON,1301,C01,163,48,4,13,1,6,11,6,10,7,1,272,9,281,651
11,GUANAJUATO,4,LEON,20,LEON,1302,B,96,36,4,12,4,3,4,4,1,7,0,177,6,183,497
11,GUANAJUATO,4,LEON,20,LEON,1302,C01,106,45,4,18,3,2,4,3,3,4,0,197,7,204,497
11,GUANAJUATO,4,LEON,20,LEON,1303,B,121,59,0,20,0,3,11,6,7,13,0,242,12,254,552
11,GUANAJUATO,4,LEON,20,LEON,1303,C01,108,65,3,33,4,6,10,6,5,6,1,249,5,254,551
11,GUANAJUATO,4,LEON,20,LEON,1304,B,196,56,0,17,7,7,5,7,8,21,0,326,9,335,718
11,GUANAJUATO,4,LEON,20,LEON,1304,C01,201,58,4,13,5,3,6,14,6,7,0,323,17,340,717
11,GUANAJUATO,4,LEON,20,LEON,1304,C02,236,44,2,18,5,12,15,4,4,17,1,358,13,371,717
11,GUANAJUATO,4,LEON,20,LEON,1304,C03,208,47,4,14,2,12,6,10,4,12,1,321,9,330,717
11,GUANAJUATO,4,LEON,20,LEON,1304,C04,205,50,3,12,6,11,6,14,6,10,0,329,17,346,717
11,GUANAJUATO,4,LEON,20,LEON,1304,C05,219,48,1,26,0,12,6,12,4,0,0,329,11,340,717
11,GUANAJUATO,4,LEON,20,LEON,1304,C06,208,50,2,16,2,6,9,9,9,17,0,332,11,343,717
11,GUANAJUATO,4,LEON,20,LEON,1304,C07,221,54,4,9,4,15,10,12,8,17,1,356,11,367,717
11,GUANAJUATO,4,LEON,20,LEON,1305,B,99,38,1,15,2,7,7,0,3,8,0,180,0,180,442
11,GUANAJUATO,4,LEON,20,LEON,1305,C01,91,43,6,15,1,5,7,2,0,2,0,175,3,178,441
11,GUANAJUATO,4,LEON,20,LEON,1306,B,155,74,5,25,4,4,5,11,5,9,1,298,4,302,687
11,GUANAJUATO,4,LEON,20,LEON,1306,C01,177,63,5,14,3,2,5,8,2,8,0,291,10,301,687
11,GUANAJUATO,4,LEON,20,LEON,1307,B,157,68,2,27,3,6,3,4,5,15,0,294,6,300,607
11,GUANAJUATO,4,LEON,20,LEON,1307,C01,126,77,1,13,2,4,7,7,10,5,0,253,5,258,607
11,GUANAJUATO,4,LEON,20,LEON,1308,B,128,50,8,16,4,2,6,5,5,7,0,241,5,246,671
11,GUANAJUATO,4,LEON,20,LEON,1308,C01,125,78,2,18,4,7,4,8,3,6,0,257,5,262,671
11,GUANAJUATO,4,LEON,20,LEON,1308,C02,97,56,2,21,1,6,2,5,4,12,0,207,2,209,670
11,GUANAJUATO,4,LEON,20,LEON,1308,C03,0,0,0,0,0,0,0,0,0,0,0,0,0,0,670
11,GUANAJUATO,4,LEON,20,LEON,1308,C04,102,56,0,20,2,4,5,3,4,11,0,221,9,230,670
11,GUANAJUATO,4,LEON,20,LEON,1308,C05,106,49,0,14,3,0,2,5,1,8,0,198,26,224,670
11,GUANAJUATO,4,LEON,20,LEON,1309,B,101,58,0,25,1,3,5,6,3,9,0,217,5,222,646
11,GUANAJUATO,4,LEON,20,LEON,1309,C01,100,47,0,20,4,2,7,8,1,15,0,207,11,218,646
11,GUANAJUATO,4,LEON,20,LEON,1309,C02,99,52,3,19,2,4,6,11,2,8,0,210,2,212,646
11,GUANAJUATO,4,LEON,20,LEON,1309,C03,96,61,2,27,1,3,4,13,8,7,0,226,8,234,646
11,GUANAJUATO,4,LEON,20,LEON,1309,C04,122,59,6,26,1,3,2,5,4,2,0,235,6,241,646
11,GUANAJUATO,4,LEON,20,LEON,1310,B,0,0,0,0,0,0,0,0,0,0,0,0,0,0,646
11,GUANAJUATO,4,LEON,20,LEON,1310,C01,143,52,5,28,2,3,7,7,4,8,0,261,5,266,646
11,GUANAJUATO,4,LEON,20,LEON,1310,C02,159,47,1,13,6,4,7,8,5,6,0,258,0,258,646
11,GUANAJUATO,4,LEON,20,LEON,1310,C03,114,55,1,17,3,5,0,2,5,14,2,222,8,230,646
11,GUANAJUATO,4,LEON,20,LEON,1311,B,205,81,3,17,1,20,15,10,8,17,1,385,10,395,735
11,GUANAJUATO,4,LEON,20,LEON,1312,B,132,50,2,18,0,3,9,10,5,9,0,242,10,252,556
11,GUANAJUATO,4,LEON,20,LEON,1312,C01,126,46,1,15,6,6,11,8,4,7,0,232,0,232,555
11,GUANAJUATO,4,LEON,20,LEON,1312,C02,122,61,0,8,0,10,7,6,5,11,0,234,8,242,555
11,GUANAJUATO,3,LEON,20,LEON,1313,B,154,44,4,11,0,18,5,4,1,10,0,251,2,253,466
11,GUANAJUATO,3,LEON,20,LEON,1313,C01,155,39,5,4,1,9,1,1,3,8,2,230,8,238,466
11,GUANAJUATO,4,LEON,20,LEON,1314,B,250,69,4,10,1,8,6,10,9,11,2,382,10,392,662
11,GUANAJUATO,4,LEON,20,LEON,1314,C01,216,67,5,6,2,9,3,8,7,6,0,331,0,331,661
11,GUANAJUATO,4,LEON,20,LEON,1315,B,121,36,1,11,11,6,3,3,7,7,0,208,11,219,432
11,GUANAJUATO,4,LEON,20,LEON,1315,C01,104,33,0,10,1,4,9,3,6,10,0,184,9,193,432
11,GUANAJUATO,4,LEON,20,LEON,1316,B,177,67,1,16,1,7,9,5,6,7,0,297,6,303,601
11,GUANAJUATO,4,LEON,20,LEON,1316,C01,155,64,6,19,3,5,7,5,4,9,0,277,17,294,601
11,GUANAJUATO,4,LEON,20,LEON,1317,B,145,52,2,18,3,3,3,3,4,13,1,247,13,260,548
11,GUANAJUATO,4,LEON,20,LEON,1317,C01,0,0,0,0,0,0,0,0,0,0,0,0,0,0,547
11,GUANAJUATO,4,LEON,20,LEON,1318,B,95,44,0,16,1,5,9,9,1,5,0,185,6,191,385
11,GUANAJUATO,4,LEON,20,LEON,1318,C01,104,53,1,11,0,4,4,4,11,0,0,192,7,199,385
11,GUANAJUATO,4,LEON,20,LEON,1319,B,152,49,2,11,4,6,7,1,6,4,0,247,5,252,516
11,GUANAJUATO,4,LEON,20,LEON,1319,C01,145,62,2,17,0,5,3,1,16,9,0,264,11,275,515
11,GUANAJUATO,4,LEON,20,LEON,1320,B,126,39,0,12,2,1,3,3,7,4,0,202,9,211,501
11,GUANAJUATO,4,LEON,20,LEON,1320,C01,114,43,1,15,4,5,2,3,2,7,0,200,5,205,501
11,GUANAJUATO,4,LEON,20,LEON,1320,C02,118,50,4,16,2,4,6,2,3,10,1,224,5,229,501
11,GUANAJUATO,4,LEON,20,LEON,1321,B,89,57,2,16,1,2,3,4,5,13,0,196,6,202,534
11,GUANAJUATO,4,LEON,20,LEON,1321,C01,108,59,2,19,2,1,7,4,4,3,0,213,10,223,534
11,GUANAJUATO,4,LEON,20,LEON,1322,B,138,49,2,44,3,4,7,3,9,12,0,284,19,303,741
11,GUANAJUATO,4,LEON,20,LEON,1322,C01,116,49,3,16,2,4,6,3,5,13,1,232,23,255,741
11,GUANAJUATO,4,LEON,20,LEON,1322,C02,133,49,7,22,2,1,4,2,4,6,1,237,5,242,741
11,GUANAJUATO,4,LEON,20,LEON,1322,C03,135,63,4,33,5,9,6,7,5,5,0,272,7,279,741
11,GUANAJUATO,4,LEON,20,LEON,1322,C04,150,52,3,17,2,3,7,5,2,6,0,247,19,266,741
11,GUANAJUATO,4,LEON,20,LEON,1322,C05,156,43,6,19,2,3,7,3,6,4,0,252,11,263,740
11,GUANAJUATO,4,LEON,20,LEON,1322,C06,130,50,3,26,0,6,10,7,7,9,0,251,6,257,740
11,GUANAJUATO,4,LEON,20,LEON,1323,B,115,80,2,26,0,9,5,5,5,7,0,260,0,260,642
11,GUANAJUATO,4,LEON,20,LEON,1323,C01,98,54,4,16,1,6,4,7,6,8,0,208,0,208,642
11,GUANAJUATO,4,LEON,20,LEON,1323,C02,93,45,4,15,2,2,8,3,4,8,0,388,9,397,641
11,GUANAJUATO,4,LEON,20,LEON,1323,C03,0,0,0,0,0,0,0,0,0,0,0,0,0,0,641
11,GUANAJUATO,4,LEON,20,LEON,1324,B,108,89,4,9,7,8,4,9,12,12,0,264,10,274,669
11,GUANAJUATO,4,LEON,20,LEON,1324,C01,85,70,5,12,6,14,11,8,5,13,0,233,0,233,668
11,GUANAJUATO,4,LEON,20,LEON,1325,B,86,58,2,15,2,2,3,1,4,7,0,182,5,187,581
11,GUANAJUATO,4,LEON,20,LEON,1325,C01,121,59,4,15,3,5,5,4,5,6,0,230,9,239,581
11,GUANAJUATO,4,LEON,20,LEON,1326,B,134,39,2,10,2,5,4,8,3,10,0,218,5,223,551
11,GUANAJUATO,4,LEON,20,LEON,1326,C01,108,39,0,12,0,6,3,2,3,7,0,181,9,190,551
11,GUANAJUATO,4,LEON,20,LEON,1327,B,0,0,0,0,0,0,0,0,0,0,0,0,0,0,621
11,GUANAJUATO,4,LEON,20,LEON,1328,B,147,54,1,7,3,10,3,9,3,10,0,247,20,267,515
11,GUANAJUATO,4,LEON,20,LEON,1328,C01,169,48,6,8,0,6,7,6,2,10,0,265,4,269,514
11,GUANAJUATO,4,LEON,20,LEON,1329,B,162,42,0,0,3,7,2,4,5,2,0,228,12,240,455
11,GUANAJUATO,4,LEON,20,LEON,1329,C01,136,38,2,7,0,3,4,6,1,12,1,212,4,216,454
11,GUANAJUATO,4,LEON,20,LEON,1330,B,189,57,2,13,1,5,10,4,6,6,0,297,10,307,695
11,GUANAJUATO,4,LEON,20,LEON,1330,C01,196,49,4,4,2,3,10,10,7,6,0,295,0,295,694
11,GUANAJUATO,4,LEON,20,LEON,1331,B,162,42,0,8,3,10,15,10,4,14,1,270,9,279,642
11,GUANAJUATO,4,LEON,20,LEON,1331,C01,171,47,6,17,4,13,7,14,5,13,0,297,11,308,642
11,GUANAJUATO,4,LEON,20,LEON,1332,B,0,0,0,0,0,0,0,0,0,0,0,0,0,0,629
11,GUANAJUATO,4,LEON,20,LEON,1332,C01,0,0,0,0,0,0,0,0,0,0,0,0,0,0,629
11,GUANAJUATO,4,LEON,20,LEON,1333,B,109,50,2,12,2,4,7,4,2,5,0,199,13,212,606
11,GUANAJUATO,4,LEON,20,LEON,1333,C01,97,67,3,23,1,9,6,7,7,3,0,231,5,236,605
11,GUANAJUATO,4,LEON,20,LEON,1333,C02,0,0,0,0,0,0,0,0,0,0,0,0,0,0,605
11,GUANAJUATO,4,LEON,20,LEON,1334,B,82,53,6,13,2,3,3,7,1,7,0,183,4,187,585
11,GUANAJUATO,4,LEON,20,LEON,1334,C01,0,0,0,0,0,0,0,0,0,0,0,0,0,0,584
11,GUANAJUATO,4,LEON,20,LEON,1334,C02,0,0,0,0,0,0,0,0,0,0,0,0,0,0,584
11,GUANAJUATO,4,LEON,20,LEON,1335,B,106,40,1,16,2,3,8,6,2,11,0,195,10,205,554
11,GUANAJUATO,4,LEON,20,LEON,1335,C01,117,35,0,19,3,4,3,3,2,3,2,193,5,198,553
11,GUANAJUATO,4,LEON,20,LEON,1335,C02,89,53,4,15,1,2,5,3,6,6,0,187,8,195,553
11,GUANAJUATO,4,LEON,20,LEON,1336,B,110,63,1,26,3,7,2,3,1,7,1,227,6,233,593
11,GUANAJUATO,4,LEON,20,LEON,1336,C01,0,0,0,0,0,0,0,0,0,0,0,0,0,0,593
11,GUANAJUATO,4,LEON,20,LEON,1337,B,222,35,6,6,2,4,3,8,10,11,1,312,7,319,652
11,GUANAJUATO,4,LEON,20,LEON,1337,C01,194,55,5,10,2,7,6,8,4,9,0,300,5,305,652
11,GUANAJUATO,4,LEON,20,LEON,1337,C02,215,44,3,9,1,5,12,11,3,6,0,310,6,316,652
11,GUANAJUATO,4,LEON,20,LEON,1337,C03,191,51,3,10,1,10,9,9,9,17,0,312,12,324,652
11,GUANAJUATO,4,LEON,20,LEON,1337,C04,177,47,1,13,1,14,9,9,11,13,0,295,16,311,652
11,GUANAJUATO,4,LEON,20,LEON,1338,B,94,33,2,12,2,3,5,4,6,1,0,163,0,163,405
11,GUANAJUATO,4,LEON,20,LEON,1338,C01,111,26,3,7,0,3,4,2,2,7,0,167,8,175,405
11,GUANAJUATO,4,LEON,20,LEON,1339,B,129,53,1,12,0,2,7,3,5,10,0,223,1,224,556
11,GUANAJUATO,4,LEON,20,LEON,1339,C01,180,47,0,6,2,8,4,2,4,9,0,267,5,272,556
11,GUANAJUATO,4,LEON,20,LEON,1340,B,181,52,2,16,3,5,7,8,7,3,0,290,9,299,612
11,GUANAJUATO,4,LEON,20,LEON,1340,C01,169,55,4,11,3,5,4,10,3,2,1,268,3,271,612
11,GUANAJUATO,4,LEON,20,LEON,1341,B,184,48,5,17,4,2,6,1,4,8,0,282,9,291,668
11,GUANAJUATO,4,LEON,20,LEON,1341,C01,0,0,0,0,0,0,0,0,0,0,0,0,0,0,667
11,GUANAJUATO,4,LEON,20,LEON,1342,B,185,41,5,26,3,5,5,5,7,6,0,293,11,304,659
11,GUANAJUATO,4,LEON,20,LEON,1342,C01,194,43,4,13,1,8,9,5,3,6,0,290,10,300,659
11,GUANAJUATO,4,LEON,20,LEON,1343,B,0,0,0,0,0,0,0,0,0,0,0,0,0,0,571
11,GUANAJUATO,4,LEON,20,LEON,1343,C01,151,55,4,17,0,3,8,1,1,8,0,252,5,257,571
11,GUANAJUATO,4,LEON,20,LEON,1343,C02,148,22,3,22,2,5,8,6,1,4,0,225,6,231,571
11,GUANAJUATO,7,LEON,20,LEON,1344,B,166,50,1,18,1,7,4,7,4,6,0,269,7,276,600
11,GUANAJUATO,7,LEON,20,LEON,1344,C01,148,54,2,17,1,9,11,0,2,18,0,262,15,277,599
11,GUANAJUATO,7,LEON,20,LEON,1345,B,116,52,5,15,0,5,3,1,5,7,0,210,8,218,492
11,GUANAJUATO,7,LEON,20,LEON,1345,C01,105,30,0,13,1,5,6,3,2,4,0,171,6,177,492
11,GUANAJUATO,7,LEON,20,LEON,1346,B,112,41,1,21,1,5,4,4,9,4,0,206,11,217,489
11,GUANAJUATO,7,LEON,20,LEON,1346,C01,106,39,3,17,6,10,6,5,5,9,0,208,4,212,489
11,GUANAJUATO,4,LEON,20,LEON,1347,B,134,87,7,16,3,1,3,6,7,5,0,277,9,286,643
11,GUANAJUATO,4,LEON,20,LEON,1347,C01,100,48,1,21,1,3,4,4,4,6,0,199,10,209,642
11,GUANAJUATO,4,LEON,20,LEON,1348,B,124,85,6,23,9,5,5,8,2,8,0,275,12,287,676
11,GUANAJUATO,4,LEON,20,LEON,1348,C01,0,0,0,0,0,0,0,0,0,0,0,0,0,0,675
11,GUANAJUATO,4,LEON,20,LEON,1349,B,183,61,4,11,4,6,1,10,8,9,0,301,16,317,706
11,GUANAJUATO,4,LEON,20,LEON,1349,C01,192,63,2,10,3,7,4,12,8,9,1,313,14,327,705
11,GUANAJUATO,4,LEON,20,LEON,1349,C02,188,77,4,12,2,5,3,12,4,9,0,319,10,329,705
11,GUANAJUATO,4,LEON,20,LEON,1349,C03,184,56,2,12,4,4,5,13,10,16,0,306,15,321,705
11,GUANAJUATO,4,LEON,20,LEON,1349,C04,0,0,0,0,0,0,0,0,0,0,0,0,0,0,705
11,GUANAJUATO,4,LEON,20,LEON,1349,C05,161,86,1,16,0,9,5,14,7,13,0,312,0,312,705
11,GUANAJUATO,4,LEON,20,LEON,1350,B,117,47,2,11,0,9,6,3,5,9,0,211,13,224,575
11,GUANAJUATO,4,LEON,20,LEON,1350,C01,133,60,1,15,2,5,3,6,8,7,0,248,6,254,574
11,GUANAJUATO,4,LEON,20,LEON,1351,B,178,58,5,14,2,3,4,8,13,11,1,299,9,308,646
11,GUANAJUATO,4,LEON,20,LEON,1351,C01,190,44,3,17,0,3,6,1,10,9,0,287,9,296,645
11,GUANAJUATO,4,LEON,20,LEON,1352,B,0,0,0,0,0,0,0,0,0,0,0,0,0,0,692
11,GUANAJUATO,4,LEON,20,LEON,1352,C01,173,61,4,17,1,4,8,10,7,10,0,297,10,307,692
11,GUANAJUATO,4,LEON,20,LEON,1353,B,161,51,2,21,4,3,4,3,4,4,0,257,11,268,580
11,GUANAJUATO,4,LEON,20,LEON,1353,C01,159,49,2,12,4,8,3,4,7,10,0,259,13,272,579
11,GUANAJUATO,4,LEON,20,LEON,1354,B,157,38,4,10,2,6,6,3,1,10,0,241,8,249,600
11,GUANAJUATO,4,LEON,20,LEON,1354,C01,152,56,2,22,1,4,1,3,5,7,0,256,8,264,599
11,GUANAJUATO,4,LEON,20,LEON,1355,B,167,41,2,10,2,4,6,6,5,6,0,253,12,265,569
11,GUANAJUATO,4,LEON,20,LEON,1355,C01,150,59,4,9,4,7,7,4,4,4,0,252,9,261,568
11,GUANAJUATO,4,LEON,20,LEON,1356,B,211,46,3,15,4,2,4,5,7,5,0,306,12,318,654
11,GUANAJUATO,4,LEON,20,LEON,1356,C01,183,45,1,20,1,10,13,8,5,6,1,293,11,304,654
11,GUANAJUATO,4,LEON,20,LEON,1357,B,141,46,3,8,0,7,8,7,10,3,0,242,18,260,513
11,GUANAJUATO,4,LEON,20,LEON,1357,C01,0,0,0,0,0,0,0,0,0,0,0,0,0,0,513
11,GUANAJUATO,7,LEON,20,LEON,1358,B,100,41,1,15,2,3,6,3,1,10,1,187,9,196,460
11,GUANAJUATO,7,LEON,20,LEON,1358,C01,125,51,5,14,1,5,1,2,0,3,0,212,7,219,460
11,GUANAJUATO,7,LEON,20,LEON,1359,B,109,45,0,14,3,5,1,4,1,6,0,189,12,201,453
11,GUANAJUATO,7,LEON,20,LEON,1359,C01,156,33,3,14,2,4,1,9,3,3,0,231,6,237,452
11,GUANAJUATO,4,LEON,20,LEON,1360,B,106,49,3,8,0,3,4,0,6,4,0,183,14,197,521
11,GUANAJUATO,4,LEON,20,LEON,1360,C01,135,63,3,8,2,6,3,5,5,4,0,237,7,244,521
11,GUANAJUATO,4,LEON,20,LEON,1361,B,167,54,2,13,0,2,4,6,7,0,0,255,9,264,530
11,GUANAJUATO,4,LEON,20,LEON,1361,C01,156,51,4,6,2,5,11,4,8,13,2,266,13,279,529
11,GUANAJUATO,4,LEON,20,LEON,1362,B,141,60,7,16,5,3,6,4,7,7,0,260,10,270,637
11,GUANAJUATO,4,LEON,20,LEON,1362,C01,157,61,6,16,2,7,8,4,4,12,0,283,0,283,637
11,GUANAJUATO,4,LEON,20,LEON,1363,B,193,55,4,22,7,2,12,6,4,10,0,316,12,328,684
11,GUANAJUATO,4,LEON,20,LEON,1363,C01,182,63,1,22,2,6,12,6,4,4,0,304,7,311,684
11,GUANAJUATO,4,LEON,20,LEON,1364,B,116,46,2,20,3,5,1,3,5,8,0,217,12,229,543
11,GUANAJUATO,4,LEON,20,LEON,1364,C01,130,47,1,12,3,5,2,7,6,15,1,229,10,239,543
11,GUANAJUATO,4,LEON,20,LEON,1364,C02,102,49,2,19,3,4,1,4,9,10,0,206,8,214,543
11,GUANAJUATO,7,LEON,20,LEON,1365,B,174,68,7,13,2,16,9,9,4,12,0,317,20,337,741
11,GUANAJUATO,7,LEON,20,LEON,1365,C01,178,58,1,9,4,16,12,12,6,12,0,309,13,322,741
11,GUANAJUATO,7,LEON,20,LEON,1365,C02,206,54,5,20,2,10,7,16,6,14,0,344,13,357,740
11,GUANAJUATO,7,LEON,20,LEON,1365,C03,181,52,2,11,4,10,8,8,7,14,3,302,8,310,740
11,GUANAJUATO,7,LEON,20,LEON,1365,C04,202,61,3,11,1,5,9,4,2,11,1,315,16,331,740
11,GUANAJUATO,7,LEON,20,LEON,1365,C05,200,58,2,15,2,8,11,7,4,13,1,322,9,331,740
11,GUANAJUATO,7,LEON,20,LEON,1365,C06,177,52,6,24,3,6,10,12,3,11,0,305,9,314,740
11,GUANAJUATO,7,LEON,20,LEON,1366,B,129,46,3,14,4,3,6,4,6,3,0,218,5,223,544
11,GUANAJUATO,7,LEON,20,LEON,1366,C01,124,38,9,15,4,3,3,5,5,5,0,211,7,218,544
11,GUANAJUATO,4,LEON,20,LEON,1367,B,190,45,7,17,3,8,6,3,6,8,0,293,6,299,611
11,GUANAJUATO,4,LEON,20,LEON,1367,C01,141,0,4,0,3,6,0,3,6,8,0,248,1,249,611
11,GUANAJUATO,4,LEON,20,LEON,1367,C02,0,0,0,0,0,0,0,0,0,0,0,0,0,0,611
11,GUANAJUATO,7,LEON,20,LEON,1368,B,112,44,0,16,2,4,2,4,4,10,1,203,8,211,441
11,GUANAJUATO,7,LEON,20,LEON,1368,C01,113,0,3,0,1,3,0,6,5,1,0,198,3,201,441
11,GUANAJUATO,7,LEON,20,LEON,1369,B,108,54,1,9,0,3,4,4,5,5,0,197,8,205,511
11,GUANAJUATO,7,LEON,20,LEON,1369,C01,107,61,3,20,0,4,5,5,3,13,0,227,7,234,511
11,GUANAJUATO,7,LEON,20,LEON,1369,C02,105,38,3,9,3,10,3,16,3,1,0,192,2,194,511
11,GUANAJUATO,7,LEON,20,LEON,1370,B,209,64,3,17,6,7,9,8,2,7,0,338,16,354,748
11,GUANAJUATO,7,LEON,20,LEON,1370,C01,202,58,4,22,2,13,9,11,3,12,0,337,8,345,747
11,GUANAJUATO,7,LEON,20,LEON,1371,B,118,41,1,8,1,4,6,3,1,3,0,186,7,193,395
11,GUANAJUATO,7,LEON,20,LEON,1371,C01,87,27,5,8,1,3,4,7,2,2,0,146,5,151,394
11,GUANAJUATO,7,LEON,20,LEON,1372,B,149,82,2,18,3,2,9,2,5,10,0,285,11,296,650
11,GUANAJUATO,7,LEON,20,LEON,1372,C01,135,60,1,26,2,6,8,10,4,8,0,260,14,274,650
11,GUANAJUATO,7,LEON,20,LEON,1373,B,118,35,1,4,2,4,4,0,1,1,0,171,6,177,380
11,GUANAJUATO,7,LEON,20,LEON,1373,C01,0,0,0,0,0,0,0,0,0,0,0,0,0,0,379
11,GUANAJUATO,7,LEON,20,LEON,1374,B,101,46,3,9,2,6,5,2,3,11,0,188,7,195,443
11,GUANAJUATO,7,LEON,20,LEON,1374,C01,138,39,2,8,0,3,1,13,4,8,0,353,0,353,443
11,GUANAJUATO,7,LEON,20,LEON,1375,B,166,55,2,23,1,8,9,10,8,19,0,303,4,307,643
11,GUANAJUATO,7,LEON,20,LEON,1376,B,119,65,1,17,3,6,7,10,4,8,0,241,7,248,596
11,GUANAJUATO,7,LEON,20,LEON,1377,B,179,61,6,15,0,4,4,8,8,9,0,295,14,309,670
11,GUANAJUATO,7,LEON,20,LEON,1378,B,0,0,0,0,0,0,0,0,0,0,0,0,0,0,710
11,GUANAJUATO,7,LEON,20,LEON,1379,B,121,33,5,6,0,3,5,3,3,9,0,189,7,196,418
11,GUANAJUATO,7,LEON,20,LEON,1379,C01,107,39,2,13,1,0,4,4,1,7,0,180,8,188,417
11,GUANAJUATO,7,LEON,20,LEON,1380,B,123,46,2,8,1,0,4,2,2,7,1,198,5,203,395
11,GUANAJUATO,7,LEON,20,LEON,1381,B,116,45,0,10,0,0,5,5,2,10,0,199,6,205,465
11,GUANAJUATO,7,LEON,20,LEON,1382,B,83,68,1,22,3,3,0,6,1,5,0,199,7,206,495
11,GUANAJUATO,7,LEON,20,LEON,1382,C01,131,54,6,19,0,1,3,1,8,6,0,236,11,247,495
11,GUANAJUATO,7,LEON,20,LEON,1383,B,219,51,3,8,2,4,1,3,4,6,0,304,1,305,616
11,GUANAJUATO,7,LEON,20,LEON,1384,B,221,52,3,20,1,9,11,3,9,11,0,347,13,360,705
11,GUANAJUATO,7,LEON,20,LEON,1385,B,209,68,8,12,2,6,5,8,7,6,0,337,9,346,711
11,GUANAJUATO,7,LEON,20,LEON,1385,C01,203,57,0,13,3,5,3,4,4,9,0,303,0,303,710
11,GUANAJUATO,7,LEON,20,LEON,1386,B,107,65,6,13,1,3,4,7,4,6,0,221,7,228,431
11,GUANAJUATO,7,LEON,20,LEON,1386,C01,113,42,1,11,1,5,4,4,1,5,0,190,2,192,431
11,GUANAJUATO,7,LEON,20,LEON,1387,B,94,54,1,6,3,5,2,5,3,6,0,180,10,190,509
11,GUANAJUATO,7,LEON,20,LEON,1387,C01,126,34,1,6,4,7,4,4,2,4,0,193,4,197,509
11,GUANAJUATO,7,LEON,20,LEON,1387,C02,94,54,1,6,3,5,2,5,3,6,0,180,10,190,508
11,GUANAJUATO,7,LEON,20,LEON,1388,B,146,53,5,27,2,5,6,2,3,4,0,257,14,271,628
11,GUANAJUATO,7,LEON,20,LEON,1388,C01,120,72,3,13,4,3,5,5,6,8,0,239,19,258,627
11,GUANAJUATO,7,LEON,20,LEON,1389,B,148,40,3,17,1,2,6,7,4,14,0,244,5,249,590
11,GUANAJUATO,7,LEON,20,LEON,1389,C01,0,0,0,0,0,0,0,0,0,0,0,0,0,0,589
11,GUANAJUATO,4,LEON,20,LEON,1390,B,143,56,3,15,1,6,5,2,3,7,0,244,7,251,631
11,GUANAJUATO,4,LEON,20,LEON,1390,C01,136,41,4,12,1,1,4,3,2,12,0,219,7,226,631
11,GUANAJUATO,4,LEON,20,LEON,1390,C02,150,45,3,12,5,5,3,7,6,8,0,247,9,256,631
11,GUANAJUATO,4,LEON,20,LEON,1391,B,216,57,1,6,2,11,6,6,1,5,1,315,10,325,645
11,GUANAJUATO,4,LEON,20,LEON,1391,C01,240,54,2,5,1,12,1,9,7,9,1,344,9,353,644
11,GUANAJUATO,4,LEON,20,LEON,1391,C02,249,57,3,11,1,13,2,6,8,11,0,364,14,378,644
11,GUANAJUATO,4,LEON,20,LEON,1391,C03,240,45,1,15,3,13,6,5,9,8,0,347,13,360,644
11,GUANAJUATO,4,LEON,20,LEON,1391,C04,248,46,3,9,0,8,4,4,2,7,1,333,11,344,644
11,GUANAJUATO,4,LEON,20,LEON,1393,B,162,59,3,16,1,6,5,6,3,10,1,274,11,285,570
11,GUANAJUATO,4,LEON,20,LEON,1393,C01,137,60,2,10,5,5,6,5,1,17,1,253,6,259,569
11,GUANAJUATO,7,LEON,20,LEON,1394,B,245,48,1,11,3,4,5,9,7,16,0,351,16,367,659
11,GUANAJUATO,7,LEON,20,LEON,1394,C01,222,59,1,12,3,11,9,9,14,12,0,355,14,369,659
11,GUANAJUATO,7,LEON,20,LEON,1395,B,154,80,3,25,5,5,14,7,6,7,0,311,13,324,676
11,GUANAJUATO,7,LEON,20,LEON,1395,C01,174,68,2,18,4,7,7,4,9,8,0,301,4,305,675
11,GUANAJUATO,7,LEON,20,LEON,1396,B,138,39,2,11,3,7,11,5,4,11,0,233,13,246,638
11,GUANAJUATO,7,LEON,20,LEON,1396,C01,133,54,1,16,1,3,2,4,2,12,0,231,6,237,638
11,GUANAJUATO,7,LEON,20,LEON,1396,C02,158,55,6,18,2,3,12,7,5,10,0,276,12,288,638
11,GUANAJUATO,7,LEON,20,LEON,1397,B,158,65,0,17,3,6,6,3,4,4,0,276,8,284,662
11,GUANAJUATO,7,LEON,20,LEON,1397,C01,152,58,4,8,3,3,8,5,6,4,0,256,5,261,662
11,GUANAJUATO,7,LEON,20,LEON,1398,B,156,43,1,7,5,2,3,5,4,3,0,229,5,234,518
11,GUANAJUATO,7,LEON,20,LEON,1398,C01,159,35,0,8,3,1,12,6,5,6,0,237,4,241,518
11,GUANAJUATO,3,LEON,20,LEON,1399,B,144,31,1,8,3,8,5,8,5,7,0,223,9,232,429
11,GUANAJUATO,3,LEON,20,LEON,1400,B,224,71,3,22,0,9,5,9,7,9,0,363,26,389,715
11,GUANAJUATO,3,LEON,20,LEON,1401,B,148,68,4,7,1,1,2,1,3,9,0,249,9,258,490
11,GUANAJUATO,3,LEON,20,LEON,1402,B,141,37,3,9,1,3,4,5,3,8,0,215,12,227,407
11,GUANAJUATO,7,LEON,20,LEON,1403,B,93,53,0,6,0,2,3,6,3,4,0,170,9,179,433
11,GUANAJUATO,7,LEON,20,LEON,1404,B,149,72,5,24,3,5,6,5,5,11,0,288,13,301,747
11,GUANAJUATO,7,LEON,20,LEON,1405,B,72,66,2,11,1,2,4,4,1,4,0,173,5,178,380
11,GUANAJUATO,7,LEON,20,LEON,1405,C01,89,66,2,14,0,5,1,3,0,1,0,182,4,186,380
11,GUANAJUATO,7,LEON,20,LEON,1406,B,131,49,1,19,0,4,3,1,2,5,0,218,5,223,415
11,GUANAJUATO,7,LEON,20,LEON,1407,B,174,66,7,14,3,7,6,8,8,9,0,306,8,314,699
11,GUANAJUATO,7,LEON,20,LEON,1408,B,139,44,1,13,2,4,7,10,0,5,0,225,12,237,466
11,GUANAJUATO,7,LEON,20,LEON,1408,C01,145,40,3,3,1,7,6,2,1,3,0,211,10,221,466
11,GUANAJUATO,7,LEON,20,LEON,1409,B,139,50,3,13,3,7,7,6,3,22,0,255,10,265,593
11,GUANAJUATO,7,LEON,20,LEON,1409,C01,145,54,1,7,4,6,4,9,7,19,0,261,15,276,592
11,GUANAJUATO,7,LEON,20,LEON,1410,B,135,50,6,9,2,4,5,4,2,5,0,227,3,230,472
11,GUANAJUATO,7,LEON,20,LEON,1410,C01,100,53,1,14,3,4,6,3,3,9,0,200,5,205,471
11,GUANAJUATO,7,LEON,20,LEON,1411,B,125,43,2,15,2,5,3,7,2,5,1,215,6,221,585
11,GUANAJUATO,7,LEON,20,LEON,1411,C01,124,68,2,22,3,5,3,4,15,0,0,254,12,266,585
11,GUANAJUATO,7,LEON,20,LEON,1412,B,153,57,2,11,2,5,11,7,4,8,0,543,0,543,553
11,GUANAJUATO,7,LEON,20,LEON,1412,C01,0,0,0,0,0,0,0,0,0,0,0,0,0,0,553
11,GUANAJUATO,7,LEON,20,LEON,1413,B,128,32,2,13,3,4,3,6,9,7,0,210,7,217,492
11,GUANAJUATO,7,LEON,20,LEON,1413,C01,134,39,2,23,3,1,3,2,3,6,0,216,9,225,492
11,GUANAJUATO,7,LEON,20,LEON,1414,B,163,46,4,13,2,3,12,3,11,16,0,274,17,291,685
11,GUANAJUATO,7,LEON,20,LEON,1414,C01,175,34,1,16,2,7,16,7,4,13,0,280,7,287,684
11,GUANAJUATO,7,LEON,20,LEON,1414,C02,162,50,2,12,7,8,9,3,6,10,0,269,0,269,684
11,GUANAJUATO,7,LEON,20,LEON,1414,C03,157,49,4,14,3,7,9,6,6,9,0,266,11,277,684
11,GUANAJUATO,7,LEON,20,LEON,1415,B,209,66,0,17,1,10,11,8,3,14,0,343,14,357,710
11,GUANAJUATO,7,LEON,20,LEON,1415,C01,235,58,4,12,0,5,5,9,7,11,0,347,10,357,709
11,GUANAJUATO,7,LEON,20,LEON,1415,C02,200,50,1,14,3,16,9,7,9,12,0,325,18,343,709
11,GUANAJUATO,7,LEON,20,LEON,1416,B,139,65,2,19,5,2,4,16,3,6,0,261,4,265,521
11,GUANAJUATO,7,LEON,20,LEON,1416,C01,117,68,3,13,6,3,6,2,3,9,0,235,3,238,520
11,GUANAJUATO,7,LEON,20,LEON,1416,S01,61,23,0,7,0,2,2,2,2,2,0,103,4,107,0
11,GUANAJUATO,7,LEON,20,LEON,1417,B,117,33,0,9,2,3,6,3,5,5,0,186,3,189,390
11,GUANAJUATO,7,LEON,20,LEON,1417,C01,88,42,0,8,2,3,7,0,7,4,0,163,3,166,390
11,GUANAJUATO,7,LEON,20,LEON,1418,B,202,92,1,18,3,3,9,10,3,11,1,358,10,368,725
11,GUANAJUATO,7,LEON,20,LEON,1419,B,98,50,1,12,2,3,6,4,4,2,1,190,12,202,381
11,GUANAJUATO,7,LEON,20,LEON,1420,B,114,58,1,17,1,3,3,6,2,11,0,221,4,225,530
11,GUANAJUATO,5,LEON,20,LEON,1421,B,202,72,2,26,6,3,11,13,6,12,1,356,11,367,707
11,GUANAJUATO,5,LEON,20,LEON,1422,B,159,47,0,7,3,4,4,3,0,5,0,234,9,243,429
11,GUANAJUATO,5,LEON,20,LEON,1423,B,107,33,1,8,2,0,2,3,4,4,0,166,7,173,322
11,GUANAJUATO,3,LEON,20,LEON,1424,B,133,66,5,10,6,5,5,3,7,5,0,256,12,268,549
11,GUANAJUATO,5,LEON,20,LEON,1425,B,108,79,3,11,1,10,5,8,6,16,1,257,7,264,564
11,GUANAJUATO,5,LEON,20,LEON,1426,B,120,45,0,7,1,5,3,5,9,7,2,212,9,221,523
11,GUANAJUATO,5,LEON,20,LEON,1427,B,181,43,3,8,1,3,6,10,5,9,1,274,13,287,525
11,GUANAJUATO,5,LEON,20,LEON,1428,B,182,77,5,12,2,4,9,6,8,14,0,324,12,336,674
11,GUANAJUATO,7,LEON,20,LEON,1429,B,85,65,2,15,2,2,1,1,2,8,1,189,7,196,424
11,GUANAJUATO,7,LEON,20,LEON,1430,B,171,37,0,6,2,4,2,3,4,10,0,243,8,251,568
11,GUANAJUATO,7,LEON,20,LEON,1431,B,113,51,2,8,1,3,4,1,5,4,0,197,6,203,355
11,GUANAJUATO,7,LEON,20,LEON,1432,B,123,69,3,20,1,2,6,11,4,7,0,257,10,267,427
11,GUANAJUATO,7,LEON,20,LEON,1433,B,140,50,4,14,4,5,6,7,4,8,0,243,2,245,523
11,GUANAJUATO,7,LEON,20,LEON,1434,B,119,65,1,6,2,2,4,1,8,8,0,216,7,223,486
11,GUANAJUATO,7,LEON,20,LEON,1435,B,122,49,1,9,2,9,2,7,1,6,0,212,3,215,661
11,GUANAJUATO,7,LEON,20,LEON,1436,B,96,52,5,28,3,2,5,2,3,7,0,205,7,212,525
11,GUANAJUATO,7,LEON,20,LEON,1436,C01,116,60,4,18,2,2,5,4,5,9,0,228,7,235,525
11,GUANAJUATO,7,LEON,20,LEON,1437,B,255,54,3,12,3,14,7,10,2,12,0,374,16,390,667
11,GUANAJUATO,7,LEON,20,LEON,1437,C01,246,48,2,11,1,15,2,8,6,10,0,349,25,374,666
11,GUANAJUATO,7,LEON,20,LEON,1438,B,123,29,2,10,5,4,3,2,1,10,0,193,12,205,531
11,GUANAJUATO,7,LEON,20,LEON,1438,C01,112,52,1,15,8,2,1,1,3,8,0,203,11,214,531
11,GUANAJUATO,7,LEON,20,LEON,1438,C02,135,34,7,23,6,3,1,4,1,0,0,216,4,220,531
11,GUANAJUATO,7,LEON,20,LEON,1439,B,190,60,0,12,1,15,4,6,5,9,0,302,11,313,509
11,GUANAJUATO,7,LEON,20,LEON,1439,C01,197,40,0,16,2,9,3,4,3,8,2,284,11,295,509
11,GUANAJUATO,7,LEON,20,LEON,1440,B,133,46,3,8,1,9,6,4,3,9,0,223,12,235,424
11,GUANAJUATO,7,LEON,20,LEON,1440,C01,159,45,1,6,1,3,4,5,3,5,0,232,0,232,423
11,GUANAJUATO,7,LEON,20,LEON,1441,B,105,35,4,3,0,3,2,3,6,10,0,171,4,175,360
11,GUANAJUATO,7,LEON,20,LEON,1442,B,87,53,3,11,1,0,2,1,6,8,0,179,0,179,444
11,GUANAJUATO,7,LEON,20,LEON,1443,B,127,81,2,15,0,4,2,4,4,8,0,248,5,253,478
11,GUANAJUATO,5,LEON,20,LEON,1444,B,113,51,2,11,1,7,8,4,3,8,0,209,3,212,385
11,GUANAJUATO,5,LEON,20,LEON,1445,B,64,41,1,5,7,2,2,8,6,7,0,143,1,144,270
11,GUANAJUATO,5,LEON,20,LEON,1446,B,157,53,0,6,2,7,5,2,3,6,0,246,8,254,473
11,GUANAJUATO,5,LEON,20,LEON,1447,B,140,51,0,10,1,8,3,10,9,7,0,243,8,251,496
11,GUANAJUATO,5,LEON,20,LEON,1448,B,140,79,1,5,3,6,4,5,1,9,0,255,13,268,492
11,GUANAJUATO,7,LEON,20,LEON,1449,B,79,48,1,13,3,4,3,11,3,4,0,174,4,178,435
11,GUANAJUATO,7,LEON,20,LEON,1450,B,204,57,3,11,2,9,8,7,9,15,1,327,15,342,675
11,GUANAJUATO,7,LEON,20,LEON,1450,C01,189,51,3,6,2,13,5,4,3,9,0,285,6,291,675
11,GUANAJUATO,7,LEON,20,LEON,1450,C02,174,57,3,21,5,13,8,5,6,15,0,311,13,324,675
11,GUANAJUATO,7,LEON,20,LEON,1450,C03,201,55,5,9,3,4,6,8,6,6,0,305,19,324,675
11,GUANAJUATO,7,LEON,20,LEON,1451,B,0,0,0,0,0,0,0,0,0,0,0,0,0,0,660
11,GUANAJUATO,7,LEON,20,LEON,1451,C01,161,72,5,12,5,4,6,5,7,6,1,291,6,297,659
11,GUANAJUATO,7,LEON,20,LEON,1452,B,0,0,0,0,0,0,0,0,0,0,0,0,0,0,628
11,GUANAJUATO,7,LEON,20,LEON,1452,C01,141,54,2,20,1,1,4,4,7,14,0,252,9,261,628
11,GUANAJUATO,7,LEON,20,LEON,1453,B,0,0,0,0,0,0,0,0,0,0,0,0,0,0,666
11,GUANAJUATO,7,LEON,20,LEON,1453,C01,209,64,0,26,3,9,10,8,6,13,0,350,13,363,665
11,GUANAJUATO,7,LEON,20,LEON,1453,S01,0,0,0,0,0,0,0,0,0,0,0,0,0,0,0
11,GUANAJUATO,5,LEON,20,LEON,1454,B,129,27,0,16,0,9,2,2,1,3,0,193,5,198,385
11,GUANAJUATO,5,LEON,20,LEON,1455,B,104,44,3,10,1,6,7,12,4,4,0,202,9,211,390
11,GUANAJUATO,5,LEON,20,LEON,1456,B,191,58,3,17,5,18,4,9,2,14,0,325,10,335,568
11,GUANAJUATO,5,LEON,20,LEON,1457,B,97,19,4,11,1,8,2,2,9,4,0,161,10,171,320
11,GUANAJUATO,5,LEON,20,LEON,1458,B,81,34,0,6,0,1,1,6,1,8,0,139,7,146,339
11,GUANAJUATO,5,LEON,20,LEON,1459,B,172,72,3,8,5,4,7,4,4,6,1,289,9,298,627
11,GUANAJUATO,5,LEON,20,LEON,1460,B,186,50,5,9,1,4,4,1,2,8,1,273,9,282,557
11,GUANAJUATO,5,LEON,20,LEON,1461,B,160,63,2,7,0,9,1,1,3,6,0,255,9,264,454
11,GUANAJUATO,5,LEON,20,LEON,1461,C01,143,48,3,8,4,7,1,4,4,5,0,230,6,236,453
11,GUANAJUATO,5,LEON,20,LEON,1462,B,137,32,2,11,1,12,7,5,6,1,0,216,9,225,443
11,GUANAJUATO,6,LEON,20,LEON,1463,B,173,69,0,11,0,5,7,13,4,5,1,292,16,308,666
11,GUANAJUATO,5,LEON,20,LEON,1464,B,160,53,3,18,1,4,9,7,6,8,0,270,12,282,666
11,GUANAJUATO,5,LEON,20,LEON,1465,B,91,62,2,8,0,3,5,3,2,5,0,183,5,188,538
11,GUANAJUATO,5,LEON,20,LEON,1465,C01,91,49,1,8,0,4,7,9,3,6,0,179,2,181,537
11,GUANAJUATO,5,LEON,20,LEON,1466,B,174,67,1,11,1,4,3,2,2,16,0,285,10,295,624
11,GUANAJUATO,5,LEON,20,LEON,1467,B,134,39,0,7,0,2,4,2,2,3,0,197,5,202,389
11,GUANAJUATO,5,LEON,20,LEON,1467,C01,133,57,1,6,0,2,3,3,1,9,0,218,6,224,389
11,GUANAJUATO,5,LEON,20,LEON,1468,B,95,70,6,28,2,5,5,4,1,7,0,231,6,237,585
11,GUANAJUATO,5,LEON,20,LEON,1468,C01,117,69,0,25,2,2,3,5,3,9,0,240,5,245,585
11,GUANAJUATO,5,LEON,20,LEON,1468,C02,0,0,0,0,0,0,0,0,0,0,0,0,0,0,584
11,GUANAJUATO,5,LEON,20,LEON,1469,B,71,41,1,8,0,2,1,1,0,1,0,130,3,133,387
11,GUANAJUATO,5,LEON,20,LEON,1469,C01,69,26,1,13,0,2,5,3,0,1,0,121,6,127,386
11,GUANAJUATO,4,LEON,20,LEON,1470,B,0,0,0,0,0,0,0,0,0,0,0,0,0,0,186
11,GUANAJUATO,3,LEON,20,LEON,1471,B,45,22,0,2,0,2,2,2,1,2,0,79,4,83,126
11,GUANAJUATO,4,LEON,20,LEON,1472,B,129,35,0,5,1,1,1,0,1,0,0,174,7,181,311
11,GUANAJUATO,4,LEON,20,LEON,1472,E01,38,16,0,3,0,0,0,1,0,0,0,58,2,60,96
11,GUANAJUATO,3,LEON,20,LEON,1473,B,249,81,0,15,2,2,1,1,1,4,7,371,6,377,726
11,GUANAJUATO,3,LEON,20,LEON,1473,C01,187,128,3,18,1,1,0,1,4,1,0,359,15,374,725
11,GUANAJUATO,4,LEON,20,LEON,1474,B,81,64,2,12,4,0,0,0,1,1,0,165,7,172,383
11,GUANAJUATO,4,LEON,20,LEON,1474,C01,69,56,3,13,2,1,3,1,1,3,0,152,5,157,382
11,GUANAJUATO,4,LEON,20,LEON,1475,B,112,131,0,11,1,5,2,1,1,2,0,273,2,275,455
11,GUANAJUATO,4,LEON,20,LEON,1476,B,83,79,2,5,0,0,1,2,1,0,0,174,0,174,328
11,GUANAJUATO,5,LEON,20,LEON,1477,B,144,50,2,23,2,9,5,7,8,5,0,258,5,263,712
11,GUANAJUATO,5,LEON,20,LEON,1477,C01,131,41,5,19,3,7,6,2,6,13,0,235,12,247,712
11,GUANAJUATO,5,LEON,20,LEON,1477,C02,123,57,2,27,4,0,5,3,8,11,0,240,7,247,712
11,GUANAJUATO,5,LEON,20,LEON,1477,C03,129,50,5,24,4,9,10,8,5,7,0,254,11,265,712
11,GUANAJUATO,5,LEON,20,LEON,1477,C04,126,41,6,14,0,6,7,7,7,9,0,228,8,236,711
11,GUANAJUATO,5,LEON,20,LEON,1477,C05,128,53,4,24,2,8,10,4,5,13,0,255,9,264,711
11,GUANAJUATO,5,LEON,20,LEON,1477,C06,141,43,4,21,4,4,7,8,3,7,0,247,5,252,711
11,GUANAJUATO,5,LEON,20,LEON,1477,C07,138,48,2,22,0,11,5,7,5,9,0,252,11,263,711
11,GUANAJUATO,5,LEON,20,LEON,1477,C08,131,48,3,17,0,4,11,6,6,7,0,238,8,246,711
11,GUANAJUATO,5,LEON,20,LEON,1477,C09,127,42,0,17,2,6,5,2,4,6,0,214,7,221,711
11,GUANAJUATO,5,LEON,20,LEON,1477,C10,155,52,5,20,2,8,5,9,3,13,0,277,9,286,711
11,GUANAJUATO,5,LEON,20,LEON,1477,C11,129,52,3,27,3,10,8,3,7,8,0,253,11,264,711
11,GUANAJUATO,5,LEON,20,LEON,1477,E01,92,36,2,14,1,6,4,2,4,4,0,169,2,171,685
11,GUANAJUATO,5,LEON,20,LEON,1477,E01C01,107,37,4,12,0,3,7,5,3,3,1,185,5,190,685
11,GUANAJUATO,5,LEON,20,LEON,1477,E01C02,80,36,0,13,3,1,2,6,3,5,0,153,3,156,684
11,GUANAJUATO,5,LEON,20,LEON,1477,E01C03,90,35,2,13,0,5,3,3,2,7,0,163,2,165,684
11,GUANAJUATO,5,LEON,20,LEON,1477,E01C04,112,26,2,10,0,2,4,2,3,8,0,170,3,173,684
11,GUANAJUATO,5,LEON,20,LEON,1477,E01C05,81,39,2,15,0,5,9,3,3,3,1,162,2,164,684
11,GUANAJUATO,5,LEON,20,LEON,1477,E01C06,101,36,3,12,2,2,3,3,2,1,0,166,7,173,684
11,GUANAJUATO,3,LEON,20,LEON,1478,B,261,51,3,13,4,7,3,12,0,9,0,369,0,369,692
11,GUANAJUATO,4,LEON,20,LEON,1479,B,0,0,0,0,0,0,0,0,0,0,0,0,0,0,586
11,GUANAJUATO,4,LEON,20,LEON,1479,C01,108,66,1,18,5,2,0,4,0,2,0,208,0,208,586
11,GUANAJUATO,4,LEON,20,LEON,1479,C02,106,90,2,19,3,0,1,2,4,2,0,240,3,243,585
11,GUANAJUATO,4,LEON,20,LEON,1480,B,0,0,0,0,0,0,0,0,0,0,0,0,0,0,675
11,GUANAJUATO,4,LEON,20,LEON,1480,C01,164,95,1,19,3,4,8,2,6,23,0,333,16,349,675
11,GUANAJUATO,4,LEON,20,LEON,1480,C02,155,92,2,21,5,2,1,1,2,5,0,294,11,305,674
11,GUANAJUATO,4,LEON,20,LEON,1481,B,0,0,0,0,0,0,0,0,0,0,0,0,0,0,596
11,GUANAJUATO,4,LEON,20,LEON,1481,C01,159,39,3,20,2,12,12,11,6,12,2,278,10,288,596
11,GUANAJUATO,4,LEON,20,LEON,1481,C02,143,59,2,18,2,5,10,5,2,11,0,261,10,271,596
11,GUANAJUATO,4,LEON,20,LEON,1481,C03,163,42,5,13,3,5,12,10,6,8,0,270,10,280,595
11,GUANAJUATO,4,LEON,20,LEON,1481,E01,91,124,4,21,6,1,6,2,1,1,0,267,6,273,550
11,GUANAJUATO,4,LEON,20,LEON,1482,B,0,0,0,0,0,0,0,0,0,0,0,0,0,0,637
11,GUANAJUATO,4,LEON,20,LEON,1482,E01,29,32,1,6,0,0,1,0,0,0,0,71,6,77,92
11,GUANAJUATO,5,LEON,20,LEON,1483,B,102,31,2,11,1,4,3,2,3,10,0,178,11,189,632
11,GUANAJUATO,5,LEON,20,LEON,1483,C01,102,26,2,20,0,4,3,4,4,4,0,173,0,173,632
11,GUANAJUATO,5,LEON,20,LEON,1483,C02,95,38,0,12,1,4,6,2,3,3,0,165,4,169,631
11,GUANAJUATO,5,LEON,20,LEON,1483,C03,110,34,2,17,1,6,3,3,5,6,0,197,2,199,631
11,GUANAJUATO,5,LEON,20,LEON,1483,C04,111,29,0,1,17,3,2,1,2,7,0,175,6,181,631
11,GUANAJUATO,5,LEON,20,LEON,1483,C05,113,41,0,14,2,1,3,5,1,0,0,183,9,192,631
11,GUANAJUATO,5,LEON,20,LEON,1484,B,73,48,8,20,1,3,3,5,7,7,0,181,7,188,719
11,GUANAJUATO,5,LEON,20,LEON,1484,C01,77,41,5,22,1,7,4,3,2,5,0,169,7,176,719
11,GUANAJUATO,5,LEON,20,LEON,1484,E01,36,8,1,0,0,0,1,0,0,0,0,47,2,49,117
11,GUANAJUATO,4,LEON,20,LEON,1485,B,89,86,2,1,2,5,8,4,1,4,0,202,4,206,655
11,GUANAJUATO,4,LEON,20,LEON,1485,C01,90,71,1,12,1,6,3,3,2,5,0,197,3,200,655
11,GUANAJUATO,4,LEON,20,LEON,1485,C02,97,62,3,20,4,3,3,3,2,6,1,213,4,217,655
11,GUANAJUATO,4,LEON,20,LEON,1485,C03,95,69,3,11,1,1,3,6,6,4,0,202,6,208,654
11,GUANAJUATO,4,LEON,20,LEON,1486,B,56,58,0,6,1,2,1,1,0,2,0,322,2,324,384
11,GUANAJUATO,4,LEON,20,LEON,1486,C01,69,46,5,15,2,3,6,0,0,2,0,149,5,154,383
11,GUANAJUATO,4,LEON,20,LEON,1487,B,101,60,3,21,2,2,3,2,2,7,0,207,11,218,608
11,GUANAJUATO,4,LEON,20,LEON,1487,C01,78,71,2,13,5,3,1,5,6,1,0,189,9,198,608
11,GUANAJUATO,4,LEON,20,LEON,1487,C02,89,48,1,19,2,7,2,3,5,1,0,182,0,182,607
11,GUANAJUATO,4,LEON,20,LEON,1487,C03,84,75,6,10,4,3,4,3,4,10,0,211,3,214,607
11,GUANAJUATO,4,LEON,20,LEON,1487,C04,85,71,3,25,3,5,2,5,0,0,0,210,0,210,607
11,GUANAJUATO,4,LEON,20,LEON,1488,B,67,61,7,19,1,4,5,4,2,2,6,184,3,187,571
11,GUANAJUATO,4,LEON,20,LEON,1488,C01,60,57,1,11,1,1,10,1,1,1,0,149,2,151,571
11,GUANAJUATO,4,LEON,20,LEON,1489,B,98,74,1,14,0,7,6,1,2,1,0,212,5,217,662
11,GUANAJUATO,4,LEON,20,LEON,1489,C01,105,76,7,17,2,2,4,3,2,5,0,230,9,239,662
11,GUANAJUATO,4,LEON,20,LEON,1489,C02,0,0,0,0,0,0,0,0,0,0,0,0,0,0,662
11,GUANAJUATO,4,LEON,20,LEON,1489,C03,104,72,6,15,2,1,2,0,4,5,0,221,2,223,661
11,GUANAJUATO,4,LEON,20,LEON,1489,C04,102,68,6,17,2,0,5,1,3,2,0,218,4,222,661
11,GUANAJUATO,4,LEON,20,LEON,1489,C05,94,77,5,16,2,3,3,3,5,0,0,213,5,218,661
11,GUANAJUATO,4,LEON,20,LEON,1489,C06,108,79,2,11,3,3,5,4,3,4,0,231,4,235,661
11,GUANAJUATO,5,LEON,20,LEON,1490,B,105,39,1,16,1,9,6,3,2,9,0,194,2,196,677
11,GUANAJUATO,5,LEON,20,LEON,1490,C01,90,37,2,18,1,9,8,4,3,7,0,182,4,186,677
11,GUANAJUATO,5,LEON,20,LEON,1490,C02,86,37,4,14,2,3,5,3,2,4,1,164,3,167,677
11,GUANAJUATO,5,LEON,20,LEON,1490,C03,85,55,2,16,0,6,2,6,3,5,0,185,4,189,677
11,GUANAJUATO,5,LEON,20,LEON,1490,C04,94,53,0,15,0,2,3,2,2,2,0,180,10,190,677
11,GUANAJUATO,5,LEON,20,LEON,1490,C05,91,57,4,14,2,7,2,4,3,7,0,194,3,197,677
11,GUANAJUATO,5,LEON,20,LEON,1490,C06,85,69,1,31,0,4,2,2,2,8,0,204,12,216,677
11,GUANAJUATO,5,LEON,20,LEON,1490,C07,98,40,5,10,0,6,6,5,1,7,0,182,5,187,677
11,GUANAJUATO,5,LEON,20,LEON,1490,C08,97,39,2,7,0,1,6,4,2,5,0,163,3,166,677
11,GUANAJUATO,5,LEON,20,LEON,1490,C09,80,45,3,18,1,6,5,3,2,9,0,172,3,175,676
11,GUANAJUATO,5,LEON,20,LEON,1490,E01,127,34,2,12,0,7,5,9,3,8,5,215,3,218,637
11,GUANAJUATO,5,LEON,20,LEON,1490,E01C01,133,36,4,8,3,0,8,2,3,8,1,206,4,210,637
11,GUANAJUATO,5,LEON,20,LEON,1490,E01C02,125,33,2,22,1,9,5,4,4,10,0,218,4,222,637
11,GUANAJUATO,5,LEON,20,LEON,1490,E01C03,113,41,2,23,1,5,5,7,0,7,0,207,6,213,637
11,GUANAJUATO,5,LEON,20,LEON,1490,E01C04,106,31,2,15,0,5,2,3,2,5,0,175,6,181,637
11,GUANAJUATO,5,LEON,20,LEON,1490,E01C05,119,34,0,14,0,5,3,8,6,10,0,199,6,205,637
11,GUANAJUATO,5,LEON,20,LEON,1491,B,82,87,1,23,1,4,9,4,5,7,0,227,9,236,630
11,GUANAJUATO,5,LEON,20,LEON,1491,C01,96,45,0,20,2,5,1,4,6,6,0,185,0,185,630
11,GUANAJUATO,5,LEON,20,LEON,1491,C02,61,71,2,21,2,4,5,2,3,8,0,188,8,196,630
11,GUANAJUATO,5,LEON,20,LEON,1491,C03,68,58,2,21,1,5,5,2,6,9,0,182,3,185,630
11,GUANAJUATO,5,LEON,20,LEON,1491,C04,85,56,2,26,1,5,3,5,3,5,0,198,5,203,630
11,GUANAJUATO,5,LEON,20,LEON,1491,C05,77,60,3,23,1,2,1,6,7,5,0,185,8,193,629
11,GUANAJUATO,5,LEON,20,LEON,1492,B,91,67,3,30,6,4,7,6,5,12,0,237,6,243,750
11,GUANAJUATO,5,LEON,20,LEON,1492,C01,110,62,2,22,5,5,5,6,3,6,0,230,10,240,750
11,GUANAJUATO,5,LEON,20,LEON,1492,C02,109,55,0,27,4,7,4,4,5,6,0,226,5,231,750
11,GUANAJUATO,5,LEON,20,LEON,1492,C03,91,70,6,21,3,5,3,3,6,5,0,219,7,226,749
11,GUANAJUATO,5,LEON,20,LEON,1492,C04,130,51,4,25,3,7,4,5,9,7,0,249,5,254,749
11,GUANAJUATO,5,LEON,20,LEON,1493,B,93,48,2,28,2,3,7,1,5,7,0,197,5,202,735
11,GUANAJUATO,5,LEON,20,LEON,1493,C01,91,46,7,20,2,4,7,5,7,5,0,197,2,199,735
11,GUANAJUATO,5,LEON,20,LEON,1493,C02,104,52,2,23,2,7,4,6,1,12,0,214,0,214,735
11,GUANAJUATO,5,LEON,20,LEON,1493,C03,97,47,1,22,1,4,4,9,1,4,0,196,8,204,735
11,GUANAJUATO,5,LEON,20,LEON,1493,E01,63,49,1,25,1,8,4,3,6,8,0,170,6,176,513
11,GUANAJUATO,5,LEON,20,LEON,1493,E01C01,48,45,0,17,0,5,5,5,0,3,0,133,5,138,512
11,GUANAJUATO,5,LEON,20,LEON,1493,E01C02,78,45,2,21,1,2,6,4,3,10,0,178,8,186,512
11,GUANAJUATO,5,LEON,20,LEON,1494,B,85,2,0,0,0,6,2,1,2,7,0,188,0,188,684
11,GUANAJUATO,5,LEON,20,LEON,1494,C01,86,48,3,17,2,4,2,0,5,6,0,185,0,185,684
11,GUANAJUATO,5,LEON,20,LEON,1494,C02,78,57,2,25,0,4,3,3,4,5,0,181,13,194,683
11,GUANAJUATO,5,LEON,20,LEON,1494,C03,90,50,2,24,0,2,0,4,2,1,0,183,10,193,683
11,GUANAJUATO,5,LEON,20,LEON,1494,C04,85,63,3,27,2,7,8,5,5,6,0,217,8,225,683
11,GUANAJUATO,5,LEON,20,LEON,1494,C05,101,70,1,19,1,3,5,1,4,4,0,218,6,224,683
11,GUANAJUATO,5,LEON,20,LEON,1494,C06,67,55,4,19,5,4,3,2,2,5,0,173,9,182,683
11,GUANAJUATO,5,LEON,20,LEON,1494,C07,93,77,2,22,1,0,5,4,2,3,0,223,0,223,683
11,GUANAJUATO,5,LEON,20,LEON,1494,C08,90,58,5,26,1,2,0,6,3,4,0,204,0,204,683
11,GUANAJUATO,5,LEON,20,LEON,1494,C09,133,47,3,27,1,7,4,2,5,3,0,242,4,246,683
11,GUANAJUATO,5,LEON,20,LEON,1494,C10,82,79,1,23,1,4,1,5,2,5,0,204,7,211,683
11,GUANAJUATO,4,LEON,20,LEON,1495,B,118,58,4,15,2,2,6,3,5,3,0,219,7,226,703
11,GUANAJUATO,4,LEON,20,LEON,1495,C01,127,41,6,14,4,2,4,6,6,2,0,216,4,220,703
11,GUANAJUATO,4,LEON,20,LEON,1495,C02,148,39,3,18,3,3,1,4,8,5,0,235,3,238,703
11,GUANAJUATO,4,LEON,20,LEON,1495,C03,152,39,3,10,0,5,6,2,7,4,0,229,3,232,703
11,GUANAJUATO,4,LEON,20,LEON,1495,C04,131,47,0,18,3,8,2,7,4,12,6,239,6,245,703
11,GUANAJUATO,4,LEON,20,LEON,1495,C05,135,41,3,13,4,3,4,1,2,7,0,218,10,228,703
11,GUANAJUATO,4,LEON,20,LEON,1495,C06,0,0,0,0,0,0,0,0,0,0,0,0,0,0,703
11,GUANAJUATO,4,LEON,20,LEON,1495,C07,160,45,2,15,2,4,3,4,4,4,0,243,9,252,702
11,GUANAJUATO,4,LEON,20,LEON,1497,B,103,151,9,16,3,2,2,1,4,0,0,293,2,295,669
11,GUANAJUATO,4,LEON,20,LEON,1497,C01,95,115,9,12,1,1,1,1,1,5,0,245,5,250,668
11,GUANAJUATO,4,LEON,20,LEON,1497,C02,0,0,0,0,0,0,0,0,0,0,0,0,0,0,668
11,GUANAJUATO,4,LEON,20,LEON,1498,B,101,86,4,7,1,2,1,0,0,1,0,205,4,209,473
11,GUANAJUATO,4,LEON,20,LEON,1498,C01,121,86,1,9,3,1,1,0,1,2,0,225,7,232,472
11,GUANAJUATO,4,LEON,20,LEON,1499,B,174,131,3,0,1,0,2,2,0,4,0,353,9,362,627
11,GUANAJUATO,4,LEON,20,LEON,1499,C01,187,84,1,8,1,0,4,0,0,1,0,286,9,295,626
11,GUANAJUATO,5,LEON,20,LEON,1501,B,78,62,1,38,2,6,3,8,3,8,0,211,13,224,641
11,GUANAJUATO,5,LEON,20,LEON,1501,C01,93,42,4,41,1,6,4,9,4,11,0,220,7,227,640
11,GUANAJUATO,5,LEON,20,LEON,1501,C02,95,47,3,38,2,1,5,4,2,12,0,209,10,219,640
11,GUANAJUATO,5,LEON,20,LEON,1501,C03,106,50,0,40,2,6,4,5,4,9,0,229,5,234,640
11,GUANAJUATO,5,LEON,20,LEON,1501,C04,74,44,5,32,4,2,3,6,4,4,0,188,4,192,640
11,GUANAJUATO,5,LEON,20,LEON,1502,B,91,52,1,24,2,3,5,8,2,4,0,198,7,205,659
11,GUANAJUATO,5,LEON,20,LEON,1502,C01,67,40,2,22,0,7,7,4,3,7,0,163,4,167,659
11,GUANAJUATO,5,LEON,20,LEON,1502,C02,93,41,3,31,2,3,2,5,6,6,0,195,7,202,659
11,GUANAJUATO,5,LEON,20,LEON,1502,C03,73,46,1,34,2,2,5,2,3,4,0,172,8,180,659
11,GUANAJUATO,5,LEON,20,LEON,1502,C04,83,35,1,31,2,5,3,3,0,3,0,172,9,181,659
11,GUANAJUATO,5,LEON,20,LEON,1502,C05,73,43,1,33,4,5,3,6,1,3,0,178,5,183,659
11,GUANAJUATO,5,LEON,20,LEON,1502,C06,75,31,1,28,1,1,2,5,3,8,0,164,10,174,659
11,GUANAJUATO,4,LEON,20,LEON,1503,B,0,0,0,0,0,0,0,0,0,0,0,0,0,0,586
11,GUANAJUATO,4,LEON,20,LEON,1504,B,105,107,9,13,2,1,7,3,2,0,0,254,16,270,714
11,GUANAJUATO,4,LEON,20,LEON,1504,C01,84,114,13,13,2,1,1,3,3,1,0,242,9,251,714
11,GUANAJUATO,4,LEON,20,LEON,1504,C02,79,109,10,5,2,7,2,2,4,1,0,225,15,240,714
11,GUANAJUATO,4,LEON,20,LEON,1504,C03,103,128,5,9,1,1,3,0,2,3,0,258,15,273,713
11,GUANAJUATO,4,LEON,20,LEON,1505,B,82,92,6,7,3,1,5,0,2,3,0,209,2,211,556
11,GUANAJUATO,4,LEON,20,LEON,1505,C01,63,106,5,10,5,4,2,1,3,1,0,200,18,218,556
11,GUANAJUATO,4,LEON,20,LEON,1506,B,0,0,0,0,0,0,0,0,0,0,0,0,0,0,611
11,GUANAJUATO,4,LEON,20,LEON,1506,C01,59,118,1,10,1,3,1,0,4,0,0,197,9,206,610
11,GUANAJUATO,4,LEON,20,LEON,1506,C02,68,110,3,9,4,5,1,0,1,1,2,213,11,224,610
11,GUANAJUATO,5,LEON,20,LEON,1507,B,137,22,0,8,1,2,4,2,1,2,4,183,4,187,453
11,GUANAJUATO,5,LEON,20,LEON,1507,C01,150,27,0,8,0,1,0,3,0,2,0,191,2,193,452
11,GUANAJUATO,4,LEON,20,LEON,1508,B,0,0,0,0,0,0,0,0,0,0,0,0,0,0,512
11,GUANAJUATO,4,LEON,20,LEON,1508,C01,60,99,4,15,60,7,0,2,3,0,0,260,7,267,512
11,GUANAJUATO,4,LEON,20,LEON,1508,C02,46,88,3,13,1,4,4,3,2,1,0,170,4,174,512
11,GUANAJUATO,4,LEON,20,LEON,1509,B,103,150,6,12,1,1,0,6,2,2,0,286,12,298,627
11,GUANAJUATO,4,LEON,20,LEON,1509,C01,82,98,3,15,1,1,0,0,2,0,0,211,2,213,627
11,GUANAJUATO,4,LEON,20,LEON,1509,C02,76,90,6,9,0,2,0,2,2,1,2,195,7,202,627
11,GUANAJUATO,4,LEON,20,LEON,1509,C03,0,0,0,0,0,0,0,0,0,0,0,0,0,0,627
11,GUANAJUATO,4,LEON,20,LEON,1510,B,84,106,2,14,0,2,6,10,4,4,0,239,8,247,711
11,GUANAJUATO,4,LEON,20,LEON,1510,C01,101,83,7,20,0,5,2,4,4,4,0,230,3,233,711
11,GUANAJUATO,4,LEON,20,LEON,1510,C02,92,93,2,12,7,10,3,0,5,6,0,231,12,243,711
11,GUANAJUATO,4,LEON,20,LEON,1510,C03,112,103,1,9,4,1,4,2,2,2,0,240,0,240,710
11,GUANAJUATO,5,LEON,20,LEON,1511,B,0,0,0,0,0,0,0,0,0,0,0,0,0,0,604
11,GUANAJUATO,5,LEON,20,LEON,1511,C01,174,25,3,1,1,1,1,2,3,3,0,214,5,219,603
11,GUANAJUATO,4,LEON,20,LEON,1512,B,84,91,1,11,1,4,1,0,6,0,0,209,13,222,625
11,GUANAJUATO,4,LEON,20,LEON,1512,C01,82,121,1,7,1,1,1,0,2,3,0,228,3,231,625
11,GUANAJUATO,4,LEON,20,LEON,1513,B,113,66,4,7,2,4,4,8,6,5,0,219,11,230,536
11,GUANAJUATO,4,LEON,20,LEON,1513,C01,106,66,3,11,0,6,5,5,1,6,0,212,13,225,535
11,GUANAJUATO,5,LEON,20,LEON,1514,B,171,64,1,15,0,10,3,2,4,4,0,275,11,286,500
11,GUANAJUATO,5,LEON,20,LEON,1515,B,276,69,1,6,6,11,2,7,4,2,3,389,14,403,661
11,GUANAJUATO,7,LEON,20,LEON,1516,B,193,45,0,10,0,7,3,5,7,2,0,273,10,283,442
11,GUANAJUATO,7,LEON,20,LEON,1516,C01,207,39,0,13,3,6,1,0,4,3,1,279,12,291,441
11,GUANAJUATO,7,LEON,20,LEON,1517,B,195,67,2,10,1,7,6,4,1,4,0,297,9,306,457
11,GUANAJUATO,7,LEON,20,LEON,1517,C01,236,50,1,5,1,4,1,2,6,5,1,313,4,317,457
11,GUANAJUATO,7,LEON,20,LEON,1518,B,216,75,4,20,1,5,7,6,4,6,0,349,15,364,708
11,GUANAJUATO,7,LEON,20,LEON,1518,C01,194,53,4,22,2,8,5,4,4,7,0,304,7,311,708
11,GUANAJUATO,7,LEON,20,LEON,1518,S01,61,21,2,4,3,5,2,1,2,5,0,107,1,108,0
11,GUANAJUATO,6,LEON,20,LEON,1519,B,184,28,1,9,0,8,1,1,1,4,0,239,7,246,408
11,GUANAJUATO,6,LEON,20,LEON,1519,C01,190,30,3,10,0,9,2,2,1,1,1,250,7,257,408
11,GUANAJUATO,6,LEON,20,LEON,1520,B,190,60,1,9,0,6,2,5,2,2,1,281,12,293,439
11,GUANAJUATO,5,LEON,20,LEON,1521,B,196,61,4,10,2,6,3,13,4,9,2,312,6,318,497
11,GUANAJUATO,6,LEON,20,LEON,1522,B,85,37,0,9,2,3,3,2,2,8,0,152,6,158,386
11,GUANAJUATO,6,LEON,20,LEON,1522,C01,107,57,1,14,2,3,1,6,4,4,2,202,4,206,386
11,GUANAJUATO,6,LEON,20,LEON,1523,B,184,81,2,31,3,9,7,12,9,11,1,355,13,368,700
11,GUANAJUATO,6,LEON,20,LEON,1524,B,231,72,4,34,0,9,9,7,8,11,0,385,10,395,684
11,GUANAJUATO,6,LEON,20,LEON,1525,B,132,42,2,8,2,7,4,5,2,4,0,210,8,218,396
11,GUANAJUATO,6,LEON,20,LEON,1525,C01,93,61,0,16,2,1,8,2,7,8,1,203,11,214,396
11,GUANAJUATO,6,LEON,20,LEON,1526,B,149,35,5,11,1,4,3,4,4,5,2,224,9,233,476
11,GUANAJUATO,6,LEON,20,LEON,1526,C01,160,48,1,12,1,6,6,8,2,8,0,254,10,264,475
11,GUANAJUATO,6,LEON,20,LEON,1527,B,254,53,2,10,2,10,5,1,7,7,0,358,10,368,603
11,GUANAJUATO,6,LEON,20,LEON,1528,B,304,51,1,8,0,12,7,4,7,3,0,400,20,420,684
11,GUANAJUATO,6,LEON,20,LEON,1529,B,171,48,1,17,3,6,1,5,6,4,1,264,17,281,448
11,GUANAJUATO,6,LEON,20,LEON,1529,C01,158,51,1,8,1,5,1,5,3,3,2,240,14,254,448
11,GUANAJUATO,6,LEON,20,LEON,1530,B,190,39,3,13,4,3,4,3,4,6,1,274,10,284,606
11,GUANAJUATO,6,LEON,20,LEON,1530,C01,167,29,1,24,1,1,5,3,10,8,0,253,10,263,606
11,GUANAJUATO,7,LEON,20,LEON,1531,B,163,46,6,13,0,13,8,17,10,8,1,289,5,294,557
11,GUANAJUATO,7,LEON,20,LEON,1531,C01,159,45,5,17,6,9,13,11,7,4,2,281,11,292,556
11,GUANAJUATO,7,LEON,20,LEON,1532,B,226,52,3,14,3,10,2,12,5,13,0,347,16,363,702
11,GUANAJUATO,7,LEON,20,LEON,1532,C01,215,72,3,12,4,6,5,7,3,15,0,342,1,343,701
11,GUANAJUATO,7,LEON,20,LEON,1533,B,157,56,4,15,1,8,4,9,5,5,0,268,13,281,533
11,GUANAJUATO,7,LEON,20,LEON,1533,C01,163,55,1,18,2,6,6,3,4,5,0,265,13,278,533
11,GUANAJUATO,6,LEON,20,LEON,1534,B,161,52,3,10,2,5,2,2,3,4,0,246,8,254,454
11,GUANAJUATO,6,LEON,20,LEON,1534,C01,171,46,7,15,0,6,6,2,2,9,1,270,14,284,454
11,GUANAJUATO,6,LEON,20,LEON,1535,B,158,45,1,8,0,17,6,7,5,6,0,255,12,267,423
11,GUANAJUATO,6,LEON,20,LEON,1535,C01,148,52,3,14,1,6,4,5,3,5,0,244,10,254,422
11,GUANAJUATO,6,LEON,20,LEON,1536,B,202,85,2,41,2,6,15,9,2,10,0,380,12,392,723
11,GUANAJUATO,6,LEON,20,LEON,1537,B,173,45,1,10,0,4,10,8,10,3,0,264,16,280,568
11,GUANAJUATO,6,LEON,20,LEON,1537,C01,151,52,2,9,4,4,6,3,2,10,0,244,9,253,567
11,GUANAJUATO,6,LEON,20,LEON,1538,B,169,40,0,16,1,5,9,5,8,10,0,267,7,274,602
11,GUANAJUATO,6,LEON,20,LEON,1538,C01,0,0,0,0,0,0,0,0,0,0,0,0,0,0,602
11,GUANAJUATO,6,LEON,20,LEON,1539,B,128,39,3,13,3,9,4,12,3,4,5,228,5,233,548
11,GUANAJUATO,6,LEON,20,LEON,1539,C01,137,61,3,20,4,7,2,5,5,3,1,252,13,265,547
11,GUANAJUATO,6,LEON,20,LEON,1540,B,111,31,2,9,0,8,6,9,2,6,0,185,0,185,387
11,GUANAJUATO,6,LEON,20,LEON,1540,C01,94,37,0,10,1,2,5,1,2,4,0,159,6,165,386
11,GUANAJUATO,6,LEON,20,LEON,1541,B,140,59,3,23,0,3,6,3,5,11,0,257,8,265,529
11,GUANAJUATO,6,LEON,20,LEON,1542,B,109,77,1,15,0,6,3,4,3,10,2,235,2,237,476
11,GUANAJUATO,6,LEON,20,LEON,1543,B,0,0,0,0,0,0,0,0,0,0,0,0,0,0,410
11,GUANAJUATO,6,LEON,20,LEON,1543,C01,103,56,2,11,4,3,2,3,9,7,0,202,4,206,410
11,GUANAJUATO,6,LEON,20,LEON,1544,B,206,34,3,5,1,6,4,6,4,7,0,277,9,286,553
11,GUANAJUATO,6,LEON,20,LEON,1545,B,129,39,1,12,1,2,7,4,2,3,2,205,4,209,412
11,GUANAJUATO,6,LEON,20,LEON,1545,C01,132,43,0,8,1,5,2,4,3,4,0,202,7,209,411
11,GUANAJUATO,6,LEON,20,LEON,1546,B,124,49,3,20,1,5,8,10,6,11,0,238,9,247,501
11,GUANAJUATO,6,LEON,20,LEON,1546,C01,151,38,2,14,0,4,10,3,3,8,0,234,7,241,500
11,GUANAJUATO,6,LEON,20,LEON,1547,B,211,69,3,20,2,2,6,5,3,9,1,333,14,347,699
11,GUANAJUATO,6,LEON,20,LEON,1547,C01,218,75,3,21,0,3,3,4,6,14,2,354,9,363,699
11,GUANAJUATO,6,LEON,20,LEON,1548,B,223,50,4,14,3,7,20,11,6,12,0,350,0,350,587
11,GUANAJUATO,6,LEON,20,LEON,1548,C01,220,59,2,16,2,4,8,7,6,11,0,337,17,354,587
11,GUANAJUATO,6,LEON,20,LEON,1549,B,150,81,3,27,0,6,9,10,8,16,0,326,8,334,664
11,GUANAJUATO,6,LEON,20,LEON,1550,B,174,77,1,18,1,8,0,5,1,9,0,300,6,306,703
11,GUANAJUATO,6,LEON,20,LEON,1551,B,142,60,3,13,2,13,7,5,1,8,0,256,10,266,520
11,GUANAJUATO,6,LEON,20,LEON,1552,B,127,78,0,18,1,3,2,3,7,10,0,254,10,264,622
11,GUANAJUATO,6,LEON,20,LEON,1552,C01,123,72,2,20,2,7,4,3,2,6,0,246,9,255,621
11,GUANAJUATO,6,LEON,20,LEON,1553,B,132,42,2,29,3,4,8,2,1,3,0,228,9,237,571
11,GUANAJUATO,6,LEON,20,LEON,1553,C01,121,51,1,13,2,1,13,4,0,10,0,221,11,232,571
11,GUANAJUATO,6,LEON,20,LEON,1554,B,146,53,1,17,0,2,5,5,1,5,0,239,16,255,582
11,GUANAJUATO,6,LEON,20,LEON,1554,C01,166,69,1,17,2,2,4,2,3,11,0,277,11,288,582
11,GUANAJUATO,6,LEON,20,LEON,1555,B,137,64,4,17,1,4,4,2,2,3,0,239,6,245,539
11,GUANAJUATO,6,LEON,20,LEON,1555,C01,115,56,2,11,5,4,5,1,2,9,0,219,7,226,538
11,GUANAJUATO,6,LEON,20,LEON,1556,B,115,83,1,20,1,5,6,4,2,5,0,246,5,251,527
11,GUANAJUATO,6,LEON,20,LEON,1556,C01,121,75,6,17,2,3,0,7,4,2,0,242,4,246,526
11,GUANAJUATO,6,LEON,20,LEON,1557,B,137,67,2,19,1,2,4,3,5,2,0,248,9,257,556
11,GUANAJUATO,6,LEON,20,LEON,1557,C01,124,53,2,20,0,0,7,2,0,8,0,217,6,223,555
11,GUANAJUATO,6,LEON,20,LEON,1558,B,103,54,1,14,0,5,8,5,5,10,0,207,8,215,551
11,GUANAJUATO,6,LEON,20,LEON,1558,C01,126,47,4,8,0,4,11,5,3,8,0,218,11,229,551
11,GUANAJUATO,6,LEON,20,LEON,1558,C02,112,42,1,15,1,6,3,1,1,9,0,194,4,198,550
11,GUANAJUATO,6,LEON,20,LEON,1559,B,209,64,5,16,0,6,7,6,5,6,0,327,7,334,668
11,GUANAJUATO,6,LEON,20,LEON,1559,C01,0,0,0,0,0,0,0,0,0,0,0,0,0,0,668
11,GUANAJUATO,6,LEON,20,LEON,1560,B,124,52,2,7,4,9,12,12,7,9,0,241,5,246,458
11,GUANAJUATO,6,LEON,20,LEON,1560,C01,125,60,3,7,1,6,8,8,5,7,0,232,7,239,457
11,GUANAJUATO,7,LEON,20,LEON,1561,B,249,63,4,13,3,17,9,5,3,15,0,382,14,396,715
11,GUANAJUATO,7,LEON,20,LEON,1561,C01,261,65,2,11,1,15,8,11,10,9,0,395,15,410,715
11,GUANAJUATO,7,LEON,20,LEON,1561,C02,259,50,4,15,0,10,4,10,8,9,1,374,18,392,715
11,GUANAJUATO,7,LEON,20,LEON,1562,B,187,32,2,9,1,15,9,4,4,9,0,272,14,286,613
11,GUANAJUATO,7,LEON,20,LEON,1562,C01,182,56,2,20,5,10,6,7,8,11,0,310,21,331,613
11,GUANAJUATO,7,LEON,20,LEON,1563,B,163,42,0,12,2,11,3,1,4,9,0,248,4,252,461
11,GUANAJUATO,7,LEON,20,LEON,1563,C01,133,38,2,14,2,8,9,5,4,8,0,223,8,231,461
11,GUANAJUATO,7,LEON,20,LEON,1564,B,166,41,1,11,0,9,2,7,6,7,1,255,11,266,517
11,GUANAJUATO,7,LEON,20,LEON,1564,C01,184,54,0,12,4,8,11,4,5,8,1,292,10,302,516
11,GUANAJUATO,7,LEON,20,LEON,1565,B,142,54,2,12,1,7,12,5,6,10,0,254,7,261,481
11,GUANAJUATO,7,LEON,20,LEON,1565,C01,167,48,1,13,0,8,7,12,5,13,0,275,12,287,481
11,GUANAJUATO,6,LEON,20,LEON,1566,B,183,89,2,17,2,14,21,14,10,7,0,359,14,373,663
11,GUANAJUATO,6,LEON,20,LEON,1566,C01,183,71,6,9,3,9,20,14,7,13,0,341,12,353,663
11,GUANAJUATO,6,LEON,20,LEON,1567,B,168,57,3,9,4,4,15,12,6,12,0,295,12,307,591
11,GUANAJUATO,6,LEON,20,LEON,1567,C01,144,73,6,9,2,8,21,6,8,11,0,288,8,296,590
11,GUANAJUATO,6,LEON,20,LEON,1568,B,0,0,0,0,0,0,0,0,0,0,0,0,0,0,452
11,GUANAJUATO,6,LEON,20,LEON,1568,C01,123,46,2,6,1,1,3,0,5,7,1,199,7,206,451
11,GUANAJUATO,6,LEON,20,LEON,1569,B,135,87,2,13,2,5,6,0,1,11,0,265,12,277,494
11,GUANAJUATO,6,LEON,20,LEON,1569,C01,146,53,0,16,1,4,1,7,3,8,1,240,12,252,494
11,GUANAJUATO,6,LEON,20,LEON,1570,B,234,35,2,10,0,7,6,7,6,10,0,317,15,332,552
11,GUANAJUATO,6,LEON,20,LEON,1570,C01,216,40,1,13,1,8,8,6,4,10,1,308,22,330,552
11,GUANAJUATO,6,LEON,20,LEON,1571,B,127,82,0,11,3,11,4,8,5,5,0,261,11,272,620
11,GUANAJUATO,6,LEON,20,LEON,1572,B,163,73,1,14,1,11,8,6,11,14,0,302,4,306,639
11,GUANAJUATO,6,LEON,20,LEON,1573,B,148,52,5,19,2,8,5,3,3,16,0,262,7,269,528
11,GUANAJUATO,6,LEON,20,LEON,1574,B,157,52,0,14,1,4,5,2,6,14,0,259,13,272,545
11,GUANAJUATO,6,LEON,20,LEON,1574,C01,172,42,4,17,2,8,4,5,6,9,0,271,7,278,545
11,GUANAJUATO,6,LEON,20,LEON,1575,B,138,47,0,19,0,5,4,2,6,13,1,237,6,243,455
11,GUANAJUATO,6,LEON,20,LEON,1575,C01,120,57,1,17,1,6,6,2,5,9,1,226,7,233,455
11,GUANAJUATO,6,LEON,20,LEON,1576,B,235,58,3,25,3,12,7,14,3,11,0,374,7,381,683
11,GUANAJUATO,6,LEON,20,LEON,1577,B,133,54,0,12,1,2,5,6,2,11,0,231,5,236,542
11,GUANAJUATO,6,LEON,20,LEON,1577,C01,138,45,1,12,3,5,6,2,1,17,0,234,5,239,541
11,GUANAJUATO,6,LEON,20,LEON,1578,B,201,73,3,24,3,8,2,5,4,2,0,328,6,334,682
11,GUANAJUATO,6,LEON,20,LEON,1579,B,165,63,2,14,0,2,4,1,1,8,0,265,7,272,604
11,GUANAJUATO,6,LEON,20,LEON,1580,B,170,60,3,12,2,3,5,4,4,10,0,274,7,281,582
11,GUANAJUATO,6,LEON,20,LEON,1581,B,175,41,3,11,2,10,8,10,8,17,1,286,15,301,666
11,GUANAJUATO,6,LEON,20,LEON,1581,C01,208,47,2,14,3,9,5,8,7,10,0,315,12,327,665
11,GUANAJUATO,7,LEON,20,LEON,1582,B,0,0,0,0,0,0,0,0,0,0,0,0,0,0,428
11,GUANAJUATO,7,LEON,20,LEON,1582,C01,135,49,1,6,0,2,2,8,4,12,2,223,10,233,428
11,GUANAJUATO,7,LEON,20,LEON,1583,B,146,45,4,13,1,12,4,3,1,12,0,244,13,257,522
11,GUANAJUATO,7,LEON,20,LEON,1583,C01,144,43,1,13,3,10,9,7,5,8,0,243,6,249,522
11,GUANAJUATO,7,LEON,20,LEON,1583,C02,166,44,1,7,2,16,3,4,7,8,0,258,7,265,521
11,GUANAJUATO,7,LEON,20,LEON,1584,B,153,33,1,2,4,11,4,6,3,2,0,220,9,229,480
11,GUANAJUATO,7,LEON,20,LEON,1584,C01,128,24,2,2,2,13,2,10,3,11,0,199,16,215,480
11,GUANAJUATO,7,LEON,20,LEON,1585,B,172,43,2,20,0,9,4,6,6,15,1,279,8,287,745
11,GUANAJUATO,7,LEON,20,LEON,1585,C01,161,48,0,20,0,14,15,7,7,12,0,286,5,291,745
11,GUANAJUATO,7,LEON,20,LEON,1585,C02,173,45,1,14,1,10,3,12,1,17,0,279,9,288,745
11,GUANAJUATO,7,LEON,20,LEON,1585,C03,168,36,1,1,5,0,8,10,9,3,0,252,3,255,744
11,GUANAJUATO,7,LEON,20,LEON,1585,C04,174,60,1,18,0,14,5,5,6,15,0,298,8,306,744
11,GUANAJUATO,7,LEON,20,LEON,1585,C05,184,43,3,16,4,7,5,16,4,12,2,296,8,304,744
11,GUANAJUATO,7,LEON,20,LEON,1585,C06,176,55,1,17,3,9,6,5,7,17,0,299,6,305,744
11,GUANAJUATO,7,LEON,20,LEON,1586,B,163,54,3,10,2,12,4,12,4,3,0,271,8,279,543
11,GUANAJUATO,7,LEON,20,LEON,1586,C01,150,58,0,11,1,6,5,7,2,9,0,251,7,258,543
11,GUANAJUATO,6,LEON,20,LEON,1587,B,127,60,2,14,2,5,4,14,2,7,0,240,8,248,533
11,GUANAJUATO,6,LEON,20,LEON,1587,C01,141,41,1,16,6,6,8,5,12,6,0,242,4,246,533
11,GUANAJUATO,6,LEON,20,LEON,1588,B,157,43,4,7,1,2,14,8,5,13,0,260,10,270,547
11,GUANAJUATO,6,LEON,20,LEON,1588,C01,152,40,3,13,1,7,10,13,2,10,0,251,4,255,547
11,GUANAJUATO,6,LEON,20,LEON,1588,C02,160,44,2,12,2,9,8,7,5,12,0,262,8,270,547
11,GUANAJUATO,6,LEON,20,LEON,1589,B,161,64,2,26,2,7,8,7,4,15,0,298,10,308,704
11,GUANAJUATO,6,LEON,20,LEON,1589,C01,146,54,3,18,4,6,12,14,6,10,0,278,15,293,704
11,GUANAJUATO,6,LEON,20,LEON,1590,B,137,47,3,16,7,3,5,6,5,15,0,245,4,249,571
11,GUANAJUATO,6,LEON,20,LEON,1590,C01,121,52,3,16,2,7,8,7,5,10,0,231,4,235,571
11,GUANAJUATO,6,LEON,20,LEON,1590,C02,114,38,1,16,1,3,5,5,3,9,0,200,8,208,570
11,GUANAJUATO,6,LEON,20,LEON,1591,B,107,50,3,20,0,6,2,2,5,9,0,204,9,213,568
11,GUANAJUATO,6,LEON,20,LEON,1591,C01,125,49,0,11,1,7,3,3,4,9,0,220,7,227,567
11,GUANAJUATO,6,LEON,20,LEON,1591,C02,121,61,2,12,1,3,9,3,1,6,0,221,2,223,567
11,GUANAJUATO,6,LEON,20,LEON,1591,C03,104,55,3,18,2,3,5,3,4,10,0,211,0,211,567
11,GUANAJUATO,6,LEON,20,LEON,1592,B,168,86,0,19,4,2,0,5,5,12,0,309,7,316,676
11,GUANAJUATO,6,LEON,20,LEON,1592,C01,169,90,0,14,0,3,2,5,1,8,0,298,5,303,675
11,GUANAJUATO,6,LEON,20,LEON,1593,B,106,53,0,13,0,5,4,8,3,3,0,202,2,204,506
11,GUANAJUATO,6,LEON,20,LEON,1593,C01,107,50,2,9,2,1,3,7,3,4,0,189,8,197,505
11,GUANAJUATO,6,LEON,20,LEON,1593,C02,123,62,0,0,0,4,0,4,2,5,0,200,0,200,505
11,GUANAJUATO,6,LEON,20,LEON,1594,B,173,72,8,25,2,6,7,4,5,14,0,321,16,337,633
11,GUANAJUATO,6,LEON,20,LEON,1594,C01,172,77,6,19,2,4,5,5,4,1,0,301,5,306,633
11,GUANAJUATO,6,LEON,20,LEON,1595,B,109,68,1,19,1,3,3,2,4,4,0,219,14,233,525
11,GUANAJUATO,6,LEON,20,LEON,1595,C01,196,69,3,16,0,2,6,1,4,3,0,306,9,315,525
11,GUANAJUATO,6,LEON,20,LEON,1596,B,146,61,0,18,4,8,10,4,2,7,0,262,18,280,550
11,GUANAJUATO,6,LEON,20,LEON,1596,C01,144,71,0,17,0,3,5,9,5,15,0,278,7,285,549
11,GUANAJUATO,6,LEON,20,LEON,1597,B,160,58,3,13,0,4,5,3,5,17,0,271,10,281,618
11,GUANAJUATO,6,LEON,20,LEON,1598,B,99,66,3,24,2,3,7,10,3,6,0,226,7,233,471
11,GUANAJUATO,6,LEON,20,LEON,1598,C01,128,40,2,14,1,4,1,8,1,12,0,211,0,211,471
11,GUANAJUATO,6,LEON,20,LEON,1599,B,85,36,0,11,1,2,9,1,2,8,0,157,5,162,399
11,GUANAJUATO,6,LEON,20,LEON,1599,C01,76,44,1,13,1,6,2,6,4,10,0,167,1,168,398
11,GUANAJUATO,6,LEON,20,LEON,1600,B,129,46,2,8,2,5,14,6,3,4,1,224,6,230,575
11,GUANAJUATO,6,LEON,20,LEON,1600,C01,137,50,4,12,3,3,4,5,2,10,0,232,7,239,575
11,GUANAJUATO,6,LEON,20,LEON,1601,B,113,53,6,27,4,2,8,7,9,5,0,240,10,250,562
11,GUANAJUATO,6,LEON,20,LEON,1601,C01,139,58,1,31,0,5,8,12,3,6,0,271,11,282,562
11,GUANAJUATO,6,LEON,20,LEON,1602,B,140,59,3,15,3,4,4,4,5,5,0,248,14,262,641
11,GUANAJUATO,6,LEON,20,LEON,1603,B,170,70,2,16,1,4,6,7,6,6,0,288,13,301,662
11,GUANAJUATO,6,LEON,20,LEON,1603,C01,168,57,3,12,1,1,12,2,6,9,0,271,8,279,661
11,GUANAJUATO,6,LEON,20,LEON,1604,B,206,69,1,23,1,6,12,9,7,15,0,352,9,361,742
11,GUANAJUATO,6,LEON,20,LEON,1604,C01,185,62,3,22,1,9,6,7,5,7,0,310,7,317,742
11,GUANAJUATO,6,LEON,20,LEON,1604,C02,192,56,1,25,0,6,4,11,6,12,1,318,11,329,742
11,GUANAJUATO,6,LEON,20,LEON,1604,C03,186,51,3,20,2,7,7,8,6,9,1,303,8,311,742
11,GUANAJUATO,6,LEON,20,LEON,1605,B,123,66,2,23,3,2,9,2,7,11,0,252,0,252,625
11,GUANAJUATO,6,LEON,20,LEON,1605,C01,141,83,3,16,1,3,4,4,4,4,0,263,10,273,624
11,GUANAJUATO,6,LEON,20,LEON,1606,B,123,64,3,13,1,3,3,5,4,17,0,237,8,245,514
11,GUANAJUATO,6,LEON,20,LEON,1606,C01,112,51,4,18,1,3,5,9,4,12,0,225,7,232,513
11,GUANAJUATO,6,LEON,20,LEON,1607,B,180,69,2,17,4,7,8,4,6,37,0,339,9,348,657
11,GUANAJUATO,6,LEON,20,LEON,1608,B,137,67,2,15,2,2,1,1,3,9,0,245,7,252,524
11,GUANAJUATO,6,LEON,20,LEON,1608,C01,117,57,3,22,3,4,6,0,9,14,0,241,11,252,524
11,GUANAJUATO,6,LEON,20,LEON,1609,B,166,63,3,27,4,3,7,3,3,13,2,298,4,302,654
11,GUANAJUATO,6,LEON,20,LEON,1609,C01,171,56,1,21,1,1,6,6,1,12,0,280,4,284,653
11,GUANAJUATO,6,LEON,20,LEON,1610,B,145,50,3,13,4,1,0,5,4,6,0,234,10,244,563
11,GUANAJUATO,6,LEON,20,LEON,1610,C01,133,73,2,12,1,5,2,2,1,1,0,239,0,239,562
11,GUANAJUATO,6,LEON,20,LEON,1611,B,149,55,2,17,4,7,3,1,9,7,0,260,2,262,611
11,GUANAJUATO,6,LEON,20,LEON,1611,C01,108,55,6,24,1,5,8,8,0,5,0,227,12,239,610
11,GUANAJUATO,6,LEON,20,LEON,1611,C02,134,49,0,18,0,4,3,1,2,4,0,223,9,232,610
11,GUANAJUATO,6,LEON,20,LEON,1612,B,102,72,1,15,2,5,7,1,1,5,0,215,14,229,527
11,GUANAJUATO,6,LEON,20,LEON,1612,C01,0,0,0,0,0,0,0,0,0,0,0,0,0,0,527
11,GUANAJUATO,6,LEON,20,LEON,1612,C02,99,59,0,15,2,2,3,4,3,11,0,201,5,206,526
11,GUANAJUATO,6,LEON,20,LEON,1613,B,210,63,5,11,1,10,9,13,10,20,0,353,8,361,749
11,GUANAJUATO,6,LEON,20,LEON,1613,C01,195,52,4,11,2,2,9,10,7,18,0,316,16,332,749
11,GUANAJUATO,6,LEON,20,LEON,1613,C02,199,61,7,17,2,12,4,7,11,11,0,337,4,341,749
11,GUANAJUATO,6,LEON,20,LEON,1613,C03,195,57,4,22,3,3,1,8,1,10,1,309,10,319,749
11,GUANAJUATO,6,LEON,20,LEON,1613,C04,196,58,5,23,3,8,9,6,5,11,0,327,8,335,749
11,GUANAJUATO,6,LEON,20,LEON,1613,C05,204,68,3,20,4,9,13,7,3,10,0,345,8,353,749
11,GUANAJUATO,6,LEON,20,LEON,1613,C06,231,61,3,12,3,6,10,14,9,10,0,360,0,360,749
11,GUANAJUATO,6,LEON,20,LEON,1614,B,218,45,3,17,0,8,6,8,8,10,0,323,11,334,731
11,GUANAJUATO,6,LEON,20,LEON,1614,C01,178,34,0,12,3,9,11,10,2,9,0,272,9,281,731
11,GUANAJUATO,6,LEON,20,LEON,1614,C02,206,63,4,11,4,6,12,7,4,9,0,330,1,331,731
11,GUANAJUATO,6,LEON,20,LEON,1614,C03,208,50,2,15,1,12,5,10,6,17,0,330,7,337,731
11,GUANAJUATO,6,LEON,20,LEON,1614,C04,209,61,2,11,1,9,5,8,10,14,0,330,7,337,731
11,GUANAJUATO,6,LEON,20,LEON,1614,C05,215,64,4,13,2,4,9,13,6,14,1,345,4,349,731
11,GUANAJUATO,6,LEON,20,LEON,1614,C06,193,50,1,14,1,11,5,6,8,16,1,308,5,313,730
11,GUANAJUATO,6,LEON,20,LEON,1614,C07,189,53,1,11,0,14,6,7,4,19,1,307,10,317,730
11,GUANAJUATO,6,LEON,20,LEON,1614,C08,211,49,3,15,6,11,9,7,3,15,0,333,10,343,730
11,GUANAJUATO,6,LEON,20,LEON,1614,C09,178,53,1,21,3,11,11,11,6,7,0,305,11,316,730
11,GUANAJUATO,6,LEON,20,LEON,1614,C10,178,58,2,17,0,4,6,5,9,9,4,296,11,307,730
11,GUANAJUATO,6,LEON,20,LEON,1614,C11,185,59,1,15,3,9,10,3,7,13,0,305,12,317,730
11,GUANAJUATO,6,LEON,20,LEON,1614,C12,203,43,3,12,6,13,6,5,9,11,0,311,9,320,730
11,GUANAJUATO,6,LEON,20,LEON,1614,C13,187,42,5,9,3,8,12,6,13,17,0,304,12,316,730
11,GUANAJUATO,6,LEON,20,LEON,1615,B,123,61,1,16,2,3,4,6,3,12,0,237,4,241,432
11,GUANAJUATO,6,LEON,20,LEON,1615,C01,120,45,1,10,0,0,5,3,3,7,0,194,6,200,432
11,GUANAJUATO,6,LEON,20,LEON,1616,B,121,36,1,12,4,5,10,4,4,10,0,211,11,222,476
11,GUANAJUATO,6,LEON,20,LEON,1616,C01,130,39,3,9,2,12,4,7,5,4,1,217,10,227,475
11,GUANAJUATO,6,LEON,20,LEON,1617,B,148,30,0,13,1,4,4,8,5,6,1,222,7,229,504
11,GUANAJUATO,6,LEON,20,LEON,1617,C01,127,38,2,9,1,8,9,8,1,12,0,217,9,226,504
11,GUANAJUATO,6,LEON,20,LEON,1617,C02,122,38,3,9,3,6,7,5,5,8,1,208,7,215,504
11,GUANAJUATO,7,LEON,20,LEON,1618,B,103,46,3,14,5,2,3,6,3,15,0,202,8,210,478
11,GUANAJUATO,7,LEON,20,LEON,1618,C01,125,48,3,10,4,5,9,5,5,8,0,222,0,222,477
11,GUANAJUATO,7,LEON,20,LEON,1619,B,159,54,3,16,2,6,6,7,10,11,0,274,5,279,491
11,GUANAJUATO,7,LEON,20,LEON,1619,C01,149,38,3,8,5,3,10,16,4,5,0,241,9,250,490
11,GUANAJUATO,7,LEON,20,LEON,1620,B,116,69,1,0,3,4,0,7,4,5,0,209,8,217,734
11,GUANAJUATO,7,LEON,20,LEON,1620,C01,148,53,4,19,1,8,7,2,7,14,0,266,8,274,733
11,GUANAJUATO,7,LEON,20,LEON,1620,C02,137,38,4,28,1,8,3,6,3,12,1,241,4,245,733
11,GUANAJUATO,7,LEON,20,LEON,1620,C03,152,42,3,23,1,2,5,4,8,6,0,250,6,256,733
11,GUANAJUATO,7,LEON,20,LEON,1620,C04,140,58,4,13,4,6,6,12,6,7,0,256,12,268,733
11,GUANAJUATO,7,LEON,20,LEON,1620,C05,147,53,0,6,4,12,6,7,8,3,0,246,15,261,733
11,GUANAJUATO,7,LEON,20,LEON,1620,C06,127,40,1,14,1,7,8,7,3,6,0,215,5,220,733
11,GUANAJUATO,7,LEON,20,LEON,1620,C07,146,46,3,29,2,6,6,11,0,7,0,256,0,256,733
11,GUANAJUATO,7,LEON,20,LEON,1621,B,133,45,4,10,5,6,8,7,7,8,0,235,11,246,541
11,GUANAJUATO,7,LEON,20,LEON,1621,C01,150,54,3,8,4,7,10,7,5,13,0,262,10,272,540
11,GUANAJUATO,6,LEON,20,LEON,1622,B,176,76,4,17,6,7,8,9,11,15,2,334,6,340,737
11,GUANAJUATO,6,LEON,20,LEON,1623,B,145,80,5,15,7,8,1,6,4,7,0,284,8,292,629
11,GUANAJUATO,6,LEON,20,LEON,1623,C01,136,59,2,12,6,7,5,9,7,7,0,252,7,259,628
11,GUANAJUATO,6,LEON,20,LEON,1624,B,127,41,2,7,2,3,5,8,2,11,0,212,7,219,472
11,GUANAJUATO,6,LEON,20,LEON,1624,C01,122,49,3,11,1,0,7,4,5,5,0,210,6,216,471
11,GUANAJUATO,6,LEON,20,LEON,1625,B,125,60,1,11,2,6,4,1,6,11,0,228,8,236,719
11,GUANAJUATO,6,LEON,20,LEON,1625,C01,143,47,5,12,0,5,4,2,7,14,0,242,12,254,719
11,GUANAJUATO,6,LEON,20,LEON,1626,B,173,50,2,22,1,4,4,7,7,8,0,280,11,291,718
11,GUANAJUATO,6,LEON,20,LEON,1626,C01,190,44,2,17,5,12,5,6,6,18,0,307,12,319,718
11,GUANAJUATO,6,LEON,20,LEON,1626,C02,161,47,2,19,2,4,9,6,7,26,0,286,10,296,718
11,GUANAJUATO,6,LEON,20,LEON,1627,B,116,46,3,16,2,7,4,6,5,17,0,226,12,238,715
11,GUANAJUATO,6,LEON,20,LEON,1627,C01,128,39,3,21,1,9,7,5,4,3,0,231,14,245,715
11,GUANAJUATO,6,LEON,20,LEON,1627,C02,116,42,1,16,3,8,7,5,5,5,0,208,13,221,715
11,GUANAJUATO,6,LEON,20,LEON,1627,C03,128,48,3,13,4,8,7,8,3,11,0,239,13,252,715
11,GUANAJUATO,6,LEON,20,LEON,1628,B,102,54,5,11,3,4,10,4,1,5,0,206,6,212,524
11,GUANAJUATO,6,LEON,20,LEON,1628,C01,127,40,2,11,4,10,5,2,5,4,0,212,6,218,523
11,GUANAJUATO,6,LEON,20,LEON,1629,B,120,73,1,25,4,3,11,5,4,9,1,261,6,267,658
11,GUANAJUATO,6,LEON,20,LEON,1629,C01,130,57,4,11,2,5,12,3,4,9,0,238,4,242,658
11,GUANAJUATO,6,LEON,20,LEON,1629,C02,131,79,5,21,3,5,7,11,2,8,0,276,6,282,658
11,GUANAJUATO,7,LEON,20,LEON,1630,B,152,35,1,17,2,4,4,7,2,8,0,233,9,242,471
11,GUANAJUATO,7,LEON,20,LEON,1630,C01,138,51,2,10,5,1,6,8,5,12,0,241,9,250,470
11,GUANAJUATO,7,LEON,20,LEON,1631,B,144,44,3,26,4,5,2,6,1,8,0,246,9,255,720
11,GUANAJUATO,7,LEON,20,LEON,1631,C01,149,43,3,20,1,9,8,11,1,3,1,252,4,256,720
11,GUANAJUATO,7,LEON,20,LEON,1631,C02,127,23,4,21,0,3,4,8,5,8,0,208,13,221,719
11,GUANAJUATO,7,LEON,20,LEON,1631,C03,125,44,5,22,2,6,5,8,8,11,0,236,7,243,719
11,GUANAJUATO,7,LEON,20,LEON,1631,C04,147,57,4,21,1,6,2,3,5,10,1,259,13,272,719
11,GUANAJUATO,7,LEON,20,LEON,1633,B,128,42,1,13,1,5,7,3,12,16,0,228,6,234,658
11,GUANAJUATO,7,LEON,20,LEON,1633,C01,147,41,0,16,5,4,3,8,1,7,0,232,9,241,658
11,GUANAJUATO,7,LEON,20,LEON,1633,C02,151,29,4,10,0,2,2,4,6,7,0,216,4,220,658
11,GUANAJUATO,7,LEON,20,LEON,1633,C03,157,33,1,15,2,7,2,2,3,4,0,228,10,238,658
11,GUANAJUATO,7,LEON,20,LEON,1633,C04,165,30,3,17,3,1,5,3,1,5,0,234,0,234,658
11,GUANAJUATO,7,LEON,20,LEON,1633,C05,139,25,2,16,2,8,6,7,4,7,0,217,6,223,658
11,GUANAJUATO,7,LEON,20,LEON,1633,C06,148,30,2,16,1,8,1,0,1,9,0,216,9,225,658
11,GUANAJUATO,7,LEON,20,LEON,1633,C07,0,0,0,0,0,0,0,0,0,0,0,0,0,0,658
11,GUANAJUATO,7,LEON,20,LEON,1634,B,174,51,3,17,1,9,10,14,3,8,0,293,12,305,735
11,GUANAJUATO,7,LEON,20,LEON,1634,C01,199,58,3,17,2,13,8,6,12,20,2,343,14,357,735
11,GUANAJUATO,7,LEON,20,LEON,1634,C02,178,56,0,17,1,7,18,7,7,15,0,309,13,322,735
11,GUANAJUATO,7,LEON,20,LEON,1634,C03,196,47,5,13,4,10,13,11,4,10,0,314,3,317,735
11,GUANAJUATO,7,LEON,20,LEON,1634,C04,190,40,4,13,5,9,10,10,3,17,0,302,5,307,735
11,GUANAJUATO,7,LEON,20,LEON,1634,C05,181,52,4,17,4,7,7,1,4,9,0,289,11,300,735
11,GUANAJUATO,7,LEON,20,LEON,1634,C06,173,41,0,22,3,4,11,6,3,11,0,275,13,288,735
11,GUANAJUATO,7,LEON,20,LEON,1634,C07,173,43,4,20,2,3,10,10,9,20,0,298,11,309,735
11,GUANAJUATO,7,LEON,20,LEON,1634,C08,171,50,4,16,2,5,10,11,7,7,0,283,6,289,735
11,GUANAJUATO,7,LEON,20,LEON,1634,C09,176,45,3,14,1,8,7,9,7,11,0,281,4,285,735
11,GUANAJUATO,7,LEON,20,LEON,1634,C10,152,58,6,17,6,7,9,9,8,15,0,289,5,294,735
11,GUANAJUATO,7,LEON,20,LEON,1634,C11,169,36,1,16,2,5,4,7,9,11,0,260,10,270,735
11,GUANAJUATO,7,LEON,20,LEON,1634,C12,178,43,6,14,1,12,3,2,2,18,1,284,13,297,735
11,GUANAJUATO,7,LEON,20,LEON,1634,C13,184,48,2,15,3,9,8,9,8,15,0,304,13,317,735
11,GUANAJUATO,7,LEON,20,LEON,1634,C14,187,50,2,17,1,9,7,5,3,19,3,305,7,312,735
11,GUANAJUATO,7,LEON,20,LEON,1634,C15,209,49,4,10,0,8,13,5,6,11,0,319,9,328,735
11,GUANAJUATO,7,LEON,20,LEON,1635,B,173,72,6,20,3,10,6,11,11,12,0,327,15,342,738
11,GUANAJUATO,7,LEON,20,LEON,1635,C01,161,73,4,28,0,8,8,13,7,13,1,318,11,329,738
11,GUANAJUATO,7,LEON,20,LEON,1635,C02,218,59,3,13,3,7,9,6,8,12,0,340,12,352,737
11,GUANAJUATO,7,LEON,20,LEON,1635,C03,201,61,3,14,3,9,8,9,11,9,1,334,16,350,737
11,GUANAJUATO,6,LEON,20,LEON,1636,B,102,33,7,16,1,4,8,1,3,6,0,181,4,185,478
11,GUANAJUATO,6,LEON,20,LEON,1636,C01,91,36,4,18,3,2,7,4,5,8,0,178,4,182,477
11,GUANAJUATO,6,LEON,20,LEON,1637,B,154,61,2,16,2,6,4,6,5,2,0,259,3,262,599
11,GUANAJUATO,6,LEON,20,LEON,1637,C01,127,58,3,13,3,5,1,6,3,7,0,226,6,232,599
11,GUANAJUATO,6,LEON,20,LEON,1638,B,93,62,5,16,5,5,4,4,4,3,0,204,9,213,501
11,GUANAJUATO,6,LEON,20,LEON,1638,C01,92,51,2,15,0,3,4,4,2,8,0,186,0,186,500
11,GUANAJUATO,6,LEON,20,LEON,1639,B,102,107,1,18,2,0,2,4,4,10,0,256,8,264,641
11,GUANAJUATO,6,LEON,20,LEON,1639,C01,194,58,3,17,2,13,8,6,12,20,0,336,14,350,641
11,GUANAJUATO,6,LEON,20,LEON,1640,B,81,40,4,14,3,4,4,6,0,1,1,160,8,168,641
11,GUANAJUATO,6,LEON,20,LEON,1640,C01,84,56,5,19,2,2,5,4,0,6,1,189,6,195,641
11,GUANAJUATO,7,LEON,20,LEON,1641,B,135,36,0,13,3,3,3,12,3,11,1,224,7,231,688
11,GUANAJUATO,7,LEON,20,LEON,1641,C01,114,51,2,14,0,2,10,16,6,10,0,231,2,233,688
11,GUANAJUATO,7,LEON,20,LEON,1641,C02,119,49,2,15,3,7,7,15,8,9,0,237,9,246,688
11,GUANAJUATO,7,LEON,20,LEON,1641,C03,126,34,1,10,2,1,4,9,2,6,0,197,9,206,688
11,GUANAJUATO,7,LEON,20,LEON,1641,C04,121,36,3,14,1,3,4,9,2,8,0,205,9,214,688
11,GUANAJUATO,7,LEON,20,LEON,1641,C05,93,36,0,26,9,3,2,34,6,6,0,215,10,225,688
11,GUANAJUATO,7,LEON,20,LEON,1641,C06,143,37,0,11,5,6,4,21,4,1,0,235,3,238,688
11,GUANAJUATO,7,LEON,20,LEON,1642,B,117,35,2,27,2,9,13,5,6,18,1,240,9,249,726
11,GUANAJUATO,7,LEON,20,LEON,1642,C01,117,42,1,24,3,9,9,8,2,9,0,226,6,232,726
11,GUANAJUATO,7,LEON,20,LEON,1642,C02,123,62,1,17,2,4,5,3,5,11,0,235,6,241,726
11,GUANAJUATO,7,LEON,20,LEON,1642,C03,109,41,4,15,1,4,8,6,2,12,1,205,8,213,726
11,GUANAJUATO,7,LEON,20,LEON,1642,C04,138,50,0,23,3,3,2,3,3,14,0,241,9,250,726
11,GUANAJUATO,7,LEON,20,LEON,1642,C05,111,40,4,21,1,7,3,9,6,10,0,215,6,221,726
11,GUANAJUATO,7,LEON,20,LEON,1642,C06,140,41,1,18,1,5,5,9,1,4,0,233,14,247,726
11,GUANAJUATO,7,LEON,20,LEON,1642,C07,118,51,0,22,2,7,3,9,7,10,1,230,7,237,726
11,GUANAJUATO,7,LEON,20,LEON,1642,C08,131,51,4,19,2,3,2,7,2,13,0,236,10,246,726
11,GUANAJUATO,7,LEON,20,LEON,1642,C09,123,54,1,17,2,4,6,6,6,8,0,228,4,232,726
11,GUANAJUATO,7,LEON,20,LEON,1642,C10,94,62,2,18,1,3,2,7,8,12,0,210,9,219,726
11,GUANAJUATO,7,LEON,20,LEON,1642,C11,0,0,0,0,0,0,0,0,0,0,0,0,0,0,726
11,GUANAJUATO,7,LEON,20,LEON,1642,C12,122,43,3,20,3,7,3,6,5,9,0,223,7,230,726
11,GUANAJUATO,7,LEON,20,LEON,1642,C13,127,45,3,13,0,1,5,5,2,11,0,214,7,221,726
11,GUANAJUATO,7,LEON,20,LEON,1642,C14,112,50,1,22,1,1,5,12,5,12,0,225,2,227,726
11,GUANAJUATO,7,LEON,20,LEON,1642,C15,132,47,1,18,2,8,6,9,3,8,0,236,7,243,725
11,GUANAJUATO,7,LEON,20,LEON,1642,C16,115,41,1,25,1,8,3,6,5,9,0,215,5,220,725
11,GUANAJUATO,7,LEON,20,LEON,1642,C17,117,35,5,22,1,4,4,6,4,13,0,212,6,218,725
11,GUANAJUATO,7,LEON,20,LEON,1642,C18,121,53,10,19,1,5,8,10,6,11,1,249,5,254,725
11,GUANAJUATO,7,LEON,20,LEON,1643,B,116,62,8,26,3,8,3,9,6,7,1,256,5,261,694
11,GUANAJUATO,7,LEON,20,LEON,1643,C01,93,58,2,28,2,5,6,11,6,7,0,220,5,225,694
11,GUANAJUATO,7,LEON,20,LEON,1643,C02,108,63,9,16,1,1,6,4,2,10,0,227,10,237,694
11,GUANAJUATO,7,LEON,20,LEON,1643,C03,102,59,4,28,0,3,2,3,4,12,0,219,7,226,694
11,GUANAJUATO,7,LEON,20,LEON,1643,C04,99,63,2,17,4,6,3,6,4,14,0,219,5,224,694
11,GUANAJUATO,7,LEON,20,LEON,1643,C05,91,64,4,13,1,1,2,6,2,4,0,191,1,192,694
11,GUANAJUATO,7,LEON,20,LEON,1643,C06,0,0,0,0,0,0,0,0,0,0,0,0,0,0,694
11,GUANAJUATO,7,LEON,20,LEON,1643,C07,120,65,9,22,3,4,3,0,2,7,0,237,8,245,694
11,GUANAJUATO,7,LEON,20,LEON,1643,C08,123,58,5,29,1,2,6,7,3,6,0,244,5,249,694
11,GUANAJUATO,7,LEON,20,LEON,1643,C09,93,48,2,25,1,6,5,6,6,13,2,212,531,743,694
11,GUANAJUATO,7,LEON,20,LEON,1644,B,123,46,2,28,1,4,6,4,3,12,0,231,9,240,675
11,GUANAJUATO,7,LEON,20,LEON,1644,C01,121,46,1,28,0,6,9,1,4,14,0,231,3,234,675
11,GUANAJUATO,7,LEON,20,LEON,1644,C02,104,56,4,32,2,4,5,7,1,7,0,229,6,235,675
11,GUANAJUATO,7,LEON,20,LEON,1644,C03,128,57,4,35,5,5,4,3,4,12,0,261,9,270,675
11,GUANAJUATO,7,LEON,20,LEON,1644,C04,124,31,4,30,2,4,3,5,3,3,0,209,4,213,675
11,GUANAJUATO,7,LEON,20,LEON,1644,C05,132,48,2,28,0,3,1,4,5,9,0,235,10,245,675
11,GUANAJUATO,7,LEON,20,LEON,1644,C06,132,52,1,23,1,2,4,3,1,8,0,234,5,239,675
11,GUANAJUATO,7,LEON,20,LEON,1644,C07,112,42,0,29,0,0,0,0,0,0,0,185,0,185,675
11,GUANAJUATO,7,LEON,20,LEON,1645,B,100,61,2,16,1,3,5,5,8,6,0,210,5,215,626
11,GUANAJUATO,7,LEON,20,LEON,1645,C01,129,47,1,15,3,3,3,6,0,3,0,212,1,213,626
11,GUANAJUATO,7,LEON,20,LEON,1645,C02,109,54,5,18,2,4,5,11,2,8,0,220,5,225,626
11,GUANAJUATO,7,LEON,20,LEON,1645,C03,99,45,2,11,1,2,6,2,7,4,0,184,6,190,626
11,GUANAJUATO,7,LEON,20,LEON,1645,C04,113,45,3,5,1,3,4,3,2,7,0,191,7,198,626
11,GUANAJUATO,7,LEON,20,LEON,1646,B,88,63,3,22,2,4,2,6,5,5,0,205,7,212,683
11,GUANAJUATO,7,LEON,20,LEON,1646,C01,100,63,5,15,3,0,1,3,2,10,0,205,8,213,683
11,GUANAJUATO,7,LEON,20,LEON,1646,C02,114,52,4,13,3,1,5,5,1,4,0,207,13,220,682
11,GUANAJUATO,7,LEON,20,LEON,1646,C03,110,52,2,19,1,127,1,3,5,11,0,336,4,340,682
11,GUANAJUATO,7,LEON,20,LEON,1646,C04,103,56,1,10,3,6,8,5,1,13,0,212,9,221,682
11,GUANAJUATO,7,LEON,20,LEON,1647,B,107,44,4,12,1,4,2,6,3,10,1,198,3,201,729
11,GUANAJUATO,7,LEON,20,LEON,1647,C01,105,42,0,18,1,6,2,6,1,11,0,197,2,199,729
11,GUANAJUATO,7,LEON,20,LEON,1647,C02,98,55,3,16,2,3,6,6,3,0,1,199,6,205,729
11,GUANAJUATO,7,LEON,20,LEON,1647,C03,90,53,1,14,1,9,7,6,3,9,0,193,6,199,729
11,GUANAJUATO,7,LEON,20,LEON,1647,C04,93,45,3,15,1,1,3,7,4,4,0,179,5,184,729
11,GUANAJUATO,7,LEON,20,LEON,1647,C05,123,36,3,11,2,3,3,2,4,10,0,202,2,204,728
11,GUANAJUATO,7,LEON,20,LEON,1647,C06,109,61,5,11,2,2,3,7,3,9,0,215,0,215,728
11,GUANAJUATO,7,LEON,20,LEON,1647,C07,121,50,0,18,2,3,4,5,3,12,1,222,7,229,728
11,GUANAJUATO,7,LEON,20,LEON,1647,C08,119,61,1,13,0,5,5,2,2,11,0,219,8,227,728
11,GUANAJUATO,7,LEON,20,LEON,1647,C09,119,50,3,12,2,6,4,8,2,7,0,217,5,222,728
11,GUANAJUATO,7,LEON,20,LEON,1647,C10,111,45,5,19,3,5,7,3,7,7,0,214,9,223,728
11,GUANAJUATO,7,LEON,20,LEON,1647,C11,117,43,5,8,3,5,4,11,3,12,0,213,6,219,728
11,GUANAJUATO,7,LEON,20,LEON,1647,C12,97,57,7,10,1,6,5,4,3,11,0,205,6,211,728
11,GUANAJUATO,7,LEON,20,LEON,1647,C13,100,48,3,16,2,4,3,6,8,8,0,201,6,207,728
11,GUANAJUATO,7,LEON,20,LEON,1647,C14,118,61,1,19,1,5,5,12,4,2,0,232,8,240,728
11,GUANAJUATO,7,LEON,20,LEON,1647,C15,92,48,2,20,3,5,5,11,4,5,0,199,6,205,728
11,GUANAJUATO,6,LEON,20,LEON,1648,B,130,62,4,12,0,2,2,2,0,5,0,224,11,235,577
11,GUANAJUATO,6,LEON,20,LEON,1649,B,106,114,6,12,4,1,9,8,3,5,0,273,3,276,680
11,GUANAJUATO,6,LEON,20,LEON,1649,C01,112,106,4,19,4,3,3,5,5,10,0,283,9,292,680
11,GUANAJUATO,6,LEON,20,LEON,1649,C02,100,89,2,30,2,0,4,5,0,7,0,257,10,267,680
11,GUANAJUATO,6,LEON,20,LEON,1650,B,67,125,2,14,2,3,4,6,4,3,0,239,3,242,597
11,GUANAJUATO,6,LEON,20,LEON,1650,C01,84,102,4,23,1,3,5,7,2,5,3,242,7,249,597
11,GUANAJUATO,6,LEON,20,LEON,1650,C02,77,96,1,20,0,1,6,3,2,8,0,228,12,240,597
11,GUANAJUATO,6,LEON,20,LEON,1651,B,115,44,0,13,0,3,3,4,4,5,0,197,7,204,589
11,GUANAJUATO,6,LEON,20,LEON,1651,C01,102,58,1,11,3,5,7,2,3,4,0,199,9,208,589
11,GUANAJUATO,6,LEON,20,LEON,1651,C02,121,53,1,16,2,3,3,6,4,8,0,221,6,227,589
11,GUANAJUATO,6,LEON,20,LEON,1651,C03,83,55,2,16,1,3,4,5,1,3,0,178,3,181,588
11,GUANAJUATO,7,LEON,20,LEON,1652,B,75,112,75,26,1,2,4,6,3,4,0,319,7,326,748
11,GUANAJUATO,7,LEON,20,LEON,1652,C01,94,81,13,11,3,2,5,3,1,2,0,227,5,232,748
11,GUANAJUATO,7,LEON,20,LEON,1652,C02,77,96,16,13,4,1,1,6,1,4,0,231,6,237,748
11,GUANAJUATO,7,LEON,20,LEON,1652,C03,123,97,20,20,3,1,3,8,1,3,0,286,3,289,748
11,GUANAJUATO,7,LEON,20,LEON,1652,C04,106,92,15,18,2,2,2,5,3,4,0,253,6,259,748
11,GUANAJUATO,7,LEON,20,LEON,1653,B,137,41,0,15,1,4,1,3,1,2,0,214,7,221,649
11,GUANAJUATO,7,LEON,20,LEON,1653,C01,146,36,3,12,0,4,7,2,2,8,0,224,7,231,648
11,GUANAJUATO,7,LEON,20,LEON,1653,C02,162,58,3,18,5,5,5,5,2,5,0,268,8,276,648
11,GUANAJUATO,7,LEON,20,LEON,1653,C03,144,40,2,12,1,4,5,2,3,3,0,222,7,229,648
11,GUANAJUATO,7,LEON,20,LEON,1654,B,144,42,2,20,0,1,2,5,3,8,0,234,13,247,557
11,GUANAJUATO,7,LEON,20,LEON,1654,C01,168,68,1,7,4,2,7,2,5,3,0,277,9,286,556
11,GUANAJUATO,7,LEON,20,LEON,1654,C02,162,45,1,15,2,3,1,1,3,6,0,239,7,246,556
11,GUANAJUATO,6,LEON,20,LEON,1655,B,99,93,3,13,2,3,3,3,2,7,0,232,6,238,583
11,GUANAJUATO,6,LEON,20,LEON,1655,C01,92,84,3,13,4,1,7,3,3,3,0,218,7,225,583
11,GUANAJUATO,6,LEON,20,LEON,1655,C02,87,58,1,13,3,2,8,4,4,2,0,182,4,186,583
11,GUANAJUATO,6,LEON,20,LEON,1656,B,81,87,2,13,1,2,3,0,3,1,1,201,6,207,462
11,GUANAJUATO,6,LEON,20,LEON,1656,C01,96,80,3,8,0,1,3,1,3,1,0,200,11,211,462
11,GUANAJUATO,6,LEON,20,LEON,1657,B,108,125,1,20,0,2,2,2,0,1,0,267,7,274,742
11,GUANAJUATO,6,LEON,20,LEON,1657,C01,121,86,1,18,0,5,5,3,5,5,0,254,4,258,741
11,GUANAJUATO,6,LEON,20,LEON,1658,B,97,114,3,15,0,1,6,0,2,8,0,248,13,261,650
11,GUANAJUATO,6,LEON,20,LEON,1658,C01,120,87,1,12,6,0,3,3,1,5,0,245,5,250,650
11,GUANAJUATO,6,LEON,20,LEON,1658,C02,123,87,0,7,3,2,13,2,1,7,0,252,3,255,649
11,GUANAJUATO,6,LEON,20,LEON,1658,C03,96,88,1,10,6,0,2,4,3,3,0,218,8,226,649
11,GUANAJUATO,6,LEON,20,LEON,1658,C04,110,98,0,10,1,1,5,2,1,9,0,241,5,246,649
11,GUANAJUATO,6,LEON,20,LEON,1658,C05,97,85,11,14,0,1,8,2,1,6,0,231,12,243,649
11,GUANAJUATO,6,LEON,20,LEON,1658,C06,118,81,1,14,2,1,2,0,1,8,0,238,6,244,649
11,GUANAJUATO,7,LEON,20,LEON,1659,B,104,86,2,12,1,6,8,4,2,4,0,233,11,244,610
11,GUANAJUATO,7,LEON,20,LEON,1659,C01,122,80,4,14,2,1,3,7,17,2,0,259,11,270,610
11,GUANAJUATO,7,LEON,20,LEON,1660,B,117,75,3,12,0,0,4,1,4,1,0,227,5,232,621
11,GUANAJUATO,7,LEON,20,LEON,1660,C01,101,88,4,11,1,1,3,3,7,4,0,230,11,241,621
11,GUANAJUATO,7,LEON,20,LEON,1661,B,95,65,6,14,1,3,3,2,6,0,0,196,5,201,647
11,GUANAJUATO,7,LEON,20,LEON,1661,C01,116,68,3,18,1,2,2,4,5,2,0,224,0,224,647
11,GUANAJUATO,7,LEON,20,LEON,1661,C02,122,47,7,20,0,1,3,9,4,0,0,216,11,227,647
11,GUANAJUATO,7,LEON,20,LEON,1662,B,153,108,3,9,2,1,3,3,3,6,0,294,10,304,743
11,GUANAJUATO,7,LEON,20,LEON,1662,C01,129,117,4,19,1,3,7,0,3,6,0,295,7,302,742
11,GUANAJUATO,7,LEON,20,LEON,1662,C02,126,123,4,10,1,2,9,1,5,4,0,291,12,303,742
11,GUANAJUATO,6,LEON,20,LEON,1663,B,148,106,3,14,0,0,1,0,1,8,0,285,10,295,615
11,GUANAJUATO,6,LEON,20,LEON,1663,C01,205,55,2,6,2,1,3,0,2,5,0,284,6,290,615
11,GUANAJUATO,6,LEON,20,LEON,1663,C02,164,97,2,11,1,2,4,2,2,3,0,295,9,304,614
11,GUANAJUATO,7,LEON,20,LEON,1664,B,135,110,2,21,2,2,4,1,4,3,0,287,6,293,600
11,GUANAJUATO,7,LEON,20,LEON,1664,C01,153,81,6,13,1,3,6,3,2,5,0,282,14,296,600
11,GUANAJUATO,7,LEON,20,LEON,1664,C02,143,109,3,19,0,2,3,2,5,2,0,296,10,306,600
11,GUANAJUATO,7,LEON,20,LEON,1664,C03,104,89,1,9,1,2,4,3,1,2,5,227,3,230,599
11,GUANAJUATO,6,LEON,20,LEON,1665,B,94,90,4,6,4,2,3,8,5,3,0,223,11,234,680
11,GUANAJUATO,6,LEON,20,LEON,1665,C01,103,99,2,12,0,1,0,4,4,4,0,234,11,245,680
11,GUANAJUATO,6,LEON,20,LEON,1665,C02,97,106,2,10,0,0,7,1,1,3,0,233,2,235,680
11,GUANAJUATO,6,LEON,20,LEON,1665,C03,101,68,1,14,1,1,2,4,4,4,0,212,4,216,679
11,GUANAJUATO,7,LEON,20,LEON,1666,B,173,92,0,12,2,1,9,1,48,4,0,347,8,355,661
11,GUANAJUATO,7,LEON,20,LEON,1667,B,144,121,2,20,1,3,4,4,1,2,0,304,14,318,625
11,GUANAJUATO,7,LEON,20,LEON,1667,C01,126,147,2,10,2,1,12,2,10,2,0,327,9,336,625
11,GUANAJUATO,7,LEON,20,LEON,1667,C02,148,116,3,12,4,0,4,1,8,0,0,313,4,317,625
11,GUANAJUATO,7,LEON,20,LEON,1667,C03,146,101,1,14,1,2,7,4,2,4,1,294,8,302,624
11,GUANAJUATO,7,LEON,20,LEON,1668,B,96,52,1,8,5,4,2,2,27,2,0,200,6,206,529
11,GUANAJUATO,7,LEON,20,LEON,1668,C01,82,50,2,8,2,5,5,8,75,2,0,240,15,255,529
11,GUANAJUATO,7,LEON,20,LEON,1668,C02,67,49,3,14,0,3,5,6,49,1,0,201,12,213,528
11,GUANAJUATO,7,LEON,20,LEON,1669,B,116,66,6,7,1,2,5,5,5,2,0,215,7,222,602
11,GUANAJUATO,7,LEON,20,LEON,1669,C01,146,36,3,14,5,2,8,5,2,5,0,226,12,238,602
11,GUANAJUATO,7,LEON,20,LEON,1669,C02,104,70,6,9,1,1,1,2,11,12,0,225,0,225,602
11,GUANAJUATO,7,LEON,20,LEON,1670,B,114,64,1,10,1,5,3,0,1,6,0,210,6,216,603
11,GUANAJUATO,7,LEON,20,LEON,1670,C01,99,83,3,8,3,4,2,1,1,5,0,218,9,227,603
11,GUANAJUATO,7,LEON,20,LEON,1671,B,121,58,1,7,1,1,1,0,5,2,0,205,4,209,571
11,GUANAJUATO,7,LEON,20,LEON,1671,C01,114,62,0,4,4,4,3,1,4,1,0,199,8,207,570
11,GUANAJUATO,6,LEON,20,LEON,1672,B,116,39,3,12,1,4,7,4,3,6,0,200,1,201,648
11,GUANAJUATO,6,LEON,20,LEON,1672,C01,123,51,0,18,1,5,8,2,0,2,0,212,11,223,648
11,GUANAJUATO,6,LEON,20,LEON,1672,C02,122,61,4,31,1,3,7,3,5,9,0,251,8,259,647
11,GUANAJUATO,6,LEON,20,LEON,1673,B,145,45,1,5,1,5,8,5,2,6,0,223,12,235,467
11,GUANAJUATO,6,LEON,20,LEON,1673,C01,114,49,2,12,5,6,11,2,3,5,0,211,6,217,466
11,GUANAJUATO,3,LEON,20,LEON,1674,B,156,49,1,30,2,12,9,9,5,9,0,282,12,294,710
11,GUANAJUATO,3,LEON,20,LEON,1674,C01,188,64,1,25,4,11,12,6,8,15,0,338,8,346,710
11,GUANAJUATO,3,LEON,20,LEON,1674,C02,174,52,3,15,5,12,5,9,10,15,0,302,10,312,710
11,GUANAJUATO,3,LEON,20,LEON,1674,C03,176,42,6,15,3,12,8,8,7,13,8,300,8,308,709
11,GUANAJUATO,3,LEON,20,LEON,1675,B,166,48,3,21,2,12,3,7,7,13,1,286,12,298,649
11,GUANAJUATO,3,LEON,20,LEON,1675,C01,167,37,0,25,0,16,7,8,4,10,0,280,10,290,649
11,GUANAJUATO,3,LEON,20,LEON,1675,C02,181,46,3,21,2,9,9,5,3,11,0,290,14,304,649
11,GUANAJUATO,3,LEON,20,LEON,1675,C03,152,54,1,19,2,6,13,3,7,17,0,277,11,288,649
11,GUANAJUATO,3,LEON,20,LEON,1675,C04,157,58,3,17,0,9,14,4,4,9,0,280,11,291,649
11,GUANAJUATO,3,LEON,20,LEON,1676,B,182,44,5,16,3,10,8,7,5,12,0,292,12,304,618
11,GUANAJUATO,3,LEON,20,LEON,1676,C01,171,48,0,18,2,10,5,9,10,9,0,284,20,304,617
11,GUANAJUATO,3,LEON,20,LEON,1677,B,150,49,0,39,3,11,4,4,3,5,0,273,4,277,727
11,GUANAJUATO,3,LEON,20,LEON,1677,C01,167,34,2,24,2,3,3,0,2,9,0,249,6,255,727
11,GUANAJUATO,3,LEON,20,LEON,1677,C02,134,43,4,36,3,9,8,5,3,9,0,266,3,269,727
11,GUANAJUATO,3,LEON,20,LEON,1677,C03,130,47,2,30,1,3,6,4,2,3,0,234,8,242,727
11,GUANAJUATO,3,LEON,20,LEON,1677,C04,138,45,20,20,3,6,4,4,0,5,0,249,8,257,726
11,GUANAJUATO,3,LEON,20,LEON,1678,B,125,49,1,17,1,10,5,13,1,10,1,233,11,244,437
11,GUANAJUATO,3,LEON,20,LEON,1678,C01,125,40,0,15,0,3,1,9,2,8,1,205,8,213,437
11,GUANAJUATO,3,LEON,20,LEON,1679,B,176,50,1,20,4,3,2,6,4,14,0,283,7,290,521
11,GUANAJUATO,3,LEON,20,LEON,1679,C01,138,37,3,9,1,14,6,18,8,7,0,242,7,249,521
11,GUANAJUATO,3,LEON,20,LEON,1680,B,175,47,1,16,1,1,7,4,5,10,0,273,8,281,551
11,GUANAJUATO,3,LEON,20,LEON,1680,C01,164,50,1,12,5,6,3,5,9,11,0,266,7,273,551
11,GUANAJUATO,3,LEON,20,LEON,1681,B,206,57,3,17,0,10,5,7,5,10,1,326,10,336,743
11,GUANAJUATO,3,LEON,20,LEON,1681,C01,189,55,5,20,2,9,4,4,3,6,1,300,16,316,743
11,GUANAJUATO,3,LEON,20,LEON,1681,C02,0,0,0,0,0,0,0,0,0,0,0,0,0,0,743
11,GUANAJUATO,3,LEON,20,LEON,1681,C03,215,47,3,17,1,6,3,3,6,11,0,315,6,321,743
11,GUANAJUATO,3,LEON,20,LEON,1681,C04,209,49,6,10,1,9,6,7,5,10,2,317,5,322,743
11,GUANAJUATO,3,LEON,20,LEON,1681,C05,199,52,3,15,1,3,9,5,3,15,0,308,9,317,743
11,GUANAJUATO,3,LEON,20,LEON,1681,C06,190,54,2,15,0,9,8,6,7,10,0,303,11,314,742
11,GUANAJUATO,3,LEON,20,LEON,1681,C07,198,57,2,17,2,3,2,7,10,11,2,313,14,327,742
11,GUANAJUATO,3,LEON,20,LEON,1681,C08,195,32,5,19,4,4,8,8,6,7,2,294,9,303,742
11,GUANAJUATO,3,LEON,20,LEON,1681,C09,206,58,2,14,3,4,9,6,4,5,0,315,15,330,742
11,GUANAJUATO,3,LEON,20,LEON,1681,C10,214,61,1,14,2,10,2,6,3,13,0,330,14,344,742
11,GUANAJUATO,3,LEON,20,LEON,1682,B,161,47,1,7,2,3,7,7,2,3,0,242,9,251,504
11,GUANAJUATO,3,LEON,20,LEON,1682,C01,148,52,1,16,4,9,5,12,4,7,0,258,10,268,503
11,GUANAJUATO,3,LEON,20,LEON,1683,B,147,42,2,10,1,4,2,3,3,16,0,230,9,239,442
11,GUANAJUATO,3,LEON,20,LEON,1683,C01,129,37,2,16,0,2,2,5,3,13,1,217,21,238,442
11,GUANAJUATO,3,LEON,20,LEON,1684,B,192,73,4,46,2,7,5,11,3,8,1,358,9,367,732
11,GUANAJUATO,3,LEON,20,LEON,1685,B,140,50,5,16,1,3,11,9,10,11,0,260,7,267,612
11,GUANAJUATO,3,LEON,20,LEON,1686,B,136,52,2,11,3,5,7,2,4,7,0,231,9,240,457
11,GUANAJUATO,3,LEON,20,LEON,1686,C01,112,49,1,22,1,5,7,8,1,10,0,222,15,237,457
11,GUANAJUATO,3,LEON,20,LEON,1687,B,307,57,3,10,1,1,2,2,2,1,1,388,6,394,653
11,GUANAJUATO,3,LEON,20,LEON,1687,C01,271,76,1,12,0,4,2,5,5,1,1,381,8,389,652
11,GUANAJUATO,3,LEON,20,LEON,1687,C02,293,49,1,8,0,5,1,2,1,1,0,365,9,374,652
11,GUANAJUATO,3,LEON,20,LEON,1687,C03,277,50,0,10,0,7,3,4,1,1,0,353,13,366,652
11,GUANAJUATO,3,LEON,20,LEON,1687,C04,313,58,0,4,0,1,2,2,5,2,0,387,8,395,652
11,GUANAJUATO,3,LEON,20,LEON,1688,B,122,43,6,12,1,5,6,7,6,0,2,214,5,219,437
11,GUANAJUATO,3,LEON,20,LEON,1688,C01,133,34,4,15,1,3,9,3,4,9,0,215,6,221,437
11,GUANAJUATO,3,LEON,20,LEON,1689,B,171,65,5,21,3,5,9,4,10,10,0,307,13,320,581
11,GUANAJUATO,3,LEON,20,LEON,1689,C01,173,50,7,20,0,6,5,8,3,17,0,297,4,301,580
11,GUANAJUATO,3,LEON,20,LEON,1690,B,151,34,6,18,1,8,4,10,8,8,0,249,7,256,514
11,GUANAJUATO,3,LEON,20,LEON,1690,C01,160,41,3,24,3,8,5,3,5,8,0,261,9,270,514
11,GUANAJUATO,3,LEON,20,LEON,1690,C02,149,50,3,23,3,3,2,5,5,8,0,251,8,259,514
11,GUANAJUATO,3,LEON,20,LEON,1691,B,204,55,0,27,2,9,7,6,6,16,5,338,11,349,687
11,GUANAJUATO,3,LEON,20,LEON,1691,C01,187,49,6,28,1,5,4,1,2,10,0,296,10,306,687
11,GUANAJUATO,3,LEON,20,LEON,1692,B,211,63,2,25,2,5,6,8,7,12,1,348,13,361,745
11,GUANAJUATO,3,LEON,20,LEON,1692,C01,197,55,2,11,3,9,11,13,3,10,0,317,13,330,745
11,GUANAJUATO,3,LEON,20,LEON,1693,B,0,0,0,0,0,0,0,0,0,0,0,0,0,0,566
11,GUANAJUATO,3,LEON,20,LEON,1693,C01,201,37,0,9,3,12,11,12,6,10,0,301,12,313,565
11,GUANAJUATO,3,LEON,20,LEON,1694,B,194,48,2,12,0,2,3,6,5,5,2,282,1,283,570
11,GUANAJUATO,3,LEON,20,LEON,1694,C01,220,54,2,16,0,5,2,7,1,5,2,315,10,325,569
11,GUANAJUATO,3,LEON,20,LEON,1694,C02,208,63,3,15,1,7,1,2,2,6,0,316,11,327,569
11,GUANAJUATO,3,LEON,20,LEON,1694,C03,199,55,1,15,1,7,5,4,5,4,1,297,6,303,569
11,GUANAJUATO,3,LEON,20,LEON,1695,B,210,46,1,10,2,8,7,4,8,9,2,309,15,324,597
11,GUANAJUATO,3,LEON,20,LEON,1695,C01,194,64,1,7,0,5,6,4,5,10,0,298,14,312,597
11,GUANAJUATO,3,LEON,20,LEON,1695,C02,205,58,1,11,1,11,3,6,8,4,0,309,2,311,597
11,GUANAJUATO,3,LEON,20,LEON,1695,C03,209,46,3,11,2,6,2,5,6,5,0,301,17,318,596
11,GUANAJUATO,3,LEON,20,LEON,1696,B,135,59,0,20,0,5,4,7,3,8,0,244,12,256,570
11,GUANAJUATO,3,LEON,20,LEON,1696,C01,146,36,5,14,5,2,8,5,2,5,0,228,12,240,570
11,GUANAJUATO,3,LEON,20,LEON,1696,C02,155,44,2,15,7,7,7,4,2,10,0,257,8,265,569
11,GUANAJUATO,3,LEON,20,LEON,1697,B,225,55,6,7,3,7,3,8,4,4,0,324,17,341,625
11,GUANAJUATO,3,LEON,20,LEON,1697,C01,258,42,1,7,2,17,5,2,12,7,0,353,15,368,625
11,GUANAJUATO,3,LEON,20,LEON,1697,C02,250,47,2,8,1,13,7,7,4,11,0,351,11,362,625
11,GUANAJUATO,3,LEON,20,LEON,1697,C03,223,65,1,8,1,10,5,7,9,10,0,340,10,350,625
11,GUANAJUATO,3,LEON,20,LEON,1697,C04,229,59,3,13,0,11,5,3,0,6,0,330,9,339,624
11,GUANAJUATO,3,LEON,20,LEON,1698,B,212,72,0,10,2,2,1,6,2,1,1,311,15,326,491
11,GUANAJUATO,3,LEON,20,LEON,1698,C01,232,46,1,9,0,10,4,0,2,1,0,306,14,320,490
11,GUANAJUATO,3,LEON,20,LEON,1699,B,147,41,1,13,0,3,0,6,6,11,0,231,9,240,409
11,GUANAJUATO,3,LEON,20,LEON,1699,C01,139,40,2,10,1,5,1,6,6,4,2,216,12,228,408
11,GUANAJUATO,3,LEON,20,LEON,1700,B,156,83,3,13,3,3,6,10,5,7,1,296,2,298,739
11,GUANAJUATO,3,LEON,20,LEON,1700,C01,251,84,2,20,1,9,6,11,7,0,0,395,28,423,739
11,GUANAJUATO,3,LEON,20,LEON,1701,B,170,46,1,9,1,4,2,15,2,1,0,254,8,262,518
11,GUANAJUATO,3,LEON,20,LEON,1701,C01,168,39,1,15,3,5,4,8,7,22,0,275,5,280,517
11,GUANAJUATO,3,LEON,20,LEON,1702,B,270,93,0,10,1,10,4,3,5,1,0,401,7,408,705
11,GUANAJUATO,3,LEON,20,LEON,1702,C01,272,83,0,21,0,8,5,3,3,5,0,401,16,417,704
11,GUANAJUATO,3,LEON,20,LEON,1703,B,74,19,0,4,0,2,3,1,5,1,1,111,5,116,239
11,GUANAJUATO,3,LEON,20,LEON,1704,B,196,56,1,5,0,6,0,5,2,3,0,276,9,285,459
11,GUANAJUATO,3,LEON,20,LEON,1704,C01,185,55,3,6,3,3,4,7,5,6,1,279,10,289,458
11,GUANAJUATO,3,LEON,20,LEON,1705,B,184,56,2,6,0,2,2,5,7,7,0,274,15,289,478
11,GUANAJUATO,3,LEON,20,LEON,1705,C01,198,56,2,5,1,1,2,5,4,6,1,288,12,300,478
11,GUANAJUATO,3,LEON,20,LEON,1706,B,155,46,2,18,5,5,5,6,3,9,0,257,11,268,558
11,GUANAJUATO,3,LEON,20,LEON,1706,C01,176,30,4,20,1,5,9,4,2,3,0,256,8,264,557
11,GUANAJUATO,3,LEON,20,LEON,1707,B,176,51,1,11,3,5,8,9,3,3,0,271,13,284,592
11,GUANAJUATO,3,LEON,20,LEON,1708,B,231,66,4,11,1,9,4,7,4,6,0,348,11,359,564
11,GUANAJUATO,3,LEON,20,LEON,1708,C01,246,58,2,9,0,12,10,6,4,6,2,355,12,367,564
11,GUANAJUATO,3,LEON,20,LEON,1709,B,193,45,5,19,3,3,6,9,4,12,0,303,17,320,710
11,GUANAJUATO,3,LEON,20,LEON,1709,C01,207,54,0,23,1,1,12,12,2,4,0,318,15,333,709
11,GUANAJUATO,3,LEON,20,LEON,1710,B,163,52,1,8,0,4,6,5,4,3,1,248,9,257,488
11,GUANAJUATO,3,LEON,20,LEON,1710,C01,156,51,2,13,0,8,9,4,4,3,0,254,8,262,488
11,GUANAJUATO,3,LEON,20,LEON,1711,B,0,0,0,0,0,0,0,0,0,0,0,0,0,0,680
11,GUANAJUATO,3,LEON,20,LEON,1711,C01,273,60,3,8,1,4,8,4,7,6,0,376,6,382,680
11,GUANAJUATO,3,LEON,20,LEON,1711,C02,264,54,3,10,0,6,4,6,5,4,3,359,6,365,680
11,GUANAJUATO,3,LEON,20,LEON,1711,C03,240,79,4,9,1,9,3,6,6,4,0,362,7,369,679
11,GUANAJUATO,3,LEON,20,LEON,1711,C04,264,62,4,7,1,3,3,6,5,10,1,367,11,378,679
11,GUANAJUATO,3,LEON,20,LEON,1712,B,179,58,2,6,0,11,2,5,7,7,1,278,7,285,516
11,GUANAJUATO,3,LEON,20,LEON,1713,B,193,52,0,6,0,10,9,1,4,4,2,284,10,294,466
11,GUANAJUATO,3,LEON,20,LEON,1713,C01,193,55,4,12,0,7,4,7,5,6,0,295,13,308,466
11,GUANAJUATO,3,LEON,20,LEON,1714,B,175,61,0,3,2,3,5,2,2,6,0,262,5,267,465
11,GUANAJUATO,3,LEON,20,LEON,1714,C01,175,55,0,6,0,8,1,3,3,3,0,257,17,274,464
11,GUANAJUATO,3,LEON,20,LEON,1715,B,157,56,2,12,0,7,2,5,5,6,0,254,11,265,419
11,GUANAJUATO,3,LEON,20,LEON,1715,C01,166,42,2,10,1,4,7,6,3,6,1,248,8,256,419
11,GUANAJUATO,3,LEON,20,LEON,1716,B,141,50,0,7,0,1,3,5,2,9,0,219,9,228,395
11,GUANAJUATO,3,LEON,20,LEON,1716,C01,125,53,2,5,1,8,2,5,2,7,2,212,5,217,394
11,GUANAJUATO,3,LEON,20,LEON,1717,B,152,41,0,5,0,4,3,2,4,6,0,219,10,229,395
11,GUANAJUATO,3,LEON,20,LEON,1717,C01,172,43,0,7,0,4,1,3,2,5,0,241,7,248,395
11,GUANAJUATO,3,LEON,20,LEON,1718,B,173,42,2,22,2,4,7,4,4,1,0,263,5,268,587
11,GUANAJUATO,3,LEON,20,LEON,1718,C01,173,44,4,14,1,2,8,10,1,7,0,264,5,269,586
11,GUANAJUATO,3,LEON,20,LEON,1719,B,180,69,6,13,2,7,4,3,2,5,1,296,19,315,682
11,GUANAJUATO,3,LEON,20,LEON,1719,C01,184,40,2,11,3,3,5,1,3,5,0,260,17,277,682
11,GUANAJUATO,3,LEON,20,LEON,1720,B,157,41,1,9,2,4,6,7,6,4,0,239,13,252,531
11,GUANAJUATO,3,LEON,20,LEON,1720,C01,120,39,3,17,0,4,9,5,1,5,0,206,8,214,530
11,GUANAJUATO,3,LEON,20,LEON,1721,B,0,0,0,0,0,0,0,0,0,0,0,0,0,0,606
11,GUANAJUATO,3,LEON,20,LEON,1721,C01,158,54,2,12,3,2,6,10,1,7,0,257,16,273,605
11,GUANAJUATO,3,LEON,20,LEON,1722,B,148,67,4,29,3,7,9,23,5,9,0,309,8,317,674
11,GUANAJUATO,3,LEON,20,LEON,1722,C01,148,56,4,20,0,7,9,24,5,9,0,287,11,298,673
11,GUANAJUATO,3,LEON,20,LEON,1723,B,181,66,2,14,1,2,8,13,8,7,0,304,14,318,555
11,GUANAJUATO,3,LEON,20,LEON,1723,C01,156,67,4,23,1,6,9,9,6,8,0,293,16,309,554
11,GUANAJUATO,3,LEON,20,LEON,1724,B,147,41,0,16,4,6,13,3,7,6,0,247,7,254,493
11,GUANAJUATO,3,LEON,20,LEON,1724,C01,100,57,2,18,2,5,6,4,3,6,2,207,6,213,492
11,GUANAJUATO,3,LEON,20,LEON,1725,B,149,46,2,14,1,6,8,3,2,4,0,239,6,245,485
11,GUANAJUATO,3,LEON,20,LEON,1726,B,131,57,1,10,1,2,9,2,4,4,0,231,8,239,481
11,GUANAJUATO,3,LEON,20,LEON,1726,C01,119,68,1,18,1,7,3,13,0,6,0,239,7,246,480
11,GUANAJUATO,3,LEON,20,LEON,1727,B,154,65,2,15,0,1,7,1,5,2,0,253,7,260,588
11,GUANAJUATO,3,LEON,20,LEON,1727,C01,138,52,2,18,1,8,2,6,4,10,0,244,14,258,588
11,GUANAJUATO,3,LEON,20,LEON,1728,B,217,65,2,6,0,10,4,5,3,4,0,317,25,342,569
11,GUANAJUATO,3,LEON,20,LEON,1729,B,146,52,4,12,2,1,6,1,3,5,0,234,11,245,463
11,GUANAJUATO,3,LEON,20,LEON,1729,C01,136,45,1,11,2,2,4,5,0,7,0,219,5,224,463
11,GUANAJUATO,3,LEON,20,LEON,1729,S01,37,29,0,11,1,4,2,3,2,3,0,93,2,95,0
11,GUANAJUATO,3,LEON,20,LEON,1730,B,127,48,2,14,1,2,6,1,2,8,0,216,8,224,435
11,GUANAJUATO,3,LEON,20,LEON,1730,C01,123,46,2,19,0,1,8,5,3,7,1,220,13,233,434
11,GUANAJUATO,3,LEON,20,LEON,1731,B,151,46,1,17,3,4,4,5,6,7,0,250,6,256,531
11,GUANAJUATO,3,LEON,20,LEON,1731,C01,152,32,1,23,2,4,3,4,1,6,0,232,2,234,530
11,GUANAJUATO,3,LEON,20,LEON,1731,C02,11,47,1,20,1,5,5,7,5,9,0,114,11,125,530
11,GUANAJUATO,3,LEON,20,LEON,1732,B,0,0,0,0,0,0,0,0,0,0,0,0,0,0,651
11,GUANAJUATO,3,LEON,20,LEON,1732,C01,117,62,3,21,2,9,12,7,5,9,0,257,8,265,651
11,GUANAJUATO,3,LEON,20,LEON,1732,C02,132,54,2,14,2,8,9,8,6,5,0,247,10,257,651
11,GUANAJUATO,3,LEON,20,LEON,1733,B,135,56,3,14,0,3,6,6,7,13,0,251,13,264,607
11,GUANAJUATO,3,LEON,20,LEON,1733,C01,0,0,0,0,0,0,0,0,0,0,0,0,0,0,607
11,GUANAJUATO,3,LEON,20,LEON,1733,C02,157,50,3,12,5,2,4,5,9,7,0,258,8,266,607
11,GUANAJUATO,3,LEON,20,LEON,1734,B,177,60,6,23,1,5,6,7,3,11,1,301,20,321,676
11,GUANAJUATO,3,LEON,20,LEON,1734,C01,191,66,5,22,2,3,2,5,5,4,1,309,10,319,675
11,GUANAJUATO,3,LEON,20,LEON,1735,B,127,50,3,20,3,3,8,3,2,6,0,225,6,231,515
11,GUANAJUATO,3,LEON,20,LEON,1735,C01,121,40,4,16,4,6,5,8,3,1,1,210,4,214,515
11,GUANAJUATO,3,LEON,20,LEON,1736,B,104,37,2,21,1,7,8,5,3,8,1,200,3,203,400
11,GUANAJUATO,3,LEON,20,LEON,1736,C01,112,41,0,24,1,3,2,2,1,7,2,197,8,205,399
11,GUANAJUATO,3,LEON,20,LEON,1737,B,132,29,2,18,0,3,5,1,2,7,0,208,8,216,500
11,GUANAJUATO,3,LEON,20,LEON,1737,C01,120,26,3,20,1,5,3,0,2,2,0,182,6,188,499
11,GUANAJUATO,3,LEON,20,LEON,1738,B,175,53,2,27,0,8,7,3,8,9,0,299,9,308,664
11,GUANAJUATO,3,LEON,20,LEON,1739,B,189,43,2,17,2,4,3,3,4,7,0,276,13,289,584
11,GUANAJUATO,3,LEON,20,LEON,1739,C01,165,57,1,20,1,7,4,7,3,13,0,280,8,288,584
11,GUANAJUATO,3,LEON,20,LEON,1740,B,137,38,2,7,1,5,4,1,3,1,0,205,5,210,457
11,GUANAJUATO,3,LEON,20,LEON,1740,C01,126,28,1,13,1,4,4,7,2,3,0,189,11,200,456
11,GUANAJUATO,3,LEON,20,LEON,1741,B,123,41,0,18,1,2,3,5,4,6,0,203,8,211,675
11,GUANAJUATO,3,LEON,20,LEON,1741,C01,119,54,2,26,0,6,8,1,2,5,0,227,4,231,674
11,GUANAJUATO,3,LEON,20,LEON,1741,C02,121,54,4,23,3,4,3,2,2,5,1,222,9,231,674
11,GUANAJUATO,3,LEON,20,LEON,1741,C03,132,38,3,24,3,4,7,2,1,8,1,230,7,237,674
11,GUANAJUATO,3,LEON,20,LEON,1741,C04,113,53,2,12,2,6,9,4,4,5,1,214,8,222,674
11,GUANAJUATO,3,LEON,20,LEON,1742,B,133,52,6,18,2,9,4,2,1,4,0,232,7,239,551
11,GUANAJUATO,3,LEON,20,LEON,1742,C01,125,43,6,26,3,11,5,4,4,6,0,235,4,239,551
11,GUANAJUATO,3,LEON,20,LEON,1743,B,151,66,2,17,2,1,9,1,8,8,0,269,16,285,539
11,GUANAJUATO,3,LEON,20,LEON,1744,B,117,54,2,8,2,6,3,7,1,7,1,209,7,216,432
11,GUANAJUATO,3,LEON,20,LEON,1744,C01,162,53,0,0,1,2,7,5,6,7,0,243,8,251,432
11,GUANAJUATO,3,LEON,20,LEON,1745,B,194,75,3,21,3,10,11,1,3,4,0,341,9,350,729
11,GUANAJUATO,3,LEON,20,LEON,1745,C01,173,90,7,19,1,6,3,3,7,8,2,319,14,333,729
11,GUANAJUATO,3,LEON,20,LEON,1746,B,137,53,1,9,1,2,4,2,4,7,0,222,5,227,475
11,GUANAJUATO,3,LEON,20,LEON,1746,C01,123,67,2,8,1,2,5,4,0,4,0,217,3,220,475
11,GUANAJUATO,3,LEON,20,LEON,1747,B,112,48,4,11,2,4,2,5,4,8,1,204,5,209,617
11,GUANAJUATO,3,LEON,20,LEON,1747,C01,126,57,6,23,2,4,8,4,5,7,0,244,5,249,617
11,GUANAJUATO,3,LEON,20,LEON,1747,C02,152,34,6,17,1,8,6,3,4,8,0,240,4,244,616
11,GUANAJUATO,3,LEON,20,LEON,1747,C03,155,43,4,12,2,6,4,4,3,12,0,248,9,257,616
11,GUANAJUATO,3,LEON,20,LEON,1747,C04,119,44,3,15,1,7,8,4,4,3,0,213,4,217,616
11,GUANAJUATO,3,LEON,20,LEON,1748,B,192,50,6,16,0,13,4,2,3,10,0,297,12,309,658
11,GUANAJUATO,3,LEON,20,LEON,1748,C01,183,53,7,11,2,8,10,6,3,9,0,297,11,308,657
11,GUANAJUATO,3,LEON,20,LEON,1749,B,145,59,0,20,2,7,3,5,4,5,0,250,9,259,528
11,GUANAJUATO,3,LEON,20,LEON,1749,C01,128,52,3,19,1,3,1,5,5,7,0,227,13,240,528
11,GUANAJUATO,3,LEON,20,LEON,1750,B,117,50,2,23,6,6,6,2,4,8,0,226,10,236,565
11,GUANAJUATO,3,LEON,20,LEON,1750,C01,107,47,7,19,2,5,7,6,7,10,0,220,11,231,564
11,GUANAJUATO,3,LEON,20,LEON,1751,B,152,55,8,24,2,5,5,5,4,9,0,278,5,283,710
11,GUANAJUATO,3,LEON,20,LEON,1751,C01,145,56,8,22,2,6,6,6,5,1,0,259,6,265,710
11,GUANAJUATO,3,LEON,20,LEON,1752,B,144,54,3,13,3,8,6,6,4,10,0,254,6,260,631
11,GUANAJUATO,3,LEON,20,LEON,1752,C01,143,47,10,20,7,4,4,5,13,4,0,260,9,269,631
11,GUANAJUATO,3,LEON,20,LEON,1753,B,135,54,4,13,3,3,7,4,3,6,0,235,5,240,532
11,GUANAJUATO,3,LEON,20,LEON,1753,C01,150,40,3,11,4,10,3,5,3,8,1,240,3,243,531
11,GUANAJUATO,3,LEON,20,LEON,1753,C02,164,27,2,17,0,8,7,2,2,3,0,235,7,242,531
11,GUANAJUATO,3,LEON,20,LEON,1754,B,190,57,6,21,4,10,8,8,4,4,0,317,12,329,700
11,GUANAJUATO,3,LEON,20,LEON,1754,C01,184,51,3,23,6,12,7,4,3,7,0,307,15,322,699
11,GUANAJUATO,3,LEON,20,LEON,1755,B,158,43,3,16,1,3,6,3,2,5,0,243,12,255,482
11,GUANAJUATO,3,LEON,20,LEON,1755,C01,153,59,3,11,2,2,6,4,1,1,0,247,5,252,482
11,GUANAJUATO,3,LEON,20,LEON,1756,B,118,39,2,13,2,4,6,5,4,4,0,205,27,232,431
11,GUANAJUATO,3,LEON,20,LEON,1756,C01,156,30,0,3,1,7,3,2,3,8,0,215,10,225,431
11,GUANAJUATO,3,LEON,20,LEON,1757,B,0,0,0,0,0,0,0,0,0,0,0,0,0,0,445
11,GUANAJUATO,3,LEON,20,LEON,1758,B,133,47,0,9,0,6,5,11,2,10,1,225,10,235,454
11,GUANAJUATO,3,LEON,20,LEON,1758,C01,0,0,0,0,0,0,0,0,0,0,0,0,0,0,454
11,GUANAJUATO,3,LEON,20,LEON,1759,B,178,63,4,18,2,8,5,5,1,6,0,295,10,305,660
11,GUANAJUATO,3,LEON,20,LEON,1759,C01,201,71,5,25,2,6,4,9,5,8,0,340,12,352,659
11,GUANAJUATO,3,LEON,20,LEON,1760,B,196,75,2,14,0,7,6,10,6,4,0,324,7,331,672
11,GUANAJUATO,3,LEON,20,LEON,1760,C01,203,70,3,6,0,3,6,13,10,7,1,326,7,333,672
11,GUANAJUATO,3,LEON,20,LEON,1761,B,126,51,2,9,2,4,7,1,1,5,0,211,14,225,427
11,GUANAJUATO,3,LEON,20,LEON,1761,C01,125,49,0,12,1,4,2,7,5,6,1,213,6,219,426
11,GUANAJUATO,3,LEON,20,LEON,1762,B,114,48,2,10,1,2,3,2,1,2,0,186,9,195,401
11,GUANAJUATO,3,LEON,20,LEON,1762,C01,101,45,3,12,2,8,3,1,3,10,0,190,9,199,400
11,GUANAJUATO,3,LEON,20,LEON,1763,B,117,55,1,12,0,8,5,6,8,5,0,217,6,223,422
11,GUANAJUATO,3,LEON,20,LEON,1763,C01,113,45,1,14,2,6,5,3,2,6,0,202,6,208,421
11,GUANAJUATO,3,LEON,20,LEON,1764,B,165,63,2,14,0,3,3,2,0,5,0,266,9,275,517
11,GUANAJUATO,3,LEON,20,LEON,1764,C01,157,61,1,16,3,3,5,2,5,6,0,260,5,265,516
11,GUANAJUATO,3,LEON,20,LEON,1765,B,159,56,5,25,2,4,5,10,6,4,0,280,7,287,682
11,GUANAJUATO,3,LEON,20,LEON,1765,C01,0,0,0,0,0,0,0,0,0,0,0,0,0,0,681
11,GUANAJUATO,3,LEON,20,LEON,1766,B,0,0,0,0,0,0,0,0,0,0,0,0,0,0,667
11,GUANAJUATO,3,LEON,20,LEON,1766,C01,133,60,0,17,0,7,2,5,6,5,0,240,15,255,667
11,GUANAJUATO,3,LEON,20,LEON,1767,B,188,47,3,17,3,6,4,3,0,6,1,282,8,290,612
11,GUANAJUATO,3,LEON,20,LEON,1767,C01,185,43,4,19,1,9,4,3,6,5,0,280,3,283,611
11,GUANAJUATO,3,LEON,20,LEON,1768,B,131,55,1,21,1,3,2,6,12,6,0,241,8,249,541
11,GUANAJUATO,3,LEON,20,LEON,1768,C01,124,45,0,17,0,5,6,3,9,4,0,219,11,230,541
11,GUANAJUATO,3,LEON,20,LEON,1768,C02,118,37,2,21,2,2,5,2,15,4,5,215,213,428,540
11,GUANAJUATO,3,LEON,20,LEON,1769,B,0,0,0,0,0,0,0,0,0,0,0,0,0,0,684
11,GUANAJUATO,3,LEON,20,LEON,1769,C01,176,62,2,21,3,8,7,4,5,5,0,297,2,299,684
11,GUANAJUATO,3,LEON,20,LEON,1770,B,140,67,0,14,5,7,6,4,4,0,0,247,7,254,510
11,GUANAJUATO,3,LEON,20,LEON,1770,C01,0,0,0,0,0,0,0,0,0,0,0,0,0,0,510
11,GUANAJUATO,3,LEON,20,LEON,1770,C02,143,48,3,12,1,5,3,6,6,5,0,235,11,246,510
11,GUANAJUATO,3,LEON,20,LEON,1771,B,129,47,3,15,3,10,4,7,5,4,0,230,4,234,532
11,GUANAJUATO,3,LEON,20,LEON,1771,C01,185,40,0,12,1,4,3,6,2,5,0,258,8,266,532
11,GUANAJUATO,3,LEON,20,LEON,1772,B,123,34,2,11,2,4,2,5,2,4,1,190,3,193,388
11,GUANAJUATO,3,LEON,20,LEON,1772,C01,89,30,4,12,0,6,1,8,4,6,0,161,5,166,387
11,GUANAJUATO,3,LEON,20,LEON,1773,B,154,48,2,13,0,3,3,2,7,6,0,238,8,246,523
11,GUANAJUATO,3,LEON,20,LEON,1773,C01,133,45,3,13,1,2,8,5,3,3,0,217,10,227,523
11,GUANAJUATO,3,LEON,20,LEON,1773,C02,119,46,2,6,1,5,2,5,1,9,0,200,4,204,523
11,GUANAJUATO,3,LEON,20,LEON,1774,B,184,50,3,20,2,2,7,6,6,15,0,298,12,310,686
11,GUANAJUATO,3,LEON,20,LEON,1774,C01,0,0,0,0,0,0,0,0,0,0,0,0,0,0,685
11,GUANAJUATO,3,LEON,20,LEON,1775,B,163,56,0,18,2,6,6,9,6,10,0,278,10,288,577
11,GUANAJUATO,3,LEON,20,LEON,1775,C01,144,29,2,22,1,1,10,6,2,5,0,224,10,234,576
11,GUANAJUATO,3,LEON,20,LEON,1776,B,0,0,0,0,0,0,0,0,0,0,0,0,0,0,700
11,GUANAJUATO,3,LEON,20,LEON,1777,B,214,82,9,18,3,10,12,7,2,5,1,367,15,382,742
11,GUANAJUATO,3,LEON,20,LEON,1778,B,187,97,4,20,0,3,5,9,4,6,0,335,5,340,660
11,GUANAJUATO,5,LEON,20,LEON,1779,B,116,58,4,13,2,7,4,4,4,6,0,219,9,228,490
11,GUANAJUATO,5,LEON,20,LEON,1779,C01,123,57,2,21,1,7,4,3,6,9,0,236,8,244,490
11,GUANAJUATO,5,LEON,20,LEON,1780,B,156,71,4,36,0,5,3,5,9,4,0,300,10,310,612
11,GUANAJUATO,5,LEON,20,LEON,1780,C01,149,91,0,27,2,6,3,5,3,5,1,301,10,311,612
11,GUANAJUATO,5,LEON,20,LEON,1781,B,133,41,1,21,1,1,3,3,6,2,0,213,12,225,533
11,GUANAJUATO,5,LEON,20,LEON,1781,C01,123,51,7,14,2,2,3,10,6,3,0,226,11,237,533
11,GUANAJUATO,5,LEON,20,LEON,1782,B,161,35,1,18,3,4,2,0,2,10,0,236,6,242,600
11,GUANAJUATO,5,LEON,20,LEON,1782,C01,123,50,3,18,0,4,5,2,3,1,0,210,5,215,599
11,GUANAJUATO,5,LEON,20,LEON,1783,B,150,45,0,19,2,5,6,4,4,7,0,312,0,312,473
11,GUANAJUATO,5,LEON,20,LEON,1783,C01,129,34,5,12,3,3,8,5,1,3,0,205,8,213,473
11,GUANAJUATO,5,LEON,20,LEON,1784,B,103,28,1,11,2,11,3,7,3,7,0,179,5,184,477
11,GUANAJUATO,5,LEON,20,LEON,1784,C01,99,42,0,27,0,3,7,2,1,5,0,190,10,200,476
11,GUANAJUATO,5,LEON,20,LEON,1785,B,126,56,1,10,0,1,6,3,2,3,1,223,14,237,515
11,GUANAJUATO,5,LEON,20,LEON,1785,C01,119,51,3,12,1,2,7,6,5,7,2,216,8,224,514
11,GUANAJUATO,5,LEON,20,LEON,1786,B,184,67,0,7,3,4,5,7,2,13,1,296,16,312,615
11,GUANAJUATO,5,LEON,20,LEON,1786,C01,166,55,7,12,1,6,8,6,4,7,0,274,5,279,615
11,GUANAJUATO,5,LEON,20,LEON,1787,B,123,51,3,21,3,8,12,7,2,8,0,244,6,250,636
11,GUANAJUATO,5,LEON,20,LEON,1787,C01,139,46,1,22,0,0,4,6,3,8,0,234,11,245,636
11,GUANAJUATO,5,LEON,20,LEON,1787,C02,152,48,2,14,0,6,4,4,4,3,0,239,7,246,636
11,GUANAJUATO,5,LEON,20,LEON,1787,C03,140,45,1,21,1,4,5,5,10,6,0,240,9,249,635
11,GUANAJUATO,5,LEON,20,LEON,1787,C04,173,48,3,8,1,6,1,11,8,8,0,270,10,280,635
11,GUANAJUATO,5,LEON,20,LEON,1788,B,162,57,2,8,2,4,6,8,0,9,0,258,12,270,555
11,GUANAJUATO,5,LEON,20,LEON,1789,B,130,39,2,13,0,4,5,5,2,5,0,207,10,217,452
11,GUANAJUATO,5,LEON,20,LEON,1789,C01,127,55,2,21,1,2,5,2,3,5,0,228,12,240,452
11,GUANAJUATO,5,LEON,20,LEON,1790,B,114,2,3,15,1,12,4,4,3,6,0,169,7,176,531
11,GUANAJUATO,5,LEON,20,LEON,1790,C01,120,58,3,11,0,10,3,4,1,3,0,217,5,222,530
11,GUANAJUATO,5,LEON,20,LEON,1791,B,127,58,3,37,6,11,5,7,2,6,0,265,7,272,563
11,GUANAJUATO,5,LEON,20,LEON,1791,C01,153,32,2,15,2,5,7,8,6,6,0,237,7,244,562
11,GUANAJUATO,5,LEON,20,LEON,1792,B,164,67,3,28,1,9,4,8,4,4,1,299,20,319,672
11,GUANAJUATO,5,LEON,20,LEON,1792,C01,141,64,4,23,0,11,5,8,6,9,0,276,8,284,671
11,GUANAJUATO,5,LEON,20,LEON,1793,B,81,53,3,14,4,6,4,7,4,8,3,189,11,200,480
11,GUANAJUATO,5,LEON,20,LEON,1793,C01,96,65,4,14,2,3,3,4,3,7,0,205,7,212,480
11,GUANAJUATO,5,LEON,20,LEON,1794,B,168,61,1,14,3,3,11,7,4,7,1,284,12,296,697
11,GUANAJUATO,5,LEON,20,LEON,1794,C01,135,65,2,23,2,8,6,8,5,10,0,265,7,272,697
11,GUANAJUATO,5,LEON,20,LEON,1794,C02,176,42,1,24,3,12,12,7,7,20,0,309,9,318,696
11,GUANAJUATO,5,LEON,20,LEON,1794,C03,161,53,5,12,0,3,11,8,4,9,0,267,5,272,696
11,GUANAJUATO,5,LEON,20,LEON,1794,C04,139,51,3,14,5,6,12,11,5,10,0,259,12,271,696
11,GUANAJUATO,5,LEON,20,LEON,1794,C05,181,41,2,16,1,7,3,5,5,6,0,270,14,284,696
11,GUANAJUATO,5,LEON,20,LEON,1794,C06,170,36,4,21,0,5,7,8,7,10,0,270,5,275,696
11,GUANAJUATO,5,LEON,20,LEON,1794,C07,167,39,5,16,1,4,8,9,5,9,1,268,20,288,696
11,GUANAJUATO,5,LEON,20,LEON,1794,C08,161,58,4,18,1,6,6,9,7,12,0,286,10,296,696
11,GUANAJUATO,5,LEON,20,LEON,1795,B,170,54,1,19,0,6,2,6,6,4,0,273,6,279,590
11,GUANAJUATO,5,LEON,20,LEON,1795,C01,173,51,1,19,1,6,2,3,5,5,0,274,9,283,590
11,GUANAJUATO,5,LEON,20,LEON,1796,B,137,48,3,13,2,7,11,7,9,7,0,249,3,252,656
11,GUANAJUATO,5,LEON,20,LEON,1796,C01,126,49,0,17,3,9,17,6,5,11,0,245,1,246,655
11,GUANAJUATO,5,LEON,20,LEON,1797,B,119,41,2,24,1,10,3,7,5,12,0,228,9,237,517
11,GUANAJUATO,5,LEON,20,LEON,1797,C01,127,44,1,17,0,7,4,5,9,12,0,229,4,233,516
11,GUANAJUATO,5,LEON,20,LEON,1798,B,197,55,3,17,2,12,7,5,9,7,0,317,11,328,688
11,GUANAJUATO,5,LEON,20,LEON,1799,B,158,58,1,12,3,5,3,11,6,5,0,271,12,283,559
11,GUANAJUATO,5,LEON,20,LEON,1800,B,104,61,1,10,2,1,4,6,7,7,0,207,11,218,502
11,GUANAJUATO,5,LEON,20,LEON,1800,C01,139,60,1,9,2,6,3,2,2,10,1,235,11,246,502
11,GUANAJUATO,5,LEON,20,LEON,1801,B,95,30,7,8,3,6,5,4,1,2,0,163,11,174,379
11,GUANAJUATO,5,LEON,20,LEON,1801,C01,107,35,5,11,1,2,1,2,0,3,0,168,5,173,378
11,GUANAJUATO,5,LEON,20,LEON,1802,B,184,61,0,16,0,6,7,5,3,3,0,291,8,299,629
11,GUANAJUATO,5,LEON,20,LEON,1802,C01,178,47,1,16,1,12,5,5,5,3,0,275,9,284,629
11,GUANAJUATO,5,LEON,20,LEON,1803,B,145,39,4,10,0,10,9,9,3,6,0,238,12,250,543
11,GUANAJUATO,5,LEON,20,LEON,1803,C01,150,65,1,18,2,2,1,6,6,9,0,263,13,276,543
11,GUANAJUATO,5,LEON,20,LEON,1803,C02,148,38,3,14,3,7,6,10,6,3,0,239,5,244,543
11,GUANAJUATO,5,LEON,20,LEON,1804,B,249,90,7,15,1,7,5,3,6,7,2,397,7,404,711
11,GUANAJUATO,5,LEON,20,LEON,1805,B,156,32,1,2,0,7,4,5,3,1,1,214,4,218,387
11,GUANAJUATO,5,LEON,20,LEON,1805,C01,143,46,2,5,1,3,2,5,2,0,0,214,5,219,387
11,GUANAJUATO,5,LEON,20,LEON,1806,B,83,44,1,14,0,5,5,6,2,5,0,175,11,186,427
11,GUANAJUATO,5,LEON,20,LEON,1806,C01,98,57,1,8,0,2,3,3,1,0,1,175,2,177,427
11,GUANAJUATO,5,LEON,20,LEON,1807,B,119,36,2,10,3,1,3,7,2,1,0,186,2,188,452
11,GUANAJUATO,5,LEON,20,LEON,1807,C01,104,23,1,11,1,0,11,3,2,4,0,162,6,168,451
11,GUANAJUATO,5,LEON,20,LEON,1808,B,116,44,1,24,2,4,4,5,1,15,0,219,5,224,619
11,GUANAJUATO,5,LEON,20,LEON,1809,B,158,56,3,21,5,10,7,10,5,15,1,298,7,305,681
11,GUANAJUATO,5,LEON,20,LEON,1809,C01,166,41,3,20,3,9,3,9,4,16,0,280,6,286,681
11,GUANAJUATO,5,LEON,20,LEON,1809,C02,167,61,4,17,3,7,6,6,7,11,0,295,7,302,680
11,GUANAJUATO,5,LEON,20,LEON,1809,C03,167,44,5,17,2,8,11,3,5,14,0,279,10,289,680
11,GUANAJUATO,5,LEON,20,LEON,1809,C04,183,56,4,16,1,8,9,10,3,14,0,307,18,325,680
11,GUANAJUATO,5,LEON,20,LEON,1809,E01,116,0,8,0,2,5,0,0,1,9,0,190,4,194,525
11,GUANAJUATO,5,LEON,20,LEON,1809,E01C01,354,74,9,38,3,12,26,16,21,25,0,581,22,603,525
11,GUANAJUATO,5,LEON,20,LEON,1809,E01C02,118,39,4,15,1,6,5,6,1,11,0,207,8,215,524
11,GUANAJUATO,5,LEON,20,LEON,1810,B,121,54,2,21,2,4,2,8,2,6,0,227,0,227,619
11,GUANAJUATO,5,LEON,20,LEON,1810,C01,143,43,5,26,2,5,11,5,4,7,0,254,11,265,618
11,GUANAJUATO,5,LEON,20,LEON,1811,B,136,41,1,15,1,4,7,2,3,3,0,215,4,219,414
11,GUANAJUATO,5,LEON,20,LEON,1811,C01,136,40,2,11,0,3,1,3,1,2,0,208,5,213,414
11,GUANAJUATO,5,LEON,20,LEON,1812,B,95,83,1,12,1,8,6,2,4,4,0,225,11,236,601
11,GUANAJUATO,5,LEON,20,LEON,1813,B,207,47,2,14,1,12,5,5,3,6,1,305,12,317,635
11,GUANAJUATO,5,LEON,20,LEON,1813,C01,233,66,1,7,1,13,4,9,10,11,0,357,14,371,635
11,GUANAJUATO,5,LEON,20,LEON,1813,C02,243,78,1,4,3,14,4,3,1,12,1,367,10,377,634
11,GUANAJUATO,5,LEON,20,LEON,1814,B,123,28,2,15,2,3,4,8,9,3,0,199,7,206,522
11,GUANAJUATO,5,LEON,20,LEON,1814,C01,121,41,1,13,0,7,7,3,5,8,1,209,14,223,522
11,GUANAJUATO,5,LEON,20,LEON,1814,C02,113,47,3,12,1,9,2,6,5,9,0,209,6,215,521
11,GUANAJUATO,5,LEON,20,LEON,1815,B,142,52,2,15,1,9,7,8,2,3,1,252,4,256,516
11,GUANAJUATO,5,LEON,20,LEON,1816,B,198,55,1,2,0,4,5,9,3,6,1,288,5,293,461
11,GUANAJUATO,5,LEON,20,LEON,1816,C01,177,50,2,7,2,4,0,6,1,8,0,258,9,267,461
11,GUANAJUATO,5,LEON,20,LEON,1817,B,185,36,0,16,1,7,2,4,2,1,0,254,12,266,542
11,GUANAJUATO,5,LEON,20,LEON,1817,C01,143,50,0,14,2,11,1,0,1,4,0,230,10,240,542
11,GUANAJUATO,5,LEON,20,LEON,1818,B,126,45,2,25,3,5,8,12,7,6,1,245,5,250,606
11,GUANAJUATO,5,LEON,20,LEON,1818,C01,113,67,2,19,1,3,3,7,7,6,0,228,8,236,605
11,GUANAJUATO,5,LEON,20,LEON,1819,B,95,54,1,22,0,1,4,4,5,7,0,197,7,204,575
11,GUANAJUATO,5,LEON,20,LEON,1820,B,137,83,2,26,2,6,3,5,3,4,0,271,8,279,621
11,GUANAJUATO,5,LEON,20,LEON,1821,B,141,92,3,22,1,6,4,3,3,4,1,282,5,287,670
11,GUANAJUATO,5,LEON,20,LEON,1823,B,136,50,3,29,1,7,6,7,5,3,0,250,5,255,644
11,GUANAJUATO,5,LEON,20,LEON,1823,C01,149,35,3,27,1,5,4,12,5,1,0,245,10,255,643
11,GUANAJUATO,5,LEON,20,LEON,1824,B,96,44,3,24,0,8,2,9,0,13,0,201,7,208,549
11,GUANAJUATO,5,LEON,20,LEON,1824,C01,0,0,0,0,0,0,0,0,0,0,0,0,0,0,549
11,GUANAJUATO,5,LEON,20,LEON,1825,B,108,44,2,11,0,9,1,5,2,5,0,190,12,202,414
11,GUANAJUATO,5,LEON,20,LEON,1825,C01,83,45,2,12,1,14,4,5,3,11,0,183,0,183,413
11,GUANAJUATO,5,LEON,20,LEON,1826,B,207,40,1,13,3,25,7,7,4,9,0,318,10,328,610
11,GUANAJUATO,5,LEON,20,LEON,1826,C01,187,51,2,12,2,17,5,3,2,10,0,296,10,306,610
11,GUANAJUATO,5,LEON,20,LEON,1827,B,241,61,2,12,5,12,8,8,10,3,0,364,12,376,684
11,GUANAJUATO,5,LEON,20,LEON,1827,C01,243,74,1,11,4,12,10,12,8,9,1,390,8,398,684
11,GUANAJUATO,5,LEON,20,LEON,1828,B,101,48,1,18,0,2,7,4,4,8,0,199,2,201,637
11,GUANAJUATO,5,LEON,20,LEON,1828,C01,117,52,3,19,2,9,2,6,2,6,0,224,12,236,637
11,GUANAJUATO,5,LEON,20,LEON,1829,B,165,39,1,15,0,13,2,3,3,10,0,252,7,259,528
11,GUANAJUATO,5,LEON,20,LEON,1829,C01,181,36,0,4,1,6,3,4,3,9,1,248,8,256,527
11,GUANAJUATO,5,LEON,20,LEON,1830,B,120,48,3,11,0,7,6,4,4,9,0,213,12,225,441
11,GUANAJUATO,5,LEON,20,LEON,1830,C01,128,37,3,16,1,4,7,1,4,6,1,212,7,219,440
11,GUANAJUATO,5,LEON,20,LEON,1831,B,171,57,1,16,0,3,3,5,1,8,0,269,14,283,552
11,GUANAJUATO,5,LEON,20,LEON,1831,C01,180,47,4,25,4,13,1,8,5,3,2,296,6,302,551
11,GUANAJUATO,5,LEON,20,LEON,1832,B,128,30,2,19,2,2,9,3,2,2,0,201,0,201,526
11,GUANAJUATO,5,LEON,20,LEON,1832,C01,0,0,0,0,0,0,0,0,0,0,0,0,0,0,526
11,GUANAJUATO,5,LEON,20,LEON,1832,C02,121,31,2,25,2,4,7,3,1,2,0,201,0,201,525
11,GUANAJUATO,5,LEON,20,LEON,1833,B,106,33,3,35,6,8,0,4,3,3,0,207,15,222,557
11,GUANAJUATO,5,LEON,20,LEON,1833,C01,120,40,2,20,3,10,4,3,2,6,0,215,7,222,557
11,GUANAJUATO,5,LEON,20,LEON,1834,B,127,41,2,18,2,9,2,0,6,4,0,214,4,218,555
11,GUANAJUATO,5,LEON,20,LEON,1834,C01,121,40,2,22,1,8,6,2,8,6,0,218,9,227,554
11,GUANAJUATO,5,LEON,20,LEON,1835,B,133,55,2,29,1,8,5,3,0,9,0,252,7,259,591
11,GUANAJUATO,5,LEON,20,LEON,1835,C01,141,50,2,25,0,5,5,2,5,1,0,238,6,244,591
11,GUANAJUATO,5,LEON,20,LEON,1836,B,87,45,1,19,2,3,3,4,2,4,0,174,10,184,462
11,GUANAJUATO,5,LEON,20,LEON,1836,C01,83,55,3,18,5,1,7,5,4,6,0,190,9,199,462
11,GUANAJUATO,5,LEON,20,LEON,1837,B,139,64,3,16,0,4,8,3,2,4,0,248,9,257,594
11,GUANAJUATO,5,LEON,20,LEON,1837,C01,189,48,4,13,5,8,4,5,1,8,0,290,8,298,593
11,GUANAJUATO,5,LEON,20,LEON,1838,B,148,59,5,8,0,6,10,6,3,8,0,255,13,268,593
11,GUANAJUATO,5,LEON,20,LEON,1838,C01,143,42,1,14,3,9,9,5,9,7,0,243,5,248,592
11,GUANAJUATO,5,LEON,20,LEON,1839,B,168,39,3,17,1,6,3,1,6,8,0,252,10,262,661
11,GUANAJUATO,5,LEON,20,LEON,1839,C01,174,47,2,22,1,7,1,1,4,14,0,273,11,284,660
11,GUANAJUATO,5,LEON,20,LEON,1840,B,166,44,2,18,2,4,9,4,5,2,0,260,5,265,632
11,GUANAJUATO,5,LEON,20,LEON,1840,C01,175,46,4,17,4,6,4,4,8,7,0,278,13,291,632
11,GUANAJUATO,5,LEON,20,LEON,1841,B,170,44,5,20,0,6,2,4,5,13,0,271,9,280,665
11,GUANAJUATO,5,LEON,20,LEON,1841,C01,178,41,5,18,0,6,3,8,5,4,1,277,10,287,664
11,GUANAJUATO,5,LEON,20,LEON,1842,B,185,60,4,31,3,4,21,4,1,7,0,324,7,331,683
11,GUANAJUATO,5,LEON,20,LEON,1842,C01,151,60,1,26,4,0,13,5,6,11,0,282,6,288,682
11,GUANAJUATO,5,LEON,20,LEON,1843,B,159,68,2,31,1,5,5,8,5,8,0,298,2,300,673
11,GUANAJUATO,5,LEON,20,LEON,1844,B,88,63,3,9,0,2,3,0,2,2,1,175,10,185,400
11,GUANAJUATO,5,LEON,20,LEON,1844,C01,94,58,0,9,1,4,4,1,2,1,0,184,9,193,399
11,GUANAJUATO,5,LEON,20,LEON,1845,B,170,55,3,13,0,4,1,2,3,9,0,263,11,274,531
11,GUANAJUATO,5,LEON,20,LEON,1845,C01,130,66,1,14,0,1,8,7,4,6,0,245,6,251,531
11,GUANAJUATO,5,LEON,20,LEON,1846,B,180,40,4,21,2,4,11,3,3,8,0,279,7,286,662
11,GUANAJUATO,5,LEON,20,LEON,1846,C01,152,50,3,18,0,6,7,7,8,8,0,261,11,272,662
11,GUANAJUATO,5,LEON,20,LEON,1846,C02,185,49,4,13,0,2,6,7,7,9,0,284,10,294,662
11,GUANAJUATO,5,LEON,20,LEON,1846,C03,179,40,6,12,2,13,8,9,6,10,0,287,8,295,662
11,GUANAJUATO,5,LEON,20,LEON,1847,B,154,60,5,10,3,8,3,7,5,11,0,268,10,278,640
11,GUANAJUATO,5,LEON,20,LEON,1847,C01,136,60,4,23,2,6,8,5,3,11,0,262,9,271,640
11,GUANAJUATO,5,LEON,20,LEON,1847,C02,167,42,2,25,1,6,6,6,2,15,1,277,5,282,639
11,GUANAJUATO,5,LEON,20,LEON,1847,C03,165,51,3,21,0,4,4,11,2,8,0,272,14,286,639
11,GUANAJUATO,5,LEON,20,LEON,1847,C04,150,41,6,22,3,7,5,10,7,8,2,263,8,271,639
11,GUANAJUATO,5,LEON,20,LEON,1848,B,129,47,2,14,0,7,6,6,10,4,1,231,8,239,541
11,GUANAJUATO,5,LEON,20,LEON,1848,C01,120,61,1,17,1,14,6,4,4,5,0,234,9,243,541
11,GUANAJUATO,5,LEON,20,LEON,1849,B,148,56,4,22,2,2,5,4,0,5,0,257,7,264,570
11,GUANAJUATO,5,LEON,20,LEON,1849,C01,154,53,3,18,2,6,7,4,9,8,0,264,7,271,570
11,GUANAJUATO,5,LEON,20,LEON,1850,B,138,46,2,21,0,6,7,0,0,4,0,224,10,234,516
11,GUANAJUATO,5,LEON,20,LEON,1850,C01,124,30,5,12,0,6,4,5,4,7,0,204,0,204,516
11,GUANAJUATO,5,LEON,20,LEON,1851,B,0,0,0,0,0,0,0,0,0,0,0,0,0,0,618
11,GUANAJUATO,5,LEON,20,LEON,1851,C01,144,71,6,19,2,8,4,4,3,8,0,277,14,291,618
11,GUANAJUATO,5,LEON,20,LEON,1852,B,163,51,3,14,1,12,2,6,2,6,1,265,13,278,512
11,GUANAJUATO,5,LEON,20,LEON,1852,C01,144,68,1,11,1,9,11,5,3,11,0,266,8,274,511
11,GUANAJUATO,5,LEON,20,LEON,1853,B,150,60,1,14,1,4,4,5,7,4,1,254,5,259,508
11,GUANAJUATO,5,LEON,20,LEON,1853,C01,141,47,0,18,0,7,5,9,2,6,0,240,6,246,508
11,GUANAJUATO,5,LEON,20,LEON,1854,B,145,72,8,19,2,6,6,9,5,5,1,283,6,289,629
11,GUANAJUATO,5,LEON,20,LEON,1854,C01,139,50,9,19,4,2,3,10,4,6,2,255,7,262,629
11,GUANAJUATO,5,LEON,20,LEON,1855,B,238,58,1,16,2,6,4,2,4,7,1,340,8,348,600
11,GUANAJUATO,5,LEON,20,LEON,1855,C01,135,38,4,16,0,3,1,6,2,9,0,216,7,223,599
11,GUANAJUATO,5,LEON,20,LEON,1856,B,170,64,4,30,4,7,8,10,4,5,0,306,10,316,724
11,GUANAJUATO,5,LEON,20,LEON,1856,C01,219,34,3,26,2,4,7,8,3,5,0,314,9,323,724
11,GUANAJUATO,5,LEON,20,LEON,1857,B,141,43,5,14,3,4,8,6,7,6,0,239,12,251,626
11,GUANAJUATO,5,LEON,20,LEON,1857,C01,168,41,4,17,4,2,3,3,7,6,0,257,12,269,626
11,GUANAJUATO,5,LEON,20,LEON,1857,C02,133,59,2,21,2,7,7,6,0,6,0,249,8,257,625
11,GUANAJUATO,5,LEON,20,LEON,1858,B,189,70,4,27,1,9,9,2,5,6,0,324,9,333,744
11,GUANAJUATO,5,LEON,20,LEON,1858,C01,159,82,5,34,0,6,8,9,8,7,0,321,9,330,744
11,GUANAJUATO,20,YURIRIA,21,MOROLEON,1859,B,75,51,76,59,0,25,6,0,0,0,0,292,8,300,602
11,GUANAJUATO,20,YURIRIA,21,MOROLEON,1859,C01,80,45,98,61,0,35,15,0,0,0,0,334,4,338,601
11,GUANAJUATO,20,YURIRIA,21,MOROLEON,1859,C02,62,52,106,67,0,35,7,0,0,0,0,329,6,335,601
11,GUANAJUATO,20,YURIRIA,21,MOROLEON,1860,B,64,46,105,38,0,21,13,0,0,0,0,287,9,296,564
11,GUANAJUATO,20,YURIRIA,21,MOROLEON,1860,C01,57,42,100,37,0,39,9,0,0,0,0,284,8,292,564
11,GUANAJUATO,20,YURIRIA,21,MOROLEON,1861,B,84,61,97,46,0,27,5,0,0,0,0,320,6,326,614
11,GUANAJUATO,20,YURIRIA,21,MOROLEON,1861,C01,62,54,129,47,0,29,7,0,0,0,0,328,8,336,614
11,GUANAJUATO,20,YURIRIA,21,MOROLEON,1862,B,116,75,109,56,0,29,11,0,0,0,1,397,12,409,708
11,GUANAJUATO,20,YURIRIA,21,MOROLEON,1863,B,46,32,69,37,0,24,9,0,0,0,0,217,4,221,420
11,GUANAJUATO,20,YURIRIA,21,MOROLEON,1863,C01,57,42,54,25,0,21,10,0,0,0,0,209,5,214,420
11,GUANAJUATO,20,YURIRIA,21,MOROLEON,1864,B,91,82,92,45,0,37,19,0,0,0,1,367,13,380,678
11,GUANAJUATO,20,YURIRIA,21,MOROLEON,1864,C01,126,74,69,47,0,53,12,0,0,0,0,381,8,389,677
11,GUANAJUATO,20,YURIRIA,21,MOROLEON,1865,B,88,59,139,16,0,33,26,0,0,0,0,361,8,369,690
11,GUANAJUATO,20,YURIRIA,21,MOROLEON,1866,B,76,32,82,17,0,23,6,0,0,0,0,236,8,244,399
11,GUANAJUATO,20,YURIRIA,21,MOROLEON,1866,C01,73,41,69,19,0,27,11,0,0,0,0,240,6,246,398
11,GUANAJUATO,20,YURIRIA,21,MOROLEON,1866,S01,22,8,27,7,0,4,1,0,0,0,0,69,3,72,0
11,GUANAJUATO,20,YURIRIA,21,MOROLEON,1867,B,75,49,86,41,0,28,9,0,0,0,0,288,7,295,524
11,GUANAJUATO,20,YURIRIA,21,MOROLEON,1867,C01,90,51,86,32,0,26,7,0,0,0,0,292,6,298,523
11,GUANAJUATO,20,YURIRIA,21,MOROLEON,1868,B,78,58,87,30,0,30,5,0,0,0,0,288,2,290,456
11,GUANAJUATO,20,YURIRIA,21,MOROLEON,1868,C01,70,41,96,25,0,34,7,0,0,0,0,273,5,278,456
11,GUANAJUATO,20,YURIRIA,21,MOROLEON,1869,B,93,58,137,60,0,31,9,0,0,0,0,388,7,395,663
11,GUANAJUATO,20,YURIRIA,21,MOROLEON,1869,C01,105,68,138,50,0,36,6,0,0,0,0,403,8,411,662
11,GUANAJUATO,20,YURIRIA,21,MOROLEON,1870,B,92,42,135,45,0,34,16,0,0,0,0,364,7,371,688
11,GUANAJUATO,20,YURIRIA,21,MOROLEON,1870,C01,89,72,122,50,0,37,12,0,0,0,0,382,2,384,688
11,GUANAJUATO,20,YURIRIA,21,MOROLEON,1871,B,54,28,75,75,0,15,7,0,0,0,0,254,11,265,465
11,GUANAJUATO,20,YURIRIA,21,MOROLEON,1871,C01,54,32,87,74,0,17,3,0,0,0,0,267,5,272,465
11,GUANAJUATO,20,YURIRIA,21,MOROLEON,1872,B,51,50,85,45,0,14,11,0,0,0,0,256,6,262,574
11,GUANAJUATO,20,YURIRIA,21,MOROLEON,1872,C01,55,53,93,48,0,10,7,0,0,0,1,267,1,268,574
11,GUANAJUATO,20,YURIRIA,21,MOROLEON,1872,C02,57,48,96,48,0,21,7,0,0,0,0,277,14,291,574
11,GUANAJUATO,20,YURIRIA,21,MOROLEON,1872,C03,47,41,101,55,0,19,9,0,0,0,0,272,8,280,574
11,GUANAJUATO,20,YURIRIA,21,MOROLEON,1873,B,96,55,72,41,0,24,13,0,0,0,0,301,8,309,644
11,GUANAJUATO,20,YURIRIA,21,MOROLEON,1873,C01,86,55,60,41,0,24,11,0,0,0,0,277,0,277,644
11,GUANAJUATO,20,YURIRIA,21,MOROLEON,1874,B,69,44,79,25,0,38,11,0,0,0,1,267,4,271,440
11,GUANAJUATO,20,YURIRIA,21,MOROLEON,1874,C01,73,42,66,22,0,38,9,0,0,0,0,250,4,254,439
11,GUANAJUATO,20,YURIRIA,21,MOROLEON,1875,B,120,63,109,33,0,48,10,0,0,0,0,383,8,391,700
11,GUANAJUATO,20,YURIRIA,21,MOROLEON,1875,C01,117,46,113,29,0,44,9,0,0,0,0,358,5,363,700
11,GUANAJUATO,20,YURIRIA,21,MOROLEON,1876,B,88,43,40,22,0,29,20,0,0,0,0,242,4,246,419
11,GUANAJUATO,20,YURIRIA,21,MOROLEON,1876,C01,78,51,76,26,0,18,5,0,0,0,1,255,11,266,419
11,GUANAJUATO,20,YURIRIA,21,MOROLEON,1877,B,118,28,58,40,0,31,10,0,0,0,0,285,11,296,488
11,GUANAJUATO,20,YURIRIA,21,MOROLEON,1877,C01,101,49,86,22,0,27,10,0,0,0,0,295,6,301,487
11,GUANAJUATO,20,YURIRIA,21,MOROLEON,1878,B,82,35,77,17,0,16,13,0,0,0,0,240,6,246,460
11,GUANAJUATO,20,YURIRIA,21,MOROLEON,1878,C01,81,32,57,20,0,22,33,0,0,0,1,246,12,258,459
11,GUANAJUATO,20,YURIRIA,21,MOROLEON,1879,B,57,26,103,63,0,19,11,0,0,0,0,279,10,289,595
11,GUANAJUATO,20,YURIRIA,21,MOROLEON,1879,C01,57,41,95,73,0,24,11,0,0,0,0,301,7,308,594
11,GUANAJUATO,20,YURIRIA,21,MOROLEON,1880,B,51,34,92,47,0,19,7,0,0,0,0,250,5,255,556
11,GUANAJUATO,20,YURIRIA,21,MOROLEON,1880,C01,71,31,69,53,0,16,7,0,0,0,0,247,8,255,556
11,GUANAJUATO,20,YURIRIA,21,MOROLEON,1881,B,57,37,67,38,0,17,4,0,0,0,0,220,8,228,573
11,GUANAJUATO,20,YURIRIA,21,MOROLEON,1882,B,68,35,90,36,0,28,7,0,0,0,0,264,4,268,647
11,GUANAJUATO,20,YURIRIA,21,MOROLEON,1882,C01,80,33,113,48,0,38,13,0,0,0,0,325,6,331,647
11,GUANAJUATO,20,YURIRIA,21,MOROLEON,1882,C02,64,35,101,61,0,29,7,0,0,0,0,297,6,303,647
11,GUANAJUATO,20,YURIRIA,21,MOROLEON,1882,C03,73,40,105,49,0,27,10,0,0,0,0,304,2,306,646
11,GUANAJUATO,20,YURIRIA,21,MOROLEON,1883,B,68,30,67,65,0,23,13,0,0,0,1,267,9,276,640
11,GUANAJUATO,20,YURIRIA,21,MOROLEON,1883,C01,70,27,63,69,0,20,6,0,0,0,0,255,4,259,640
11,GUANAJUATO,20,YURIRIA,21,MOROLEON,1884,B,62,25,92,77,0,27,8,0,0,0,0,291,5,296,591
11,GUANAJUATO,20,YURIRIA,21,MOROLEON,1884,C01,64,34,88,65,0,30,5,0,0,0,0,286,4,290,590
11,GUANAJUATO,20,YURIRIA,21,MOROLEON,1884,C02,68,26,94,71,0,24,6,0,0,0,0,289,6,295,590
11,GUANAJUATO,20,YURIRIA,21,MOROLEON,1884,C03,66,22,80,81,0,22,13,0,0,0,0,284,10,294,590
11,GUANAJUATO,20,YURIRIA,21,MOROLEON,1885,B,67,43,82,32,0,27,4,0,0,0,0,255,5,260,507
11,GUANAJUATO,20,YURIRIA,21,MOROLEON,1885,C01,78,62,80,20,0,20,8,0,0,0,0,268,5,273,507
11,GUANAJUATO,20,YURIRIA,21,MOROLEON,1885,C02,73,50,111,25,0,34,5,0,0,0,0,298,0,298,506
11,GUANAJUATO,20,YURIRIA,21,MOROLEON,1886,B,109,62,93,43,0,37,11,0,0,0,0,355,0,355,578
11,GUANAJUATO,20,YURIRIA,21,MOROLEON,1886,C01,109,51,92,30,0,32,12,0,0,0,0,326,4,330,578
11,GUANAJUATO,20,YURIRIA,21,MOROLEON,1886,C02,122,38,91,21,0,34,11,0,0,0,0,317,6,323,578
11,GUANAJUATO,20,YURIRIA,21,MOROLEON,1887,B,0,0,0,0,0,0,0,0,0,0,0,0,0,0,562
11,GUANAJUATO,20,YURIRIA,21,MOROLEON,1888,B,19,21,72,14,0,7,4,0,0,0,0,137,6,143,297
11,GUANAJUATO,20,YURIRIA,21,MOROLEON,1889,B,51,16,24,62,0,5,6,0,0,0,0,164,1,165,430
11,GUANAJUATO,20,YURIRIA,21,MOROLEON,1889,C01,36,15,28,66,0,2,6,0,0,0,0,153,6,159,429
11,GUANAJUATO,20,YURIRIA,21,MOROLEON,1890,B,0,0,0,0,0,0,0,0,0,0,0,0,0,0,670
11,GUANAJUATO,20,YURIRIA,21,MOROLEON,1890,C01,84,54,67,24,0,18,8,0,0,0,0,255,6,261,669
11,GUANAJUATO,20,YURIRIA,21,MOROLEON,1890,C02,74,57,66,40,0,22,6,0,0,0,0,265,11,276,669
11,GUANAJUATO,20,YURIRIA,21,MOROLEON,1891,B,30,78,99,24,0,14,2,0,0,0,0,247,14,261,455
11,GUANAJUATO,20,YURIRIA,21,MOROLEON,1891,E01,12,67,52,13,0,2,1,0,0,0,0,147,8,155,335
11,GUANAJUATO,20,YURIRIA,21,MOROLEON,1892,B,115,33,17,49,0,3,7,0,0,0,0,224,13,237,489
11,GUANAJUATO,20,YURIRIA,21,MOROLEON,1892,C01,102,42,28,44,0,4,0,0,0,0,0,220,5,225,488
11,GUANAJUATO,20,YURIRIA,21,MOROLEON,1893,B,81,58,33,16,0,3,4,0,0,0,0,195,13,208,500
11,GUANAJUATO,20,YURIRIA,21,MOROLEON,1893,C01,77,68,43,10,0,5,3,0,0,0,0,206,8,214,499
11,GUANAJUATO,1,DOLORES HIDALGO C.I.N.,22,OCAMPO,1894,B,122,137,13,20,0,0,0,0,0,0,0,292,8,300,472
11,GUANAJUATO,1,DOLORES HIDALGO C.I.N.,22,OCAMPO,1894,C01,135,125,22,23,0,0,0,0,0,0,0,305,10,315,472
11,GUANAJUATO,1,DOLORES HIDALGO C.I.N.,22,OCAMPO,1895,B,159,215,34,25,0,0,0,0,0,0,0,433,8,441,677
11,GUANAJUATO,1,DOLORES HIDALGO C.I.N.,22,OCAMPO,1895,C01,156,186,33,24,0,0,0,0,0,0,0,399,10,409,677
11,GUANAJUATO,1,DOLORES HIDALGO C.I.N.,22,OCAMPO,1895,C02,167,194,44,11,0,0,0,0,0,0,0,416,11,427,677
11,GUANAJUATO,1,DOLORES HIDALGO C.I.N.,22,OCAMPO,1896,B,118,188,32,18,0,0,0,0,0,0,0,356,7,363,563
11,GUANAJUATO,1,DOLORES HIDALGO C.I.N.,22,OCAMPO,1896,C01,147,176,26,20,0,0,0,0,0,0,0,369,7,376,562
11,GUANAJUATO,1,DOLORES HIDALGO C.I.N.,22,OCAMPO,1897,B,159,236,29,21,0,0,0,0,0,0,0,445,9,454,671
11,GUANAJUATO,1,DOLORES HIDALGO C.I.N.,22,OCAMPO,1897,C01,174,216,43,12,0,0,0,0,0,0,0,445,14,459,670
11,GUANAJUATO,1,DOLORES HIDALGO C.I.N.,22,OCAMPO,1898,B,48,96,18,9,0,0,0,0,0,0,0,171,2,173,240
11,GUANAJUATO,1,DOLORES HIDALGO C.I.N.,22,OCAMPO,1899,B,127,79,6,11,0,0,0,0,0,0,0,223,11,234,443
11,GUANAJUATO,1,DOLORES HIDALGO C.I.N.,22,OCAMPO,1899,C01,109,73,3,10,0,0,0,0,0,0,0,195,8,203,442
11,GUANAJUATO,1,DOLORES HIDALGO C.I.N.,22,OCAMPO,1900,B,42,118,52,3,0,0,0,0,0,0,0,215,4,219,346
11,GUANAJUATO,1,DOLORES HIDALGO C.I.N.,22,OCAMPO,1901,B,105,313,11,16,0,0,0,0,0,0,0,445,4,449,715
11,GUANAJUATO,1,DOLORES HIDALGO C.I.N.,22,OCAMPO,1901,C01,98,300,6,20,0,0,0,0,0,0,0,424,4,428,715
11,GUANAJUATO,1,DOLORES HIDALGO C.I.N.,22,OCAMPO,1901,E01,130,70,1,0,0,0,0,0,0,0,0,201,4,205,296
11,GUANAJUATO,1,DOLORES HIDALGO C.I.N.,22,OCAMPO,1902,B,42,63,14,3,0,0,0,0,0,0,0,122,0,122,166
11,GUANAJUATO,1,DOLORES HIDALGO C.I.N.,22,OCAMPO,1903,B,82,77,27,19,0,0,0,0,0,0,0,205,8,213,399
11,GUANAJUATO,1,DOLORES HIDALGO C.I.N.,22,OCAMPO,1903,C01,91,88,14,19,0,0,0,0,0,0,0,212,7,219,399
11,GUANAJUATO,1,DOLORES HIDALGO C.I.N.,22,OCAMPO,1904,B,88,116,11,4,0,0,0,0,0,0,0,219,5,224,389
11,GUANAJUATO,1,DOLORES HIDALGO C.I.N.,22,OCAMPO,1904,C01,107,101,6,13,0,0,0,0,0,0,0,227,5,232,388
11,GUANAJUATO,1,DOLORES HIDALGO C.I.N.,22,OCAMPO,1905,B,112,135,28,15,0,0,0,0,0,0,0,290,8,298,471
11,GUANAJUATO,1,DOLORES HIDALGO C.I.N.,22,OCAMPO,1905,C01,112,141,14,14,0,0,0,0,0,0,0,281,8,289,471
11,GUANAJUATO,1,DOLORES HIDALGO C.I.N.,22,OCAMPO,1906,B,99,171,13,19,0,0,0,0,0,0,0,302,6,308,453
11,GUANAJUATO,1,DOLORES HIDALGO C.I.N.,22,OCAMPO,1906,C01,93,169,9,22,0,0,0,0,0,0,0,293,6,299,453
11,GUANAJUATO,1,DOLORES HIDALGO C.I.N.,22,OCAMPO,1907,B,82,136,22,5,0,0,0,0,0,0,0,245,5,250,457
11,GUANAJUATO,1,DOLORES HIDALGO C.I.N.,22,OCAMPO,1907,C01,79,120,13,17,0,0,0,0,0,0,0,229,8,237,457
11,GUANAJUATO,1,DOLORES HIDALGO C.I.N.,22,OCAMPO,1908,B,107,68,17,6,0,0,0,0,0,0,0,198,5,203,377
11,GUANAJUATO,1,DOLORES HIDALGO C.I.N.,22,OCAMPO,1908,C01,91,64,14,6,0,0,0,0,0,0,0,175,9,184,377
11,GUANAJUATO,1,DOLORES HIDALGO C.I.N.,22,OCAMPO,1909,B,80,85,18,16,0,0,0,0,0,0,0,199,4,203,313
11,GUANAJUATO,1,DOLORES HIDALGO C.I.N.,22,OCAMPO,1910,B,150,180,25,36,0,0,0,0,0,0,1,392,17,409,623
11,GUANAJUATO,1,DOLORES HIDALGO C.I.N.,22,OCAMPO,1910,C01,194,176,19,23,0,0,0,0,0,0,0,412,9,421,622
11,GUANAJUATO,1,DOLORES HIDALGO C.I.N.,22,OCAMPO,1911,B,106,201,36,18,0,0,0,0,0,0,0,361,10,371,547
11,GUANAJUATO,1,DOLORES HIDALGO C.I.N.,22,OCAMPO,1911,C01,109,178,53,20,0,0,0,0,0,0,0,360,6,366,546
11,GUANAJUATO,18,PENJAMO,23,PENJAMO,1912,B,87,38,61,7,9,0,0,4,1,0,0,224,13,237,596
11,GUANAJUATO,18,PENJAMO,23,PENJAMO,1912,C01,107,35,60,5,4,0,1,3,6,0,0,245,20,265,596
11,GUANAJUATO,18,PENJAMO,23,PENJAMO,1912,C02,112,37,76,4,2,0,3,2,4,0,0,265,12,277,596
11,GUANAJUATO,18,PENJAMO,23,PENJAMO,1912,C03,113,31,57,6,4,0,1,2,3,0,0,232,9,241,596
11,GUANAJUATO,18,PENJAMO,23,PENJAMO,1913,B,102,65,75,2,3,0,4,6,3,0,0,286,8,294,674
11,GUANAJUATO,18,PENJAMO,23,PENJAMO,1913,C01,117,55,109,5,9,0,7,8,8,0,15,335,18,353,674
11,GUANAJUATO,18,PENJAMO,23,PENJAMO,1913,C02,97,53,86,2,7,0,3,3,3,0,0,285,18,303,673
11,GUANAJUATO,18,PENJAMO,23,PENJAMO,1914,B,69,21,77,2,8,0,9,0,3,0,0,199,0,199,400
11,GUANAJUATO,18,PENJAMO,23,PENJAMO,1914,C01,88,20,41,5,1,0,2,2,2,0,0,169,7,176,400
11,GUANAJUATO,18,PENJAMO,23,PENJAMO,1915,B,126,46,101,3,12,0,6,4,5,0,0,340,20,360,669
11,GUANAJUATO,18,PENJAMO,23,PENJAMO,1915,C01,148,62,68,9,4,0,14,2,3,0,0,333,9,342,669
11,GUANAJUATO,18,PENJAMO,23,PENJAMO,1916,B,147,45,89,4,6,0,2,5,4,0,1,325,14,339,634
11,GUANAJUATO,18,PENJAMO,23,PENJAMO,1916,C01,132,49,68,2,5,0,4,5,2,0,0,278,21,299,633
11,GUANAJUATO,18,PENJAMO,23,PENJAMO,1916,C02,148,42,53,25,3,0,14,6,0,0,0,291,13,304,633
11,GUANAJUATO,18,PENJAMO,23,PENJAMO,1917,B,155,81,67,0,6,0,0,5,10,0,0,349,9,358,679
11,GUANAJUATO,18,PENJAMO,23,PENJAMO,1917,C01,142,84,76,6,6,0,2,2,9,0,0,351,19,370,678
11,GUANAJUATO,18,PENJAMO,23,PENJAMO,1918,B,92,63,38,1,13,0,3,3,4,0,0,220,10,230,431
11,GUANAJUATO,18,PENJAMO,23,PENJAMO,1918,C01,94,51,44,1,8,0,4,3,1,0,1,227,9,236,431
11,GUANAJUATO,18,PENJAMO,23,PENJAMO,1919,B,147,81,100,2,13,0,4,3,2,0,0,393,17,410,664
11,GUANAJUATO,18,PENJAMO,23,PENJAMO,1920,B,111,37,61,12,2,0,0,2,3,0,0,242,15,257,517
11,GUANAJUATO,18,PENJAMO,23,PENJAMO,1920,C01,87,32,69,2,11,0,2,1,4,0,0,227,10,237,517
11,GUANAJUATO,18,PENJAMO,23,PENJAMO,1921,B,69,38,46,3,6,0,0,3,9,0,0,195,9,204,397
11,GUANAJUATO,18,PENJAMO,23,PENJAMO,1921,C01,89,46,48,2,3,0,2,1,9,0,0,217,8,225,397
11,GUANAJUATO,18,PENJAMO,23,PENJAMO,1922,B,88,71,52,4,8,0,6,8,6,0,1,269,13,282,531
11,GUANAJUATO,18,PENJAMO,23,PENJAMO,1922,C01,110,49,64,5,3,0,5,7,4,0,0,269,14,283,530
11,GUANAJUATO,18,PENJAMO,23,PENJAMO,1923,B,105,37,59,6,7,0,11,4,9,0,0,254,22,276,667
11,GUANAJUATO,18,PENJAMO,23,PENJAMO,1923,C01,87,50,59,4,6,0,14,3,11,0,0,245,14,259,667
11,GUANAJUATO,18,PENJAMO,23,PENJAMO,1924,B,94,54,51,3,5,0,4,7,0,0,0,247,14,261,519
11,GUANAJUATO,18,PENJAMO,23,PENJAMO,1924,C01,115,55,49,0,7,0,4,10,1,0,0,263,11,274,518
11,GUANAJUATO,18,PENJAMO,23,PENJAMO,1925,B,138,77,59,2,5,0,2,5,5,0,0,330,0,330,576
11,GUANAJUATO,18,PENJAMO,23,PENJAMO,1926,B,135,70,62,3,12,0,3,4,3,0,0,326,11,337,526
11,GUANAJUATO,18,PENJAMO,23,PENJAMO,1926,C01,126,57,47,1,12,0,4,5,3,0,0,286,13,299,525
11,GUANAJUATO,18,PENJAMO,23,PENJAMO,1927,B,103,80,81,6,11,0,3,5,21,0,0,354,8,362,647
11,GUANAJUATO,18,PENJAMO,23,PENJAMO,1927,C01,103,71,95,4,13,0,2,11,18,0,0,359,7,366,647
11,GUANAJUATO,18,PENJAMO,23,PENJAMO,1927,C02,115,86,77,5,16,0,6,6,12,0,0,358,4,362,647
11,GUANAJUATO,18,PENJAMO,23,PENJAMO,1927,C03,115,73,94,3,15,0,7,7,11,0,0,359,12,371,646
11,GUANAJUATO,18,PENJAMO,23,PENJAMO,1927,S01,29,11,28,4,0,0,3,2,0,0,0,84,0,84,0
11,GUANAJUATO,18,PENJAMO,23,PENJAMO,1928,B,105,55,83,9,8,0,8,8,18,0,0,309,6,315,585
11,GUANAJUATO,18,PENJAMO,23,PENJAMO,1928,C01,106,62,80,5,1,0,6,6,23,0,1,310,7,317,585
11,GUANAJUATO,18,PENJAMO,23,PENJAMO,1929,B,121,72,94,12,21,0,3,11,5,0,0,377,14,391,697
11,GUANAJUATO,18,PENJAMO,23,PENJAMO,1929,C01,151,68,112,7,17,0,2,8,4,0,0,403,9,412,697
11,GUANAJUATO,18,PENJAMO,23,PENJAMO,1930,B,85,95,88,2,16,0,3,11,5,0,0,338,12,350,641
11,GUANAJUATO,18,PENJAMO,23,PENJAMO,1930,C01,104,108,81,6,10,0,1,9,9,0,0,361,11,372,640
11,GUANAJUATO,18,PENJAMO,23,PENJAMO,1931,B,110,70,96,2,7,0,3,7,7,0,0,346,7,353,690
11,GUANAJUATO,18,PENJAMO,23,PENJAMO,1931,C01,132,54,89,1,9,0,4,0,7,0,0,334,12,346,690
11,GUANAJUATO,18,PENJAMO,23,PENJAMO,1931,C02,132,52,81,7,7,0,4,9,7,0,0,349,11,360,689
11,GUANAJUATO,18,PENJAMO,23,PENJAMO,1931,C03,101,64,79,5,15,0,4,15,7,0,21,313,12,325,689
11,GUANAJUATO,18,PENJAMO,23,PENJAMO,1932,B,130,103,63,4,4,0,4,16,12,0,0,370,0,370,692
11,GUANAJUATO,18,PENJAMO,23,PENJAMO,1932,C01,97,100,81,7,12,0,3,15,5,0,1,358,14,372,692
11,GUANAJUATO,18,PENJAMO,23,PENJAMO,1932,C02,109,107,90,3,6,0,6,7,2,0,0,373,16,389,691
11,GUANAJUATO,18,PENJAMO,23,PENJAMO,1933,B,43,47,62,2,2,0,0,0,2,0,0,161,12,173,304
11,GUANAJUATO,18,PENJAMO,23,PENJAMO,1934,B,26,23,48,1,1,0,3,0,0,0,0,103,18,121,239
11,GUANAJUATO,18,PENJAMO,23,PENJAMO,1935,B,84,31,24,2,0,0,0,0,0,0,0,153,11,164,297
11,GUANAJUATO,18,PENJAMO,23,PENJAMO,1936,B,36,6,50,1,2,0,0,0,0,0,0,96,10,106,181
11,GUANAJUATO,18,PENJAMO,23,PENJAMO,1937,B,26,11,30,0,0,0,0,0,0,0,0,68,7,75,152
11,GUANAJUATO,18,PENJAMO,23,PENJAMO,1939,B,65,13,58,1,2,0,1,5,0,0,0,156,14,170,329
11,GUANAJUATO,18,PENJAMO,23,PENJAMO,1940,B,158,23,15,5,2,0,1,2,1,0,0,218,8,226,599
11,GUANAJUATO,18,PENJAMO,23,PENJAMO,1940,C01,123,27,17,9,2,0,2,3,4,0,0,208,12,220,598
11,GUANAJUATO,18,PENJAMO,23,PENJAMO,1941,B,148,9,51,1,1,0,2,0,2,0,0,241,10,251,440
11,GUANAJUATO,18,PENJAMO,23,PENJAMO,1942,B,125,21,107,2,0,0,4,0,2,0,0,275,0,275,489
11,GUANAJUATO,18,PENJAMO,23,PENJAMO,1942,C01,79,21,105,0,1,0,2,0,1,0,0,225,21,246,392
11,GUANAJUATO,18,PENJAMO,23,PENJAMO,1943,B,106,28,77,7,3,0,2,6,5,0,0,256,5,261,527
11,GUANAJUATO,18,PENJAMO,23,PENJAMO,1943,C01,63,39,76,2,6,0,3,3,4,0,0,210,9,219,527
11,GUANAJUATO,18,PENJAMO,23,PENJAMO,1944,B,90,113,12,2,4,0,2,0,6,0,0,252,5,257,596
11,GUANAJUATO,18,PENJAMO,23,PENJAMO,1944,C01,98,111,20,6,2,0,0,0,2,0,0,240,8,248,596
11,GUANAJUATO,18,PENJAMO,23,PENJAMO,1945,B,65,25,46,7,1,0,2,3,4,0,0,162,8,170,427
11,GUANAJUATO,18,PENJAMO,23,PENJAMO,1945,C01,81,22,24,17,2,0,3,3,1,0,0,157,11,168,426
11,GUANAJUATO,18,PENJAMO,23,PENJAMO,1946,B,35,48,15,3,0,0,3,8,0,0,0,132,5,137,331
11,GUANAJUATO,18,PENJAMO,23,PENJAMO,1947,B,126,23,16,6,0,0,2,4,0,0,0,185,6,191,504
11,GUANAJUATO,18,PENJAMO,23,PENJAMO,1947,C01,117,25,17,10,1,0,1,7,2,0,0,276,14,290,504
11,GUANAJUATO,18,PENJAMO,23,PENJAMO,1947,C02,133,25,23,8,0,0,0,2,2,0,0,200,6,206,504
11,GUANAJUATO,18,PENJAMO,23,PENJAMO,1948,B,117,36,102,1,8,0,4,2,5,0,0,290,9,299,631
11,GUANAJUATO,18,PENJAMO,23,PENJAMO,1948,C01,104,36,104,5,10,0,10,1,1,0,1,296,9,305,631
11,GUANAJUATO,18,PENJAMO,23,PENJAMO,1949,B,125,37,23,3,0,0,0,0,3,0,7,211,0,211,440
11,GUANAJUATO,18,PENJAMO,23,PENJAMO,1949,C01,108,24,33,3,0,0,5,2,1,0,0,195,8,203,439
11,GUANAJUATO,18,PENJAMO,23,PENJAMO,1950,B,129,22,21,3,1,0,1,2,1,0,0,183,5,188,387
11,GUANAJUATO,18,PENJAMO,23,PENJAMO,1951,B,23,43,14,1,0,0,0,0,0,0,0,91,3,94,235
11,GUANAJUATO,18,PENJAMO,23,PENJAMO,1952,B,113,29,33,2,2,0,5,1,2,0,0,192,10,202,398
11,GUANAJUATO,18,PENJAMO,23,PENJAMO,1952,C01,113,13,45,0,4,0,1,2,3,0,1,185,7,192,397
11,GUANAJUATO,18,PENJAMO,23,PENJAMO,1953,B,133,64,38,5,4,0,2,1,0,0,1,269,9,278,599
11,GUANAJUATO,18,PENJAMO,23,PENJAMO,1954,B,120,31,29,5,2,0,2,2,10,0,0,219,15,234,458
11,GUANAJUATO,18,PENJAMO,23,PENJAMO,1954,C01,145,27,29,1,6,0,1,7,3,0,0,224,4,228,457
11,GUANAJUATO,18,PENJAMO,23,PENJAMO,1955,B,128,74,92,8,11,0,9,2,9,0,1,358,17,375,724
11,GUANAJUATO,18,PENJAMO,23,PENJAMO,1956,B,88,56,108,2,4,0,1,3,2,0,1,281,18,299,610
11,GUANAJUATO,18,PENJAMO,23,PENJAMO,1956,C01,114,62,101,1,5,0,0,1,2,0,1,301,8,309,610
11,GUANAJUATO,18,PENJAMO,23,PENJAMO,1957,B,222,11,37,5,2,0,1,1,1,0,0,288,7,295,508
11,GUANAJUATO,18,PENJAMO,23,PENJAMO,1957,C01,205,24,29,3,1,0,4,3,4,0,0,275,22,297,507
11,GUANAJUATO,18,PENJAMO,23,PENJAMO,1958,B,42,44,71,1,2,0,3,0,2,0,0,173,5,178,417
11,GUANAJUATO,18,PENJAMO,23,PENJAMO,1959,B,63,28,56,4,1,0,1,5,0,0,0,167,11,178,434
11,GUANAJUATO,18,PENJAMO,23,PENJAMO,1959,C01,66,21,60,4,1,0,1,0,2,0,0,167,9,176,434
11,GUANAJUATO,18,PENJAMO,23,PENJAMO,1960,B,80,80,94,0,0,0,0,5,0,0,0,279,12,291,596
11,GUANAJUATO,18,PENJAMO,23,PENJAMO,1960,C01,76,46,96,2,0,0,2,4,3,0,0,271,15,286,595
11,GUANAJUATO,18,PENJAMO,23,PENJAMO,1961,B,109,74,144,5,11,0,2,3,8,0,1,395,17,412,675
11,GUANAJUATO,18,PENJAMO,23,PENJAMO,1962,B,242,13,7,3,1,0,1,2,0,0,0,282,5,287,580
11,GUANAJUATO,18,PENJAMO,23,PENJAMO,1962,C01,237,24,8,2,1,0,2,2,0,0,0,296,6,302,580
11,GUANAJUATO,18,PENJAMO,23,PENJAMO,1963,B,207,44,11,0,1,0,0,3,2,0,0,283,0,283,521
11,GUANAJUATO,18,PENJAMO,23,PENJAMO,1963,C01,174,51,8,5,2,0,2,3,2,0,0,260,9,269,520
11,GUANAJUATO,18,PENJAMO,23,PENJAMO,1963,C02,171,48,16,3,0,0,1,0,2,0,0,257,8,265,520
11,GUANAJUATO,18,PENJAMO,23,PENJAMO,1964,B,128,42,78,4,4,0,6,5,7,0,0,297,8,305,562
11,GUANAJUATO,18,PENJAMO,23,PENJAMO,1964,C01,154,30,79,0,1,0,3,5,1,0,0,287,9,296,562
11,GUANAJUATO,18,PENJAMO,23,PENJAMO,1965,B,56,30,63,0,3,0,5,1,3,0,0,170,11,181,403
11,GUANAJUATO,18,PENJAMO,23,PENJAMO,1965,C01,62,30,68,3,2,0,3,4,7,0,0,193,7,200,402
11,GUANAJUATO,18,PENJAMO,23,PENJAMO,1966,B,80,14,56,4,2,0,2,1,4,0,0,165,2,167,524
11,GUANAJUATO,18,PENJAMO,23,PENJAMO,1966,C01,79,14,60,1,2,0,2,3,4,0,0,166,12,178,524
11,GUANAJUATO,18,PENJAMO,23,PENJAMO,1967,B,117,21,67,8,0,0,0,0,0,0,0,224,8,232,707
11,GUANAJUATO,18,PENJAMO,23,PENJAMO,1967,C01,114,24,69,1,1,0,2,0,1,0,0,232,0,232,706
11,GUANAJUATO,18,PENJAMO,23,PENJAMO,1968,B,73,36,112,3,4,0,3,5,4,0,0,248,5,253,540
11,GUANAJUATO,18,PENJAMO,23,PENJAMO,1968,C01,60,55,114,3,1,0,2,7,2,0,0,261,12,273,540
11,GUANAJUATO,18,PENJAMO,23,PENJAMO,1968,C02,76,36,116,2,3,0,2,1,3,0,0,255,5,260,539
11,GUANAJUATO,18,PENJAMO,23,PENJAMO,1969,B,110,34,136,1,6,0,3,0,2,0,0,315,10,325,632
11,GUANAJUATO,18,PENJAMO,23,PENJAMO,1969,C01,132,24,129,3,4,0,5,1,6,0,0,311,8,319,632
11,GUANAJUATO,18,PENJAMO,23,PENJAMO,1969,C02,127,38,113,1,4,0,6,1,6,0,0,317,4,321,631
11,GUANAJUATO,18,PENJAMO,23,PENJAMO,1970,B,80,53,130,1,3,0,3,3,6,0,0,295,16,311,565
11,GUANAJUATO,18,PENJAMO,23,PENJAMO,1970,C01,66,69,147,0,7,0,5,2,5,0,0,308,6,314,565
11,GUANAJUATO,18,PENJAMO,23,PENJAMO,1971,B,143,23,25,3,5,0,3,4,0,0,0,222,5,227,650
11,GUANAJUATO,18,PENJAMO,23,PENJAMO,1971,C01,151,10,20,2,6,0,2,4,2,0,0,212,5,217,649
11,GUANAJUATO,18,PENJAMO,23,PENJAMO,1972,B,107,36,70,4,2,0,3,3,0,0,0,237,11,248,439
11,GUANAJUATO,18,PENJAMO,23,PENJAMO,1972,C01,108,33,101,0,3,0,0,1,0,0,0,247,8,255,438
11,GUANAJUATO,18,PENJAMO,23,PENJAMO,1973,B,109,81,12,8,0,0,4,4,4,0,0,241,9,250,594
11,GUANAJUATO,18,PENJAMO,23,PENJAMO,1973,C01,89,82,4,4,4,0,8,0,4,0,0,220,12,232,594
11,GUANAJUATO,18,PENJAMO,23,PENJAMO,1974,B,137,106,19,3,2,0,2,2,2,0,0,289,5,294,628
11,GUANAJUATO,18,PENJAMO,23,PENJAMO,1974,C01,174,57,29,3,1,0,3,1,3,0,0,288,3,291,628
11,GUANAJUATO,18,PENJAMO,23,PENJAMO,1974,C02,126,85,25,2,1,0,4,0,1,0,0,257,11,268,628
11,GUANAJUATO,18,PENJAMO,23,PENJAMO,1974,C03,145,60,18,4,1,0,1,2,1,0,0,232,13,245,627
11,GUANAJUATO,18,PENJAMO,23,PENJAMO,1975,B,165,43,59,0,4,0,0,0,2,0,0,288,18,306,598
11,GUANAJUATO,18,PENJAMO,23,PENJAMO,1975,C01,153,39,37,0,3,0,3,2,1,0,0,244,9,253,598
11,GUANAJUATO,18,PENJAMO,23,PENJAMO,1976,B,173,59,28,5,0,0,1,15,2,0,0,301,8,309,616
11,GUANAJUATO,18,PENJAMO,23,PENJAMO,1976,C01,175,60,36,5,5,0,1,5,1,0,0,308,3,311,616
11,GUANAJUATO,18,PENJAMO,23,PENJAMO,1976,C02,182,73,25,2,0,0,4,6,4,0,0,323,10,333,615
11,GUANAJUATO,18,PENJAMO,23,PENJAMO,1977,B,87,36,107,4,1,0,5,1,1,0,0,265,20,285,591
11,GUANAJUATO,18,PENJAMO,23,PENJAMO,1977,C01,92,33,114,0,3,0,3,3,0,0,0,267,21,288,590
11,GUANAJUATO,18,PENJAMO,23,PENJAMO,1978,B,92,35,0,6,3,0,1,1,1,0,0,149,8,157,334
11,GUANAJUATO,18,PENJAMO,23,PENJAMO,1979,B,154,57,27,1,0,0,2,1,2,0,0,261,6,267,501
11,GUANAJUATO,18,PENJAMO,23,PENJAMO,1979,C01,133,44,30,2,1,0,2,0,0,0,0,223,13,236,500
11,GUANAJUATO,18,PENJAMO,23,PENJAMO,1980,B,127,70,43,1,1,0,3,1,3,0,0,296,8,304,611
11,GUANAJUATO,18,PENJAMO,23,PENJAMO,1981,B,153,120,17,4,1,0,3,12,0,0,0,323,4,327,509
11,GUANAJUATO,18,PENJAMO,23,PENJAMO,1981,C01,166,85,32,0,2,0,6,18,1,0,0,314,8,322,508
11,GUANAJUATO,18,PENJAMO,23,PENJAMO,1982,B,124,28,17,6,1,0,1,2,3,0,0,189,3,192,564
11,GUANAJUATO,18,PENJAMO,23,PENJAMO,1982,C01,149,36,15,5,2,0,2,2,1,0,0,224,8,232,564
11,GUANAJUATO,18,PENJAMO,23,PENJAMO,1982,C02,116,27,17,8,2,0,0,0,1,0,0,182,7,189,564
11,GUANAJUATO,18,PENJAMO,23,PENJAMO,1982,C03,123,18,18,7,2,0,0,4,3,0,21,217,0,217,563
11,GUANAJUATO,18,PENJAMO,23,PENJAMO,1983,B,94,43,76,1,5,0,0,0,4,0,0,241,6,247,517
11,GUANAJUATO,18,PENJAMO,23,PENJAMO,1983,C01,69,29,55,1,1,0,4,2,2,0,0,190,10,200,517
11,GUANAJUATO,18,PENJAMO,23,PENJAMO,1984,B,81,21,89,4,5,0,5,1,3,0,0,221,14,235,487
11,GUANAJUATO,18,PENJAMO,23,PENJAMO,1984,C01,55,26,74,6,4,0,1,3,5,0,0,185,13,198,486
11,GUANAJUATO,18,PENJAMO,23,PENJAMO,1985,B,126,20,48,0,1,0,4,3,0,0,0,211,8,219,443
11,GUANAJUATO,18,PENJAMO,23,PENJAMO,1985,C01,106,13,54,1,0,0,1,3,2,0,0,194,7,201,442
11,GUANAJUATO,18,PENJAMO,23,PENJAMO,1986,B,98,47,141,5,3,0,15,2,8,0,0,319,14,333,705
11,GUANAJUATO,18,PENJAMO,23,PENJAMO,1986,C01,74,57,167,1,4,0,11,7,6,0,0,336,16,352,704
11,GUANAJUATO,18,PENJAMO,23,PENJAMO,1987,B,117,43,71,2,3,0,4,5,20,0,0,273,11,284,532
11,GUANAJUATO,18,PENJAMO,23,PENJAMO,1987,C01,82,46,85,5,3,0,2,8,9,0,0,254,12,266,531
11,GUANAJUATO,18,PENJAMO,23,PENJAMO,1987,C02,87,69,86,3,6,0,4,9,16,0,0,289,12,301,531
11,GUANAJUATO,18,PENJAMO,23,PENJAMO,1988,B,122,29,9,3,2,0,0,2,2,0,0,195,6,201,509
11,GUANAJUATO,18,PENJAMO,23,PENJAMO,1988,C01,114,45,4,7,1,0,1,0,1,0,0,199,10,209,509
11,GUANAJUATO,18,PENJAMO,23,PENJAMO,1988,C02,93,39,6,4,1,0,3,3,1,0,0,179,9,188,508
11,GUANAJUATO,18,PENJAMO,23,PENJAMO,1989,B,94,27,8,5,1,0,1,1,1,0,0,162,0,162,404
11,GUANAJUATO,18,PENJAMO,23,PENJAMO,1989,C01,92,31,6,6,2,0,0,3,2,0,0,170,6,176,404
11,GUANAJUATO,18,PENJAMO,23,PENJAMO,1990,B,144,29,8,13,1,0,2,1,1,0,0,238,8,246,607
11,GUANAJUATO,18,PENJAMO,23,PENJAMO,1990,C01,116,64,8,4,0,0,1,2,3,0,1,231,9,240,607
11,GUANAJUATO,18,PENJAMO,23,PENJAMO,1991,B,115,27,5,9,0,0,0,2,4,0,1,202,11,213,505
11,GUANAJUATO,18,PENJAMO,23,PENJAMO,1991,C01,105,36,5,5,0,0,0,4,1,0,0,202,8,210,505
11,GUANAJUATO,18,PENJAMO,23,PENJAMO,1992,B,135,33,10,9,0,0,4,6,1,0,0,277,10,287,670
11,GUANAJUATO,18,PENJAMO,23,PENJAMO,1993,B,88,51,3,9,1,0,0,9,2,0,0,182,12,194,495
11,GUANAJUATO,18,PENJAMO,23,PENJAMO,1993,C01,99,49,10,5,1,0,5,5,5,0,22,223,6,229,495
11,GUANAJUATO,18,PENJAMO,23,PENJAMO,1994,B,93,30,9,9,1,0,0,0,1,0,0,163,5,168,421
11,GUANAJUATO,18,PENJAMO,23,PENJAMO,1994,C01,84,23,7,7,1,0,1,0,0,0,0,146,7,153,421
11,GUANAJUATO,18,PENJAMO,23,PENJAMO,1995,B,83,31,6,10,2,0,4,5,2,0,0,162,5,167,397
11,GUANAJUATO,18,PENJAMO,23,PENJAMO,1995,C01,79,33,4,9,0,0,1,1,2,0,0,147,11,158,397
11,GUANAJUATO,18,PENJAMO,23,PENJAMO,1996,B,122,25,73,0,19,0,1,2,1,0,4,247,5,252,708
11,GUANAJUATO,18,PENJAMO,23,PENJAMO,1996,C01,101,48,48,0,13,0,1,3,1,0,0,225,4,229,707
11,GUANAJUATO,18,PENJAMO,23,PENJAMO,1997,B,101,44,278,1,1,0,2,3,0,0,0,433,21,454,736
11,GUANAJUATO,18,PENJAMO,23,PENJAMO,1998,B,135,53,105,1,5,0,3,3,2,0,0,309,15,324,604
11,GUANAJUATO,18,PENJAMO,23,PENJAMO,1998,C01,81,44,143,2,3,0,2,1,1,0,0,282,19,301,603
11,GUANAJUATO,18,PENJAMO,23,PENJAMO,1999,B,98,33,136,3,1,0,3,0,6,0,0,329,8,337,629
11,GUANAJUATO,18,PENJAMO,23,PENJAMO,2000,B,59,106,1,3,1,0,2,3,0,0,1,213,5,218,403
11,GUANAJUATO,18,PENJAMO,23,PENJAMO,2001,B,102,90,19,5,1,0,1,5,1,0,0,238,3,241,478
11,GUANAJUATO,18,PENJAMO,23,PENJAMO,2001,C01,88,98,24,5,0,0,3,1,0,0,0,228,16,244,477
11,GUANAJUATO,18,PENJAMO,23,PENJAMO,2002,B,92,87,70,3,2,0,0,1,0,0,0,272,11,283,535
11,GUANAJUATO,18,PENJAMO,23,PENJAMO,2002,C01,88,59,79,5,2,0,2,0,1,0,0,240,0,240,534
11,GUANAJUATO,18,PENJAMO,23,PENJAMO,2003,B,96,48,61,1,2,0,7,1,1,0,0,231,11,242,573
11,GUANAJUATO,18,PENJAMO,23,PENJAMO,2003,C01,106,31,55,0,1,0,5,0,2,0,0,215,9,224,573
11,GUANAJUATO,18,PENJAMO,23,PENJAMO,2004,B,153,115,56,1,2,0,5,1,2,0,0,351,16,367,664
11,GUANAJUATO,18,PENJAMO,23,PENJAMO,2005,B,200,45,30,0,2,0,0,2,0,0,0,280,7,287,643
11,GUANAJUATO,18,PENJAMO,23,PENJAMO,2005,C01,147,45,58,2,2,0,1,2,1,0,0,259,0,259,643
11,GUANAJUATO,18,PENJAMO,23,PENJAMO,2006,B,76,87,36,4,4,0,2,5,6,0,0,240,6,246,528
11,GUANAJUATO,18,PENJAMO,23,PENJAMO,2006,C01,84,64,42,1,2,0,3,0,2,0,0,210,12,222,527
11,GUANAJUATO,18,PENJAMO,23,PENJAMO,2007,B,58,17,41,0,1,0,0,1,0,0,0,119,9,128,540
11,GUANAJUATO,18,PENJAMO,23,PENJAMO,2007,C01,55,22,41,1,0,0,0,0,0,0,0,122,3,125,540
11,GUANAJUATO,18,PENJAMO,23,PENJAMO,2008,B,90,43,65,0,1,0,4,6,1,0,0,223,4,227,589
11,GUANAJUATO,18,PENJAMO,23,PENJAMO,2008,C01,80,32,32,0,0,0,3,1,3,0,0,161,7,168,589
11,GUANAJUATO,18,PENJAMO,23,PENJAMO,2009,B,116,96,40,2,1,0,2,3,0,0,0,270,13,283,706
11,GUANAJUATO,18,PENJAMO,23,PENJAMO,2009,C01,95,125,46,4,2,0,1,1,0,0,0,297,21,318,706
11,GUANAJUATO,18,PENJAMO,23,PENJAMO,2010,B,127,46,90,3,1,0,1,2,2,0,0,279,10,289,675
11,GUANAJUATO,18,PENJAMO,23,PENJAMO,2011,B,73,17,98,1,1,0,1,4,1,0,2,203,6,209,456
11,GUANAJUATO,18,PENJAMO,23,PENJAMO,2011,C01,75,7,87,0,1,0,5,2,0,0,0,180,14,194,455
11,GUANAJUATO,18,PENJAMO,23,PENJAMO,2012,B,82,31,25,1,4,0,1,1,1,0,0,148,6,154,429
11,GUANAJUATO,18,PENJAMO,23,PENJAMO,2012,C01,94,36,20,0,1,0,2,2,1,0,0,158,6,164,428
11,GUANAJUATO,18,PENJAMO,23,PENJAMO,2013,B,66,11,78,6,1,0,0,3,1,0,0,172,12,184,431
11,GUANAJUATO,18,PENJAMO,23,PENJAMO,2013,C01,70,22,75,0,5,0,3,6,4,0,0,195,11,206,430
11,GUANAJUATO,18,PENJAMO,23,PENJAMO,2014,B,60,34,39,4,2,0,2,2,1,0,0,150,4,154,430
11,GUANAJUATO,18,PENJAMO,23,PENJAMO,2014,C01,75,32,37,0,0,0,0,0,1,0,0,154,8,162,430
11,GUANAJUATO,18,PENJAMO,23,PENJAMO,2015,B,83,29,77,2,3,0,1,3,2,0,0,251,13,264,493
11,GUANAJUATO,18,PENJAMO,23,PENJAMO,2016,B,68,20,85,1,3,0,3,0,5,0,11,218,11,229,455
11,GUANAJUATO,18,PENJAMO,23,PENJAMO,2016,C01,71,18,87,4,0,0,0,1,1,0,0,215,4,219,455
11,GUANAJUATO,18,PENJAMO,23,PENJAMO,2017,B,62,31,57,3,0,0,2,0,2,0,0,162,26,188,507
11,GUANAJUATO,18,PENJAMO,23,PENJAMO,2017,C01,100,32,51,2,0,0,1,0,1,0,0,195,8,203,507
11,GUANAJUATO,18,PENJAMO,23,PENJAMO,2017,C02,79,33,55,1,3,0,3,1,0,0,0,184,9,193,506
11,GUANAJUATO,18,PENJAMO,23,PENJAMO,2018,B,157,38,31,1,2,0,0,2,0,0,0,240,12,252,597
11,GUANAJUATO,18,PENJAMO,23,PENJAMO,2018,C01,198,37,23,2,0,0,1,3,0,0,0,266,5,271,597
11,GUANAJUATO,18,PENJAMO,23,PENJAMO,2018,C02,184,27,19,0,0,0,0,0,0,0,4,234,4,238,596
11,GUANAJUATO,18,PENJAMO,23,PENJAMO,2019,B,108,29,14,0,1,0,0,0,0,0,0,157,7,164,387
11,GUANAJUATO,18,PENJAMO,23,PENJAMO,2019,C01,90,31,25,2,1,0,1,1,0,0,0,155,1,156,387
11,GUANAJUATO,18,PENJAMO,23,PENJAMO,2020,B,79,20,84,3,10,0,2,0,3,0,0,206,13,219,435
11,GUANAJUATO,18,PENJAMO,23,PENJAMO,2020,C01,81,25,102,2,1,0,0,1,2,0,0,217,12,229,435
11,GUANAJUATO,18,PENJAMO,23,PENJAMO,2021,B,81,64,21,2,0,0,0,9,0,0,1,188,7,195,502
11,GUANAJUATO,18,PENJAMO,23,PENJAMO,2021,C01,97,45,36,1,3,0,2,6,1,0,0,193,9,202,501
11,GUANAJUATO,18,PENJAMO,23,PENJAMO,2022,B,82,50,32,0,1,0,0,24,0,0,0,199,8,207,510
11,GUANAJUATO,18,PENJAMO,23,PENJAMO,2023,B,104,16,35,0,0,0,3,3,4,0,0,170,3,173,428
11,GUANAJUATO,18,PENJAMO,23,PENJAMO,2023,C01,99,23,39,3,1,0,1,2,2,0,0,176,5,181,427
11,GUANAJUATO,18,PENJAMO,23,PENJAMO,2024,B,91,39,46,0,0,0,1,11,0,0,0,195,7,202,388
11,GUANAJUATO,18,PENJAMO,23,PENJAMO,2024,C01,108,20,38,5,1,0,0,3,1,0,0,184,4,188,388
11,GUANAJUATO,18,PENJAMO,23,PENJAMO,2025,B,197,40,68,3,2,0,0,0,0,0,0,315,9,324,650
11,GUANAJUATO,18,PENJAMO,23,PENJAMO,2025,C01,199,34,85,2,2,0,2,4,0,0,0,330,17,347,650
11,GUANAJUATO,13,SALAMANCA,24,PUEBLO NUEVO,2026,B,96,201,139,0,3,0,12,0,0,0,0,451,12,463,663
11,GUANAJUATO,13,SALAMANCA,24,PUEBLO NUEVO,2026,C01,93,229,149,0,6,0,9,0,0,0,0,486,13,499,663
11,GUANAJUATO,13,SALAMANCA,24,PUEBLO NUEVO,2026,C02,71,232,167,0,7,0,7,0,0,0,0,484,5,489,662
11,GUANAJUATO,13,SALAMANCA,24,PUEBLO NUEVO,2027,B,51,112,92,0,1,0,2,0,0,0,0,258,3,261,398
11,GUANAJUATO,13,SALAMANCA,24,PUEBLO NUEVO,2027,C01,45,127,107,0,1,0,4,0,0,0,0,284,2,286,398
11,GUANAJUATO,13,SALAMANCA,24,PUEBLO NUEVO,2028,B,48,165,164,0,1,0,4,0,0,0,0,382,6,388,626
11,GUANAJUATO,13,SALAMANCA,24,PUEBLO NUEVO,2028,C01,40,135,206,0,3,0,4,0,0,0,0,388,0,388,625
11,GUANAJUATO,13,SALAMANCA,24,PUEBLO NUEVO,2029,B,29,246,177,0,2,0,4,0,0,0,0,458,5,463,596
11,GUANAJUATO,13,SALAMANCA,24,PUEBLO NUEVO,2029,C01,20,247,174,0,1,0,1,0,0,0,0,443,4,447,595
11,GUANAJUATO,13,SALAMANCA,24,PUEBLO NUEVO,2029,C02,18,257,159,0,3,0,6,0,0,0,0,443,1,444,595
11,GUANAJUATO,13,SALAMANCA,24,PUEBLO NUEVO,2029,C03,16,289,169,0,1,0,3,0,0,0,0,478,5,483,595
11,GUANAJUATO,13,SALAMANCA,24,PUEBLO NUEVO,2030,B,34,183,146,0,1,0,2,0,0,0,0,366,4,370,521
11,GUANAJUATO,13,SALAMANCA,24,PUEBLO NUEVO,2030,C01,43,162,142,0,6,0,1,0,0,0,1,355,8,363,521
11,GUANAJUATO,13,SALAMANCA,24,PUEBLO NUEVO,2030,C02,36,209,134,0,1,0,0,0,0,0,0,380,4,384,520
11,GUANAJUATO,13,SALAMANCA,24,PUEBLO NUEVO,2031,B,68,126,155,0,2,0,9,0,0,0,0,360,0,360,546
11,GUANAJUATO,13,SALAMANCA,24,PUEBLO NUEVO,2031,C01,69,141,165,0,3,0,3,0,0,0,0,381,5,386,546
11,GUANAJUATO,13,SALAMANCA,24,PUEBLO NUEVO,2032,B,35,92,182,0,3,0,5,0,0,0,0,317,8,325,444
11,GUANAJUATO,13,SALAMANCA,24,PUEBLO NUEVO,2032,C01,22,122,179,0,0,0,2,0,0,0,0,325,4,329,443
11,GUANAJUATO,13,SALAMANCA,24,PUEBLO NUEVO,2033,B,49,158,144,0,7,0,3,0,0,0,0,361,6,367,500
11,GUANAJUATO,10,SAN FRANCISCO DEL RINCON,25,PURISIMA DEL RINCON,2034,B,149,133,4,22,0,0,0,6,0,0,1,315,4,319,619
11,GUANAJUATO,10,SAN FRANCISCO DEL RINCON,25,PURISIMA DEL RINCON,2034,C01,140,124,0,25,0,0,0,6,0,0,0,295,11,306,619
11,GUANAJUATO,10,SAN FRANCISCO DEL RINCON,25,PURISIMA DEL RINCON,2034,C02,163,130,1,33,0,0,0,2,0,0,0,329,11,340,618
11,GUANAJUATO,10,SAN FRANCISCO DEL RINCON,25,PURISIMA DEL RINCON,2034,C03,161,118,0,19,0,0,0,2,0,0,0,300,8,308,618
11,GUANAJUATO,10,SAN FRANCISCO DEL RINCON,25,PURISIMA DEL RINCON,2035,B,143,150,4,9,0,0,0,2,0,0,0,308,8,316,677
11,GUANAJUATO,10,SAN FRANCISCO DEL RINCON,25,PURISIMA DEL RINCON,2035,C01,170,120,1,24,0,0,0,2,0,0,2,319,9,328,677
11,GUANAJUATO,10,SAN FRANCISCO DEL RINCON,25,PURISIMA DEL RINCON,2035,C02,188,106,2,14,0,0,0,5,0,0,0,315,7,322,676
11,GUANAJUATO,10,SAN FRANCISCO DEL RINCON,25,PURISIMA DEL RINCON,2035,C03,188,118,0,14,0,0,0,5,0,0,0,325,6,331,676
11,GUANAJUATO,10,SAN FRANCISCO DEL RINCON,25,PURISIMA DEL RINCON,2035,C04,197,108,5,18,0,0,0,5,0,0,0,333,8,341,676
11,GUANAJUATO,10,SAN FRANCISCO DEL RINCON,25,PURISIMA DEL RINCON,2036,B,173,44,1,17,0,0,0,9,0,0,0,244,3,247,685
11,GUANAJUATO,10,SAN FRANCISCO DEL RINCON,25,PURISIMA DEL RINCON,2036,C01,171,66,3,16,0,0,0,14,0,0,0,270,8,278,685
11,GUANAJUATO,10,SAN FRANCISCO DEL RINCON,25,PURISIMA DEL RINCON,2036,C02,203,41,1,26,0,0,0,12,0,0,0,283,7,290,685
11,GUANAJUATO,10,SAN FRANCISCO DEL RINCON,25,PURISIMA DEL RINCON,2036,C03,167,52,4,10,0,0,0,4,0,0,0,237,1,238,685
11,GUANAJUATO,10,SAN FRANCISCO DEL RINCON,25,PURISIMA DEL RINCON,2036,C04,207,39,2,10,0,0,0,9,0,0,0,267,7,274,685
11,GUANAJUATO,10,SAN FRANCISCO DEL RINCON,25,PURISIMA DEL RINCON,2036,C05,189,40,2,8,0,0,0,4,0,0,0,243,3,246,685
11,GUANAJUATO,10,SAN FRANCISCO DEL RINCON,25,PURISIMA DEL RINCON,2036,C06,157,52,1,13,0,0,0,8,0,0,0,231,19,250,685
11,GUANAJUATO,10,SAN FRANCISCO DEL RINCON,25,PURISIMA DEL RINCON,2036,C07,203,45,3,16,0,0,0,6,0,0,0,273,6,279,684
11,GUANAJUATO,10,SAN FRANCISCO DEL RINCON,25,PURISIMA DEL RINCON,2036,C08,198,43,2,13,0,0,0,7,0,0,0,263,4,267,684
11,GUANAJUATO,10,SAN FRANCISCO DEL RINCON,25,PURISIMA DEL RINCON,2037,B,172,190,1,22,0,0,0,4,0,0,0,389,9,398,649
11,GUANAJUATO,10,SAN FRANCISCO DEL RINCON,25,PURISIMA DEL RINCON,2037,C01,175,150,3,8,0,0,0,6,0,0,0,342,28,370,649
11,GUANAJUATO,10,SAN FRANCISCO DEL RINCON,25,PURISIMA DEL RINCON,2038,B,118,162,2,18,0,0,0,3,0,0,0,303,4,307,517
11,GUANAJUATO,10,SAN FRANCISCO DEL RINCON,25,PURISIMA DEL RINCON,2038,C01,180,136,0,9,0,0,0,2,0,0,0,327,5,332,517
11,GUANAJUATO,10,SAN FRANCISCO DEL RINCON,25,PURISIMA DEL RINCON,2038,C02,153,120,3,11,0,0,0,2,0,0,0,289,5,294,516
11,GUANAJUATO,10,SAN FRANCISCO DEL RINCON,25,PURISIMA DEL RINCON,2039,B,199,183,0,31,0,0,0,1,0,0,1,415,14,429,696
11,GUANAJUATO,10,SAN FRANCISCO DEL RINCON,25,PURISIMA DEL RINCON,2039,C01,195,190,4,27,0,0,0,4,0,0,0,420,3,423,696
11,GUANAJUATO,10,SAN FRANCISCO DEL RINCON,25,PURISIMA DEL RINCON,2039,C02,193,192,7,30,0,0,0,1,0,0,1,424,11,435,695
11,GUANAJUATO,10,SAN FRANCISCO DEL RINCON,25,PURISIMA DEL RINCON,2040,B,91,167,0,9,0,0,0,3,0,0,0,270,0,270,403
11,GUANAJUATO,10,SAN FRANCISCO DEL RINCON,25,PURISIMA DEL RINCON,2040,C01,99,128,1,14,0,0,0,0,0,0,0,242,5,247,402
11,GUANAJUATO,10,SAN FRANCISCO DEL RINCON,25,PURISIMA DEL RINCON,2041,B,199,182,0,18,0,0,0,4,0,0,1,404,13,417,699
11,GUANAJUATO,10,SAN FRANCISCO DEL RINCON,25,PURISIMA DEL RINCON,2041,C01,165,207,1,22,0,0,0,8,0,0,2,405,8,413,698
11,GUANAJUATO,10,SAN FRANCISCO DEL RINCON,25,PURISIMA DEL RINCON,2042,B,167,145,1,15,0,0,0,6,0,0,0,334,9,343,703
11,GUANAJUATO,10,SAN FRANCISCO DEL RINCON,25,PURISIMA DEL RINCON,2042,C01,160,118,3,23,0,0,0,7,0,0,0,311,6,317,703
11,GUANAJUATO,10,SAN FRANCISCO DEL RINCON,25,PURISIMA DEL RINCON,2042,C02,179,119,2,22,0,0,0,4,0,0,0,326,2,328,703
11,GUANAJUATO,10,SAN FRANCISCO DEL RINCON,25,PURISIMA DEL RINCON,2042,C03,184,124,2,17,0,0,0,5,0,0,0,332,8,340,703
11,GUANAJUATO,10,SAN FRANCISCO DEL RINCON,25,PURISIMA DEL RINCON,2042,C04,162,116,3,31,0,0,0,4,0,0,0,316,10,326,703
11,GUANAJUATO,10,SAN FRANCISCO DEL RINCON,25,PURISIMA DEL RINCON,2042,C05,188,102,5,12,0,0,0,2,0,0,0,309,6,315,703
11,GUANAJUATO,10,SAN FRANCISCO DEL RINCON,25,PURISIMA DEL RINCON,2042,C06,149,135,3,24,0,0,0,3,0,0,0,314,0,314,703
11,GUANAJUATO,10,SAN FRANCISCO DEL RINCON,25,PURISIMA DEL RINCON,2042,C07,174,121,0,24,0,0,0,1,0,0,0,320,7,327,703
11,GUANAJUATO,10,SAN FRANCISCO DEL RINCON,25,PURISIMA DEL RINCON,2042,C08,203,133,2,26,0,0,0,5,0,0,0,369,6,375,703
11,GUANAJUATO,10,SAN FRANCISCO DEL RINCON,25,PURISIMA DEL RINCON,2043,B,192,107,0,9,0,0,0,2,0,0,0,310,6,316,605
11,GUANAJUATO,10,SAN FRANCISCO DEL RINCON,25,PURISIMA DEL RINCON,2043,C01,153,140,2,13,0,0,0,2,0,0,0,310,15,325,605
11,GUANAJUATO,10,SAN FRANCISCO DEL RINCON,25,PURISIMA DEL RINCON,2043,C02,177,116,1,18,0,0,0,1,0,0,0,313,5,318,605
11,GUANAJUATO,10,SAN FRANCISCO DEL RINCON,25,PURISIMA DEL RINCON,2044,B,159,46,3,12,0,0,0,2,0,0,0,222,8,230,631
11,GUANAJUATO,10,SAN FRANCISCO DEL RINCON,25,PURISIMA DEL RINCON,2044,C01,121,59,2,31,0,0,0,4,0,0,0,217,4,221,631
11,GUANAJUATO,10,SAN FRANCISCO DEL RINCON,25,PURISIMA DEL RINCON,2044,C02,141,37,1,35,0,0,0,5,0,0,0,219,4,223,631
11,GUANAJUATO,10,SAN FRANCISCO DEL RINCON,25,PURISIMA DEL RINCON,2044,C03,170,44,5,21,0,0,0,3,0,0,0,243,13,256,630
11,GUANAJUATO,10,SAN FRANCISCO DEL RINCON,25,PURISIMA DEL RINCON,2044,C04,136,44,4,23,0,0,0,8,0,0,0,215,5,220,630
11,GUANAJUATO,10,SAN FRANCISCO DEL RINCON,25,PURISIMA DEL RINCON,2044,C05,147,39,2,15,0,0,0,11,0,0,0,214,7,221,630
11,GUANAJUATO,10,SAN FRANCISCO DEL RINCON,25,PURISIMA DEL RINCON,2045,B,158,57,4,21,0,0,0,2,0,0,0,242,11,253,705
11,GUANAJUATO,10,SAN FRANCISCO DEL RINCON,25,PURISIMA DEL RINCON,2045,C01,213,33,2,14,0,0,0,1,0,0,0,263,10,273,705
11,GUANAJUATO,10,SAN FRANCISCO DEL RINCON,25,PURISIMA DEL RINCON,2045,C02,198,60,1,15,0,0,0,1,0,0,0,275,8,283,705
11,GUANAJUATO,10,SAN FRANCISCO DEL RINCON,25,PURISIMA DEL RINCON,2046,B,111,74,1,11,0,0,0,1,0,0,0,198,3,201,564
11,GUANAJUATO,10,SAN FRANCISCO DEL RINCON,25,PURISIMA DEL RINCON,2046,C01,105,95,0,13,0,0,0,1,0,0,0,214,9,223,563
11,GUANAJUATO,10,SAN FRANCISCO DEL RINCON,25,PURISIMA DEL RINCON,2046,C02,94,56,3,10,0,0,0,0,0,0,0,163,2,165,563
11,GUANAJUATO,10,SAN FRANCISCO DEL RINCON,25,PURISIMA DEL RINCON,2046,C03,98,77,2,15,0,0,0,1,0,0,0,193,3,196,563
11,GUANAJUATO,10,SAN FRANCISCO DEL RINCON,25,PURISIMA DEL RINCON,2047,B,125,111,6,11,0,0,0,1,0,0,0,254,12,266,504
11,GUANAJUATO,10,SAN FRANCISCO DEL RINCON,25,PURISIMA DEL RINCON,2047,C01,122,117,0,7,0,0,0,0,0,0,0,246,7,253,503
11,GUANAJUATO,10,SAN FRANCISCO DEL RINCON,25,PURISIMA DEL RINCON,2048,B,167,103,6,23,0,0,0,5,0,0,0,304,11,315,697
11,GUANAJUATO,10,SAN FRANCISCO DEL RINCON,25,PURISIMA DEL RINCON,2048,C01,189,89,4,15,0,0,0,1,0,0,0,298,8,306,697
11,GUANAJUATO,10,SAN FRANCISCO DEL RINCON,25,PURISIMA DEL RINCON,2049,B,77,258,1,7,0,0,0,2,0,0,0,345,10,355,610
11,GUANAJUATO,10,SAN FRANCISCO DEL RINCON,25,PURISIMA DEL RINCON,2049,C01,108,151,3,7,0,0,0,1,0,0,0,270,11,281,610
11,GUANAJUATO,10,SAN FRANCISCO DEL RINCON,25,PURISIMA DEL RINCON,2049,C02,86,201,2,4,0,0,0,0,0,0,0,293,8,301,610
11,GUANAJUATO,10,SAN FRANCISCO DEL RINCON,25,PURISIMA DEL RINCON,2050,B,129,204,2,9,0,0,0,0,0,0,0,344,24,368,586
11,GUANAJUATO,10,SAN FRANCISCO DEL RINCON,25,PURISIMA DEL RINCON,2050,C01,155,220,2,11,0,0,0,0,0,0,0,388,6,394,586
11,GUANAJUATO,10,SAN FRANCISCO DEL RINCON,25,PURISIMA DEL RINCON,2051,B,129,159,1,14,0,0,0,1,0,0,0,304,9,313,535
11,GUANAJUATO,10,SAN FRANCISCO DEL RINCON,25,PURISIMA DEL RINCON,2051,C01,108,180,4,9,0,0,0,0,0,0,0,301,12,313,534
11,GUANAJUATO,10,SAN FRANCISCO DEL RINCON,25,PURISIMA DEL RINCON,2052,B,148,114,2,14,0,0,0,0,0,0,0,278,11,289,515
11,GUANAJUATO,10,SAN FRANCISCO DEL RINCON,25,PURISIMA DEL RINCON,2052,C01,146,120,1,9,0,0,0,1,0,0,0,277,11,288,515
11,GUANAJUATO,10,SAN FRANCISCO DEL RINCON,25,PURISIMA DEL RINCON,2052,C02,147,147,0,3,0,0,0,2,0,0,0,299,11,310,514
11,GUANAJUATO,10,SAN FRANCISCO DEL RINCON,25,PURISIMA DEL RINCON,2053,B,170,125,4,8,0,0,0,1,0,0,0,308,7,315,615
11,GUANAJUATO,10,SAN FRANCISCO DEL RINCON,25,PURISIMA DEL RINCON,2053,C01,164,134,4,12,0,0,0,4,0,0,0,318,15,333,614
11,GUANAJUATO,10,SAN FRANCISCO DEL RINCON,25,PURISIMA DEL RINCON,2054,B,251,183,2,14,0,0,0,1,0,0,0,451,5,456,740
11,GUANAJUATO,10,SAN FRANCISCO DEL RINCON,25,PURISIMA DEL RINCON,2055,B,136,110,2,7,0,0,0,0,0,0,0,255,8,263,500
11,GUANAJUATO,10,SAN FRANCISCO DEL RINCON,25,PURISIMA DEL RINCON,2055,C01,124,110,2,10,0,0,0,1,0,0,0,247,8,255,500
11,GUANAJUATO,10,SAN FRANCISCO DEL RINCON,25,PURISIMA DEL RINCON,2056,B,117,90,1,6,0,0,0,0,0,0,0,214,11,225,416
11,GUANAJUATO,10,SAN FRANCISCO DEL RINCON,25,PURISIMA DEL RINCON,2057,B,101,49,1,9,0,0,0,0,0,0,0,160,3,163,380
11,GUANAJUATO,10,SAN FRANCISCO DEL RINCON,25,PURISIMA DEL RINCON,2057,C01,70,68,3,8,0,0,0,1,0,0,0,150,8,158,380
11,GUANAJUATO,10,SAN FRANCISCO DEL RINCON,25,PURISIMA DEL RINCON,2058,B,151,55,1,20,0,0,0,5,0,0,0,232,25,257,735
11,GUANAJUATO,10,SAN FRANCISCO DEL RINCON,25,PURISIMA DEL RINCON,2058,C01,174,67,0,8,0,0,0,2,0,0,0,251,4,255,734
11,GUANAJUATO,10,SAN FRANCISCO DEL RINCON,26,ROMITA,2059,B,130,65,41,12,0,0,66,22,0,0,0,336,5,341,616
11,GUANAJUATO,10,SAN FRANCISCO DEL RINCON,26,ROMITA,2059,C01,134,72,31,8,0,0,71,13,0,0,0,329,5,334,616
11,GUANAJUATO,10,SAN FRANCISCO DEL RINCON,26,ROMITA,2060,B,83,109,33,3,0,0,71,15,0,0,0,314,9,323,517
11,GUANAJUATO,10,SAN FRANCISCO DEL RINCON,26,ROMITA,2060,C01,78,136,22,9,0,0,51,12,0,0,0,308,6,314,517
11,GUANAJUATO,10,SAN FRANCISCO DEL RINCON,26,ROMITA,2061,B,82,99,23,2,0,0,68,12,0,0,0,286,7,293,494
11,GUANAJUATO,10,SAN FRANCISCO DEL RINCON,26,ROMITA,2061,C01,86,100,17,11,0,0,76,16,0,0,1,307,4,311,494
11,GUANAJUATO,10,SAN FRANCISCO DEL RINCON,26,ROMITA,2062,B,76,111,34,5,0,0,115,11,0,0,0,352,4,356,572
11,GUANAJUATO,10,SAN FRANCISCO DEL RINCON,26,ROMITA,2062,C01,105,92,32,7,0,0,128,6,0,0,0,370,3,373,571
11,GUANAJUATO,10,SAN FRANCISCO DEL RINCON,26,ROMITA,2062,S01,27,24,27,5,0,0,17,4,0,0,0,104,3,107,0
11,GUANAJUATO,10,SAN FRANCISCO DEL RINCON,26,ROMITA,2063,B,77,86,20,9,0,0,86,13,0,0,0,291,2,293,486
11,GUANAJUATO,10,SAN FRANCISCO DEL RINCON,26,ROMITA,2063,C01,75,96,17,5,0,0,77,11,0,0,0,281,6,287,485
11,GUANAJUATO,10,SAN FRANCISCO DEL RINCON,26,ROMITA,2064,B,79,126,45,5,0,0,98,24,0,0,0,377,7,384,641
11,GUANAJUATO,10,SAN FRANCISCO DEL RINCON,26,ROMITA,2064,C01,102,106,60,8,0,0,91,16,0,0,0,383,0,383,640
11,GUANAJUATO,10,SAN FRANCISCO DEL RINCON,26,ROMITA,2065,B,115,111,50,7,0,0,87,18,0,0,0,388,4,392,694
11,GUANAJUATO,10,SAN FRANCISCO DEL RINCON,26,ROMITA,2065,C01,100,132,35,12,0,0,105,21,0,0,0,405,10,415,693
11,GUANAJUATO,10,SAN FRANCISCO DEL RINCON,26,ROMITA,2065,C02,85,89,50,7,0,0,104,17,0,0,0,352,10,362,693
11,GUANAJUATO,10,SAN FRANCISCO DEL RINCON,26,ROMITA,2066,B,111,90,50,6,0,0,83,19,0,0,0,359,6,365,624
11,GUANAJUATO,10,SAN FRANCISCO DEL RINCON,26,ROMITA,2066,C01,97,119,41,13,0,0,84,20,0,0,0,374,7,381,624
11,GUANAJUATO,10,SAN FRANCISCO DEL RINCON,26,ROMITA,2066,C02,101,98,38,13,0,0,83,17,0,0,0,350,7,357,623
11,GUANAJUATO,10,SAN FRANCISCO DEL RINCON,26,ROMITA,2067,B,75,92,25,5,0,0,60,19,0,0,0,276,7,283,470
11,GUANAJUATO,10,SAN FRANCISCO DEL RINCON,26,ROMITA,2067,C01,64,89,35,10,0,0,54,15,0,0,0,267,2,269,470
11,GUANAJUATO,10,SAN FRANCISCO DEL RINCON,26,ROMITA,2068,B,109,119,101,14,0,0,90,22,0,0,0,455,9,464,697
11,GUANAJUATO,10,SAN FRANCISCO DEL RINCON,26,ROMITA,2068,C01,86,120,73,13,0,0,87,25,0,0,0,404,8,412,697
11,GUANAJUATO,10,SAN FRANCISCO DEL RINCON,26,ROMITA,2069,B,97,104,21,19,0,0,94,13,0,0,0,348,4,352,577
11,GUANAJUATO,10,SAN FRANCISCO DEL RINCON,26,ROMITA,2069,C01,87,106,23,25,0,0,87,5,0,0,0,333,2,335,576
11,GUANAJUATO,10,SAN FRANCISCO DEL RINCON,26,ROMITA,2070,B,82,84,33,14,0,0,82,37,0,0,0,332,4,336,551
11,GUANAJUATO,10,SAN FRANCISCO DEL RINCON,26,ROMITA,2070,C01,84,74,40,7,0,0,77,26,0,0,0,308,3,311,551
11,GUANAJUATO,10,SAN FRANCISCO DEL RINCON,26,ROMITA,2070,C02,75,75,25,6,0,0,70,8,0,0,0,259,8,267,550
11,GUANAJUATO,10,SAN FRANCISCO DEL RINCON,26,ROMITA,2071,B,89,80,76,7,0,0,89,25,0,0,0,366,7,373,609
11,GUANAJUATO,10,SAN FRANCISCO DEL RINCON,26,ROMITA,2071,C01,90,80,51,7,0,0,73,12,0,0,0,313,6,319,608
11,GUANAJUATO,10,SAN FRANCISCO DEL RINCON,26,ROMITA,2072,B,114,143,60,4,0,0,27,3,0,0,0,351,11,362,750
11,GUANAJUATO,10,SAN FRANCISCO DEL RINCON,26,ROMITA,2072,C01,117,140,67,9,0,0,22,3,0,0,0,358,9,367,749
11,GUANAJUATO,10,SAN FRANCISCO DEL RINCON,26,ROMITA,2073,B,21,7,67,0,0,0,10,3,0,0,0,108,0,108,164
11,GUANAJUATO,10,SAN FRANCISCO DEL RINCON,26,ROMITA,2074,B,79,50,59,7,0,0,27,18,0,0,0,240,5,245,591
11,GUANAJUATO,10,SAN FRANCISCO DEL RINCON,26,ROMITA,2074,C01,74,52,47,5,0,0,36,19,0,0,0,233,10,243,591
11,GUANAJUATO,10,SAN FRANCISCO DEL RINCON,26,ROMITA,2074,C02,56,47,39,11,0,0,34,24,0,0,0,211,6,217,591
11,GUANAJUATO,10,SAN FRANCISCO DEL RINCON,26,ROMITA,2075,B,50,102,54,5,0,0,21,7,0,0,1,240,2,242,413
11,GUANAJUATO,10,SAN FRANCISCO DEL RINCON,26,ROMITA,2076,B,78,109,13,5,0,0,21,11,0,0,0,237,6,243,428
11,GUANAJUATO,10,SAN FRANCISCO DEL RINCON,26,ROMITA,2077,B,51,25,62,5,0,0,14,7,0,0,0,164,2,166,262
11,GUANAJUATO,10,SAN FRANCISCO DEL RINCON,26,ROMITA,2078,B,32,87,51,4,0,0,14,2,0,0,0,190,4,194,352
11,GUANAJUATO,10,SAN FRANCISCO DEL RINCON,26,ROMITA,2079,B,99,63,64,7,0,0,9,7,0,0,0,249,3,252,509
11,GUANAJUATO,10,SAN FRANCISCO DEL RINCON,26,ROMITA,2079,C01,77,44,77,7,0,0,6,6,0,0,0,217,1,218,509
11,GUANAJUATO,10,SAN FRANCISCO DEL RINCON,26,ROMITA,2080,B,19,68,113,0,0,0,36,4,0,0,0,240,4,244,406
11,GUANAJUATO,10,SAN FRANCISCO DEL RINCON,26,ROMITA,2081,B,53,93,54,6,0,0,81,0,0,0,0,287,3,290,471
11,GUANAJUATO,10,SAN FRANCISCO DEL RINCON,26,ROMITA,2082,B,38,93,52,7,0,0,54,3,0,0,0,247,4,251,402
11,GUANAJUATO,10,SAN FRANCISCO DEL RINCON,26,ROMITA,2083,B,72,56,8,15,0,0,11,4,0,0,0,166,2,168,242
11,GUANAJUATO,10,SAN FRANCISCO DEL RINCON,26,ROMITA,2084,B,197,67,94,11,0,0,34,15,0,0,0,418,7,425,646
11,GUANAJUATO,10,SAN FRANCISCO DEL RINCON,26,ROMITA,2085,B,86,95,64,3,0,0,31,4,0,0,0,283,6,289,480
11,GUANAJUATO,10,SAN FRANCISCO DEL RINCON,26,ROMITA,2085,C01,108,92,46,8,0,0,48,4,0,0,0,306,3,309,479
11,GUANAJUATO,10,SAN FRANCISCO DEL RINCON,26,ROMITA,2086,B,130,68,24,16,0,0,33,6,0,0,0,277,8,285,587
11,GUANAJUATO,10,SAN FRANCISCO DEL RINCON,26,ROMITA,2086,C01,142,72,24,11,0,0,43,7,0,0,0,299,0,299,587
11,GUANAJUATO,10,SAN FRANCISCO DEL RINCON,26,ROMITA,2086,C02,124,66,25,6,0,0,42,9,0,0,0,272,5,277,587
11,GUANAJUATO,10,SAN FRANCISCO DEL RINCON,26,ROMITA,2087,B,51,120,122,26,0,0,102,9,0,0,0,430,6,436,731
11,GUANAJUATO,10,SAN FRANCISCO DEL RINCON,26,ROMITA,2088,B,55,82,81,44,0,0,39,9,0,0,0,310,8,318,669
11,GUANAJUATO,10,SAN FRANCISCO DEL RINCON,26,ROMITA,2088,C01,53,79,86,41,0,0,61,7,0,0,0,327,6,333,669
11,GUANAJUATO,10,SAN FRANCISCO DEL RINCON,26,ROMITA,2089,B,29,134,51,3,0,0,72,12,0,0,0,301,8,309,494
11,GUANAJUATO,10,SAN FRANCISCO DEL RINCON,26,ROMITA,2090,B,59,54,64,4,0,0,21,0,0,0,0,202,3,205,289
11,GUANAJUATO,10,SAN FRANCISCO DEL RINCON,26,ROMITA,2091,B,43,58,16,3,0,0,9,1,0,0,0,130,1,131,233
11,GUANAJUATO,10,SAN FRANCISCO DEL RINCON,26,ROMITA,2092,B,151,106,57,5,0,0,6,4,0,0,0,329,13,342,733
11,GUANAJUATO,10,SAN FRANCISCO DEL RINCON,26,ROMITA,2093,B,62,79,42,10,0,0,33,5,0,0,0,231,4,235,623
11,GUANAJUATO,10,SAN FRANCISCO DEL RINCON,26,ROMITA,2094,B,38,48,8,0,0,0,3,0,0,0,0,97,1,98,162
11,GUANAJUATO,10,SAN FRANCISCO DEL RINCON,26,ROMITA,2095,B,101,122,48,4,0,0,74,5,0,0,0,354,3,357,729
11,GUANAJUATO,10,SAN FRANCISCO DEL RINCON,26,ROMITA,2095,C01,124,150,38,10,0,0,43,5,0,0,0,370,6,376,729
11,GUANAJUATO,10,SAN FRANCISCO DEL RINCON,26,ROMITA,2096,B,143,101,26,11,0,0,44,2,0,0,0,327,0,327,613
11,GUANAJUATO,10,SAN FRANCISCO DEL RINCON,26,ROMITA,2097,B,93,83,51,34,0,0,54,0,0,0,0,315,8,323,604
11,GUANAJUATO,10,SAN FRANCISCO DEL RINCON,26,ROMITA,2098,B,123,87,31,5,0,0,31,5,0,0,0,282,8,290,564
11,GUANAJUATO,10,SAN FRANCISCO DEL RINCON,26,ROMITA,2098,C01,93,89,19,8,0,0,39,3,0,0,0,251,8,259,564
11,GUANAJUATO,10,SAN FRANCISCO DEL RINCON,26,ROMITA,2099,B,63,53,64,6,0,0,19,6,0,0,0,211,4,215,400
11,GUANAJUATO,10,SAN FRANCISCO DEL RINCON,26,ROMITA,2099,C01,57,56,45,26,0,0,23,4,0,0,0,211,7,218,400
11,GUANAJUATO,10,SAN FRANCISCO DEL RINCON,26,ROMITA,2100,B,76,39,32,7,0,0,17,17,0,0,0,188,3,191,434
11,GUANAJUATO,10,SAN FRANCISCO DEL RINCON,26,ROMITA,2101,B,109,123,44,20,0,0,29,23,0,0,0,348,11,359,748
11,GUANAJUATO,10,SAN FRANCISCO DEL RINCON,26,ROMITA,2102,B,103,50,23,7,0,0,18,4,0,0,0,205,4,209,612
11,GUANAJUATO,10,SAN FRANCISCO DEL RINCON,26,ROMITA,2102,C01,78,78,16,7,0,0,30,7,0,0,0,216,4,220,612
11,GUANAJUATO,10,SAN FRANCISCO DEL RINCON,26,ROMITA,2103,B,102,13,46,2,0,0,15,8,0,0,0,186,2,188,342
11,GUANAJUATO,10,SAN FRANCISCO DEL RINCON,26,ROMITA,2104,B,85,29,9,3,0,0,12,13,0,0,0,151,2,153,205
11,GUANAJUATO,10,SAN FRANCISCO DEL RINCON,26,ROMITA,2105,B,61,56,40,7,0,0,42,8,0,0,0,214,5,219,434
11,GUANAJUATO,10,SAN FRANCISCO DEL RINCON,26,ROMITA,2105,C01,61,56,31,10,0,0,26,23,0,0,0,207,4,211,434
11,GUANAJUATO,10,SAN FRANCISCO DEL RINCON,26,ROMITA,2106,B,98,56,43,11,0,0,87,3,0,0,0,298,12,310,729
11,GUANAJUATO,10,SAN FRANCISCO DEL RINCON,26,ROMITA,2107,B,92,63,23,17,0,0,61,6,0,0,0,262,13,275,461
11,GUANAJUATO,10,SAN FRANCISCO DEL RINCON,26,ROMITA,2108,B,76,47,38,16,0,0,28,34,0,0,0,239,8,247,650
11,GUANAJUATO,14,SALAMANCA,27,SALAMANCA,2109,B,103,77,13,35,0,20,13,36,12,0,1,310,10,320,685
11,GUANAJUATO,14,SALAMANCA,27,SALAMANCA,2109,C01,131,85,8,36,0,18,12,27,11,0,2,330,7,337,685
11,GUANAJUATO,14,SALAMANCA,27,SALAMANCA,2109,C02,109,67,5,34,0,21,7,34,15,0,0,292,14,306,685
11,GUANAJUATO,14,SALAMANCA,27,SALAMANCA,2109,C03,119,70,8,36,0,16,14,30,24,0,0,317,11,328,684
11,GUANAJUATO,14,SALAMANCA,27,SALAMANCA,2110,B,108,107,14,47,0,14,9,28,14,0,3,344,11,355,741
11,GUANAJUATO,14,SALAMANCA,27,SALAMANCA,2110,C01,126,124,12,35,0,16,8,26,21,0,0,368,18,386,740
11,GUANAJUATO,14,SALAMANCA,27,SALAMANCA,2110,C02,121,120,14,39,0,13,6,38,21,0,3,375,16,391,740
11,GUANAJUATO,14,SALAMANCA,27,SALAMANCA,2110,C03,139,110,10,44,0,9,7,29,12,0,0,360,16,376,740
11,GUANAJUATO,14,SALAMANCA,27,SALAMANCA,2110,C04,125,101,16,45,0,13,8,28,17,0,0,353,18,371,740
11,GUANAJUATO,14,SALAMANCA,27,SALAMANCA,2111,B,114,71,13,58,0,10,15,21,16,0,0,318,7,325,727
11,GUANAJUATO,14,SALAMANCA,27,SALAMANCA,2111,C01,121,80,4,51,0,14,11,28,20,0,1,330,10,340,727
11,GUANAJUATO,14,SALAMANCA,27,SALAMANCA,2111,C02,125,80,10,50,0,6,13,23,16,0,0,323,6,329,727
11,GUANAJUATO,14,SALAMANCA,27,SALAMANCA,2111,C03,109,82,4,51,0,18,11,35,28,0,1,339,11,350,727
11,GUANAJUATO,14,SALAMANCA,27,SALAMANCA,2112,B,83,69,13,30,0,6,5,35,7,0,0,248,13,261,532
11,GUANAJUATO,14,SALAMANCA,27,SALAMANCA,2112,C01,98,67,10,21,0,9,12,39,16,0,1,273,8,281,531
11,GUANAJUATO,14,SALAMANCA,27,SALAMANCA,2112,C02,93,68,13,27,0,5,9,39,21,0,1,276,17,293,531
11,GUANAJUATO,14,SALAMANCA,27,SALAMANCA,2113,B,106,103,15,35,0,9,6,46,20,0,0,340,12,352,613
11,GUANAJUATO,14,SALAMANCA,27,SALAMANCA,2114,B,79,71,14,30,0,12,4,34,21,0,1,266,17,283,514
11,GUANAJUATO,14,SALAMANCA,27,SALAMANCA,2114,C01,73,88,7,21,0,14,4,41,13,0,1,262,8,270,514
11,GUANAJUATO,14,SALAMANCA,27,SALAMANCA,2115,B,92,121,11,37,0,13,4,32,15,0,3,328,17,345,649
11,GUANAJUATO,14,SALAMANCA,27,SALAMANCA,2116,B,66,120,15,22,0,15,12,28,18,0,1,297,20,317,583
11,GUANAJUATO,14,SALAMANCA,27,SALAMANCA,2117,B,41,48,16,25,0,8,6,19,13,0,0,176,14,190,389
11,GUANAJUATO,14,SALAMANCA,27,SALAMANCA,2117,C01,52,44,7,18,0,11,9,25,14,0,1,181,6,187,388
11,GUANAJUATO,14,SALAMANCA,27,SALAMANCA,2118,B,63,47,15,13,0,18,7,7,13,0,2,185,8,193,386
11,GUANAJUATO,14,SALAMANCA,27,SALAMANCA,2118,C01,58,51,11,17,0,7,7,24,10,0,0,185,8,193,385
11,GUANAJUATO,14,SALAMANCA,27,SALAMANCA,2119,B,114,88,20,28,0,15,10,38,13,0,1,327,8,335,665
11,GUANAJUATO,14,SALAMANCA,27,SALAMANCA,2120,B,62,54,10,25,0,14,4,23,3,0,0,195,13,208,421
11,GUANAJUATO,14,SALAMANCA,27,SALAMANCA,2120,C01,66,61,8,22,0,4,5,29,13,0,1,209,8,217,420
11,GUANAJUATO,14,SALAMANCA,27,SALAMANCA,2121,B,113,60,10,58,0,17,8,19,5,0,0,290,7,297,740
11,GUANAJUATO,14,SALAMANCA,27,SALAMANCA,2121,C01,97,68,13,54,0,17,9,22,19,0,0,299,20,319,740
11,GUANAJUATO,14,SALAMANCA,27,SALAMANCA,2121,C02,97,57,19,72,0,30,8,19,12,0,0,314,12,326,740
11,GUANAJUATO,14,SALAMANCA,27,SALAMANCA,2121,C03,101,44,5,61,0,22,16,12,11,0,0,272,11,283,740
11,GUANAJUATO,14,SALAMANCA,27,SALAMANCA,2121,C04,107,44,15,59,0,22,12,23,17,0,0,299,12,311,740
11,GUANAJUATO,14,SALAMANCA,27,SALAMANCA,2122,B,86,55,10,26,0,10,4,46,11,0,0,248,15,263,506
11,GUANAJUATO,14,SALAMANCA,27,SALAMANCA,2123,B,77,74,11,16,0,11,6,22,5,0,2,224,17,241,442
11,GUANAJUATO,14,SALAMANCA,27,SALAMANCA,2123,C01,71,89,8,11,0,3,5,23,14,0,0,224,13,237,442
11,GUANAJUATO,14,SALAMANCA,27,SALAMANCA,2124,B,97,123,4,58,0,14,5,30,23,0,4,358,28,386,618
11,GUANAJUATO,14,SALAMANCA,27,SALAMANCA,2125,B,114,112,18,30,0,30,5,40,18,0,1,368,14,382,748
11,GUANAJUATO,14,SALAMANCA,27,SALAMANCA,2126,B,82,101,11,40,0,23,6,36,17,0,3,319,15,334,641
11,GUANAJUATO,14,SALAMANCA,27,SALAMANCA,2127,B,80,49,8,39,0,11,7,8,19,0,0,221,15,236,550
11,GUANAJUATO,14,SALAMANCA,27,SALAMANCA,2127,C01,95,50,5,41,0,5,5,17,18,0,0,236,16,252,549
11,GUANAJUATO,14,SALAMANCA,27,SALAMANCA,2128,B,134,127,6,31,0,18,4,47,13,0,2,382,26,408,701
11,GUANAJUATO,14,SALAMANCA,27,SALAMANCA,2129,B,86,59,7,61,0,9,14,13,16,0,0,265,4,269,611
11,GUANAJUATO,14,SALAMANCA,27,SALAMANCA,2129,C01,90,65,9,66,0,9,12,13,17,0,0,281,11,292,610
11,GUANAJUATO,14,SALAMANCA,27,SALAMANCA,2130,B,69,115,28,27,0,11,3,29,13,0,0,295,15,310,593
11,GUANAJUATO,13,SALAMANCA,27,SALAMANCA,2131,B,87,48,8,29,0,14,3,22,11,0,0,222,6,228,419
11,GUANAJUATO,13,SALAMANCA,27,SALAMANCA,2131,C01,94,38,7,28,0,11,7,12,20,0,0,217,13,230,419
11,GUANAJUATO,14,SALAMANCA,27,SALAMANCA,2132,B,67,32,6,42,0,4,2,6,4,0,0,163,8,171,426
11,GUANAJUATO,14,SALAMANCA,27,SALAMANCA,2132,C01,55,24,15,37,0,7,4,7,2,0,0,151,12,163,425
11,GUANAJUATO,13,SALAMANCA,27,SALAMANCA,2133,B,79,83,16,37,0,16,8,17,16,0,2,274,12,286,481
11,GUANAJUATO,13,SALAMANCA,27,SALAMANCA,2133,C01,85,67,10,32,0,13,8,36,18,0,3,272,15,287,481
11,GUANAJUATO,13,SALAMANCA,27,SALAMANCA,2134,B,107,87,23,41,0,9,14,28,19,0,1,329,9,338,692
11,GUANAJUATO,13,SALAMANCA,27,SALAMANCA,2134,C01,89,86,14,37,0,21,10,20,19,0,0,296,22,318,692
11,GUANAJUATO,13,SALAMANCA,27,SALAMANCA,2134,C02,118,71,20,37,0,14,9,30,16,0,0,315,14,329,691
11,GUANAJUATO,13,SALAMANCA,27,SALAMANCA,2134,C03,108,72,15,36,0,13,10,36,13,0,0,303,13,316,691
11,GUANAJUATO,14,SALAMANCA,27,SALAMANCA,2135,B,97,68,4,29,0,11,3,18,6,0,0,236,5,241,474
11,GUANAJUATO,14,SALAMANCA,27,SALAMANCA,2135,C01,63,63,5,25,0,16,0,15,6,0,0,193,7,200,473
11,GUANAJUATO,14,SALAMANCA,27,SALAMANCA,2136,B,78,57,4,30,0,14,15,13,8,0,2,221,5,226,533
11,GUANAJUATO,14,SALAMANCA,27,SALAMANCA,2136,C01,91,64,2,33,0,13,5,17,7,0,0,232,14,246,533
11,GUANAJUATO,14,SALAMANCA,27,SALAMANCA,2137,B,74,60,7,51,0,12,6,17,9,0,4,240,13,253,538
11,GUANAJUATO,14,SALAMANCA,27,SALAMANCA,2138,B,66,56,5,22,0,16,6,18,17,0,0,206,6,212,422
11,GUANAJUATO,14,SALAMANCA,27,SALAMANCA,2139,B,50,49,9,32,0,9,4,17,11,0,0,181,7,188,382
11,GUANAJUATO,14,SALAMANCA,27,SALAMANCA,2139,C01,65,45,4,27,0,14,10,15,13,0,0,193,5,198,381
11,GUANAJUATO,14,SALAMANCA,27,SALAMANCA,2140,B,69,41,4,30,0,7,2,20,9,0,1,183,14,197,460
11,GUANAJUATO,14,SALAMANCA,27,SALAMANCA,2140,C01,76,39,8,49,0,15,9,15,17,0,0,228,9,237,459
11,GUANAJUATO,14,SALAMANCA,27,SALAMANCA,2141,B,78,59,4,42,0,16,5,19,12,0,1,236,12,248,628
11,GUANAJUATO,14,SALAMANCA,27,SALAMANCA,2141,C01,97,55,6,47,0,10,14,18,14,0,0,261,8,269,628
11,GUANAJUATO,14,SALAMANCA,27,SALAMANCA,2142,B,76,44,2,55,0,6,6,14,10,0,2,215,8,223,518
11,GUANAJUATO,13,SALAMANCA,27,SALAMANCA,2143,B,79,39,3,35,0,2,8,14,6,0,1,187,10,197,412
11,GUANAJUATO,13,SALAMANCA,27,SALAMANCA,2143,C01,82,31,4,30,0,5,6,8,6,0,0,172,5,177,411
11,GUANAJUATO,14,SALAMANCA,27,SALAMANCA,2144,B,105,38,3,38,0,10,11,13,9,0,0,227,13,240,551
11,GUANAJUATO,14,SALAMANCA,27,SALAMANCA,2144,C01,63,33,3,63,0,16,5,9,11,0,0,203,17,220,550
11,GUANAJUATO,14,SALAMANCA,27,SALAMANCA,2145,B,77,50,7,30,0,16,5,33,20,0,0,238,10,248,548
11,GUANAJUATO,14,SALAMANCA,27,SALAMANCA,2146,B,100,38,5,29,0,14,6,19,15,0,1,227,12,239,581
11,GUANAJUATO,14,SALAMANCA,27,SALAMANCA,2146,C01,124,49,6,40,0,10,5,15,4,0,0,253,18,271,581
11,GUANAJUATO,14,SALAMANCA,27,SALAMANCA,2147,B,53,47,6,19,0,9,3,22,9,0,0,168,6,174,394
11,GUANAJUATO,14,SALAMANCA,27,SALAMANCA,2147,C01,57,38,4,20,0,30,8,22,6,0,0,185,6,191,393
11,GUANAJUATO,14,SALAMANCA,27,SALAMANCA,2148,B,75,38,3,24,0,8,3,22,18,0,0,191,5,196,415
11,GUANAJUATO,14,SALAMANCA,27,SALAMANCA,2148,C01,97,47,2,29,0,10,2,25,13,0,0,225,12,237,414
11,GUANAJUATO,14,SALAMANCA,27,SALAMANCA,2149,B,81,70,5,50,0,16,7,15,15,0,2,261,12,273,534
11,GUANAJUATO,13,SALAMANCA,27,SALAMANCA,2150,B,84,24,4,26,0,4,4,11,1,0,0,158,8,166,473
11,GUANAJUATO,13,SALAMANCA,27,SALAMANCA,2150,C01,64,37,6,33,0,10,5,21,10,0,0,186,9,195,472
11,GUANAJUATO,13,SALAMANCA,27,SALAMANCA,2151,B,73,54,6,41,0,10,5,16,3,0,0,208,6,214,462
11,GUANAJUATO,13,SALAMANCA,27,SALAMANCA,2151,C01,85,39,4,25,0,10,4,12,6,0,0,185,9,194,461
11,GUANAJUATO,14,SALAMANCA,27,SALAMANCA,2152,B,95,51,12,45,0,8,9,13,3,0,0,236,13,249,558
11,GUANAJUATO,13,SALAMANCA,27,SALAMANCA,2153,B,113,82,5,45,0,15,6,42,10,0,0,318,12,330,744
11,GUANAJUATO,14,SALAMANCA,27,SALAMANCA,2154,B,130,65,8,54,0,13,7,28,8,0,0,313,14,327,687
11,GUANAJUATO,14,SALAMANCA,27,SALAMANCA,2155,B,64,53,7,31,0,6,10,19,12,0,1,203,18,221,563
11,GUANAJUATO,14,SALAMANCA,27,SALAMANCA,2156,B,112,58,6,39,0,24,10,33,21,0,1,304,12,316,652
11,GUANAJUATO,14,SALAMANCA,27,SALAMANCA,2157,B,105,73,5,42,0,17,6,29,13,0,1,291,14,305,606
11,GUANAJUATO,14,SALAMANCA,27,SALAMANCA,2158,B,78,43,4,51,0,18,5,22,20,0,0,241,16,257,522
11,GUANAJUATO,14,SALAMANCA,27,SALAMANCA,2159,B,87,43,5,37,0,13,5,18,9,0,0,217,10,227,495
11,GUANAJUATO,14,SALAMANCA,27,SALAMANCA,2159,C01,75,54,9,29,0,6,12,12,12,0,0,209,19,228,495
11,GUANAJUATO,14,SALAMANCA,27,SALAMANCA,2160,B,77,54,5,38,0,9,9,21,11,0,0,224,13,237,515
11,GUANAJUATO,14,SALAMANCA,27,SALAMANCA,2160,C01,66,49,7,50,0,10,8,17,11,0,0,218,10,228,514
11,GUANAJUATO,14,SALAMANCA,27,SALAMANCA,2161,B,119,60,19,40,0,10,15,22,19,0,0,304,17,321,745
11,GUANAJUATO,14,SALAMANCA,27,SALAMANCA,2162,B,68,62,5,30,0,8,9,9,10,0,0,201,10,211,537
11,GUANAJUATO,14,SALAMANCA,27,SALAMANCA,2162,C01,68,62,5,30,0,8,9,9,10,0,0,201,10,211,537
11,GUANAJUATO,14,SALAMANCA,27,SALAMANCA,2163,B,69,43,0,44,0,6,7,2,2,0,0,173,5,178,735
11,GUANAJUATO,14,SALAMANCA,27,SALAMANCA,2163,C01,76,31,2,38,0,6,5,5,11,0,0,174,9,183,735
11,GUANAJUATO,14,SALAMANCA,27,SALAMANCA,2163,C02,74,27,4,37,0,4,5,13,9,0,0,173,3,176,735
11,GUANAJUATO,14,SALAMANCA,27,SALAMANCA,2163,C03,77,41,2,44,0,5,5,11,3,0,0,188,10,198,735
11,GUANAJUATO,14,SALAMANCA,27,SALAMANCA,2163,C04,95,28,1,41,0,8,1,6,4,0,1,185,10,195,734
11,GUANAJUATO,13,SALAMANCA,27,SALAMANCA,2164,B,87,46,10,28,0,20,12,23,13,0,0,239,11,250,642
11,GUANAJUATO,13,SALAMANCA,27,SALAMANCA,2164,C01,103,63,13,30,0,8,11,19,13,0,0,260,4,264,642
11,GUANAJUATO,13,SALAMANCA,27,SALAMANCA,2164,C02,97,54,10,38,0,12,8,22,8,0,2,251,7,258,641
11,GUANAJUATO,13,SALAMANCA,27,SALAMANCA,2164,C03,93,68,11,41,0,17,13,20,15,0,0,278,26,304,641
11,GUANAJUATO,14,SALAMANCA,27,SALAMANCA,2165,B,119,66,9,43,0,25,11,29,12,0,1,315,13,328,634
11,GUANAJUATO,13,SALAMANCA,27,SALAMANCA,2166,B,83,28,9,58,0,8,5,18,5,0,1,215,8,223,646
11,GUANAJUATO,13,SALAMANCA,27,SALAMANCA,2166,C01,84,50,8,43,0,15,3,19,8,0,0,230,11,241,646
11,GUANAJUATO,13,SALAMANCA,27,SALAMANCA,2167,B,56,68,5,39,0,4,5,23,5,0,1,206,2,208,409
11,GUANAJUATO,13,SALAMANCA,27,SALAMANCA,2167,C01,73,37,4,37,0,4,7,29,8,0,0,199,5,204,408
11,GUANAJUATO,14,SALAMANCA,27,SALAMANCA,2168,B,58,28,10,28,0,8,3,18,6,0,0,159,6,165,471
11,GUANAJUATO,14,SALAMANCA,27,SALAMANCA,2168,C01,61,32,5,27,0,11,7,13,11,0,0,167,12,179,470
11,GUANAJUATO,14,SALAMANCA,27,SALAMANCA,2169,B,56,30,5,31,0,6,0,16,10,0,1,155,12,167,565
11,GUANAJUATO,14,SALAMANCA,27,SALAMANCA,2169,C01,56,30,0,28,0,1,3,23,7,0,0,148,4,152,565
11,GUANAJUATO,14,SALAMANCA,27,SALAMANCA,2170,B,67,31,3,39,0,9,6,10,7,0,0,172,8,180,488
11,GUANAJUATO,14,SALAMANCA,27,SALAMANCA,2170,C01,62,42,4,31,0,5,4,11,5,0,0,164,7,171,488
11,GUANAJUATO,14,SALAMANCA,27,SALAMANCA,2171,B,83,49,6,45,0,13,3,13,8,0,0,220,5,225,504
11,GUANAJUATO,14,SALAMANCA,27,SALAMANCA,2171,C01,68,45,5,44,0,17,12,19,11,0,0,221,10,231,503
11,GUANAJUATO,14,SALAMANCA,27,SALAMANCA,2172,B,104,63,4,39,0,7,31,17,0,0,0,265,15,280,551
11,GUANAJUATO,13,SALAMANCA,27,SALAMANCA,2173,B,82,67,14,33,0,12,5,25,15,0,0,253,10,263,505
11,GUANAJUATO,14,SALAMANCA,27,SALAMANCA,2174,B,112,50,9,48,0,3,10,21,7,0,1,261,13,274,514
11,GUANAJUATO,14,SALAMANCA,27,SALAMANCA,2175,B,117,45,5,62,0,12,10,17,17,0,1,286,14,300,734
11,GUANAJUATO,13,SALAMANCA,27,SALAMANCA,2176,B,84,68,8,76,0,13,3,18,5,0,1,276,6,282,722
11,GUANAJUATO,13,SALAMANCA,27,SALAMANCA,2176,C01,68,65,6,72,0,9,6,20,9,0,0,255,3,258,721
11,GUANAJUATO,13,SALAMANCA,27,SALAMANCA,2176,C02,78,82,1,69,0,10,4,15,9,0,1,269,13,282,721
11,GUANAJUATO,13,SALAMANCA,27,SALAMANCA,2177,B,115,66,5,47,0,6,11,23,12,0,0,285,12,297,711
11,GUANAJUATO,13,SALAMANCA,27,SALAMANCA,2177,C01,106,67,9,52,0,14,10,28,9,0,0,295,8,303,711
11,GUANAJUATO,13,SALAMANCA,27,SALAMANCA,2177,C02,103,68,6,45,0,16,8,25,18,0,0,289,6,295,711
11,GUANAJUATO,13,SALAMANCA,27,SALAMANCA,2177,C03,108,56,14,41,0,10,8,13,17,0,1,268,14,282,711
11,GUANAJUATO,13,SALAMANCA,27,SALAMANCA,2178,B,80,50,9,46,0,8,3,17,12,0,0,225,11,236,701
11,GUANAJUATO,13,SALAMANCA,27,SALAMANCA,2178,C01,74,59,1,39,0,6,4,21,8,0,0,212,5,217,701
11,GUANAJUATO,13,SALAMANCA,27,SALAMANCA,2178,C02,72,73,3,50,0,4,11,16,6,0,0,235,7,242,701
11,GUANAJUATO,13,SALAMANCA,27,SALAMANCA,2178,C03,68,48,6,47,0,9,10,16,7,0,1,212,10,222,700
11,GUANAJUATO,13,SALAMANCA,27,SALAMANCA,2178,C04,69,56,4,54,0,7,9,12,5,0,0,216,9,225,700
11,GUANAJUATO,13,SALAMANCA,27,SALAMANCA,2179,B,77,65,10,42,0,12,6,16,9,0,0,237,5,242,641
11,GUANAJUATO,13,SALAMANCA,27,SALAMANCA,2179,C01,75,58,6,52,0,7,3,21,19,0,0,241,15,256,641
11,GUANAJUATO,13,SALAMANCA,27,SALAMANCA,2179,C02,96,60,10,41,0,6,5,21,8,0,0,247,9,256,641
11,GUANAJUATO,13,SALAMANCA,27,SALAMANCA,2179,C03,71,47,10,33,0,4,7,28,14,0,1,215,16,231,641
11,GUANAJUATO,13,SALAMANCA,27,SALAMANCA,2179,C04,101,55,5,42,0,16,8,24,15,0,0,266,5,271,640
11,GUANAJUATO,13,SALAMANCA,27,SALAMANCA,2179,C05,85,55,6,39,0,8,6,15,11,0,1,226,9,235,640
11,GUANAJUATO,13,SALAMANCA,27,SALAMANCA,2180,B,75,67,11,39,0,17,11,27,4,0,2,253,8,261,611
11,GUANAJUATO,13,SALAMANCA,27,SALAMANCA,2180,C01,85,73,10,40,0,12,6,21,12,0,0,259,10,269,610
11,GUANAJUATO,13,SALAMANCA,27,SALAMANCA,2180,C02,76,58,10,41,0,11,8,30,12,0,0,246,9,255,610
11,GUANAJUATO,13,SALAMANCA,27,SALAMANCA,2181,B,77,56,5,51,0,17,8,24,15,0,1,254,9,263,737
11,GUANAJUATO,13,SALAMANCA,27,SALAMANCA,2181,C01,81,60,7,49,0,11,4,15,3,0,0,230,8,238,737
11,GUANAJUATO,13,SALAMANCA,27,SALAMANCA,2181,C02,78,58,7,47,0,7,6,16,6,0,0,225,7,232,737
11,GUANAJUATO,13,SALAMANCA,27,SALAMANCA,2181,C03,72,42,7,53,0,10,6,15,10,0,0,215,6,221,736
11,GUANAJUATO,13,SALAMANCA,27,SALAMANCA,2181,C04,93,63,5,57,0,6,6,15,9,0,0,254,12,266,736
11,GUANAJUATO,13,SALAMANCA,27,SALAMANCA,2182,B,78,67,5,48,0,7,5,10,11,0,0,231,4,235,470
11,GUANAJUATO,13,SALAMANCA,27,SALAMANCA,2182,C01,53,42,1,36,0,10,3,8,10,0,1,164,8,172,469
11,GUANAJUATO,13,SALAMANCA,27,SALAMANCA,2183,B,64,47,3,56,0,4,5,13,6,0,0,198,4,202,528
11,GUANAJUATO,13,SALAMANCA,27,SALAMANCA,2183,C01,71,51,3,69,0,3,3,10,3,0,0,213,6,219,527
11,GUANAJUATO,13,SALAMANCA,27,SALAMANCA,2184,B,79,66,7,49,0,10,15,15,8,0,1,250,7,257,691
11,GUANAJUATO,13,SALAMANCA,27,SALAMANCA,2184,C01,90,36,3,54,0,9,3,14,12,0,0,221,12,233,690
11,GUANAJUATO,13,SALAMANCA,27,SALAMANCA,2184,C02,86,54,4,57,0,17,11,20,14,0,0,263,5,268,690
11,GUANAJUATO,13,SALAMANCA,27,SALAMANCA,2184,C03,70,53,3,56,0,12,4,15,8,0,2,223,13,236,690
11,GUANAJUATO,13,SALAMANCA,27,SALAMANCA,2185,B,75,52,6,54,0,15,13,9,12,0,4,240,8,248,717
11,GUANAJUATO,13,SALAMANCA,27,SALAMANCA,2185,C01,83,45,5,42,0,11,6,23,15,0,0,230,7,237,716
11,GUANAJUATO,13,SALAMANCA,27,SALAMANCA,2185,C02,87,34,2,40,0,8,5,16,10,0,0,202,9,211,716
11,GUANAJUATO,13,SALAMANCA,27,SALAMANCA,2185,C03,65,55,2,32,0,11,8,16,12,0,0,201,10,211,716
11,GUANAJUATO,13,SALAMANCA,27,SALAMANCA,2185,C04,83,46,1,56,0,7,17,18,6,0,0,234,7,241,716
11,GUANAJUATO,13,SALAMANCA,27,SALAMANCA,2185,C05,92,54,2,51,0,7,8,19,1,0,1,235,6,241,716
11,GUANAJUATO,13,SALAMANCA,27,SALAMANCA,2186,B,95,48,4,57,0,7,10,20,13,0,0,254,10,264,653
11,GUANAJUATO,13,SALAMANCA,27,SALAMANCA,2186,C01,110,47,3,55,0,14,8,30,8,0,0,275,7,282,652
11,GUANAJUATO,13,SALAMANCA,27,SALAMANCA,2187,B,106,46,3,43,0,5,5,23,13,0,0,244,10,254,608
11,GUANAJUATO,13,SALAMANCA,27,SALAMANCA,2187,C01,99,38,7,59,0,7,10,21,15,0,2,258,10,268,607
11,GUANAJUATO,13,SALAMANCA,27,SALAMANCA,2188,B,85,67,8,53,0,10,8,27,17,0,0,275,13,288,608
11,GUANAJUATO,13,SALAMANCA,27,SALAMANCA,2188,C01,76,70,9,42,0,12,8,23,14,0,0,254,8,262,607
11,GUANAJUATO,13,SALAMANCA,27,SALAMANCA,2188,C02,120,77,7,40,0,4,3,17,4,0,0,272,13,285,607
11,GUANAJUATO,13,SALAMANCA,27,SALAMANCA,2189,B,66,95,14,23,0,9,17,17,8,0,0,249,8,257,565
11,GUANAJUATO,13,SALAMANCA,27,SALAMANCA,2190,B,97,53,5,43,0,10,9,12,7,0,1,237,4,241,655
11,GUANAJUATO,13,SALAMANCA,27,SALAMANCA,2190,C01,79,46,2,45,0,7,8,19,8,0,0,214,7,221,655
11,GUANAJUATO,13,SALAMANCA,27,SALAMANCA,2190,C02,82,38,3,49,0,4,11,17,7,0,1,212,4,216,655
11,GUANAJUATO,13,SALAMANCA,27,SALAMANCA,2190,C03,82,56,4,40,0,5,8,22,6,0,0,223,7,230,655
11,GUANAJUATO,13,SALAMANCA,27,SALAMANCA,2190,C04,67,49,2,41,0,9,6,9,10,0,0,193,9,202,655
11,GUANAJUATO,13,SALAMANCA,27,SALAMANCA,2191,B,70,39,12,34,0,13,4,21,11,0,0,204,8,212,522
11,GUANAJUATO,13,SALAMANCA,27,SALAMANCA,2191,C01,74,41,8,35,0,20,5,16,16,0,1,216,13,229,521
11,GUANAJUATO,13,SALAMANCA,27,SALAMANCA,2192,B,65,41,1,39,0,2,6,20,7,0,2,183,11,194,441
11,GUANAJUATO,13,SALAMANCA,27,SALAMANCA,2192,C01,71,44,2,43,0,4,7,13,8,0,0,192,7,199,440
11,GUANAJUATO,13,SALAMANCA,27,SALAMANCA,2193,B,79,42,6,57,0,4,12,15,13,0,0,228,7,235,711
11,GUANAJUATO,13,SALAMANCA,27,SALAMANCA,2193,C01,97,60,14,43,0,9,9,23,9,0,0,264,7,271,711
11,GUANAJUATO,13,SALAMANCA,27,SALAMANCA,2193,C02,85,47,12,51,0,12,11,25,8,0,0,251,12,263,710
11,GUANAJUATO,13,SALAMANCA,27,SALAMANCA,2193,C03,74,46,2,44,0,12,14,15,6,0,0,213,13,226,710
11,GUANAJUATO,13,SALAMANCA,27,SALAMANCA,2193,C04,98,54,11,70,0,9,4,11,9,0,0,266,12,278,710
11,GUANAJUATO,13,SALAMANCA,27,SALAMANCA,2193,C05,80,62,5,39,0,12,8,15,14,0,0,235,11,246,710
11,GUANAJUATO,13,SALAMANCA,27,SALAMANCA,2193,C06,81,59,8,42,0,9,10,23,12,0,2,246,7,253,710
11,GUANAJUATO,13,SALAMANCA,27,SALAMANCA,2193,C07,78,58,5,58,0,14,6,17,8,0,0,244,7,251,710
11,GUANAJUATO,13,SALAMANCA,27,SALAMANCA,2193,C08,88,65,12,41,0,6,10,19,14,0,0,255,12,267,710
11,GUANAJUATO,13,SALAMANCA,27,SALAMANCA,2193,C09,93,46,3,43,0,12,7,23,22,0,0,249,5,254,710
11,GUANAJUATO,13,SALAMANCA,27,SALAMANCA,2193,C10,101,47,7,58,0,10,7,16,9,0,1,256,17,273,710
11,GUANAJUATO,13,SALAMANCA,27,SALAMANCA,2193,S01,12,10,0,6,0,0,5,3,0,0,0,36,3,39,0
11,GUANAJUATO,13,SALAMANCA,27,SALAMANCA,2194,B,108,66,7,54,0,18,15,27,17,0,3,315,20,335,735
11,GUANAJUATO,13,SALAMANCA,27,SALAMANCA,2194,C01,132,61,9,47,0,16,8,34,14,0,0,321,13,334,735
11,GUANAJUATO,13,SALAMANCA,27,SALAMANCA,2194,C02,137,62,3,44,0,22,9,35,9,0,0,321,12,333,735
11,GUANAJUATO,13,SALAMANCA,27,SALAMANCA,2195,B,0,0,0,0,0,0,0,0,0,0,0,0,0,0,472
11,GUANAJUATO,13,SALAMANCA,27,SALAMANCA,2195,C01,86,49,2,36,0,12,6,19,8,0,0,218,5,223,471
11,GUANAJUATO,13,SALAMANCA,27,SALAMANCA,2196,B,81,52,4,38,0,18,7,11,2,0,0,213,8,221,418
11,GUANAJUATO,13,SALAMANCA,27,SALAMANCA,2196,C01,76,44,2,37,0,12,11,6,7,0,0,195,3,198,418
11,GUANAJUATO,13,SALAMANCA,27,SALAMANCA,2197,B,96,53,5,54,0,9,8,15,8,0,0,248,7,255,663
11,GUANAJUATO,13,SALAMANCA,27,SALAMANCA,2197,C01,81,54,4,59,0,9,11,11,9,0,0,238,11,249,663
11,GUANAJUATO,13,SALAMANCA,27,SALAMANCA,2197,C02,94,39,7,54,0,11,5,8,6,0,1,225,6,231,663
11,GUANAJUATO,13,SALAMANCA,27,SALAMANCA,2197,C03,108,42,4,39,0,5,5,8,5,0,0,216,5,221,663
11,GUANAJUATO,13,SALAMANCA,27,SALAMANCA,2197,C04,108,47,9,56,0,7,5,12,8,0,0,252,5,257,663
11,GUANAJUATO,13,SALAMANCA,27,SALAMANCA,2197,C05,0,0,0,0,0,0,0,0,0,0,0,0,0,0,662
11,GUANAJUATO,13,SALAMANCA,27,SALAMANCA,2198,B,96,74,22,32,0,22,8,43,13,0,0,310,6,316,691
11,GUANAJUATO,13,SALAMANCA,27,SALAMANCA,2198,C01,103,66,15,40,0,15,10,28,16,0,1,294,23,317,691
11,GUANAJUATO,13,SALAMANCA,27,SALAMANCA,2198,C02,127,92,7,30,0,17,4,22,14,0,1,314,10,324,691
11,GUANAJUATO,14,SALAMANCA,27,SALAMANCA,2199,B,150,13,4,15,0,6,5,3,0,0,0,196,8,204,488
11,GUANAJUATO,14,SALAMANCA,27,SALAMANCA,2200,B,103,14,3,17,0,5,2,3,2,0,0,149,17,166,504
11,GUANAJUATO,14,SALAMANCA,27,SALAMANCA,2200,C01,132,29,5,30,0,5,4,1,6,0,0,212,8,220,504
11,GUANAJUATO,14,SALAMANCA,27,SALAMANCA,2201,B,64,28,8,17,0,3,8,5,3,0,0,136,9,145,428
11,GUANAJUATO,14,SALAMANCA,27,SALAMANCA,2201,C01,61,25,3,17,0,5,9,7,3,0,0,130,6,136,428
11,GUANAJUATO,14,SALAMANCA,27,SALAMANCA,2202,B,138,54,8,18,0,4,6,4,2,0,0,234,6,240,507
11,GUANAJUATO,14,SALAMANCA,27,SALAMANCA,2202,C01,133,36,5,17,0,5,4,2,1,0,0,203,6,209,506
11,GUANAJUATO,14,SALAMANCA,27,SALAMANCA,2203,B,109,39,6,19,0,9,7,5,4,0,0,198,14,212,593
11,GUANAJUATO,14,SALAMANCA,27,SALAMANCA,2204,B,118,40,3,9,0,2,1,1,4,0,0,178,8,186,578
11,GUANAJUATO,14,SALAMANCA,27,SALAMANCA,2204,C01,111,34,2,13,0,4,5,4,8,0,0,181,1,182,577
11,GUANAJUATO,14,SALAMANCA,27,SALAMANCA,2204,C02,101,31,6,8,0,2,8,2,7,0,0,165,3,168,577
11,GUANAJUATO,14,SALAMANCA,27,SALAMANCA,2204,C03,110,49,5,10,0,4,4,6,1,0,0,189,0,189,577
11,GUANAJUATO,14,SALAMANCA,27,SALAMANCA,2205,B,71,37,8,31,0,2,9,2,20,0,0,180,7,187,443
11,GUANAJUATO,14,SALAMANCA,27,SALAMANCA,2206,B,72,21,9,28,0,5,6,0,8,0,0,149,8,157,424
11,GUANAJUATO,14,SALAMANCA,27,SALAMANCA,2206,C01,80,29,6,26,0,4,13,7,13,0,0,178,11,189,424
11,GUANAJUATO,14,SALAMANCA,27,SALAMANCA,2207,B,78,15,1,170,0,2,9,1,6,0,0,282,6,288,590
11,GUANAJUATO,14,SALAMANCA,27,SALAMANCA,2207,C01,70,19,4,190,0,6,10,2,0,0,0,301,15,316,589
11,GUANAJUATO,14,SALAMANCA,27,SALAMANCA,2208,B,64,31,4,65,0,7,9,4,1,0,0,185,19,204,635
11,GUANAJUATO,14,SALAMANCA,27,SALAMANCA,2208,C01,68,52,4,97,0,10,11,3,4,0,0,249,13,262,635
11,GUANAJUATO,14,SALAMANCA,27,SALAMANCA,2209,B,111,20,2,20,0,0,2,1,5,0,0,161,10,171,576
11,GUANAJUATO,14,SALAMANCA,27,SALAMANCA,2209,C01,132,52,3,26,0,1,2,1,1,0,0,218,12,230,576
11,GUANAJUATO,14,SALAMANCA,27,SALAMANCA,2210,B,95,19,6,56,0,7,2,3,2,0,0,190,11,201,486
11,GUANAJUATO,14,SALAMANCA,27,SALAMANCA,2210,C01,90,18,7,77,0,8,4,4,2,0,0,210,12,222,486
11,GUANAJUATO,14,SALAMANCA,27,SALAMANCA,2211,B,48,102,4,128,0,7,2,8,10,0,0,309,19,328,664
11,GUANAJUATO,14,SALAMANCA,27,SALAMANCA,2212,B,106,11,19,54,0,11,2,7,3,0,0,213,10,223,493
11,GUANAJUATO,14,SALAMANCA,27,SALAMANCA,2212,C01,86,22,9,61,0,7,2,13,4,0,0,204,6,210,493
11,GUANAJUATO,14,SALAMANCA,27,SALAMANCA,2213,B,0,0,0,0,0,0,0,0,0,0,0,0,0,0,444
11,GUANAJUATO,14,SALAMANCA,27,SALAMANCA,2213,C01,62,45,15,27,0,11,7,12,1,0,0,180,7,187,444
11,GUANAJUATO,14,SALAMANCA,27,SALAMANCA,2214,B,159,30,7,48,0,19,16,4,4,0,0,287,13,300,558
11,GUANAJUATO,14,SALAMANCA,27,SALAMANCA,2215,B,205,32,6,59,0,9,4,8,1,0,0,324,25,349,744
11,GUANAJUATO,14,SALAMANCA,27,SALAMANCA,2216,B,143,46,5,52,0,6,12,2,4,0,0,270,17,287,697
11,GUANAJUATO,14,SALAMANCA,27,SALAMANCA,2216,C01,147,56,2,49,0,6,7,1,1,0,0,269,14,283,697
11,GUANAJUATO,14,SALAMANCA,27,SALAMANCA,2217,B,159,23,2,33,0,8,9,7,5,0,0,246,11,257,600
11,GUANAJUATO,14,SALAMANCA,27,SALAMANCA,2217,C01,157,30,3,39,0,7,4,3,3,0,0,246,9,255,600
11,GUANAJUATO,14,SALAMANCA,27,SALAMANCA,2218,B,100,28,3,61,0,7,6,23,4,0,0,232,10,242,633
11,GUANAJUATO,14,SALAMANCA,27,SALAMANCA,2218,C01,107,25,5,84,0,4,7,5,8,0,1,246,14,260,632
11,GUANAJUATO,14,SALAMANCA,27,SALAMANCA,2219,B,101,52,3,59,0,4,9,8,3,0,2,241,14,255,552
11,GUANAJUATO,14,SALAMANCA,27,SALAMANCA,2219,C01,102,36,1,67,0,9,8,12,4,0,0,239,12,251,552
11,GUANAJUATO,14,SALAMANCA,27,SALAMANCA,2219,C02,104,35,5,65,0,6,11,5,6,0,0,237,18,255,551
11,GUANAJUATO,13,SALAMANCA,27,SALAMANCA,2220,B,83,39,4,23,0,7,6,3,2,0,0,167,5,172,497
11,GUANAJUATO,13,SALAMANCA,27,SALAMANCA,2220,C01,88,50,1,26,0,8,7,4,2,0,0,186,8,194,496
11,GUANAJUATO,14,SALAMANCA,27,SALAMANCA,2221,B,102,32,5,65,0,6,2,1,1,0,0,214,8,222,416
11,GUANAJUATO,14,SALAMANCA,27,SALAMANCA,2221,C01,100,17,6,64,0,3,3,3,0,0,0,196,3,199,415
11,GUANAJUATO,14,SALAMANCA,27,SALAMANCA,2222,B,172,61,4,34,0,2,3,5,13,0,0,294,4,298,482
11,GUANAJUATO,14,SALAMANCA,27,SALAMANCA,2222,C01,172,29,3,33,0,3,8,2,11,0,0,261,14,275,481
11,GUANAJUATO,14,SALAMANCA,27,SALAMANCA,2223,B,107,39,5,78,0,5,7,17,17,0,0,275,20,295,706
11,GUANAJUATO,14,SALAMANCA,27,SALAMANCA,2223,C01,120,49,7,82,0,9,7,16,8,0,1,299,5,304,706
11,GUANAJUATO,14,SALAMANCA,27,SALAMANCA,2223,C02,143,36,9,86,0,13,8,22,7,0,0,324,8,332,705
11,GUANAJUATO,14,SALAMANCA,27,SALAMANCA,2224,B,164,30,11,27,0,17,32,5,15,0,0,301,6,307,686
11,GUANAJUATO,14,SALAMANCA,27,SALAMANCA,2224,C01,175,24,9,21,0,16,23,4,18,0,0,290,8,298,686
11,GUANAJUATO,14,SALAMANCA,27,SALAMANCA,2225,B,99,13,6,26,0,5,10,6,19,0,0,184,11,195,519
11,GUANAJUATO,14,SALAMANCA,27,SALAMANCA,2225,C01,100,14,4,28,0,8,6,9,25,0,0,194,4,198,519
11,GUANAJUATO,14,SALAMANCA,27,SALAMANCA,2225,C02,119,17,9,25,0,5,3,6,28,0,0,212,4,216,519
11,GUANAJUATO,14,SALAMANCA,27,SALAMANCA,2226,B,108,35,2,37,0,6,6,15,8,0,0,217,10,227,505
11,GUANAJUATO,14,SALAMANCA,27,SALAMANCA,2226,C01,93,43,6,31,0,3,4,3,6,0,0,189,19,208,505
11,GUANAJUATO,14,SALAMANCA,27,SALAMANCA,2226,C02,100,33,5,34,0,4,6,10,9,0,0,201,8,209,505
11,GUANAJUATO,14,SALAMANCA,27,SALAMANCA,2227,B,100,49,5,47,0,3,7,3,9,0,0,223,5,228,521
11,GUANAJUATO,14,SALAMANCA,27,SALAMANCA,2227,C01,100,35,6,38,0,4,6,7,12,0,0,208,3,211,520
11,GUANAJUATO,14,SALAMANCA,27,SALAMANCA,2228,B,111,47,4,36,0,7,5,7,19,0,0,236,6,242,578
11,GUANAJUATO,14,SALAMANCA,27,SALAMANCA,2228,C01,116,24,4,39,0,1,9,8,14,0,0,215,6,221,577
11,GUANAJUATO,14,SALAMANCA,27,SALAMANCA,2228,C02,125,34,7,58,0,6,10,10,16,0,0,266,8,274,577
11,GUANAJUATO,14,SALAMANCA,27,SALAMANCA,2229,B,96,17,9,38,0,2,1,4,2,0,0,169,5,174,459
11,GUANAJUATO,14,SALAMANCA,27,SALAMANCA,2229,C01,117,25,8,37,0,6,4,3,1,0,0,201,8,209,459
11,GUANAJUATO,14,SALAMANCA,27,SALAMANCA,2230,B,124,23,7,64,0,4,7,19,4,0,0,252,9,261,687
11,GUANAJUATO,14,SALAMANCA,27,SALAMANCA,2230,C01,111,44,11,74,0,3,8,1,9,0,0,261,11,272,686
11,GUANAJUATO,14,SALAMANCA,27,SALAMANCA,2230,C02,144,36,9,86,0,6,10,13,7,0,0,311,8,319,686
11,GUANAJUATO,13,SALAMANCA,27,SALAMANCA,2231,B,118,26,3,69,0,3,3,6,3,0,0,231,5,236,639
11,GUANAJUATO,13,SALAMANCA,27,SALAMANCA,2231,C01,161,38,4,9,0,2,2,10,2,0,0,228,12,240,639
11,GUANAJUATO,13,SALAMANCA,27,SALAMANCA,2231,C02,121,45,5,75,0,1,5,8,2,0,0,262,10,272,638
11,GUANAJUATO,13,SALAMANCA,27,SALAMANCA,2232,B,129,55,7,70,0,5,6,9,4,0,0,285,11,296,606
11,GUANAJUATO,13,SALAMANCA,27,SALAMANCA,2232,C01,138,70,5,77,0,11,6,8,7,0,0,322,14,336,605
11,GUANAJUATO,13,SALAMANCA,27,SALAMANCA,2233,B,102,86,17,30,0,3,2,2,1,0,0,243,7,250,633
11,GUANAJUATO,13,SALAMANCA,27,SALAMANCA,2233,C01,91,84,27,21,0,1,4,9,2,0,1,240,15,255,632
11,GUANAJUATO,13,SALAMANCA,27,SALAMANCA,2233,C02,96,90,25,24,0,0,3,9,2,0,0,249,11,260,632
11,GUANAJUATO,13,SALAMANCA,27,SALAMANCA,2234,B,114,74,24,25,0,0,5,3,2,0,0,247,12,259,686
11,GUANAJUATO,13,SALAMANCA,27,SALAMANCA,2234,C01,101,84,30,18,0,1,6,5,1,0,1,247,9,256,685
11,GUANAJUATO,13,SALAMANCA,27,SALAMANCA,2235,B,101,61,45,33,0,2,6,1,2,0,0,251,10,261,577
11,GUANAJUATO,13,SALAMANCA,27,SALAMANCA,2236,B,126,73,30,26,0,1,6,4,3,0,0,269,16,285,617
11,GUANAJUATO,13,SALAMANCA,27,SALAMANCA,2236,C01,113,72,28,26,0,1,3,4,2,0,0,249,14,263,617
11,GUANAJUATO,13,SALAMANCA,27,SALAMANCA,2237,B,178,30,3,113,0,0,3,3,4,0,0,334,17,351,660
11,GUANAJUATO,13,SALAMANCA,27,SALAMANCA,2238,B,98,46,6,49,0,4,3,11,10,0,0,227,7,234,630
11,GUANAJUATO,13,SALAMANCA,27,SALAMANCA,2238,C01,130,44,6,36,0,4,3,9,9,0,0,241,5,246,629
11,GUANAJUATO,13,SALAMANCA,27,SALAMANCA,2238,C02,91,61,5,38,0,4,8,13,12,0,0,232,19,251,629
11,GUANAJUATO,13,SALAMANCA,27,SALAMANCA,2239,B,115,44,7,46,0,3,7,2,13,0,1,238,7,245,581
11,GUANAJUATO,13,SALAMANCA,27,SALAMANCA,2239,C01,120,21,3,40,0,3,5,10,6,0,0,208,9,217,581
11,GUANAJUATO,13,SALAMANCA,27,SALAMANCA,2239,C02,142,26,1,41,0,5,10,9,3,0,0,237,12,249,581
11,GUANAJUATO,14,SALAMANCA,27,SALAMANCA,2240,B,90,28,9,61,0,3,18,2,3,0,0,214,7,221,490
11,GUANAJUATO,14,SALAMANCA,27,SALAMANCA,2240,C01,109,23,3,46,0,8,17,7,11,0,0,224,6,230,490
11,GUANAJUATO,13,SALAMANCA,27,SALAMANCA,2241,B,86,54,1,18,0,3,2,16,3,0,0,183,5,188,649
11,GUANAJUATO,13,SALAMANCA,27,SALAMANCA,2241,C01,116,32,0,13,0,3,6,5,6,0,0,181,9,190,648
11,GUANAJUATO,13,SALAMANCA,27,SALAMANCA,2242,B,104,39,1,11,0,1,9,7,7,0,0,179,9,188,702
11,GUANAJUATO,13,SALAMANCA,27,SALAMANCA,2242,C01,108,30,3,12,0,3,4,7,5,0,0,172,4,176,702
11,GUANAJUATO,13,SALAMANCA,27,SALAMANCA,2242,C02,110,35,6,4,0,4,10,11,7,0,0,187,10,197,702
11,GUANAJUATO,13,SALAMANCA,27,SALAMANCA,2243,B,111,42,3,12,0,3,4,3,2,0,0,180,8,188,607
11,GUANAJUATO,13,SALAMANCA,27,SALAMANCA,2243,C01,110,43,2,7,0,8,5,5,1,0,0,181,3,184,607
11,GUANAJUATO,13,SALAMANCA,27,SALAMANCA,2243,C02,88,38,2,17,0,8,8,1,5,0,0,167,7,174,606
11,GUANAJUATO,13,SALAMANCA,27,SALAMANCA,2244,B,143,50,3,12,0,5,5,15,8,0,0,241,6,247,719
11,GUANAJUATO,13,SALAMANCA,27,SALAMANCA,2244,C01,174,69,2,17,0,5,13,4,4,0,0,288,4,292,718
11,GUANAJUATO,13,SALAMANCA,27,SALAMANCA,2245,B,113,43,4,11,0,0,10,6,4,0,0,191,5,196,539
11,GUANAJUATO,13,SALAMANCA,27,SALAMANCA,2245,C01,120,38,6,17,0,1,7,7,7,0,0,203,5,208,539
11,GUANAJUATO,13,SALAMANCA,27,SALAMANCA,2245,C02,102,38,4,16,0,3,10,11,6,0,1,191,7,198,539
11,GUANAJUATO,13,SALAMANCA,27,SALAMANCA,2246,B,97,43,4,13,0,4,6,6,13,0,0,186,3,189,622
11,GUANAJUATO,13,SALAMANCA,27,SALAMANCA,2246,C01,139,51,5,11,0,2,11,3,11,0,0,233,6,239,621
11,GUANAJUATO,13,SALAMANCA,27,SALAMANCA,2247,B,78,22,4,20,0,2,2,3,1,0,0,132,8,140,473
11,GUANAJUATO,13,SALAMANCA,27,SALAMANCA,2247,C01,92,19,3,28,0,2,3,0,1,0,0,148,7,155,473
11,GUANAJUATO,13,SALAMANCA,27,SALAMANCA,2248,B,43,38,7,104,0,1,4,6,8,0,0,211,14,225,697
11,GUANAJUATO,13,SALAMANCA,27,SALAMANCA,2248,C01,136,47,6,85,0,4,10,8,10,0,0,306,13,319,697
11,GUANAJUATO,13,SALAMANCA,27,SALAMANCA,2249,B,103,30,8,55,0,1,6,5,7,0,0,215,13,228,543
11,GUANAJUATO,13,SALAMANCA,27,SALAMANCA,2249,C01,93,28,9,56,0,2,16,1,9,0,0,214,14,228,543
11,GUANAJUATO,13,SALAMANCA,27,SALAMANCA,2250,B,134,41,16,76,0,5,26,14,17,0,0,329,14,343,732
11,GUANAJUATO,13,SALAMANCA,27,SALAMANCA,2251,B,142,42,12,52,0,3,6,15,4,0,0,276,16,292,638
11,GUANAJUATO,13,SALAMANCA,27,SALAMANCA,2251,C01,150,37,9,56,0,3,5,13,6,0,0,279,11,290,637
11,GUANAJUATO,13,SALAMANCA,27,SALAMANCA,2252,B,116,14,3,14,0,3,5,7,9,0,0,171,10,181,548
11,GUANAJUATO,13,SALAMANCA,27,SALAMANCA,2252,C01,118,8,7,22,0,5,4,3,8,0,0,175,9,184,548
11,GUANAJUATO,13,SALAMANCA,27,SALAMANCA,2253,B,137,20,4,63,0,8,4,1,5,0,0,242,9,251,530
11,GUANAJUATO,13,SALAMANCA,27,SALAMANCA,2253,C01,115,11,5,82,0,7,4,5,3,0,0,232,4,236,529
11,GUANAJUATO,13,SALAMANCA,27,SALAMANCA,2253,C02,119,16,4,57,0,4,8,1,5,0,0,214,5,219,529
11,GUANAJUATO,13,SALAMANCA,27,SALAMANCA,2254,B,108,16,7,98,0,4,3,1,4,0,0,241,11,252,568
11,GUANAJUATO,13,SALAMANCA,27,SALAMANCA,2254,C01,101,14,12,78,0,11,7,6,8,0,1,238,9,247,568
11,GUANAJUATO,13,SALAMANCA,27,SALAMANCA,2255,B,121,31,4,59,0,0,4,6,4,0,0,229,14,243,582
11,GUANAJUATO,13,SALAMANCA,27,SALAMANCA,2256,B,103,31,2,30,0,0,1,2,4,0,0,173,2,175,459
11,GUANAJUATO,13,SALAMANCA,27,SALAMANCA,2257,B,100,54,8,0,0,4,3,6,5,0,0,180,4,184,538
11,GUANAJUATO,13,SALAMANCA,27,SALAMANCA,2257,C01,87,35,6,46,0,2,9,4,2,0,0,191,9,200,537
11,GUANAJUATO,13,SALAMANCA,27,SALAMANCA,2258,B,101,20,9,50,0,4,6,4,11,0,0,205,9,214,452
11,GUANAJUATO,13,SALAMANCA,27,SALAMANCA,2258,C01,82,13,7,37,0,3,3,2,2,0,0,149,8,157,451
11,GUANAJUATO,13,SALAMANCA,27,SALAMANCA,2259,B,120,25,7,20,0,0,3,4,4,0,0,183,8,191,464
11,GUANAJUATO,13,SALAMANCA,27,SALAMANCA,2259,C01,98,34,13,21,0,3,1,7,5,0,0,182,19,201,463
11,GUANAJUATO,13,SALAMANCA,27,SALAMANCA,2260,B,112,66,9,46,0,6,8,7,13,0,0,267,9,276,672
11,GUANAJUATO,13,SALAMANCA,27,SALAMANCA,2260,C01,109,54,12,45,0,4,12,8,9,0,0,253,12,265,671
11,GUANAJUATO,13,SALAMANCA,27,SALAMANCA,2261,B,98,44,1,21,0,5,3,1,5,0,0,178,5,183,569
11,GUANAJUATO,13,SALAMANCA,27,SALAMANCA,2261,C01,123,33,3,16,0,1,3,5,4,0,0,188,5,193,568
11,GUANAJUATO,13,SALAMANCA,27,SALAMANCA,2262,B,89,28,4,32,0,2,7,8,1,0,1,172,3,175,495
11,GUANAJUATO,13,SALAMANCA,27,SALAMANCA,2262,C01,85,31,7,30,0,1,2,1,6,0,0,163,14,177,495
11,GUANAJUATO,21,SALVATIERRA,28,SALVATIERRA,2263,B,122,236,10,15,7,0,5,6,0,0,0,401,7,408,694
11,GUANAJUATO,21,SALVATIERRA,28,SALVATIERRA,2263,C01,113,235,17,11,3,0,4,10,0,0,0,393,21,414,693
11,GUANAJUATO,21,SALVATIERRA,28,SALVATIERRA,2264,B,90,159,13,12,2,0,3,7,0,0,3,289,12,301,568
11,GUANAJUATO,21,SALVATIERRA,28,SALVATIERRA,2264,C01,103,156,12,6,4,0,1,19,0,0,0,301,6,307,567
11,GUANAJUATO,21,SALVATIERRA,28,SALVATIERRA,2265,B,104,132,8,2,6,0,7,27,0,0,0,286,11,297,531
11,GUANAJUATO,21,SALVATIERRA,28,SALVATIERRA,2265,C01,69,144,13,11,10,0,5,18,0,0,0,270,6,276,531
11,GUANAJUATO,21,SALVATIERRA,28,SALVATIERRA,2265,C02,80,142,12,7,4,0,7,16,0,0,0,268,0,268,531
11,GUANAJUATO,21,SALVATIERRA,28,SALVATIERRA,2265,S01,23,35,7,4,3,0,2,5,0,0,0,79,4,83,0
11,GUANAJUATO,21,SALVATIERRA,28,SALVATIERRA,2266,B,120,175,8,4,6,0,11,23,0,0,0,347,11,358,550
11,GUANAJUATO,21,SALVATIERRA,28,SALVATIERRA,2267,B,150,138,23,18,2,0,11,18,0,0,0,360,10,370,716
11,GUANAJUATO,21,SALVATIERRA,28,SALVATIERRA,2268,B,85,128,10,13,12,0,8,14,0,0,0,270,14,284,732
11,GUANAJUATO,21,SALVATIERRA,28,SALVATIERRA,2268,C01,100,129,14,17,4,0,5,18,0,0,0,287,0,287,732
11,GUANAJUATO,21,SALVATIERRA,28,SALVATIERRA,2268,C02,112,118,11,15,3,0,9,11,0,0,0,279,13,292,732
11,GUANAJUATO,21,SALVATIERRA,28,SALVATIERRA,2269,B,63,117,11,9,2,0,5,11,0,0,2,220,11,231,476
11,GUANAJUATO,21,SALVATIERRA,28,SALVATIERRA,2269,C01,81,90,9,9,5,0,1,21,0,0,0,216,9,225,475
11,GUANAJUATO,21,SALVATIERRA,28,SALVATIERRA,2270,B,78,103,10,6,5,0,7,8,0,0,0,217,7,224,381
11,GUANAJUATO,21,SALVATIERRA,28,SALVATIERRA,2270,C01,54,124,8,4,3,0,5,20,0,0,0,218,6,224,381
11,GUANAJUATO,21,SALVATIERRA,28,SALVATIERRA,2271,B,143,175,10,7,9,0,7,18,0,0,0,369,26,395,631
11,GUANAJUATO,21,SALVATIERRA,28,SALVATIERRA,2272,B,74,143,7,8,1,0,3,6,0,0,0,242,9,251,543
11,GUANAJUATO,21,SALVATIERRA,28,SALVATIERRA,2272,C01,94,91,15,6,7,0,3,20,0,0,0,236,0,236,542
11,GUANAJUATO,21,SALVATIERRA,28,SALVATIERRA,2273,B,136,144,24,14,2,0,3,14,0,0,1,338,12,350,696
11,GUANAJUATO,21,SALVATIERRA,28,SALVATIERRA,2273,C01,130,126,18,10,6,0,5,13,0,0,1,309,15,324,695
11,GUANAJUATO,21,SALVATIERRA,28,SALVATIERRA,2274,B,130,166,6,10,7,0,3,13,0,0,0,335,0,335,642
11,GUANAJUATO,21,SALVATIERRA,28,SALVATIERRA,2274,C01,120,176,7,12,1,0,8,16,0,0,0,340,16,356,641
11,GUANAJUATO,21,SALVATIERRA,28,SALVATIERRA,2275,B,88,150,20,20,3,0,5,15,0,0,0,301,0,301,674
11,GUANAJUATO,21,SALVATIERRA,28,SALVATIERRA,2275,C01,126,140,23,11,7,0,9,13,0,0,0,329,13,342,673
11,GUANAJUATO,21,SALVATIERRA,28,SALVATIERRA,2276,B,111,149,26,20,9,0,6,15,0,0,0,336,11,347,716
11,GUANAJUATO,21,SALVATIERRA,28,SALVATIERRA,2276,C01,121,160,21,17,4,0,6,11,0,0,0,340,15,355,716
11,GUANAJUATO,21,SALVATIERRA,28,SALVATIERRA,2276,C02,116,122,16,13,4,0,7,12,0,0,1,291,10,301,715
11,GUANAJUATO,21,SALVATIERRA,28,SALVATIERRA,2277,B,109,216,26,10,0,0,4,18,0,0,0,383,20,403,749
11,GUANAJUATO,21,SALVATIERRA,28,SALVATIERRA,2278,B,116,116,9,10,1,0,4,26,0,0,0,282,8,290,506
11,GUANAJUATO,21,SALVATIERRA,28,SALVATIERRA,2278,C01,121,107,8,6,5,0,7,23,0,0,2,279,16,295,505
11,GUANAJUATO,21,SALVATIERRA,28,SALVATIERRA,2279,B,168,178,16,16,9,0,8,25,0,0,2,422,18,440,715
11,GUANAJUATO,21,SALVATIERRA,28,SALVATIERRA,2280,B,129,180,18,15,14,0,3,12,0,0,0,371,14,385,708
11,GUANAJUATO,21,SALVATIERRA,28,SALVATIERRA,2281,B,57,83,17,11,9,0,5,7,0,0,0,189,8,197,417
11,GUANAJUATO,21,SALVATIERRA,28,SALVATIERRA,2282,B,77,83,17,6,3,0,5,10,0,0,0,201,15,216,454
11,GUANAJUATO,21,SALVATIERRA,28,SALVATIERRA,2282,C01,73,90,18,14,4,0,4,9,0,0,0,212,10,222,453
11,GUANAJUATO,21,SALVATIERRA,28,SALVATIERRA,2283,B,63,100,16,7,7,0,3,6,0,0,1,203,6,209,404
11,GUANAJUATO,21,SALVATIERRA,28,SALVATIERRA,2283,C01,79,81,13,7,6,0,4,6,0,0,0,196,3,199,404
11,GUANAJUATO,21,SALVATIERRA,28,SALVATIERRA,2284,B,78,71,7,18,6,0,0,5,0,0,0,185,2,187,391
11,GUANAJUATO,21,SALVATIERRA,28,SALVATIERRA,2284,C01,71,64,12,8,0,0,2,8,0,0,0,165,7,172,390
11,GUANAJUATO,21,SALVATIERRA,28,SALVATIERRA,2285,B,136,186,12,17,31,0,12,12,0,0,0,406,0,406,707
11,GUANAJUATO,21,SALVATIERRA,28,SALVATIERRA,2285,C01,105,175,9,22,3,0,9,19,0,0,0,342,10,352,707
11,GUANAJUATO,21,SALVATIERRA,28,SALVATIERRA,2285,C02,118,159,9,23,8,0,11,15,0,0,0,343,10,353,707
11,GUANAJUATO,21,SALVATIERRA,28,SALVATIERRA,2286,B,107,150,15,16,6,0,17,19,0,0,0,330,12,342,590
11,GUANAJUATO,21,SALVATIERRA,28,SALVATIERRA,2287,B,98,152,6,5,1,0,7,19,0,0,0,288,10,298,513
11,GUANAJUATO,21,SALVATIERRA,28,SALVATIERRA,2287,C01,104,140,9,13,4,0,7,18,0,0,2,297,8,305,513
11,GUANAJUATO,21,SALVATIERRA,28,SALVATIERRA,2287,C02,127,116,8,18,12,0,7,16,0,0,0,304,17,321,513
11,GUANAJUATO,21,SALVATIERRA,28,SALVATIERRA,2288,B,55,126,17,20,3,0,2,7,0,0,0,230,0,230,539
11,GUANAJUATO,21,SALVATIERRA,28,SALVATIERRA,2288,C01,61,121,9,19,1,0,5,3,0,0,0,219,9,228,539
11,GUANAJUATO,21,SALVATIERRA,28,SALVATIERRA,2288,C02,85,108,21,17,7,0,1,14,0,0,0,253,7,260,538
11,GUANAJUATO,21,SALVATIERRA,28,SALVATIERRA,2289,B,64,90,17,20,0,0,0,8,0,0,0,199,6,205,528
11,GUANAJUATO,21,SALVATIERRA,28,SALVATIERRA,2289,C01,74,97,16,20,4,0,4,5,0,0,0,220,9,229,528
11,GUANAJUATO,21,SALVATIERRA,28,SALVATIERRA,2289,C02,84,111,17,29,1,0,1,9,0,0,0,252,10,262,528
11,GUANAJUATO,21,SALVATIERRA,28,SALVATIERRA,2290,B,73,145,12,12,4,0,1,5,0,0,0,252,10,262,519
11,GUANAJUATO,21,SALVATIERRA,28,SALVATIERRA,2290,C01,71,141,11,10,6,0,3,5,0,0,0,247,12,259,518
11,GUANAJUATO,21,SALVATIERRA,28,SALVATIERRA,2291,B,68,116,2,63,4,0,0,1,0,0,1,255,4,259,446
11,GUANAJUATO,21,SALVATIERRA,28,SALVATIERRA,2291,C01,53,88,5,95,1,0,1,1,0,0,0,244,7,251,446
11,GUANAJUATO,21,SALVATIERRA,28,SALVATIERRA,2292,B,177,95,16,17,8,0,6,3,0,0,0,322,0,322,637
11,GUANAJUATO,21,SALVATIERRA,28,SALVATIERRA,2293,B,173,97,6,18,1,0,7,3,0,0,0,305,10,315,604
11,GUANAJUATO,21,SALVATIERRA,28,SALVATIERRA,2294,B,157,102,14,11,2,0,1,4,0,0,0,291,11,302,595
11,GUANAJUATO,21,SALVATIERRA,28,SALVATIERRA,2295,B,80,49,8,7,2,0,3,4,0,0,0,153,6,159,451
11,GUANAJUATO,21,SALVATIERRA,28,SALVATIERRA,2295,C01,102,74,5,9,2,0,4,4,0,0,0,200,4,204,451
11,GUANAJUATO,21,SALVATIERRA,28,SALVATIERRA,2296,B,212,71,6,11,0,0,1,1,0,0,0,302,4,306,574
11,GUANAJUATO,21,SALVATIERRA,28,SALVATIERRA,2297,B,200,115,11,11,4,0,2,4,0,0,0,347,12,359,708
11,GUANAJUATO,21,SALVATIERRA,28,SALVATIERRA,2297,C01,188,136,9,16,0,0,7,1,0,0,0,357,10,367,707
11,GUANAJUATO,21,SALVATIERRA,28,SALVATIERRA,2298,B,176,47,3,3,2,0,0,2,0,0,0,233,5,238,421
11,GUANAJUATO,21,SALVATIERRA,28,SALVATIERRA,2298,C01,152,47,5,8,2,0,0,3,0,0,0,217,7,224,420
11,GUANAJUATO,21,SALVATIERRA,28,SALVATIERRA,2299,B,131,71,4,2,2,0,2,1,0,0,1,214,4,218,453
11,GUANAJUATO,21,SALVATIERRA,28,SALVATIERRA,2299,C01,140,84,7,8,1,0,4,3,0,0,0,247,5,252,452
11,GUANAJUATO,21,SALVATIERRA,28,SALVATIERRA,2300,B,91,121,17,14,4,0,6,5,0,0,0,258,10,268,578
11,GUANAJUATO,21,SALVATIERRA,28,SALVATIERRA,2301,B,87,81,18,8,3,0,3,6,0,0,0,206,0,206,516
11,GUANAJUATO,21,SALVATIERRA,28,SALVATIERRA,2302,B,85,84,7,11,4,0,2,2,0,0,0,195,14,209,401
11,GUANAJUATO,21,SALVATIERRA,28,SALVATIERRA,2302,C01,93,69,5,13,1,0,1,2,0,0,0,184,9,193,401
11,GUANAJUATO,21,SALVATIERRA,28,SALVATIERRA,2303,B,119,155,14,19,0,0,3,5,0,0,0,315,9,324,705
11,GUANAJUATO,21,SALVATIERRA,28,SALVATIERRA,2304,B,107,125,19,22,3,0,4,1,0,0,0,281,13,294,589
11,GUANAJUATO,21,SALVATIERRA,28,SALVATIERRA,2305,B,137,66,23,14,1,0,2,3,0,0,0,246,7,253,475
11,GUANAJUATO,21,SALVATIERRA,28,SALVATIERRA,2305,C01,103,88,15,11,2,0,4,0,0,0,0,223,8,231,474
11,GUANAJUATO,21,SALVATIERRA,28,SALVATIERRA,2306,B,103,96,10,5,4,0,2,7,0,0,0,227,3,230,499
11,GUANAJUATO,21,SALVATIERRA,28,SALVATIERRA,2306,C01,74,120,14,5,1,0,4,3,0,0,0,221,6,227,498
11,GUANAJUATO,21,SALVATIERRA,28,SALVATIERRA,2307,B,106,106,25,19,1,0,3,1,0,0,0,261,11,272,475
11,GUANAJUATO,21,SALVATIERRA,28,SALVATIERRA,2308,B,86,102,11,17,2,0,4,10,0,0,0,232,4,236,408
11,GUANAJUATO,21,SALVATIERRA,28,SALVATIERRA,2308,C01,93,99,15,20,3,0,1,12,0,0,0,243,6,249,407
11,GUANAJUATO,21,SALVATIERRA,28,SALVATIERRA,2309,B,93,27,69,10,2,0,2,8,0,0,0,211,9,220,665
11,GUANAJUATO,21,SALVATIERRA,28,SALVATIERRA,2310,B,67,22,24,7,1,0,3,20,0,0,0,144,4,148,407
11,GUANAJUATO,21,SALVATIERRA,28,SALVATIERRA,2310,C01,34,38,24,7,0,0,1,20,0,0,0,124,11,135,407
11,GUANAJUATO,21,SALVATIERRA,28,SALVATIERRA,2311,B,70,88,9,57,4,0,2,6,0,0,0,236,8,244,521
11,GUANAJUATO,21,SALVATIERRA,28,SALVATIERRA,2311,C01,50,98,4,69,7,0,5,3,0,0,0,236,6,242,521
11,GUANAJUATO,21,SALVATIERRA,28,SALVATIERRA,2312,B,78,127,9,55,4,0,2,5,0,0,0,280,9,289,518
11,GUANAJUATO,21,SALVATIERRA,28,SALVATIERRA,2312,C01,71,127,9,47,4,0,4,1,0,0,0,263,7,270,517
11,GUANAJUATO,21,SALVATIERRA,28,SALVATIERRA,2313,B,73,88,3,104,1,0,3,3,0,0,0,275,8,283,561
11,GUANAJUATO,21,SALVATIERRA,28,SALVATIERRA,2313,C01,80,91,6,93,0,0,3,8,0,0,0,281,5,286,561
11,GUANAJUATO,21,SALVATIERRA,28,SALVATIERRA,2314,B,92,112,15,54,0,0,3,5,0,0,0,281,8,289,553
11,GUANAJUATO,21,SALVATIERRA,28,SALVATIERRA,2314,C01,72,126,5,55,1,0,3,7,0,0,1,270,8,278,553
11,GUANAJUATO,21,SALVATIERRA,28,SALVATIERRA,2315,B,82,99,8,103,5,0,9,9,0,0,0,315,19,334,749
11,GUANAJUATO,21,SALVATIERRA,28,SALVATIERRA,2315,C01,69,123,11,116,2,0,1,4,0,0,0,326,6,332,749
11,GUANAJUATO,21,SALVATIERRA,28,SALVATIERRA,2316,B,114,54,9,9,0,0,3,9,0,0,0,198,0,198,378
11,GUANAJUATO,21,SALVATIERRA,28,SALVATIERRA,2316,C01,126,48,11,6,3,0,3,11,0,0,0,208,3,211,378
11,GUANAJUATO,21,SALVATIERRA,28,SALVATIERRA,2317,B,90,99,11,7,1,0,6,22,0,0,0,236,5,241,484
11,GUANAJUATO,21,SALVATIERRA,28,SALVATIERRA,2317,C01,86,100,19,11,2,0,2,12,0,0,0,232,4,236,484
11,GUANAJUATO,21,SALVATIERRA,28,SALVATIERRA,2318,B,94,45,11,6,3,0,2,5,0,0,0,166,10,176,407
11,GUANAJUATO,21,SALVATIERRA,28,SALVATIERRA,2318,C01,77,98,9,12,3,0,1,0,0,0,0,200,9,209,407
11,GUANAJUATO,21,SALVATIERRA,28,SALVATIERRA,2319,B,118,108,6,6,1,0,6,7,0,0,1,253,8,261,624
11,GUANAJUATO,21,SALVATIERRA,28,SALVATIERRA,2319,C01,124,106,9,12,2,0,7,10,0,0,0,270,13,283,624
11,GUANAJUATO,21,SALVATIERRA,28,SALVATIERRA,2320,B,136,88,12,15,3,0,6,6,0,0,0,266,8,274,556
11,GUANAJUATO,21,SALVATIERRA,28,SALVATIERRA,2320,C01,130,102,7,13,1,0,3,6,0,0,0,262,0,262,556
11,GUANAJUATO,21,SALVATIERRA,28,SALVATIERRA,2320,C02,136,107,9,9,1,0,0,6,0,0,0,268,6,274,555
11,GUANAJUATO,21,SALVATIERRA,28,SALVATIERRA,2321,B,57,50,6,15,2,0,2,3,0,0,2,137,5,142,376
11,GUANAJUATO,21,SALVATIERRA,28,SALVATIERRA,2321,C01,45,56,13,16,2,0,2,3,0,0,0,137,10,147,376
11,GUANAJUATO,21,SALVATIERRA,28,SALVATIERRA,2322,B,113,46,12,32,0,0,7,5,0,0,0,215,18,233,714
11,GUANAJUATO,21,SALVATIERRA,28,SALVATIERRA,2323,B,120,74,20,11,1,0,2,7,0,0,0,235,9,244,708
11,GUANAJUATO,21,SALVATIERRA,28,SALVATIERRA,2324,B,82,135,13,9,2,0,5,2,0,0,1,249,12,261,571
11,GUANAJUATO,21,SALVATIERRA,28,SALVATIERRA,2324,C01,75,181,11,6,6,0,6,5,0,0,0,290,7,297,571
11,GUANAJUATO,21,SALVATIERRA,28,SALVATIERRA,2325,B,48,188,11,6,0,0,4,0,0,0,0,257,5,262,462
11,GUANAJUATO,21,SALVATIERRA,28,SALVATIERRA,2325,C01,61,180,4,8,4,0,4,4,0,0,0,265,4,269,462
11,GUANAJUATO,21,SALVATIERRA,28,SALVATIERRA,2326,B,68,143,15,10,0,0,3,8,0,0,0,247,8,255,597
11,GUANAJUATO,21,SALVATIERRA,28,SALVATIERRA,2326,C01,69,121,25,19,2,0,3,6,0,0,0,245,12,257,596
11,GUANAJUATO,21,SALVATIERRA,28,SALVATIERRA,2327,B,56,92,19,17,0,0,2,4,0,0,0,190,8,198,502
11,GUANAJUATO,21,SALVATIERRA,28,SALVATIERRA,2327,C01,60,80,21,9,1,0,0,4,0,0,0,175,7,182,502
11,GUANAJUATO,21,SALVATIERRA,28,SALVATIERRA,2327,C02,72,89,15,15,0,0,1,10,0,0,0,202,5,207,502
11,GUANAJUATO,21,SALVATIERRA,28,SALVATIERRA,2328,B,113,129,27,24,4,0,3,8,0,0,0,308,8,316,676
11,GUANAJUATO,21,SALVATIERRA,28,SALVATIERRA,2328,C01,120,87,12,11,3,0,5,5,0,0,0,243,4,247,675
11,GUANAJUATO,21,SALVATIERRA,28,SALVATIERRA,2329,B,96,110,35,35,4,0,2,5,0,0,0,287,12,299,675
11,GUANAJUATO,21,SALVATIERRA,28,SALVATIERRA,2329,C01,92,128,30,30,2,0,2,7,0,0,0,291,1,292,674
11,GUANAJUATO,21,SALVATIERRA,28,SALVATIERRA,2329,C02,117,105,28,13,1,0,0,6,0,0,0,270,9,279,674
11,GUANAJUATO,21,SALVATIERRA,28,SALVATIERRA,2330,B,76,121,35,27,6,0,0,9,0,0,0,274,9,283,610
11,GUANAJUATO,21,SALVATIERRA,28,SALVATIERRA,2330,C01,97,136,31,12,0,0,0,0,0,0,0,276,9,285,609
11,GUANAJUATO,21,SALVATIERRA,28,SALVATIERRA,2331,B,132,94,13,14,1,0,3,6,0,0,0,263,15,278,523
11,GUANAJUATO,21,SALVATIERRA,28,SALVATIERRA,2331,C01,135,109,6,15,0,0,3,3,0,0,0,271,7,278,523
11,GUANAJUATO,21,SALVATIERRA,28,SALVATIERRA,2332,B,113,95,6,10,0,0,0,2,0,0,0,226,6,232,534
11,GUANAJUATO,21,SALVATIERRA,28,SALVATIERRA,2332,C01,124,102,5,8,0,0,2,3,0,0,0,244,17,261,534
11,GUANAJUATO,21,SALVATIERRA,28,SALVATIERRA,2333,B,143,89,10,3,1,0,7,5,0,0,0,258,9,267,552
11,GUANAJUATO,21,SALVATIERRA,28,SALVATIERRA,2333,C01,155,97,7,8,1,0,2,3,0,0,0,273,11,284,551
11,GUANAJUATO,21,SALVATIERRA,28,SALVATIERRA,2334,B,102,53,2,23,1,0,1,3,0,0,0,185,5,190,419
11,GUANAJUATO,21,SALVATIERRA,28,SALVATIERRA,2334,C01,71,77,3,39,2,0,3,5,0,0,0,200,2,202,419
11,GUANAJUATO,21,SALVATIERRA,28,SALVATIERRA,2335,B,82,70,44,11,4,0,1,11,0,0,0,223,5,228,422
11,GUANAJUATO,21,SALVATIERRA,28,SALVATIERRA,2335,C01,61,74,53,14,1,0,4,3,0,0,1,211,1,212,421
11,GUANAJUATO,21,SALVATIERRA,28,SALVATIERRA,2336,B,105,102,77,13,2,0,6,11,0,0,0,316,17,333,665
11,GUANAJUATO,21,SALVATIERRA,28,SALVATIERRA,2337,B,80,72,20,6,5,0,2,1,0,0,0,186,2,188,488
11,GUANAJUATO,21,SALVATIERRA,28,SALVATIERRA,2337,C01,91,56,20,9,2,0,5,3,0,0,0,186,10,196,487
11,GUANAJUATO,21,SALVATIERRA,28,SALVATIERRA,2338,B,155,74,37,18,1,0,4,4,0,0,0,293,10,303,712
11,GUANAJUATO,21,SALVATIERRA,28,SALVATIERRA,2338,C01,140,90,46,14,4,0,8,10,0,0,0,312,19,331,711
11,GUANAJUATO,21,SALVATIERRA,28,SALVATIERRA,2339,B,155,40,22,28,1,0,6,5,0,0,0,257,15,272,678
11,GUANAJUATO,21,SALVATIERRA,28,SALVATIERRA,2340,B,76,55,15,3,0,0,0,4,0,0,0,153,5,158,404
11,GUANAJUATO,21,SALVATIERRA,28,SALVATIERRA,2340,C01,89,52,21,3,1,0,3,1,0,0,0,170,0,170,403
11,GUANAJUATO,21,SALVATIERRA,28,SALVATIERRA,2341,B,48,93,25,15,4,0,3,2,0,0,0,190,12,202,440
11,GUANAJUATO,21,SALVATIERRA,28,SALVATIERRA,2341,C01,60,87,20,14,4,0,2,5,0,0,0,192,15,207,439
11,GUANAJUATO,21,SALVATIERRA,28,SALVATIERRA,2342,B,44,93,33,5,2,0,1,4,0,0,0,182,11,193,475
11,GUANAJUATO,21,SALVATIERRA,28,SALVATIERRA,2342,C01,40,98,50,4,4,0,1,9,0,0,0,206,6,212,475
11,GUANAJUATO,21,SALVATIERRA,28,SALVATIERRA,2343,B,58,47,7,4,2,0,2,2,0,0,0,122,5,127,352
11,GUANAJUATO,21,SALVATIERRA,28,SALVATIERRA,2344,B,77,72,58,7,3,0,7,3,0,0,0,227,3,230,492
11,GUANAJUATO,21,SALVATIERRA,28,SALVATIERRA,2345,B,99,69,127,8,2,0,6,7,0,0,0,318,13,331,617
11,GUANAJUATO,21,SALVATIERRA,28,SALVATIERRA,2346,B,52,15,44,3,0,0,4,2,0,0,0,120,13,133,389
11,GUANAJUATO,1,DOLORES HIDALGO C.I.N.,29,SAN DIEGO DE LA UNION,2347,B,172,92,10,28,55,0,10,6,0,0,0,373,5,378,664
11,GUANAJUATO,1,DOLORES HIDALGO C.I.N.,29,SAN DIEGO DE LA UNION,2347,C01,160,122,38,32,42,0,12,4,0,0,0,410,0,410,664
11,GUANAJUATO,1,DOLORES HIDALGO C.I.N.,29,SAN DIEGO DE LA UNION,2348,B,163,123,21,36,37,0,6,1,0,0,0,387,10,397,685
11,GUANAJUATO,1,DOLORES HIDALGO C.I.N.,29,SAN DIEGO DE LA UNION,2348,C01,178,103,27,32,34,0,10,12,0,0,0,396,13,409,684
11,GUANAJUATO,1,DOLORES HIDALGO C.I.N.,29,SAN DIEGO DE LA UNION,2349,B,112,111,11,40,54,0,6,6,0,0,0,340,9,349,602
11,GUANAJUATO,1,DOLORES HIDALGO C.I.N.,29,SAN DIEGO DE LA UNION,2349,C01,130,104,17,42,35,0,13,6,0,0,0,347,13,360,602
11,GUANAJUATO,1,DOLORES HIDALGO C.I.N.,29,SAN DIEGO DE LA UNION,2350,B,146,113,10,62,45,0,5,3,0,0,0,384,13,397,669
11,GUANAJUATO,1,DOLORES HIDALGO C.I.N.,29,SAN DIEGO DE LA UNION,2350,C01,106,161,8,53,47,0,7,10,0,0,0,392,10,402,668
11,GUANAJUATO,1,DOLORES HIDALGO C.I.N.,29,SAN DIEGO DE LA UNION,2351,B,85,138,61,30,60,0,1,1,0,0,0,376,13,389,707
11,GUANAJUATO,1,DOLORES HIDALGO C.I.N.,29,SAN DIEGO DE LA UNION,2352,B,86,127,35,29,47,0,3,3,0,0,0,330,17,347,575
11,GUANAJUATO,1,DOLORES HIDALGO C.I.N.,29,SAN DIEGO DE LA UNION,2352,C01,108,71,19,25,46,0,4,1,0,0,0,274,23,297,574
11,GUANAJUATO,1,DOLORES HIDALGO C.I.N.,29,SAN DIEGO DE LA UNION,2353,B,81,171,46,35,51,0,5,4,0,0,0,393,21,414,654
11,GUANAJUATO,1,DOLORES HIDALGO C.I.N.,29,SAN DIEGO DE LA UNION,2354,B,68,142,15,22,21,0,2,0,0,0,0,270,10,280,478
11,GUANAJUATO,1,DOLORES HIDALGO C.I.N.,29,SAN DIEGO DE LA UNION,2354,C01,48,111,5,32,29,0,1,2,0,0,0,228,12,240,477
11,GUANAJUATO,1,DOLORES HIDALGO C.I.N.,29,SAN DIEGO DE LA UNION,2355,B,54,71,8,15,32,0,4,0,0,0,0,184,4,188,326
11,GUANAJUATO,1,DOLORES HIDALGO C.I.N.,29,SAN DIEGO DE LA UNION,2356,B,116,125,7,40,50,0,49,3,0,0,0,390,9,399,649
11,GUANAJUATO,1,DOLORES HIDALGO C.I.N.,29,SAN DIEGO DE LA UNION,2356,C01,95,112,5,14,62,0,87,3,0,0,0,378,3,381,648
11,GUANAJUATO,1,DOLORES HIDALGO C.I.N.,29,SAN DIEGO DE LA UNION,2356,C02,106,119,7,21,41,0,67,3,0,0,0,364,17,381,648
11,GUANAJUATO,1,DOLORES HIDALGO C.I.N.,29,SAN DIEGO DE LA UNION,2357,B,35,92,3,33,29,0,3,2,0,0,0,197,7,204,350
11,GUANAJUATO,1,DOLORES HIDALGO C.I.N.,29,SAN DIEGO DE LA UNION,2358,B,121,131,3,72,51,0,4,1,0,0,0,383,8,391,552
11,GUANAJUATO,1,DOLORES HIDALGO C.I.N.,29,SAN DIEGO DE LA UNION,2358,C01,116,115,5,80,53,0,3,6,0,0,0,378,3,381,552
11,GUANAJUATO,1,DOLORES HIDALGO C.I.N.,29,SAN DIEGO DE LA UNION,2358,C02,98,152,12,78,48,0,1,1,0,0,0,390,2,392,552
11,GUANAJUATO,1,DOLORES HIDALGO C.I.N.,29,SAN DIEGO DE LA UNION,2359,B,95,96,1,53,58,0,0,5,0,0,1,309,9,318,621
11,GUANAJUATO,1,DOLORES HIDALGO C.I.N.,29,SAN DIEGO DE LA UNION,2359,C01,119,61,4,61,44,0,6,1,0,0,0,296,20,316,621
11,GUANAJUATO,1,DOLORES HIDALGO C.I.N.,29,SAN DIEGO DE LA UNION,2360,B,90,141,7,48,15,0,3,0,0,0,0,304,13,317,605
11,GUANAJUATO,1,DOLORES HIDALGO C.I.N.,29,SAN DIEGO DE LA UNION,2360,C01,60,132,7,59,30,0,0,1,0,0,0,289,15,304,605
11,GUANAJUATO,1,DOLORES HIDALGO C.I.N.,29,SAN DIEGO DE LA UNION,2361,B,110,195,17,33,53,0,5,2,0,0,0,415,8,423,739
11,GUANAJUATO,1,DOLORES HIDALGO C.I.N.,29,SAN DIEGO DE LA UNION,2362,B,19,59,3,17,10,0,7,5,0,0,0,120,7,127,229
11,GUANAJUATO,1,DOLORES HIDALGO C.I.N.,29,SAN DIEGO DE LA UNION,2363,B,49,87,8,24,27,0,1,11,0,0,0,207,10,217,382
11,GUANAJUATO,1,DOLORES HIDALGO C.I.N.,29,SAN DIEGO DE LA UNION,2363,C01,40,83,13,10,18,0,3,1,0,0,0,168,9,177,381
11,GUANAJUATO,1,DOLORES HIDALGO C.I.N.,29,SAN DIEGO DE LA UNION,2364,B,129,153,21,54,22,0,8,0,0,0,0,387,18,405,685
11,GUANAJUATO,1,DOLORES HIDALGO C.I.N.,29,SAN DIEGO DE LA UNION,2365,B,40,56,6,48,13,0,4,0,0,0,0,167,7,174,389
11,GUANAJUATO,1,DOLORES HIDALGO C.I.N.,29,SAN DIEGO DE LA UNION,2365,C01,37,63,1,58,16,0,2,0,0,0,0,177,4,181,389
11,GUANAJUATO,1,DOLORES HIDALGO C.I.N.,29,SAN DIEGO DE LA UNION,2366,B,66,81,2,47,32,0,0,0,0,0,0,228,23,251,599
11,GUANAJUATO,1,DOLORES HIDALGO C.I.N.,29,SAN DIEGO DE LA UNION,2367,B,104,70,5,25,43,0,2,4,0,0,0,253,11,264,477
11,GUANAJUATO,1,DOLORES HIDALGO C.I.N.,29,SAN DIEGO DE LA UNION,2368,B,74,142,5,31,30,0,2,2,0,0,0,286,14,300,572
11,GUANAJUATO,1,DOLORES HIDALGO C.I.N.,29,SAN DIEGO DE LA UNION,2368,C01,94,123,6,33,33,0,6,1,0,0,0,296,9,305,572
11,GUANAJUATO,1,DOLORES HIDALGO C.I.N.,29,SAN DIEGO DE LA UNION,2369,B,38,79,1,42,25,0,0,0,0,0,0,185,23,208,441
11,GUANAJUATO,1,DOLORES HIDALGO C.I.N.,29,SAN DIEGO DE LA UNION,2369,E01,68,54,9,143,0,0,6,1,0,0,0,281,17,298,554
11,GUANAJUATO,1,DOLORES HIDALGO C.I.N.,29,SAN DIEGO DE LA UNION,2370,B,70,60,16,33,17,0,3,5,0,0,0,204,0,204,478
11,GUANAJUATO,1,DOLORES HIDALGO C.I.N.,29,SAN DIEGO DE LA UNION,2371,B,81,161,2,38,29,0,7,0,0,0,0,318,18,336,600
11,GUANAJUATO,1,DOLORES HIDALGO C.I.N.,29,SAN DIEGO DE LA UNION,2371,C01,91,145,4,56,29,0,2,2,0,0,0,329,23,352,600
11,GUANAJUATO,1,DOLORES HIDALGO C.I.N.,29,SAN DIEGO DE LA UNION,2372,B,84,87,4,58,31,0,9,1,0,0,0,274,20,294,576
11,GUANAJUATO,1,DOLORES HIDALGO C.I.N.,29,SAN DIEGO DE LA UNION,2373,B,68,105,4,41,16,0,3,0,0,0,0,237,19,256,508
11,GUANAJUATO,1,DOLORES HIDALGO C.I.N.,29,SAN DIEGO DE LA UNION,2373,C01,56,99,6,41,29,0,1,1,0,0,0,233,15,248,507
11,GUANAJUATO,1,DOLORES HIDALGO C.I.N.,29,SAN DIEGO DE LA UNION,2374,B,85,84,1,62,16,0,6,2,0,0,0,256,12,268,504
11,GUANAJUATO,1,DOLORES HIDALGO C.I.N.,29,SAN DIEGO DE LA UNION,2374,C01,65,133,3,52,20,0,3,0,0,0,0,276,9,285,503
11,GUANAJUATO,1,DOLORES HIDALGO C.I.N.,30,SAN FELIPE,2375,B,48,67,4,129,19,0,9,3,5,0,0,284,11,295,716
11,GUANAJUATO,1,DOLORES HIDALGO C.I.N.,30,SAN FELIPE,2375,C01,63,56,2,140,17,0,22,0,3,0,0,303,21,324,716
11,GUANAJUATO,1,DOLORES HIDALGO C.I.N.,30,SAN FELIPE,2376,B,35,54,3,129,2,0,25,2,7,0,0,257,8,265,511
11,GUANAJUATO,1,DOLORES HIDALGO C.I.N.,30,SAN FELIPE,2376,C01,45,45,4,102,4,0,31,6,5,0,0,242,10,252,511
11,GUANAJUATO,1,DOLORES HIDALGO C.I.N.,30,SAN FELIPE,2377,B,57,42,10,95,10,0,12,3,2,0,0,231,5,236,545
11,GUANAJUATO,1,DOLORES HIDALGO C.I.N.,30,SAN FELIPE,2377,C01,49,37,8,113,10,0,15,0,4,0,0,236,9,245,544
11,GUANAJUATO,1,DOLORES HIDALGO C.I.N.,30,SAN FELIPE,2377,C02,50,39,3,111,14,0,14,1,7,0,0,239,15,254,544
11,GUANAJUATO,1,DOLORES HIDALGO C.I.N.,30,SAN FELIPE,2378,B,45,74,4,109,12,0,18,5,7,0,0,274,9,283,585
11,GUANAJUATO,1,DOLORES HIDALGO C.I.N.,30,SAN FELIPE,2378,C01,59,50,2,107,14,0,10,2,0,0,0,244,11,255,585
11,GUANAJUATO,1,DOLORES HIDALGO C.I.N.,30,SAN FELIPE,2379,B,61,38,8,119,10,0,28,7,3,0,2,276,6,282,669
11,GUANAJUATO,1,DOLORES HIDALGO C.I.N.,30,SAN FELIPE,2379,C01,53,60,5,135,14,0,30,2,10,0,1,310,8,318,669
11,GUANAJUATO,1,DOLORES HIDALGO C.I.N.,30,SAN FELIPE,2379,C02,72,50,1,142,23,0,26,1,3,0,0,318,9,327,668
11,GUANAJUATO,1,DOLORES HIDALGO C.I.N.,30,SAN FELIPE,2380,B,52,61,4,122,17,0,23,19,7,0,1,306,27,333,623
11,GUANAJUATO,1,DOLORES HIDALGO C.I.N.,30,SAN FELIPE,2380,C01,39,68,14,119,17,0,23,14,6,0,13,313,13,326,623
11,GUANAJUATO,1,DOLORES HIDALGO C.I.N.,30,SAN FELIPE,2381,B,55,65,5,101,11,0,22,3,2,0,0,264,9,273,470
11,GUANAJUATO,1,DOLORES HIDALGO C.I.N.,30,SAN FELIPE,2381,C01,45,62,4,124,5,0,15,4,6,0,0,265,5,270,470
11,GUANAJUATO,1,DOLORES HIDALGO C.I.N.,30,SAN FELIPE,2381,S01,73,39,6,107,6,0,19,3,3,0,0,256,6,262,0
11,GUANAJUATO,1,DOLORES HIDALGO C.I.N.,30,SAN FELIPE,2382,B,49,43,5,109,9,0,34,1,4,0,0,254,8,262,538
11,GUANAJUATO,1,DOLORES HIDALGO C.I.N.,30,SAN FELIPE,2382,C01,55,40,6,121,9,0,39,3,5,0,0,278,6,284,537
11,GUANAJUATO,1,DOLORES HIDALGO C.I.N.,30,SAN FELIPE,2382,C02,32,47,9,130,4,0,41,0,3,0,0,266,6,272,537
11,GUANAJUATO,1,DOLORES HIDALGO C.I.N.,30,SAN FELIPE,2383,B,37,49,18,150,17,0,24,3,15,0,0,313,7,320,582
11,GUANAJUATO,1,DOLORES HIDALGO C.I.N.,30,SAN FELIPE,2383,C01,64,90,8,137,11,0,22,1,8,0,0,341,6,347,582
11,GUANAJUATO,1,DOLORES HIDALGO C.I.N.,30,SAN FELIPE,2384,B,61,58,5,89,12,0,8,3,7,0,1,244,7,251,461
11,GUANAJUATO,1,DOLORES HIDALGO C.I.N.,30,SAN FELIPE,2384,C01,58,51,2,93,11,0,21,4,6,0,0,246,0,246,460
11,GUANAJUATO,1,DOLORES HIDALGO C.I.N.,30,SAN FELIPE,2385,B,109,46,11,136,12,0,24,2,9,0,0,349,11,360,706
11,GUANAJUATO,1,DOLORES HIDALGO C.I.N.,30,SAN FELIPE,2385,C01,82,64,4,121,12,0,23,1,8,0,0,315,9,324,706
11,GUANAJUATO,1,DOLORES HIDALGO C.I.N.,30,SAN FELIPE,2385,C02,74,54,3,112,11,0,27,1,10,0,0,292,9,301,706
11,GUANAJUATO,1,DOLORES HIDALGO C.I.N.,30,SAN FELIPE,2385,C03,72,59,2,125,8,0,24,3,9,0,0,302,7,309,706
11,GUANAJUATO,1,DOLORES HIDALGO C.I.N.,30,SAN FELIPE,2386,B,73,51,3,112,9,0,20,6,17,0,0,291,8,299,572
11,GUANAJUATO,1,DOLORES HIDALGO C.I.N.,30,SAN FELIPE,2386,C01,49,63,6,73,11,0,20,1,12,0,0,235,10,245,571
11,GUANAJUATO,1,DOLORES HIDALGO C.I.N.,30,SAN FELIPE,2387,B,72,56,7,101,7,0,17,3,4,0,0,267,20,287,509
11,GUANAJUATO,1,DOLORES HIDALGO C.I.N.,30,SAN FELIPE,2387,C01,80,37,2,90,15,0,19,7,4,0,0,254,18,272,508
11,GUANAJUATO,1,DOLORES HIDALGO C.I.N.,30,SAN FELIPE,2388,B,58,53,8,130,8,0,25,1,13,0,0,296,11,307,573
11,GUANAJUATO,1,DOLORES HIDALGO C.I.N.,30,SAN FELIPE,2388,C01,51,60,7,128,7,0,23,3,2,0,0,281,18,299,572
11,GUANAJUATO,1,DOLORES HIDALGO C.I.N.,30,SAN FELIPE,2388,C02,80,44,4,114,8,0,27,3,9,0,0,289,0,289,572
11,GUANAJUATO,1,DOLORES HIDALGO C.I.N.,30,SAN FELIPE,2389,B,60,37,4,111,5,0,19,2,3,0,0,241,7,248,567
11,GUANAJUATO,1,DOLORES HIDALGO C.I.N.,30,SAN FELIPE,2389,C01,58,45,2,114,1,0,18,1,6,0,0,245,4,249,567
11,GUANAJUATO,1,DOLORES HIDALGO C.I.N.,30,SAN FELIPE,2389,C02,42,40,1,117,3,0,22,0,11,0,0,236,7,243,566
11,GUANAJUATO,1,DOLORES HIDALGO C.I.N.,30,SAN FELIPE,2390,B,59,132,11,59,6,0,3,1,3,0,0,274,15,289,567
11,GUANAJUATO,1,DOLORES HIDALGO C.I.N.,30,SAN FELIPE,2390,C01,50,121,12,71,2,0,2,1,7,0,0,266,5,271,567
11,GUANAJUATO,1,DOLORES HIDALGO C.I.N.,30,SAN FELIPE,2390,C02,76,114,12,64,1,0,3,0,3,0,0,273,11,284,566
11,GUANAJUATO,1,DOLORES HIDALGO C.I.N.,30,SAN FELIPE,2390,C03,100,117,4,77,1,0,5,0,0,0,1,305,9,314,566
11,GUANAJUATO,1,DOLORES HIDALGO C.I.N.,30,SAN FELIPE,2391,B,174,54,51,108,2,0,2,2,4,0,0,397,10,407,625
11,GUANAJUATO,1,DOLORES HIDALGO C.I.N.,30,SAN FELIPE,2392,B,58,19,3,42,2,0,7,1,11,0,0,143,9,152,553
11,GUANAJUATO,1,DOLORES HIDALGO C.I.N.,30,SAN FELIPE,2392,C01,75,23,1,61,0,0,11,0,9,0,0,180,3,183,552
11,GUANAJUATO,1,DOLORES HIDALGO C.I.N.,30,SAN FELIPE,2392,C02,97,30,1,59,1,0,7,0,6,0,0,201,7,208,552
11,GUANAJUATO,1,DOLORES HIDALGO C.I.N.,30,SAN FELIPE,2393,B,81,24,0,56,0,0,2,0,10,0,0,173,10,183,461
11,GUANAJUATO,1,DOLORES HIDALGO C.I.N.,30,SAN FELIPE,2393,C01,90,26,2,56,1,0,8,0,16,0,0,199,4,203,461
11,GUANAJUATO,1,DOLORES HIDALGO C.I.N.,30,SAN FELIPE,2394,B,113,52,1,49,7,0,4,3,19,0,0,248,6,254,512
11,GUANAJUATO,1,DOLORES HIDALGO C.I.N.,30,SAN FELIPE,2394,C01,87,40,1,54,4,0,2,3,43,0,0,234,6,240,512
11,GUANAJUATO,1,DOLORES HIDALGO C.I.N.,30,SAN FELIPE,2395,B,59,105,4,96,1,0,6,10,33,0,0,314,18,332,748
11,GUANAJUATO,1,DOLORES HIDALGO C.I.N.,30,SAN FELIPE,2396,B,103,36,2,49,2,0,4,1,0,0,0,197,8,205,398
11,GUANAJUATO,1,DOLORES HIDALGO C.I.N.,30,SAN FELIPE,2396,C01,101,39,5,52,5,0,10,1,0,0,0,213,8,221,398
11,GUANAJUATO,1,DOLORES HIDALGO C.I.N.,30,SAN FELIPE,2397,B,104,32,1,33,2,0,2,1,3,0,0,178,7,185,392
11,GUANAJUATO,1,DOLORES HIDALGO C.I.N.,30,SAN FELIPE,2397,C01,122,40,3,47,3,0,1,0,2,0,0,218,32,250,391
11,GUANAJUATO,1,DOLORES HIDALGO C.I.N.,30,SAN FELIPE,2398,B,81,82,5,53,2,0,3,1,3,0,0,230,8,238,545
11,GUANAJUATO,1,DOLORES HIDALGO C.I.N.,30,SAN FELIPE,2398,C01,88,75,1,43,5,0,4,1,7,0,0,224,6,230,544
11,GUANAJUATO,1,DOLORES HIDALGO C.I.N.,30,SAN FELIPE,2398,C02,67,70,4,62,62,0,15,1,2,0,0,283,6,289,544
11,GUANAJUATO,1,DOLORES HIDALGO C.I.N.,30,SAN FELIPE,2399,B,51,74,3,21,2,0,9,3,98,0,0,261,4,265,610
11,GUANAJUATO,1,DOLORES HIDALGO C.I.N.,30,SAN FELIPE,2399,C01,56,66,2,10,3,0,2,2,84,0,0,225,7,232,610
11,GUANAJUATO,1,DOLORES HIDALGO C.I.N.,30,SAN FELIPE,2399,C02,33,86,2,18,1,0,11,0,77,0,0,228,4,232,610
11,GUANAJUATO,1,DOLORES HIDALGO C.I.N.,30,SAN FELIPE,2400,B,97,53,2,51,1,0,6,1,20,0,0,231,9,240,505
11,GUANAJUATO,1,DOLORES HIDALGO C.I.N.,30,SAN FELIPE,2400,C01,102,38,6,44,2,0,3,0,11,0,0,206,9,215,504
11,GUANAJUATO,1,DOLORES HIDALGO C.I.N.,30,SAN FELIPE,2401,B,97,64,3,51,3,0,12,0,2,0,0,232,5,237,570
11,GUANAJUATO,1,DOLORES HIDALGO C.I.N.,30,SAN FELIPE,2401,C01,98,56,3,82,5,0,3,1,0,0,0,248,8,256,569
11,GUANAJUATO,1,DOLORES HIDALGO C.I.N.,30,SAN FELIPE,2402,B,128,47,3,63,1,0,8,1,13,0,0,264,6,270,543
11,GUANAJUATO,1,DOLORES HIDALGO C.I.N.,30,SAN FELIPE,2403,B,109,53,7,48,7,0,5,1,3,0,0,233,12,245,648
11,GUANAJUATO,1,DOLORES HIDALGO C.I.N.,30,SAN FELIPE,2404,B,115,55,1,34,1,0,8,0,3,0,0,217,4,221,491
11,GUANAJUATO,1,DOLORES HIDALGO C.I.N.,30,SAN FELIPE,2405,B,151,87,10,57,0,0,1,0,31,0,0,337,2,339,748
11,GUANAJUATO,1,DOLORES HIDALGO C.I.N.,30,SAN FELIPE,2405,C01,139,81,1,26,1,0,3,0,22,0,0,273,18,291,748
11,GUANAJUATO,1,DOLORES HIDALGO C.I.N.,30,SAN FELIPE,2406,B,68,35,3,117,5,0,5,0,0,0,0,233,10,243,589
11,GUANAJUATO,1,DOLORES HIDALGO C.I.N.,30,SAN FELIPE,2406,C01,52,35,5,102,5,0,5,2,2,0,0,208,15,223,588
11,GUANAJUATO,1,DOLORES HIDALGO C.I.N.,30,SAN FELIPE,2407,B,34,97,25,116,0,0,5,1,9,0,0,287,10,297,697
11,GUANAJUATO,1,DOLORES HIDALGO C.I.N.,30,SAN FELIPE,2407,C01,24,80,30,139,0,0,3,1,3,0,0,280,8,288,697
11,GUANAJUATO,1,DOLORES HIDALGO C.I.N.,30,SAN FELIPE,2408,B,54,102,5,93,2,0,5,2,10,0,0,273,10,283,651
11,GUANAJUATO,1,DOLORES HIDALGO C.I.N.,30,SAN FELIPE,2408,C01,0,0,0,0,0,0,0,0,0,0,0,0,0,0,650
11,GUANAJUATO,1,DOLORES HIDALGO C.I.N.,30,SAN FELIPE,2409,B,17,55,18,158,3,0,5,0,11,0,0,267,11,278,596
11,GUANAJUATO,1,DOLORES HIDALGO C.I.N.,30,SAN FELIPE,2409,C01,10,66,20,166,1,0,0,2,15,0,0,280,12,292,595
11,GUANAJUATO,1,DOLORES HIDALGO C.I.N.,30,SAN FELIPE,2409,C02,26,43,15,167,3,0,2,1,6,0,0,263,4,267,595
11,GUANAJUATO,1,DOLORES HIDALGO C.I.N.,30,SAN FELIPE,2410,B,56,45,20,149,4,0,5,6,5,0,0,290,4,294,715
11,GUANAJUATO,1,DOLORES HIDALGO C.I.N.,30,SAN FELIPE,2411,B,53,183,10,26,1,0,1,0,0,0,0,274,12,286,748
11,GUANAJUATO,1,DOLORES HIDALGO C.I.N.,30,SAN FELIPE,2412,B,37,21,20,62,8,0,8,3,3,0,0,162,8,170,429
11,GUANAJUATO,1,DOLORES HIDALGO C.I.N.,30,SAN FELIPE,2412,C01,44,32,19,71,5,0,11,6,1,0,0,189,8,197,429
11,GUANAJUATO,1,DOLORES HIDALGO C.I.N.,30,SAN FELIPE,2413,B,154,28,1,80,1,0,8,0,1,0,1,274,12,286,631
11,GUANAJUATO,1,DOLORES HIDALGO C.I.N.,30,SAN FELIPE,2413,C01,122,25,1,89,3,0,6,1,2,0,0,249,9,258,631
11,GUANAJUATO,1,DOLORES HIDALGO C.I.N.,30,SAN FELIPE,2413,C02,157,48,3,84,2,0,6,1,1,0,0,302,11,313,630
11,GUANAJUATO,1,DOLORES HIDALGO C.I.N.,30,SAN FELIPE,2414,B,44,69,22,105,1,0,6,4,2,0,0,253,6,259,587
11,GUANAJUATO,1,DOLORES HIDALGO C.I.N.,30,SAN FELIPE,2414,C01,19,81,19,105,1,0,6,4,2,0,0,237,8,245,587
11,GUANAJUATO,1,DOLORES HIDALGO C.I.N.,30,SAN FELIPE,2414,C02,34,70,23,102,3,0,6,5,2,0,0,245,2,247,587
11,GUANAJUATO,1,DOLORES HIDALGO C.I.N.,30,SAN FELIPE,2415,B,35,24,11,66,3,0,7,0,0,0,0,146,0,146,562
11,GUANAJUATO,1,DOLORES HIDALGO C.I.N.,30,SAN FELIPE,2415,C01,28,22,4,71,1,0,8,8,11,0,0,153,0,153,561
11,GUANAJUATO,1,DOLORES HIDALGO C.I.N.,30,SAN FELIPE,2416,B,53,77,8,56,3,0,8,4,7,0,0,216,9,225,523
11,GUANAJUATO,1,DOLORES HIDALGO C.I.N.,30,SAN FELIPE,2417,B,99,28,4,89,7,0,4,1,1,0,0,233,10,243,582
11,GUANAJUATO,1,DOLORES HIDALGO C.I.N.,30,SAN FELIPE,2417,C01,74,25,2,81,7,0,15,0,0,0,0,204,6,210,581
11,GUANAJUATO,1,DOLORES HIDALGO C.I.N.,30,SAN FELIPE,2418,B,83,27,7,129,2,0,15,1,8,0,0,272,6,278,526
11,GUANAJUATO,1,DOLORES HIDALGO C.I.N.,30,SAN FELIPE,2419,B,27,50,3,80,3,0,34,2,9,0,0,208,7,215,510
11,GUANAJUATO,1,DOLORES HIDALGO C.I.N.,30,SAN FELIPE,2420,B,124,38,2,63,13,0,4,0,2,0,0,246,15,261,589
11,GUANAJUATO,1,DOLORES HIDALGO C.I.N.,30,SAN FELIPE,2420,C01,152,32,3,69,6,0,13,0,9,0,0,284,15,299,588
11,GUANAJUATO,1,DOLORES HIDALGO C.I.N.,30,SAN FELIPE,2421,B,46,39,2,89,6,0,13,1,3,0,0,199,18,217,566
11,GUANAJUATO,1,DOLORES HIDALGO C.I.N.,30,SAN FELIPE,2421,C01,47,38,7,83,9,0,7,10,1,0,0,202,3,205,565
11,GUANAJUATO,1,DOLORES HIDALGO C.I.N.,30,SAN FELIPE,2422,B,78,17,12,79,11,0,44,2,11,0,0,254,10,264,548
11,GUANAJUATO,1,DOLORES HIDALGO C.I.N.,30,SAN FELIPE,2422,C01,77,19,9,73,0,0,30,2,4,0,0,214,10,224,548
11,GUANAJUATO,1,DOLORES HIDALGO C.I.N.,30,SAN FELIPE,2423,B,65,28,5,59,11,0,12,6,2,0,0,188,6,194,390
11,GUANAJUATO,1,DOLORES HIDALGO C.I.N.,30,SAN FELIPE,2423,C01,62,22,3,83,7,0,14,5,5,0,0,201,5,206,389
11,GUANAJUATO,1,DOLORES HIDALGO C.I.N.,30,SAN FELIPE,2424,B,52,47,10,54,4,0,9,2,8,0,0,186,13,199,426
11,GUANAJUATO,1,DOLORES HIDALGO C.I.N.,30,SAN FELIPE,2424,C01,67,22,8,43,7,0,8,1,6,0,0,162,10,172,426
11,GUANAJUATO,1,DOLORES HIDALGO C.I.N.,30,SAN FELIPE,2425,B,61,42,9,99,3,0,5,0,3,0,0,222,22,244,499
11,GUANAJUATO,1,DOLORES HIDALGO C.I.N.,30,SAN FELIPE,2425,C01,75,42,7,104,4,0,3,0,4,0,0,239,15,254,499
11,GUANAJUATO,1,DOLORES HIDALGO C.I.N.,30,SAN FELIPE,2426,B,142,28,10,75,7,0,4,2,1,0,0,269,5,274,461
11,GUANAJUATO,1,DOLORES HIDALGO C.I.N.,30,SAN FELIPE,2426,C01,112,30,5,61,16,0,6,2,1,0,0,233,9,242,460
11,GUANAJUATO,1,DOLORES HIDALGO C.I.N.,30,SAN FELIPE,2427,B,87,21,3,94,2,0,17,2,8,0,0,234,6,240,532
11,GUANAJUATO,1,DOLORES HIDALGO C.I.N.,30,SAN FELIPE,2427,C01,85,15,5,108,2,0,12,3,15,0,1,246,28,274,531
11,GUANAJUATO,1,DOLORES HIDALGO C.I.N.,30,SAN FELIPE,2428,B,94,13,10,54,2,0,17,0,14,0,0,204,13,217,401
11,GUANAJUATO,1,DOLORES HIDALGO C.I.N.,30,SAN FELIPE,2429,B,72,13,6,120,15,0,8,3,3,0,0,240,10,250,469
11,GUANAJUATO,1,DOLORES HIDALGO C.I.N.,30,SAN FELIPE,2429,C01,73,16,7,108,8,0,9,11,8,0,0,240,17,257,469
11,GUANAJUATO,1,DOLORES HIDALGO C.I.N.,30,SAN FELIPE,2430,B,147,31,26,58,1,0,2,0,0,0,0,265,12,277,488
11,GUANAJUATO,1,DOLORES HIDALGO C.I.N.,30,SAN FELIPE,2431,B,83,46,3,47,1,0,5,0,1,0,0,186,15,201,392
11,GUANAJUATO,1,DOLORES HIDALGO C.I.N.,30,SAN FELIPE,2431,C01,86,30,5,52,2,0,7,0,1,0,0,183,0,183,392
11,GUANAJUATO,1,DOLORES HIDALGO C.I.N.,30,SAN FELIPE,2432,B,171,34,4,98,18,0,6,0,1,0,0,332,13,345,696
11,GUANAJUATO,1,DOLORES HIDALGO C.I.N.,30,SAN FELIPE,2433,B,205,72,12,57,1,0,19,4,15,0,0,385,13,398,734
11,GUANAJUATO,1,DOLORES HIDALGO C.I.N.,30,SAN FELIPE,2434,B,99,79,5,25,4,0,2,2,1,0,0,217,11,228,407
11,GUANAJUATO,1,DOLORES HIDALGO C.I.N.,30,SAN FELIPE,2434,C01,61,67,9,42,3,0,4,0,0,0,0,186,16,202,407
11,GUANAJUATO,1,DOLORES HIDALGO C.I.N.,30,SAN FELIPE,2435,B,117,33,3,50,5,0,2,1,6,0,0,217,7,224,414
11,GUANAJUATO,1,DOLORES HIDALGO C.I.N.,30,SAN FELIPE,2435,C01,101,28,5,66,3,0,2,0,3,0,0,208,8,216,413
11,GUANAJUATO,1,DOLORES HIDALGO C.I.N.,30,SAN FELIPE,2436,B,76,97,10,37,2,0,1,1,1,0,4,229,11,240,453
11,GUANAJUATO,1,DOLORES HIDALGO C.I.N.,30,SAN FELIPE,2436,C01,83,114,8,33,0,0,2,1,2,0,0,243,12,255,453
11,GUANAJUATO,1,DOLORES HIDALGO C.I.N.,30,SAN FELIPE,2437,B,152,29,75,36,2,0,4,2,1,0,0,301,24,325,666
11,GUANAJUATO,1,DOLORES HIDALGO C.I.N.,30,SAN FELIPE,2438,B,78,30,6,52,1,0,1,2,1,0,0,171,7,178,381
11,GUANAJUATO,1,DOLORES HIDALGO C.I.N.,30,SAN FELIPE,2438,C01,78,30,6,84,4,0,4,0,1,0,0,207,8,215,381
11,GUANAJUATO,1,DOLORES HIDALGO C.I.N.,30,SAN FELIPE,2439,B,121,40,3,82,5,0,16,0,5,0,0,272,10,282,559
11,GUANAJUATO,1,DOLORES HIDALGO C.I.N.,30,SAN FELIPE,2439,C01,128,31,3,53,2,0,3,0,4,0,0,224,15,239,558
11,GUANAJUATO,1,DOLORES HIDALGO C.I.N.,30,SAN FELIPE,2440,B,97,24,0,104,3,0,2,1,2,0,0,233,15,248,449
11,GUANAJUATO,1,DOLORES HIDALGO C.I.N.,30,SAN FELIPE,2440,C01,97,29,2,85,1,0,4,0,2,0,0,220,15,235,448
11,GUANAJUATO,1,DOLORES HIDALGO C.I.N.,30,SAN FELIPE,2441,B,111,21,5,45,2,0,11,0,0,0,0,195,11,206,523
11,GUANAJUATO,1,DOLORES HIDALGO C.I.N.,30,SAN FELIPE,2441,C01,129,14,1,50,1,0,7,2,1,0,0,205,16,221,522
11,GUANAJUATO,1,DOLORES HIDALGO C.I.N.,30,SAN FELIPE,2442,B,112,73,3,47,10,0,4,1,1,0,0,251,18,269,628
11,GUANAJUATO,1,DOLORES HIDALGO C.I.N.,30,SAN FELIPE,2443,B,133,62,4,55,4,0,5,2,5,0,0,270,18,288,555
11,GUANAJUATO,1,DOLORES HIDALGO C.I.N.,30,SAN FELIPE,2444,B,167,45,8,58,2,0,4,1,1,0,0,286,11,297,579
11,GUANAJUATO,1,DOLORES HIDALGO C.I.N.,30,SAN FELIPE,2445,B,104,57,0,55,0,0,1,1,3,0,0,221,10,231,440
11,GUANAJUATO,10,SAN FRANCISCO DEL RINCON,31,SAN FRANCISCO DEL RINCON,2446,B,48,77,0,51,2,0,2,0,1,2,0,183,17,200,394
11,GUANAJUATO,10,SAN FRANCISCO DEL RINCON,31,SAN FRANCISCO DEL RINCON,2447,B,133,75,4,76,5,0,5,1,6,6,0,311,8,319,632
11,GUANAJUATO,10,SAN FRANCISCO DEL RINCON,31,SAN FRANCISCO DEL RINCON,2447,C01,115,62,8,77,3,0,9,1,4,6,0,285,7,292,632
11,GUANAJUATO,10,SAN FRANCISCO DEL RINCON,31,SAN FRANCISCO DEL RINCON,2447,C02,126,87,2,81,5,0,3,1,5,8,0,318,6,324,632
11,GUANAJUATO,10,SAN FRANCISCO DEL RINCON,31,SAN FRANCISCO DEL RINCON,2447,C03,137,80,3,65,5,0,6,4,3,8,0,311,11,322,632
11,GUANAJUATO,10,SAN FRANCISCO DEL RINCON,31,SAN FRANCISCO DEL RINCON,2448,B,153,47,5,67,0,0,4,2,1,3,0,282,4,286,544
11,GUANAJUATO,10,SAN FRANCISCO DEL RINCON,31,SAN FRANCISCO DEL RINCON,2448,C01,166,51,3,66,1,0,0,0,5,3,0,295,6,301,544
11,GUANAJUATO,10,SAN FRANCISCO DEL RINCON,31,SAN FRANCISCO DEL RINCON,2448,C02,147,58,0,50,0,0,3,0,0,2,2,262,6,268,544
11,GUANAJUATO,10,SAN FRANCISCO DEL RINCON,31,SAN FRANCISCO DEL RINCON,2449,B,130,82,3,71,3,0,3,1,1,3,0,297,13,310,706
11,GUANAJUATO,10,SAN FRANCISCO DEL RINCON,31,SAN FRANCISCO DEL RINCON,2449,C01,131,72,6,91,2,0,4,1,1,1,0,309,11,320,705
11,GUANAJUATO,10,SAN FRANCISCO DEL RINCON,31,SAN FRANCISCO DEL RINCON,2450,B,105,80,21,83,8,0,7,0,4,3,0,311,2,313,597
11,GUANAJUATO,10,SAN FRANCISCO DEL RINCON,31,SAN FRANCISCO DEL RINCON,2450,C01,102,80,11,84,0,0,1,1,2,7,0,288,2,290,596
11,GUANAJUATO,10,SAN FRANCISCO DEL RINCON,31,SAN FRANCISCO DEL RINCON,2450,S01,11,6,1,6,0,0,0,0,0,0,0,24,1,25,0
11,GUANAJUATO,10,SAN FRANCISCO DEL RINCON,31,SAN FRANCISCO DEL RINCON,2451,B,120,66,3,97,1,0,2,1,1,2,0,293,9,302,561
11,GUANAJUATO,10,SAN FRANCISCO DEL RINCON,31,SAN FRANCISCO DEL RINCON,2451,C01,110,96,2,92,0,0,3,2,0,4,0,309,9,318,561
11,GUANAJUATO,10,SAN FRANCISCO DEL RINCON,31,SAN FRANCISCO DEL RINCON,2452,B,133,93,8,90,2,0,0,1,3,1,0,331,5,336,640
11,GUANAJUATO,10,SAN FRANCISCO DEL RINCON,31,SAN FRANCISCO DEL RINCON,2452,C01,102,97,5,77,2,0,1,1,1,1,0,287,0,287,640
11,GUANAJUATO,10,SAN FRANCISCO DEL RINCON,31,SAN FRANCISCO DEL RINCON,2453,B,131,72,5,92,3,0,3,1,1,4,0,312,11,323,649
11,GUANAJUATO,10,SAN FRANCISCO DEL RINCON,31,SAN FRANCISCO DEL RINCON,2453,C01,139,77,3,83,1,0,4,2,1,6,0,316,12,328,649
11,GUANAJUATO,10,SAN FRANCISCO DEL RINCON,31,SAN FRANCISCO DEL RINCON,2454,B,101,51,0,64,1,0,1,1,2,2,0,223,3,226,512
11,GUANAJUATO,10,SAN FRANCISCO DEL RINCON,31,SAN FRANCISCO DEL RINCON,2454,C01,122,48,1,79,0,0,0,1,3,3,0,257,7,264,512
11,GUANAJUATO,10,SAN FRANCISCO DEL RINCON,31,SAN FRANCISCO DEL RINCON,2454,C02,106,52,0,83,1,0,2,2,2,10,0,258,4,262,511
11,GUANAJUATO,10,SAN FRANCISCO DEL RINCON,31,SAN FRANCISCO DEL RINCON,2455,B,48,12,1,78,1,0,6,0,0,0,0,146,7,153,381
11,GUANAJUATO,10,SAN FRANCISCO DEL RINCON,31,SAN FRANCISCO DEL RINCON,2456,B,87,59,2,84,3,0,2,1,1,8,0,247,5,252,457
11,GUANAJUATO,10,SAN FRANCISCO DEL RINCON,31,SAN FRANCISCO DEL RINCON,2456,C01,82,53,2,50,2,0,6,1,3,2,0,201,4,205,457
11,GUANAJUATO,10,SAN FRANCISCO DEL RINCON,31,SAN FRANCISCO DEL RINCON,2457,B,91,72,3,93,3,0,1,4,0,3,0,270,10,280,476
11,GUANAJUATO,10,SAN FRANCISCO DEL RINCON,31,SAN FRANCISCO DEL RINCON,2457,C01,94,62,1,77,2,0,7,1,0,2,0,246,12,258,476
11,GUANAJUATO,10,SAN FRANCISCO DEL RINCON,31,SAN FRANCISCO DEL RINCON,2458,B,87,87,3,47,0,0,2,1,3,3,0,233,4,237,429
11,GUANAJUATO,10,SAN FRANCISCO DEL RINCON,31,SAN FRANCISCO DEL RINCON,2458,C01,86,74,1,56,1,0,5,2,1,6,0,232,6,238,429
11,GUANAJUATO,10,SAN FRANCISCO DEL RINCON,31,SAN FRANCISCO DEL RINCON,2459,B,100,68,7,96,2,0,11,1,0,13,0,298,4,302,545
11,GUANAJUATO,10,SAN FRANCISCO DEL RINCON,31,SAN FRANCISCO DEL RINCON,2459,C01,115,72,2,84,10,0,8,6,4,9,0,310,7,317,544
11,GUANAJUATO,10,SAN FRANCISCO DEL RINCON,31,SAN FRANCISCO DEL RINCON,2460,B,61,66,6,79,0,0,2,1,2,6,0,223,4,227,467
11,GUANAJUATO,10,SAN FRANCISCO DEL RINCON,31,SAN FRANCISCO DEL RINCON,2460,C01,78,43,2,95,0,0,3,2,2,5,0,230,9,239,466
11,GUANAJUATO,10,SAN FRANCISCO DEL RINCON,31,SAN FRANCISCO DEL RINCON,2461,B,80,65,3,83,0,0,2,3,1,3,0,240,3,243,408
11,GUANAJUATO,10,SAN FRANCISCO DEL RINCON,31,SAN FRANCISCO DEL RINCON,2461,C01,85,64,1,70,2,0,3,0,1,2,0,228,9,237,407
11,GUANAJUATO,10,SAN FRANCISCO DEL RINCON,31,SAN FRANCISCO DEL RINCON,2462,B,134,130,1,127,4,0,3,5,2,5,1,412,13,425,743
11,GUANAJUATO,10,SAN FRANCISCO DEL RINCON,31,SAN FRANCISCO DEL RINCON,2463,B,133,88,8,102,1,0,3,2,2,8,0,347,10,357,695
11,GUANAJUATO,10,SAN FRANCISCO DEL RINCON,31,SAN FRANCISCO DEL RINCON,2463,C01,139,91,0,114,2,0,6,1,2,0,0,355,8,363,695
11,GUANAJUATO,10,SAN FRANCISCO DEL RINCON,31,SAN FRANCISCO DEL RINCON,2464,B,108,56,4,101,0,0,7,1,5,30,0,312,7,319,602
11,GUANAJUATO,10,SAN FRANCISCO DEL RINCON,31,SAN FRANCISCO DEL RINCON,2465,B,75,33,4,100,3,0,2,1,1,8,0,227,5,232,512
11,GUANAJUATO,10,SAN FRANCISCO DEL RINCON,31,SAN FRANCISCO DEL RINCON,2465,C01,83,30,0,109,1,0,2,0,1,7,1,234,7,241,512
11,GUANAJUATO,10,SAN FRANCISCO DEL RINCON,31,SAN FRANCISCO DEL RINCON,2465,C02,75,32,0,100,0,0,5,1,0,13,2,228,7,235,512
11,GUANAJUATO,10,SAN FRANCISCO DEL RINCON,31,SAN FRANCISCO DEL RINCON,2466,B,115,73,1,92,3,0,2,2,3,9,0,300,9,309,637
11,GUANAJUATO,10,SAN FRANCISCO DEL RINCON,31,SAN FRANCISCO DEL RINCON,2466,C01,114,73,3,106,4,0,2,5,2,12,1,322,13,335,636
11,GUANAJUATO,10,SAN FRANCISCO DEL RINCON,31,SAN FRANCISCO DEL RINCON,2467,B,71,43,0,58,1,0,1,2,0,2,0,178,6,184,430
11,GUANAJUATO,10,SAN FRANCISCO DEL RINCON,31,SAN FRANCISCO DEL RINCON,2467,C01,65,46,0,61,0,0,2,0,0,1,0,175,6,181,429
11,GUANAJUATO,10,SAN FRANCISCO DEL RINCON,31,SAN FRANCISCO DEL RINCON,2468,B,83,60,2,122,2,0,0,2,2,3,0,276,10,286,614
11,GUANAJUATO,10,SAN FRANCISCO DEL RINCON,31,SAN FRANCISCO DEL RINCON,2468,C01,89,72,2,122,1,0,0,1,1,8,0,296,12,308,614
11,GUANAJUATO,10,SAN FRANCISCO DEL RINCON,31,SAN FRANCISCO DEL RINCON,2468,C02,85,52,6,135,3,0,0,1,3,4,0,289,8,297,614
11,GUANAJUATO,10,SAN FRANCISCO DEL RINCON,31,SAN FRANCISCO DEL RINCON,2469,B,90,49,0,96,4,0,1,2,2,7,0,251,10,261,679
11,GUANAJUATO,10,SAN FRANCISCO DEL RINCON,31,SAN FRANCISCO DEL RINCON,2469,C01,94,39,5,98,1,0,2,3,3,5,0,250,9,259,679
11,GUANAJUATO,10,SAN FRANCISCO DEL RINCON,31,SAN FRANCISCO DEL RINCON,2469,C02,92,53,5,117,4,0,5,3,2,10,0,291,2,293,679
11,GUANAJUATO,10,SAN FRANCISCO DEL RINCON,31,SAN FRANCISCO DEL RINCON,2470,B,80,69,3,120,1,0,1,1,3,5,0,283,8,291,688
11,GUANAJUATO,10,SAN FRANCISCO DEL RINCON,31,SAN FRANCISCO DEL RINCON,2470,C01,97,58,1,104,0,0,1,2,4,7,0,274,2,276,688
11,GUANAJUATO,10,SAN FRANCISCO DEL RINCON,31,SAN FRANCISCO DEL RINCON,2470,C02,76,57,2,112,0,0,7,1,5,9,0,269,5,274,688
11,GUANAJUATO,10,SAN FRANCISCO DEL RINCON,31,SAN FRANCISCO DEL RINCON,2470,C03,104,50,4,133,0,0,4,0,2,3,0,300,4,304,687
11,GUANAJUATO,10,SAN FRANCISCO DEL RINCON,31,SAN FRANCISCO DEL RINCON,2471,B,103,60,0,106,0,0,7,4,6,5,0,291,9,300,700
11,GUANAJUATO,10,SAN FRANCISCO DEL RINCON,31,SAN FRANCISCO DEL RINCON,2471,C01,94,65,2,83,1,0,6,2,5,6,0,264,8,272,699
11,GUANAJUATO,10,SAN FRANCISCO DEL RINCON,31,SAN FRANCISCO DEL RINCON,2472,B,95,46,1,75,0,0,4,1,2,8,0,232,4,236,459
11,GUANAJUATO,10,SAN FRANCISCO DEL RINCON,31,SAN FRANCISCO DEL RINCON,2472,C01,70,36,2,63,0,0,3,1,0,5,0,180,8,188,459
11,GUANAJUATO,10,SAN FRANCISCO DEL RINCON,31,SAN FRANCISCO DEL RINCON,2473,B,89,73,0,56,0,0,2,3,2,2,0,227,4,231,543
11,GUANAJUATO,10,SAN FRANCISCO DEL RINCON,31,SAN FRANCISCO DEL RINCON,2473,C01,96,85,0,78,1,0,3,3,0,4,0,270,4,274,542
11,GUANAJUATO,10,SAN FRANCISCO DEL RINCON,31,SAN FRANCISCO DEL RINCON,2473,C02,95,73,1,84,2,0,1,0,0,5,1,262,6,268,542
11,GUANAJUATO,10,SAN FRANCISCO DEL RINCON,31,SAN FRANCISCO DEL RINCON,2474,B,122,112,2,83,1,0,2,1,1,7,0,331,7,338,631
11,GUANAJUATO,10,SAN FRANCISCO DEL RINCON,31,SAN FRANCISCO DEL RINCON,2474,C01,116,94,1,103,1,0,8,2,4,10,0,339,3,342,631
11,GUANAJUATO,10,SAN FRANCISCO DEL RINCON,31,SAN FRANCISCO DEL RINCON,2474,C02,108,98,0,117,1,0,6,1,3,2,0,336,10,346,630
11,GUANAJUATO,10,SAN FRANCISCO DEL RINCON,31,SAN FRANCISCO DEL RINCON,2474,C03,136,77,1,119,1,0,7,1,4,2,0,348,2,350,630
11,GUANAJUATO,10,SAN FRANCISCO DEL RINCON,31,SAN FRANCISCO DEL RINCON,2475,B,98,88,2,81,1,0,10,3,2,8,0,293,6,299,665
11,GUANAJUATO,10,SAN FRANCISCO DEL RINCON,31,SAN FRANCISCO DEL RINCON,2475,C01,96,62,0,95,2,0,5,6,2,13,0,281,7,288,665
11,GUANAJUATO,10,SAN FRANCISCO DEL RINCON,31,SAN FRANCISCO DEL RINCON,2475,C02,113,70,2,91,1,0,1,3,3,14,0,298,6,304,665
11,GUANAJUATO,10,SAN FRANCISCO DEL RINCON,31,SAN FRANCISCO DEL RINCON,2475,C03,104,77,2,99,0,0,4,5,1,8,0,300,0,300,665
11,GUANAJUATO,10,SAN FRANCISCO DEL RINCON,31,SAN FRANCISCO DEL RINCON,2475,C04,101,76,3,91,2,0,3,2,1,11,0,290,4,294,665
11,GUANAJUATO,10,SAN FRANCISCO DEL RINCON,31,SAN FRANCISCO DEL RINCON,2475,C05,93,95,2,96,0,0,4,2,4,9,0,305,5,310,664
11,GUANAJUATO,10,SAN FRANCISCO DEL RINCON,31,SAN FRANCISCO DEL RINCON,2475,C06,95,89,1,111,1,0,6,3,1,6,1,314,11,325,664
11,GUANAJUATO,10,SAN FRANCISCO DEL RINCON,31,SAN FRANCISCO DEL RINCON,2476,B,82,66,1,61,4,0,2,0,1,3,0,220,5,225,513
11,GUANAJUATO,10,SAN FRANCISCO DEL RINCON,31,SAN FRANCISCO DEL RINCON,2476,C01,86,48,1,58,1,0,3,1,2,1,0,201,3,204,512
11,GUANAJUATO,10,SAN FRANCISCO DEL RINCON,31,SAN FRANCISCO DEL RINCON,2476,C02,86,46,4,80,1,0,3,1,1,0,0,222,6,228,512
11,GUANAJUATO,10,SAN FRANCISCO DEL RINCON,31,SAN FRANCISCO DEL RINCON,2477,B,77,49,8,77,0,0,6,6,3,6,0,232,10,242,692
11,GUANAJUATO,10,SAN FRANCISCO DEL RINCON,31,SAN FRANCISCO DEL RINCON,2477,C01,109,62,2,86,2,0,11,3,2,4,0,281,7,288,691
11,GUANAJUATO,10,SAN FRANCISCO DEL RINCON,31,SAN FRANCISCO DEL RINCON,2477,C02,90,70,4,74,0,0,2,3,5,5,0,253,16,269,691
11,GUANAJUATO,10,SAN FRANCISCO DEL RINCON,31,SAN FRANCISCO DEL RINCON,2477,C03,85,51,7,82,1,0,7,5,0,2,0,240,6,246,691
11,GUANAJUATO,10,SAN FRANCISCO DEL RINCON,31,SAN FRANCISCO DEL RINCON,2477,C04,80,51,1,90,2,0,7,2,1,9,0,243,10,253,691
11,GUANAJUATO,10,SAN FRANCISCO DEL RINCON,31,SAN FRANCISCO DEL RINCON,2477,C05,101,62,1,84,1,0,4,2,1,3,0,259,2,261,691
11,GUANAJUATO,10,SAN FRANCISCO DEL RINCON,31,SAN FRANCISCO DEL RINCON,2477,C06,97,67,3,82,1,0,5,1,1,7,0,264,6,270,691
11,GUANAJUATO,10,SAN FRANCISCO DEL RINCON,31,SAN FRANCISCO DEL RINCON,2477,C07,81,60,6,91,4,0,10,1,0,6,0,259,4,263,691
11,GUANAJUATO,10,SAN FRANCISCO DEL RINCON,31,SAN FRANCISCO DEL RINCON,2477,C08,104,60,4,105,0,0,5,4,2,3,0,287,0,287,691
11,GUANAJUATO,10,SAN FRANCISCO DEL RINCON,31,SAN FRANCISCO DEL RINCON,2477,C09,91,53,6,87,2,0,2,3,5,0,4,253,4,257,691
11,GUANAJUATO,10,SAN FRANCISCO DEL RINCON,31,SAN FRANCISCO DEL RINCON,2478,B,72,57,2,54,0,0,3,2,1,7,0,198,1,199,569
11,GUANAJUATO,10,SAN FRANCISCO DEL RINCON,31,SAN FRANCISCO DEL RINCON,2478,C01,84,35,0,81,5,0,2,1,0,2,0,210,8,218,569
11,GUANAJUATO,10,SAN FRANCISCO DEL RINCON,31,SAN FRANCISCO DEL RINCON,2478,C02,94,52,2,65,0,0,4,2,2,6,0,227,11,238,569
11,GUANAJUATO,10,SAN FRANCISCO DEL RINCON,31,SAN FRANCISCO DEL RINCON,2479,B,85,61,2,68,0,0,9,1,1,10,0,237,0,237,587
11,GUANAJUATO,10,SAN FRANCISCO DEL RINCON,31,SAN FRANCISCO DEL RINCON,2479,C01,102,59,0,78,0,0,5,3,2,6,2,257,9,266,587
11,GUANAJUATO,10,SAN FRANCISCO DEL RINCON,31,SAN FRANCISCO DEL RINCON,2479,C02,101,46,8,69,0,0,3,0,0,8,0,235,4,239,587
11,GUANAJUATO,10,SAN FRANCISCO DEL RINCON,31,SAN FRANCISCO DEL RINCON,2480,B,83,64,2,39,3,0,3,1,1,3,0,199,5,204,543
11,GUANAJUATO,10,SAN FRANCISCO DEL RINCON,31,SAN FRANCISCO DEL RINCON,2480,C01,107,55,1,36,0,0,4,3,0,4,0,210,6,216,542
11,GUANAJUATO,10,SAN FRANCISCO DEL RINCON,31,SAN FRANCISCO DEL RINCON,2481,B,94,66,1,93,2,0,2,0,3,4,0,265,9,274,601
11,GUANAJUATO,10,SAN FRANCISCO DEL RINCON,31,SAN FRANCISCO DEL RINCON,2481,C01,107,93,1,106,1,0,2,0,6,2,0,318,8,326,601
11,GUANAJUATO,10,SAN FRANCISCO DEL RINCON,31,SAN FRANCISCO DEL RINCON,2481,C02,106,55,3,76,2,0,2,1,3,3,0,251,8,259,600
11,GUANAJUATO,10,SAN FRANCISCO DEL RINCON,31,SAN FRANCISCO DEL RINCON,2481,C03,88,67,1,77,1,0,2,1,3,4,0,244,17,261,600
11,GUANAJUATO,10,SAN FRANCISCO DEL RINCON,31,SAN FRANCISCO DEL RINCON,2482,B,62,95,0,51,1,0,1,2,3,3,0,218,8,226,573
11,GUANAJUATO,10,SAN FRANCISCO DEL RINCON,31,SAN FRANCISCO DEL RINCON,2482,C01,98,81,3,41,4,0,2,0,0,2,0,231,6,237,573
11,GUANAJUATO,10,SAN FRANCISCO DEL RINCON,31,SAN FRANCISCO DEL RINCON,2482,C02,61,87,1,49,0,0,10,0,3,0,0,211,4,215,572
11,GUANAJUATO,10,SAN FRANCISCO DEL RINCON,31,SAN FRANCISCO DEL RINCON,2483,B,46,133,0,75,1,0,1,1,0,2,0,259,11,270,532
11,GUANAJUATO,10,SAN FRANCISCO DEL RINCON,31,SAN FRANCISCO DEL RINCON,2483,C01,52,119,1,54,1,0,1,2,0,2,0,232,9,241,532
11,GUANAJUATO,10,SAN FRANCISCO DEL RINCON,31,SAN FRANCISCO DEL RINCON,2484,B,95,75,3,91,0,0,4,4,2,1,0,275,17,292,679
11,GUANAJUATO,10,SAN FRANCISCO DEL RINCON,31,SAN FRANCISCO DEL RINCON,2485,B,85,55,0,69,0,0,3,4,0,5,0,221,24,245,628
11,GUANAJUATO,10,SAN FRANCISCO DEL RINCON,31,SAN FRANCISCO DEL RINCON,2485,C01,90,60,1,52,1,0,1,1,2,7,0,215,16,231,628
11,GUANAJUATO,10,SAN FRANCISCO DEL RINCON,31,SAN FRANCISCO DEL RINCON,2485,C02,94,68,4,57,1,0,5,7,0,4,0,240,10,250,628
11,GUANAJUATO,10,SAN FRANCISCO DEL RINCON,31,SAN FRANCISCO DEL RINCON,2486,B,96,37,2,37,0,0,2,4,3,1,0,182,7,189,594
11,GUANAJUATO,10,SAN FRANCISCO DEL RINCON,31,SAN FRANCISCO DEL RINCON,2486,C01,69,49,2,20,3,0,16,5,5,2,0,171,4,175,594
11,GUANAJUATO,10,SAN FRANCISCO DEL RINCON,31,SAN FRANCISCO DEL RINCON,2486,C02,63,43,1,19,1,0,4,0,3,0,0,134,8,142,594
11,GUANAJUATO,10,SAN FRANCISCO DEL RINCON,31,SAN FRANCISCO DEL RINCON,2486,C03,74,40,2,43,3,0,6,4,1,1,0,174,9,183,593
11,GUANAJUATO,10,SAN FRANCISCO DEL RINCON,31,SAN FRANCISCO DEL RINCON,2487,B,62,123,0,24,0,0,3,1,3,0,0,216,6,222,559
11,GUANAJUATO,10,SAN FRANCISCO DEL RINCON,31,SAN FRANCISCO DEL RINCON,2487,C01,71,144,0,31,0,0,4,1,2,0,0,253,11,264,559
11,GUANAJUATO,10,SAN FRANCISCO DEL RINCON,31,SAN FRANCISCO DEL RINCON,2488,B,40,108,0,58,0,0,2,1,0,0,0,209,11,220,446
11,GUANAJUATO,10,SAN FRANCISCO DEL RINCON,31,SAN FRANCISCO DEL RINCON,2488,C01,33,94,0,57,1,0,4,3,0,0,0,192,9,201,445
11,GUANAJUATO,10,SAN FRANCISCO DEL RINCON,31,SAN FRANCISCO DEL RINCON,2489,B,47,52,1,25,0,0,0,0,1,0,0,126,6,132,390
11,GUANAJUATO,10,SAN FRANCISCO DEL RINCON,31,SAN FRANCISCO DEL RINCON,2489,C01,29,58,3,28,0,0,2,0,0,0,0,120,4,124,389
11,GUANAJUATO,10,SAN FRANCISCO DEL RINCON,31,SAN FRANCISCO DEL RINCON,2490,B,41,244,2,46,1,0,1,4,0,1,0,340,10,350,673
11,GUANAJUATO,10,SAN FRANCISCO DEL RINCON,31,SAN FRANCISCO DEL RINCON,2490,C01,36,162,2,54,3,0,2,3,4,1,0,267,17,284,673
11,GUANAJUATO,10,SAN FRANCISCO DEL RINCON,31,SAN FRANCISCO DEL RINCON,2491,B,51,128,2,49,1,0,0,11,1,3,0,246,8,254,537
11,GUANAJUATO,10,SAN FRANCISCO DEL RINCON,31,SAN FRANCISCO DEL RINCON,2491,C01,47,104,9,69,1,0,7,2,0,3,0,242,9,251,537
11,GUANAJUATO,10,SAN FRANCISCO DEL RINCON,31,SAN FRANCISCO DEL RINCON,2492,B,46,177,1,44,2,0,4,8,0,2,0,284,7,291,650
11,GUANAJUATO,10,SAN FRANCISCO DEL RINCON,31,SAN FRANCISCO DEL RINCON,2492,C01,40,159,5,43,0,0,6,7,1,2,0,263,9,272,650
11,GUANAJUATO,10,SAN FRANCISCO DEL RINCON,31,SAN FRANCISCO DEL RINCON,2493,B,69,156,1,94,2,0,2,4,0,1,0,329,8,337,726
11,GUANAJUATO,10,SAN FRANCISCO DEL RINCON,31,SAN FRANCISCO DEL RINCON,2494,B,39,119,1,66,1,0,0,1,2,3,0,232,7,239,568
11,GUANAJUATO,10,SAN FRANCISCO DEL RINCON,31,SAN FRANCISCO DEL RINCON,2494,C01,40,116,1,74,2,0,1,1,0,1,0,236,8,244,568
11,GUANAJUATO,10,SAN FRANCISCO DEL RINCON,31,SAN FRANCISCO DEL RINCON,2494,C02,35,106,0,74,1,0,4,0,1,2,0,223,7,230,567
11,GUANAJUATO,10,SAN FRANCISCO DEL RINCON,31,SAN FRANCISCO DEL RINCON,2495,B,62,116,0,51,1,0,8,3,1,2,0,244,4,248,596
11,GUANAJUATO,10,SAN FRANCISCO DEL RINCON,31,SAN FRANCISCO DEL RINCON,2495,C01,68,113,0,19,2,0,5,1,1,4,0,213,14,227,596
11,GUANAJUATO,10,SAN FRANCISCO DEL RINCON,31,SAN FRANCISCO DEL RINCON,2496,B,50,127,0,53,0,0,7,8,2,3,0,250,10,260,572
11,GUANAJUATO,10,SAN FRANCISCO DEL RINCON,31,SAN FRANCISCO DEL RINCON,2496,C01,49,113,2,46,0,0,5,10,0,3,0,228,8,236,572
11,GUANAJUATO,10,SAN FRANCISCO DEL RINCON,31,SAN FRANCISCO DEL RINCON,2496,C02,50,121,2,43,0,0,3,1,0,2,0,222,11,233,572
11,GUANAJUATO,10,SAN FRANCISCO DEL RINCON,31,SAN FRANCISCO DEL RINCON,2497,B,27,72,1,79,0,0,1,1,0,3,0,184,8,192,465
11,GUANAJUATO,10,SAN FRANCISCO DEL RINCON,31,SAN FRANCISCO DEL RINCON,2497,C01,30,81,0,113,2,0,1,1,0,0,0,228,5,233,465
11,GUANAJUATO,10,SAN FRANCISCO DEL RINCON,31,SAN FRANCISCO DEL RINCON,2498,B,22,40,3,96,0,0,1,2,0,0,0,164,5,169,471
11,GUANAJUATO,10,SAN FRANCISCO DEL RINCON,31,SAN FRANCISCO DEL RINCON,2498,C01,14,63,5,77,3,0,0,3,1,0,0,166,4,170,470
11,GUANAJUATO,10,SAN FRANCISCO DEL RINCON,31,SAN FRANCISCO DEL RINCON,2499,B,21,160,0,58,1,0,13,1,0,4,0,258,3,261,515
11,GUANAJUATO,10,SAN FRANCISCO DEL RINCON,31,SAN FRANCISCO DEL RINCON,2499,C01,20,105,1,55,0,0,6,1,0,1,0,189,7,196,515
11,GUANAJUATO,10,SAN FRANCISCO DEL RINCON,31,SAN FRANCISCO DEL RINCON,2500,B,63,20,0,54,1,0,2,1,0,4,0,145,4,149,394
11,GUANAJUATO,10,SAN FRANCISCO DEL RINCON,31,SAN FRANCISCO DEL RINCON,2500,C01,49,19,0,70,0,0,2,0,0,0,0,140,3,143,393
11,GUANAJUATO,10,SAN FRANCISCO DEL RINCON,31,SAN FRANCISCO DEL RINCON,2501,B,70,42,0,63,1,0,4,1,1,2,0,184,10,194,426
11,GUANAJUATO,10,SAN FRANCISCO DEL RINCON,31,SAN FRANCISCO DEL RINCON,2501,C01,56,51,0,50,0,0,5,0,0,1,0,163,3,166,425
11,GUANAJUATO,10,SAN FRANCISCO DEL RINCON,31,SAN FRANCISCO DEL RINCON,2502,B,37,38,2,74,1,0,2,0,1,1,0,156,10,166,554
11,GUANAJUATO,10,SAN FRANCISCO DEL RINCON,31,SAN FRANCISCO DEL RINCON,2502,C01,36,68,2,91,0,0,0,0,0,2,0,199,5,204,553
11,GUANAJUATO,10,SAN FRANCISCO DEL RINCON,31,SAN FRANCISCO DEL RINCON,2503,B,37,53,3,64,0,0,1,0,0,0,0,158,1,159,421
11,GUANAJUATO,10,SAN FRANCISCO DEL RINCON,31,SAN FRANCISCO DEL RINCON,2503,C01,31,54,2,72,1,0,7,0,0,1,0,168,3,171,421
11,GUANAJUATO,10,SAN FRANCISCO DEL RINCON,31,SAN FRANCISCO DEL RINCON,2504,B,86,16,0,89,2,0,3,1,0,0,0,197,10,207,495
11,GUANAJUATO,10,SAN FRANCISCO DEL RINCON,31,SAN FRANCISCO DEL RINCON,2504,C01,64,36,0,72,0,0,4,0,1,1,0,178,0,178,495
11,GUANAJUATO,2,SAN LUIS DE LA PAZ,32,SAN JOSE ITURBIDE,2505,B,48,38,18,143,6,11,23,7,0,4,0,298,8,306,597
11,GUANAJUATO,2,SAN LUIS DE LA PAZ,32,SAN JOSE ITURBIDE,2505,C01,47,33,12,142,5,4,37,7,0,6,0,293,10,303,597
11,GUANAJUATO,2,SAN LUIS DE LA PAZ,32,SAN JOSE ITURBIDE,2505,C02,51,50,6,123,2,9,26,12,0,3,0,282,6,288,597
11,GUANAJUATO,2,SAN LUIS DE LA PAZ,32,SAN JOSE ITURBIDE,2505,C03,54,30,12,147,3,5,19,6,0,5,0,281,9,290,597
11,GUANAJUATO,2,SAN LUIS DE LA PAZ,32,SAN JOSE ITURBIDE,2506,B,57,46,9,173,3,10,15,3,0,21,0,337,3,340,702
11,GUANAJUATO,2,SAN LUIS DE LA PAZ,32,SAN JOSE ITURBIDE,2506,C01,65,52,7,146,4,9,25,4,0,15,1,328,14,342,702
11,GUANAJUATO,2,SAN LUIS DE LA PAZ,32,SAN JOSE ITURBIDE,2506,C02,48,61,21,168,2,6,15,5,0,14,0,340,12,352,701
11,GUANAJUATO,2,SAN LUIS DE LA PAZ,32,SAN JOSE ITURBIDE,2506,C03,72,44,12,138,2,3,13,1,0,17,0,302,10,312,701
11,GUANAJUATO,2,SAN LUIS DE LA PAZ,32,SAN JOSE ITURBIDE,2506,C04,64,34,15,164,2,8,20,4,0,16,0,327,8,335,701
11,GUANAJUATO,2,SAN LUIS DE LA PAZ,32,SAN JOSE ITURBIDE,2506,C05,52,52,12,139,7,12,14,7,0,10,0,305,8,313,701
11,GUANAJUATO,2,SAN LUIS DE LA PAZ,32,SAN JOSE ITURBIDE,2507,B,50,34,14,153,3,10,10,10,0,3,0,287,1,288,579
11,GUANAJUATO,2,SAN LUIS DE LA PAZ,32,SAN JOSE ITURBIDE,2507,C01,61,56,16,138,3,7,13,7,0,1,0,302,10,312,578
11,GUANAJUATO,2,SAN LUIS DE LA PAZ,32,SAN JOSE ITURBIDE,2507,C02,48,41,24,135,7,6,16,4,0,7,0,288,13,301,578
11,GUANAJUATO,2,SAN LUIS DE LA PAZ,32,SAN JOSE ITURBIDE,2507,C03,65,34,15,121,4,3,15,18,0,5,0,280,0,280,578
11,GUANAJUATO,2,SAN LUIS DE LA PAZ,32,SAN JOSE ITURBIDE,2507,S01,14,13,3,35,4,3,3,1,0,1,0,77,4,81,0
11,GUANAJUATO,2,SAN LUIS DE LA PAZ,32,SAN JOSE ITURBIDE,2508,B,55,67,13,176,3,4,24,4,0,3,0,349,5,354,588
11,GUANAJUATO,2,SAN LUIS DE LA PAZ,32,SAN JOSE ITURBIDE,2508,C01,86,57,11,159,3,12,20,5,0,1,0,354,14,368,588
11,GUANAJUATO,2,SAN LUIS DE LA PAZ,32,SAN JOSE ITURBIDE,2509,B,26,62,10,131,3,3,6,6,0,5,0,252,12,264,450
11,GUANAJUATO,2,SAN LUIS DE LA PAZ,32,SAN JOSE ITURBIDE,2509,C01,37,59,22,129,4,6,13,4,0,0,0,274,0,274,449
11,GUANAJUATO,2,SAN LUIS DE LA PAZ,32,SAN JOSE ITURBIDE,2510,B,61,52,17,169,4,11,24,7,0,1,0,346,6,352,664
11,GUANAJUATO,2,SAN LUIS DE LA PAZ,32,SAN JOSE ITURBIDE,2510,C01,67,50,13,197,6,15,26,12,0,1,0,387,13,400,663
11,GUANAJUATO,2,SAN LUIS DE LA PAZ,32,SAN JOSE ITURBIDE,2511,B,62,42,11,109,1,0,21,3,0,3,0,252,7,259,415
11,GUANAJUATO,2,SAN LUIS DE LA PAZ,32,SAN JOSE ITURBIDE,2511,C01,65,34,17,123,2,2,20,10,0,0,0,273,4,277,414
11,GUANAJUATO,2,SAN LUIS DE LA PAZ,32,SAN JOSE ITURBIDE,2512,B,32,39,23,147,4,4,8,4,0,3,0,264,6,270,517
11,GUANAJUATO,2,SAN LUIS DE LA PAZ,32,SAN JOSE ITURBIDE,2512,C01,50,21,18,150,4,3,9,7,0,4,0,266,8,274,517
11,GUANAJUATO,2,SAN LUIS DE LA PAZ,32,SAN JOSE ITURBIDE,2512,C02,40,33,17,151,3,3,11,7,0,0,0,265,8,273,516
11,GUANAJUATO,2,SAN LUIS DE LA PAZ,32,SAN JOSE ITURBIDE,2513,B,52,34,23,237,5,1,21,9,0,5,0,387,6,393,735
11,GUANAJUATO,2,SAN LUIS DE LA PAZ,32,SAN JOSE ITURBIDE,2513,C01,58,34,42,181,4,5,18,5,0,4,0,351,11,362,734
11,GUANAJUATO,2,SAN LUIS DE LA PAZ,32,SAN JOSE ITURBIDE,2514,B,55,50,21,103,1,6,23,10,0,8,0,277,16,293,605
11,GUANAJUATO,2,SAN LUIS DE LA PAZ,32,SAN JOSE ITURBIDE,2514,C01,44,52,24,134,1,14,19,9,0,3,2,302,4,306,605
11,GUANAJUATO,2,SAN LUIS DE LA PAZ,32,SAN JOSE ITURBIDE,2514,C02,46,53,22,124,2,13,24,1,0,10,0,295,3,298,605
11,GUANAJUATO,2,SAN LUIS DE LA PAZ,32,SAN JOSE ITURBIDE,2514,C03,51,47,22,154,5,10,23,3,0,7,0,322,2,324,605
11,GUANAJUATO,2,SAN LUIS DE LA PAZ,32,SAN JOSE ITURBIDE,2514,C04,50,41,19,126,4,8,27,13,0,9,0,297,0,297,605
11,GUANAJUATO,2,SAN LUIS DE LA PAZ,32,SAN JOSE ITURBIDE,2515,B,128,25,8,55,0,9,30,4,0,4,0,263,5,268,561
11,GUANAJUATO,2,SAN LUIS DE LA PAZ,32,SAN JOSE ITURBIDE,2515,C01,125,21,9,81,1,4,12,3,0,16,1,273,3,276,560
11,GUANAJUATO,2,SAN LUIS DE LA PAZ,32,SAN JOSE ITURBIDE,2515,C02,129,29,11,62,0,2,17,2,0,10,0,262,5,267,560
11,GUANAJUATO,2,SAN LUIS DE LA PAZ,32,SAN JOSE ITURBIDE,2516,B,158,37,23,75,0,4,3,1,0,9,0,310,9,319,617
11,GUANAJUATO,2,SAN LUIS DE LA PAZ,32,SAN JOSE ITURBIDE,2516,C01,216,26,24,83,7,9,8,4,0,8,0,385,0,385,617
11,GUANAJUATO,2,SAN LUIS DE LA PAZ,32,SAN JOSE ITURBIDE,2517,B,130,39,8,29,2,1,6,0,0,3,0,218,7,225,397
11,GUANAJUATO,2,SAN LUIS DE LA PAZ,32,SAN JOSE ITURBIDE,2517,C01,115,37,11,35,1,1,4,1,0,3,0,208,4,212,396
11,GUANAJUATO,2,SAN LUIS DE LA PAZ,32,SAN JOSE ITURBIDE,2518,B,31,18,11,47,1,12,10,0,0,2,0,132,0,132,270
11,GUANAJUATO,2,SAN LUIS DE LA PAZ,32,SAN JOSE ITURBIDE,2519,B,74,26,15,118,4,2,28,1,0,3,0,271,9,280,558
11,GUANAJUATO,2,SAN LUIS DE LA PAZ,32,SAN JOSE ITURBIDE,2519,C01,60,23,10,148,3,4,21,1,0,6,0,276,14,290,558
11,GUANAJUATO,2,SAN LUIS DE LA PAZ,32,SAN JOSE ITURBIDE,2520,B,52,72,9,87,3,5,14,6,0,13,0,261,13,274,573
11,GUANAJUATO,2,SAN LUIS DE LA PAZ,32,SAN JOSE ITURBIDE,2520,C01,64,63,12,96,7,6,9,3,0,3,0,263,8,271,573
11,GUANAJUATO,2,SAN LUIS DE LA PAZ,32,SAN JOSE ITURBIDE,2521,B,58,15,8,98,2,6,13,1,0,0,0,201,6,207,430
11,GUANAJUATO,2,SAN LUIS DE LA PAZ,32,SAN JOSE ITURBIDE,2521,C01,35,30,16,126,2,16,17,1,0,0,0,243,9,252,429
11,GUANAJUATO,2,SAN LUIS DE LA PAZ,32,SAN JOSE ITURBIDE,2522,B,94,36,14,79,3,3,28,8,0,3,0,268,17,285,475
11,GUANAJUATO,2,SAN LUIS DE LA PAZ,32,SAN JOSE ITURBIDE,2522,C01,81,51,14,87,2,6,12,5,0,5,0,263,20,283,475
11,GUANAJUATO,2,SAN LUIS DE LA PAZ,32,SAN JOSE ITURBIDE,2523,B,92,47,24,142,5,20,17,5,0,8,0,360,5,365,639
11,GUANAJUATO,2,SAN LUIS DE LA PAZ,32,SAN JOSE ITURBIDE,2523,C01,93,49,15,119,23,22,25,4,0,8,0,358,13,371,639
11,GUANAJUATO,2,SAN LUIS DE LA PAZ,32,SAN JOSE ITURBIDE,2523,C02,111,50,38,94,7,15,21,4,0,1,0,341,6,347,639
11,GUANAJUATO,2,SAN LUIS DE LA PAZ,32,SAN JOSE ITURBIDE,2524,B,53,35,24,109,2,7,6,4,0,4,0,244,8,252,548
11,GUANAJUATO,2,SAN LUIS DE LA PAZ,32,SAN JOSE ITURBIDE,2524,C01,60,29,22,121,1,15,9,2,0,7,0,266,4,270,548
11,GUANAJUATO,2,SAN LUIS DE LA PAZ,32,SAN JOSE ITURBIDE,2524,C02,34,37,23,156,3,7,19,7,0,3,0,289,0,289,547
11,GUANAJUATO,2,SAN LUIS DE LA PAZ,32,SAN JOSE ITURBIDE,2525,B,61,48,5,33,3,8,7,2,0,11,0,178,3,181,422
11,GUANAJUATO,2,SAN LUIS DE LA PAZ,32,SAN JOSE ITURBIDE,2525,C01,43,41,5,44,2,4,9,2,0,3,0,153,2,155,422
11,GUANAJUATO,2,SAN LUIS DE LA PAZ,32,SAN JOSE ITURBIDE,2526,B,34,104,6,53,16,5,6,2,0,16,0,242,14,256,498
11,GUANAJUATO,2,SAN LUIS DE LA PAZ,32,SAN JOSE ITURBIDE,2526,C01,25,116,7,53,12,12,12,4,0,3,0,244,11,255,498
11,GUANAJUATO,2,SAN LUIS DE LA PAZ,32,SAN JOSE ITURBIDE,2527,B,57,49,17,157,11,8,19,5,0,11,0,334,15,349,718
11,GUANAJUATO,2,SAN LUIS DE LA PAZ,32,SAN JOSE ITURBIDE,2527,C01,63,39,27,153,5,3,24,2,0,16,0,332,21,353,718
11,GUANAJUATO,2,SAN LUIS DE LA PAZ,32,SAN JOSE ITURBIDE,2528,B,42,27,45,53,2,4,117,6,0,5,0,301,6,307,580
11,GUANAJUATO,2,SAN LUIS DE LA PAZ,32,SAN JOSE ITURBIDE,2528,C01,55,19,50,64,2,2,99,1,0,3,0,295,10,305,580
11,GUANAJUATO,2,SAN LUIS DE LA PAZ,32,SAN JOSE ITURBIDE,2528,C02,61,29,44,48,3,4,73,6,0,7,0,275,10,285,579
11,GUANAJUATO,2,SAN LUIS DE LA PAZ,32,SAN JOSE ITURBIDE,2529,B,50,23,44,65,3,20,128,2,0,4,0,339,7,346,579
11,GUANAJUATO,2,SAN LUIS DE LA PAZ,32,SAN JOSE ITURBIDE,2529,C01,55,23,34,63,1,3,119,1,0,3,1,303,12,315,578
11,GUANAJUATO,2,SAN LUIS DE LA PAZ,32,SAN JOSE ITURBIDE,2530,B,76,27,8,108,5,40,32,4,0,4,0,304,8,312,680
11,GUANAJUATO,2,SAN LUIS DE LA PAZ,32,SAN JOSE ITURBIDE,2530,C01,61,23,9,137,5,66,45,3,0,2,0,351,14,365,680
11,GUANAJUATO,2,SAN LUIS DE LA PAZ,32,SAN JOSE ITURBIDE,2531,B,59,13,12,142,1,28,23,5,0,6,0,289,15,304,581
11,GUANAJUATO,2,SAN LUIS DE LA PAZ,32,SAN JOSE ITURBIDE,2531,C01,54,34,14,149,3,44,27,3,0,3,0,331,10,341,581
11,GUANAJUATO,2,SAN LUIS DE LA PAZ,32,SAN JOSE ITURBIDE,2531,C02,37,19,25,154,4,43,26,0,0,2,0,310,8,318,581
11,GUANAJUATO,2,SAN LUIS DE LA PAZ,32,SAN JOSE ITURBIDE,2532,B,49,88,15,79,6,11,9,0,0,4,0,261,11,272,545
11,GUANAJUATO,2,SAN LUIS DE LA PAZ,32,SAN JOSE ITURBIDE,2532,C01,52,102,9,86,9,6,4,2,0,0,0,270,8,278,545
11,GUANAJUATO,2,SAN LUIS DE LA PAZ,32,SAN JOSE ITURBIDE,2532,C02,42,81,5,71,9,14,12,1,0,5,0,240,7,247,545
11,GUANAJUATO,2,SAN LUIS DE LA PAZ,32,SAN JOSE ITURBIDE,2533,B,16,48,10,151,1,5,4,4,0,1,0,240,6,246,396
11,GUANAJUATO,2,SAN LUIS DE LA PAZ,32,SAN JOSE ITURBIDE,2533,C01,17,69,5,160,3,7,4,2,0,2,0,269,0,269,396
11,GUANAJUATO,2,SAN LUIS DE LA PAZ,32,SAN JOSE ITURBIDE,2534,B,56,30,27,78,1,7,8,0,0,0,0,207,6,213,484
11,GUANAJUATO,2,SAN LUIS DE LA PAZ,32,SAN JOSE ITURBIDE,2534,C01,57,59,12,99,0,5,13,1,0,2,0,248,5,253,483
11,GUANAJUATO,2,SAN LUIS DE LA PAZ,32,SAN JOSE ITURBIDE,2535,B,41,70,10,191,0,1,19,1,0,7,0,340,7,347,671
11,GUANAJUATO,2,SAN LUIS DE LA PAZ,32,SAN JOSE ITURBIDE,2535,C01,35,110,8,167,1,8,11,0,0,11,0,351,4,355,670
11,GUANAJUATO,2,SAN LUIS DE LA PAZ,32,SAN JOSE ITURBIDE,2535,C02,36,72,20,209,2,7,15,1,0,5,0,367,4,371,670
11,GUANAJUATO,2,SAN LUIS DE LA PAZ,32,SAN JOSE ITURBIDE,2536,B,13,70,6,286,2,0,4,0,0,14,0,395,10,405,650
11,GUANAJUATO,2,SAN LUIS DE LA PAZ,32,SAN JOSE ITURBIDE,2536,C01,18,83,2,299,6,3,2,1,0,8,0,422,10,432,649
11,GUANAJUATO,2,SAN LUIS DE LA PAZ,32,SAN JOSE ITURBIDE,2537,B,28,37,11,232,11,1,7,5,0,4,0,336,6,342,658
11,GUANAJUATO,2,SAN LUIS DE LA PAZ,32,SAN JOSE ITURBIDE,2537,C01,32,41,13,243,9,4,12,3,0,8,0,365,7,372,657
11,GUANAJUATO,2,SAN LUIS DE LA PAZ,32,SAN JOSE ITURBIDE,2538,B,43,12,8,187,1,4,5,1,0,0,0,261,5,266,490
11,GUANAJUATO,2,SAN LUIS DE LA PAZ,32,SAN JOSE ITURBIDE,2538,C01,50,32,6,195,2,5,3,1,0,0,0,294,8,302,490
11,GUANAJUATO,2,SAN LUIS DE LA PAZ,32,SAN JOSE ITURBIDE,2539,B,73,67,10,187,6,12,5,0,0,3,0,363,10,373,643
11,GUANAJUATO,2,SAN LUIS DE LA PAZ,32,SAN JOSE ITURBIDE,2540,B,59,25,18,121,3,4,4,1,0,3,0,238,8,246,473
11,GUANAJUATO,2,SAN LUIS DE LA PAZ,32,SAN JOSE ITURBIDE,2540,C01,111,19,14,106,0,4,4,0,0,1,0,259,6,265,473
11,GUANAJUATO,2,SAN LUIS DE LA PAZ,32,SAN JOSE ITURBIDE,2541,B,58,28,4,200,0,2,2,0,0,1,0,295,0,295,542
11,GUANAJUATO,2,SAN LUIS DE LA PAZ,32,SAN JOSE ITURBIDE,2541,C01,71,47,4,173,5,1,1,3,0,0,0,305,6,311,541
11,GUANAJUATO,2,SAN LUIS DE LA PAZ,32,SAN JOSE ITURBIDE,2542,B,42,37,3,100,0,3,5,0,0,3,0,193,8,201,513
11,GUANAJUATO,2,SAN LUIS DE LA PAZ,32,SAN JOSE ITURBIDE,2542,C01,72,31,9,82,5,4,3,1,0,2,0,209,11,220,513
11,GUANAJUATO,2,SAN LUIS DE LA PAZ,32,SAN JOSE ITURBIDE,2542,C02,47,39,16,82,3,3,2,3,0,1,0,196,12,208,512
11,GUANAJUATO,2,SAN LUIS DE LA PAZ,33,SAN LUIS DE LA PAZ,2543,B,77,60,17,15,4,7,4,10,0,0,0,199,24,223,513
11,GUANAJUATO,2,SAN LUIS DE LA PAZ,33,SAN LUIS DE LA PAZ,2543,C01,110,86,18,13,7,7,14,6,0,0,0,261,9,270,513
11,GUANAJUATO,2,SAN LUIS DE LA PAZ,33,SAN LUIS DE LA PAZ,2543,C02,111,59,29,8,10,6,4,9,0,0,0,240,6,246,513
11,GUANAJUATO,2,SAN LUIS DE LA PAZ,33,SAN LUIS DE LA PAZ,2544,B,123,52,17,16,8,7,5,3,0,0,0,234,19,253,574
11,GUANAJUATO,2,SAN LUIS DE LA PAZ,33,SAN LUIS DE LA PAZ,2544,C01,85,73,20,15,7,7,7,7,0,0,1,224,10,234,574
11,GUANAJUATO,2,SAN LUIS DE LA PAZ,33,SAN LUIS DE LA PAZ,2544,C02,92,51,13,17,9,7,8,5,0,0,0,205,15,220,573
11,GUANAJUATO,2,SAN LUIS DE LA PAZ,33,SAN LUIS DE LA PAZ,2544,C03,89,59,21,15,6,2,4,4,0,0,0,207,13,220,573
11,GUANAJUATO,2,SAN LUIS DE LA PAZ,33,SAN LUIS DE LA PAZ,2545,B,150,62,31,12,8,7,7,8,0,0,0,286,8,294,685
11,GUANAJUATO,2,SAN LUIS DE LA PAZ,33,SAN LUIS DE LA PAZ,2545,C01,158,67,29,15,5,6,6,7,0,0,0,294,0,294,685
11,GUANAJUATO,2,SAN LUIS DE LA PAZ,33,SAN LUIS DE LA PAZ,2545,C02,120,53,17,7,7,4,1,9,0,0,0,220,22,242,685
11,GUANAJUATO,2,SAN LUIS DE LA PAZ,33,SAN LUIS DE LA PAZ,2545,C03,136,79,27,0,10,7,0,6,0,0,0,265,16,281,685
11,GUANAJUATO,2,SAN LUIS DE LA PAZ,33,SAN LUIS DE LA PAZ,2546,B,125,79,15,17,10,8,2,8,0,0,0,268,0,268,552
11,GUANAJUATO,2,SAN LUIS DE LA PAZ,33,SAN LUIS DE LA PAZ,2546,C01,121,81,17,24,2,6,5,7,0,0,1,267,15,282,552
11,GUANAJUATO,2,SAN LUIS DE LA PAZ,33,SAN LUIS DE LA PAZ,2547,B,125,141,13,19,9,11,7,4,0,0,0,334,19,353,609
11,GUANAJUATO,2,SAN LUIS DE LA PAZ,33,SAN LUIS DE LA PAZ,2547,S01,56,28,9,5,4,3,4,1,0,0,0,113,7,120,0
11,GUANAJUATO,2,SAN LUIS DE LA PAZ,33,SAN LUIS DE LA PAZ,2548,B,123,91,13,16,10,6,6,3,0,0,0,274,8,282,589
11,GUANAJUATO,2,SAN LUIS DE LA PAZ,33,SAN LUIS DE LA PAZ,2548,C01,117,96,20,13,5,7,9,3,0,0,0,275,8,283,589
11,GUANAJUATO,2,SAN LUIS DE LA PAZ,33,SAN LUIS DE LA PAZ,2548,C02,125,106,26,8,5,7,7,1,0,0,0,286,4,290,589
11,GUANAJUATO,2,SAN LUIS DE LA PAZ,33,SAN LUIS DE LA PAZ,2549,B,108,70,26,11,12,9,7,11,0,0,0,255,9,264,634
11,GUANAJUATO,2,SAN LUIS DE LA PAZ,33,SAN LUIS DE LA PAZ,2549,C01,106,43,41,20,23,5,6,6,0,0,1,251,13,264,633
11,GUANAJUATO,2,SAN LUIS DE LA PAZ,33,SAN LUIS DE LA PAZ,2549,C02,127,59,29,14,10,6,6,3,0,0,0,255,12,267,633
11,GUANAJUATO,2,SAN LUIS DE LA PAZ,33,SAN LUIS DE LA PAZ,2550,B,155,74,37,15,8,6,7,6,0,0,0,312,9,321,733
11,GUANAJUATO,2,SAN LUIS DE LA PAZ,33,SAN LUIS DE LA PAZ,2550,C01,135,83,45,24,11,6,5,9,0,0,4,326,19,345,732
11,GUANAJUATO,2,SAN LUIS DE LA PAZ,33,SAN LUIS DE LA PAZ,2551,B,113,59,20,12,7,8,8,10,0,0,0,239,15,254,740
11,GUANAJUATO,2,SAN LUIS DE LA PAZ,33,SAN LUIS DE LA PAZ,2551,C01,147,57,36,13,10,3,5,4,0,0,2,279,13,292,740
11,GUANAJUATO,2,SAN LUIS DE LA PAZ,33,SAN LUIS DE LA PAZ,2551,C02,149,58,29,9,14,3,2,8,0,0,0,274,10,284,740
11,GUANAJUATO,2,SAN LUIS DE LA PAZ,33,SAN LUIS DE LA PAZ,2551,C03,127,79,32,21,7,6,7,5,0,0,0,284,10,294,739
11,GUANAJUATO,2,SAN LUIS DE LA PAZ,33,SAN LUIS DE LA PAZ,2551,C04,113,73,32,22,6,5,8,10,0,0,0,269,8,277,739
11,GUANAJUATO,2,SAN LUIS DE LA PAZ,33,SAN LUIS DE LA PAZ,2551,C05,140,73,29,22,7,15,4,6,0,0,0,296,7,303,739
11,GUANAJUATO,2,SAN LUIS DE LA PAZ,33,SAN LUIS DE LA PAZ,2552,B,82,48,20,18,16,6,4,3,0,0,0,200,3,203,508
11,GUANAJUATO,2,SAN LUIS DE LA PAZ,33,SAN LUIS DE LA PAZ,2552,C01,100,62,23,19,4,4,6,9,0,0,0,231,5,236,507
11,GUANAJUATO,2,SAN LUIS DE LA PAZ,33,SAN LUIS DE LA PAZ,2552,C02,92,51,19,19,10,2,2,4,0,0,0,200,15,215,507
11,GUANAJUATO,2,SAN LUIS DE LA PAZ,33,SAN LUIS DE LA PAZ,2553,B,154,96,30,15,6,12,5,10,0,0,0,328,0,328,700
11,GUANAJUATO,2,SAN LUIS DE LA PAZ,33,SAN LUIS DE LA PAZ,2553,C01,146,89,32,6,10,16,5,8,0,0,0,314,9,323,699
11,GUANAJUATO,2,SAN LUIS DE LA PAZ,33,SAN LUIS DE LA PAZ,2554,B,167,85,24,15,3,8,8,7,0,0,1,322,15,337,656
11,GUANAJUATO,2,SAN LUIS DE LA PAZ,33,SAN LUIS DE LA PAZ,2554,C01,165,106,20,14,4,7,9,7,0,0,0,335,10,345,656
11,GUANAJUATO,2,SAN LUIS DE LA PAZ,33,SAN LUIS DE LA PAZ,2555,B,182,113,28,31,7,4,9,6,0,0,2,386,8,394,723
11,GUANAJUATO,2,SAN LUIS DE LA PAZ,33,SAN LUIS DE LA PAZ,2556,B,111,42,12,14,5,4,6,1,0,0,0,202,9,211,570
11,GUANAJUATO,2,SAN LUIS DE LA PAZ,33,SAN LUIS DE LA PAZ,2556,C01,104,58,19,20,12,10,6,7,0,0,0,241,8,249,569
11,GUANAJUATO,2,SAN LUIS DE LA PAZ,33,SAN LUIS DE LA PAZ,2556,C02,121,44,25,15,6,6,5,10,0,0,0,232,8,240,569
11,GUANAJUATO,2,SAN LUIS DE LA PAZ,33,SAN LUIS DE LA PAZ,2556,C03,119,43,17,23,2,5,6,13,0,0,0,231,10,241,569
11,GUANAJUATO,2,SAN LUIS DE LA PAZ,33,SAN LUIS DE LA PAZ,2557,B,137,57,19,15,7,4,9,3,0,0,0,254,13,267,593
11,GUANAJUATO,2,SAN LUIS DE LA PAZ,33,SAN LUIS DE LA PAZ,2557,C01,129,62,34,16,4,10,4,5,0,0,0,265,10,275,593
11,GUANAJUATO,2,SAN LUIS DE LA PAZ,33,SAN LUIS DE LA PAZ,2557,C02,147,49,25,8,3,17,7,4,0,0,0,265,8,273,593
11,GUANAJUATO,2,SAN LUIS DE LA PAZ,33,SAN LUIS DE LA PAZ,2557,C03,108,54,36,15,10,8,4,7,0,0,0,243,13,256,592
11,GUANAJUATO,2,SAN LUIS DE LA PAZ,33,SAN LUIS DE LA PAZ,2558,B,139,49,19,15,11,8,7,12,0,0,0,267,33,300,738
11,GUANAJUATO,2,SAN LUIS DE LA PAZ,33,SAN LUIS DE LA PAZ,2558,C01,176,52,31,23,11,9,9,9,0,0,0,325,13,338,737
11,GUANAJUATO,2,SAN LUIS DE LA PAZ,33,SAN LUIS DE LA PAZ,2558,C02,157,47,14,18,5,8,6,8,0,0,0,269,14,283,737
11,GUANAJUATO,2,SAN LUIS DE LA PAZ,33,SAN LUIS DE LA PAZ,2559,B,144,57,15,14,7,7,3,4,0,0,5,259,7,266,714
11,GUANAJUATO,2,SAN LUIS DE LA PAZ,33,SAN LUIS DE LA PAZ,2559,C01,161,77,19,14,16,20,4,4,0,0,0,315,7,322,713
11,GUANAJUATO,2,SAN LUIS DE LA PAZ,33,SAN LUIS DE LA PAZ,2560,B,156,76,29,11,10,7,12,7,0,0,1,310,0,310,633
11,GUANAJUATO,2,SAN LUIS DE LA PAZ,33,SAN LUIS DE LA PAZ,2560,C01,157,37,10,13,7,11,7,10,0,0,0,253,18,271,633
11,GUANAJUATO,2,SAN LUIS DE LA PAZ,33,SAN LUIS DE LA PAZ,2560,C02,141,77,16,15,7,5,14,5,0,0,0,280,9,289,632
11,GUANAJUATO,2,SAN LUIS DE LA PAZ,33,SAN LUIS DE LA PAZ,2560,C03,159,58,25,11,12,10,10,7,0,0,1,298,10,308,632
11,GUANAJUATO,2,SAN LUIS DE LA PAZ,33,SAN LUIS DE LA PAZ,2561,B,120,38,20,20,9,5,3,6,0,0,0,228,16,244,674
11,GUANAJUATO,2,SAN LUIS DE LA PAZ,33,SAN LUIS DE LA PAZ,2561,C01,125,36,38,13,7,5,5,5,0,0,0,235,13,248,674
11,GUANAJUATO,2,SAN LUIS DE LA PAZ,33,SAN LUIS DE LA PAZ,2561,C02,120,34,30,18,3,9,5,9,0,0,0,229,11,240,673
11,GUANAJUATO,2,SAN LUIS DE LA PAZ,33,SAN LUIS DE LA PAZ,2561,C03,133,54,33,16,6,5,6,6,0,0,0,261,8,269,673
11,GUANAJUATO,2,SAN LUIS DE LA PAZ,33,SAN LUIS DE LA PAZ,2563,B,90,23,18,8,5,3,3,0,0,0,0,150,14,164,362
11,GUANAJUATO,2,SAN LUIS DE LA PAZ,33,SAN LUIS DE LA PAZ,2564,B,39,16,2,1,2,0,1,0,0,0,0,64,2,66,139
11,GUANAJUATO,2,SAN LUIS DE LA PAZ,33,SAN LUIS DE LA PAZ,2566,B,59,22,6,1,2,0,4,0,0,0,0,94,7,101,213
11,GUANAJUATO,2,SAN LUIS DE LA PAZ,33,SAN LUIS DE LA PAZ,2568,B,34,36,38,6,1,2,1,2,0,0,0,121,7,128,217
11,GUANAJUATO,2,SAN LUIS DE LA PAZ,33,SAN LUIS DE LA PAZ,2569,B,115,75,10,16,4,26,30,3,0,0,0,283,21,304,535
11,GUANAJUATO,2,SAN LUIS DE LA PAZ,33,SAN LUIS DE LA PAZ,2570,B,46,25,3,4,2,1,3,0,0,0,0,84,9,93,168
11,GUANAJUATO,2,SAN LUIS DE LA PAZ,33,SAN LUIS DE LA PAZ,2571,B,97,42,17,16,8,21,5,4,0,0,0,212,16,228,595
11,GUANAJUATO,2,SAN LUIS DE LA PAZ,33,SAN LUIS DE LA PAZ,2572,B,83,69,43,7,15,7,5,4,0,0,0,234,23,257,505
11,GUANAJUATO,2,SAN LUIS DE LA PAZ,33,SAN LUIS DE LA PAZ,2572,C01,75,86,33,5,9,7,9,2,0,0,0,227,19,246,505
11,GUANAJUATO,2,SAN LUIS DE LA PAZ,33,SAN LUIS DE LA PAZ,2573,B,96,42,20,22,5,6,4,3,0,0,0,199,10,209,541
11,GUANAJUATO,2,SAN LUIS DE LA PAZ,33,SAN LUIS DE LA PAZ,2573,C01,124,45,14,16,2,1,2,2,0,0,1,207,18,225,541
11,GUANAJUATO,2,SAN LUIS DE LA PAZ,33,SAN LUIS DE LA PAZ,2573,C02,122,45,20,18,7,3,6,3,0,0,0,225,14,239,540
11,GUANAJUATO,2,SAN LUIS DE LA PAZ,33,SAN LUIS DE LA PAZ,2574,B,101,74,15,30,6,1,3,1,0,0,0,233,13,246,551
11,GUANAJUATO,2,SAN LUIS DE LA PAZ,33,SAN LUIS DE LA PAZ,2574,C01,142,60,16,27,6,2,4,0,0,0,0,259,8,267,551
11,GUANAJUATO,2,SAN LUIS DE LA PAZ,33,SAN LUIS DE LA PAZ,2574,C02,113,56,31,28,5,0,2,2,0,0,0,238,10,248,551
11,GUANAJUATO,2,SAN LUIS DE LA PAZ,33,SAN LUIS DE LA PAZ,2575,B,88,55,26,22,15,1,7,8,0,0,0,223,34,257,545
11,GUANAJUATO,2,SAN LUIS DE LA PAZ,33,SAN LUIS DE LA PAZ,2576,B,122,63,24,21,11,6,6,13,0,0,0,270,10,280,608
11,GUANAJUATO,2,SAN LUIS DE LA PAZ,33,SAN LUIS DE LA PAZ,2577,B,94,85,16,22,4,0,7,6,0,0,0,235,13,248,727
11,GUANAJUATO,2,SAN LUIS DE LA PAZ,33,SAN LUIS DE LA PAZ,2578,B,138,23,10,18,5,1,1,0,0,0,0,199,13,212,555
11,GUANAJUATO,2,SAN LUIS DE LA PAZ,33,SAN LUIS DE LA PAZ,2578,E01,27,14,4,5,2,0,0,0,0,0,0,52,8,60,171
11,GUANAJUATO,2,SAN LUIS DE LA PAZ,33,SAN LUIS DE LA PAZ,2579,B,117,110,42,20,19,10,10,4,0,0,0,333,13,346,741
11,GUANAJUATO,2,SAN LUIS DE LA PAZ,33,SAN LUIS DE LA PAZ,2579,C01,167,89,34,38,23,7,13,2,0,0,0,374,15,389,741
11,GUANAJUATO,2,SAN LUIS DE LA PAZ,33,SAN LUIS DE LA PAZ,2580,B,28,27,9,6,3,17,2,2,0,0,0,95,7,102,274
11,GUANAJUATO,2,SAN LUIS DE LA PAZ,33,SAN LUIS DE LA PAZ,2581,B,183,85,25,20,20,5,12,8,0,0,0,358,17,375,750
11,GUANAJUATO,2,SAN LUIS DE LA PAZ,33,SAN LUIS DE LA PAZ,2581,C01,221,72,22,25,14,9,4,1,0,0,0,370,8,378,750
11,GUANAJUATO,2,SAN LUIS DE LA PAZ,33,SAN LUIS DE LA PAZ,2581,C02,198,87,26,22,15,5,7,2,0,0,0,364,15,379,750
11,GUANAJUATO,2,SAN LUIS DE LA PAZ,33,SAN LUIS DE LA PAZ,2582,B,104,36,21,57,3,2,5,2,0,0,0,232,5,237,681
11,GUANAJUATO,2,SAN LUIS DE LA PAZ,33,SAN LUIS DE LA PAZ,2582,C01,97,54,17,35,5,4,5,2,0,0,0,219,12,231,681
11,GUANAJUATO,2,SAN LUIS DE LA PAZ,33,SAN LUIS DE LA PAZ,2583,B,82,31,48,26,5,4,9,4,0,0,0,209,6,215,569
11,GUANAJUATO,2,SAN LUIS DE LA PAZ,33,SAN LUIS DE LA PAZ,2583,C01,95,41,36,15,10,3,4,4,0,0,0,208,13,221,569
11,GUANAJUATO,2,SAN LUIS DE LA PAZ,33,SAN LUIS DE LA PAZ,2584,B,145,35,10,18,2,1,1,2,0,0,0,215,9,224,572
11,GUANAJUATO,2,SAN LUIS DE LA PAZ,33,SAN LUIS DE LA PAZ,2584,C01,145,35,7,16,5,1,6,2,0,0,0,217,5,222,572
11,GUANAJUATO,2,SAN LUIS DE LA PAZ,33,SAN LUIS DE LA PAZ,2584,C02,127,43,13,7,5,0,6,3,0,0,0,205,6,211,572
11,GUANAJUATO,2,SAN LUIS DE LA PAZ,33,SAN LUIS DE LA PAZ,2585,B,98,46,16,46,21,9,2,2,0,0,0,240,0,240,656
11,GUANAJUATO,2,SAN LUIS DE LA PAZ,33,SAN LUIS DE LA PAZ,2585,C01,131,60,16,50,15,5,3,2,0,0,0,286,13,299,656
11,GUANAJUATO,2,SAN LUIS DE LA PAZ,33,SAN LUIS DE LA PAZ,2586,B,87,52,29,28,4,13,8,7,0,0,0,230,12,242,504
11,GUANAJUATO,2,SAN LUIS DE LA PAZ,33,SAN LUIS DE LA PAZ,2586,C01,81,30,21,14,4,13,11,10,0,0,0,184,17,201,504
11,GUANAJUATO,2,SAN LUIS DE LA PAZ,33,SAN LUIS DE LA PAZ,2586,C02,85,30,30,25,5,7,8,6,0,0,0,197,8,205,503
11,GUANAJUATO,2,SAN LUIS DE LA PAZ,33,SAN LUIS DE LA PAZ,2587,B,60,78,30,17,5,36,7,6,0,0,0,244,18,262,662
11,GUANAJUATO,2,SAN LUIS DE LA PAZ,33,SAN LUIS DE LA PAZ,2587,C01,28,77,25,25,5,20,6,7,0,0,0,193,16,209,662
11,GUANAJUATO,2,SAN LUIS DE LA PAZ,33,SAN LUIS DE LA PAZ,2587,C02,66,66,19,32,3,26,2,7,0,0,0,224,0,224,662
11,GUANAJUATO,2,SAN LUIS DE LA PAZ,33,SAN LUIS DE LA PAZ,2587,C03,58,97,20,17,7,30,8,4,0,0,0,246,12,258,662
11,GUANAJUATO,2,SAN LUIS DE LA PAZ,33,SAN LUIS DE LA PAZ,2587,C04,47,93,25,16,6,20,4,4,0,0,0,216,13,229,662
11,GUANAJUATO,2,SAN LUIS DE LA PAZ,33,SAN LUIS DE LA PAZ,2587,C05,53,99,19,20,3,38,4,3,0,0,0,242,11,253,662
11,GUANAJUATO,2,SAN LUIS DE LA PAZ,33,SAN LUIS DE LA PAZ,2588,B,131,64,29,31,8,12,8,7,0,0,0,292,14,306,695
11,GUANAJUATO,2,SAN LUIS DE LA PAZ,33,SAN LUIS DE LA PAZ,2588,C01,111,49,44,24,13,7,6,4,0,0,0,262,20,282,695
11,GUANAJUATO,2,SAN LUIS DE LA PAZ,33,SAN LUIS DE LA PAZ,2588,C02,112,56,36,44,13,8,2,7,0,0,0,282,13,295,695
11,GUANAJUATO,2,SAN LUIS DE LA PAZ,33,SAN LUIS DE LA PAZ,2589,B,121,125,18,33,4,3,13,5,0,0,0,325,9,334,699
11,GUANAJUATO,2,SAN LUIS DE LA PAZ,33,SAN LUIS DE LA PAZ,2589,C01,83,179,19,25,6,6,4,3,0,0,0,331,16,347,699
11,GUANAJUATO,2,SAN LUIS DE LA PAZ,33,SAN LUIS DE LA PAZ,2590,B,96,61,57,38,7,7,11,2,0,0,0,280,0,280,711
11,GUANAJUATO,2,SAN LUIS DE LA PAZ,33,SAN LUIS DE LA PAZ,2590,C01,115,57,46,34,9,5,9,5,0,0,0,281,20,301,711
11,GUANAJUATO,2,SAN LUIS DE LA PAZ,33,SAN LUIS DE LA PAZ,2591,B,111,45,8,15,4,9,21,11,0,0,0,226,18,244,580
11,GUANAJUATO,2,SAN LUIS DE LA PAZ,33,SAN LUIS DE LA PAZ,2591,C01,128,42,12,18,4,6,10,13,0,0,0,235,14,249,579
11,GUANAJUATO,2,SAN LUIS DE LA PAZ,33,SAN LUIS DE LA PAZ,2592,B,122,65,12,14,3,4,9,18,0,0,0,251,15,266,577
11,GUANAJUATO,2,SAN LUIS DE LA PAZ,33,SAN LUIS DE LA PAZ,2592,C01,98,70,26,17,2,1,10,0,0,0,0,225,14,239,577
11,GUANAJUATO,2,SAN LUIS DE LA PAZ,33,SAN LUIS DE LA PAZ,2593,B,69,64,40,34,9,7,6,12,0,0,0,245,16,261,634
11,GUANAJUATO,2,SAN LUIS DE LA PAZ,33,SAN LUIS DE LA PAZ,2593,E01,117,85,14,8,8,10,13,8,0,0,0,264,16,280,575
11,GUANAJUATO,2,SAN LUIS DE LA PAZ,33,SAN LUIS DE LA PAZ,2594,B,84,42,31,21,1,2,3,4,0,0,0,191,5,196,438
11,GUANAJUATO,2,SAN LUIS DE LA PAZ,33,SAN LUIS DE LA PAZ,2594,C01,68,54,17,11,1,6,4,1,0,0,0,165,5,170,437
11,GUANAJUATO,2,SAN LUIS DE LA PAZ,33,SAN LUIS DE LA PAZ,2595,B,95,46,26,32,5,8,19,0,0,0,0,232,13,245,587
11,GUANAJUATO,2,SAN LUIS DE LA PAZ,33,SAN LUIS DE LA PAZ,2595,C01,108,55,24,42,6,5,14,5,0,0,0,260,12,272,587
11,GUANAJUATO,2,SAN LUIS DE LA PAZ,33,SAN LUIS DE LA PAZ,2595,C02,77,29,36,35,2,6,14,3,0,0,0,206,12,218,587
11,GUANAJUATO,2,SAN LUIS DE LA PAZ,33,SAN LUIS DE LA PAZ,2596,B,108,36,18,19,0,3,19,1,0,0,0,206,16,222,552
11,GUANAJUATO,2,SAN LUIS DE LA PAZ,33,SAN LUIS DE LA PAZ,2597,B,132,45,23,13,9,2,4,1,0,0,2,231,16,247,624
11,GUANAJUATO,2,SAN LUIS DE LA PAZ,33,SAN LUIS DE LA PAZ,2597,C01,145,53,31,16,6,4,1,4,0,0,0,262,16,278,624
11,GUANAJUATO,2,SAN LUIS DE LA PAZ,33,SAN LUIS DE LA PAZ,2598,B,86,40,87,37,6,13,4,7,0,0,0,282,15,297,730
11,GUANAJUATO,2,SAN LUIS DE LA PAZ,33,SAN LUIS DE LA PAZ,2598,C01,72,53,109,27,5,3,2,3,0,0,0,275,13,288,730
11,GUANAJUATO,2,SAN LUIS DE LA PAZ,33,SAN LUIS DE LA PAZ,2598,C02,74,55,150,26,10,1,7,1,0,0,0,326,9,335,730
11,GUANAJUATO,2,SAN LUIS DE LA PAZ,33,SAN LUIS DE LA PAZ,2599,B,53,53,36,10,6,8,3,5,0,0,0,176,8,184,571
11,GUANAJUATO,2,SAN LUIS DE LA PAZ,33,SAN LUIS DE LA PAZ,2599,C01,63,66,35,16,3,1,5,4,0,0,0,196,8,204,570
11,GUANAJUATO,2,SAN LUIS DE LA PAZ,33,SAN LUIS DE LA PAZ,2599,C02,62,54,50,21,3,5,0,0,0,0,0,195,6,201,570
11,GUANAJUATO,2,SAN LUIS DE LA PAZ,33,SAN LUIS DE LA PAZ,2600,B,137,22,20,19,10,4,6,3,0,0,0,222,18,240,625
11,GUANAJUATO,2,SAN LUIS DE LA PAZ,33,SAN LUIS DE LA PAZ,2600,C01,125,23,20,18,13,1,6,3,0,0,0,214,17,231,624
11,GUANAJUATO,2,SAN LUIS DE LA PAZ,33,SAN LUIS DE LA PAZ,2601,B,91,55,15,65,4,8,9,1,0,0,0,250,16,266,649
11,GUANAJUATO,2,SAN LUIS DE LA PAZ,33,SAN LUIS DE LA PAZ,2601,C01,95,31,18,65,7,1,11,1,0,0,0,230,10,240,649
11,GUANAJUATO,2,SAN LUIS DE LA PAZ,33,SAN LUIS DE LA PAZ,2601,C02,75,40,14,37,4,9,5,6,0,0,0,191,10,201,649
11,GUANAJUATO,2,SAN LUIS DE LA PAZ,33,SAN LUIS DE LA PAZ,2602,B,130,43,9,46,13,3,4,4,0,0,0,260,19,279,745
11,GUANAJUATO,2,SAN LUIS DE LA PAZ,33,SAN LUIS DE LA PAZ,2602,C01,133,38,26,51,7,6,7,15,0,0,0,284,14,298,745
11,GUANAJUATO,2,SAN LUIS DE LA PAZ,33,SAN LUIS DE LA PAZ,2602,C02,134,29,20,70,1,4,5,9,0,0,0,277,15,292,744
11,GUANAJUATO,2,SAN LUIS DE LA PAZ,34,SANTA CATARINA,2603,B,195,188,0,7,0,0,0,0,0,0,0,390,8,398,522
11,GUANAJUATO,2,SAN LUIS DE LA PAZ,34,SANTA CATARINA,2603,C01,192,190,0,1,0,0,0,0,0,0,0,383,12,395,522
11,GUANAJUATO,2,SAN LUIS DE LA PAZ,34,SANTA CATARINA,2603,C02,189,164,0,1,0,0,0,0,0,0,0,354,7,361,521
11,GUANAJUATO,2,SAN LUIS DE LA PAZ,34,SANTA CATARINA,2604,B,226,257,0,3,0,0,0,0,0,0,0,486,0,486,713
11,GUANAJUATO,2,SAN LUIS DE LA PAZ,34,SANTA CATARINA,2604,C01,285,235,0,6,0,0,0,0,0,0,0,526,11,537,712
11,GUANAJUATO,2,SAN LUIS DE LA PAZ,34,SANTA CATARINA,2605,B,218,248,0,1,0,0,0,0,0,0,0,467,5,472,696
11,GUANAJUATO,2,SAN LUIS DE LA PAZ,34,SANTA CATARINA,2606,B,83,55,0,1,0,0,0,0,0,0,0,139,3,142,168
11,GUANAJUATO,2,SAN LUIS DE LA PAZ,34,SANTA CATARINA,2607,B,128,50,0,0,0,0,0,0,0,0,0,178,3,181,260
11,GUANAJUATO,14,SALAMANCA,35,SANTA CRUZ DE JUVENTINO ROSAS,2608,B,99,31,92,91,4,0,23,0,0,0,0,340,11,351,617
11,GUANAJUATO,14,SALAMANCA,35,SANTA CRUZ DE JUVENTINO ROSAS,2608,C01,99,38,72,72,2,0,27,0,0,0,0,310,7,317,616
11,GUANAJUATO,14,SALAMANCA,35,SANTA CRUZ DE JUVENTINO ROSAS,2609,B,94,44,94,62,3,0,5,0,0,0,0,302,5,307,591
11,GUANAJUATO,14,SALAMANCA,35,SANTA CRUZ DE JUVENTINO ROSAS,2609,C01,84,32,100,78,4,0,6,0,0,0,0,304,6,310,591
11,GUANAJUATO,14,SALAMANCA,35,SANTA CRUZ DE JUVENTINO ROSAS,2609,C02,106,36,78,84,0,0,6,0,0,0,0,310,4,314,590
11,GUANAJUATO,14,SALAMANCA,35,SANTA CRUZ DE JUVENTINO ROSAS,2610,B,128,51,80,85,4,0,12,0,0,0,0,360,7,367,579
11,GUANAJUATO,14,SALAMANCA,35,SANTA CRUZ DE JUVENTINO ROSAS,2610,C01,112,41,67,85,2,0,16,0,0,0,0,323,6,329,579
11,GUANAJUATO,14,SALAMANCA,35,SANTA CRUZ DE JUVENTINO ROSAS,2610,C02,113,52,82,88,2,0,12,0,0,0,0,349,4,353,578
11,GUANAJUATO,14,SALAMANCA,35,SANTA CRUZ DE JUVENTINO ROSAS,2611,B,73,39,48,57,2,0,23,0,0,0,0,242,8,250,396
11,GUANAJUATO,14,SALAMANCA,35,SANTA CRUZ DE JUVENTINO ROSAS,2611,C01,82,56,48,50,0,0,15,0,0,0,0,251,6,257,396
11,GUANAJUATO,14,SALAMANCA,35,SANTA CRUZ DE JUVENTINO ROSAS,2612,B,112,50,99,85,0,0,20,0,0,0,0,366,7,373,695
11,GUANAJUATO,14,SALAMANCA,35,SANTA CRUZ DE JUVENTINO ROSAS,2612,C01,102,67,102,72,3,0,11,0,0,0,0,357,9,366,695
11,GUANAJUATO,14,SALAMANCA,35,SANTA CRUZ DE JUVENTINO ROSAS,2612,C02,100,75,101,77,3,0,27,0,0,0,0,383,6,389,694
11,GUANAJUATO,14,SALAMANCA,35,SANTA CRUZ DE JUVENTINO ROSAS,2613,B,94,44,98,70,4,0,21,0,0,0,0,331,2,333,626
11,GUANAJUATO,14,SALAMANCA,35,SANTA CRUZ DE JUVENTINO ROSAS,2613,C01,92,39,93,69,0,0,16,0,0,0,0,309,4,313,626
11,GUANAJUATO,14,SALAMANCA,35,SANTA CRUZ DE JUVENTINO ROSAS,2613,C02,72,44,87,62,1,0,15,0,0,0,0,281,6,287,626
11,GUANAJUATO,14,SALAMANCA,35,SANTA CRUZ DE JUVENTINO ROSAS,2613,C03,70,62,92,63,2,0,19,0,0,0,0,308,4,312,626
11,GUANAJUATO,14,SALAMANCA,35,SANTA CRUZ DE JUVENTINO ROSAS,2613,C04,94,64,87,71,2,0,20,0,0,0,0,338,6,344,625
11,GUANAJUATO,14,SALAMANCA,35,SANTA CRUZ DE JUVENTINO ROSAS,2614,B,109,52,124,55,0,0,20,0,0,0,0,360,5,365,612
11,GUANAJUATO,14,SALAMANCA,35,SANTA CRUZ DE JUVENTINO ROSAS,2614,C01,98,77,115,53,3,0,22,0,0,0,0,368,2,370,612
11,GUANAJUATO,14,SALAMANCA,35,SANTA CRUZ DE JUVENTINO ROSAS,2615,B,93,77,57,89,2,0,6,0,0,0,0,324,2,326,567
11,GUANAJUATO,14,SALAMANCA,35,SANTA CRUZ DE JUVENTINO ROSAS,2615,C01,72,54,62,90,7,0,39,0,0,0,0,324,7,331,567
11,GUANAJUATO,14,SALAMANCA,35,SANTA CRUZ DE JUVENTINO ROSAS,2616,B,128,85,88,62,4,0,11,0,0,0,0,378,7,385,553
11,GUANAJUATO,14,SALAMANCA,35,SANTA CRUZ DE JUVENTINO ROSAS,2617,B,125,75,112,114,1,0,17,0,0,0,0,444,5,449,743
11,GUANAJUATO,14,SALAMANCA,35,SANTA CRUZ DE JUVENTINO ROSAS,2617,C01,149,63,116,73,9,0,20,0,0,0,0,430,6,436,742
11,GUANAJUATO,14,SALAMANCA,35,SANTA CRUZ DE JUVENTINO ROSAS,2618,B,53,70,53,47,5,0,16,0,0,0,0,244,8,252,448
11,GUANAJUATO,14,SALAMANCA,35,SANTA CRUZ DE JUVENTINO ROSAS,2618,C01,81,78,52,44,0,0,19,0,0,0,0,274,4,278,447
11,GUANAJUATO,14,SALAMANCA,35,SANTA CRUZ DE JUVENTINO ROSAS,2619,B,74,66,38,68,1,0,14,0,0,0,0,261,2,263,405
11,GUANAJUATO,14,SALAMANCA,35,SANTA CRUZ DE JUVENTINO ROSAS,2619,C01,59,49,56,64,3,0,14,0,0,0,0,245,2,247,405
11,GUANAJUATO,14,SALAMANCA,35,SANTA CRUZ DE JUVENTINO ROSAS,2620,B,100,76,98,77,4,0,19,0,0,0,0,374,4,378,635
11,GUANAJUATO,14,SALAMANCA,35,SANTA CRUZ DE JUVENTINO ROSAS,2620,C01,114,68,94,77,3,0,18,0,0,0,0,374,5,379,635
11,GUANAJUATO,14,SALAMANCA,35,SANTA CRUZ DE JUVENTINO ROSAS,2620,S01,9,7,13,12,2,0,2,0,0,0,0,45,1,46,0
11,GUANAJUATO,14,SALAMANCA,35,SANTA CRUZ DE JUVENTINO ROSAS,2621,B,123,76,85,84,5,0,22,0,0,0,0,395,9,404,649
11,GUANAJUATO,14,SALAMANCA,35,SANTA CRUZ DE JUVENTINO ROSAS,2621,C01,85,69,88,80,3,0,19,0,0,0,0,344,4,348,648
11,GUANAJUATO,14,SALAMANCA,35,SANTA CRUZ DE JUVENTINO ROSAS,2622,B,126,73,69,90,8,0,22,0,0,0,1,389,12,401,682
11,GUANAJUATO,14,SALAMANCA,35,SANTA CRUZ DE JUVENTINO ROSAS,2622,C01,113,53,89,80,6,0,26,0,0,0,1,368,3,371,682
11,GUANAJUATO,14,SALAMANCA,35,SANTA CRUZ DE JUVENTINO ROSAS,2623,B,101,21,63,69,3,0,16,0,0,0,0,273,4,277,538
11,GUANAJUATO,14,SALAMANCA,35,SANTA CRUZ DE JUVENTINO ROSAS,2623,C01,90,34,59,79,0,0,8,0,0,0,0,270,3,273,538
11,GUANAJUATO,14,SALAMANCA,35,SANTA CRUZ DE JUVENTINO ROSAS,2623,C02,84,35,69,46,3,0,9,0,0,0,0,246,5,251,538
11,GUANAJUATO,14,SALAMANCA,35,SANTA CRUZ DE JUVENTINO ROSAS,2624,B,89,42,74,104,1,0,11,0,0,0,0,321,7,328,594
11,GUANAJUATO,14,SALAMANCA,35,SANTA CRUZ DE JUVENTINO ROSAS,2624,C01,91,32,68,109,2,0,14,0,0,0,0,316,0,316,593
11,GUANAJUATO,14,SALAMANCA,35,SANTA CRUZ DE JUVENTINO ROSAS,2624,C02,113,44,67,86,4,0,16,0,0,0,0,330,1,331,593
11,GUANAJUATO,14,SALAMANCA,35,SANTA CRUZ DE JUVENTINO ROSAS,2625,B,93,59,80,116,2,0,20,0,0,0,0,370,4,374,680
11,GUANAJUATO,14,SALAMANCA,35,SANTA CRUZ DE JUVENTINO ROSAS,2625,C01,100,66,53,132,2,0,16,0,0,0,0,369,5,374,679
11,GUANAJUATO,14,SALAMANCA,35,SANTA CRUZ DE JUVENTINO ROSAS,2625,C02,103,60,93,106,2,0,17,0,0,0,0,381,8,389,679
11,GUANAJUATO,14,SALAMANCA,35,SANTA CRUZ DE JUVENTINO ROSAS,2625,C03,105,58,78,99,2,0,11,0,0,0,0,353,9,362,679
11,GUANAJUATO,14,SALAMANCA,35,SANTA CRUZ DE JUVENTINO ROSAS,2626,B,124,53,80,110,1,0,15,0,0,0,0,383,8,391,698
11,GUANAJUATO,14,SALAMANCA,35,SANTA CRUZ DE JUVENTINO ROSAS,2626,C01,87,42,86,109,1,0,16,0,0,0,0,341,6,347,697
11,GUANAJUATO,14,SALAMANCA,35,SANTA CRUZ DE JUVENTINO ROSAS,2626,C02,98,59,79,105,2,0,14,0,0,0,0,357,3,360,697
11,GUANAJUATO,14,SALAMANCA,35,SANTA CRUZ DE JUVENTINO ROSAS,2626,C03,124,52,93,109,11,0,19,0,0,0,0,408,5,413,697
11,GUANAJUATO,14,SALAMANCA,35,SANTA CRUZ DE JUVENTINO ROSAS,2626,C04,106,55,101,113,2,0,18,0,0,0,0,395,5,400,697
11,GUANAJUATO,14,SALAMANCA,35,SANTA CRUZ DE JUVENTINO ROSAS,2626,C05,99,42,85,106,3,0,15,0,0,0,0,350,7,357,697
11,GUANAJUATO,14,SALAMANCA,35,SANTA CRUZ DE JUVENTINO ROSAS,2626,C06,94,49,80,106,8,0,20,0,0,0,2,359,3,362,697
11,GUANAJUATO,14,SALAMANCA,35,SANTA CRUZ DE JUVENTINO ROSAS,2627,B,114,21,57,44,4,0,5,0,0,0,0,245,7,252,430
11,GUANAJUATO,14,SALAMANCA,35,SANTA CRUZ DE JUVENTINO ROSAS,2627,C01,83,21,46,37,4,0,6,0,0,0,0,197,21,218,429
11,GUANAJUATO,14,SALAMANCA,35,SANTA CRUZ DE JUVENTINO ROSAS,2628,B,128,49,63,25,3,0,2,0,0,0,0,270,9,279,447
11,GUANAJUATO,14,SALAMANCA,35,SANTA CRUZ DE JUVENTINO ROSAS,2628,C01,122,35,59,19,4,0,4,0,0,0,0,243,11,254,447
11,GUANAJUATO,14,SALAMANCA,35,SANTA CRUZ DE JUVENTINO ROSAS,2629,B,111,13,74,29,2,0,3,0,0,0,0,232,16,248,421
11,GUANAJUATO,14,SALAMANCA,35,SANTA CRUZ DE JUVENTINO ROSAS,2629,C01,113,11,76,36,2,0,4,0,0,0,0,242,11,253,420
11,GUANAJUATO,14,SALAMANCA,35,SANTA CRUZ DE JUVENTINO ROSAS,2630,B,93,76,69,89,2,0,5,0,0,0,0,334,0,334,626
11,GUANAJUATO,14,SALAMANCA,35,SANTA CRUZ DE JUVENTINO ROSAS,2630,C01,64,78,82,96,2,0,5,0,0,0,0,327,10,337,626
11,GUANAJUATO,14,SALAMANCA,35,SANTA CRUZ DE JUVENTINO ROSAS,2630,E01,84,68,109,46,1,0,6,0,0,0,0,314,6,320,501
11,GUANAJUATO,14,SALAMANCA,35,SANTA CRUZ DE JUVENTINO ROSAS,2630,E01C01,82,45,94,54,3,0,0,0,0,0,0,278,6,284,500
11,GUANAJUATO,14,SALAMANCA,35,SANTA CRUZ DE JUVENTINO ROSAS,2631,B,104,26,175,31,3,0,6,0,0,0,0,345,11,356,687
11,GUANAJUATO,14,SALAMANCA,35,SANTA CRUZ DE JUVENTINO ROSAS,2631,C01,89,23,151,34,7,0,6,0,0,0,0,310,16,326,687
11,GUANAJUATO,14,SALAMANCA,35,SANTA CRUZ DE JUVENTINO ROSAS,2631,C02,101,31,152,31,3,0,6,0,0,0,0,324,10,334,686
11,GUANAJUATO,14,SALAMANCA,35,SANTA CRUZ DE JUVENTINO ROSAS,2632,B,91,21,118,63,3,0,10,0,0,0,0,306,16,322,672
11,GUANAJUATO,14,SALAMANCA,35,SANTA CRUZ DE JUVENTINO ROSAS,2632,C01,82,22,108,53,8,0,8,0,0,0,0,281,9,290,672
11,GUANAJUATO,14,SALAMANCA,35,SANTA CRUZ DE JUVENTINO ROSAS,2633,B,145,37,164,5,3,0,5,0,0,0,0,359,7,366,650
11,GUANAJUATO,14,SALAMANCA,35,SANTA CRUZ DE JUVENTINO ROSAS,2633,C01,205,10,161,8,1,0,2,0,0,0,0,387,12,399,649
11,GUANAJUATO,14,SALAMANCA,35,SANTA CRUZ DE JUVENTINO ROSAS,2633,C02,208,30,157,14,2,0,1,0,0,0,0,412,8,420,649
11,GUANAJUATO,14,SALAMANCA,35,SANTA CRUZ DE JUVENTINO ROSAS,2634,B,115,74,183,17,3,0,3,0,0,0,0,395,9,404,614
11,GUANAJUATO,14,SALAMANCA,35,SANTA CRUZ DE JUVENTINO ROSAS,2635,B,153,37,189,22,0,0,3,0,0,0,0,404,14,418,679
11,GUANAJUATO,14,SALAMANCA,35,SANTA CRUZ DE JUVENTINO ROSAS,2635,C01,99,38,189,17,3,0,5,0,0,0,0,351,12,363,678
11,GUANAJUATO,14,SALAMANCA,35,SANTA CRUZ DE JUVENTINO ROSAS,2636,B,152,55,136,15,2,0,9,0,0,0,0,369,6,375,644
11,GUANAJUATO,14,SALAMANCA,35,SANTA CRUZ DE JUVENTINO ROSAS,2636,C01,168,48,123,18,0,0,4,0,0,0,0,361,5,366,643
11,GUANAJUATO,14,SALAMANCA,35,SANTA CRUZ DE JUVENTINO ROSAS,2636,C02,173,50,118,25,2,0,5,0,0,0,0,373,6,379,643
11,GUANAJUATO,14,SALAMANCA,35,SANTA CRUZ DE JUVENTINO ROSAS,2636,C03,162,38,97,15,3,0,2,0,0,0,0,317,11,328,643
11,GUANAJUATO,14,SALAMANCA,35,SANTA CRUZ DE JUVENTINO ROSAS,2637,B,120,65,146,29,1,0,6,0,0,0,0,367,6,373,641
11,GUANAJUATO,14,SALAMANCA,35,SANTA CRUZ DE JUVENTINO ROSAS,2637,C01,55,29,143,21,1,0,3,0,0,0,0,252,6,258,641
11,GUANAJUATO,14,SALAMANCA,35,SANTA CRUZ DE JUVENTINO ROSAS,2637,C02,133,45,159,19,3,0,3,0,0,0,0,362,7,369,640
11,GUANAJUATO,14,SALAMANCA,35,SANTA CRUZ DE JUVENTINO ROSAS,2638,B,115,62,126,49,1,0,14,0,0,0,0,367,7,374,743
11,GUANAJUATO,14,SALAMANCA,35,SANTA CRUZ DE JUVENTINO ROSAS,2638,C01,101,52,149,57,2,0,7,0,0,0,0,368,9,377,743
11,GUANAJUATO,14,SALAMANCA,35,SANTA CRUZ DE JUVENTINO ROSAS,2638,C02,122,61,130,35,6,0,6,0,0,0,0,360,8,368,742
11,GUANAJUATO,14,SALAMANCA,35,SANTA CRUZ DE JUVENTINO ROSAS,2639,B,155,42,181,13,0,0,2,0,0,0,0,393,2,395,633
11,GUANAJUATO,14,SALAMANCA,35,SANTA CRUZ DE JUVENTINO ROSAS,2639,C01,161,35,179,10,4,0,3,0,0,0,0,392,4,396,633
11,GUANAJUATO,14,SALAMANCA,35,SANTA CRUZ DE JUVENTINO ROSAS,2639,C02,154,32,168,9,2,0,0,0,0,0,0,365,8,373,633
11,GUANAJUATO,14,SALAMANCA,35,SANTA CRUZ DE JUVENTINO ROSAS,2640,B,75,26,194,13,3,0,6,0,0,0,0,317,8,325,553
11,GUANAJUATO,14,SALAMANCA,35,SANTA CRUZ DE JUVENTINO ROSAS,2640,C01,61,19,212,11,1,0,10,0,0,0,0,314,8,322,552
11,GUANAJUATO,14,SALAMANCA,35,SANTA CRUZ DE JUVENTINO ROSAS,2640,C02,60,23,201,11,2,0,7,0,0,0,0,304,1,305,552
11,GUANAJUATO,14,SALAMANCA,35,SANTA CRUZ DE JUVENTINO ROSAS,2641,B,103,10,209,10,1,0,1,0,0,0,0,334,7,341,505
11,GUANAJUATO,14,SALAMANCA,35,SANTA CRUZ DE JUVENTINO ROSAS,2641,C01,62,7,254,4,3,0,4,0,0,0,1,335,3,338,505
11,GUANAJUATO,14,SALAMANCA,35,SANTA CRUZ DE JUVENTINO ROSAS,2642,B,88,38,222,16,1,0,4,0,0,0,0,369,10,379,651
11,GUANAJUATO,14,SALAMANCA,35,SANTA CRUZ DE JUVENTINO ROSAS,2642,C01,91,34,227,9,2,0,1,0,0,0,0,364,11,375,650
11,GUANAJUATO,14,SALAMANCA,35,SANTA CRUZ DE JUVENTINO ROSAS,2643,B,113,21,80,60,3,0,10,0,0,0,0,287,10,297,605
11,GUANAJUATO,14,SALAMANCA,35,SANTA CRUZ DE JUVENTINO ROSAS,2643,C01,111,42,100,43,2,0,15,0,0,0,0,313,3,316,605
11,GUANAJUATO,20,YURIRIA,36,SANTIAGO MARAVATIO,2644,B,199,230,0,5,0,0,0,0,0,0,0,434,9,443,630
11,GUANAJUATO,20,YURIRIA,36,SANTIAGO MARAVATIO,2645,B,94,208,0,7,0,0,0,0,0,0,0,309,5,314,440
11,GUANAJUATO,20,YURIRIA,36,SANTIAGO MARAVATIO,2645,C01,113,200,0,7,0,0,0,0,0,0,0,320,8,328,440
11,GUANAJUATO,20,YURIRIA,36,SANTIAGO MARAVATIO,2646,B,212,263,0,4,0,0,0,0,0,0,0,479,7,486,663
11,GUANAJUATO,20,YURIRIA,36,SANTIAGO MARAVATIO,2647,B,146,199,0,4,0,0,0,0,0,0,0,349,5,354,474
11,GUANAJUATO,20,YURIRIA,36,SANTIAGO MARAVATIO,2647,C01,137,219,0,5,0,0,0,0,0,0,0,361,3,364,473
11,GUANAJUATO,20,YURIRIA,36,SANTIAGO MARAVATIO,2648,B,147,161,0,3,0,0,0,0,0,0,0,311,5,316,436
11,GUANAJUATO,20,YURIRIA,36,SANTIAGO MARAVATIO,2649,B,188,156,0,6,0,0,0,0,0,0,0,350,7,357,499
11,GUANAJUATO,20,YURIRIA,36,SANTIAGO MARAVATIO,2649,C01,193,158,0,4,0,0,0,0,0,0,0,355,7,362,498
11,GUANAJUATO,20,YURIRIA,36,SANTIAGO MARAVATIO,2650,B,158,180,0,1,0,0,0,0,0,0,0,339,9,348,510
11,GUANAJUATO,20,YURIRIA,36,SANTIAGO MARAVATIO,2651,B,100,79,0,1,0,0,0,0,0,0,0,180,3,183,299
11,GUANAJUATO,20,YURIRIA,36,SANTIAGO MARAVATIO,2652,B,169,190,0,6,0,0,0,0,0,0,0,365,11,376,652
11,GUANAJUATO,20,YURIRIA,36,SANTIAGO MARAVATIO,2653,B,189,106,0,0,0,0,0,0,0,0,0,295,4,299,576
11,GUANAJUATO,8,GUANAJUATO,37,SILAO DE LA VICTORIA,2654,B,85,60,26,39,2,2,0,28,0,5,0,247,12,259,747
11,GUANAJUATO,8,GUANAJUATO,37,SILAO DE LA VICTORIA,2654,C01,108,68,20,47,2,2,2,16,0,1,0,266,3,269,747
11,GUANAJUATO,8,GUANAJUATO,37,SILAO DE LA VICTORIA,2654,C02,108,48,16,33,1,2,7,19,0,7,0,241,8,249,747
11,GUANAJUATO,8,GUANAJUATO,37,SILAO DE LA VICTORIA,2654,C03,116,61,22,25,0,1,6,26,0,0,0,257,3,260,746
11,GUANAJUATO,8,GUANAJUATO,37,SILAO DE LA VICTORIA,2654,C04,104,59,30,33,0,0,4,13,0,3,0,246,4,250,746
11,GUANAJUATO,8,GUANAJUATO,37,SILAO DE LA VICTORIA,2655,B,93,63,21,35,3,2,5,30,0,5,0,257,5,262,733
11,GUANAJUATO,8,GUANAJUATO,37,SILAO DE LA VICTORIA,2655,C01,108,61,20,22,1,0,10,15,0,3,0,240,11,251,733
11,GUANAJUATO,8,GUANAJUATO,37,SILAO DE LA VICTORIA,2655,C02,81,47,21,22,1,3,21,21,0,6,0,223,13,236,732
11,GUANAJUATO,8,GUANAJUATO,37,SILAO DE LA VICTORIA,2655,C03,104,46,36,29,1,1,8,18,0,5,0,248,7,255,732
11,GUANAJUATO,8,GUANAJUATO,37,SILAO DE LA VICTORIA,2656,B,103,51,61,14,2,0,3,16,0,7,1,258,7,265,644
11,GUANAJUATO,8,GUANAJUATO,37,SILAO DE LA VICTORIA,2656,C01,106,58,52,15,1,2,8,25,0,4,0,271,9,280,644
11,GUANAJUATO,8,GUANAJUATO,37,SILAO DE LA VICTORIA,2656,C02,98,36,53,17,0,3,10,22,0,0,0,239,6,245,644
11,GUANAJUATO,8,GUANAJUATO,37,SILAO DE LA VICTORIA,2656,C03,87,51,43,20,4,0,7,23,0,2,0,237,10,247,643
11,GUANAJUATO,8,GUANAJUATO,37,SILAO DE LA VICTORIA,2657,B,135,41,51,20,9,1,8,21,0,3,0,289,11,300,712
11,GUANAJUATO,8,GUANAJUATO,37,SILAO DE LA VICTORIA,2657,C01,104,57,40,20,0,3,2,27,0,3,0,256,16,272,711
11,GUANAJUATO,8,GUANAJUATO,37,SILAO DE LA VICTORIA,2657,C02,108,50,54,17,9,6,5,24,0,7,0,280,6,286,711
11,GUANAJUATO,8,GUANAJUATO,37,SILAO DE LA VICTORIA,2657,S01,23,21,7,6,2,1,6,16,0,0,0,82,1,83,0
11,GUANAJUATO,8,GUANAJUATO,37,SILAO DE LA VICTORIA,2658,B,99,64,43,17,1,3,5,13,0,5,0,250,13,263,554
11,GUANAJUATO,8,GUANAJUATO,37,SILAO DE LA VICTORIA,2658,C01,104,68,47,21,4,3,4,13,0,4,0,268,7,275,554
11,GUANAJUATO,8,GUANAJUATO,37,SILAO DE LA VICTORIA,2659,B,86,49,38,27,3,3,3,16,0,8,1,234,7,241,669
11,GUANAJUATO,8,GUANAJUATO,37,SILAO DE LA VICTORIA,2659,C01,111,45,58,38,0,2,1,25,0,3,0,283,7,290,669
11,GUANAJUATO,8,GUANAJUATO,37,SILAO DE LA VICTORIA,2659,C02,99,48,31,42,0,3,3,17,0,8,0,251,4,255,669
11,GUANAJUATO,8,GUANAJUATO,37,SILAO DE LA VICTORIA,2659,C03,96,38,47,46,1,5,5,10,0,9,0,257,9,266,668
11,GUANAJUATO,8,GUANAJUATO,37,SILAO DE LA VICTORIA,2660,B,95,75,43,29,2,2,2,19,0,5,0,272,11,283,673
11,GUANAJUATO,8,GUANAJUATO,37,SILAO DE LA VICTORIA,2660,C01,115,65,55,25,0,4,6,11,0,5,0,286,0,286,673
11,GUANAJUATO,8,GUANAJUATO,37,SILAO DE LA VICTORIA,2661,B,71,53,27,11,0,1,3,9,0,1,0,176,5,181,434
11,GUANAJUATO,8,GUANAJUATO,37,SILAO DE LA VICTORIA,2661,C01,78,47,40,15,1,1,2,18,0,1,0,203,4,207,433
11,GUANAJUATO,8,GUANAJUATO,37,SILAO DE LA VICTORIA,2662,B,77,40,117,11,2,3,5,6,0,2,2,265,7,272,565
11,GUANAJUATO,8,GUANAJUATO,37,SILAO DE LA VICTORIA,2662,C01,91,62,79,15,4,7,1,13,0,3,0,275,0,275,564
11,GUANAJUATO,8,GUANAJUATO,37,SILAO DE LA VICTORIA,2663,B,117,56,73,14,3,5,7,20,0,3,0,298,10,308,610
11,GUANAJUATO,8,GUANAJUATO,37,SILAO DE LA VICTORIA,2663,C01,119,54,58,20,2,1,4,17,0,10,0,285,15,300,610
11,GUANAJUATO,8,GUANAJUATO,37,SILAO DE LA VICTORIA,2664,B,124,46,24,30,3,3,5,13,0,8,2,258,4,262,714
11,GUANAJUATO,8,GUANAJUATO,37,SILAO DE LA VICTORIA,2664,C01,95,41,40,20,0,1,13,18,0,7,1,236,6,242,713
11,GUANAJUATO,8,GUANAJUATO,37,SILAO DE LA VICTORIA,2664,C02,106,48,34,24,1,2,4,7,0,4,0,230,7,237,713
11,GUANAJUATO,8,GUANAJUATO,37,SILAO DE LA VICTORIA,2664,C03,112,53,49,22,2,3,8,27,0,8,0,284,6,290,713
11,GUANAJUATO,8,GUANAJUATO,37,SILAO DE LA VICTORIA,2664,C04,102,51,31,32,3,4,8,20,0,8,0,259,0,259,713
11,GUANAJUATO,8,GUANAJUATO,37,SILAO DE LA VICTORIA,2664,C05,105,50,34,23,3,8,6,21,0,6,0,256,5,261,713
11,GUANAJUATO,10,SAN FRANCISCO DEL RINCON,37,SILAO DE LA VICTORIA,2665,B,88,45,22,11,2,3,5,13,0,8,1,198,3,201,532
11,GUANAJUATO,10,SAN FRANCISCO DEL RINCON,37,SILAO DE LA VICTORIA,2665,C01,90,59,21,19,3,4,6,16,0,8,0,226,4,230,531
11,GUANAJUATO,8,GUANAJUATO,37,SILAO DE LA VICTORIA,2666,B,110,45,43,24,6,1,5,25,0,0,0,259,9,268,511
11,GUANAJUATO,8,GUANAJUATO,37,SILAO DE LA VICTORIA,2666,C01,115,38,51,26,3,3,3,15,0,5,0,259,12,271,511
11,GUANAJUATO,8,GUANAJUATO,37,SILAO DE LA VICTORIA,2667,B,155,90,114,13,3,1,16,22,0,8,0,422,15,437,712
11,GUANAJUATO,8,GUANAJUATO,37,SILAO DE LA VICTORIA,2668,B,137,59,50,25,6,4,6,29,0,5,0,321,9,330,549
11,GUANAJUATO,8,GUANAJUATO,37,SILAO DE LA VICTORIA,2668,C01,107,75,74,14,6,1,4,19,0,8,0,308,3,311,549
11,GUANAJUATO,8,GUANAJUATO,37,SILAO DE LA VICTORIA,2669,B,139,47,92,19,4,3,11,25,0,0,0,340,1,341,734
11,GUANAJUATO,8,GUANAJUATO,37,SILAO DE LA VICTORIA,2669,C01,130,55,79,12,5,4,4,26,0,8,0,323,18,341,733
11,GUANAJUATO,8,GUANAJUATO,37,SILAO DE LA VICTORIA,2670,B,76,81,61,25,1,1,10,21,0,7,1,284,5,289,617
11,GUANAJUATO,8,GUANAJUATO,37,SILAO DE LA VICTORIA,2670,C01,100,61,41,23,2,3,3,21,0,7,0,261,10,271,616
11,GUANAJUATO,8,GUANAJUATO,37,SILAO DE LA VICTORIA,2671,B,113,59,56,33,2,7,3,23,0,5,0,301,14,315,619
11,GUANAJUATO,8,GUANAJUATO,37,SILAO DE LA VICTORIA,2671,C01,123,64,53,25,4,5,2,19,0,6,0,301,11,312,619
11,GUANAJUATO,8,GUANAJUATO,37,SILAO DE LA VICTORIA,2672,B,95,34,16,12,0,2,2,16,0,3,0,180,7,187,420
11,GUANAJUATO,8,GUANAJUATO,37,SILAO DE LA VICTORIA,2672,C01,85,36,27,12,1,1,6,18,0,0,0,186,1,187,419
11,GUANAJUATO,8,GUANAJUATO,37,SILAO DE LA VICTORIA,2673,B,114,52,57,14,0,1,5,11,0,4,2,260,5,265,669
11,GUANAJUATO,8,GUANAJUATO,37,SILAO DE LA VICTORIA,2673,C01,127,61,53,18,0,1,8,17,0,3,1,289,4,293,668
11,GUANAJUATO,8,GUANAJUATO,37,SILAO DE LA VICTORIA,2674,B,112,78,79,17,3,2,6,10,0,2,0,309,9,318,557
11,GUANAJUATO,10,SAN FRANCISCO DEL RINCON,37,SILAO DE LA VICTORIA,2675,B,103,37,47,18,5,2,2,9,0,3,0,226,8,234,506
11,GUANAJUATO,10,SAN FRANCISCO DEL RINCON,37,SILAO DE LA VICTORIA,2675,C01,91,49,60,17,3,1,1,10,0,5,1,238,5,243,506
11,GUANAJUATO,10,SAN FRANCISCO DEL RINCON,37,SILAO DE LA VICTORIA,2676,B,112,62,50,25,5,0,4,29,0,5,0,292,11,303,639
11,GUANAJUATO,10,SAN FRANCISCO DEL RINCON,37,SILAO DE LA VICTORIA,2676,C01,132,44,63,23,0,2,9,20,0,4,0,297,8,305,639
11,GUANAJUATO,10,SAN FRANCISCO DEL RINCON,37,SILAO DE LA VICTORIA,2676,C02,118,45,67,26,3,4,3,15,0,6,0,287,9,296,639
11,GUANAJUATO,10,SAN FRANCISCO DEL RINCON,37,SILAO DE LA VICTORIA,2677,B,76,41,18,33,2,5,6,8,0,5,0,194,6,200,556
11,GUANAJUATO,10,SAN FRANCISCO DEL RINCON,37,SILAO DE LA VICTORIA,2677,C01,62,42,14,40,0,1,4,7,0,4,0,174,21,195,556
11,GUANAJUATO,10,SAN FRANCISCO DEL RINCON,37,SILAO DE LA VICTORIA,2678,B,113,45,22,24,3,2,4,8,0,5,0,226,5,231,668
11,GUANAJUATO,10,SAN FRANCISCO DEL RINCON,37,SILAO DE LA VICTORIA,2678,C01,110,34,22,37,0,0,1,15,0,4,0,223,0,223,668
11,GUANAJUATO,10,SAN FRANCISCO DEL RINCON,37,SILAO DE LA VICTORIA,2678,C02,109,24,26,27,0,0,3,10,0,2,0,201,6,207,668
11,GUANAJUATO,10,SAN FRANCISCO DEL RINCON,37,SILAO DE LA VICTORIA,2678,C03,129,27,16,26,1,3,5,4,0,2,0,213,8,221,668
11,GUANAJUATO,10,SAN FRANCISCO DEL RINCON,37,SILAO DE LA VICTORIA,2679,B,84,55,54,9,1,9,8,9,0,0,0,229,8,237,433
11,GUANAJUATO,10,SAN FRANCISCO DEL RINCON,37,SILAO DE LA VICTORIA,2679,C01,102,70,29,9,0,1,4,8,0,4,0,227,8,235,433
11,GUANAJUATO,8,GUANAJUATO,37,SILAO DE LA VICTORIA,2680,B,83,55,47,18,2,1,1,9,0,2,0,218,5,223,415
11,GUANAJUATO,8,GUANAJUATO,37,SILAO DE LA VICTORIA,2680,C01,67,48,69,6,0,3,6,12,0,6,0,217,8,225,414
11,GUANAJUATO,8,GUANAJUATO,37,SILAO DE LA VICTORIA,2681,B,134,55,75,19,0,4,5,30,0,6,1,329,9,338,656
11,GUANAJUATO,8,GUANAJUATO,37,SILAO DE LA VICTORIA,2681,C01,136,71,64,28,1,0,4,25,0,4,1,334,6,340,655
11,GUANAJUATO,8,GUANAJUATO,37,SILAO DE LA VICTORIA,2682,B,100,27,93,24,1,3,5,19,0,1,0,273,5,278,580
11,GUANAJUATO,8,GUANAJUATO,37,SILAO DE LA VICTORIA,2682,C01,82,36,62,34,3,1,1,13,0,2,0,234,10,244,580
11,GUANAJUATO,8,GUANAJUATO,37,SILAO DE LA VICTORIA,2682,C02,113,22,75,19,2,3,2,6,0,0,1,243,8,251,580
11,GUANAJUATO,8,GUANAJUATO,37,SILAO DE LA VICTORIA,2683,B,106,60,46,35,6,2,9,14,0,7,0,285,0,285,692
11,GUANAJUATO,8,GUANAJUATO,37,SILAO DE LA VICTORIA,2683,C01,90,60,55,28,4,2,3,18,0,4,0,264,4,268,691
11,GUANAJUATO,8,GUANAJUATO,37,SILAO DE LA VICTORIA,2683,C02,90,60,55,28,4,2,3,18,0,4,0,264,4,268,691
11,GUANAJUATO,8,GUANAJUATO,37,SILAO DE LA VICTORIA,2683,C03,91,44,46,14,1,3,6,18,0,5,0,228,8,236,691
11,GUANAJUATO,8,GUANAJUATO,37,SILAO DE LA VICTORIA,2683,C04,99,68,47,40,0,0,3,15,0,4,1,277,6,283,691
11,GUANAJUATO,8,GUANAJUATO,37,SILAO DE LA VICTORIA,2683,C05,87,52,51,23,0,1,8,15,0,3,0,240,6,246,691
11,GUANAJUATO,8,GUANAJUATO,37,SILAO DE LA VICTORIA,2683,C06,95,45,37,28,0,1,3,28,0,3,0,240,7,247,691
11,GUANAJUATO,10,SAN FRANCISCO DEL RINCON,37,SILAO DE LA VICTORIA,2684,B,210,36,44,8,0,4,1,7,0,6,0,316,5,321,701
11,GUANAJUATO,10,SAN FRANCISCO DEL RINCON,37,SILAO DE LA VICTORIA,2684,C01,201,42,33,17,0,1,2,11,0,4,0,311,10,321,700
11,GUANAJUATO,10,SAN FRANCISCO DEL RINCON,37,SILAO DE LA VICTORIA,2685,B,169,53,18,33,2,2,7,9,0,0,0,293,9,302,592
11,GUANAJUATO,10,SAN FRANCISCO DEL RINCON,37,SILAO DE LA VICTORIA,2685,C01,140,46,15,28,2,4,4,6,0,8,0,253,0,253,591
11,GUANAJUATO,10,SAN FRANCISCO DEL RINCON,37,SILAO DE LA VICTORIA,2686,B,129,44,37,35,2,3,3,2,0,0,0,255,10,265,677
11,GUANAJUATO,10,SAN FRANCISCO DEL RINCON,37,SILAO DE LA VICTORIA,2686,C01,148,38,40,30,1,1,1,12,0,4,0,275,7,282,677
11,GUANAJUATO,10,SAN FRANCISCO DEL RINCON,37,SILAO DE LA VICTORIA,2686,C02,163,52,40,25,3,1,2,10,0,4,0,300,9,309,676
11,GUANAJUATO,8,GUANAJUATO,37,SILAO DE LA VICTORIA,2687,B,90,74,6,11,0,1,4,7,0,2,0,195,2,197,525
11,GUANAJUATO,8,GUANAJUATO,37,SILAO DE LA VICTORIA,2687,C01,63,90,3,12,0,2,6,7,0,3,0,186,1,187,525
11,GUANAJUATO,8,GUANAJUATO,37,SILAO DE LA VICTORIA,2687,C02,72,69,8,9,2,1,4,14,0,0,0,179,16,195,524
11,GUANAJUATO,8,GUANAJUATO,37,SILAO DE LA VICTORIA,2688,B,50,210,10,26,2,1,5,2,0,0,0,306,19,325,677
11,GUANAJUATO,8,GUANAJUATO,37,SILAO DE LA VICTORIA,2688,C01,48,180,7,40,2,1,2,11,0,0,0,291,18,309,676
11,GUANAJUATO,8,GUANAJUATO,37,SILAO DE LA VICTORIA,2689,B,84,36,4,13,2,1,3,9,0,1,0,153,3,156,434
11,GUANAJUATO,8,GUANAJUATO,37,SILAO DE LA VICTORIA,2689,C01,80,38,7,11,2,1,1,13,0,3,0,156,8,164,433
11,GUANAJUATO,8,GUANAJUATO,37,SILAO DE LA VICTORIA,2689,E01,73,28,12,19,3,4,2,31,0,1,0,173,10,183,481
11,GUANAJUATO,8,GUANAJUATO,37,SILAO DE LA VICTORIA,2690,B,55,171,3,24,2,1,8,2,0,0,0,266,14,280,712
11,GUANAJUATO,8,GUANAJUATO,37,SILAO DE LA VICTORIA,2690,C01,53,135,9,22,4,4,4,3,0,1,0,235,6,241,711
11,GUANAJUATO,8,GUANAJUATO,37,SILAO DE LA VICTORIA,2690,C02,46,174,4,12,5,2,6,4,0,1,0,254,5,259,711
11,GUANAJUATO,8,GUANAJUATO,37,SILAO DE LA VICTORIA,2691,B,83,85,2,25,1,2,5,7,0,1,0,211,2,213,494
11,GUANAJUATO,8,GUANAJUATO,37,SILAO DE LA VICTORIA,2691,C01,62,97,3,21,3,1,2,5,0,0,0,194,7,201,493
11,GUANAJUATO,8,GUANAJUATO,37,SILAO DE LA VICTORIA,2692,B,105,40,17,43,0,1,3,33,0,1,0,243,12,255,658
11,GUANAJUATO,8,GUANAJUATO,37,SILAO DE LA VICTORIA,2692,C01,119,35,8,52,1,5,6,27,0,1,0,254,9,263,658
11,GUANAJUATO,8,GUANAJUATO,37,SILAO DE LA VICTORIA,2692,C02,112,60,16,42,1,3,2,23,0,0,0,259,8,267,657
11,GUANAJUATO,8,GUANAJUATO,37,SILAO DE LA VICTORIA,2693,B,79,59,10,75,3,1,2,6,0,1,0,236,8,244,618
11,GUANAJUATO,8,GUANAJUATO,37,SILAO DE LA VICTORIA,2693,C01,79,72,18,82,1,3,7,5,0,0,0,267,13,280,617
11,GUANAJUATO,8,GUANAJUATO,37,SILAO DE LA VICTORIA,2694,B,54,48,11,67,4,2,4,23,0,3,0,216,3,219,626
11,GUANAJUATO,8,GUANAJUATO,37,SILAO DE LA VICTORIA,2694,C01,46,67,10,101,0,0,4,13,0,4,0,245,8,253,625
11,GUANAJUATO,8,GUANAJUATO,37,SILAO DE LA VICTORIA,2694,C02,62,42,11,89,2,2,2,9,0,4,0,223,3,226,625
11,GUANAJUATO,8,GUANAJUATO,37,SILAO DE LA VICTORIA,2694,C03,79,63,7,89,3,2,4,8,0,6,0,261,8,269,625
11,GUANAJUATO,10,SAN FRANCISCO DEL RINCON,37,SILAO DE LA VICTORIA,2695,B,107,51,5,21,7,0,1,2,0,2,0,196,7,203,628
11,GUANAJUATO,10,SAN FRANCISCO DEL RINCON,37,SILAO DE LA VICTORIA,2695,C01,96,45,11,14,2,4,7,2,0,1,0,182,6,188,627
11,GUANAJUATO,10,SAN FRANCISCO DEL RINCON,37,SILAO DE LA VICTORIA,2695,C02,112,53,6,20,5,1,4,5,0,2,0,208,9,217,627
11,GUANAJUATO,10,SAN FRANCISCO DEL RINCON,37,SILAO DE LA VICTORIA,2696,B,52,38,5,115,1,3,4,4,0,3,0,225,13,238,663
11,GUANAJUATO,10,SAN FRANCISCO DEL RINCON,37,SILAO DE LA VICTORIA,2696,C01,32,61,3,99,6,0,4,0,0,1,0,206,2,208,662
11,GUANAJUATO,8,GUANAJUATO,37,SILAO DE LA VICTORIA,2697,B,113,47,12,88,2,3,1,5,0,0,0,271,7,278,563
11,GUANAJUATO,8,GUANAJUATO,37,SILAO DE LA VICTORIA,2698,B,127,34,33,108,4,2,8,4,0,16,0,336,10,346,720
11,GUANAJUATO,8,GUANAJUATO,37,SILAO DE LA VICTORIA,2698,E01,121,44,31,34,1,5,16,19,0,3,0,274,10,284,647
11,GUANAJUATO,8,GUANAJUATO,37,SILAO DE LA VICTORIA,2699,B,79,49,8,38,2,2,6,29,0,1,0,214,4,218,530
11,GUANAJUATO,8,GUANAJUATO,37,SILAO DE LA VICTORIA,2699,C01,84,67,6,27,1,1,7,33,0,3,0,229,10,239,530
11,GUANAJUATO,8,GUANAJUATO,37,SILAO DE LA VICTORIA,2699,E01,60,7,3,14,0,1,2,22,0,0,0,109,3,112,417
11,GUANAJUATO,8,GUANAJUATO,37,SILAO DE LA VICTORIA,2699,E01C01,69,14,6,11,1,0,2,19,0,3,0,125,4,129,417
11,GUANAJUATO,10,SAN FRANCISCO DEL RINCON,37,SILAO DE LA VICTORIA,2700,B,122,74,1,28,14,2,3,7,0,0,0,251,9,260,586
11,GUANAJUATO,10,SAN FRANCISCO DEL RINCON,37,SILAO DE LA VICTORIA,2700,C01,114,56,6,27,15,1,3,13,0,1,0,236,4,240,586
11,GUANAJUATO,10,SAN FRANCISCO DEL RINCON,37,SILAO DE LA VICTORIA,2700,C02,102,85,11,39,6,0,6,18,0,0,0,267,5,272,586
11,GUANAJUATO,10,SAN FRANCISCO DEL RINCON,37,SILAO DE LA VICTORIA,2700,C03,117,83,7,41,27,1,2,8,0,0,0,286,3,289,586
11,GUANAJUATO,10,SAN FRANCISCO DEL RINCON,37,SILAO DE LA VICTORIA,2701,B,48,74,17,24,0,1,2,4,0,2,0,172,5,177,444
11,GUANAJUATO,10,SAN FRANCISCO DEL RINCON,37,SILAO DE LA VICTORIA,2701,C01,44,73,8,27,0,1,0,20,0,3,0,176,9,185,443
11,GUANAJUATO,10,SAN FRANCISCO DEL RINCON,37,SILAO DE LA VICTORIA,2702,B,99,127,3,67,6,2,1,8,0,2,0,315,7,322,710
11,GUANAJUATO,10,SAN FRANCISCO DEL RINCON,37,SILAO DE LA VICTORIA,2702,C01,102,98,10,58,4,0,0,4,0,1,0,277,4,281,710
11,GUANAJUATO,10,SAN FRANCISCO DEL RINCON,37,SILAO DE LA VICTORIA,2702,C02,98,146,7,63,5,2,3,5,0,2,0,331,0,331,709
11,GUANAJUATO,8,GUANAJUATO,37,SILAO DE LA VICTORIA,2703,B,142,42,16,40,1,1,1,13,0,13,0,269,5,274,611
11,GUANAJUATO,8,GUANAJUATO,37,SILAO DE LA VICTORIA,2703,C01,139,28,12,49,3,0,1,19,0,0,0,251,8,259,610
11,GUANAJUATO,8,GUANAJUATO,37,SILAO DE LA VICTORIA,2703,C02,120,26,4,49,4,1,1,17,0,0,0,222,5,227,610
11,GUANAJUATO,8,GUANAJUATO,37,SILAO DE LA VICTORIA,2704,B,126,60,20,46,4,0,1,15,0,3,0,275,8,283,734
11,GUANAJUATO,8,GUANAJUATO,37,SILAO DE LA VICTORIA,2704,C01,130,61,18,53,4,1,2,24,0,2,0,295,8,303,733
11,GUANAJUATO,8,GUANAJUATO,37,SILAO DE LA VICTORIA,2705,B,55,32,5,77,3,2,1,32,0,0,0,207,3,210,574
11,GUANAJUATO,8,GUANAJUATO,37,SILAO DE LA VICTORIA,2705,C01,58,46,6,86,1,0,1,31,0,0,0,229,8,237,574
11,GUANAJUATO,8,GUANAJUATO,37,SILAO DE LA VICTORIA,2705,C02,46,22,6,36,0,2,0,37,0,0,0,149,1,150,574
11,GUANAJUATO,8,GUANAJUATO,37,SILAO DE LA VICTORIA,2705,C03,51,45,2,43,1,0,5,16,0,3,0,166,7,173,573
11,GUANAJUATO,8,GUANAJUATO,37,SILAO DE LA VICTORIA,2706,B,98,79,11,76,0,4,1,10,0,0,0,279,8,287,630
11,GUANAJUATO,8,GUANAJUATO,37,SILAO DE LA VICTORIA,2706,C01,118,93,25,37,3,8,4,4,0,2,0,294,7,301,629
11,GUANAJUATO,8,GUANAJUATO,37,SILAO DE LA VICTORIA,2707,B,107,76,3,23,2,2,4,5,0,0,0,222,3,225,441
11,GUANAJUATO,8,GUANAJUATO,37,SILAO DE LA VICTORIA,2707,C01,124,46,5,42,0,4,1,13,0,2,0,237,8,245,440
11,GUANAJUATO,10,SAN FRANCISCO DEL RINCON,37,SILAO DE LA VICTORIA,2708,B,18,16,7,2,0,0,2,3,0,0,0,48,3,51,192
11,GUANAJUATO,10,SAN FRANCISCO DEL RINCON,37,SILAO DE LA VICTORIA,2709,B,78,65,17,50,4,2,4,6,0,0,0,226,6,232,639
11,GUANAJUATO,10,SAN FRANCISCO DEL RINCON,37,SILAO DE LA VICTORIA,2709,C01,43,49,14,59,1,3,3,1,0,1,0,174,7,181,638
11,GUANAJUATO,10,SAN FRANCISCO DEL RINCON,37,SILAO DE LA VICTORIA,2709,C02,52,51,10,48,4,3,3,2,0,2,0,175,6,181,638
11,GUANAJUATO,10,SAN FRANCISCO DEL RINCON,37,SILAO DE LA VICTORIA,2709,C03,33,46,11,46,0,6,1,5,0,0,0,148,5,153,638
11,GUANAJUATO,10,SAN FRANCISCO DEL RINCON,37,SILAO DE LA VICTORIA,2710,B,88,58,39,11,1,4,5,10,0,4,0,220,2,222,669
11,GUANAJUATO,10,SAN FRANCISCO DEL RINCON,37,SILAO DE LA VICTORIA,2710,C01,76,26,28,30,0,6,4,12,0,2,0,184,2,186,668
11,GUANAJUATO,10,SAN FRANCISCO DEL RINCON,37,SILAO DE LA VICTORIA,2710,C02,84,41,25,17,0,5,5,13,0,2,0,192,5,197,668
11,GUANAJUATO,10,SAN FRANCISCO DEL RINCON,37,SILAO DE LA VICTORIA,2710,C03,96,38,22,17,2,9,1,12,0,1,0,198,4,202,668
11,GUANAJUATO,10,SAN FRANCISCO DEL RINCON,37,SILAO DE LA VICTORIA,2710,C04,106,44,24,12,2,5,7,13,0,2,0,215,9,224,668
11,GUANAJUATO,10,SAN FRANCISCO DEL RINCON,37,SILAO DE LA VICTORIA,2710,C05,79,42,30,18,0,6,6,9,0,1,0,191,2,193,668
11,GUANAJUATO,8,GUANAJUATO,37,SILAO DE LA VICTORIA,2711,B,52,30,23,24,1,6,3,46,0,3,0,188,1,189,408
11,GUANAJUATO,8,GUANAJUATO,37,SILAO DE LA VICTORIA,2711,C01,54,46,26,13,0,2,5,28,0,4,0,178,6,184,407
11,GUANAJUATO,8,GUANAJUATO,37,SILAO DE LA VICTORIA,2712,B,74,79,21,65,4,1,13,6,0,5,0,268,0,268,748
11,GUANAJUATO,8,GUANAJUATO,37,SILAO DE LA VICTORIA,2712,C01,79,88,29,60,2,0,16,7,0,10,0,291,6,297,748
11,GUANAJUATO,8,GUANAJUATO,37,SILAO DE LA VICTORIA,2712,C02,72,84,32,69,0,1,13,4,0,6,0,281,9,290,748
11,GUANAJUATO,8,GUANAJUATO,37,SILAO DE LA VICTORIA,2713,B,81,57,32,64,2,3,5,5,0,9,0,258,10,268,731
11,GUANAJUATO,8,GUANAJUATO,37,SILAO DE LA VICTORIA,2714,B,65,26,57,27,2,1,1,14,0,1,0,194,5,199,528
11,GUANAJUATO,8,GUANAJUATO,37,SILAO DE LA VICTORIA,2714,C01,48,38,48,24,1,1,1,14,0,1,0,176,0,176,528
11,GUANAJUATO,8,GUANAJUATO,37,SILAO DE LA VICTORIA,2714,C02,53,23,56,29,2,5,1,10,0,1,0,180,8,188,527
11,GUANAJUATO,10,SAN FRANCISCO DEL RINCON,37,SILAO DE LA VICTORIA,2715,B,153,31,39,19,0,7,4,20,0,6,0,279,10,289,644
11,GUANAJUATO,10,SAN FRANCISCO DEL RINCON,37,SILAO DE LA VICTORIA,2715,C01,160,27,38,25,3,3,2,20,0,2,0,280,7,287,644
11,GUANAJUATO,10,SAN FRANCISCO DEL RINCON,37,SILAO DE LA VICTORIA,2716,B,79,39,7,21,0,0,5,41,0,0,0,192,7,199,479
11,GUANAJUATO,10,SAN FRANCISCO DEL RINCON,37,SILAO DE LA VICTORIA,2716,C01,87,38,11,32,0,0,1,8,0,0,0,177,0,177,479
11,GUANAJUATO,10,SAN FRANCISCO DEL RINCON,37,SILAO DE LA VICTORIA,2717,B,113,51,31,48,1,1,3,17,0,4,0,269,8,277,712
11,GUANAJUATO,10,SAN FRANCISCO DEL RINCON,37,SILAO DE LA VICTORIA,2717,C01,87,52,15,39,2,1,1,9,0,8,0,214,17,231,712
11,GUANAJUATO,10,SAN FRANCISCO DEL RINCON,37,SILAO DE LA VICTORIA,2717,C02,103,52,30,40,0,1,3,17,0,2,0,248,6,254,711
11,GUANAJUATO,10,SAN FRANCISCO DEL RINCON,37,SILAO DE LA VICTORIA,2717,C03,74,54,22,39,2,2,6,17,0,3,0,219,35,254,711
11,GUANAJUATO,10,SAN FRANCISCO DEL RINCON,37,SILAO DE LA VICTORIA,2718,B,82,40,14,27,1,3,11,20,0,9,0,207,8,215,476
11,GUANAJUATO,10,SAN FRANCISCO DEL RINCON,37,SILAO DE LA VICTORIA,2718,C01,83,38,20,13,2,1,3,12,0,4,0,176,9,185,475
11,GUANAJUATO,10,SAN FRANCISCO DEL RINCON,37,SILAO DE LA VICTORIA,2719,B,94,64,10,51,1,1,8,23,0,11,0,263,10,273,644
11,GUANAJUATO,10,SAN FRANCISCO DEL RINCON,37,SILAO DE LA VICTORIA,2719,C01,85,47,13,30,1,1,4,25,0,4,0,210,6,216,644
11,GUANAJUATO,10,SAN FRANCISCO DEL RINCON,37,SILAO DE LA VICTORIA,2719,C02,73,46,14,42,3,2,5,13,0,7,0,205,9,214,644
11,GUANAJUATO,10,SAN FRANCISCO DEL RINCON,37,SILAO DE LA VICTORIA,2720,B,165,74,25,43,2,0,6,4,0,1,0,320,13,333,721
11,GUANAJUATO,10,SAN FRANCISCO DEL RINCON,37,SILAO DE LA VICTORIA,2720,C01,195,57,28,49,2,3,2,9,0,4,0,349,5,354,721
11,GUANAJUATO,10,SAN FRANCISCO DEL RINCON,37,SILAO DE LA VICTORIA,2720,C02,195,56,22,51,2,0,0,5,0,8,0,339,7,346,721
11,GUANAJUATO,8,GUANAJUATO,37,SILAO DE LA VICTORIA,2721,B,46,38,16,107,3,1,2,4,0,0,0,217,0,217,397
11,GUANAJUATO,8,GUANAJUATO,37,SILAO DE LA VICTORIA,2721,E01,120,36,49,22,3,0,4,31,0,0,1,266,9,275,615
11,GUANAJUATO,8,GUANAJUATO,37,SILAO DE LA VICTORIA,2721,E02,95,28,31,26,1,2,4,11,0,0,0,198,4,202,442
11,GUANAJUATO,8,GUANAJUATO,37,SILAO DE LA VICTORIA,2722,B,80,41,26,50,4,2,4,8,0,1,0,216,4,220,470
11,GUANAJUATO,8,GUANAJUATO,37,SILAO DE LA VICTORIA,2722,C01,58,50,16,32,3,0,5,9,0,0,0,173,4,177,469
11,GUANAJUATO,8,GUANAJUATO,37,SILAO DE LA VICTORIA,2723,B,84,43,32,48,3,0,5,17,0,5,0,237,11,248,694
11,GUANAJUATO,10,SAN FRANCISCO DEL RINCON,37,SILAO DE LA VICTORIA,2724,B,96,118,44,48,5,2,2,9,0,2,0,326,12,338,635
11,GUANAJUATO,10,SAN FRANCISCO DEL RINCON,37,SILAO DE LA VICTORIA,2724,C01,97,104,27,48,1,1,0,5,0,3,0,286,7,293,634
11,GUANAJUATO,10,SAN FRANCISCO DEL RINCON,37,SILAO DE LA VICTORIA,2725,B,123,59,39,42,1,1,0,9,0,0,1,275,10,285,605
11,GUANAJUATO,10,SAN FRANCISCO DEL RINCON,37,SILAO DE LA VICTORIA,2725,C01,93,46,37,41,0,0,0,5,0,0,0,222,9,231,605
11,GUANAJUATO,10,SAN FRANCISCO DEL RINCON,37,SILAO DE LA VICTORIA,2725,C02,144,24,41,36,0,5,2,5,0,2,0,259,3,262,605
11,GUANAJUATO,10,SAN FRANCISCO DEL RINCON,37,SILAO DE LA VICTORIA,2725,C03,100,45,21,49,0,1,3,3,0,0,0,222,5,227,604
11,GUANAJUATO,10,SAN FRANCISCO DEL RINCON,37,SILAO DE LA VICTORIA,2726,B,104,24,10,17,3,1,8,25,0,1,0,193,6,199,409
11,GUANAJUATO,10,SAN FRANCISCO DEL RINCON,37,SILAO DE LA VICTORIA,2726,C01,67,21,14,25,0,2,4,39,0,3,0,175,4,179,408
11,GUANAJUATO,10,SAN FRANCISCO DEL RINCON,37,SILAO DE LA VICTORIA,2726,E01,46,25,14,18,4,0,7,28,0,0,0,142,6,148,399
11,GUANAJUATO,10,SAN FRANCISCO DEL RINCON,37,SILAO DE LA VICTORIA,2726,E01C01,59,24,18,22,2,0,2,23,0,0,7,157,7,164,398
11,GUANAJUATO,8,GUANAJUATO,37,SILAO DE LA VICTORIA,2727,B,120,40,12,45,1,4,2,0,0,0,0,224,0,224,633
11,GUANAJUATO,8,GUANAJUATO,37,SILAO DE LA VICTORIA,2727,C01,113,43,19,40,3,0,4,4,0,0,0,226,7,233,632
11,GUANAJUATO,8,GUANAJUATO,37,SILAO DE LA VICTORIA,2727,C02,76,47,22,42,3,1,2,2,0,0,0,195,6,201,632
11,GUANAJUATO,10,SAN FRANCISCO DEL RINCON,37,SILAO DE LA VICTORIA,2728,B,87,59,9,67,0,0,3,1,0,1,0,227,9,236,533
11,GUANAJUATO,10,SAN FRANCISCO DEL RINCON,37,SILAO DE LA VICTORIA,2728,C01,82,59,10,51,1,1,4,5,0,2,0,215,4,219,533
11,GUANAJUATO,10,SAN FRANCISCO DEL RINCON,37,SILAO DE LA VICTORIA,2729,B,56,26,5,98,0,0,3,3,0,1,0,192,5,197,579
11,GUANAJUATO,10,SAN FRANCISCO DEL RINCON,37,SILAO DE LA VICTORIA,2730,B,179,48,8,40,1,0,5,5,0,3,0,289,10,299,709
11,GUANAJUATO,10,SAN FRANCISCO DEL RINCON,37,SILAO DE LA VICTORIA,2730,C01,152,55,10,29,4,4,4,4,0,0,0,262,0,262,709
11,GUANAJUATO,10,SAN FRANCISCO DEL RINCON,37,SILAO DE LA VICTORIA,2731,B,106,53,7,42,0,0,1,2,0,2,0,213,9,222,422
11,GUANAJUATO,22,ACAMBARO,38,TARANDACUAO,2732,B,137,109,13,0,0,13,13,0,0,0,0,285,9,294,456
11,GUANAJUATO,22,ACAMBARO,38,TARANDACUAO,2732,C01,109,135,13,0,0,21,12,2,0,0,0,292,7,299,456
11,GUANAJUATO,22,ACAMBARO,38,TARANDACUAO,2733,B,162,110,17,0,0,22,7,0,0,0,0,318,0,318,484
11,GUANAJUATO,22,ACAMBARO,38,TARANDACUAO,2734,B,167,111,13,0,0,13,6,10,0,0,0,320,4,324,540
11,GUANAJUATO,22,ACAMBARO,38,TARANDACUAO,2735,B,173,214,23,0,0,28,4,3,0,0,0,445,13,458,749
11,GUANAJUATO,22,ACAMBARO,38,TARANDACUAO,2736,B,133,119,6,0,0,28,5,5,0,0,0,296,12,308,503
11,GUANAJUATO,22,ACAMBARO,38,TARANDACUAO,2736,C01,108,119,14,0,0,33,15,2,0,0,0,291,5,296,502
11,GUANAJUATO,22,ACAMBARO,38,TARANDACUAO,2737,B,97,101,12,0,0,10,11,8,0,0,0,239,7,246,411
11,GUANAJUATO,22,ACAMBARO,38,TARANDACUAO,2737,C01,91,92,19,0,0,19,11,1,0,0,0,233,6,239,411
11,GUANAJUATO,22,ACAMBARO,38,TARANDACUAO,2738,B,163,153,6,0,0,25,13,2,0,0,0,362,8,370,627
11,GUANAJUATO,22,ACAMBARO,38,TARANDACUAO,2738,C01,142,133,14,0,0,33,10,4,0,0,0,336,32,368,626
11,GUANAJUATO,22,ACAMBARO,38,TARANDACUAO,2738,C02,179,116,11,0,0,25,13,4,0,0,0,348,0,348,626
11,GUANAJUATO,22,ACAMBARO,38,TARANDACUAO,2739,B,104,134,3,0,0,28,13,2,0,0,0,284,17,301,488
11,GUANAJUATO,22,ACAMBARO,38,TARANDACUAO,2740,B,47,94,1,0,0,143,4,0,0,0,0,289,11,300,559
11,GUANAJUATO,22,ACAMBARO,38,TARANDACUAO,2741,B,104,140,7,0,0,43,9,2,0,0,2,307,3,310,518
11,GUANAJUATO,22,ACAMBARO,38,TARANDACUAO,2741,C01,105,168,12,0,0,36,6,1,0,0,0,328,9,337,517
11,GUANAJUATO,22,ACAMBARO,38,TARANDACUAO,2742,B,75,106,5,0,0,29,5,6,0,0,0,226,10,236,440
11,GUANAJUATO,22,ACAMBARO,38,TARANDACUAO,2742,C01,83,89,4,0,0,26,9,10,0,0,0,221,15,236,439
11,GUANAJUATO,22,ACAMBARO,38,TARANDACUAO,2743,B,46,179,18,0,0,57,12,2,0,0,0,314,8,322,587
11,GUANAJUATO,17,APASEO EL GRANDE,39,TARIMORO,2744,B,173,79,12,42,1,28,9,0,0,0,0,344,10,354,610
11,GUANAJUATO,17,APASEO EL GRANDE,39,TARIMORO,2744,C01,165,99,5,45,3,44,7,1,0,0,0,369,9,378,609
11,GUANAJUATO,17,APASEO EL GRANDE,39,TARIMORO,2745,B,158,106,13,36,1,68,10,4,0,0,0,396,8,404,701
11,GUANAJUATO,17,APASEO EL GRANDE,39,TARIMORO,2745,C01,195,113,2,32,2,43,8,2,0,0,0,397,8,405,701
11,GUANAJUATO,17,APASEO EL GRANDE,39,TARIMORO,2746,B,112,67,21,27,3,37,13,2,0,0,0,282,8,290,524
11,GUANAJUATO,17,APASEO EL GRANDE,39,TARIMORO,2746,C01,120,55,13,33,0,42,7,2,0,0,0,272,8,280,523
11,GUANAJUATO,17,APASEO EL GRANDE,39,TARIMORO,2746,S01,9,18,0,3,0,4,1,0,0,0,0,35,0,35,0
11,GUANAJUATO,17,APASEO EL GRANDE,39,TARIMORO,2747,B,155,90,11,34,0,45,7,2,0,0,0,344,7,351,542
11,GUANAJUATO,17,APASEO EL GRANDE,39,TARIMORO,2747,C01,153,68,4,26,4,50,8,2,0,0,0,315,10,325,542
11,GUANAJUATO,17,APASEO EL GRANDE,39,TARIMORO,2748,B,65,46,9,17,1,28,4,0,0,0,0,170,2,172,272
11,GUANAJUATO,17,APASEO EL GRANDE,39,TARIMORO,2749,B,108,117,12,26,1,50,24,0,0,0,0,338,11,349,628
11,GUANAJUATO,17,APASEO EL GRANDE,39,TARIMORO,2749,C01,111,90,16,40,3,42,24,1,0,0,0,327,10,337,627
11,GUANAJUATO,17,APASEO EL GRANDE,39,TARIMORO,2749,C02,134,95,10,36,6,44,13,4,0,0,0,342,9,351,627
11,GUANAJUATO,17,APASEO EL GRANDE,39,TARIMORO,2750,B,117,108,8,29,0,35,8,1,0,0,0,306,7,313,510
11,GUANAJUATO,17,APASEO EL GRANDE,39,TARIMORO,2750,C01,139,87,4,29,0,22,5,2,0,0,0,288,6,294,509
11,GUANAJUATO,17,APASEO EL GRANDE,39,TARIMORO,2751,B,80,116,8,24,3,32,9,2,0,0,0,274,4,278,495
11,GUANAJUATO,17,APASEO EL GRANDE,39,TARIMORO,2751,C01,77,108,6,24,0,44,11,0,0,0,0,270,9,279,495
11,GUANAJUATO,17,APASEO EL GRANDE,39,TARIMORO,2752,B,161,77,28,20,3,34,13,1,0,0,0,337,5,342,574
11,GUANAJUATO,17,APASEO EL GRANDE,39,TARIMORO,2752,C01,145,77,21,29,1,31,12,0,0,0,0,316,4,320,574
11,GUANAJUATO,17,APASEO EL GRANDE,39,TARIMORO,2753,B,76,69,14,14,0,53,15,2,0,0,0,243,7,250,449
11,GUANAJUATO,17,APASEO EL GRANDE,39,TARIMORO,2753,C01,72,62,12,15,1,40,11,1,0,0,0,214,9,223,448
11,GUANAJUATO,17,APASEO EL GRANDE,39,TARIMORO,2754,B,46,52,1,26,3,5,4,0,0,0,0,137,14,151,330
11,GUANAJUATO,17,APASEO EL GRANDE,39,TARIMORO,2755,B,38,22,4,16,2,8,8,0,0,0,0,98,7,105,215
11,GUANAJUATO,17,APASEO EL GRANDE,39,TARIMORO,2756,B,38,97,10,9,0,2,1,0,0,0,0,157,8,165,383
11,GUANAJUATO,17,APASEO EL GRANDE,39,TARIMORO,2757,B,79,51,13,17,0,3,7,1,0,0,2,173,4,177,402
11,GUANAJUATO,17,APASEO EL GRANDE,39,TARIMORO,2758,B,120,100,22,19,4,13,5,3,0,0,0,286,19,305,700
11,GUANAJUATO,17,APASEO EL GRANDE,39,TARIMORO,2759,B,41,42,9,5,1,8,3,2,0,0,0,111,5,116,266
11,GUANAJUATO,17,APASEO EL GRANDE,39,TARIMORO,2759,E01,52,93,20,28,1,27,7,1,0,0,0,229,9,238,420
11,GUANAJUATO,17,APASEO EL GRANDE,39,TARIMORO,2760,B,65,59,16,8,1,11,2,0,0,0,0,162,4,166,354
11,GUANAJUATO,17,APASEO EL GRANDE,39,TARIMORO,2761,B,152,114,8,28,1,36,3,1,0,0,0,343,6,349,658
11,GUANAJUATO,17,APASEO EL GRANDE,39,TARIMORO,2761,C01,166,88,7,12,4,22,6,2,0,0,0,307,9,316,657
11,GUANAJUATO,17,APASEO EL GRANDE,39,TARIMORO,2761,C02,152,118,6,14,1,24,7,1,0,0,0,323,5,328,657
11,GUANAJUATO,17,APASEO EL GRANDE,39,TARIMORO,2762,B,158,136,16,30,2,16,11,1,0,0,0,370,5,375,679
11,GUANAJUATO,17,APASEO EL GRANDE,39,TARIMORO,2763,B,115,107,12,40,2,20,7,0,0,0,0,303,10,313,608
11,GUANAJUATO,17,APASEO EL GRANDE,39,TARIMORO,2763,C01,114,122,9,25,1,13,2,0,0,0,0,286,6,292,607
11,GUANAJUATO,17,APASEO EL GRANDE,39,TARIMORO,2764,B,48,82,14,13,2,44,6,1,0,0,0,210,16,226,484
11,GUANAJUATO,17,APASEO EL GRANDE,39,TARIMORO,2765,B,126,125,11,51,2,15,4,4,0,0,0,338,4,342,553
11,GUANAJUATO,17,APASEO EL GRANDE,39,TARIMORO,2765,C01,127,117,5,44,2,18,4,1,0,0,0,318,5,323,552
11,GUANAJUATO,17,APASEO EL GRANDE,39,TARIMORO,2766,B,113,153,40,52,2,15,5,3,0,0,0,383,4,387,672
11,GUANAJUATO,17,APASEO EL GRANDE,39,TARIMORO,2767,B,111,129,19,42,1,37,3,5,0,0,0,347,4,351,584
11,GUANAJUATO,17,APASEO EL GRANDE,39,TARIMORO,2767,C01,88,142,20,44,0,39,3,0,0,0,0,336,6,342,583
11,GUANAJUATO,17,APASEO EL GRANDE,39,TARIMORO,2768,B,126,53,12,37,0,17,0,1,0,0,0,246,6,252,472
11,GUANAJUATO,17,APASEO EL GRANDE,39,TARIMORO,2768,C01,128,48,15,30,0,17,3,1,0,0,0,242,2,244,471
11,GUANAJUATO,17,APASEO EL GRANDE,39,TARIMORO,2769,B,119,73,5,37,1,7,2,1,0,0,0,245,10,255,452
11,GUANAJUATO,17,APASEO EL GRANDE,39,TARIMORO,2769,C01,92,57,10,35,2,3,8,1,0,0,0,208,7,215,451
11,GUANAJUATO,17,APASEO EL GRANDE,39,TARIMORO,2770,B,144,118,23,66,11,16,23,0,0,0,1,402,8,410,725
11,GUANAJUATO,17,APASEO EL GRANDE,39,TARIMORO,2771,B,163,53,21,48,3,16,5,1,0,0,0,310,7,317,595
11,GUANAJUATO,17,APASEO EL GRANDE,39,TARIMORO,2771,C01,142,54,21,36,4,15,11,1,0,0,0,284,12,296,595
11,GUANAJUATO,17,APASEO EL GRANDE,39,TARIMORO,2772,B,244,75,19,15,1,18,2,2,0,0,0,376,11,387,710
11,GUANAJUATO,17,APASEO EL GRANDE,39,TARIMORO,2773,B,150,77,5,25,0,14,0,1,0,0,0,272,10,282,480
11,GUANAJUATO,17,APASEO EL GRANDE,39,TARIMORO,2773,C01,163,75,4,18,1,18,8,0,0,0,0,287,15,302,480
11,GUANAJUATO,17,APASEO EL GRANDE,39,TARIMORO,2774,B,182,110,5,11,3,36,9,1,0,0,0,357,14,371,728
11,GUANAJUATO,17,APASEO EL GRANDE,39,TARIMORO,2775,B,70,57,14,14,0,19,6,0,0,0,0,180,7,187,382
11,GUANAJUATO,17,APASEO EL GRANDE,39,TARIMORO,2775,C01,57,56,7,24,1,22,9,1,0,0,0,177,3,180,382
11,GUANAJUATO,17,APASEO EL GRANDE,39,TARIMORO,2776,B,140,87,17,29,2,14,7,0,0,0,0,296,9,305,694
11,GUANAJUATO,17,APASEO EL GRANDE,39,TARIMORO,2777,B,144,59,9,43,1,21,8,1,0,0,0,286,4,290,735
11,GUANAJUATO,17,APASEO EL GRANDE,39,TARIMORO,2777,C01,117,62,8,28,2,32,7,2,0,0,0,258,8,266,735
11,GUANAJUATO,2,SAN LUIS DE LA PAZ,40,TIERRA BLANCA,2778,B,124,227,152,9,0,0,9,15,0,0,0,540,13,553,732
11,GUANAJUATO,2,SAN LUIS DE LA PAZ,40,TIERRA BLANCA,2778,C01,113,257,100,42,0,0,6,18,0,0,0,540,7,547,732
11,GUANAJUATO,2,SAN LUIS DE LA PAZ,40,TIERRA BLANCA,2778,C02,117,265,116,18,0,0,0,10,0,0,0,538,12,550,732
11,GUANAJUATO,2,SAN LUIS DE LA PAZ,40,TIERRA BLANCA,2779,B,43,105,40,9,0,0,8,9,0,0,0,217,1,218,272
11,GUANAJUATO,2,SAN LUIS DE LA PAZ,40,TIERRA BLANCA,2779,E01,187,44,119,22,0,0,2,6,0,0,0,382,7,389,544
11,GUANAJUATO,2,SAN LUIS DE LA PAZ,40,TIERRA BLANCA,2779,E01C01,175,30,152,37,0,0,1,3,0,0,0,400,16,416,543
11,GUANAJUATO,2,SAN LUIS DE LA PAZ,40,TIERRA BLANCA,2780,B,111,257,138,10,0,0,5,14,0,0,0,543,12,555,722
11,GUANAJUATO,2,SAN LUIS DE LA PAZ,40,TIERRA BLANCA,2780,C01,98,184,145,6,0,0,1,12,0,0,0,453,7,460,632
11,GUANAJUATO,2,SAN LUIS DE LA PAZ,40,TIERRA BLANCA,2781,B,207,73,198,14,0,0,3,5,0,0,0,502,7,509,719
11,GUANAJUATO,2,SAN LUIS DE LA PAZ,40,TIERRA BLANCA,2781,C01,216,64,184,19,0,0,2,1,0,0,0,487,11,498,719
11,GUANAJUATO,2,SAN LUIS DE LA PAZ,40,TIERRA BLANCA,2782,B,28,72,83,34,0,0,0,0,0,0,0,219,6,225,334
11,GUANAJUATO,2,SAN LUIS DE LA PAZ,40,TIERRA BLANCA,2783,B,147,37,195,29,0,0,1,3,0,0,0,414,9,423,544
11,GUANAJUATO,2,SAN LUIS DE LA PAZ,40,TIERRA BLANCA,2783,C01,127,26,209,38,0,0,2,4,0,0,0,407,16,423,543
11,GUANAJUATO,2,SAN LUIS DE LA PAZ,40,TIERRA BLANCA,2783,C02,135,45,185,44,0,0,1,2,0,0,0,413,8,421,543
11,GUANAJUATO,2,SAN LUIS DE LA PAZ,40,TIERRA BLANCA,2784,B,213,55,166,13,0,0,4,1,0,0,0,455,4,459,641
11,GUANAJUATO,2,SAN LUIS DE LA PAZ,40,TIERRA BLANCA,2784,C01,244,75,130,16,0,0,2,1,0,0,0,468,8,476,640
11,GUANAJUATO,2,SAN LUIS DE LA PAZ,40,TIERRA BLANCA,2785,B,169,87,120,95,0,0,1,0,0,0,0,473,11,484,619
11,GUANAJUATO,2,SAN LUIS DE LA PAZ,40,TIERRA BLANCA,2785,C01,113,93,149,97,0,0,1,2,0,0,0,459,7,466,618
11,GUANAJUATO,2,SAN LUIS DE LA PAZ,40,TIERRA BLANCA,2785,C02,152,78,141,74,0,0,2,7,0,0,0,459,4,463,618
11,GUANAJUATO,2,SAN LUIS DE LA PAZ,40,TIERRA BLANCA,2787,B,75,163,133,4,0,0,2,0,0,0,0,380,12,392,502
11,GUANAJUATO,2,SAN LUIS DE LA PAZ,40,TIERRA BLANCA,2788,B,17,32,24,4,0,0,0,2,0,0,0,79,0,79,106
11,GUANAJUATO,2,SAN LUIS DE LA PAZ,40,TIERRA BLANCA,2789,B,36,37,35,5,0,0,1,1,0,0,0,115,1,116,139
11,GUANAJUATO,20,YURIRIA,41,URIANGATO,2790,B,77,119,13,144,0,0,9,4,0,0,0,366,4,370,728
11,GUANAJUATO,20,YURIRIA,41,URIANGATO,2790,C01,89,127,14,150,0,0,5,6,0,0,0,391,8,399,728
11,GUANAJUATO,20,YURIRIA,41,URIANGATO,2790,C02,86,160,17,147,0,0,6,2,0,0,1,419,2,421,728
11,GUANAJUATO,20,YURIRIA,41,URIANGATO,2790,C03,93,105,16,176,0,0,5,10,0,0,0,405,9,414,728
11,GUANAJUATO,20,YURIRIA,41,URIANGATO,2790,C04,86,122,11,149,0,0,7,7,0,0,0,382,12,394,727
11,GUANAJUATO,20,YURIRIA,41,URIANGATO,2791,B,76,133,8,144,0,0,8,0,0,0,0,369,4,373,675
11,GUANAJUATO,20,YURIRIA,41,URIANGATO,2791,C01,84,129,7,157,0,0,10,1,0,0,0,388,5,393,675
11,GUANAJUATO,20,YURIRIA,41,URIANGATO,2791,C02,70,132,6,177,0,0,6,3,0,0,0,394,3,397,675
11,GUANAJUATO,20,YURIRIA,41,URIANGATO,2791,C03,97,120,14,160,0,0,4,3,0,0,0,398,6,404,674
11,GUANAJUATO,20,YURIRIA,41,URIANGATO,2791,C04,79,126,6,136,0,0,6,3,0,0,0,356,2,358,674
11,GUANAJUATO,20,YURIRIA,41,URIANGATO,2791,C05,84,105,8,166,0,0,3,5,0,0,0,371,5,376,674
11,GUANAJUATO,20,YURIRIA,41,URIANGATO,2791,C06,70,111,8,161,0,0,4,2,0,0,0,356,8,364,674
11,GUANAJUATO,20,YURIRIA,41,URIANGATO,2792,B,39,131,10,136,0,0,2,2,0,0,0,320,4,324,566
11,GUANAJUATO,20,YURIRIA,41,URIANGATO,2792,C01,52,137,4,131,0,0,2,3,0,0,0,329,2,331,565
11,GUANAJUATO,20,YURIRIA,41,URIANGATO,2792,C02,54,105,10,138,0,0,6,2,0,0,0,315,7,322,565
11,GUANAJUATO,20,YURIRIA,41,URIANGATO,2793,B,110,131,4,168,0,0,12,7,0,0,0,432,3,435,739
11,GUANAJUATO,20,YURIRIA,41,URIANGATO,2793,C01,99,161,3,147,0,0,18,9,0,0,0,437,11,448,739
11,GUANAJUATO,20,YURIRIA,41,URIANGATO,2793,C02,82,122,10,154,0,0,13,2,0,0,0,383,3,386,738
11,GUANAJUATO,20,YURIRIA,41,URIANGATO,2794,B,98,170,7,148,0,0,4,2,0,0,0,429,4,433,717
11,GUANAJUATO,20,YURIRIA,41,URIANGATO,2794,C01,92,172,10,117,0,0,5,4,0,0,0,400,3,403,717
11,GUANAJUATO,20,YURIRIA,41,URIANGATO,2794,C02,101,143,2,130,0,0,8,2,0,0,0,386,4,390,716
11,GUANAJUATO,20,YURIRIA,41,URIANGATO,2794,S01,5,14,1,9,0,0,1,0,0,0,0,30,1,31,0
11,GUANAJUATO,20,YURIRIA,41,URIANGATO,2795,B,45,164,5,59,0,0,4,2,0,0,0,279,7,286,523
11,GUANAJUATO,20,YURIRIA,41,URIANGATO,2795,C01,44,167,7,62,0,0,1,2,0,0,0,283,4,287,523
11,GUANAJUATO,20,YURIRIA,41,URIANGATO,2795,C02,57,126,6,66,0,0,3,0,0,0,0,258,5,263,522
11,GUANAJUATO,20,YURIRIA,41,URIANGATO,2796,B,59,105,3,158,0,0,8,6,0,0,0,339,4,343,521
11,GUANAJUATO,20,YURIRIA,41,URIANGATO,2796,C01,50,111,5,150,0,0,4,1,0,0,0,321,4,325,520
11,GUANAJUATO,20,YURIRIA,41,URIANGATO,2797,B,73,156,8,137,0,0,8,3,0,0,0,385,6,391,734
11,GUANAJUATO,20,YURIRIA,41,URIANGATO,2797,C01,79,122,11,177,0,0,10,1,0,0,0,400,6,406,733
11,GUANAJUATO,20,YURIRIA,41,URIANGATO,2798,B,55,111,14,136,0,0,10,5,0,0,0,331,3,334,630
11,GUANAJUATO,20,YURIRIA,41,URIANGATO,2798,C01,60,115,17,125,0,0,9,3,0,0,0,329,10,339,630
11,GUANAJUATO,20,YURIRIA,41,URIANGATO,2798,C02,58,128,12,98,0,0,8,7,0,0,0,311,16,327,629
11,GUANAJUATO,20,YURIRIA,41,URIANGATO,2799,B,72,96,10,144,0,0,7,9,0,0,0,338,9,347,626
11,GUANAJUATO,20,YURIRIA,41,URIANGATO,2799,C01,66,94,7,131,0,0,14,11,0,0,0,323,8,331,626
11,GUANAJUATO,20,YURIRIA,41,URIANGATO,2799,C02,66,120,6,111,0,0,11,17,0,0,0,331,0,331,626
11,GUANAJUATO,20,YURIRIA,41,URIANGATO,2800,B,57,76,8,131,0,0,7,1,0,0,0,280,6,286,502
11,GUANAJUATO,20,YURIRIA,41,URIANGATO,2800,C01,58,72,6,137,0,0,15,2,0,0,0,290,3,293,501
11,GUANAJUATO,20,YURIRIA,41,URIANGATO,2800,C02,68,81,6,121,0,0,8,1,0,0,0,285,6,291,501
11,GUANAJUATO,20,YURIRIA,41,URIANGATO,2801,B,92,113,3,189,0,0,11,4,0,0,0,412,7,419,685
11,GUANAJUATO,20,YURIRIA,41,URIANGATO,2801,C01,96,110,1,195,0,0,9,1,0,0,0,412,8,420,684
11,GUANAJUATO,20,YURIRIA,41,URIANGATO,2802,B,56,98,1,129,0,0,5,7,0,0,0,296,0,296,524
11,GUANAJUATO,20,YURIRIA,41,URIANGATO,2802,C01,80,102,2,124,0,0,9,0,0,0,0,317,6,323,524
11,GUANAJUATO,20,YURIRIA,41,URIANGATO,2802,C02,86,91,4,146,0,0,6,3,0,0,0,336,3,339,523
11,GUANAJUATO,20,YURIRIA,41,URIANGATO,2803,B,80,102,1,147,0,0,5,1,0,0,0,336,4,340,536
11,GUANAJUATO,20,YURIRIA,41,URIANGATO,2803,C01,89,99,3,114,0,0,3,1,0,0,0,309,8,317,536
11,GUANAJUATO,20,YURIRIA,41,URIANGATO,2804,B,103,117,4,141,0,0,14,1,0,0,0,380,8,388,725
11,GUANAJUATO,20,YURIRIA,41,URIANGATO,2804,C01,116,181,3,181,0,0,10,2,0,0,0,493,2,495,724
11,GUANAJUATO,20,YURIRIA,41,URIANGATO,2805,B,83,145,3,133,0,0,6,1,0,0,0,371,4,375,624
11,GUANAJUATO,20,YURIRIA,41,URIANGATO,2805,C01,73,166,6,117,0,0,2,0,0,0,0,364,6,370,623
11,GUANAJUATO,20,YURIRIA,41,URIANGATO,2806,B,70,91,4,168,0,0,8,2,0,0,0,343,11,354,521
11,GUANAJUATO,20,YURIRIA,41,URIANGATO,2806,C01,80,94,3,147,0,0,3,2,0,0,0,329,4,333,520
11,GUANAJUATO,20,YURIRIA,41,URIANGATO,2807,B,131,99,9,114,0,0,9,7,0,0,0,369,9,378,736
11,GUANAJUATO,20,YURIRIA,41,URIANGATO,2807,C01,97,126,5,170,0,0,8,6,0,0,0,412,10,422,736
11,GUANAJUATO,20,YURIRIA,41,URIANGATO,2807,C02,118,103,8,171,0,0,9,0,0,0,0,409,6,415,736
11,GUANAJUATO,20,YURIRIA,41,URIANGATO,2807,C03,128,97,10,137,0,0,7,2,0,0,0,381,13,394,735
11,GUANAJUATO,20,YURIRIA,41,URIANGATO,2808,B,66,57,9,117,0,0,6,5,0,0,0,260,8,268,587
11,GUANAJUATO,20,YURIRIA,41,URIANGATO,2808,C01,68,77,1,116,0,0,11,3,0,0,0,276,0,276,587
11,GUANAJUATO,20,YURIRIA,41,URIANGATO,2808,C02,86,65,8,124,0,0,4,3,0,0,0,290,7,297,587
11,GUANAJUATO,20,YURIRIA,41,URIANGATO,2809,B,87,94,24,92,0,0,16,2,0,0,0,315,8,323,730
11,GUANAJUATO,20,YURIRIA,41,URIANGATO,2809,C01,81,121,28,85,0,0,9,6,0,0,0,330,9,339,730
11,GUANAJUATO,20,YURIRIA,41,URIANGATO,2809,C02,85,96,18,121,0,0,10,12,0,0,0,342,9,351,730
11,GUANAJUATO,20,YURIRIA,41,URIANGATO,2809,C03,73,102,37,101,0,0,10,7,0,0,1,331,6,337,729
11,GUANAJUATO,20,YURIRIA,41,URIANGATO,2809,C04,92,93,20,106,0,0,13,4,0,0,0,328,8,336,729
11,GUANAJUATO,20,YURIRIA,41,URIANGATO,2809,C05,76,111,22,110,0,0,13,8,0,0,0,340,11,351,729
11,GUANAJUATO,20,YURIRIA,41,URIANGATO,2810,B,68,152,13,29,0,0,4,0,0,0,0,266,0,266,427
11,GUANAJUATO,20,YURIRIA,41,URIANGATO,2810,C01,48,178,6,37,0,0,2,1,0,0,0,272,6,278,426
11,GUANAJUATO,20,YURIRIA,41,URIANGATO,2810,E01,83,79,12,118,0,0,18,0,0,0,0,310,1,311,503
11,GUANAJUATO,20,YURIRIA,41,URIANGATO,2811,B,68,170,32,61,0,0,4,1,0,0,0,336,8,344,722
11,GUANAJUATO,20,YURIRIA,41,URIANGATO,2812,B,82,163,16,67,0,0,9,2,0,0,0,339,11,350,668
11,GUANAJUATO,20,YURIRIA,41,URIANGATO,2812,E01,26,77,12,16,0,0,0,0,0,0,0,131,4,135,249
11,GUANAJUATO,20,YURIRIA,41,URIANGATO,2813,B,147,143,4,32,0,0,9,2,0,0,0,337,10,347,706
11,GUANAJUATO,20,YURIRIA,41,URIANGATO,2813,C01,125,111,9,66,0,0,3,4,0,0,0,318,4,322,706
11,GUANAJUATO,20,YURIRIA,41,URIANGATO,2814,B,86,85,1,57,0,0,2,0,0,0,0,231,11,242,582
11,GUANAJUATO,20,YURIRIA,41,URIANGATO,2814,C01,51,88,10,42,0,0,1,1,0,0,0,193,5,198,581
11,GUANAJUATO,20,YURIRIA,41,URIANGATO,2815,B,34,128,4,28,0,0,3,0,0,0,0,197,22,219,691
11,GUANAJUATO,19,VALLE DE SANTIAGO,42,VALLE DE SANTIAGO,2816,B,193,40,24,0,2,0,27,1,62,0,3,352,4,356,653
11,GUANAJUATO,19,VALLE DE SANTIAGO,42,VALLE DE SANTIAGO,2816,C01,161,47,27,0,3,0,12,6,78,0,0,334,6,340,652
11,GUANAJUATO,19,VALLE DE SANTIAGO,42,VALLE DE SANTIAGO,2816,E01,85,30,9,0,1,0,21,3,56,0,0,205,3,208,474
11,GUANAJUATO,19,VALLE DE SANTIAGO,42,VALLE DE SANTIAGO,2816,E01C01,73,74,13,0,1,0,23,2,32,0,0,218,6,224,473
11,GUANAJUATO,19,VALLE DE SANTIAGO,42,VALLE DE SANTIAGO,2816,E02,118,48,19,0,2,0,37,7,91,0,1,323,4,327,610
11,GUANAJUATO,19,VALLE DE SANTIAGO,42,VALLE DE SANTIAGO,2816,E02C01,124,45,22,0,3,0,30,9,68,0,0,301,3,304,610
11,GUANAJUATO,19,VALLE DE SANTIAGO,42,VALLE DE SANTIAGO,2816,E02C02,136,36,17,0,3,0,34,5,81,0,0,312,0,312,609
11,GUANAJUATO,19,VALLE DE SANTIAGO,42,VALLE DE SANTIAGO,2816,E02C03,125,41,15,0,5,0,46,7,77,0,0,316,6,322,609
11,GUANAJUATO,19,VALLE DE SANTIAGO,42,VALLE DE SANTIAGO,2817,B,145,66,36,0,3,0,16,8,80,0,0,354,10,364,650
11,GUANAJUATO,19,VALLE DE SANTIAGO,42,VALLE DE SANTIAGO,2817,C01,157,54,30,0,3,0,21,6,99,0,0,370,6,376,649
11,GUANAJUATO,19,VALLE DE SANTIAGO,42,VALLE DE SANTIAGO,2818,B,163,76,21,0,5,0,10,3,49,0,0,327,11,338,632
11,GUANAJUATO,19,VALLE DE SANTIAGO,42,VALLE DE SANTIAGO,2818,C01,145,67,17,0,3,0,13,2,53,0,0,300,9,309,632
11,GUANAJUATO,19,VALLE DE SANTIAGO,42,VALLE DE SANTIAGO,2819,B,143,63,15,0,1,0,22,1,39,0,0,284,4,288,528
11,GUANAJUATO,19,VALLE DE SANTIAGO,42,VALLE DE SANTIAGO,2819,C01,156,45,11,0,1,0,14,8,44,0,0,279,1,280,528
11,GUANAJUATO,19,VALLE DE SANTIAGO,42,VALLE DE SANTIAGO,2819,C02,160,56,16,0,0,0,22,5,48,0,3,310,0,310,527
11,GUANAJUATO,19,VALLE DE SANTIAGO,42,VALLE DE SANTIAGO,2820,B,128,47,22,0,1,0,22,6,33,0,0,259,4,263,416
11,GUANAJUATO,19,VALLE DE SANTIAGO,42,VALLE DE SANTIAGO,2820,C01,143,35,28,0,0,0,26,4,35,0,0,271,7,278,415
11,GUANAJUATO,19,VALLE DE SANTIAGO,42,VALLE DE SANTIAGO,2821,B,135,42,20,0,2,0,20,5,49,0,0,273,7,280,486
11,GUANAJUATO,19,VALLE DE SANTIAGO,42,VALLE DE SANTIAGO,2821,C01,136,49,22,0,3,0,19,4,54,0,0,287,10,297,485
11,GUANAJUATO,19,VALLE DE SANTIAGO,42,VALLE DE SANTIAGO,2822,B,102,65,10,0,0,0,20,5,28,0,0,230,3,233,423
11,GUANAJUATO,19,VALLE DE SANTIAGO,42,VALLE DE SANTIAGO,2822,C01,109,72,10,0,3,0,15,1,33,0,0,243,3,246,422
11,GUANAJUATO,19,VALLE DE SANTIAGO,42,VALLE DE SANTIAGO,2823,B,196,52,25,0,7,0,48,8,71,0,0,407,5,412,690
11,GUANAJUATO,19,VALLE DE SANTIAGO,42,VALLE DE SANTIAGO,2823,C01,191,45,31,0,16,0,33,18,61,0,0,395,5,400,689
11,GUANAJUATO,19,VALLE DE SANTIAGO,42,VALLE DE SANTIAGO,2824,B,41,51,14,0,5,0,14,2,54,0,0,181,0,181,541
11,GUANAJUATO,19,VALLE DE SANTIAGO,42,VALLE DE SANTIAGO,2824,C01,132,71,22,0,4,0,21,4,43,0,1,298,1,299,541
11,GUANAJUATO,19,VALLE DE SANTIAGO,42,VALLE DE SANTIAGO,2824,C02,155,57,13,0,8,0,18,3,46,0,0,300,8,308,541
11,GUANAJUATO,19,VALLE DE SANTIAGO,42,VALLE DE SANTIAGO,2825,B,128,34,25,0,1,0,16,4,55,0,0,263,11,274,505
11,GUANAJUATO,19,VALLE DE SANTIAGO,42,VALLE DE SANTIAGO,2825,C01,116,34,26,0,1,0,23,4,55,0,0,259,9,268,504
11,GUANAJUATO,19,VALLE DE SANTIAGO,42,VALLE DE SANTIAGO,2825,C02,104,29,24,0,0,0,17,4,55,0,0,233,7,240,504
11,GUANAJUATO,19,VALLE DE SANTIAGO,42,VALLE DE SANTIAGO,2826,B,153,32,17,0,1,0,31,14,86,0,0,334,9,343,638
11,GUANAJUATO,19,VALLE DE SANTIAGO,42,VALLE DE SANTIAGO,2826,C01,140,39,25,0,1,0,36,5,83,0,0,329,6,335,638
11,GUANAJUATO,19,VALLE DE SANTIAGO,42,VALLE DE SANTIAGO,2827,B,85,41,22,0,0,0,10,8,26,0,0,192,7,199,519
11,GUANAJUATO,19,VALLE DE SANTIAGO,42,VALLE DE SANTIAGO,2827,C01,91,33,27,0,1,0,16,3,32,0,0,203,2,205,519
11,GUANAJUATO,19,VALLE DE SANTIAGO,42,VALLE DE SANTIAGO,2827,C02,95,31,34,0,0,0,9,3,32,0,0,204,5,209,518
11,GUANAJUATO,19,VALLE DE SANTIAGO,42,VALLE DE SANTIAGO,2828,B,97,45,20,0,0,0,22,2,35,0,0,221,8,229,515
11,GUANAJUATO,19,VALLE DE SANTIAGO,42,VALLE DE SANTIAGO,2828,C01,113,45,28,0,0,0,16,6,49,0,0,257,7,264,515
11,GUANAJUATO,19,VALLE DE SANTIAGO,42,VALLE DE SANTIAGO,2828,C02,90,53,26,0,2,0,20,4,47,0,0,242,1,243,514
11,GUANAJUATO,19,VALLE DE SANTIAGO,42,VALLE DE SANTIAGO,2829,B,160,53,45,0,2,0,23,12,84,0,0,379,7,386,649
11,GUANAJUATO,19,VALLE DE SANTIAGO,42,VALLE DE SANTIAGO,2829,C01,164,51,37,0,1,0,21,6,52,0,1,333,15,348,648
11,GUANAJUATO,19,VALLE DE SANTIAGO,42,VALLE DE SANTIAGO,2830,B,128,65,43,0,3,0,20,5,76,0,0,340,6,346,638
11,GUANAJUATO,19,VALLE DE SANTIAGO,42,VALLE DE SANTIAGO,2830,C01,161,47,36,0,5,0,11,8,58,0,0,326,0,326,638
11,GUANAJUATO,19,VALLE DE SANTIAGO,42,VALLE DE SANTIAGO,2831,B,131,58,42,0,4,0,30,6,62,0,0,333,11,344,698
11,GUANAJUATO,19,VALLE DE SANTIAGO,42,VALLE DE SANTIAGO,2831,C01,135,55,55,0,5,0,24,5,75,0,0,354,0,354,698
11,GUANAJUATO,19,VALLE DE SANTIAGO,42,VALLE DE SANTIAGO,2832,B,183,43,20,0,0,0,27,9,50,0,0,332,7,339,556
11,GUANAJUATO,19,VALLE DE SANTIAGO,42,VALLE DE SANTIAGO,2832,C01,159,44,29,0,0,0,35,14,65,0,2,348,8,356,556
11,GUANAJUATO,19,VALLE DE SANTIAGO,42,VALLE DE SANTIAGO,2833,B,165,39,12,0,6,0,33,10,34,0,0,299,7,306,511
11,GUANAJUATO,19,VALLE DE SANTIAGO,42,VALLE DE SANTIAGO,2833,C01,174,36,25,0,1,0,37,5,30,0,0,308,9,317,511
11,GUANAJUATO,19,VALLE DE SANTIAGO,42,VALLE DE SANTIAGO,2833,S01,41,15,8,0,3,0,8,3,27,0,0,105,0,105,0
11,GUANAJUATO,19,VALLE DE SANTIAGO,42,VALLE DE SANTIAGO,2834,B,165,59,16,0,0,0,34,6,45,0,1,326,11,337,516
11,GUANAJUATO,19,VALLE DE SANTIAGO,42,VALLE DE SANTIAGO,2834,C01,148,60,9,0,0,0,34,7,32,0,0,290,11,301,515
11,GUANAJUATO,19,VALLE DE SANTIAGO,42,VALLE DE SANTIAGO,2835,B,112,64,26,0,1,0,26,6,41,0,0,276,6,282,538
11,GUANAJUATO,19,VALLE DE SANTIAGO,42,VALLE DE SANTIAGO,2835,C01,84,63,29,0,1,0,35,8,35,0,0,255,5,260,537
11,GUANAJUATO,19,VALLE DE SANTIAGO,42,VALLE DE SANTIAGO,2835,C02,109,75,24,0,1,0,37,10,32,0,1,289,8,297,537
11,GUANAJUATO,19,VALLE DE SANTIAGO,42,VALLE DE SANTIAGO,2836,B,109,35,31,0,2,0,21,3,19,0,0,220,5,225,463
11,GUANAJUATO,19,VALLE DE SANTIAGO,42,VALLE DE SANTIAGO,2836,C01,116,40,19,0,2,0,7,8,20,0,0,212,5,217,463
11,GUANAJUATO,19,VALLE DE SANTIAGO,42,VALLE DE SANTIAGO,2837,B,154,34,14,0,0,0,26,6,41,0,0,275,9,284,578
11,GUANAJUATO,19,VALLE DE SANTIAGO,42,VALLE DE SANTIAGO,2837,C01,144,41,28,0,1,0,13,4,46,0,0,277,10,287,578
11,GUANAJUATO,19,VALLE DE SANTIAGO,42,VALLE DE SANTIAGO,2838,B,99,38,13,0,4,0,23,13,58,0,0,248,6,254,517
11,GUANAJUATO,19,VALLE DE SANTIAGO,42,VALLE DE SANTIAGO,2838,C01,97,46,39,0,0,0,24,12,46,0,1,265,5,270,517
11,GUANAJUATO,19,VALLE DE SANTIAGO,42,VALLE DE SANTIAGO,2838,C02,81,41,25,0,2,0,21,7,44,0,0,221,14,235,517
11,GUANAJUATO,19,VALLE DE SANTIAGO,42,VALLE DE SANTIAGO,2839,B,166,45,46,0,0,0,21,3,63,0,1,345,5,350,726
11,GUANAJUATO,19,VALLE DE SANTIAGO,42,VALLE DE SANTIAGO,2839,C01,150,60,47,0,3,0,22,5,27,0,0,314,14,328,726
11,GUANAJUATO,19,VALLE DE SANTIAGO,42,VALLE DE SANTIAGO,2840,B,120,49,40,0,0,0,22,2,33,0,0,266,9,275,670
11,GUANAJUATO,19,VALLE DE SANTIAGO,42,VALLE DE SANTIAGO,2840,C01,125,63,33,0,1,0,28,7,29,0,0,286,8,294,670
11,GUANAJUATO,19,VALLE DE SANTIAGO,42,VALLE DE SANTIAGO,2841,B,123,56,56,0,1,0,15,8,31,0,0,290,3,293,694
11,GUANAJUATO,19,VALLE DE SANTIAGO,42,VALLE DE SANTIAGO,2841,C01,111,50,52,0,4,0,12,12,27,0,1,269,3,272,694
11,GUANAJUATO,19,VALLE DE SANTIAGO,42,VALLE DE SANTIAGO,2841,C02,94,51,60,0,4,0,17,8,17,0,2,253,7,260,694
11,GUANAJUATO,19,VALLE DE SANTIAGO,42,VALLE DE SANTIAGO,2841,C03,94,73,48,0,1,0,21,6,30,0,0,273,5,278,693
11,GUANAJUATO,19,VALLE DE SANTIAGO,42,VALLE DE SANTIAGO,2842,B,115,50,56,0,5,0,12,7,38,0,0,283,11,294,651
11,GUANAJUATO,19,VALLE DE SANTIAGO,42,VALLE DE SANTIAGO,2842,C01,89,61,59,0,2,0,21,5,37,0,0,274,0,274,651
11,GUANAJUATO,19,VALLE DE SANTIAGO,42,VALLE DE SANTIAGO,2842,C02,110,72,59,0,3,0,9,4,31,0,0,288,10,298,650
11,GUANAJUATO,19,VALLE DE SANTIAGO,42,VALLE DE SANTIAGO,2843,B,102,40,49,0,2,0,19,8,12,0,0,232,19,251,618
11,GUANAJUATO,19,VALLE DE SANTIAGO,42,VALLE DE SANTIAGO,2843,C01,91,40,50,0,3,0,22,5,17,0,0,228,2,230,618
11,GUANAJUATO,19,VALLE DE SANTIAGO,42,VALLE DE SANTIAGO,2843,C02,102,42,36,0,3,0,14,10,19,0,0,226,0,226,618
11,GUANAJUATO,19,VALLE DE SANTIAGO,42,VALLE DE SANTIAGO,2843,C03,99,44,47,0,2,0,16,12,22,0,0,242,0,242,618
11,GUANAJUATO,19,VALLE DE SANTIAGO,42,VALLE DE SANTIAGO,2844,B,93,46,66,0,2,0,18,17,26,0,0,268,5,273,601
11,GUANAJUATO,19,VALLE DE SANTIAGO,42,VALLE DE SANTIAGO,2844,C01,110,52,57,0,3,0,14,8,33,0,0,277,7,284,601
11,GUANAJUATO,19,VALLE DE SANTIAGO,42,VALLE DE SANTIAGO,2844,C02,99,44,47,0,4,0,11,6,29,0,0,240,12,252,600
11,GUANAJUATO,19,VALLE DE SANTIAGO,42,VALLE DE SANTIAGO,2845,B,110,64,27,0,5,0,19,11,18,0,0,254,8,262,650
11,GUANAJUATO,19,VALLE DE SANTIAGO,42,VALLE DE SANTIAGO,2845,C01,116,71,28,0,1,0,0,6,21,0,0,243,9,252,649
11,GUANAJUATO,19,VALLE DE SANTIAGO,42,VALLE DE SANTIAGO,2846,B,103,49,52,0,8,0,7,4,23,0,0,246,8,254,590
11,GUANAJUATO,19,VALLE DE SANTIAGO,42,VALLE DE SANTIAGO,2846,C01,108,46,50,0,3,0,14,5,16,0,0,242,0,242,589
11,GUANAJUATO,19,VALLE DE SANTIAGO,42,VALLE DE SANTIAGO,2847,B,77,62,55,0,3,0,13,10,27,0,0,247,1,248,636
11,GUANAJUATO,19,VALLE DE SANTIAGO,42,VALLE DE SANTIAGO,2847,C01,78,54,66,0,6,0,8,18,17,0,0,247,7,254,636
11,GUANAJUATO,19,VALLE DE SANTIAGO,42,VALLE DE SANTIAGO,2847,C02,80,47,58,0,0,0,6,7,29,0,0,227,7,234,636
11,GUANAJUATO,19,VALLE DE SANTIAGO,42,VALLE DE SANTIAGO,2847,C03,81,50,44,0,5,0,12,6,11,0,0,209,14,223,636
11,GUANAJUATO,19,VALLE DE SANTIAGO,42,VALLE DE SANTIAGO,2848,B,60,50,68,0,5,0,2,5,2,0,0,192,6,198,519
11,GUANAJUATO,19,VALLE DE SANTIAGO,42,VALLE DE SANTIAGO,2848,C01,63,46,67,0,7,0,7,5,1,0,0,196,11,207,519
11,GUANAJUATO,19,VALLE DE SANTIAGO,42,VALLE DE SANTIAGO,2848,C02,10,43,87,0,2,0,7,4,4,0,0,157,12,169,519
11,GUANAJUATO,19,VALLE DE SANTIAGO,42,VALLE DE SANTIAGO,2849,B,91,86,101,0,5,0,3,7,19,0,0,312,27,339,674
11,GUANAJUATO,19,VALLE DE SANTIAGO,42,VALLE DE SANTIAGO,2849,E01,70,46,18,0,4,0,8,2,5,0,0,153,5,158,412
11,GUANAJUATO,19,VALLE DE SANTIAGO,42,VALLE DE SANTIAGO,2850,B,39,27,45,0,3,0,6,9,5,0,0,134,0,134,406
11,GUANAJUATO,19,VALLE DE SANTIAGO,42,VALLE DE SANTIAGO,2850,C01,40,27,45,0,9,0,8,22,0,0,0,151,8,159,406
11,GUANAJUATO,19,VALLE DE SANTIAGO,42,VALLE DE SANTIAGO,2850,E01,56,72,12,0,4,0,16,36,1,0,0,197,8,205,445
11,GUANAJUATO,19,VALLE DE SANTIAGO,42,VALLE DE SANTIAGO,2850,E02,22,11,19,0,4,0,9,8,7,0,0,80,6,86,300
11,GUANAJUATO,19,VALLE DE SANTIAGO,42,VALLE DE SANTIAGO,2851,B,139,35,24,0,5,0,10,11,14,0,0,238,7,245,598
11,GUANAJUATO,19,VALLE DE SANTIAGO,42,VALLE DE SANTIAGO,2851,C01,136,33,19,0,5,0,16,15,14,0,0,238,0,238,597
11,GUANAJUATO,19,VALLE DE SANTIAGO,42,VALLE DE SANTIAGO,2852,B,75,52,48,0,5,0,11,2,11,0,0,204,7,211,604
11,GUANAJUATO,19,VALLE DE SANTIAGO,42,VALLE DE SANTIAGO,2852,C01,67,42,50,0,3,0,18,0,13,0,0,193,6,199,604
11,GUANAJUATO,19,VALLE DE SANTIAGO,42,VALLE DE SANTIAGO,2852,E01,59,26,59,0,1,0,10,8,8,0,0,171,4,175,459
11,GUANAJUATO,19,VALLE DE SANTIAGO,42,VALLE DE SANTIAGO,2853,B,76,26,42,0,8,0,22,2,35,0,0,211,10,221,559
11,GUANAJUATO,19,VALLE DE SANTIAGO,42,VALLE DE SANTIAGO,2853,C01,64,23,44,0,4,0,20,2,30,0,0,187,10,197,558
11,GUANAJUATO,19,VALLE DE SANTIAGO,42,VALLE DE SANTIAGO,2854,B,147,72,31,0,0,0,2,5,0,0,0,257,4,261,521
11,GUANAJUATO,19,VALLE DE SANTIAGO,42,VALLE DE SANTIAGO,2855,B,130,87,12,0,26,0,11,4,20,0,0,290,7,297,534
11,GUANAJUATO,19,VALLE DE SANTIAGO,42,VALLE DE SANTIAGO,2855,C01,76,117,17,0,20,0,9,6,19,0,0,264,12,276,534
11,GUANAJUATO,19,VALLE DE SANTIAGO,42,VALLE DE SANTIAGO,2855,C02,120,63,15,0,18,0,11,4,11,0,0,242,5,247,534
11,GUANAJUATO,19,VALLE DE SANTIAGO,42,VALLE DE SANTIAGO,2856,B,122,82,29,0,20,0,9,8,30,0,0,300,9,309,650
11,GUANAJUATO,19,VALLE DE SANTIAGO,42,VALLE DE SANTIAGO,2856,C01,132,64,31,0,21,0,9,7,4,0,0,268,7,275,649
11,GUANAJUATO,19,VALLE DE SANTIAGO,42,VALLE DE SANTIAGO,2857,B,68,42,32,0,8,0,7,21,10,0,0,188,4,192,564
11,GUANAJUATO,19,VALLE DE SANTIAGO,42,VALLE DE SANTIAGO,2857,C01,55,37,46,0,5,0,6,23,5,0,0,177,9,186,563
11,GUANAJUATO,19,VALLE DE SANTIAGO,42,VALLE DE SANTIAGO,2858,B,66,30,7,0,2,0,12,31,3,0,0,151,5,156,442
11,GUANAJUATO,19,VALLE DE SANTIAGO,42,VALLE DE SANTIAGO,2858,C01,48,21,9,0,4,0,5,32,0,0,0,119,3,122,441
11,GUANAJUATO,19,VALLE DE SANTIAGO,42,VALLE DE SANTIAGO,2859,B,79,48,31,0,5,0,5,15,3,0,0,186,9,195,415
11,GUANAJUATO,19,VALLE DE SANTIAGO,42,VALLE DE SANTIAGO,2859,C01,58,37,22,0,4,0,8,18,5,0,0,152,10,162,414
11,GUANAJUATO,19,VALLE DE SANTIAGO,42,VALLE DE SANTIAGO,2860,B,82,65,20,0,4,0,7,5,10,0,0,193,2,195,388
11,GUANAJUATO,19,VALLE DE SANTIAGO,42,VALLE DE SANTIAGO,2860,C01,70,71,34,0,0,0,11,2,7,0,0,195,2,197,387
11,GUANAJUATO,19,VALLE DE SANTIAGO,42,VALLE DE SANTIAGO,2860,E01,70,71,34,0,0,0,11,2,7,0,0,195,2,197,655
11,GUANAJUATO,19,VALLE DE SANTIAGO,42,VALLE DE SANTIAGO,2860,E01C01,115,79,31,0,1,0,10,4,107,0,0,347,7,354,655
11,GUANAJUATO,19,VALLE DE SANTIAGO,42,VALLE DE SANTIAGO,2860,E02,115,79,51,0,3,0,9,9,5,0,0,271,9,280,621
11,GUANAJUATO,19,VALLE DE SANTIAGO,42,VALLE DE SANTIAGO,2861,B,116,71,24,0,1,0,7,6,29,0,1,255,6,261,658
11,GUANAJUATO,19,VALLE DE SANTIAGO,42,VALLE DE SANTIAGO,2861,C01,99,90,43,0,5,0,5,7,23,0,1,273,7,280,657
11,GUANAJUATO,19,VALLE DE SANTIAGO,42,VALLE DE SANTIAGO,2862,B,146,98,30,0,18,0,10,6,22,0,0,330,6,336,690
11,GUANAJUATO,19,VALLE DE SANTIAGO,42,VALLE DE SANTIAGO,2862,C01,161,82,33,0,14,0,25,10,19,0,0,344,3,347,689
11,GUANAJUATO,19,VALLE DE SANTIAGO,42,VALLE DE SANTIAGO,2863,B,63,82,20,0,2,0,8,4,8,0,0,187,8,195,564
11,GUANAJUATO,19,VALLE DE SANTIAGO,42,VALLE DE SANTIAGO,2863,E01,136,64,27,0,1,0,10,40,3,0,0,281,13,294,657
11,GUANAJUATO,19,VALLE DE SANTIAGO,42,VALLE DE SANTIAGO,2863,E02,108,123,21,0,6,0,0,5,2,0,0,265,9,274,491
11,GUANAJUATO,19,VALLE DE SANTIAGO,42,VALLE DE SANTIAGO,2864,B,77,100,16,0,5,0,8,6,8,0,0,220,10,230,570
11,GUANAJUATO,19,VALLE DE SANTIAGO,42,VALLE DE SANTIAGO,2864,C01,84,106,30,0,5,0,8,7,6,0,0,246,7,253,570
11,GUANAJUATO,19,VALLE DE SANTIAGO,42,VALLE DE SANTIAGO,2864,C02,66,97,38,0,1,0,7,4,3,0,0,216,7,223,570
11,GUANAJUATO,19,VALLE DE SANTIAGO,42,VALLE DE SANTIAGO,2865,B,123,34,14,0,2,0,11,18,9,0,0,211,8,219,559
11,GUANAJUATO,19,VALLE DE SANTIAGO,42,VALLE DE SANTIAGO,2865,C01,135,47,13,0,0,0,8,16,8,0,0,227,5,232,558
11,GUANAJUATO,19,VALLE DE SANTIAGO,42,VALLE DE SANTIAGO,2866,B,138,26,16,0,4,0,9,38,6,0,0,237,13,250,654
11,GUANAJUATO,19,VALLE DE SANTIAGO,42,VALLE DE SANTIAGO,2866,C01,117,37,6,0,0,0,10,31,5,0,0,206,13,219,653
11,GUANAJUATO,19,VALLE DE SANTIAGO,42,VALLE DE SANTIAGO,2867,B,66,62,61,0,1,0,9,5,10,0,0,214,9,223,689
11,GUANAJUATO,19,VALLE DE SANTIAGO,42,VALLE DE SANTIAGO,2867,C01,61,68,48,0,3,0,7,5,10,0,0,202,5,207,688
11,GUANAJUATO,19,VALLE DE SANTIAGO,42,VALLE DE SANTIAGO,2867,C02,67,63,49,0,1,0,7,6,10,0,0,203,4,207,688
11,GUANAJUATO,19,VALLE DE SANTIAGO,42,VALLE DE SANTIAGO,2868,B,104,86,28,0,1,0,21,0,17,0,1,258,8,266,587
11,GUANAJUATO,19,VALLE DE SANTIAGO,42,VALLE DE SANTIAGO,2868,C01,118,97,17,0,4,0,31,18,19,0,0,304,9,313,587
11,GUANAJUATO,19,VALLE DE SANTIAGO,42,VALLE DE SANTIAGO,2868,C02,86,87,27,0,0,0,13,18,13,0,0,244,2,246,586
11,GUANAJUATO,19,VALLE DE SANTIAGO,42,VALLE DE SANTIAGO,2869,B,73,49,45,0,5,0,11,10,16,0,0,209,6,215,412
11,GUANAJUATO,19,VALLE DE SANTIAGO,42,VALLE DE SANTIAGO,2869,C01,88,52,18,0,4,0,9,4,25,0,0,200,3,203,412
11,GUANAJUATO,19,VALLE DE SANTIAGO,42,VALLE DE SANTIAGO,2869,E01,100,193,21,0,4,0,4,1,6,0,0,329,7,336,626
11,GUANAJUATO,19,VALLE DE SANTIAGO,42,VALLE DE SANTIAGO,2870,B,123,26,11,0,7,0,4,9,4,0,0,184,4,188,476
11,GUANAJUATO,19,VALLE DE SANTIAGO,42,VALLE DE SANTIAGO,2870,E01,143,48,108,0,12,0,20,22,18,0,0,371,14,385,711
11,GUANAJUATO,19,VALLE DE SANTIAGO,42,VALLE DE SANTIAGO,2870,E02,92,47,38,0,11,0,8,15,0,0,0,211,8,219,461
11,GUANAJUATO,19,VALLE DE SANTIAGO,42,VALLE DE SANTIAGO,2871,B,67,30,81,0,2,0,10,22,7,0,0,219,15,234,461
11,GUANAJUATO,19,VALLE DE SANTIAGO,42,VALLE DE SANTIAGO,2871,C01,87,23,84,0,3,0,11,19,4,0,0,231,9,240,461
11,GUANAJUATO,19,VALLE DE SANTIAGO,42,VALLE DE SANTIAGO,2871,E01,97,50,37,0,12,0,21,14,12,0,0,243,17,260,739
11,GUANAJUATO,19,VALLE DE SANTIAGO,42,VALLE DE SANTIAGO,2872,B,96,41,54,0,10,0,18,18,11,0,0,248,7,255,569
11,GUANAJUATO,19,VALLE DE SANTIAGO,42,VALLE DE SANTIAGO,2872,C01,72,48,66,0,3,0,18,31,12,0,0,250,12,262,568
11,GUANAJUATO,19,VALLE DE SANTIAGO,42,VALLE DE SANTIAGO,2872,E01,204,35,31,0,7,0,14,9,3,0,0,303,16,319,634
11,GUANAJUATO,19,VALLE DE SANTIAGO,42,VALLE DE SANTIAGO,2873,B,104,5,24,0,7,0,12,52,7,0,0,211,11,222,523
11,GUANAJUATO,19,VALLE DE SANTIAGO,42,VALLE DE SANTIAGO,2873,C01,80,6,43,0,9,0,7,57,8,0,0,210,9,219,523
11,GUANAJUATO,19,VALLE DE SANTIAGO,42,VALLE DE SANTIAGO,2873,C02,91,10,31,0,8,0,10,39,5,0,0,194,6,200,522
11,GUANAJUATO,19,VALLE DE SANTIAGO,42,VALLE DE SANTIAGO,2874,B,108,38,83,0,3,0,10,17,8,0,0,267,7,274,668
11,GUANAJUATO,19,VALLE DE SANTIAGO,42,VALLE DE SANTIAGO,2874,C01,110,46,69,0,3,0,10,16,10,0,0,264,11,275,667
11,GUANAJUATO,19,VALLE DE SANTIAGO,42,VALLE DE SANTIAGO,2875,B,142,58,30,0,1,0,14,2,17,0,0,264,4,268,465
11,GUANAJUATO,19,VALLE DE SANTIAGO,42,VALLE DE SANTIAGO,2875,C01,131,66,31,0,3,0,28,4,11,0,0,274,4,278,465
11,GUANAJUATO,19,VALLE DE SANTIAGO,42,VALLE DE SANTIAGO,2875,E01,143,44,12,0,1,0,8,9,10,0,0,227,3,230,430
11,GUANAJUATO,19,VALLE DE SANTIAGO,42,VALLE DE SANTIAGO,2875,E01C01,144,46,16,0,2,0,4,19,6,0,0,237,11,248,430
11,GUANAJUATO,19,VALLE DE SANTIAGO,42,VALLE DE SANTIAGO,2876,B,52,26,51,0,2,0,5,2,4,0,0,142,8,150,404
11,GUANAJUATO,19,VALLE DE SANTIAGO,42,VALLE DE SANTIAGO,2876,C01,36,24,64,0,4,0,3,6,0,0,0,137,3,140,404
11,GUANAJUATO,19,VALLE DE SANTIAGO,42,VALLE DE SANTIAGO,2876,E01,41,17,63,0,1,0,4,1,2,0,0,129,3,132,454
11,GUANAJUATO,19,VALLE DE SANTIAGO,42,VALLE DE SANTIAGO,2876,E01C01,43,13,63,0,2,0,1,3,4,0,0,129,3,132,454
11,GUANAJUATO,19,VALLE DE SANTIAGO,42,VALLE DE SANTIAGO,2876,E02,69,28,26,0,2,0,2,1,0,0,0,128,7,135,400
11,GUANAJUATO,19,VALLE DE SANTIAGO,42,VALLE DE SANTIAGO,2877,B,116,103,24,0,7,0,8,6,9,0,0,273,8,281,542
11,GUANAJUATO,19,VALLE DE SANTIAGO,42,VALLE DE SANTIAGO,2877,C01,103,97,26,0,3,0,10,9,22,0,0,270,12,282,541
11,GUANAJUATO,19,VALLE DE SANTIAGO,42,VALLE DE SANTIAGO,2877,E01,113,77,28,0,5,0,17,22,24,0,0,286,7,293,709
11,GUANAJUATO,19,VALLE DE SANTIAGO,42,VALLE DE SANTIAGO,2878,B,80,35,45,0,2,0,7,9,0,0,0,178,5,183,678
11,GUANAJUATO,19,VALLE DE SANTIAGO,42,VALLE DE SANTIAGO,2878,C01,70,37,42,0,2,0,6,9,0,0,0,166,4,170,677
11,GUANAJUATO,19,VALLE DE SANTIAGO,42,VALLE DE SANTIAGO,2878,E01,134,20,58,0,7,0,8,1,5,0,0,233,12,245,459
11,GUANAJUATO,19,VALLE DE SANTIAGO,42,VALLE DE SANTIAGO,2879,B,121,32,29,0,9,0,11,6,8,0,0,216,10,226,497
11,GUANAJUATO,19,VALLE DE SANTIAGO,42,VALLE DE SANTIAGO,2879,E01,87,47,60,0,9,0,10,10,2,0,1,226,13,239,599
11,GUANAJUATO,19,VALLE DE SANTIAGO,42,VALLE DE SANTIAGO,2880,B,136,30,40,0,4,0,9,3,1,0,0,223,7,230,628
11,GUANAJUATO,19,VALLE DE SANTIAGO,42,VALLE DE SANTIAGO,2880,E01,66,42,7,0,2,0,18,4,5,0,0,144,2,146,385
11,GUANAJUATO,19,VALLE DE SANTIAGO,42,VALLE DE SANTIAGO,2880,E01C01,80,25,7,0,6,0,9,8,4,0,0,139,7,146,384
11,GUANAJUATO,19,VALLE DE SANTIAGO,42,VALLE DE SANTIAGO,2881,B,120,94,16,0,6,0,8,6,12,0,0,262,6,268,553
11,GUANAJUATO,19,VALLE DE SANTIAGO,42,VALLE DE SANTIAGO,2881,C01,130,75,22,0,5,0,12,6,7,0,0,257,9,266,552
11,GUANAJUATO,19,VALLE DE SANTIAGO,42,VALLE DE SANTIAGO,2882,B,76,48,47,0,2,0,9,2,6,0,1,191,6,197,532
11,GUANAJUATO,19,VALLE DE SANTIAGO,42,VALLE DE SANTIAGO,2882,C01,86,67,44,0,2,0,9,4,10,0,0,222,1,223,531
11,GUANAJUATO,19,VALLE DE SANTIAGO,42,VALLE DE SANTIAGO,2882,C02,80,36,29,0,0,0,13,3,6,0,0,167,11,178,531
11,GUANAJUATO,19,VALLE DE SANTIAGO,42,VALLE DE SANTIAGO,2883,B,80,82,35,0,3,0,4,3,6,0,0,213,5,218,503
11,GUANAJUATO,19,VALLE DE SANTIAGO,42,VALLE DE SANTIAGO,2883,C01,73,49,56,0,4,0,7,3,10,0,0,202,3,205,503
11,GUANAJUATO,19,VALLE DE SANTIAGO,42,VALLE DE SANTIAGO,2883,C02,86,65,46,0,3,0,4,4,3,0,0,211,7,218,503
11,GUANAJUATO,19,VALLE DE SANTIAGO,42,VALLE DE SANTIAGO,2884,B,55,86,20,0,7,0,11,3,2,0,0,184,5,189,508
11,GUANAJUATO,19,VALLE DE SANTIAGO,42,VALLE DE SANTIAGO,2884,C01,66,72,14,0,2,0,9,2,5,0,0,170,2,172,508
11,GUANAJUATO,19,VALLE DE SANTIAGO,42,VALLE DE SANTIAGO,2885,B,74,104,22,0,3,0,2,2,2,0,0,209,3,212,512
11,GUANAJUATO,19,VALLE DE SANTIAGO,42,VALLE DE SANTIAGO,2885,C01,68,94,53,0,1,0,6,2,4,0,0,228,5,233,512
11,GUANAJUATO,19,VALLE DE SANTIAGO,42,VALLE DE SANTIAGO,2886,B,111,61,39,0,1,0,9,3,6,0,0,230,0,230,677
11,GUANAJUATO,19,VALLE DE SANTIAGO,42,VALLE DE SANTIAGO,2886,E01,64,32,25,0,6,0,9,1,4,0,0,141,6,147,327
11,GUANAJUATO,19,VALLE DE SANTIAGO,42,VALLE DE SANTIAGO,2887,B,57,69,22,0,3,0,8,5,4,0,0,168,0,168,386
11,GUANAJUATO,19,VALLE DE SANTIAGO,42,VALLE DE SANTIAGO,2887,C01,37,54,40,0,4,0,8,2,4,0,0,149,6,155,386
11,GUANAJUATO,19,VALLE DE SANTIAGO,42,VALLE DE SANTIAGO,2887,E01,82,45,44,0,5,0,11,4,6,0,0,197,12,209,431
11,GUANAJUATO,19,VALLE DE SANTIAGO,42,VALLE DE SANTIAGO,2888,B,51,73,3,0,3,0,3,0,1,0,0,134,5,139,402
11,GUANAJUATO,19,VALLE DE SANTIAGO,42,VALLE DE SANTIAGO,2888,C01,56,72,7,0,1,0,3,5,3,0,0,147,5,152,401
11,GUANAJUATO,19,VALLE DE SANTIAGO,42,VALLE DE SANTIAGO,2888,E01,79,45,72,0,9,0,7,20,10,0,1,243,9,252,515
11,GUANAJUATO,19,VALLE DE SANTIAGO,42,VALLE DE SANTIAGO,2889,B,68,73,26,0,3,0,6,3,1,0,0,180,8,188,522
11,GUANAJUATO,19,VALLE DE SANTIAGO,42,VALLE DE SANTIAGO,2889,C01,85,54,23,0,0,0,3,2,1,0,0,168,3,171,522
11,GUANAJUATO,19,VALLE DE SANTIAGO,42,VALLE DE SANTIAGO,2890,B,97,55,13,0,5,0,10,3,5,0,0,188,12,200,522
11,GUANAJUATO,19,VALLE DE SANTIAGO,42,VALLE DE SANTIAGO,2890,E01,112,59,8,0,1,0,3,3,1,0,0,187,4,191,334
11,GUANAJUATO,19,VALLE DE SANTIAGO,42,VALLE DE SANTIAGO,2890,E02,39,7,28,0,10,0,53,29,0,0,0,166,4,170,300
11,GUANAJUATO,2,SAN LUIS DE LA PAZ,43,VICTORIA,2891,B,203,178,27,0,0,0,6,0,0,0,0,414,3,417,527
11,GUANAJUATO,2,SAN LUIS DE LA PAZ,43,VICTORIA,2891,C01,198,170,26,0,0,0,14,1,0,0,0,409,2,411,526
11,GUANAJUATO,2,SAN LUIS DE LA PAZ,43,VICTORIA,2891,C02,185,165,25,0,0,0,8,1,0,0,0,384,7,391,526
11,GUANAJUATO,2,SAN LUIS DE LA PAZ,43,VICTORIA,2892,B,216,147,59,0,0,0,17,2,0,0,0,441,5,446,604
11,GUANAJUATO,2,SAN LUIS DE LA PAZ,43,VICTORIA,2892,C01,229,140,74,0,0,0,11,2,0,0,0,456,3,459,604
11,GUANAJUATO,2,SAN LUIS DE LA PAZ,43,VICTORIA,2892,C02,209,155,76,0,0,0,8,0,0,0,0,448,5,453,603
11,GUANAJUATO,2,SAN LUIS DE LA PAZ,43,VICTORIA,2893,B,77,39,6,0,0,0,1,0,0,0,0,123,2,125,211
11,GUANAJUATO,2,SAN LUIS DE LA PAZ,43,VICTORIA,2894,B,163,90,9,0,0,0,4,0,0,0,0,266,15,281,559
11,GUANAJUATO,2,SAN LUIS DE LA PAZ,43,VICTORIA,2895,B,227,122,6,0,0,0,3,0,0,0,0,358,7,365,576
11,GUANAJUATO,2,SAN LUIS DE LA PAZ,43,VICTORIA,2896,B,22,65,3,0,0,0,0,0,0,0,0,90,4,94,193
11,GUANAJUATO,2,SAN LUIS DE LA PAZ,43,VICTORIA,2897,B,170,126,22,0,0,0,10,2,0,0,0,330,20,350,665
11,GUANAJUATO,2,SAN LUIS DE LA PAZ,43,VICTORIA,2898,B,114,70,48,0,0,0,5,1,0,0,0,238,13,251,500
11,GUANAJUATO,2,SAN LUIS DE LA PAZ,43,VICTORIA,2899,B,77,102,67,0,0,0,3,1,0,0,0,250,0,250,401
11,GUANAJUATO,2,SAN LUIS DE LA PAZ,43,VICTORIA,2899,C01,97,94,70,0,0,0,2,1,0,0,0,264,10,274,401
11,GUANAJUATO,2,SAN LUIS DE LA PAZ,43,VICTORIA,2899,E01,179,186,121,0,0,0,2,0,0,0,0,488,8,496,704
11,GUANAJUATO,2,SAN LUIS DE LA PAZ,43,VICTORIA,2900,B,227,160,31,0,0,0,5,1,0,0,0,424,12,436,716
11,GUANAJUATO,2,SAN LUIS DE LA PAZ,43,VICTORIA,2900,C01,227,219,45,0,0,0,5,0,0,0,0,496,7,503,715
11,GUANAJUATO,2,SAN LUIS DE LA PAZ,43,VICTORIA,2901,B,252,143,43,0,0,0,7,0,0,0,0,445,11,456,635
11,GUANAJUATO,2,SAN LUIS DE LA PAZ,43,VICTORIA,2902,B,183,130,33,0,0,0,3,0,0,0,0,349,10,359,547
11,GUANAJUATO,2,SAN LUIS DE LA PAZ,43,VICTORIA,2902,C01,182,139,25,0,0,0,4,1,0,0,0,351,11,362,546
11,GUANAJUATO,2,SAN LUIS DE LA PAZ,43,VICTORIA,2903,B,181,172,56,0,0,0,7,2,0,0,0,418,11,429,598
11,GUANAJUATO,2,SAN LUIS DE LA PAZ,43,VICTORIA,2903,C01,160,169,74,0,0,0,5,0,0,0,0,408,8,416,597
11,GUANAJUATO,2,SAN LUIS DE LA PAZ,43,VICTORIA,2903,C02,186,114,79,0,0,0,5,0,0,0,0,384,1,385,597
11,GUANAJUATO,2,SAN LUIS DE LA PAZ,43,VICTORIA,2904,B,109,213,17,0,0,0,2,3,0,0,0,344,3,347,433
11,GUANAJUATO,2,SAN LUIS DE LA PAZ,43,VICTORIA,2904,C01,100,191,25,0,0,0,4,1,0,0,0,321,7,328,433
11,GUANAJUATO,2,SAN LUIS DE LA PAZ,43,VICTORIA,2905,B,183,143,57,0,0,0,37,2,0,0,0,422,8,430,582
11,GUANAJUATO,2,SAN LUIS DE LA PAZ,43,VICTORIA,2905,C01,149,150,44,0,0,0,36,0,0,0,0,379,8,387,581
11,GUANAJUATO,15,CELAYA,44,VILLAGRAN,2906,B,128,18,49,6,0,29,56,22,42,0,0,350,1,351,597
11,GUANAJUATO,15,CELAYA,44,VILLAGRAN,2906,C01,118,25,44,12,0,25,50,9,17,0,0,300,6,306,597
11,GUANAJUATO,15,CELAYA,44,VILLAGRAN,2906,C02,139,13,31,9,2,29,47,26,34,0,0,330,4,334,596
11,GUANAJUATO,15,CELAYA,44,VILLAGRAN,2906,C03,142,19,48,7,1,18,53,25,22,0,0,335,3,338,596
11,GUANAJUATO,15,CELAYA,44,VILLAGRAN,2907,B,139,14,41,10,1,18,61,25,30,0,0,339,5,344,657
11,GUANAJUATO,15,CELAYA,44,VILLAGRAN,2907,C01,129,29,33,9,3,15,56,40,22,0,0,336,3,339,657
11,GUANAJUATO,15,CELAYA,44,VILLAGRAN,2907,C02,127,12,46,7,1,21,63,17,18,0,0,312,1,313,657
11,GUANAJUATO,15,CELAYA,44,VILLAGRAN,2907,C03,149,11,42,23,1,17,63,24,27,0,0,357,2,359,656
11,GUANAJUATO,15,CELAYA,44,VILLAGRAN,2908,B,134,11,48,21,2,22,60,14,42,0,0,354,4,358,626
11,GUANAJUATO,15,CELAYA,44,VILLAGRAN,2908,C01,125,20,45,19,0,22,58,14,44,0,0,347,3,350,626
11,GUANAJUATO,15,CELAYA,44,VILLAGRAN,2908,C02,149,22,29,8,1,13,44,21,35,0,0,322,2,324,626
11,GUANAJUATO,15,CELAYA,44,VILLAGRAN,2908,C03,145,13,28,11,1,18,57,11,45,0,0,329,3,332,626
11,GUANAJUATO,15,CELAYA,44,VILLAGRAN,2908,C04,133,10,36,7,2,12,48,13,31,0,0,292,5,297,626
11,GUANAJUATO,15,CELAYA,44,VILLAGRAN,2908,C05,143,17,45,16,0,24,43,29,25,0,0,342,6,348,625
11,GUANAJUATO,15,CELAYA,44,VILLAGRAN,2909,B,181,18,29,21,1,5,48,27,41,0,0,371,5,376,562
11,GUANAJUATO,15,CELAYA,44,VILLAGRAN,2909,C01,155,35,20,18,0,11,59,13,47,0,0,358,3,361,561
11,GUANAJUATO,15,CELAYA,44,VILLAGRAN,2910,B,172,20,41,17,4,19,74,24,43,0,0,414,7,421,650
11,GUANAJUATO,15,CELAYA,44,VILLAGRAN,2910,C01,167,31,50,18,1,17,62,26,31,0,0,403,3,406,650
11,GUANAJUATO,15,CELAYA,44,VILLAGRAN,2911,B,157,23,75,17,3,32,55,29,32,0,0,423,3,426,742
11,GUANAJUATO,15,CELAYA,44,VILLAGRAN,2911,C01,147,28,83,9,0,35,55,21,28,0,0,406,0,406,742
11,GUANAJUATO,15,CELAYA,44,VILLAGRAN,2911,C02,149,29,72,12,2,30,52,24,24,0,0,394,5,399,741
11,GUANAJUATO,15,CELAYA,44,VILLAGRAN,2912,B,158,29,25,11,0,12,71,22,52,0,0,380,2,382,570
11,GUANAJUATO,15,CELAYA,44,VILLAGRAN,2912,C01,147,11,35,12,1,20,70,22,39,0,0,357,5,362,569
11,GUANAJUATO,15,CELAYA,44,VILLAGRAN,2913,B,152,29,30,21,2,19,50,19,46,0,0,368,0,368,575
11,GUANAJUATO,15,CELAYA,44,VILLAGRAN,2913,C01,131,41,20,20,1,19,37,14,56,0,0,339,7,346,575
11,GUANAJUATO,15,CELAYA,44,VILLAGRAN,2914,B,145,13,20,9,2,7,45,51,25,0,0,317,7,324,551
11,GUANAJUATO,15,CELAYA,44,VILLAGRAN,2914,C01,129,13,40,4,0,8,41,55,27,0,0,317,2,319,551
11,GUANAJUATO,15,CELAYA,44,VILLAGRAN,2914,C02,135,22,27,17,0,7,42,42,27,0,0,319,4,323,550
11,GUANAJUATO,15,CELAYA,44,VILLAGRAN,2915,B,126,32,27,29,0,7,50,18,35,0,0,324,0,324,475
11,GUANAJUATO,15,CELAYA,44,VILLAGRAN,2915,C01,153,19,12,27,2,10,40,16,34,0,0,313,4,317,474
11,GUANAJUATO,15,CELAYA,44,VILLAGRAN,2916,B,118,20,46,3,3,14,28,7,39,0,0,278,6,284,429
11,GUANAJUATO,15,CELAYA,44,VILLAGRAN,2916,C01,105,16,52,8,1,12,45,13,35,0,0,287,4,291,429
11,GUANAJUATO,15,CELAYA,44,VILLAGRAN,2917,B,166,26,42,13,1,25,83,27,51,0,0,434,6,440,731
11,GUANAJUATO,15,CELAYA,44,VILLAGRAN,2918,B,96,26,29,8,2,37,47,16,32,0,0,293,7,300,531
11,GUANAJUATO,15,CELAYA,44,VILLAGRAN,2918,C01,110,18,15,6,1,36,58,10,24,0,0,278,3,281,530
11,GUANAJUATO,15,CELAYA,44,VILLAGRAN,2918,C02,104,17,25,4,1,51,40,20,23,0,0,285,5,290,530
11,GUANAJUATO,15,CELAYA,44,VILLAGRAN,2919,B,136,8,9,5,0,17,37,3,44,0,0,259,2,261,410
11,GUANAJUATO,15,CELAYA,44,VILLAGRAN,2919,C01,147,7,11,4,2,15,51,12,32,0,0,281,5,286,410
11,GUANAJUATO,15,CELAYA,44,VILLAGRAN,2919,S01,28,4,7,3,0,7,81,3,3,0,0,136,1,137,0
11,GUANAJUATO,15,CELAYA,44,VILLAGRAN,2920,B,104,9,31,7,0,3,110,5,15,0,0,284,4,288,462
11,GUANAJUATO,15,CELAYA,44,VILLAGRAN,2920,C01,83,4,27,4,1,11,118,2,11,0,0,261,7,268,461
11,GUANAJUATO,15,CELAYA,44,VILLAGRAN,2921,B,49,14,0,21,0,0,310,2,1,0,0,397,9,406,636
11,GUANAJUATO,15,CELAYA,44,VILLAGRAN,2921,C01,47,24,0,20,0,4,333,2,1,0,0,431,7,438,636
11,GUANAJUATO,15,CELAYA,44,VILLAGRAN,2921,C02,76,10,3,11,1,1,309,0,1,0,0,412,1,413,635
11,GUANAJUATO,15,CELAYA,44,VILLAGRAN,2922,B,107,20,10,9,2,4,250,5,11,0,0,418,5,423,705
11,GUANAJUATO,15,CELAYA,44,VILLAGRAN,2922,C01,103,29,14,20,4,8,211,5,12,0,0,406,3,409,705
11,GUANAJUATO,15,CELAYA,44,VILLAGRAN,2923,B,104,15,14,6,2,2,72,3,72,0,0,290,5,295,569
11,GUANAJUATO,15,CELAYA,44,VILLAGRAN,2923,C01,103,11,5,6,1,2,84,4,51,0,0,267,7,274,569
11,GUANAJUATO,15,CELAYA,44,VILLAGRAN,2923,C02,86,11,18,6,0,2,93,3,61,0,0,280,5,285,568
11,GUANAJUATO,15,CELAYA,44,VILLAGRAN,2924,B,157,19,5,4,1,16,247,3,4,0,0,456,5,461,694
11,GUANAJUATO,15,CELAYA,44,VILLAGRAN,2924,C01,143,25,8,12,0,17,200,3,6,0,0,414,3,417,694
11,GUANAJUATO,15,CELAYA,44,VILLAGRAN,2925,B,81,12,81,10,1,24,102,15,25,0,1,352,4,356,659
11,GUANAJUATO,15,CELAYA,44,VILLAGRAN,2925,C01,94,30,79,13,3,13,99,7,15,0,0,353,1,354,658
11,GUANAJUATO,15,CELAYA,44,VILLAGRAN,2926,B,68,10,22,29,1,5,53,3,6,0,0,197,5,202,523
11,GUANAJUATO,15,CELAYA,44,VILLAGRAN,2926,C01,50,15,22,29,2,7,53,5,1,0,0,184,10,194,523
11,GUANAJUATO,15,CELAYA,44,VILLAGRAN,2927,B,134,12,15,24,0,10,153,2,17,0,0,367,6,373,646
11,GUANAJUATO,15,CELAYA,44,VILLAGRAN,2927,C01,143,19,15,38,1,11,136,4,17,0,0,384,2,386,646
11,GUANAJUATO,15,CELAYA,44,VILLAGRAN,2927,C02,127,17,9,39,0,12,136,2,12,0,0,354,9,363,645
11,GUANAJUATO,15,CELAYA,44,VILLAGRAN,2928,B,72,44,22,12,0,8,47,4,17,0,0,226,6,232,468
11,GUANAJUATO,15,CELAYA,44,VILLAGRAN,2928,C01,89,39,26,6,4,4,37,4,13,0,0,222,11,233,467
11,GUANAJUATO,15,CELAYA,44,VILLAGRAN,2929,B,135,15,24,25,0,12,126,3,25,0,0,365,5,370,675
11,GUANAJUATO,15,CELAYA,44,VILLAGRAN,2929,C01,151,8,22,15,1,17,129,1,12,0,0,356,12,368,675
11,GUANAJUATO,15,CELAYA,44,VILLAGRAN,2929,C02,139,23,30,35,2,8,156,4,16,0,0,413,8,421,675
11,GUANAJUATO,15,CELAYA,44,VILLAGRAN,2929,C03,138,16,23,22,0,10,152,5,16,0,0,382,4,386,674
11,GUANAJUATO,15,CELAYA,44,VILLAGRAN,2930,B,145,37,11,16,1,5,53,1,24,0,0,293,5,298,590
11,GUANAJUATO,15,CELAYA,44,VILLAGRAN,2930,C01,155,38,15,13,0,2,57,3,16,0,0,299,4,303,589
11,GUANAJUATO,15,CELAYA,44,VILLAGRAN,2931,B,97,43,18,4,1,0,51,2,15,0,0,231,1,232,432
11,GUANAJUATO,15,CELAYA,44,VILLAGRAN,2931,C01,86,32,17,4,1,3,41,4,14,0,0,202,7,209,431
11,GUANAJUATO,15,CELAYA,44,VILLAGRAN,2932,B,96,48,13,10,1,6,54,7,14,0,0,249,6,255,606
11,GUANAJUATO,15,CELAYA,44,VILLAGRAN,2932,C01,96,44,10,14,2,8,46,14,15,0,0,249,8,257,605
11,GUANAJUATO,15,CELAYA,44,VILLAGRAN,2933,B,91,25,13,14,1,6,118,5,6,0,0,279,7,286,596
11,GUANAJUATO,15,CELAYA,44,VILLAGRAN,2933,C01,78,8,15,13,2,10,121,3,11,0,0,261,6,267,596
11,GUANAJUATO,2,SAN LUIS DE LA PAZ,45,XICHU,2934,B,150,117,0,21,0,0,0,0,0,0,0,288,12,300,406
11,GUANAJUATO,2,SAN LUIS DE LA PAZ,45,XICHU,2935,B,232,150,0,32,0,0,0,0,0,0,0,414,7,421,564
11,GUANAJUATO,2,SAN LUIS DE LA PAZ,45,XICHU,2935,C01,203,134,0,39,0,0,0,0,0,0,0,376,13,389,563
11,GUANAJUATO,2,SAN LUIS DE LA PAZ,45,XICHU,2935,E01,145,109,0,28,0,0,0,0,0,0,0,282,6,288,371
11,GUANAJUATO,2,SAN LUIS DE LA PAZ,45,XICHU,2936,B,140,74,0,11,0,0,0,0,0,0,0,225,3,228,316
11,GUANAJUATO,2,SAN LUIS DE LA PAZ,45,XICHU,2937,B,98,36,0,9,0,0,0,0,0,0,0,143,3,146,230
11,GUANAJUATO,2,SAN LUIS DE LA PAZ,45,XICHU,2937,E01,67,60,0,2,0,0,0,0,0,0,0,129,3,132,202
11,GUANAJUATO,2,SAN LUIS DE LA PAZ,45,XICHU,2938,B,136,89,0,2,0,0,0,0,0,0,0,227,3,230,298
11,GUANAJUATO,2,SAN LUIS DE LA PAZ,45,XICHU,2938,E01,33,26,0,4,0,0,0,0,0,0,0,63,1,64,86
11,GUANAJUATO,2,SAN LUIS DE LA PAZ,45,XICHU,2939,B,145,87,0,10,0,0,0,0,0,0,0,242,5,247,335
11,GUANAJUATO,2,SAN LUIS DE LA PAZ,45,XICHU,2940,B,266,159,0,6,0,0,0,0,0,0,0,431,5,436,603
11,GUANAJUATO,2,SAN LUIS DE LA PAZ,45,XICHU,2940,E01,176,117,0,1,0,0,0,0,0,0,0,294,0,294,418
11,GUANAJUATO,2,SAN LUIS DE LA PAZ,45,XICHU,2941,B,116,141,0,10,0,0,0,0,0,0,0,267,7,274,370
11,GUANAJUATO,2,SAN LUIS DE LA PAZ,45,XICHU,2942,B,135,86,0,3,0,0,0,0,0,0,0,224,2,226,323
11,GUANAJUATO,2,SAN LUIS DE LA PAZ,45,XICHU,2942,E01,204,100,0,5,0,0,0,0,0,0,0,309,4,313,523
11,GUANAJUATO,2,SAN LUIS DE LA PAZ,45,XICHU,2943,B,156,104,0,5,0,0,0,0,0,0,0,265,10,275,359
11,GUANAJUATO,2,SAN LUIS DE LA PAZ,45,XICHU,2943,E01,161,73,0,12,0,0,0,0,0,0,1,247,7,254,375
11,GUANAJUATO,2,SAN LUIS DE LA PAZ,45,XICHU,2944,B,257,145,0,13,0,0,0,0,0,0,0,415,11,426,636
11,GUANAJUATO,2,SAN LUIS DE LA PAZ,45,XICHU,2945,B,134,94,0,3,0,0,0,0,0,0,0,231,7,238,309
11,GUANAJUATO,2,SAN LUIS DE LA PAZ,45,XICHU,2945,E01,61,52,0,4,0,0,0,0,0,0,0,117,3,120,138
11,GUANAJUATO,2,SAN LUIS DE LA PAZ,45,XICHU,2946,B,174,93,0,2,0,0,0,0,0,0,0,269,6,275,418
11,GUANAJUATO,2,SAN LUIS DE LA PAZ,45,XICHU,2948,B,136,90,0,14,0,0,0,0,0,0,0,240,5,245,338
11,GUANAJUATO,20,YURIRIA,46,YURIRIA,2949,B,54,57,4,139,0,0,18,23,131,0,0,426,9,435,670
11,GUANAJUATO,20,YURIRIA,46,YURIRIA,2949,C01,55,53,12,135,0,0,10,21,110,0,0,396,9,405,669
11,GUANAJUATO,20,YURIRIA,46,YURIRIA,2949,C02,68,29,4,178,0,0,9,13,94,0,0,395,20,415,669
11,GUANAJUATO,20,YURIRIA,46,YURIRIA,2950,B,63,53,5,73,0,0,10,14,75,0,0,293,5,298,472
11,GUANAJUATO,20,YURIRIA,46,YURIRIA,2950,C01,67,62,1,64,0,0,8,17,58,0,0,277,6,283,471
11,GUANAJUATO,20,YURIRIA,46,YURIRIA,2951,B,82,41,0,74,0,0,23,28,65,0,1,314,8,322,454
11,GUANAJUATO,20,YURIRIA,46,YURIRIA,2951,C01,70,46,1,85,0,0,8,22,65,0,0,297,8,305,453
11,GUANAJUATO,20,YURIRIA,46,YURIRIA,2952,B,45,25,5,102,0,0,17,24,72,0,0,290,5,295,468
11,GUANAJUATO,20,YURIRIA,46,YURIRIA,2952,C01,46,23,5,124,0,0,6,0,66,0,0,270,8,278,468
11,GUANAJUATO,20,YURIRIA,46,YURIRIA,2953,B,58,62,5,109,0,0,13,16,90,0,0,353,7,360,605
11,GUANAJUATO,20,YURIRIA,46,YURIRIA,2954,B,67,56,5,101,0,0,0,0,88,0,0,317,0,317,520
11,GUANAJUATO,20,YURIRIA,46,YURIRIA,2954,C01,65,53,2,75,0,0,13,19,81,0,1,309,11,320,519
11,GUANAJUATO,20,YURIRIA,46,YURIRIA,2955,B,64,40,3,106,0,0,5,27,82,0,0,327,8,335,550
11,GUANAJUATO,20,YURIRIA,46,YURIRIA,2955,C01,84,38,2,80,0,0,13,12,109,0,0,338,9,347,549
11,GUANAJUATO,20,YURIRIA,46,YURIRIA,2955,S01,19,15,0,23,0,0,5,3,17,0,0,82,6,88,0
11,GUANAJUATO,20,YURIRIA,46,YURIRIA,2956,B,73,51,12,104,0,0,9,21,152,0,0,422,6,428,672
11,GUANAJUATO,20,YURIRIA,46,YURIRIA,2956,C01,80,39,2,112,0,0,9,24,142,0,0,408,10,418,671
11,GUANAJUATO,20,YURIRIA,46,YURIRIA,2957,B,115,36,5,107,0,0,20,43,116,0,0,442,13,455,700
11,GUANAJUATO,20,YURIRIA,46,YURIRIA,2958,B,86,33,6,108,0,0,10,32,106,0,0,381,7,388,654
11,GUANAJUATO,20,YURIRIA,46,YURIRIA,2958,C01,62,53,3,99,0,0,9,35,107,0,0,368,13,381,653
11,GUANAJUATO,20,YURIRIA,46,YURIRIA,2959,B,56,40,20,143,0,0,14,40,127,0,0,440,9,449,741
11,GUANAJUATO,20,YURIRIA,46,YURIRIA,2959,C01,65,58,8,100,0,0,13,28,131,0,0,403,12,415,741
11,GUANAJUATO,20,YURIRIA,46,YURIRIA,2959,C02,67,46,8,165,0,0,18,28,138,0,0,470,0,470,740
11,GUANAJUATO,20,YURIRIA,46,YURIRIA,2959,C03,72,36,8,143,0,0,12,25,132,0,0,428,7,435,740
11,GUANAJUATO,20,YURIRIA,46,YURIRIA,2959,C04,65,35,5,134,0,0,13,30,131,0,0,413,14,427,740
11,GUANAJUATO,20,YURIRIA,46,YURIRIA,2960,B,68,40,6,180,0,0,6,23,123,0,0,446,16,462,742
11,GUANAJUATO,20,YURIRIA,46,YURIRIA,2960,C01,61,47,4,147,0,0,6,21,132,0,0,418,0,418,742
11,GUANAJUATO,20,YURIRIA,46,YURIRIA,2961,B,52,47,7,120,0,0,9,16,80,0,0,331,5,336,527
11,GUANAJUATO,20,YURIRIA,46,YURIRIA,2961,C01,59,41,7,116,0,0,6,26,82,0,0,337,7,344,527
11,GUANAJUATO,20,YURIRIA,46,YURIRIA,2962,B,36,47,8,139,0,0,11,11,110,0,0,362,9,371,607
11,GUANAJUATO,20,YURIRIA,46,YURIRIA,2962,C01,41,63,3,125,0,0,9,11,108,0,0,360,6,366,607
11,GUANAJUATO,20,YURIRIA,46,YURIRIA,2962,C02,46,48,6,137,0,0,8,17,108,0,0,370,13,383,606
11,GUANAJUATO,20,YURIRIA,46,YURIRIA,2963,B,71,36,6,191,0,0,6,19,103,0,0,432,10,442,696
11,GUANAJUATO,20,YURIRIA,46,YURIRIA,2963,C01,84,35,3,196,0,0,5,22,97,0,0,442,16,458,696
11,GUANAJUATO,20,YURIRIA,46,YURIRIA,2964,B,162,62,10,112,0,0,19,8,44,0,0,417,13,430,725
11,GUANAJUATO,20,YURIRIA,46,YURIRIA,2964,C01,192,31,1,105,0,0,11,2,53,0,0,395,10,405,725
11,GUANAJUATO,20,YURIRIA,46,YURIRIA,2965,B,159,20,2,207,0,0,4,1,21,0,0,414,4,418,655
11,GUANAJUATO,20,YURIRIA,46,YURIRIA,2965,C01,164,9,2,200,0,0,4,1,29,0,0,409,5,414,654
11,GUANAJUATO,20,YURIRIA,46,YURIRIA,2966,B,46,23,0,160,0,0,5,3,22,0,0,259,2,261,514
11,GUANAJUATO,20,YURIRIA,46,YURIRIA,2966,C01,57,27,2,137,0,0,7,3,29,0,0,262,12,274,514
11,GUANAJUATO,20,YURIRIA,46,YURIRIA,2967,B,26,28,1,52,0,0,13,1,24,0,2,147,6,153,381
11,GUANAJUATO,20,YURIRIA,46,YURIRIA,2967,C01,22,29,0,63,0,0,12,1,25,0,0,152,11,163,381
11,GUANAJUATO,20,YURIRIA,46,YURIRIA,2968,B,51,25,3,196,0,0,4,1,15,0,0,295,8,303,707
11,GUANAJUATO,20,YURIRIA,46,YURIRIA,2969,B,69,25,1,111,0,0,6,4,18,0,0,234,7,241,527
11,GUANAJUATO,20,YURIRIA,46,YURIRIA,2969,C01,62,19,1,84,0,0,4,7,9,0,0,186,8,194,526
11,GUANAJUATO,20,YURIRIA,46,YURIRIA,2970,B,49,18,2,218,0,0,5,2,30,0,0,324,18,342,661
11,GUANAJUATO,20,YURIRIA,46,YURIRIA,2971,B,12,54,3,85,0,0,3,8,70,0,0,235,0,235,426
11,GUANAJUATO,20,YURIRIA,46,YURIRIA,2971,C01,26,41,0,97,0,0,4,3,45,0,0,216,13,229,425
11,GUANAJUATO,20,YURIRIA,46,YURIRIA,2972,B,30,84,5,85,0,0,38,6,45,0,0,293,10,303,723
11,GUANAJUATO,20,YURIRIA,46,YURIRIA,2973,B,18,10,2,98,0,0,4,0,28,0,0,160,10,170,381
11,GUANAJUATO,20,YURIRIA,46,YURIRIA,2973,C01,20,15,2,119,0,0,5,1,34,0,0,196,6,202,380
11,GUANAJUATO,20,YURIRIA,46,YURIRIA,2974,B,182,41,5,58,0,0,6,1,23,0,0,316,5,321,729
11,GUANAJUATO,20,YURIRIA,46,YURIRIA,2975,B,27,76,5,118,0,0,5,15,97,0,0,343,9,352,601
11,GUANAJUATO,20,YURIRIA,46,YURIRIA,2975,C01,25,56,1,87,0,0,4,17,154,0,0,344,13,357,600
11,GUANAJUATO,20,YURIRIA,46,YURIRIA,2976,B,70,46,0,23,0,0,7,17,39,0,0,202,8,210,464
11,GUANAJUATO,20,YURIRIA,46,YURIRIA,2977,B,74,47,1,51,0,0,3,35,96,0,0,307,9,316,569
11,GUANAJUATO,20,YURIRIA,46,YURIRIA,2978,B,77,62,2,62,0,0,3,17,63,0,0,286,11,297,601
11,GUANAJUATO,20,YURIRIA,46,YURIRIA,2979,B,75,63,4,68,0,0,2,14,85,0,0,311,0,311,702
11,GUANAJUATO,20,YURIRIA,46,YURIRIA,2980,B,66,59,2,20,0,0,3,4,37,0,0,191,6,197,492
11,GUANAJUATO,20,YURIRIA,46,YURIRIA,2980,C01,63,52,0,16,0,0,0,8,48,0,0,187,8,195,492
11,GUANAJUATO,20,YURIRIA,46,YURIRIA,2981,B,44,47,0,62,0,0,14,5,47,0,0,219,3,222,381
11,GUANAJUATO,20,YURIRIA,46,YURIRIA,2981,C01,38,51,1,47,0,0,11,0,47,0,0,195,7,202,381
11,GUANAJUATO,20,YURIRIA,46,YURIRIA,2982,B,35,55,0,116,0,0,1,5,21,0,0,233,14,247,582
11,GUANAJUATO,20,YURIRIA,46,YURIRIA,2983,B,93,12,1,186,0,0,5,0,15,0,0,312,0,312,597
11,GUANAJUATO,20,YURIRIA,46,YURIRIA,2983,C01,96,9,1,167,0,0,4,0,16,0,0,293,13,306,596
11,GUANAJUATO,20,YURIRIA,46,YURIRIA,2984,B,40,50,3,245,0,0,0,5,36,0,0,379,0,379,670
11,GUANAJUATO,20,YURIRIA,46,YURIRIA,2984,C01,32,48,5,244,0,0,2,2,35,0,0,368,19,387,669
11,GUANAJUATO,20,YURIRIA,46,YURIRIA,2984,C02,1,62,2,223,0,0,6,1,51,0,0,346,11,357,669
11,GUANAJUATO,20,YURIRIA,46,YURIRIA,2985,B,54,31,1,122,0,0,6,3,24,0,0,241,14,255,555
11,GUANAJUATO,20,YURIRIA,46,YURIRIA,2986,B,96,50,2,27,0,0,3,1,35,0,0,214,15,229,554
11,GUANAJUATO,20,YURIRIA,46,YURIRIA,2986,C01,71,35,3,17,0,0,5,1,30,0,0,162,5,167,553
11,GUANAJUATO,20,YURIRIA,46,YURIRIA,2987,B,22,36,1,73,0,0,4,1,39,0,0,176,4,180,479
11,GUANAJUATO,20,YURIRIA,46,YURIRIA,2987,C01,31,49,3,109,0,0,9,0,21,0,0,222,5,227,479
11,GUANAJUATO,20,YURIRIA,46,YURIRIA,2988,B,16,69,2,17,0,0,4,2,96,0,0,206,8,214,443
11,GUANAJUATO,20,YURIRIA,46,YURIRIA,2989,B,28,17,0,38,0,0,4,4,23,0,0,114,13,127,298
11,GUANAJUATO,20,YURIRIA,46,YURIRIA,2990,B,7,29,0,104,0,0,1,1,20,0,0,162,6,168,448
11,GUANAJUATO,20,YURIRIA,46,YURIRIA,2990,C01,15,36,0,124,0,0,1,0,28,0,0,204,8,212,447
11,GUANAJUATO,20,YURIRIA,46,YURIRIA,2991,B,49,39,1,51,0,0,8,0,34,0,0,182,9,191,453
11,GUANAJUATO,20,YURIRIA,46,YURIRIA,2991,C01,56,33,3,55,0,0,9,0,27,0,0,183,17,200,452
11,GUANAJUATO,20,YURIRIA,46,YURIRIA,2992,B,130,30,0,39,0,0,5,0,22,0,0,226,5,231,634
11,GUANAJUATO,20,YURIRIA,46,YURIRIA,2992,C01,134,32,1,61,0,0,9,1,17,0,0,255,10,265,633
11,GUANAJUATO,20,YURIRIA,46,YURIRIA,2993,B,89,33,1,48,0,0,8,0,19,0,0,198,6,204,537
11,GUANAJUATO,20,YURIRIA,46,YURIRIA,2993,C01,83,24,5,35,0,0,3,0,24,0,0,174,6,180,537
11,GUANAJUATO,20,YURIRIA,46,YURIRIA,2993,C02,92,35,1,44,0,0,2,0,15,0,0,189,8,197,536
11,GUANAJUATO,20,YURIRIA,46,YURIRIA,2994,B,56,157,1,56,0,0,5,1,10,0,0,286,5,291,682
11,GUANAJUATO,20,YURIRIA,46,YURIRIA,2994,C01,59,194,1,51,0,0,2,2,13,0,0,322,6,328,681
11,GUANAJUATO,20,YURIRIA,46,YURIRIA,2995,B,96,76,1,52,0,0,7,0,76,0,0,308,9,317,708
11,GUANAJUATO,20,YURIRIA,46,YURIRIA,2996,B,76,36,0,79,0,0,4,4,9,0,0,208,5,213,461
11,GUANAJUATO,20,YURIRIA,46,YURIRIA,2996,C01,63,51,3,74,0,0,3,0,7,0,0,201,7,208,461
11,GUANAJUATO,20,YURIRIA,46,YURIRIA,2997,B,60,94,0,32,0,0,1,3,14,0,0,204,0,204,510
11,GUANAJUATO,20,YURIRIA,46,YURIRIA,2997,C01,69,82,0,34,0,0,0,0,12,0,0,197,12,209,509
11,GUANAJUATO,20,YURIRIA,46,YURIRIA,2997,C02,86,95,1,36,0,0,2,0,20,0,0,240,9,249,509
11,GUANAJUATO,20,YURIRIA,46,YURIRIA,2998,B,114,71,0,83,0,0,11,5,84,0,0,368,17,385,729
11,GUANAJUATO,20,YURIRIA,46,YURIRIA,2998,C01,113,61,3,67,0,0,14,5,81,0,0,344,11,355,729
11,GUANAJUATO,20,YURIRIA,46,YURIRIA,2999,B,94,51,4,53,0,0,14,3,72,0,0,291,17,308,626
11,GUANAJUATO,20,YURIRIA,46,YURIRIA,2999,C01,111,37,2,77,0,0,19,1,60,0,0,307,4,311,626
11,GUANAJUATO,20,YURIRIA,46,YURIRIA,3000,B,64,37,1,67,0,0,26,0,41,0,0,236,9,245,513
11,GUANAJUATO,20,YURIRIA,46,YURIRIA,3000,C01,80,27,1,57,0,0,14,2,32,0,0,213,7,220,512
11,GUANAJUATO,20,YURIRIA,46,YURIRIA,3000,C02,70,37,2,55,0,0,13,2,39,0,0,218,0,218,512
11,GUANAJUATO,20,YURIRIA,46,YURIRIA,3001,B,76,32,0,78,0,0,8,1,35,0,1,231,4,235,553
11,GUANAJUATO,20,YURIRIA,46,YURIRIA,3001,C01,62,34,0,79,0,0,21,5,44,0,0,245,12,257,553
11,GUANAJUATO,20,YURIRIA,46,YURIRIA,3001,C02,74,49,1,58,0,0,27,1,41,0,0,251,17,268,552
11,GUANAJUATO,20,YURIRIA,46,YURIRIA,3002,B,36,31,1,59,0,0,6,2,23,0,0,158,14,172,439
11,GUANAJUATO,20,YURIRIA,46,YURIRIA,3002,C01,20,65,0,62,0,0,3,1,24,0,0,175,7,182,439
11,GUANAJUATO,20,YURIRIA,46,YURIRIA,3003,B,65,21,2,49,0,0,2,1,52,0,0,192,12,204,426
11,GUANAJUATO,20,YURIRIA,46,YURIRIA,3003,C01,36,34,1,54,0,0,8,3,40,0,0,176,9,185,426
11,GUANAJUATO,20,YURIRIA,46,YURIRIA,3004,B,85,67,6,35,0,0,15,3,17,0,0,228,22,250,736
11,GUANAJUATO,20,YURIRIA,46,YURIRIA,3005,B,45,39,1,98,0,0,4,2,14,0,0,203,12,215,415
11,GUANAJUATO,20,YURIRIA,46,YURIRIA,3005,C01,59,45,6,73,0,0,5,1,16,0,0,205,0,205,414
11,GUANAJUATO,5,LEON,20,LEàN,3006,B,167,57,1,23,1,5,7,6,4,8,1,282,5,287,687
11,GUANAJUATO,5,LEON,20,LEàN,3006,C01,140,59,1,17,4,2,2,14,3,3,0,247,11,258,686
11,GUANAJUATO,5,LEON,20,LEàN,3007,B,192,45,0,10,3,16,14,9,16,13,1,322,13,335,623
11,GUANAJUATO,5,LEON,20,LEàN,3007,C01,182,53,3,6,3,17,10,7,3,18,0,303,7,310,622
11,GUANAJUATO,5,LEON,20,LEàN,3008,B,85,23,2,22,1,7,3,4,2,5,0,157,0,157,445
11,GUANAJUATO,5,LEON,20,LEàN,3008,C01,94,27,2,18,1,2,5,5,3,4,0,164,1,165,445
11,GUANAJUATO,5,LEON,20,LEàN,3009,B,128,36,1,12,0,12,5,4,7,4,1,212,4,216,553
11,GUANAJUATO,5,LEON,20,LEàN,3009,C01,142,30,3,13,2,4,4,3,5,8,0,216,1,217,553
11,GUANAJUATO,5,LEON,20,LEàN,3010,B,149,50,3,8,1,11,4,3,5,15,1,252,3,255,555
11,GUANAJUATO,5,LEON,20,LEàN,3010,C01,148,42,1,10,3,11,6,4,10,11,0,247,7,254,555
11,GUANAJUATO,5,LEON,20,LEàN,3011,B,116,60,4,27,0,8,3,7,1,8,0,237,14,251,618
11,GUANAJUATO,5,LEON,20,LEàN,3011,C01,144,49,1,18,2,7,4,4,3,5,0,242,4,246,618
11,GUANAJUATO,5,LEON,20,LEàN,3012,B,122,28,1,11,2,9,5,6,5,1,1,198,4,202,570
11,GUANAJUATO,5,LEON,20,LEàN,3012,C01,153,33,5,20,2,6,5,4,6,4,0,239,7,246,569
11,GUANAJUATO,5,LEON,20,LEàN,3013,B,121,42,3,19,0,5,5,4,2,10,0,213,5,218,489
11,GUANAJUATO,5,LEON,20,LEàN,3013,C01,86,27,3,15,0,6,3,9,5,7,0,163,9,172,489
11,GUANAJUATO,5,LEON,20,LEàN,3014,B,136,41,1,20,0,7,5,7,5,6,0,231,11,242,593
11,GUANAJUATO,5,LEON,20,LEàN,3014,C01,133,45,6,18,5,18,2,4,8,7,0,246,7,253,593
11,GUANAJUATO,5,LEON,20,LEàN,3015,B,190,37,5,10,1,12,12,7,9,15,2,301,8,309,686
11,GUANAJUATO,5,LEON,20,LEàN,3015,C01,141,47,5,20,3,8,9,6,4,10,0,253,12,265,686
11,GUANAJUATO,5,LEON,20,LEàN,3015,C02,204,45,4,14,3,4,9,7,6,11,0,308,6,314,686
11,GUANAJUATO,5,LEON,20,LEàN,3015,C03,188,38,1,18,1,3,10,6,7,18,0,290,11,301,685
11,GUANAJUATO,5,LEON,20,LEàN,3015,E01,96,28,2,11,0,4,8,3,1,3,0,158,2,160,530
11,GUANAJUATO,5,LEON,20,LEàN,3015,E01C01,82,24,1,17,1,7,6,7,3,0,0,150,6,156,530
11,GUANAJUATO,5,LEON,20,LEàN,3015,E01C02,87,31,2,12,2,7,6,3,3,4,0,158,5,163,529
11,GUANAJUATO,5,LEON,20,LEàN,3016,B,35,29,2,20,4,5,4,1,0,7,0,109,5,114,401
11,GUANAJUATO,5,LEON,20,LEàN,3016,C01,42,34,3,16,0,7,1,0,3,6,0,113,9,122,400
11,GUANAJUATO,5,LEON,20,LEàN,3017,B,120,46,1,10,0,8,6,5,2,7,0,207,5,212,514
11,GUANAJUATO,5,LEON,20,LEàN,3017,C01,99,43,2,21,4,11,4,11,6,9,0,210,5,215,513
11,GUANAJUATO,5,LEON,20,LEàN,3018,B,103,31,2,26,1,6,9,3,4,11,0,198,5,203,458
11,GUANAJUATO,5,LEON,20,LEàN,3018,C01,93,25,2,35,2,3,5,3,5,5,0,179,7,186,457
11,GUANAJUATO,5,LEON,20,LEàN,3019,B,105,43,2,16,1,8,9,4,4,8,0,204,6,210,580
11,GUANAJUATO,5,LEON,20,LEàN,3019,C01,114,35,2,24,0,10,4,2,2,14,0,210,6,216,580
11,GUANAJUATO,5,LEON,20,LEàN,3020,B,148,26,1,25,1,13,7,9,6,11,0,252,7,259,631
11,GUANAJUATO,5,LEON,20,LEàN,3020,C01,180,29,3,22,3,9,14,4,1,4,0,271,3,274,631
11,GUANAJUATO,5,LEON,20,LEàN,3021,B,93,35,1,21,0,8,4,2,0,7,0,171,13,184,470
11,GUANAJUATO,5,LEON,20,LEàN,3021,C01,89,32,1,15,2,8,4,2,3,6,2,164,1,165,470
11,GUANAJUATO,5,LEON,20,LEàN,3022,B,73,44,2,26,2,33,6,4,8,3,0,204,6,210,488
11,GUANAJUATO,5,LEON,20,LEàN,3022,C01,88,32,0,18,1,24,5,4,4,9,0,188,7,195,487
11,GUANAJUATO,5,LEON,20,LEàN,3023,B,79,53,0,18,0,15,2,1,1,7,0,180,1,181,491
11,GUANAJUATO,5,LEON,20,LEàN,3023,C01,58,53,0,14,0,3,1,3,6,11,0,154,5,159,491
11,GUANAJUATO,5,LEON,20,LEàN,3024,B,121,55,0,28,3,8,6,3,2,4,0,233,14,247,599
11,GUANAJUATO,5,LEON,20,LEàN,3024,C01,111,43,5,28,3,17,10,7,7,5,0,239,9,248,599
11,GUANAJUATO,5,LEON,20,LEàN,3025,B,88,39,1,20,1,6,8,5,2,2,0,174,9,183,503
11,GUANAJUATO,5,LEON,20,LEàN,3025,C01,88,30,3,18,1,7,5,3,5,5,0,167,3,170,503
11,GUANAJUATO,5,LEON,20,LEàN,3026,B,123,32,11,26,1,10,10,11,6,7,0,238,4,242,588
11,GUANAJUATO,5,LEON,20,LEàN,3026,C01,137,30,4,25,0,8,11,11,6,9,1,243,4,247,588
11,GUANAJUATO,5,LEON,20,LEàN,3027,B,139,30,1,8,1,8,9,1,1,3,3,205,5,210,555
11,GUANAJUATO,5,LEON,20,LEàN,3027,C01,133,31,4,18,1,12,7,6,4,13,1,230,7,237,555
11,GUANAJUATO,5,LEON,20,LEàN,3028,B,96,46,1,24,0,5,4,5,6,8,0,201,5,206,519
11,GUANAJUATO,5,LEON,20,LEàN,3028,C01,87,41,1,23,4,11,6,3,3,8,0,188,5,193,518
11,GUANAJUATO,5,LEON,20,LEàN,3029,B,134,30,4,16,1,7,7,4,4,11,0,221,7,228,591
11,GUANAJUATO,5,LEON,20,LEàN,3029,C01,126,39,5,18,1,12,7,3,3,6,7,227,7,234,590
11,GUANAJUATO,5,LEON,20,LEàN,3030,B,100,55,5,23,3,11,4,1,2,0,0,207,4,211,538
11,GUANAJUATO,5,LEON,20,LEàN,3030,C01,82,40,9,24,1,7,7,6,1,6,0,185,7,192,537
11,GUANAJUATO,4,LEON,20,LEàN,3031,B,79,40,1,10,0,5,3,1,1,9,0,149,3,152,458
11,GUANAJUATO,4,LEON,20,LEàN,3032,B,200,32,0,6,1,20,3,0,0,3,1,266,5,271,473
11,GUANAJUATO,4,LEON,20,LEàN,3033,B,97,33,1,5,2,0,2,5,1,6,0,152,7,159,487
11,GUANAJUATO,4,LEON,20,LEàN,3034,B,149,55,4,15,1,6,6,3,5,12,0,257,7,264,668
11,GUANAJUATO,4,LEON,20,LEàN,3035,B,78,46,3,11,3,2,3,5,8,13,0,182,8,190,438
11,GUANAJUATO,4,LEON,20,LEàN,3036,B,119,45,1,5,3,12,38,8,6,13,1,252,4,256,403
11,GUANAJUATO,4,LEON,20,LEàN,3037,B,159,24,2,6,1,21,3,5,2,3,0,226,14,240,359
11,GUANAJUATO,4,LEON,20,LEàN,3038,B,154,50,3,13,5,10,7,7,6,12,1,269,7,276,682
11,GUANAJUATO,4,LEON,20,LEàN,3039,B,161,51,2,13,3,8,8,10,9,16,0,281,11,292,643
11,GUANAJUATO,4,LEON,20,LEàN,3040,B,130,49,1,10,2,6,16,5,1,16,0,241,3,244,471
11,GUANAJUATO,4,LEON,20,LEàN,3041,B,125,31,0,9,1,13,9,6,6,13,1,216,9,225,374
11,GUANAJUATO,4,LEON,20,LEàN,3042,B,209,43,1,6,1,12,3,14,6,6,0,303,22,325,567
11,GUANAJUATO,4,LEON,20,LEàN,3043,B,213,31,3,7,2,29,1,5,5,3,2,301,20,321,497
11,GUANAJUATO,4,LEON,20,LEàN,3044,B,178,35,2,6,1,15,7,15,4,15,0,279,11,290,491
11,GUANAJUATO,4,LEON,20,LEàN,3045,B,218,33,4,8,3,9,4,8,4,15,0,306,7,313,556
11,GUANAJUATO,4,LEON,20,LEàN,3046,B,193,33,0,10,4,13,6,7,9,5,0,281,8,289,561
11,GUANAJUATO,4,LEON,20,LEàN,3047,B,184,52,1,3,2,14,9,10,4,8,1,289,9,298,541
11,GUANAJUATO,4,LEON,20,LEàN,3048,B,151,39,6,8,1,7,9,8,7,13,0,251,5,256,463
11,GUANAJUATO,4,LEON,20,LEàN,3049,B,147,39,3,9,3,1,6,5,7,5,0,225,0,225,525
11,GUANAJUATO,4,LEON,20,LEàN,3050,B,105,30,0,20,2,3,6,1,4,18,0,190,8,198,490
11,GUANAJUATO,4,LEON,20,LEàN,3051,B,99,32,3,13,6,11,28,13,5,12,2,224,11,235,468
11,GUANAJUATO,4,LEON,20,LEàN,3052,B,176,46,2,13,2,9,11,0,1,13,0,273,8,281,538
11,GUANAJUATO,4,LEON,20,LEàN,3053,B,168,42,5,9,1,5,8,6,2,14,0,260,8,268,538
11,GUANAJUATO,4,LEON,20,LEàN,3054,B,122,45,1,14,1,8,31,2,6,13,0,244,8,252,577
11,GUANAJUATO,4,LEON,20,LEàN,3055,B,101,30,0,21,2,7,8,5,8,7,0,191,0,191,588
11,GUANAJUATO,4,LEON,20,LEàN,3056,B,150,32,3,5,1,6,5,0,10,12,0,224,7,231,473
11,GUANAJUATO,4,LEON,20,LEàN,3057,B,127,48,1,12,2,10,4,6,10,15,0,236,10,246,557
11,GUANAJUATO,4,LEON,20,LEàN,3058,B,115,20,0,16,0,4,0,4,6,9,1,177,7,184,375
11,GUANAJUATO,4,LEON,20,LEàN,3059,B,94,44,3,18,2,5,3,3,5,9,0,189,3,192,556
11,GUANAJUATO,4,LEON,20,LEàN,3060,B,119,40,3,15,0,8,4,4,2,10,0,208,6,214,597
11,GUANAJUATO,4,LEON,20,LEàN,3061,B,115,62,1,19,1,2,6,4,6,15,0,236,6,242,613
11,GUANAJUATO,4,LEON,20,LEàN,3062,B,126,49,3,23,3,4,9,6,7,12,0,244,10,254,601
11,GUANAJUATO,4,LEON,20,LEàN,3063,B,107,27,2,8,1,4,9,6,6,2,0,175,0,175,447
11,GUANAJUATO,4,LEON,20,LEàN,3064,B,85,48,2,6,0,2,6,0,2,10,0,164,4,168,580
11,GUANAJUATO,4,LEON,20,LEàN,3065,B,122,35,1,15,2,5,15,9,8,19,0,232,14,246,594
11,GUANAJUATO,4,LEON,20,LEàN,3066,B,126,44,4,16,3,3,9,3,5,6,0,225,6,231,449
11,GUANAJUATO,4,LEON,20,LEàN,3067,B,145,46,5,12,6,11,10,7,10,4,2,258,4,262,527
11,GUANAJUATO,4,LEON,20,LEàN,3068,B,95,40,2,11,1,9,10,7,6,6,0,191,8,199,475
11,GUANAJUATO,4,LEON,20,LEàN,3069,B,247,60,1,9,7,19,20,15,10,22,0,411,15,426,657
11,GUANAJUATO,4,LEON,20,LEàN,3070,B,106,41,1,15,2,8,13,8,7,8,0,209,5,214,447
11,GUANAJUATO,4,LEON,20,LEàN,3071,B,112,61,3,16,3,1,2,1,6,5,0,217,16,233,697
11,GUANAJUATO,4,LEON,20,LEàN,3072,B,0,0,0,0,0,0,0,0,0,0,0,0,0,0,565
11,GUANAJUATO,4,LEON,20,LEàN,3073,B,119,69,9,26,0,4,10,4,4,7,0,264,8,272,738
11,GUANAJUATO,4,LEON,20,LEàN,3074,B,78,24,1,11,0,1,4,1,1,6,0,131,2,133,397
11,GUANAJUATO,4,LEON,20,LEàN,3074,C01,61,30,4,7,1,2,4,2,6,4,0,123,0,123,396
11,GUANAJUATO,4,LEON,20,LEàN,3075,B,120,53,0,8,3,0,3,1,3,5,0,207,6,213,544
11,GUANAJUATO,4,LEON,20,LEàN,3076,B,121,59,1,22,0,3,8,5,4,1,0,224,7,231,750
11,GUANAJUATO,4,LEON,20,LEàN,3077,B,164,72,7,19,2,1,2,1,8,7,0,284,7,291,734
11,GUANAJUATO,4,LEON,20,LEàN,3078,B,113,53,1,11,2,1,3,3,0,3,1,197,6,203,537
11,GUANAJUATO,4,LEON,20,LEàN,3079,B,93,33,6,6,2,5,1,7,4,2,0,162,12,174,512
11,GUANAJUATO,4,LEON,20,LEàN,3080,B,125,65,2,2,12,0,1,4,1,3,0,222,5,227,563
11,GUANAJUATO,4,LEON,20,LEàN,3081,B,135,44,3,12,3,3,6,3,4,1,0,216,8,224,670
11,GUANAJUATO,4,LEON,20,LEàN,3082,B,97,43,5,13,3,1,1,2,12,12,0,189,9,198,620
11,GUANAJUATO,4,LEON,20,LEàN,3083,B,105,45,1,15,1,0,8,2,5,6,0,188,4,192,585
11,GUANAJUATO,4,LEON,20,LEàN,3084,B,105,39,2,17,1,4,6,1,2,6,0,186,9,195,641
11,GUANAJUATO,4,LEON,20,LEàN,3085,B,85,38,4,15,3,4,1,1,2,12,0,168,3,171,576
11,GUANAJUATO,4,LEON,20,LEàN,3086,B,0,0,0,0,0,0,0,0,0,0,0,0,0,0,632
11,GUANAJUATO,4,LEON,20,LEàN,3087,B,127,25,1,8,2,4,0,6,7,9,0,190,7,197,621
11,GUANAJUATO,4,LEON,20,LEàN,3088,B,0,0,0,0,0,0,0,0,0,0,0,0,0,0,629
11,GUANAJUATO,4,LEON,20,LEàN,3089,B,113,38,1,10,1,4,4,2,5,12,0,192,2,194,659
11,GUANAJUATO,4,LEON,20,LEàN,3090,B,94,41,3,17,3,6,2,0,3,6,0,179,2,181,609
11,GUANAJUATO,4,LEON,20,LEàN,3091,B,92,53,2,15,0,5,3,4,8,12,0,197,2,199,647
11,GUANAJUATO,4,LEON,20,LEàN,3092,B,131,57,2,16,0,6,4,8,3,8,1,238,1,239,733
11,GUANAJUATO,4,LEON,20,LEàN,3093,B,101,47,0,16,1,7,2,3,4,6,0,191,7,198,710
11,GUANAJUATO,4,LEON,20,LEàN,3094,B,97,35,5,12,1,10,5,7,3,8,0,186,4,190,577
11,GUANAJUATO,4,LEON,20,LEàN,3095,B,83,42,3,18,6,5,3,5,3,9,0,177,5,182,644
11,GUANAJUATO,4,LEON,20,LEàN,3096,B,134,33,1,15,3,7,5,4,5,16,0,223,3,226,659
11,GUANAJUATO,4,LEON,20,LEàN,3097,B,88,22,0,13,1,4,6,3,4,2,0,144,2,146,477
11,GUANAJUATO,4,LEON,20,LEàN,3098,B,117,29,3,17,1,2,2,6,6,6,0,190,1,191,507
11,GUANAJUATO,4,LEON,20,LEàN,3099,B,86,63,3,18,0,0,4,1,2,7,0,185,4,189,622
11,GUANAJUATO,4,LEON,20,LEàN,3100,B,90,43,3,12,1,3,4,1,3,5,0,165,2,167,578
11,GUANAJUATO,4,LEON,20,LEàN,3101,B,81,37,1,13,2,7,3,6,7,4,0,161,5,166,480
11,GUANAJUATO,15,CELAYA,7,CELAYA,3102,B,59,36,3,11,3,18,8,11,6,3,0,158,3,161,573
11,GUANAJUATO,15,CELAYA,7,CELAYA,3102,C01,61,29,3,12,3,7,12,9,2,9,0,147,1,148,572
11,GUANAJUATO,15,CELAYA,7,CELAYA,3102,C02,58,45,4,0,9,15,0,9,2,9,0,151,0,151,572
11,GUANAJUATO,15,CELAYA,7,CELAYA,3103,B,44,39,6,10,11,13,7,14,3,11,0,160,4,164,527
11,GUANAJUATO,15,CELAYA,7,CELAYA,3103,C01,43,35,1,17,4,15,9,16,3,13,0,159,1,160,527
11,GUANAJUATO,15,CELAYA,7,CELAYA,3104,B,63,51,3,13,7,35,12,19,5,3,0,211,8,219,706
11,GUANAJUATO,15,CELAYA,7,CELAYA,3105,B,66,51,7,19,9,13,6,13,4,4,0,192,7,199,624
11,GUANAJUATO,15,CELAYA,7,CELAYA,3106,B,100,46,7,16,1,11,7,16,3,8,0,219,6,225,633
11,GUANAJUATO,15,CELAYA,7,CELAYA,3106,C01,100,56,2,9,2,16,5,22,6,10,1,229,14,243,633
11,GUANAJUATO,15,CELAYA,7,CELAYA,3107,B,94,27,3,16,6,7,12,28,8,14,0,218,6,224,723
11,GUANAJUATO,15,CELAYA,7,CELAYA,3108,B,121,61,8,15,14,15,16,15,10,13,0,290,14,304,738
11,GUANAJUATO,15,CELAYA,7,CELAYA,3108,C01,131,55,10,17,4,16,10,23,7,20,1,294,7,301,738
11,GUANAJUATO,15,CELAYA,7,CELAYA,3109,B,73,31,5,7,7,8,7,17,12,13,0,180,3,183,556
11,GUANAJUATO,15,CELAYA,7,CELAYA,3109,C01,80,33,7,13,4,16,4,18,5,13,0,194,5,199,556
11,GUANAJUATO,15,CELAYA,7,CELAYA,3110,B,103,33,6,13,7,25,10,37,9,16,0,262,10,272,678
11,GUANAJUATO,15,CELAYA,7,CELAYA,3111,B,104,52,6,15,4,12,11,20,8,14,0,248,6,254,657
11,GUANAJUATO,15,CELAYA,7,CELAYA,3111,C01,93,42,4,14,10,20,9,21,6,13,0,235,11,246,657
11,GUANAJUATO,15,CELAYA,7,CELAYA,3112,B,106,43,5,16,2,13,16,16,9,7,0,237,3,240,564
11,GUANAJUATO,15,CELAYA,7,CELAYA,3112,C01,113,42,4,9,5,23,8,22,7,10,1,246,5,251,563
11,GUANAJUATO,15,CELAYA,7,CELAYA,3113,B,66,34,8,7,4,19,8,14,5,10,0,176,8,184,423
11,GUANAJUATO,15,CELAYA,7,CELAYA,3113,C01,56,24,4,6,7,9,9,11,1,9,1,138,3,141,422
11,GUANAJUATO,15,CELAYA,7,CELAYA,3114,B,112,51,6,13,11,12,5,36,15,10,0,273,6,279,665
11,GUANAJUATO,15,CELAYA,7,CELAYA,3114,C01,110,41,8,11,12,15,8,28,9,14,0,259,8,267,664
11,GUANAJUATO,15,CELAYA,7,CELAYA,3115,B,97,49,1,13,6,18,7,33,8,10,0,244,7,251,521
11,GUANAJUATO,15,CELAYA,7,CELAYA,3115,C01,101,32,8,9,9,20,8,17,9,9,0,224,7,231,521
11,GUANAJUATO,15,CELAYA,7,CELAYA,3116,B,94,37,9,3,8,16,44,28,4,6,0,249,3,252,468
11,GUANAJUATO,15,CELAYA,7,CELAYA,3117,B,169,38,5,11,7,20,8,33,2,15,0,310,14,324,602
11,GUANAJUATO,15,CELAYA,7,CELAYA,3118,B,146,38,2,8,7,19,6,20,3,7,0,259,13,272,513
11,GUANAJUATO,15,CELAYA,7,CELAYA,3118,C01,121,37,8,6,4,11,6,20,7,6,0,228,19,247,512
11,GUANAJUATO,15,CELAYA,7,CELAYA,3119,B,119,50,2,16,4,16,7,25,10,8,0,261,10,271,645
11,GUANAJUATO,15,CELAYA,7,CELAYA,3119,C01,121,65,4,15,5,26,5,15,10,14,1,285,10,295,644
11,GUANAJUATO,15,CELAYA,7,CELAYA,3120,B,134,34,3,6,9,12,12,30,8,14,0,263,7,270,467
11,GUANAJUATO,15,CELAYA,7,CELAYA,3120,C01,128,46,3,3,12,8,7,22,8,20,0,258,5,263,466
11,GUANAJUATO,7,LEON,20,LEàN,3121,B,121,25,5,8,1,5,8,2,5,9,0,190,2,192,514
11,GUANAJUATO,7,LEON,20,LEàN,3121,C01,112,30,2,8,0,1,7,3,1,1,0,165,6,171,514
11,GUANAJUATO,7,LEON,20,LEàN,3121,C02,112,26,5,7,2,1,5,2,5,3,0,168,9,177,513
11,GUANAJUATO,7,LEON,20,LEàN,3122,B,104,26,1,7,1,1,3,2,1,8,0,156,4,160,523
11,GUANAJUATO,7,LEON,20,LEàN,3122,C01,103,31,2,16,0,6,10,6,3,4,0,182,7,189,523
11,GUANAJUATO,7,LEON,20,LEàN,3123,B,108,29,3,9,2,8,4,12,5,10,0,192,7,199,717
11,GUANAJUATO,7,LEON,20,LEàN,3123,C01,122,27,2,18,1,5,3,8,2,9,1,201,4,205,717
11,GUANAJUATO,7,LEON,20,LEàN,3124,B,132,42,2,21,1,9,7,11,7,19,4,256,6,262,576
11,GUANAJUATO,7,LEON,20,LEàN,3124,C01,149,35,5,18,3,2,8,15,3,13,0,252,8,260,575
11,GUANAJUATO,7,LEON,20,LEàN,3125,B,0,0,0,0,0,0,0,0,0,0,0,0,0,0,561
11,GUANAJUATO,7,LEON,20,LEàN,3125,C01,123,41,1,11,2,11,6,8,8,8,0,221,4,225,560
11,GUANAJUATO,7,LEON,20,LEàN,3126,B,124,32,2,24,0,4,6,3,6,16,0,220,6,226,557
11,GUANAJUATO,7,LEON,20,LEàN,3126,C01,129,37,7,8,0,3,12,4,2,2,0,210,3,213,557
11,GUANAJUATO,7,LEON,20,LEàN,3127,B,98,40,0,9,0,6,0,3,3,5,0,165,8,173,515
11,GUANAJUATO,7,LEON,20,LEàN,3127,C01,79,49,1,11,1,4,5,3,1,9,0,163,4,167,515
11,GUANAJUATO,7,LEON,20,LEàN,3127,C02,96,37,0,6,0,3,3,4,4,5,0,160,3,163,514
11,GUANAJUATO,7,LEON,20,LEàN,3128,B,149,72,4,31,3,9,4,5,4,7,0,291,8,299,733
11,GUANAJUATO,7,LEON,20,LEàN,3128,C01,156,68,1,26,5,8,7,2,7,6,0,286,10,296,732
11,GUANAJUATO,7,LEON,20,LEàN,3128,C02,129,61,4,24,2,10,8,2,7,12,0,260,11,271,732
11,GUANAJUATO,7,LEON,20,LEàN,3129,B,81,50,2,18,1,5,1,2,1,8,0,169,32,201,531
11,GUANAJUATO,7,LEON,20,LEàN,3129,C01,91,22,6,21,2,6,5,3,3,8,0,167,3,170,531
11,GUANAJUATO,7,LEON,20,LEàN,3129,C02,87,27,2,14,1,4,4,7,4,11,0,161,40,201,530
11,GUANAJUATO,7,LEON,20,LEàN,3130,B,125,35,3,14,2,3,5,9,5,7,0,209,4,213,687
11,GUANAJUATO,7,LEON,20,LEàN,3130,C01,123,42,2,21,3,6,5,5,4,10,0,222,9,231,686
11,GUANAJUATO,7,LEON,20,LEàN,3130,C02,118,38,3,21,2,10,5,16,7,5,0,225,4,229,686
11,GUANAJUATO,4,LEON,20,LEàN,3131,B,86,25,1,1,3,1,4,5,4,5,1,137,2,139,437
11,GUANAJUATO,4,LEON,20,LEàN,3131,C01,79,21,0,4,2,4,8,5,2,11,0,136,0,136,436
11,GUANAJUATO,4,LEON,20,LEàN,3132,B,105,28,3,17,0,3,4,5,5,4,0,175,3,178,428
11,GUANAJUATO,4,LEON,20,LEàN,3132,C01,98,25,3,9,0,3,3,6,3,8,0,160,2,162,428
11,GUANAJUATO,4,LEON,20,LEàN,3133,B,64,27,1,0,1,2,0,1,0,3,0,99,0,99,452
11,GUANAJUATO,4,LEON,20,LEàN,3133,C01,76,15,2,7,1,1,3,4,1,1,0,111,3,114,452
11,GUANAJUATO,4,LEON,20,LEàN,3134,B,67,37,5,10,0,1,0,3,1,6,0,131,9,140,522
11,GUANAJUATO,4,LEON,20,LEàN,3134,C01,71,32,6,5,2,6,4,1,4,8,0,141,6,147,522
11,GUANAJUATO,4,LEON,20,LEàN,3135,B,56,18,1,4,1,5,5,3,2,0,0,95,1,96,514
11,GUANAJUATO,4,LEON,20,LEàN,3135,C01,54,16,1,4,2,2,6,1,2,9,0,100,5,105,514
11,GUANAJUATO,4,LEON,20,LEàN,3136,B,142,33,1,17,0,7,6,7,4,13,0,230,6,236,741
11,GUANAJUATO,4,LEON,20,LEàN,3137,B,70,24,1,4,0,2,1,1,2,3,0,108,3,111,455
11,GUANAJUATO,4,LEON,20,LEàN,3137,C01,83,16,1,16,2,4,0,1,4,7,0,134,3,137,455
11,GUANAJUATO,4,LEON,20,LEàN,3138,B,72,19,1,5,0,4,6,7,2,1,0,118,3,121,376
11,GUANAJUATO,4,LEON,20,LEàN,3138,C01,61,22,2,5,2,2,5,1,2,2,0,105,1,106,375
11,GUANAJUATO,4,LEON,20,LEàN,3139,B,104,59,4,11,4,16,7,8,5,13,0,231,8,239,741
11,GUANAJUATO,4,LEON,20,LEàN,3140,B,61,14,1,7,3,6,0,7,3,5,0,108,5,113,389
11,GUANAJUATO,4,LEON,20,LEàN,3140,C01,71,18,0,5,1,5,5,3,3,7,0,122,2,124,389
11,GUANAJUATO,4,LEON,20,LEàN,3141,B,46,34,1,3,0,1,2,2,1,6,0,98,3,101,418
11,GUANAJUATO,4,LEON,20,LEàN,3141,C01,50,14,5,13,0,0,3,1,3,8,0,98,2,100,417
11,GUANAJUATO,4,LEON,20,LEàN,3142,B,68,30,1,8,0,1,3,6,1,1,0,119,7,126,405
11,GUANAJUATO,4,LEON,20,LEàN,3142,C01,60,26,0,5,2,0,1,3,1,5,0,104,7,111,404
11,GUANAJUATO,4,LEON,20,LEàN,3143,B,137,43,1,14,2,10,7,2,3,1,0,225,8,233,543
11,GUANAJUATO,4,LEON,20,LEàN,3143,C01,101,46,1,11,2,5,6,4,2,7,0,187,16,203,543
11,GUANAJUATO,4,LEON,20,LEàN,3144,B,87,52,3,14,1,5,2,4,4,5,0,181,0,181,574
11,GUANAJUATO,4,LEON,20,LEàN,3144,C01,95,51,0,5,3,4,3,0,2,7,0,173,6,179,573
11,GUANAJUATO,4,LEON,20,LEàN,3145,B,66,25,13,15,2,5,5,0,1,3,0,139,2,141,615
11,GUANAJUATO,4,LEON,20,LEàN,3145,C01,73,22,9,20,1,0,5,4,0,8,0,144,6,150,615
11,GUANAJUATO,4,LEON,20,LEàN,3146,B,83,33,1,11,0,4,3,1,2,3,0,144,2,146,487
11,GUANAJUATO,4,LEON,20,LEàN,3146,C01,62,42,2,11,1,4,5,0,2,4,0,133,5,138,488
11,GUANAJUATO,4,LEON,20,LEàN,3147,B,72,25,0,10,0,4,3,0,0,3,0,117,2,119,472
11,GUANAJUATO,4,LEON,20,LEàN,3147,C01,0,0,0,0,0,0,0,0,0,0,0,0,0,0,472
11,GUANAJUATO,4,LEON,20,LEàN,3148,B,165,33,0,3,0,5,1,5,1,1,1,215,3,218,441
11,GUANAJUATO,4,LEON,20,LEàN,3148,C01,146,39,0,9,9,8,4,0,4,7,0,226,5,231,441
11,GUANAJUATO,4,LEON,20,LEàN,3149,B,158,62,4,8,2,6,15,6,7,15,0,286,7,293,743
11,GUANAJUATO,4,LEON,20,LEàN,3150,B,0,0,0,0,0,0,0,0,0,0,0,0,0,0,389
11,GUANAJUATO,4,LEON,20,LEàN,3150,C01,67,14,2,2,1,2,2,2,6,4,0,102,2,104,389
11,GUANAJUATO,4,LEON,20,LEàN,3151,B,106,32,4,14,5,3,0,2,3,0,0,169,9,178,517
11,GUANAJUATO,4,LEON,20,LEàN,3151,C01,111,32,3,20,2,6,2,1,5,2,0,184,3,187,516
11,GUANAJUATO,4,LEON,20,LEàN,3152,B,72,15,3,5,1,6,0,1,3,7,0,114,8,122,426
11,GUANAJUATO,4,LEON,20,LEàN,3152,C01,52,22,7,0,0,7,3,1,1,2,0,95,2,97,426
11,GUANAJUATO,4,LEON,20,LEàN,3153,B,42,29,3,7,1,2,2,1,1,4,0,92,0,92,394
11,GUANAJUATO,4,LEON,20,LEàN,3153,C01,50,23,4,15,0,1,0,2,4,2,0,101,4,105,394
11,GUANAJUATO,4,LEON,20,LEàN,3154,B,39,24,0,9,0,2,0,0,3,3,0,81,2,83,419
11,GUANAJUATO,4,LEON,20,LEàN,3154,C01,44,21,1,7,1,1,2,1,3,2,1,85,2,87,419
